1.23,,,,,,,,,
,,,,,,,,,
Type,Bone Marker,Bone Marker,Bone Marker,Bone Marker,Bone Marker,Bone Marker,Bone Marker,Bone Marker,Bone Marker
Name,Sammy:LShoulderTop,Sammy:LShoulderTop,Sammy:LShoulderTop,Sammy:LElbowOut,Sammy:LElbowOut,Sammy:LElbowOut,Sammy:LWristOut,Sammy:LWristOut,Sammy:LWristOut
ID,10,10,10,12,12,12,15,15,15
,Position,Position,Position,Position,Position,Position,Position,Position,Position
Time (Seconds),X,Y,Z,X,Y,Z,X,Y,Z
0,253.995743,1414.922607,-13.442809,330.251038,1114.489746,-131.708313,362.966339,894.38385,-27.140884
0.008,253.973221,1414.862549,-13.476889,330.233856,1114.552002,-131.952118,363.110443,894.302063,-27.711988
0.017,253.998077,1414.844727,-13.395528,330.20108,1114.616089,-132.193375,363.273376,894.254089,-28.347624
0.025,254.101578,1414.796875,-13.316895,330.157043,1114.685913,-132.438309,363.421356,894.222229,-28.992519
0.033,254.06543,1414.764282,-13.314406,330.117767,1114.747681,-132.662231,363.573669,894.179321,-29.627682
0.042,254.019562,1414.682617,-13.318938,330.073669,1114.835571,-132.89679,363.732178,894.114075,-30.280077
0.05,253.988708,1414.632202,-13.426935,330.00705,1114.907104,-133.131317,363.904663,894.109619,-30.917879
0.058,254.07785,1414.62915,-13.307842,329.915131,1114.998657,-133.390747,364.017181,894.037537,-31.484076
0.067,254.072876,1414.582153,-13.262689,329.807434,1115.06189,-133.63884,364.128967,894.021179,-32.079796
0.075,254.007782,1414.55249,-13.239597,329.714172,1115.134155,-133.897202,364.160187,894.012634,-32.710335
0.083,254.083282,1414.532227,-13.124119,329.599152,1115.201416,-134.167206,364.196014,893.98175,-33.233307
0.092,253.995834,1414.488892,-13.148707,329.490387,1115.300659,-134.449799,364.169189,893.922791,-33.770298
0.1,254.036697,1414.492676,-13.059166,329.374298,1115.406128,-134.700974,364.194763,893.92572,-34.299011
0.108,254.022415,1414.490845,-12.98068,329.279663,1115.508789,-134.944412,364.180664,893.91156,-34.708981
0.117,254.090302,1414.51062,-12.869368,329.157745,1115.652588,-135.202911,364.189789,893.92749,-35.130104
0.125,254.006531,1414.49585,-12.831788,329.076294,1115.757324,-135.423248,364.207458,893.981934,-35.563244
0.133,253.974228,1414.481445,-12.789126,328.982117,1115.84082,-135.597916,364.195465,894.033752,-35.931011
0.142,253.981384,1414.518555,-12.702962,328.902893,1115.977661,-135.76683,364.18396,894.083252,-36.227745
0.15,254.022476,1414.556641,-12.533324,328.830811,1116.105225,-135.923615,364.151276,894.154846,-36.518841
0.158,253.991898,1414.589355,-12.313792,328.777283,1116.245483,-136.070267,364.153503,894.206421,-36.754539
0.167,253.938049,1414.601929,-12.130756,328.719452,1116.371338,-136.18338,364.16684,894.297668,-36.960197
0.175,254.042862,1414.617188,-11.791134,328.693939,1116.496948,-136.254868,364.190002,894.388794,-37.126766
0.183,253.90538,1414.624756,-11.569983,328.676483,1116.633789,-136.300064,364.234924,894.491699,-37.260868
0.192,253.93927,1414.613647,-11.169782,328.667084,1116.766968,-136.321365,364.277618,894.587891,-37.376308
0.2,253.899094,1414.644531,-10.836457,328.691772,1116.916382,-136.318527,364.358246,894.695557,-37.443897
0.208,253.840714,1414.628662,-10.542965,328.737244,1117.058472,-136.296326,364.398682,894.791931,-37.500309
0.217,253.845749,1414.625732,-10.068031,328.785309,1117.215454,-136.2229,364.443756,894.885681,-37.533005
0.225,253.739243,1414.581787,-9.663399,328.821289,1117.395752,-136.165726,364.495331,894.978455,-37.587227
0.233,253.834717,1414.610596,-8.997561,328.842957,1117.592041,-136.045288,364.542664,895.085022,-37.621284
0.242,253.756104,1414.618286,-8.282584,328.879944,1117.801392,-135.944962,364.58078,895.192078,-37.657921
0.25,253.840393,1414.565063,-7.687532,328.90329,1117.993774,-135.815613,364.619263,895.284058,-37.69405
0.258,253.963562,1414.588745,-6.83693,328.926453,1118.187012,-135.693619,364.67569,895.400452,-37.753414
0.267,253.705765,1414.522705,-6.205479,328.937042,1118.411499,-135.559143,364.706268,895.521484,-37.807178
0.275,253.772079,1414.479248,-5.292501,328.966461,1118.64209,-135.409744,364.719971,895.62439,-37.852936
0.283,253.776047,1414.509277,-4.366235,329.042816,1118.890137,-135.207016,364.709564,895.728577,-37.915794
0.292,253.648666,1414.380371,-3.463739,329.049316,1119.172974,-135.020462,364.68988,895.843689,-37.986382
0.3,253.72052,1414.334106,-2.411223,329.10199,1119.469849,-134.81456,364.62381,895.957336,-38.074223
0.308,253.630127,1414.196777,-1.303576,329.154388,1119.790161,-134.56926,364.576385,896.063477,-38.158829
0.317,253.533936,1414.105713,-0.310739,329.189087,1120.070435,-134.306244,364.538452,896.164612,-38.245247
0.325,253.478821,1413.963379,1.017211,329.255768,1120.377319,-133.997574,364.48999,896.263489,-38.311314
0.333,253.412781,1413.852417,2.187635,329.360657,1120.650879,-133.666809,364.44516,896.371033,-38.362312
0.342,253.662415,1413.693237,3.710348,329.489716,1120.985962,-133.373932,364.395874,896.450256,-38.407799
0.35,253.703506,1413.572632,5.140217,329.662659,1121.278442,-132.993301,364.368408,896.549988,-38.456802
0.358,253.410217,1413.291504,6.412159,329.793915,1121.593994,-132.636002,364.332794,896.647278,-38.477497
0.367,253.456268,1413.128052,8.059285,329.970764,1121.964233,-132.253189,364.318115,896.757629,-38.46434
0.375,253.371384,1412.867554,9.761847,330.093109,1122.368652,-131.836288,364.30365,896.891846,-38.40033
0.383,253.318314,1412.710571,11.413608,330.256165,1122.768188,-131.38356,364.295227,897.007324,-38.332249
0.392,253.330292,1412.460815,13.106211,330.496338,1123.193481,-130.918808,364.291656,897.10791,-38.21566
0.4,253.380264,1412.199097,14.926432,330.768616,1123.550659,-130.393234,364.299133,897.206299,-38.080521
0.408,253.197723,1411.677002,16.739744,331.050232,1123.901001,-129.782074,364.332489,897.290405,-37.876873
0.417,253.049133,1411.259277,18.690214,331.404602,1124.306152,-129.2043,364.355103,897.356262,-37.625343
0.425,252.932068,1410.891357,20.708487,331.751495,1124.665649,-128.594452,364.435242,897.469543,-37.304039
0.433,252.723602,1410.081787,22.805662,332.140564,1124.980957,-127.87326,364.505371,897.543701,-37.016113
0.442,252.611435,1409.555664,24.791836,332.588959,1125.317017,-127.146347,364.608704,897.65918,-36.636875
0.45,252.606415,1409.1427,26.688005,333.07254,1125.693115,-126.317886,364.676788,897.717712,-36.163319
0.458,252.458389,1408.781372,28.362026,333.545929,1126.085449,-125.520348,364.746033,897.734253,-35.644146
0.467,252.408295,1408.176025,30.429224,334.090332,1126.402466,-124.527168,364.852692,897.773804,-35.073711
0.475,252.485001,1407.666504,32.803303,334.587708,1126.631714,-123.569618,365.011841,897.780823,-34.328522
0.483,252.461166,1407.081177,34.947525,335.170013,1126.857056,-122.559097,365.214752,897.72583,-33.501659
0.492,252.635635,1406.372192,37.461525,335.800415,1127.000977,-121.351662,365.402863,897.642578,-32.576149
0.5,252.788727,1405.63208,39.750549,336.362854,1127.088867,-120.226357,365.608521,897.510498,-31.686705
0.508,252.728378,1404.93042,41.934818,337.070343,1127.157593,-119.009659,365.825012,897.318237,-30.642565
0.517,252.810715,1403.943115,44.536747,337.74646,1127.175049,-117.706886,366.036163,897.093628,-29.541439
0.525,252.812592,1403.014404,46.889065,338.351318,1127.022095,-116.318115,366.307007,896.814575,-28.323103
0.533,252.785416,1401.9375,49.468632,339.054443,1126.857178,-114.898155,366.561768,896.513611,-27.065449
0.542,252.795303,1400.97522,52.025768,339.73941,1126.655396,-113.35952,366.805786,896.093628,-25.749924
0.55,252.729889,1399.854004,54.509933,340.394135,1126.305664,-111.7612,367.16983,895.616333,-24.240448
0.558,252.701462,1398.7229,57.090443,341.078217,1125.952515,-110.064011,367.401428,895.089661,-22.735785
0.567,252.5914,1397.542847,59.817341,341.70871,1125.489624,-108.275566,367.736786,894.515259,-21.187582
0.575,252.552155,1396.422607,62.479603,342.35614,1124.993042,-106.411148,368.132538,893.866089,-19.395649
0.583,252.480927,1395.109009,65.091721,342.950043,1124.443115,-104.552544,368.4151,893.222778,-17.741968
0.592,252.335434,1393.953125,67.803268,343.547485,1123.79126,-102.51899,368.879608,892.518127,-15.788739
0.6,252.142487,1392.634155,70.492096,344.078247,1123.093384,-100.505669,369.206512,891.711975,-13.972761
0.608,251.983459,1391.365356,73.250244,344.67337,1122.290894,-98.378799,369.590698,890.849365,-12.03084
0.617,251.869888,1390.051636,75.994659,345.438171,1121.583374,-96.445244,369.966919,890.014771,-9.874829
0.625,251.70842,1388.416748,78.620987,345.889679,1120.593628,-94.125565,370.329254,889.033264,-7.780858
0.633,251.480011,1386.957031,81.294006,346.416016,1119.668579,-91.811623,370.751404,888.013672,-5.553406
0.642,251.271896,1385.481079,83.932899,346.826141,1118.574219,-89.506226,371.068054,886.883606,-3.310879
0.65,250.952271,1383.799072,86.677391,347.402496,1117.351318,-86.964874,371.452362,885.631592,-0.879281
0.658,250.656479,1382.209351,89.406639,347.77655,1116.115845,-84.600182,371.910339,884.385986,1.537994
0.667,250.387512,1380.476074,92.00988,348.272675,1114.776123,-82.001122,372.320343,883.036682,4.062089
0.675,249.996994,1378.686523,94.620323,348.769623,1113.281494,-79.369995,372.810547,881.672241,6.808466
0.683,249.604218,1376.883667,97.397957,349.128998,1111.704834,-76.715431,373.145538,880.119934,9.501655
0.692,249.253067,1375.067749,100.039032,349.635315,1110.024414,-73.848862,373.620331,878.521667,12.465951
0.7,248.734756,1372.906006,102.64933,350.211487,1108.244629,-70.985741,374.100586,876.835571,15.386738
0.708,248.364075,1370.90625,105.409485,350.709259,1106.379639,-68.109444,374.586945,875.07373,18.389111
0.717,247.889648,1368.818604,108.098839,351.149841,1104.351196,-65.0998,375.025269,873.148926,21.537626
0.725,247.43927,1366.641724,110.539474,351.67511,1102.350342,-62.048389,375.419525,871.240845,24.806961
0.733,247.184113,1364.621338,112.757263,352.118591,1100.171387,-58.881493,375.872253,869.276794,28.013815
0.742,246.732971,1362.459717,115.259239,352.469879,1098.019775,-55.826569,376.478821,867.222839,31.356253
0.75,246.118912,1360.115356,117.640045,352.872559,1095.676758,-52.607166,376.88324,865.078003,34.800449
0.758,245.667313,1357.959229,120.275757,353.270355,1093.424194,-49.293804,377.150085,862.887817,38.179226
0.767,245.053436,1355.722046,122.783836,353.377869,1090.984497,-46.007999,377.502197,860.715698,41.672657
0.775,244.496201,1353.581665,125.493126,353.573608,1088.553833,-42.662224,377.730652,858.241028,45.196663
0.783,244.102524,1351.1073,127.797829,353.774353,1085.945068,-39.32391,377.845703,855.838501,48.686813
0.792,243.511414,1348.74585,130.243118,353.791504,1083.359375,-35.975464,378.087402,853.480408,52.341999
0.8,242.978317,1346.271973,132.648743,353.779449,1080.64624,-32.585205,378.15918,850.93042,55.910194
0.808,242.506912,1343.793823,135.079468,353.773193,1078.022949,-29.329496,378.23877,848.429138,59.544456
0.817,241.977539,1341.223389,137.41217,353.700775,1075.26062,-26.223692,378.250458,845.87323,63.317844
0.825,241.263977,1338.779419,139.938217,353.610962,1072.564575,-23.247276,378.185394,843.195557,66.815521
0.833,240.565536,1336.162964,142.194519,353.088989,1069.432251,-19.617516,378.047302,840.556885,70.569344
0.842,240.267609,1333.619751,144.703812,352.935303,1066.509766,-16.506649,377.834625,837.792847,74.022514
0.85,239.858017,1331.001953,147.028595,352.551544,1063.518921,-13.321791,377.508545,834.931152,77.688492
0.858,239.314865,1328.192749,148.99649,352.302948,1060.386963,-10.23108,377.019745,831.991821,81.06192
0.867,238.866302,1325.426025,151.115433,352.026794,1057.245728,-7.122815,376.533264,829.00885,84.579895
0.875,238.521347,1322.835938,153.470535,351.672882,1054.039307,-4.052438,375.836761,825.905212,87.967712
0.883,237.949692,1320.16333,155.800446,351.434357,1050.67688,-0.900192,375.096008,822.766296,91.376205
0.892,237.544632,1317.311279,157.563217,351.003967,1047.408936,1.947937,374.482086,819.668823,94.778404
0.9,237.177292,1314.535767,159.516144,350.688141,1044.122681,5.205132,373.777222,816.511108,98.10321
0.908,236.742752,1311.831665,161.582657,350.200165,1040.751465,8.344751,372.782837,813.260681,101.618927
0.917,236.377457,1309.033569,163.384293,349.765625,1037.4646,11.141026,371.69458,810.113403,105.018616
0.925,236.023254,1306.084229,164.979416,349.213684,1034.046509,14.311675,370.817871,806.809692,108.577446
0.933,235.600128,1303.415894,166.989853,348.579926,1030.694702,17.716331,369.830627,803.548218,111.903046
0.942,235.086639,1300.706421,168.972946,348.118927,1027.397583,20.476757,368.913879,800.291992,115.17411
0.95,234.358841,1297.402588,169.804077,347.473053,1023.967041,23.566116,367.793518,797.056702,118.549553
0.958,233.900421,1294.588501,171.514267,346.941315,1020.64917,26.795269,366.868958,793.728333,121.996002
0.967,233.403275,1291.705322,173.115723,346.367462,1017.298462,29.839148,365.622864,790.365356,125.511604
0.975,232.93129,1288.816406,174.730957,345.671234,1013.850098,32.939873,364.244446,786.906311,129.013916
0.983,232.406525,1285.969482,176.249985,345.064331,1010.327209,36.237602,363.294769,783.687744,132.193405
0.992,231.940338,1283.095093,177.808853,344.492798,1006.872437,39.400295,362.447449,780.357483,135.294601
1,231.418991,1280.192383,179.272385,343.817444,1003.532776,42.138599,361.318604,777.030151,138.530838
1.008,230.920349,1277.240601,180.618561,343.075409,999.896301,45.483852,359.897125,773.46875,141.879791
1.017,230.412567,1274.24585,182.031052,342.316437,996.308167,48.812698,358.538788,769.724915,145.141617
1.025,229.884399,1271.316772,183.40715,341.531799,992.884705,51.433525,357.570984,766.398071,148.011734
1.033,229.319885,1268.302612,184.684341,341.187225,989.522827,54.29142,356.417114,762.767151,150.970291
1.042,228.665283,1265.269043,186.050064,340.333893,986.003296,57.486336,355.218201,759.197815,153.842682
1.05,228.041138,1262.224609,187.362167,339.454651,982.507568,60.422047,354.041962,755.703125,156.788437
1.058,227.40477,1259.192749,188.645218,338.457428,979.037354,63.148266,353.077026,752.119995,159.537628
1.067,226.768906,1256.145508,189.883835,337.430817,975.481873,66.080193,352.025513,748.672668,162.209503
1.075,226.180099,1253.105957,191.136246,336.379395,972.078003,69.114548,351.134979,745.279541,165.042633
1.083,225.559998,1250.087158,192.376282,335.382782,968.698547,71.772827,350.300232,741.804932,167.68837
1.092,225.024872,1247.047852,193.511459,334.355286,965.322815,74.498436,349.23349,738.274109,170.216858
1.1,224.554581,1244.045898,194.700867,333.373627,961.902588,77.115616,348.404968,735.06366,172.659866
1.108,224.044357,1241.067383,195.923096,332.351868,958.673401,79.748863,347.522858,731.786072,175.009338
1.117,223.637283,1238.101074,197.050354,331.383484,955.392822,82.135727,346.656708,728.419312,177.300034
1.125,223.27536,1235.202148,198.180969,330.396545,952.171204,84.336426,345.836792,725.366516,179.586197
1.133,222.916946,1232.296753,199.337631,329.368225,949.118652,86.602524,344.962219,722.256653,181.746582
1.142,222.655487,1229.417358,200.374268,328.420929,946.16864,88.669785,344.308197,719.180786,183.893143
1.15,222.364426,1226.584595,201.451782,327.454834,943.21991,90.727287,343.590454,716.266541,186.013977
1.158,222.115143,1223.794434,202.681931,326.685577,940.328979,92.681297,342.978394,713.416565,187.919525
1.167,221.845398,1221.086792,203.820526,325.802795,937.601135,94.704796,342.247437,710.68988,189.88942
1.175,221.532211,1218.395142,204.962952,325.060791,934.850159,96.523613,341.686279,707.89856,191.715927
1.183,221.246735,1215.724243,205.891525,324.406097,932.269836,98.463066,341.205444,705.372437,193.630173
1.192,220.466812,1212.428467,204.969711,323.819031,929.64325,100.300285,340.835602,702.750977,195.414825
1.2,220.239532,1209.993286,205.814224,323.293701,927.178833,101.99115,340.540527,700.282898,197.20343
1.208,220.085358,1207.5177,206.633865,322.885376,924.86261,103.799362,340.383118,697.842529,198.857376
1.217,219.949951,1205.086426,207.514999,322.557953,922.541016,105.454811,340.21109,695.539795,200.420303
1.225,219.914185,1202.896362,208.401535,322.309296,920.350708,107.299156,340.151245,693.260376,201.827332
1.233,219.828384,1200.775269,209.225998,322.035034,918.151978,108.94355,340.039734,691.119263,203.318832
1.242,219.673508,1198.617188,210.040466,321.840942,916.236145,110.565811,340.173401,689.024902,204.635956
1.25,219.492325,1196.429199,210.930222,321.665253,914.302246,112.185715,340.264526,687.12085,206.003296
1.258,219.474731,1194.614624,211.835892,321.581146,912.394043,113.77343,340.407959,685.213989,207.213547
1.267,219.344467,1192.636597,212.767258,321.531586,910.744873,115.304474,340.554047,683.476318,208.384888
1.275,219.182983,1190.779053,213.653,321.342712,909.025208,116.801117,340.713165,681.723572,209.549316
1.283,219.130508,1189.159424,214.48439,321.182617,907.510559,118.228653,340.822388,680.1203,210.484833
1.292,219.039398,1187.312622,215.335571,320.889923,906.107117,119.658997,340.976959,678.59259,211.480225
1.3,219.063553,1186.013672,216.216461,320.810242,904.823547,121.006088,341.074005,677.182983,212.189484
1.308,219.057526,1184.495728,217.046417,320.368103,903.438232,122.175331,341.111298,675.698914,212.953674
1.317,219.045425,1183.184326,217.711807,320.012573,902.18512,123.278824,341.15802,674.600647,213.60524
1.325,219.032028,1181.932251,218.528564,319.501434,901.010986,124.318726,341.152039,673.345215,214.207092
1.333,218.957016,1180.688965,219.196854,319.071686,899.945984,125.067131,341.203491,672.117249,214.64212
1.342,218.978012,1179.677246,219.816132,318.48349,898.722534,125.81514,341.196442,671.190369,215.05632
1.35,218.8703,1178.530884,220.515518,317.980408,897.794739,126.401543,341.106506,670.323059,215.428116
1.358,218.930954,1177.807617,221.076553,317.552948,896.996277,126.95797,340.917816,669.383179,215.82988
1.367,219.02037,1177.0625,221.769821,317.034912,896.211121,127.444519,340.760529,668.60437,215.992935
1.375,219.126938,1176.353516,222.258789,316.705719,895.575684,127.847763,340.582001,668.021667,216.229172
1.383,219.218887,1175.647461,222.815506,316.358124,895.016541,128.264099,340.373169,667.457397,216.552353
1.392,219.398178,1175.223877,223.305313,316.114746,894.494019,128.554306,340.144653,666.884338,216.80838
1.4,219.590744,1174.845703,223.754944,316.093506,894.080627,128.913177,339.987213,666.415588,216.989227
1.408,219.790222,1174.489258,224.26593,315.944031,893.722839,129.224213,339.789368,665.974792,217.075058
1.417,219.911758,1174.209229,224.656479,316.015961,893.489075,129.521515,339.614441,665.667053,217.215866
1.425,220.15329,1173.949463,225.057281,316.071167,893.316162,129.784958,339.473114,665.393738,217.315674
1.433,220.395126,1173.759155,225.52095,316.187958,893.181946,130.012665,339.383545,665.201477,217.390244
1.442,220.599319,1173.637085,225.878311,316.334259,893.067444,130.265381,339.313049,665.045349,217.425659
1.45,220.81015,1173.557373,226.298355,316.470947,893.017395,130.453369,339.297241,664.913513,217.459244
1.458,221.006378,1173.515137,226.720428,316.63913,892.999878,130.638168,339.340637,664.771423,217.399857
1.467,221.196274,1173.492188,227.110382,316.786774,892.982056,130.850861,339.429962,664.691162,217.361465
1.475,221.388824,1173.482422,227.437424,316.943939,892.998962,131.054565,339.568176,664.609009,217.31395
1.483,221.529724,1173.449341,227.758224,317.085358,893.016357,131.25589,339.807343,664.55542,217.295547
1.492,221.66481,1173.441895,228.169907,317.239288,893.036682,131.423996,340.054138,664.516846,217.244308
1.5,221.817657,1173.405884,228.56778,317.353668,893.044556,131.584229,340.362061,664.458618,217.214569
1.508,221.90448,1173.293335,228.868332,317.511993,893.047913,131.723648,340.681641,664.415405,217.149963
1.517,222.002365,1173.223022,229.166733,317.683472,893.039917,131.814545,341.020416,664.348328,217.061783
1.525,222.109375,1173.146118,229.511551,317.873901,893.001404,131.936905,341.356781,664.257568,216.976501
1.533,222.240005,1173.088379,229.874496,318.032593,892.967712,132.033524,341.668945,664.174133,216.910553
1.542,222.363388,1172.991943,230.13356,318.199493,892.926941,132.096695,342.007812,664.104675,216.822617
1.55,222.485962,1172.887451,230.348312,318.36734,892.874756,132.214096,342.336365,664.021118,216.813858
1.558,222.642227,1172.783936,230.565292,318.644806,892.776611,132.383667,342.693237,663.916809,216.865036
1.567,222.862808,1172.644165,230.844177,318.792694,892.68573,132.589554,343.083557,663.823181,216.960678
1.575,223.032349,1172.516357,231.120407,318.923798,892.590515,132.812805,343.552246,663.713257,217.09671
1.583,223.216385,1172.424805,231.394226,319.097504,892.515381,133.018097,344.024292,663.632812,217.286057
1.592,223.336472,1172.303223,231.649796,319.221161,892.416504,133.280975,344.429291,663.534851,217.479935
1.6,223.416214,1172.178101,231.911575,319.333099,892.308716,133.618927,344.789673,663.434448,217.613068
1.608,223.485703,1172.026367,232.181137,319.439392,892.182983,133.984787,345.173279,663.300903,217.768021
1.617,223.516998,1171.853027,232.486725,319.572784,892.071655,134.366013,345.559387,663.124512,218.025833
1.625,223.531754,1171.66394,232.743164,319.84552,891.917969,134.826141,345.893463,662.949097,218.225723
1.633,223.445862,1171.365234,233.022858,319.949158,891.742554,135.342789,346.268585,662.761292,218.454346
1.642,223.37529,1171.116089,233.294235,319.956299,891.53302,135.917374,346.515137,662.499084,218.695465
1.65,223.325241,1170.863159,233.623856,320.032196,891.347473,136.434067,346.793304,662.260315,218.911911
1.658,223.284088,1170.660034,233.972244,320.069214,891.143066,136.977142,347.136414,661.990173,219.137238
1.667,223.248779,1170.435547,234.267242,320.092255,890.953003,137.534149,347.365753,661.654236,219.392532
1.675,223.144363,1170.172241,234.520508,320.039032,890.669128,138.017899,347.546967,661.306213,219.658691
1.683,223.037903,1169.888794,234.791885,319.948181,890.400635,138.546768,347.712555,660.942383,219.890274
1.692,222.932541,1169.538086,235.160248,319.930847,890.095398,139.096069,347.827026,660.534241,220.028519
1.7,222.781036,1169.199585,235.455475,319.81601,889.729065,139.63739,347.885223,660.057617,220.145035
1.708,222.646179,1168.842651,235.715134,319.637268,889.275574,140.227219,347.863617,659.46405,220.278183
1.717,222.54538,1168.49231,235.993378,319.565186,888.915955,140.713028,347.796204,658.927856,220.401199
1.725,222.469803,1168.132935,236.295212,319.5112,888.583496,141.110611,347.666779,658.35675,220.539032
1.733,222.406372,1167.809937,236.658859,319.413269,888.217896,141.569656,347.514252,657.736938,220.668671
1.742,222.336655,1167.524414,236.941101,319.467407,887.872253,142.006653,347.319672,657.254272,220.805359
1.75,222.255386,1167.239136,237.254028,319.406616,887.556458,142.393112,347.120239,656.765503,221.075943
1.758,222.216415,1167.016968,237.558182,319.378876,887.245544,142.721451,346.966003,656.356018,221.293167
1.767,222.036026,1166.780884,238.002625,319.330627,886.878296,143.168594,346.818176,655.920959,221.570374
1.775,221.873917,1166.562622,238.343536,319.347504,886.641357,143.569458,346.778198,655.638977,221.776611
1.783,221.709106,1166.350464,238.625397,319.498901,886.486084,143.971497,346.840851,655.408325,221.980728
1.792,221.537781,1166.175659,238.913422,319.713684,886.363342,144.410629,347.051636,655.144165,222.248932
1.8,221.340836,1166.052368,239.23848,319.993286,886.288757,144.799667,347.328857,655.003723,222.499496
1.808,221.184891,1165.921143,239.581146,320.338928,886.234985,145.181015,347.65918,654.868652,222.701385
1.817,220.994843,1165.81604,239.823624,320.953735,886.257568,145.535446,348.066254,654.822205,222.872009
1.825,220.826965,1165.726807,240.061325,321.494598,886.29364,145.865814,348.510437,654.778564,222.971725
1.833,220.656204,1165.65686,240.33345,322.087921,886.381714,146.168854,349.079102,654.767273,223.114594
1.842,220.496124,1165.610352,240.551697,322.803864,886.594177,146.450226,349.691895,654.88092,223.235672
1.85,220.346527,1165.612305,240.73056,323.748535,886.845642,146.671432,350.350159,655.07312,223.356293
1.858,220.149628,1165.641968,240.852859,324.961884,887.25885,146.841431,351.089661,655.311401,223.431091
1.867,220.040207,1165.754517,240.977249,325.952454,887.711548,147.074921,351.833618,655.606323,223.471375
1.875,219.922379,1165.9375,241.078201,327.086365,888.229675,147.383789,352.738403,656.030212,223.536301
1.883,219.85939,1166.189575,241.12326,328.258636,888.889893,147.487259,353.77243,656.650024,223.542206
1.892,219.776627,1166.481689,241.14299,329.586304,889.633972,147.789764,354.795776,657.178101,223.468048
1.9,219.731201,1166.840698,241.128662,330.826721,890.434631,147.848633,355.846222,657.941284,223.38089
1.908,219.658707,1167.275513,241.091431,332.233643,891.399658,147.671295,356.978699,658.847534,223.501007
1.917,219.595062,1167.75061,241.069519,333.743469,892.30011,147.554428,358.029938,659.819397,223.297394
1.925,219.557037,1168.170654,241.083191,335.35553,893.490173,147.11441,359.102173,660.799744,223.095764
1.933,219.549896,1168.710205,241.054138,337.10611,894.694214,146.574478,360.042877,661.755005,222.780304
1.942,219.529617,1169.258057,241.012375,338.855377,896.045776,145.680298,361.06778,663.042908,222.51619
1.95,219.546722,1169.864136,240.925583,340.958588,897.48468,144.663513,361.942963,664.224182,222.033447
1.958,219.572784,1170.482788,240.758148,342.836823,899.064636,143.583374,362.746124,665.46936,221.486893
1.967,219.49585,1171.062134,240.574844,344.998383,900.647583,142.354446,363.48941,666.719543,220.717606
1.975,219.451767,1171.619141,240.362167,347.22467,902.262573,140.873428,364.299133,668.226868,220.133026
1.983,219.527344,1172.209473,240.172806,349.553802,903.97467,139.374634,365.03775,669.761414,219.261032
1.992,219.644196,1172.868652,239.979843,351.799561,905.784973,137.799362,365.98468,671.404602,218.481247
2,219.816879,1173.574463,239.855881,354.036743,907.622742,136.003845,366.778595,673.219116,217.626144
2.008,219.889694,1174.240234,239.632858,356.333862,909.612244,134.232422,367.632385,675.088745,216.681458
2.017,220.049515,1175.022217,239.368439,358.611023,911.655945,132.357407,368.406464,677.025146,215.596451
2.025,220.223083,1175.802246,239.227615,360.911407,913.900391,130.357101,369.262512,679.186646,214.349762
2.033,220.442169,1176.693481,239.144516,363.253448,916.148376,128.298233,370.160065,681.442078,212.981491
2.042,220.614868,1177.543945,238.920578,365.525818,918.614197,126.272354,371.011841,683.777771,211.623398
2.05,220.782578,1178.459595,238.814026,368.023651,921.111023,124.095863,371.829346,686.049866,210.115753
2.058,220.91507,1179.364136,238.664948,370.306549,923.840759,121.928497,372.609741,688.605835,208.636368
2.067,221.056396,1180.377441,238.534729,372.894104,926.576111,119.521469,373.359924,691.238159,206.912506
2.075,221.126297,1181.28833,238.471359,375.251648,929.480896,117.259171,374.040039,694.088013,205.265472
2.083,221.331116,1182.253418,238.40329,377.836243,932.493469,114.764481,374.656921,697.078064,203.52124
2.092,221.471786,1183.248779,238.39444,380.388275,935.738892,112.226631,375.203644,700.029907,201.519318
2.1,221.511658,1184.13623,238.345306,383.078278,939.103088,109.666718,375.627747,703.239807,199.614288
2.108,221.657532,1185.194824,238.27597,385.79248,942.481934,107.250038,375.98288,706.635193,197.616592
2.117,221.883652,1186.189697,238.277954,388.584564,946.074829,104.58548,376.304749,710.090637,195.424225
2.125,222.003677,1187.157104,238.317352,391.421021,949.805237,102.306,376.516785,713.838806,193.177124
2.133,222.208313,1188.209961,238.308395,394.113983,953.600159,99.923561,376.759094,717.583313,190.820206
2.142,222.361588,1189.23584,238.416351,396.991943,957.603943,97.697929,376.701538,721.436279,188.508148
2.15,222.634323,1190.319824,238.497345,399.767151,961.631592,95.314713,376.848694,725.524841,186.068451
2.158,222.834763,1191.378296,238.564224,402.732117,965.842834,92.989151,376.963654,729.777405,183.506973
2.167,222.969116,1192.383057,238.587494,405.54071,970.131409,90.654625,376.971436,734.130127,181.158157
2.175,223.124039,1193.523804,238.65921,408.450226,974.575256,88.477882,377.099762,738.62793,178.482559
2.183,223.195099,1194.44873,238.71553,411.249542,979.161499,86.146446,376.93869,743.180664,176.027771
2.192,223.269577,1195.463989,238.782669,414.004913,983.697144,83.908493,377.024597,747.900452,173.22821
2.2,223.307343,1196.494629,238.887512,417.087402,988.611877,81.419411,376.806488,752.795959,170.602814
2.208,223.289398,1197.471191,239.027847,419.485382,993.358459,78.958847,376.672882,757.94104,167.92865
2.217,223.250351,1198.439819,239.213959,421.877411,998.320312,76.799324,376.461304,763.034363,165.003143
2.225,223.187851,1199.418457,239.330673,424.291077,1003.37384,74.51815,376.174347,768.236084,162.11731
2.233,223.109192,1200.513184,239.484421,426.612732,1008.39624,72.29747,375.914551,773.463318,158.965057
2.242,223.014206,1201.330933,239.581512,428.769897,1013.565796,69.94429,375.732239,778.772217,156.21344
2.25,222.957535,1202.283691,239.722961,430.944,1018.885132,67.968224,375.362274,784.117126,153.014481
2.258,222.930954,1203.258179,239.789291,432.977661,1024.148804,65.828781,375.129913,789.559875,149.962509
2.267,222.874939,1204.209839,239.935959,434.891876,1029.396851,63.56205,374.836426,795.031677,147.042343
2.275,222.825943,1205.036987,240.066879,436.710327,1034.750977,61.574471,374.576019,800.520203,143.954651
2.283,222.824951,1206.020996,240.203659,438.450195,1040.065918,59.468437,374.423981,806.182251,141.128174
2.292,222.800873,1207.047241,240.333801,440.084473,1045.553345,57.431458,374.164642,811.620056,138.126694
2.3,222.656525,1207.891968,240.37886,441.713501,1050.922119,55.454296,373.841034,817.021545,135.30072
2.308,222.483643,1208.76062,240.453079,443.0784,1056.396484,53.553886,373.45401,822.680359,132.421509
2.317,222.318893,1209.713623,240.469955,444.336578,1061.951416,51.618816,373.153748,828.194458,129.081116
2.325,222.297241,1210.771729,240.515762,445.722809,1067.401245,49.707165,372.686066,833.777649,126.151024
2.333,222.193069,1211.624756,240.529999,446.933929,1072.843628,47.788399,372.273407,839.197327,123.02565
2.342,222.089813,1212.527344,240.574448,447.975677,1078.456665,46.011265,371.882996,844.846802,119.817276
2.35,222.196289,1213.605957,240.638504,448.975677,1084.041138,44.134415,371.537048,850.509155,116.65387
2.358,222.191467,1214.596191,240.697205,449.760254,1089.772827,42.162334,371.006927,856.101257,113.562355
2.367,222.076508,1215.438843,240.789047,450.423401,1095.37793,40.297771,370.51651,861.693848,110.318489
2.375,222.03096,1216.361206,240.873093,451.06424,1101.112549,38.788097,370.039337,867.412598,107.187561
2.383,222.069138,1217.433838,240.937332,451.578522,1106.94519,37.004436,369.518616,873.099365,104.154709
2.392,221.956467,1218.331055,240.98143,451.953979,1112.741455,35.22427,368.893768,878.77356,100.941673
2.4,221.795151,1219.117676,241.019318,452.318695,1118.510254,33.659008,368.382019,884.484985,98.027878
2.408,221.67453,1220.022461,241.017197,452.623779,1124.250122,32.269444,367.685333,890.07074,94.904709
2.417,221.631638,1220.996704,240.986267,452.684387,1130.110596,30.571804,367.116241,895.775391,91.805458
2.425,221.579498,1221.805298,240.941788,452.759277,1135.866943,29.069223,366.381866,901.341064,88.464813
2.433,221.463547,1222.585449,240.981812,452.824738,1141.560303,27.634081,365.850433,906.899658,85.394173
2.442,221.400162,1223.417847,240.903976,452.711884,1147.198242,26.232323,365.168457,912.325134,82.423965
2.45,221.393021,1224.347046,240.865555,452.507477,1152.781616,24.776793,364.525177,917.77063,79.464844
2.458,221.380295,1225.136963,240.810059,452.237244,1158.267578,23.300182,363.864685,923.166992,76.650017
2.467,221.336304,1225.919922,240.752365,451.800842,1163.804321,21.774479,363.241821,928.490662,73.94841
2.475,221.362289,1226.743286,240.577774,451.333557,1169.203003,20.286562,362.67569,933.75946,71.254333
2.483,221.411865,1227.650635,240.512344,450.572266,1174.63208,18.599213,362.062469,938.839233,68.402443
2.492,221.423569,1228.437866,240.473114,449.775482,1179.937012,17.116619,361.620697,943.958618,65.783714
2.5,221.396164,1229.194458,240.437164,448.843903,1185.238525,15.36307,361.080444,948.868896,63.095978
2.508,221.355331,1230.012695,240.331421,447.659332,1190.329102,13.806219,360.62796,953.630371,60.371681
2.517,221.281052,1230.819336,240.118637,446.559174,1195.4198,12.209139,360.242462,958.220337,57.842865
2.525,221.119843,1231.547607,239.852066,445.310577,1200.254028,10.643648,359.824921,962.748596,55.21706
2.533,221.05481,1232.278442,239.633926,444.114075,1205.094604,9.112408,359.587341,966.999451,52.864384
2.542,220.999863,1233.02002,239.425705,442.80307,1209.697632,7.534453,359.310028,971.15509,50.402443
2.55,221.093658,1233.892578,239.141068,441.499084,1214.118652,6.093073,359.086487,975.15564,48.071224
2.558,221.117661,1234.639648,238.748459,440.042084,1218.562622,4.588387,358.902618,978.917908,45.84145
2.567,221.100037,1235.261963,238.455627,438.633606,1222.619873,3.100307,358.769989,982.584717,43.702492
2.575,221.101837,1235.903564,238.123138,437.208801,1226.584473,1.621384,358.492981,986.071838,41.590256
2.583,221.219437,1236.685303,237.741714,435.699554,1230.439941,0.174962,358.208191,989.38916,39.699532
2.592,221.307678,1237.342285,237.406342,434.361816,1234.014893,-1.187732,357.984589,992.615967,37.722485
2.6,221.287521,1237.827759,237.098541,432.867523,1237.429688,-2.506956,357.705322,995.752991,35.986305
2.608,221.256927,1238.244019,236.712906,431.461121,1240.759888,-3.753378,357.24823,998.721619,34.410122
2.617,221.304962,1238.69397,236.381622,430.093964,1243.868164,-4.92887,356.816711,1001.473999,32.960896
2.625,221.411407,1239.250732,236.129776,428.820038,1246.818237,-6.04943,356.279694,1004.189392,31.458006
2.633,221.436813,1239.732056,235.842789,427.44635,1249.554565,-7.135429,355.609436,1006.743896,30.005009
2.642,221.412552,1240.171143,235.500397,426.1521,1252.149536,-8.204015,354.745789,1009.123474,28.8556
2.65,221.409302,1240.531128,235.27507,424.786652,1254.591675,-9.246012,354.019989,1011.467834,27.539631
2.658,221.390396,1240.841797,235.087097,423.472351,1256.990723,-10.215165,353.098358,1013.5672,26.690536
2.667,221.382782,1241.126953,234.907883,421.923309,1259.27478,-11.400174,352.016296,1015.708557,25.611465
2.675,221.349274,1241.383301,234.689774,420.710266,1261.314209,-12.219157,350.945496,1017.774109,24.453173
2.683,221.313324,1241.604736,234.455536,419.27359,1263.339233,-13.339972,349.923737,1019.661194,23.117533
2.692,221.290527,1241.829834,234.261932,417.946259,1265.096313,-14.224128,348.851013,1021.500122,21.81325
2.7,221.310364,1242.028076,234.07132,416.61673,1266.873169,-15.246856,347.788696,1023.17157,20.572292
2.708,221.359161,1242.265259,233.86145,415.537048,1268.310913,-16.162817,346.62439,1024.700806,19.569071
2.717,221.432083,1242.419556,233.618759,414.386505,1269.810913,-17.043911,345.608612,1026.043457,18.616028
2.725,221.515686,1242.55481,233.311752,413.3284,1271.066162,-17.941996,344.494415,1027.372803,17.65538
2.733,221.612106,1242.630371,233.008636,412.394897,1272.286377,-18.794571,343.490509,1028.479858,16.677019
2.742,221.735916,1242.734253,232.721756,411.391052,1273.324219,-19.666243,342.516998,1029.615479,15.499777
2.75,221.851379,1242.77124,232.506775,410.525604,1274.240601,-20.447752,341.523438,1030.623657,14.395769
2.758,221.940628,1242.809326,232.300339,409.658234,1275.046387,-21.208784,340.640381,1031.451416,13.473917
2.767,222.028854,1242.856323,232.095459,408.791046,1275.756226,-21.99926,339.954163,1032.144531,12.67303
2.775,222.113388,1242.889771,231.827515,407.932007,1276.335571,-22.88508,339.141937,1032.694458,11.669768
2.783,222.186737,1242.912842,231.541763,407.285492,1276.804565,-23.587336,338.619568,1033.108154,10.839361
2.792,222.284225,1242.946899,231.335312,406.674194,1277.124878,-24.313177,338.225555,1033.385498,10.18349
2.8,222.416412,1242.981323,231.161423,406.057159,1277.338379,-25.071838,337.844604,1033.519409,9.284945
2.808,222.55484,1242.988892,230.961929,405.525848,1277.489868,-25.666943,337.585815,1033.553223,8.637742
2.817,222.677582,1242.994507,230.774796,405.094818,1277.546143,-26.2215,337.441559,1033.47583,7.907507
2.825,222.824127,1243.016968,230.596634,404.821411,1277.51062,-26.658756,337.430878,1033.301514,7.181355
2.833,222.914871,1243.055664,230.411224,404.628571,1277.366455,-27.055065,337.520905,1032.98877,6.435438
2.842,222.956451,1243.076294,230.22142,404.569641,1277.145996,-27.349716,337.740234,1032.625,5.895301
2.85,222.993546,1243.134399,229.997086,404.631989,1276.82373,-27.593185,338.027344,1032.212524,5.567629
2.858,223.024246,1243.190674,229.785187,404.804535,1276.39856,-27.835964,338.389313,1031.720093,5.278883
2.867,223.068939,1243.223267,229.583878,404.993256,1275.960449,-28.048775,338.735565,1031.212646,5.205117
2.875,223.097748,1243.259277,229.395569,405.267944,1275.428711,-28.179607,339.128876,1030.651001,5.24077
2.883,223.125229,1243.278198,229.216003,405.577515,1274.930542,-28.241749,339.601776,1030.041504,5.283163
2.892,223.152969,1243.304443,229.034592,405.917786,1274.302368,-28.30463,340.05423,1029.516357,5.618648
2.9,223.179337,1243.326904,228.867416,406.32489,1273.647583,-28.421381,340.609863,1028.989868,5.88185
2.908,223.181656,1243.364014,228.655991,406.667999,1273.082764,-28.522011,341.125458,1028.383179,6.176722
2.917,223.168488,1243.387085,228.449707,407.105011,1272.472046,-28.609587,341.612823,1027.64917,6.740083
2.925,223.189667,1243.411621,228.263824,407.49295,1271.713867,-28.76095,342.07901,1026.94519,6.906886
2.933,223.21788,1243.427612,228.111435,407.835968,1270.916748,-28.902491,342.61734,1026.227295,7.253835
2.942,223.248871,1243.442017,227.965759,408.049988,1270.109131,-29.064562,343.049042,1025.563721,7.69355
2.95,223.275131,1243.443237,227.837067,408.223206,1269.2854,-29.38266,343.536255,1024.717285,8.191031
2.958,223.31665,1243.438232,227.706985,408.41864,1268.424927,-29.627022,344.091125,1023.855713,8.784586
2.967,223.355026,1243.422974,227.584885,408.518707,1267.519287,-30.029799,344.612183,1022.951599,9.47411
2.975,223.394257,1243.415771,227.436661,408.555664,1266.464966,-30.331669,345.078064,1022.033447,10.022693
2.983,223.459015,1243.366333,227.248001,408.627319,1265.395386,-30.776516,345.556091,1020.91217,10.82273
2.992,223.625885,1243.334961,227.005112,408.638794,1264.207642,-31.300552,346.040894,1019.830688,11.587004
3,223.748245,1243.307251,226.788559,408.653931,1262.972168,-31.863178,346.541626,1018.592712,12.230406
3.008,223.918213,1243.272583,226.62529,408.658295,1261.415894,-32.509193,346.956177,1017.205139,12.786858
3.017,224.132385,1243.246582,226.435852,408.630737,1260.005005,-33.188812,347.347565,1015.810608,13.299621
3.025,224.342194,1243.168091,226.22702,408.642883,1258.343628,-33.851818,347.718292,1014.30426,13.744481
3.033,224.550064,1243.090698,226.043442,408.661926,1256.672974,-34.493267,347.990692,1012.774597,14.125881
3.042,224.745285,1243.003418,225.862595,408.606018,1254.835327,-35.124336,348.304993,1011.132385,14.626854
3.05,224.920807,1242.878174,225.628113,408.684998,1252.844849,-35.709957,348.552002,1009.430908,15.207827
3.058,225.138,1242.763428,225.37767,408.658447,1250.81543,-36.362133,348.8974,1007.527954,15.680883
3.067,225.311737,1242.637695,225.129425,408.658661,1248.615112,-37.029613,349.176392,1005.55835,16.521654
3.075,225.505676,1242.502808,224.876419,408.709351,1246.174072,-37.654789,349.416534,1003.320068,17.258179
3.083,225.695267,1242.326172,224.603455,408.674866,1243.791748,-38.497528,349.640991,1001.150024,18.055273
3.092,226.032578,1242.173584,224.472153,408.653198,1241.189697,-39.13377,349.887695,998.754761,19.032335
3.1,226.338486,1241.951782,224.323273,408.696259,1238.495605,-39.788609,350.236786,996.367371,19.894529
3.108,226.748398,1241.684448,224.130753,408.639679,1235.721313,-40.531483,350.5401,993.992493,20.716139
3.117,227.096466,1241.369995,223.941101,408.726105,1232.980225,-41.070332,350.754669,991.4953,21.661013
3.125,227.390427,1241.079712,223.791565,408.822968,1230.063232,-41.542625,351.068085,988.921936,22.72304
3.133,227.626694,1240.767822,223.587799,408.8396,1226.878662,-42.056122,351.328217,986.237549,23.823208
3.142,227.847244,1240.459961,223.37764,408.865662,1223.645996,-42.565868,351.687408,983.430847,24.998955
3.15,228.06929,1240.134033,223.157364,408.933716,1220.442627,-43.133625,352.160431,980.520569,26.462275
3.158,228.294052,1239.837158,222.870972,409.048462,1216.946289,-43.569904,352.451996,977.551331,27.905718
3.167,228.50296,1239.555908,222.621628,409.164246,1213.335815,-44.003109,352.811188,974.499268,29.519537
3.175,228.744461,1239.266357,222.255814,409.447388,1209.699585,-44.348873,353.203583,971.424927,31.261318
3.183,229.062653,1238.940308,221.994705,409.556549,1206.126465,-44.700691,353.480011,968.243591,32.89978
3.192,229.32608,1238.593262,221.672348,410.028015,1202.17041,-44.674557,353.825684,965.03833,34.606075
3.2,229.551208,1238.137573,221.388885,410.452179,1198.107788,-44.619064,354.001465,961.678772,36.363499
3.208,229.84935,1237.820679,221.184692,410.910828,1194.107544,-44.406811,354.403534,958.377686,38.182171
3.217,230.069031,1237.478638,220.947464,411.358582,1190.192261,-44.117413,354.628204,954.896973,39.934776
3.225,230.190323,1237.17395,220.715561,411.994141,1186.047119,-43.800255,354.854614,951.364502,41.926048
3.233,230.309708,1236.880859,220.384644,412.558685,1181.943359,-43.24205,355.2034,947.798706,43.838863
3.242,230.583176,1236.831177,220.324814,413.046112,1177.992554,-42.731468,355.604919,944.271301,45.881912
3.25,230.74971,1236.586914,220.043503,413.630005,1173.915527,-42.209415,355.98703,940.773438,47.949848
3.258,230.810318,1236.230225,219.730865,414.118134,1169.861572,-41.63665,356.40741,937.305298,49.933365
3.267,230.882248,1235.88855,219.609146,414.492218,1165.982178,-40.930401,356.83374,933.93103,51.908882
3.275,230.959381,1235.519409,219.465424,414.972534,1162.050659,-40.078075,357.203308,930.495117,53.705105
3.283,231.048599,1234.995605,219.313675,415.578705,1158.2771,-39.220966,357.45932,927.063232,55.482697
3.292,231.105881,1234.501343,219.200027,416.062988,1154.401855,-38.22086,357.685394,923.574646,57.097919
3.3,231.222488,1234.037476,219.084808,416.704193,1150.484741,-36.909897,358.051331,919.940002,58.877464
3.308,231.37738,1233.626221,218.904678,417.366516,1146.400146,-35.707306,358.331299,916.224304,60.469669
3.317,231.448166,1233.283936,218.756927,417.829163,1142.184082,-34.328537,358.641998,912.446045,62.09967
3.325,231.513702,1232.979614,218.611374,418.234283,1138.404175,-33.145214,359.127502,908.668335,63.697174
3.333,231.612,1232.65979,218.529572,418.555603,1134.447632,-32.021858,359.639191,904.908508,65.227715
3.342,231.65239,1232.327881,218.499664,418.808685,1130.527588,-30.727863,360.134827,901.078857,66.754639
3.35,231.728073,1231.959595,218.498535,418.713013,1126.875854,-29.747646,360.695312,897.320679,68.049995
3.358,231.739044,1231.529541,218.471603,418.568634,1123.11792,-28.789017,361.260681,893.624451,69.477707
3.367,231.700836,1231,218.393417,418.376373,1119.284302,-27.839224,361.601562,889.823059,70.814331
3.375,231.714081,1230.452881,218.178391,418.242859,1115.303223,-26.762489,361.878448,886.049011,72.105591
3.383,231.786438,1229.947388,217.901443,417.921753,1111.126343,-26.111486,362.136536,882.107849,73.674759
3.392,232.010849,1229.515137,217.755127,417.517273,1107.087646,-25.295635,362.245239,878.149902,75.177002
3.4,232.188873,1229.101074,217.698792,417.06311,1102.75647,-24.36021,362.260956,874.130676,76.710991
3.408,232.303024,1228.620728,217.689346,416.672882,1098.383667,-23.454245,362.264557,870.143982,78.3778
3.417,232.435318,1228.030029,217.683578,416.064087,1093.927612,-22.553083,362.047394,865.933899,79.968956
3.425,232.600677,1227.369507,217.526031,415.329193,1089.443359,-21.740883,361.867554,861.790222,81.618103
3.433,232.767227,1226.813354,217.30838,414.481415,1084.815186,-21.190084,361.444061,857.582153,83.498161
3.442,233.045609,1226.281494,216.977203,413.481506,1080.078125,-20.371771,360.973328,853.317078,85.187782
3.45,233.312912,1225.722534,216.434174,412.215942,1075.605591,-19.39773,360.481415,849.134338,86.826599
3.458,233.507477,1225.174194,215.775085,410.962372,1070.80603,-18.434208,359.778564,844.822815,88.614876
3.467,233.67067,1224.67395,215.243378,409.443115,1066.08667,-17.650873,359.109161,840.619873,90.662178
3.475,233.78392,1224.185425,214.833344,407.882935,1061.5448,-16.701542,358.473755,836.447388,93.023918
3.483,233.844437,1223.49707,214.251541,406.428375,1056.922607,-15.533288,357.788544,832.314514,95.31427
3.492,233.896439,1222.911255,213.829529,404.782684,1052.214233,-14.404427,356.928741,828.103088,97.574837
3.5,233.905106,1222.299316,213.560715,403.140167,1047.743652,-13.147811,356.170258,823.949951,99.637024
3.508,233.846252,1221.677979,213.093155,401.593872,1043.285278,-11.626232,355.138702,819.760925,101.84668
3.517,233.868332,1221.053467,212.508713,400.071747,1038.834106,-10.048,354.019836,815.603577,103.843208
3.525,233.894302,1220.531006,212.093246,398.679352,1034.442139,-8.233036,353.179993,811.463196,105.809967
3.533,233.86174,1219.810303,211.490372,397.342743,1029.95752,-6.248611,352.161896,807.137329,107.913185
3.542,233.887558,1218.986938,211.121078,396.059174,1025.542236,-4.270476,351.320129,802.768127,110.15239
3.55,233.850723,1218.251465,210.999023,394.848511,1021.025757,-2.068751,350.504791,798.522766,112.671425
3.558,233.720932,1217.35376,210.456589,393.721863,1016.533264,0.194343,349.602051,794.051819,115.151909
3.567,233.745209,1216.687988,210.211761,392.639252,1012.059326,2.608392,348.654236,789.50592,117.700546
3.575,233.611725,1215.875732,209.700912,391.564056,1007.652161,5.068782,347.705811,784.87915,120.119087
3.583,233.444687,1215.021729,209.524628,390.419312,1003.287292,7.610041,346.863403,780.599609,122.049614
3.592,233.207947,1214.20813,209.551437,389.236176,998.952148,10.17205,345.758392,775.996521,123.990593
3.6,233.016174,1213.463501,209.260666,388.124939,994.771301,12.745667,344.787018,771.545715,125.575974
3.608,232.992661,1212.765259,208.977615,386.655975,990.437988,15.586355,343.550995,767.016174,127.470268
3.617,232.864288,1212.00293,208.730331,385.279816,986.432739,18.149017,342.331177,762.714905,129.515503
3.625,232.720276,1211.266846,208.699921,383.723755,982.545349,20.725199,341.511963,758.693115,131.672562
3.633,232.555038,1210.563477,208.70433,382.016357,978.798584,23.253399,340.735138,754.822693,134.105942
3.642,232.483093,1209.974731,208.70871,380.202148,975.13147,25.78685,340.020447,751.179443,136.446716
3.65,232.370209,1209.390625,208.449814,378.278656,971.750732,28.190588,339.144348,747.625916,138.819122
3.658,232.252747,1208.878418,208.467026,376.187897,968.52124,30.658228,338.243866,744.190491,141.016556
3.667,232.099426,1208.377563,208.615005,374.150055,965.524475,33.158546,337.377838,740.809387,143.013763
3.675,231.888733,1207.913208,208.710846,372.203278,962.60321,35.658806,336.290222,737.458679,145.098175
3.683,231.640503,1207.446411,208.730759,370.26416,959.817749,38.287613,335.320312,734.407532,147.073639
3.692,231.414383,1207.06189,208.703644,368.320404,957.079346,40.801991,334.174408,731.250183,149.024216
3.7,231.171951,1206.667236,208.652054,366.314484,954.52356,43.322304,333.287811,728.312744,150.953644
3.708,230.957352,1206.346924,208.669281,364.510223,952.11438,45.928387,332.312897,725.612427,153.170029
3.717,230.672165,1205.992676,208.582596,362.712799,949.67688,48.478703,331.449951,722.923401,155.265472
3.725,230.391785,1205.572021,208.515106,360.94397,947.419189,51.147652,330.53772,720.410339,157.530197
3.733,230.032623,1205.224243,208.616425,359.321838,945.209106,53.558029,329.734589,718.078369,159.710068
3.742,229.693192,1204.841064,208.656891,357.71228,943.190002,56.057091,328.73291,715.745972,161.636215
3.75,229.439697,1204.524536,208.899963,356.158966,941.2771,58.596436,327.675262,713.580444,163.726852
3.758,229.161545,1204.201904,208.771622,354.733459,939.500305,61.111149,326.643066,711.423401,165.548615
3.767,228.993332,1204.040527,208.930023,353.354431,937.697937,63.510815,325.59668,709.474426,167.559357
3.775,228.779007,1203.761719,208.87851,352.012421,935.975281,66.021179,324.653961,707.652832,169.370712
3.783,228.042023,1202.611572,206.670273,350.704407,934.452881,68.393883,323.619537,705.937561,171.316483
3.792,227.829071,1202.349365,206.658524,349.387634,933.014709,70.79158,322.815125,704.138489,173.077042
3.8,227.651535,1202.129639,206.728836,347.921539,931.552612,73.182838,321.978333,702.593018,175.066315
3.808,227.494431,1201.859863,206.869095,346.529938,930.194763,75.462975,321.283234,701.151733,176.923004
3.817,227.27887,1201.663452,206.949661,345.204559,928.971375,77.679153,320.544189,699.816528,178.778992
3.825,227.057892,1201.500122,207.012451,343.806396,927.78186,79.990158,319.881287,698.475586,180.684357
3.833,226.7948,1201.320679,207.097443,342.498474,926.805115,82.047112,319.34024,697.36438,182.540161
3.842,226.569992,1201.199829,207.183853,341.16449,925.799988,84.272446,318.699615,696.208008,184.485306
3.85,226.312149,1201.089355,207.272324,339.928009,924.932617,86.355354,318.138916,695.15863,186.298126
3.858,226.061966,1201.007446,207.369247,338.719391,924.098816,88.335335,317.568298,694.178223,188.031006
3.867,225.81546,1200.933228,207.4823,337.523071,923.348328,90.265923,316.912781,693.268433,189.710846
3.875,225.595367,1200.8573,207.612488,336.376495,922.621033,92.108116,316.287628,692.464783,191.26889
3.883,225.355637,1200.829834,207.75798,335.191132,922.012085,93.79155,315.492065,691.676147,192.851913
3.892,225.20224,1200.78833,207.896713,334.065857,921.347839,95.502953,314.773651,691.009216,194.280304
3.9,225.050018,1200.757324,208.020294,332.887634,920.730713,97.159508,314.155457,690.376648,195.690353
3.908,224.907928,1200.757202,208.144623,331.694183,920.136475,98.713272,313.446686,689.687744,197.187103
3.917,224.755234,1200.692627,208.237991,330.519287,919.595703,100.315674,312.908417,689.129272,198.505829
3.925,224.59491,1200.676025,208.316299,329.425293,919.064758,101.940086,312.439697,688.472839,199.950012
3.933,224.419647,1200.632446,208.383423,328.354004,918.616394,103.764633,311.917572,687.817078,201.283569
3.942,224.208115,1200.585327,208.419952,327.191254,918.129761,105.406792,311.536682,687.188843,202.571915
3.95,224.01001,1200.5271,208.442245,326.135132,917.674133,107.014923,311.232422,686.592407,203.674225
3.958,223.699509,1200.432983,208.433258,325.163452,917.146729,108.618996,310.911072,685.944885,204.789932
3.967,223.450027,1200.378662,208.43811,324.127411,916.683594,110.147316,310.444214,685.320068,205.942841
3.975,223.169357,1200.277832,208.443069,323.121765,916.28894,111.511292,310.094574,684.760803,206.841049
3.983,222.870316,1200.130737,208.456512,322.075134,915.809326,112.907051,309.87439,684.222961,207.7435
3.992,222.544601,1199.984375,208.401825,321.227051,915.389221,114.180054,309.587372,683.641479,208.672607
4,222.223145,1199.802246,208.355347,320.235962,914.966553,115.427376,309.391663,683.092651,209.524399
4.008,221.917694,1199.542725,208.291077,319.309814,914.560669,116.742867,309.190918,682.563782,210.371017
4.017,221.592148,1199.296753,208.213593,318.47348,914.138489,117.996376,309.086151,681.941528,211.216614
4.025,221.280136,1199.062866,208.129669,317.608551,913.706604,119.263802,309.04422,681.469238,211.959991
4.033,221.001053,1198.804199,208.070572,316.828461,913.353333,120.537628,309.098297,681.070923,212.735809
4.042,220.787979,1198.61792,207.990753,315.895477,913.063904,121.627625,309.238892,680.632019,213.544556
4.05,220.616562,1198.441162,207.904236,315.047394,912.720642,122.815544,309.450378,680.297974,214.36264
4.058,220.459213,1198.27356,207.791519,314.304718,912.45459,123.902657,309.681152,679.94043,215.02356
4.067,220.233475,1198.079224,207.638931,313.621643,912.129456,125.017059,309.89447,679.559082,215.642288
4.075,220.093048,1197.889282,207.533478,312.853729,911.84845,126.121986,310.009583,679.185974,216.168503
4.083,219.963333,1197.708496,207.438339,312.063446,911.599792,127.043915,310.113647,678.817017,216.632935
4.092,219.854523,1197.533081,207.398285,311.390076,911.31134,127.914352,310.230164,678.45105,217.077835
4.1,219.753769,1197.333008,207.361237,310.773407,910.971069,128.611465,310.352814,678.026245,217.523254
4.108,219.609024,1197.07605,207.370316,310.19104,910.597778,129.283707,310.434906,677.716003,217.914734
4.117,219.487503,1196.79834,207.387314,309.740082,910.238831,129.824371,310.527435,677.397156,218.358032
4.125,219.345245,1196.434814,207.440125,309.316528,909.87085,130.328354,310.607971,677.010742,218.899307
4.133,219.199234,1196.057617,207.486984,308.975098,909.502502,130.870361,310.699432,676.719971,219.392654
4.142,219.034409,1195.609985,207.519485,308.705017,909.145386,131.401108,310.859833,676.483643,219.857697
4.15,218.953568,1195.291626,207.603455,308.638794,908.822815,131.896851,311.042755,676.252747,220.348724
4.158,218.916901,1195.019897,207.693237,308.572601,908.55481,132.38533,311.318604,675.915588,220.913406
4.167,218.919128,1194.806396,207.78978,308.576202,908.302734,132.893921,311.534119,675.674377,221.464645
4.175,218.936157,1194.598999,207.946732,308.699036,908.0755,133.378571,311.730164,675.464905,221.972122
4.183,218.981766,1194.412476,208.096924,308.763275,907.866943,133.840546,311.925262,675.258728,222.373703
4.192,218.997391,1194.217041,208.245361,308.901215,907.694153,134.284607,312.001617,675.046326,222.698395
4.2,219.022934,1194.037354,208.359726,309.033783,907.566284,134.631958,312.146637,674.837708,222.982437
4.208,219.023468,1193.854614,208.460342,309.143707,907.410889,134.910233,312.278442,674.667175,223.269638
4.217,219.015259,1193.67688,208.533051,309.252045,907.27887,135.161697,312.389343,674.518616,223.500214
4.225,219.016342,1193.501709,208.611603,309.331177,907.11499,135.386368,312.528625,674.368713,223.723419
4.233,219.008453,1193.338989,208.684219,309.409607,906.991455,135.592316,312.70697,674.227478,223.9599
4.242,219.041977,1193.151978,208.743835,309.504517,906.878723,135.759872,312.90979,674.129456,224.223541
4.25,219.074402,1192.969482,208.790359,309.624695,906.744873,135.88443,313.156403,674.018555,224.456161
4.258,219.120453,1192.819458,208.811356,309.784729,906.634644,135.977203,313.400452,673.95575,224.691956
4.267,219.140594,1192.62854,208.815979,310.05719,906.522034,136.047104,313.671692,673.901917,224.950027
4.275,219.227097,1192.512451,208.825745,310.377563,906.460571,136.100082,313.868835,673.796143,225.091339
4.283,219.309875,1192.418945,208.829773,310.640839,906.374268,136.036087,314.061157,673.762573,225.22464
4.292,219.427643,1192.331055,208.841522,311.062317,906.289368,136.007034,314.293243,673.784668,225.354568
4.3,219.558167,1192.275879,208.829514,311.302673,906.269653,135.987366,314.538635,673.801208,225.401321
4.308,219.68779,1192.231689,208.816071,311.482605,906.299194,135.915909,314.794891,673.834473,225.395126
4.317,219.89505,1192.23584,208.829941,311.759338,906.33606,135.836212,315.094116,673.823425,225.337463
4.325,219.997681,1192.217896,208.810654,312.025085,906.368469,135.685059,315.400269,673.86853,225.230591
4.333,220.10054,1192.244995,208.781265,312.299469,906.448792,135.518936,315.72522,673.906433,225.047806
4.342,220.192032,1192.270264,208.754227,312.573761,906.544128,135.347549,316.073181,673.976562,224.816757
4.35,220.279739,1192.303223,208.757202,312.859955,906.631104,135.134171,316.345764,673.984619,224.569473
4.358,220.353119,1192.374146,208.744263,313.204254,906.770935,134.81868,316.600311,674.075439,224.294327
4.367,220.426468,1192.455688,208.736221,313.5802,906.910828,134.508423,316.861877,674.181396,223.941635
4.375,220.53006,1192.610596,208.696838,313.988861,907.108765,134.171509,317.101807,674.346008,223.57515
4.383,220.644073,1192.784058,208.636078,314.461151,907.320862,133.841873,317.412079,674.490967,223.258209
4.392,220.748581,1192.926147,208.569794,314.86673,907.523254,133.532578,317.747253,674.689575,222.840439
4.4,220.869232,1193.108887,208.48616,315.093811,907.745972,133.204483,318.225006,674.875305,222.339722
4.408,221.052643,1193.331421,208.423737,315.211914,907.987427,132.790558,318.652344,675.04187,221.744598
4.417,221.214081,1193.484863,208.347519,315.421448,908.203613,132.372879,319.050018,675.15863,221.160049
4.425,221.399551,1193.651855,208.289017,315.648956,908.402405,131.891129,319.362915,675.27478,220.529587
4.433,221.568726,1193.788574,208.217484,315.898621,908.620483,131.2827,319.691437,675.390564,219.789307
4.442,221.720932,1193.887695,208.143738,316.225891,908.850098,130.528549,319.956848,675.509338,219.069916
4.45,221.865631,1193.98291,208.072723,316.627808,909.056335,129.715057,320.259918,675.691589,218.25856
4.458,222.014587,1194.072021,207.992691,317.081573,909.292847,128.77124,320.525055,675.86377,217.402161
4.467,222.161072,1194.171631,207.899963,317.630341,909.556274,127.682579,320.707245,676.069214,216.731705
4.475,222.322052,1194.289551,207.805115,318.512207,909.890076,126.423584,320.790314,676.325195,215.985947
4.483,222.529968,1194.43335,207.737915,319.53067,910.246704,125.153961,320.878906,676.649353,215.32901
4.492,222.729828,1194.553467,207.660172,320.55545,910.692566,123.738586,320.982544,677.069275,214.471527
4.5,222.973679,1194.701538,207.583252,321.605988,911.177307,122.428818,321.070618,677.593933,213.614716
4.508,223.244949,1194.895874,207.499741,322.828308,911.728699,121.045273,321.286865,678.21167,212.469238
4.517,223.56015,1195.157837,207.395721,323.855255,912.379211,119.646545,321.645416,678.927246,211.268021
4.525,224.037918,1195.615479,207.287292,324.920502,913.145691,118.196617,321.934235,679.64386,210.000229
4.533,224.439743,1196.12561,207.180496,325.970123,913.951477,116.661331,322.287811,680.441895,208.491653
4.542,224.792725,1196.567383,207.080185,327.005157,914.800049,115.113762,322.836487,681.30304,206.734879
4.55,225.110825,1196.966553,207.020752,327.95462,915.81366,113.230621,323.237885,682.151855,204.862167
4.558,225.411194,1197.39624,206.94635,328.918854,916.783508,111.332672,323.712036,683.018982,202.89711
4.567,225.727905,1197.933594,206.845215,329.894379,917.862976,109.14312,324.259277,683.980042,200.764069
4.575,226.037933,1198.53833,206.824448,331.004181,919.0354,106.809738,324.705414,685.02771,198.522202
4.583,226.265594,1199.078735,206.851959,332.222137,920.255432,104.380508,325.206299,686.163635,196.168381
4.592,226.423889,1199.480591,206.915558,333.520996,921.564087,101.661453,325.579132,687.401672,193.742035
4.6,226.593948,1199.898315,206.992477,334.871613,922.94928,98.857742,325.869476,688.661865,191.352921
4.608,226.80191,1200.289795,207.036728,336.464478,924.336975,95.969917,326.427185,690.182739,188.89151
4.617,227.033646,1200.676514,207.10405,338.102264,925.955444,92.917717,326.842957,691.764709,186.521713
4.625,227.297928,1201.060913,207.162598,339.909576,927.534119,89.946053,327.322205,693.450745,184.053497
4.633,227.685699,1201.509644,207.284714,341.895844,929.303406,86.748077,327.665222,695.358215,181.67337
4.642,228.098846,1201.964478,207.348572,343.952576,931.185974,83.554878,328.161682,697.380737,179.307571
4.65,228.509171,1202.383789,207.394608,346.12381,933.118958,80.363121,328.765228,699.53717,176.779755
4.658,228.940918,1202.731812,207.452164,348.307404,935.250061,77.088127,329.181732,701.89563,174.528809
4.667,229.318268,1203.020264,207.490295,350.702637,937.460693,73.755478,329.647095,704.363586,172.022873
4.675,229.717789,1203.320679,207.51474,353.112671,939.772339,70.562149,330.098145,706.963867,169.603424
4.683,230.190887,1203.724487,207.551697,355.590302,942.231689,67.321022,330.63913,709.763,167.086319
4.692,230.634323,1204.177246,207.587387,358.17337,944.874634,64.17556,331.055756,712.559021,164.583145
4.7,231.086441,1204.644287,207.659378,360.719299,947.539856,60.856735,331.447845,715.582031,161.902527
4.708,232.215942,1206.160278,210.120728,363.450745,950.439026,57.685276,331.880981,718.717651,159.275909
4.717,232.513947,1206.699219,211.323303,366.059814,953.299622,54.476997,332.342926,721.883972,156.444305
4.725,232.826736,1207.044556,211.218216,368.783997,956.334412,51.355625,332.551666,725.293823,153.685654
4.733,233.129578,1207.394287,211.292801,371.370697,959.418396,48.340633,332.989227,728.65686,150.884659
4.742,233.396088,1207.762817,211.365936,373.939453,962.659424,45.156284,333.340393,732.17511,148.093445
4.75,233.615356,1208.212769,211.429123,376.257812,965.872437,42.066238,333.717499,735.77771,145.3069
4.758,233.884872,1208.623413,211.472504,378.834167,969.297668,38.983902,334.208923,739.739563,142.519608
4.767,234.029907,1209.090698,211.500671,381.120758,972.766052,35.81369,334.780243,743.675476,139.718887
4.775,234.232162,1209.469849,211.442551,383.463135,976.385559,32.711506,335.258789,747.508057,137.008926
4.783,234.507874,1209.855103,211.706085,385.667328,980.203491,29.605572,335.876312,751.78009,134.273315
4.792,234.703217,1210.233887,211.925186,387.821442,984.022766,26.696497,336.386841,755.908813,131.576935
4.8,234.887924,1210.632202,212.035675,390.058289,987.983215,23.759424,336.526001,760.157104,128.846848
4.808,235.031677,1211.11438,212.018646,392.020386,991.960205,20.865465,336.709137,764.459045,125.845268
4.817,235.277359,1211.65332,211.916931,393.953979,996.036682,18.042513,337.17865,768.720032,122.697304
4.825,235.532257,1212.324707,211.99791,395.960175,1000.279541,15.207105,337.284454,773.017456,119.480186
4.833,235.684082,1212.956055,212.120285,397.647217,1004.448669,12.336365,337.612305,777.400635,116.289719
4.842,235.84407,1213.508545,212.207611,399.24588,1008.714783,9.675187,337.797211,781.773132,113.045219
4.85,236.064941,1214.133301,212.265732,400.717896,1013.069763,7.00974,338.359192,786.230042,109.717949
4.858,236.284576,1214.880737,212.426437,402.028778,1017.437073,4.404881,338.535065,790.496277,106.65036
4.867,236.381302,1215.657593,212.33316,403.286438,1021.859741,1.797723,338.652191,794.822266,103.68557
4.875,236.403259,1216.361816,212.428284,404.529572,1026.318848,-0.891615,338.889099,799.256409,100.472481
4.883,236.55632,1217.047974,212.619263,405.619873,1030.900757,-3.331642,339.150085,803.632263,97.272423
4.892,236.616501,1217.694946,212.619659,406.698242,1035.463379,-5.726877,339.44104,808.004944,94.024261
4.9,236.674606,1218.442871,212.61824,407.715485,1040.1521,-8.139766,339.715851,812.538818,90.453743
4.908,236.696808,1219.273315,212.698257,408.633057,1044.790283,-10.487195,339.764526,816.881409,87.147194
4.917,236.823013,1220.015381,212.734543,409.418579,1049.477783,-12.905682,339.880005,821.358704,83.795593
4.925,236.786667,1220.494019,211.759247,410.073883,1054.238281,-15.223485,339.971832,825.793396,80.54351
4.933,236.893112,1221.303101,211.754807,410.649323,1059.112427,-17.485537,340.11853,830.345093,77.213097
4.942,236.988205,1222.212769,211.98938,411.180389,1063.912476,-19.787949,340.243439,834.917542,73.94593
4.95,237.038406,1222.961182,211.763031,411.704254,1068.664062,-22.129049,340.449768,839.551147,70.659698
4.958,237.096893,1223.667603,211.822647,411.936371,1073.640625,-24.509226,340.40097,844.024231,67.573563
4.967,237.079941,1224.483398,211.955917,412.175446,1078.546143,-26.506937,340.58429,848.639832,64.36972
4.975,237.120728,1225.342773,211.839355,412.34903,1083.520752,-29.018414,340.422272,853.190247,61.423397
4.983,237.155701,1226.15625,211.562881,412.420135,1088.523071,-31.243063,340.526855,857.920532,58.353794
4.992,237.165421,1226.89978,211.5103,412.478882,1093.567871,-33.195805,340.396942,862.489136,55.3535
5,237.21701,1227.656372,211.651535,412.399963,1098.526855,-35.466583,340.294464,867.16687,52.357162
5.008,237.265991,1228.518066,211.475494,412.162231,1103.486572,-37.724998,340.224365,871.794373,49.370518
5.017,237.252213,1229.387207,211.14917,411.817566,1108.500366,-39.621021,340.066467,876.411377,46.497559
5.025,237.28421,1230.10498,211.116577,411.493866,1113.290771,-41.736046,339.818878,880.94397,43.599873
5.033,237.333603,1230.876953,211.046936,411.086609,1118.275635,-43.892822,339.652283,885.505554,40.708229
5.042,237.316208,1231.759644,210.699249,410.527588,1123.113281,-45.772079,339.414978,889.889648,38.020409
5.05,237.377472,1232.709717,210.496613,409.990295,1127.828857,-47.67511,339.060852,894.370361,35.1427
5.058,237.262619,1233.48999,210.409836,409.335419,1132.605469,-49.687363,338.826874,898.723633,32.491726
5.067,237.196716,1234.475098,210.252792,408.807617,1137.468506,-51.60902,338.569763,902.993042,29.938776
5.075,237.155579,1235.474609,209.874924,408.197021,1142.291382,-53.6451,338.210846,907.232788,27.379084
5.083,236.991302,1236.460938,209.521454,407.130737,1146.839844,-55.517445,338.090088,911.333374,24.943911
5.092,236.964035,1237.581665,209.33963,406.117859,1151.400146,-57.145996,337.831238,915.470337,22.557474
5.1,236.859406,1238.832397,208.776276,405.345947,1155.698608,-58.726448,337.499634,919.521667,20.266216
5.108,236.706909,1239.987305,208.183273,404.422272,1160.242798,-60.867947,337.19455,923.456482,18.006706
5.117,236.588181,1241.303711,207.540558,403.56781,1164.345093,-62.111874,336.99942,927.384766,15.723262
5.125,236.417084,1242.63501,206.997131,402.622681,1168.308594,-63.635029,336.553711,931.210449,13.52487
5.133,236.160522,1243.893799,206.505142,401.681702,1172.564087,-65.319633,336.154999,935.039429,11.311087
5.142,236.048798,1245.207886,205.72168,400.691803,1176.629517,-66.745453,335.739288,938.724121,9.223708
5.15,235.913437,1246.262329,205.080185,399.913727,1180.61792,-68.09536,335.261047,942.49353,6.995138
5.158,235.82637,1247.471924,204.326691,398.984894,1184.459839,-69.50428,334.739288,946.087585,4.803826
5.167,235.861084,1248.564209,203.770569,398.080048,1188.419312,-70.692078,334.102295,949.618408,2.696469
5.175,235.696274,1249.49231,203.206039,397.266113,1192.01001,-71.933243,333.461456,953.043518,0.615107
5.183,235.589081,1250.52771,202.640656,396.3284,1195.689819,-73.122253,332.789551,956.420105,-1.52304
5.192,235.372803,1251.441406,202.033157,395.530426,1199.290649,-74.057915,332.154694,959.699707,-3.426168
5.2,235.14859,1252.177979,201.593994,394.434814,1202.863159,-75.040146,331.548706,962.840454,-5.390861
5.208,234.911346,1253.041992,201.192749,393.587402,1206.209351,-75.983185,330.85553,965.910583,-7.438607
5.217,234.725403,1253.917358,200.732315,392.767426,1209.431152,-76.957214,330.269592,968.896484,-9.366146
5.225,234.600296,1254.682495,200.369675,391.785614,1212.658813,-77.797523,329.676544,971.74292,-11.225517
5.233,234.399994,1255.34082,200.037766,390.941132,1215.760498,-78.612534,329.075409,974.530823,-13.011237
5.242,234.247162,1256.056274,199.675247,390.018524,1218.796631,-79.563148,328.396301,977.306335,-14.713653
5.25,234.098663,1256.789673,199.163528,389.186188,1221.630737,-80.243179,327.857574,979.854675,-16.354881
5.258,233.94725,1257.53894,198.671188,388.137878,1224.444092,-81.004883,327.213928,982.347107,-18.049599
5.267,233.675766,1258.151001,198.27272,387.156799,1227.277832,-81.704071,326.678436,984.898438,-19.587559
5.275,233.517624,1258.789917,198.042892,385.988129,1230.123413,-82.530342,326.088074,987.202148,-21.193674
5.283,233.263184,1259.542603,197.643448,385.018341,1232.530518,-83.217476,325.632233,989.503418,-22.654144
5.292,233.132584,1260.360474,197.338211,383.813599,1235.118042,-83.974144,325.108826,991.700928,-24.335005
5.3,232.999893,1261.070068,197.175613,382.628571,1237.717529,-84.712769,324.679749,993.931519,-25.752108
5.308,232.766708,1261.66333,197.010513,381.522705,1240.318726,-85.444885,324.241089,995.994019,-26.79147
5.317,232.608887,1262.290771,196.861298,380.342224,1242.525879,-86.090477,323.851715,998.124207,-28.483685
5.325,232.412659,1263.004517,196.599426,379.122498,1244.973999,-86.692001,323.442657,1000.146973,-29.854395
5.333,232.217606,1263.695679,196.390945,377.989105,1247.307617,-87.215202,322.999542,1002.178406,-31.296215
5.342,231.997696,1264.273804,196.304657,376.889008,1249.579834,-87.66954,322.563873,1004.120728,-32.558647
5.35,231.724838,1264.778076,196.232391,375.903046,1251.96106,-88.089989,322.036377,1005.966431,-33.802517
5.358,231.395676,1265.238647,196.008621,375.129852,1253.85791,-88.394638,321.494598,1007.856995,-34.926659
5.367,231.128067,1265.817627,195.800125,374.281403,1255.858154,-88.824768,320.958191,1009.700684,-35.738594
5.375,231.022461,1266.406006,195.715546,373.523987,1257.755493,-89.08963,320.312805,1011.379456,-36.629395
5.383,230.950058,1266.967896,195.664352,372.806396,1259.643188,-89.312057,319.656158,1013.090393,-37.730488
5.392,230.858398,1267.428955,195.539856,372.106415,1261.15625,-89.631195,318.80304,1014.552368,-38.723774
5.4,230.74852,1267.776489,195.330658,371.477692,1262.658936,-89.900345,318.000549,1016.01886,-39.807178
5.408,230.61203,1268.019531,195.093613,370.984589,1263.925781,-90.156364,317.015625,1017.336121,-40.970287
5.417,230.483429,1268.241943,194.824173,370.31073,1265.091187,-90.417755,316.040344,1018.487,-42.052082
5.425,230.423203,1268.501709,194.617996,369.797699,1266.114868,-90.782738,314.995117,1019.4776,-43.023205
5.433,230.468842,1268.897461,194.434616,369.21402,1266.921387,-91.167473,314.103668,1020.281067,-43.923965
5.442,230.526703,1269.311646,194.249939,368.55072,1267.646484,-91.564796,313.157135,1020.982483,-44.768127
5.45,230.530914,1269.665649,194.03389,367.865601,1268.096191,-92.066032,312.429901,1021.452759,-45.31295
5.458,230.546371,1270.004028,193.798981,367.4104,1268.464844,-92.435997,311.807739,1021.861694,-45.639088
5.467,230.601959,1270.316162,193.59671,366.855286,1268.740967,-92.918312,311.304596,1022.120239,-46.200371
5.475,230.662415,1270.586548,193.415283,366.407471,1268.900269,-93.341263,310.952759,1022.221558,-46.348309
5.483,230.714325,1270.818604,193.208084,365.935059,1268.983154,-93.904175,310.70462,1022.291199,-46.338089
5.492,230.759537,1271.05896,192.943375,365.631653,1268.885864,-94.357536,310.533997,1022.262573,-46.319374
5.5,230.842987,1271.274658,192.670242,365.220123,1268.665649,-94.944275,310.372742,1022.115967,-45.978901
5.508,230.932327,1271.503418,192.384583,364.971802,1268.320801,-95.388008,310.215729,1021.948792,-45.67234
5.517,231.030045,1271.736328,192.068909,364.870117,1267.966919,-95.792587,310.087189,1021.736633,-45.493351
5.525,231.096771,1271.911621,191.703201,364.787781,1267.528198,-96.168968,309.969727,1021.438721,-45.186249
5.533,231.143692,1272.04126,191.364761,364.700134,1266.977295,-96.618645,309.875397,1021.091919,-44.833538
5.542,231.18541,1272.155518,191.089417,364.856781,1266.353027,-96.855476,309.78418,1020.697144,-44.460018
5.55,231.243607,1272.244751,190.852859,364.968353,1265.696533,-97.187408,309.719025,1020.258545,-44.427158
5.558,231.289246,1272.289062,190.62117,365.252625,1265.028931,-97.320839,309.71936,1019.719238,-44.053631
5.567,231.332275,1272.309692,190.388824,365.405731,1264.209595,-97.45446,309.777924,1019.080261,-43.590614
5.575,231.376846,1272.309082,190.191544,365.700378,1263.460327,-97.548691,309.842041,1018.465881,-43.384293
5.583,231.419708,1272.268433,190.041412,365.957672,1262.626465,-97.627945,309.994019,1017.825134,-42.949783
5.592,231.45787,1272.16687,189.935913,366.225433,1261.871704,-97.665314,310.121521,1017.149353,-42.639111
5.6,231.50209,1272.055664,189.882233,366.511658,1261.045776,-97.65638,310.317383,1016.302795,-42.437965
5.608,231.568665,1271.890381,189.851959,366.778778,1260.105835,-97.674454,310.459625,1015.502686,-42.122272
5.617,231.646362,1271.685059,189.837433,366.977875,1259.368408,-97.681404,310.680176,1014.690308,-41.827007
5.625,231.747452,1271.452515,189.843094,367.336853,1258.428833,-97.711227,310.936737,1013.879272,-41.53812
5.633,231.858871,1271.158325,189.881714,367.686218,1257.349365,-97.666496,311.349854,1012.896301,-41.204727
5.642,231.969727,1270.864624,189.905792,367.965454,1256.319336,-97.599167,311.783112,1011.880371,-40.657841
5.65,232.126373,1270.618408,189.920822,368.269379,1255.245972,-97.614235,312.276855,1010.964417,-40.153164
5.658,232.324661,1270.341187,189.933441,368.565613,1254.092285,-97.611153,312.800049,1009.814392,-39.461838
5.667,232.543228,1270.102173,189.944427,368.746429,1252.976562,-97.597923,313.497803,1008.708984,-38.613369
5.675,232.73735,1269.926025,189.992737,368.945831,1251.735229,-97.580116,314.206818,1007.610901,-37.993248
5.683,232.937286,1269.788696,190.103424,368.921143,1250.686768,-97.657211,314.737946,1006.369141,-37.344448
5.692,233.098007,1269.672241,190.193344,368.924347,1249.480713,-97.663406,315.376129,1005.125671,-36.724041
5.7,233.202103,1269.551514,190.320633,368.937805,1248.172485,-97.659187,315.894165,1003.924866,-36.473331
5.708,233.29039,1269.433838,190.466904,368.862244,1246.925049,-97.764069,316.452942,1002.60376,-36.347794
5.717,233.347214,1269.318115,190.612762,368.777863,1245.696411,-97.630318,317.06369,1001.180542,-36.052147
5.725,233.408951,1269.202271,190.788818,368.788605,1244.263306,-97.604141,317.765137,999.77948,-36.028912
5.733,233.472397,1269.064331,190.939758,368.726746,1243.006348,-97.5849,318.527618,998.354065,-35.770401
5.742,233.527878,1268.895996,191.056305,368.757996,1241.453735,-97.576965,319.323364,996.64447,-35.655811
5.75,233.648804,1268.653198,191.187256,368.847534,1239.988037,-97.540916,320.105865,994.931152,-35.44083
5.758,233.808029,1268.386841,191.224365,368.814941,1238.317139,-97.55864,320.826721,993.205933,-35.262917
5.767,233.964203,1268.097168,191.24939,369.097351,1236.708374,-97.51545,321.588715,991.271484,-35.020313
5.775,234.140381,1267.763306,191.317352,369.400452,1234.912598,-97.395065,322.474487,989.448975,-34.810867
5.783,234.351456,1267.437988,191.354263,369.641846,1233.258911,-97.304863,323.174774,987.494751,-34.633804
5.792,234.589615,1267.090698,191.388626,370.10083,1231.097534,-97.148201,323.807983,985.486633,-34.405807
5.8,234.880981,1266.704346,191.489212,370.402374,1229.246338,-97.181557,324.537598,983.474487,-34.003063
5.808,235.105087,1266.373169,191.564484,370.731415,1227.17749,-96.878281,325.164948,981.379211,-33.703632
5.817,235.331223,1266.005859,191.572113,371.047424,1225.235474,-96.78508,325.745117,979.253723,-33.301193
5.825,235.544037,1265.669067,191.571106,371.491608,1223.025269,-96.599579,326.475739,977.117859,-32.656796
5.833,235.757263,1265.364502,191.543762,371.78006,1220.893188,-96.80825,327.218445,974.888672,-31.998541
5.842,236.045792,1264.970215,191.590302,372.266205,1218.28418,-95.934151,327.906342,972.590698,-31.30718
5.85,236.312515,1264.588867,191.647964,372.982666,1215.862427,-95.489479,328.677551,970.322937,-30.504107
5.858,236.546478,1264.137207,191.792969,373.438995,1213.522949,-95.344933,329.345703,967.977417,-29.72331
5.867,236.744247,1263.750488,191.966248,373.748352,1211.115234,-95.068054,329.999695,965.544312,-28.865704
5.875,236.982346,1263.274048,192.081604,374.148071,1208.5896,-94.665207,330.601196,963.162598,-28.016275
5.883,237.228409,1262.831665,192.167679,374.709625,1206.032104,-94.280968,331.117371,960.773254,-27.173351
5.892,237.474686,1262.429077,192.234634,375.176056,1203.600708,-94.211067,331.685669,958.181335,-26.138512
5.9,237.691849,1262.086304,192.294586,375.532745,1200.813721,-93.618584,332.291779,955.637695,-24.986578
5.908,237.919876,1261.66748,192.317337,376.079163,1198.002808,-93.205002,332.953308,952.915344,-23.572229
5.917,238.159943,1261.243286,192.353973,376.243042,1194.574951,-92.552956,333.637756,950.154907,-22.146824
5.925,238.399918,1260.751465,192.383606,376.740692,1191.49585,-92.038033,334.43692,947.347046,-20.435019
5.933,238.640076,1260.284058,192.506943,376.950928,1188.464966,-91.709023,335.177521,944.598267,-18.746368
5.942,238.835587,1259.890259,192.663925,377.154663,1185.276123,-91.358871,336.074127,941.689575,-16.76363
5.95,239.026062,1259.438965,192.822815,377.240936,1182.045898,-90.942307,336.826111,938.784912,-14.929221
5.958,239.210342,1259.082153,192.984558,377.349365,1178.63916,-90.165512,337.580475,935.838623,-13.036119
5.967,239.427277,1258.718872,193.149277,377.303833,1175.269287,-89.640472,338.370789,932.828613,-10.938928
5.975,239.714691,1258.388916,193.367493,377.135101,1171.74707,-89.087578,339.096252,929.789124,-8.863428
5.983,239.967026,1258.050171,193.63623,376.899933,1168.227661,-88.597145,339.868347,926.728699,-6.674835
5.992,240.189865,1257.699951,193.815048,376.550629,1164.67041,-87.989143,340.734711,923.628845,-4.431127
6,240.360794,1257.347168,194.04483,376.06427,1161.050415,-87.310249,341.488983,920.462524,-2.300333
6.008,240.493256,1257.051025,194.334137,375.672852,1157.499023,-86.526077,342.244629,917.32959,0.005569
6.017,240.562912,1256.762451,194.639801,375.367676,1153.95459,-85.679436,343.034515,914.147522,2.36004
6.025,240.58078,1256.464966,194.877029,375.034729,1150.411133,-84.567192,343.691345,910.916443,4.61883
6.033,240.513931,1256.098877,195.04985,374.979736,1146.861328,-83.38459,344.31311,907.675903,6.958276
6.042,240.488144,1255.758423,195.135681,375.103485,1143.296265,-82.033401,344.976379,904.509216,9.30149
6.05,240.462036,1255.422485,195.155151,375.373688,1139.661011,-80.691963,345.526123,901.292175,11.6321
6.058,240.4198,1255.056274,195.173462,375.891083,1135.986328,-79.188583,346.050903,898.087158,14.052743
6.067,240.372925,1254.682251,195.160812,376.518677,1132.279663,-77.657501,346.423981,894.830139,16.495497
6.075,240.29689,1254.220947,195.127518,377.365051,1128.69519,-75.945511,346.759033,891.51532,18.947102
6.083,240.215012,1253.826416,195.19751,378.110931,1125.031372,-74.184349,347.185699,888.276794,21.341869
6.092,240.083038,1253.445923,195.362564,378.932404,1121.437378,-72.268082,347.514221,885.029175,23.75997
6.1,239.910645,1253.046265,195.513657,379.804565,1117.90332,-70.294006,347.837982,881.682251,26.225925
6.108,239.738083,1252.689087,195.571091,380.415131,1114.381836,-68.296188,348.089752,878.378784,28.393173
6.117,239.553635,1252.329712,195.608398,381.113373,1110.921265,-66.129036,348.473419,875.086365,30.652105
6.125,239.40712,1251.938477,195.696442,381.776794,1107.363403,-63.977642,348.807831,871.791626,32.86842
6.133,239.275146,1251.498413,195.784348,382.255035,1103.786621,-61.722103,349.133301,868.392456,35.147564
6.142,239.102509,1250.961548,195.840179,382.88385,1100.263916,-59.61861,349.257355,864.874817,37.435543
6.15,238.911209,1250.450317,195.816162,383.434784,1096.664062,-57.348778,349.528656,861.406799,39.647343
6.158,238.709198,1249.959961,195.884949,383.959106,1093.126831,-55.108936,349.649139,857.904236,41.781567
6.167,238.538376,1249.493896,195.931778,384.442047,1089.72644,-53.074287,349.654083,854.650879,44.014622
6.175,238.386017,1248.994995,196.060501,384.732178,1086.222534,-50.747543,349.655334,851.460938,46.24501
6.183,238.258438,1248.526001,196.23494,385.126099,1082.809082,-48.291622,349.564453,848.15625,48.38493
6.192,238.088043,1247.92627,196.307159,385.384949,1079.446411,-46.101452,349.507538,844.945312,50.690765
6.2,237.946106,1247.216919,196.261047,385.746704,1076.084839,-43.869892,349.296234,841.659119,53.069946
6.208,237.787949,1246.521362,196.274551,386.059662,1072.632324,-41.324425,349.047089,838.468262,55.397106
6.217,237.720078,1245.846313,196.18895,386.519989,1069.098145,-38.919601,348.643341,834.977417,57.965977
6.225,237.705627,1245.041138,196.118942,387.061157,1065.545532,-36.523365,348.362671,831.678467,60.496044
6.233,237.587708,1244.22583,195.936707,387.509613,1062.021118,-34.134918,347.991882,828.476379,63.131489
6.242,237.396729,1243.469238,196.006073,387.986359,1058.357178,-31.437595,347.709656,825.367798,65.75013
6.25,237.212448,1242.85376,196.015991,388.470734,1054.861816,-28.754805,347.335571,822.179199,68.480301
6.258,237.0569,1242.295288,195.985489,388.737122,1051.445801,-26.329929,346.860901,819.029663,71.155777
6.267,236.932739,1241.630615,195.913406,389.064117,1048.044189,-23.565529,346.532318,815.927673,73.771622
6.275,236.72644,1240.882202,195.8293,389.184875,1044.72168,-20.874361,346.061188,812.741028,76.461304
6.283,236.585281,1240.196045,195.868134,389.442596,1041.547119,-18.088568,345.624329,809.762329,79.196426
6.292,236.44873,1239.594238,195.909958,389.572632,1038.224365,-15.34581,345.017273,806.649231,81.95565
6.3,236.302856,1238.922241,195.807785,389.744232,1034.939697,-12.523703,344.480072,803.759033,84.749084
6.308,236.116867,1238.179932,195.868607,389.988281,1031.665283,-9.477759,344.157654,800.620544,87.339111
6.317,235.951126,1237.520264,196.09935,390.217926,1028.498169,-6.605419,343.50827,797.726196,90.355186
6.325,235.751328,1236.891968,196.513168,390.487976,1025.270874,-3.441977,342.932373,794.62439,93.536354
6.333,235.591003,1236.322266,196.401245,390.630554,1022.212646,-0.427071,342.335571,791.922119,96.523376
6.342,235.359985,1235.773926,196.488953,390.651093,1019.22644,2.581596,341.712341,788.98291,99.513138
6.35,235.164032,1235.280396,196.491577,390.594513,1016.297607,5.595292,341.019867,786.293945,102.543762
6.358,234.956421,1234.718872,196.413147,390.414856,1013.586975,8.460426,340.536163,783.824768,104.939804
6.367,234.712769,1234.240845,196.537552,390.009338,1010.898132,11.326902,339.825958,781.315369,107.538948
6.375,234.412354,1233.738525,196.778992,389.785217,1008.393433,13.987351,339.15036,778.600098,109.914742
6.383,234.194977,1233.306396,196.895721,389.063446,1005.582825,17.09692,338.206757,775.97821,112.58773
6.392,233.971954,1232.781494,196.771332,388.516388,1003.05011,19.688675,337.549194,773.480835,115.236778
6.4,233.732971,1232.235107,196.919983,387.898346,1000.455505,22.528465,336.895721,771.001831,117.891426
6.408,233.450851,1231.644653,197.182922,387.283447,997.980591,25.086105,336.32016,768.620728,120.522232
6.417,233.142456,1230.912354,197.407425,386.504364,995.471497,27.728649,335.607727,766.134888,123.276878
6.425,232.972458,1230.24939,196.902634,385.814484,993.03949,30.286486,335.212921,763.871521,125.963646
6.433,232.751556,1229.667358,196.84259,384.957214,990.626892,32.83733,334.630341,761.53833,128.631302
6.442,232.428818,1229.031006,197.087997,384.303467,988.314636,35.612129,334.09552,759.155945,130.976273
6.45,232.121857,1228.440674,197.125397,383.513824,985.905701,38.252274,333.415771,756.674133,133.582794
6.458,231.68396,1227.449097,196.473251,382.749298,983.632202,40.980106,332.717987,754.20459,136.014053
6.467,231.524368,1227.086548,196.890869,381.945557,981.263672,43.731548,332.111481,751.87323,138.421051
6.475,231.167938,1226.345703,196.576935,381.136993,979.035278,46.413101,331.555542,749.508179,140.844482
6.483,231.004578,1225.833496,196.970947,380.410156,976.901428,49.175934,330.965118,747.140686,143.25679
6.492,230.706024,1225.164795,196.94342,379.504852,974.675293,51.689003,330.569641,745.048401,145.631821
6.5,230.503616,1224.581177,197.28212,378.652985,972.658142,54.152935,330.187195,742.979431,148.147034
6.508,230.332092,1223.950806,197.220337,377.548187,970.58844,56.533649,329.757202,740.867249,150.400513
6.517,230.151306,1223.414673,197.396912,376.570587,968.719055,58.532131,329.256409,738.864319,152.536545
6.525,229.944305,1222.709961,197.673996,375.473663,966.848206,60.867657,328.721649,736.991333,154.657761
6.533,229.744537,1222.080078,198.149857,374.410675,965.101196,62.91534,328.202972,735.001343,156.560089
6.542,229.56868,1221.473511,198.435318,373.309601,963.244873,64.882988,327.65921,733.174011,158.489563
6.55,229.334671,1220.873779,198.681595,372.198547,961.533203,66.919235,327.126068,731.371399,160.478821
6.558,229.105072,1220.124512,198.93895,371.13208,959.890625,68.789925,326.673187,729.702576,162.387024
6.567,228.869843,1219.388306,199.481506,369.948547,958.14917,70.702919,326.091125,727.925171,164.267944
6.575,228.665039,1218.79541,200.130402,368.896851,956.403931,72.444969,325.55423,726.223022,166.068619
6.583,228.462646,1218.17041,200.457138,367.652313,954.835083,74.34346,325.07608,724.551208,167.968719
6.592,228.284607,1217.532715,200.851273,366.394562,953.183777,76.14019,324.641296,722.974609,169.766968
6.6,227.395294,1215.908447,199.088684,365.173981,951.555481,77.893349,324.226074,721.234436,171.558701
6.608,227.208633,1215.291382,199.409714,363.932129,949.923157,79.709747,323.810303,719.639465,173.327682
6.617,226.98819,1214.727295,199.531403,362.714783,948.490234,81.456345,323.418152,718.032104,175.209686
6.625,226.828766,1214.229614,199.726517,361.454773,946.893005,83.324425,323.063812,716.608521,176.949799
6.633,226.676147,1213.691284,199.94046,360.261078,945.484802,85.117859,322.649994,715.03656,178.850494
6.642,226.436676,1213.078247,200.141556,358.994446,943.915771,86.854576,322.276001,713.488342,180.634689
6.65,226.319077,1212.615234,200.299896,357.762756,942.522095,88.601067,321.891174,712.098999,182.43782
6.658,226.184464,1212.142212,200.409943,356.507355,941.189209,90.337341,321.424072,710.671326,184.1147
6.667,226.078354,1211.725464,200.536758,355.1651,939.885254,92.058121,320.92688,709.315613,185.686218
6.675,225.984406,1211.362793,200.682266,353.905884,938.659119,93.70063,320.384766,707.968323,187.27803
6.683,225.889343,1211.003662,200.851364,352.523407,937.492126,95.377541,319.952332,706.784668,188.645828
6.692,225.801147,1210.597656,201.072968,351.257965,936.375,96.953201,319.388062,705.471008,190.184586
6.7,225.662338,1210.183472,201.300629,349.890198,935.235901,98.620575,318.897186,704.372314,191.666672
6.708,225.492599,1209.849487,201.519547,348.546295,934.175293,100.085236,318.36319,703.253113,193.164444
6.717,225.300598,1209.50708,201.710266,347.125183,933.206116,101.594948,317.876099,702.265381,194.532394
6.725,225.157516,1209.24939,201.881256,345.698669,932.251343,103.132439,317.401733,701.313904,195.869476
6.733,224.99556,1209.022461,202.093079,344.311981,931.423828,104.508194,316.860809,700.293579,197.237991
6.742,224.860291,1208.807617,202.346024,342.894867,930.565063,105.997696,316.407074,699.465393,198.516174
6.75,224.725769,1208.585815,202.615967,341.666534,929.836548,107.358841,315.960663,698.562195,199.858536
6.758,224.515076,1208.320435,202.865173,340.130005,929.0896,108.779137,315.460236,697.706787,201.138458
6.767,224.339996,1208.047485,203.108368,338.792236,928.397278,110.033562,315.085358,697.011047,202.347168
6.775,224.124649,1207.775757,203.349228,337.480835,927.625854,111.412064,314.599457,696.06311,203.544662
6.783,223.961105,1207.458008,203.588745,336.240997,926.971191,112.706696,314.214203,695.415955,204.529572
6.792,223.859207,1207.270142,203.878632,334.94574,926.356201,114.040344,313.733704,694.7005,205.542038
6.8,223.743622,1207.062744,204.123566,333.763031,925.73822,115.228394,313.261383,693.959717,206.591721
6.808,223.66362,1206.894653,204.356018,332.436127,925.171875,116.440331,312.783905,693.353271,207.538742
6.817,223.576996,1206.718018,204.610504,331.307831,924.587158,117.525063,312.422607,692.82428,208.488708
6.825,223.50415,1206.537476,204.870682,330.175598,923.968445,118.674965,312.015076,692.215027,209.553726
6.833,223.471268,1206.365234,205.153809,329.048798,923.383789,119.735687,311.643341,691.648865,210.611511
6.842,223.426788,1206.14978,205.43895,327.810822,922.878296,120.675117,311.283478,691.14032,211.636612
6.85,223.322296,1205.889526,205.669327,326.747894,922.331421,121.584,310.954102,690.643005,212.565796
6.858,223.265625,1205.596313,205.900574,325.726471,921.788147,122.556229,310.55719,690.123291,213.532516
6.867,223.158478,1205.311646,206.131317,324.730255,921.335754,123.530106,310.114563,689.657043,214.375595
6.875,223.060944,1205.000488,206.400803,323.892029,920.840454,124.452866,309.648773,689.172791,215.199875
6.883,222.985596,1204.732422,206.703339,322.989716,920.405762,125.399261,309.196777,688.729309,216.018738
6.892,222.906052,1204.499146,206.952301,322.189636,919.937012,126.277748,308.824249,688.294006,216.782578
6.9,222.861145,1204.32312,207.154404,321.410126,919.535583,127.107948,308.422577,687.944702,217.622589
6.908,222.802811,1204.142578,207.323227,320.538391,919.135193,127.955513,308.062073,687.611633,218.460144
6.917,222.734085,1203.960693,207.507721,319.776337,918.750732,128.729248,307.708588,687.244019,219.411133
6.925,222.689316,1203.762573,207.75766,319.159698,918.326416,129.533203,307.468323,686.944397,220.303619
6.933,222.600739,1203.500854,207.99469,318.545258,917.883972,130.372604,307.236145,686.627258,221.244705
6.942,222.546127,1203.20874,208.177917,318.06369,917.470886,131.153488,306.970215,686.332153,222.003998
6.95,222.482224,1202.892822,208.36586,317.637024,917.077087,131.847885,306.594238,685.955505,222.841843
6.958,222.438919,1202.574219,208.526306,317.270966,916.677673,132.469864,306.227783,685.572754,223.581345
6.967,222.390884,1202.19397,208.644348,316.982483,916.278687,133.027802,305.85907,685.211792,224.273544
6.975,222.39946,1201.880493,208.779129,316.604218,915.87384,133.559204,305.55835,684.835449,224.927032
6.983,222.495438,1201.586426,208.937149,316.350983,915.401794,134.05336,305.289307,684.52771,225.487701
6.992,222.633362,1201.319092,209.089294,316.042755,914.940613,134.502594,305.048828,684.270447,226.043106
7,222.788345,1201.045898,209.203201,315.773315,914.526855,134.835999,304.885315,683.935059,226.665405
7.008,222.977936,1200.774902,209.343048,315.475555,914.134827,135.160767,304.726532,683.699585,227.192932
7.017,223.120316,1200.579956,209.475525,315.238739,913.833252,135.454971,304.561401,683.438171,227.671249
7.025,223.263321,1200.429688,209.577713,315.021088,913.612244,135.700546,304.492828,683.27063,228.036087
7.033,223.363495,1200.329102,209.696289,314.826111,913.447083,135.934998,304.459381,683.119202,228.363358
7.042,223.523254,1200.321411,209.862366,314.641357,913.366516,136.134781,304.451569,683.068237,228.586121
7.05,223.571152,1200.334961,209.982269,314.505096,913.343872,136.279373,304.475067,683.050232,228.708511
7.058,223.628342,1200.398926,210.152222,314.414764,913.374756,136.410889,304.497314,683.062317,228.758606
7.067,223.622665,1200.486694,210.296204,314.379456,913.471191,136.520889,304.568512,683.099487,228.736664
7.075,223.620392,1200.6427,210.412796,314.426514,913.616028,136.601135,304.64093,683.221924,228.62561
7.083,223.59227,1200.787842,210.514801,314.504517,913.803345,136.639816,304.749512,683.308655,228.531067
7.092,223.563461,1200.938354,210.584183,314.615295,913.981201,136.673279,304.879517,683.439087,228.410995
7.1,223.530869,1201.104736,210.631958,314.77948,914.189819,136.697662,305.077881,683.588135,228.301682
7.108,223.493958,1201.292358,210.683426,314.949524,914.419067,136.690674,305.386292,683.800598,228.20224
7.117,223.495804,1201.481445,210.71167,315.182404,914.675293,136.676605,305.716156,684.073242,228.089951
7.125,223.494385,1201.657593,210.732605,315.398407,914.914368,136.673218,306.056335,684.281738,227.959839
7.133,223.510147,1201.823364,210.743393,315.686493,915.148621,136.629059,306.419617,684.487061,227.87471
7.142,223.535507,1201.9823,210.712799,315.941223,915.378052,136.600357,306.779236,684.652649,227.762253
7.15,223.569214,1202.099976,210.675369,316.229248,915.565918,136.544891,307.128967,684.86438,227.60141
7.158,223.635178,1202.236572,210.597412,316.530701,915.77771,136.465149,307.50351,685.027161,227.408661
7.167,223.706268,1202.373169,210.529999,316.95285,915.967163,136.401443,307.928833,685.180542,227.151215
7.175,223.794952,1202.505981,210.456436,317.197327,916.222473,136.242813,308.295135,685.326538,226.896103
7.183,223.890747,1202.701172,210.348343,317.374603,916.497559,136.004852,308.656738,685.508728,226.569992
7.192,224.007797,1202.875977,210.266357,317.676575,916.715149,135.796341,309.066193,685.668884,226.314606
7.2,224.123535,1203.025879,210.205475,317.884644,916.88208,135.525375,309.44696,685.84967,226.049683
7.208,224.215195,1203.161011,210.152359,318.109436,917.08197,135.191742,309.863037,686.098022,225.765137
7.217,224.331955,1203.309448,210.084198,318.267426,917.232239,134.857071,310.237579,686.388489,225.522812
7.225,224.403625,1203.450562,210.050232,318.476807,917.428101,134.407486,310.528931,686.644409,225.215179
7.233,224.467651,1203.597778,210.007385,318.683533,917.588562,133.962616,310.721039,686.897766,224.962814
7.242,224.509476,1203.775391,209.988419,318.987335,917.832947,133.416702,310.837097,687.139343,224.696442
7.25,224.560989,1203.969604,209.966766,319.283569,918.089478,132.805878,310.851074,687.436584,224.448181
7.258,224.618073,1204.172363,209.949493,319.693298,918.384277,132.164825,310.805481,687.840149,224.1203
7.267,224.703308,1204.390869,209.92421,320.120148,918.71814,131.528595,310.788513,688.259705,223.867294
7.275,224.770966,1204.62854,209.898743,320.5159,919.08905,130.894196,310.739563,688.706909,223.677765
7.283,224.829025,1204.928101,209.84288,320.983246,919.531006,130.315384,310.717957,689.300476,223.499176
7.292,224.904678,1205.309204,209.775055,321.517212,920.007751,129.735764,310.704651,689.962769,223.469498
7.3,225.025696,1205.846802,209.682083,322.044098,920.618103,129.110046,310.708466,690.841614,223.492966
7.308,225.140045,1206.440674,209.576324,322.635162,921.324585,128.438797,310.674042,691.697815,223.39183
7.317,225.140457,1207.061646,209.520004,323.24762,922.052917,127.680557,310.666626,692.546814,223.321335
7.325,225.153687,1207.628296,209.504089,323.975677,922.847595,126.915352,310.637909,693.53479,223.093384
7.333,225.174545,1208.197754,209.466431,324.907867,923.697327,126.047356,310.574127,694.495605,222.925125
7.342,225.257629,1208.877197,209.436615,326.018524,924.545959,125.193207,310.473846,695.494202,222.636551
7.35,225.447464,1209.681763,209.423706,327.117218,925.606689,124.141327,310.455475,696.686951,222.167816
7.358,225.642334,1210.437866,209.407776,328.290924,926.683716,122.97451,310.247498,697.926086,221.693237
7.367,225.80687,1211.123657,209.447723,329.59903,927.764099,121.689522,310.077332,699.157532,221.099442
7.375,226.00119,1211.836304,209.460907,330.963104,928.939697,120.267548,310.012482,700.558289,220.29744
7.383,226.344971,1212.731934,209.417282,332.467072,930.137695,118.856834,309.795685,702.070862,219.584778
7.392,226.624115,1213.595581,209.314102,333.987,931.425781,117.24559,309.711182,703.580261,218.771301
7.4,226.891525,1214.314087,209.22818,335.57373,932.824707,115.702728,309.654449,705.227234,217.941925
7.408,227.248474,1215.047119,209.205292,337.219971,934.339172,113.96769,309.687592,707.066406,217.131775
7.417,227.722778,1216.097168,209.102921,339.122467,935.883484,112.225761,309.715393,708.8703,216.164673
7.425,228.087601,1216.883545,209.068848,341.049255,937.416687,110.457024,309.784058,710.893372,215.258621
7.433,228.540375,1217.701538,209.023956,343.024902,939.126831,108.656021,309.981262,712.804443,214.164093
7.442,228.94252,1218.618164,208.924835,345.196228,940.912659,106.967438,310.09021,714.95459,213.200607
7.45,229.363098,1219.564453,208.820709,347.496338,942.691162,105.071045,310.357117,717.053894,211.921021
7.458,229.735092,1220.315674,208.699005,349.876312,944.52594,103.237534,310.660156,719.322266,210.743164
7.467,230.025284,1220.94751,208.554825,352.378296,946.384338,101.218269,310.983978,721.494141,209.276489
7.475,230.416641,1221.783936,208.443314,354.875336,948.417053,99.346649,311.169647,723.80011,207.744202
7.483,230.761032,1222.551636,208.286896,357.515228,950.295288,97.354668,311.415619,726.103699,205.896973
7.492,231.011383,1223.08606,208.107819,360.158569,952.222656,95.333344,311.572968,728.452637,203.943298
7.5,231.329132,1223.563354,207.977936,362.808472,954.278931,93.244392,311.825928,730.781799,201.915222
7.508,231.72113,1224.078369,207.824051,365.576813,956.317383,91.105392,312.144012,733.27417,199.841705
7.517,232.099899,1224.583862,207.725204,368.16275,958.316284,88.716187,312.559357,735.796814,197.637268
7.525,233.321945,1226.236816,209.852676,370.780792,960.413086,86.336952,313.086731,738.467651,195.53006
7.533,233.530518,1226.408813,209.311615,373.318604,962.647705,83.818352,313.752869,741.150452,193.217987
7.542,234.132248,1227.097656,209.985809,375.725403,964.918762,81.121185,314.47345,743.937805,191.047577
7.55,234.380005,1227.348389,209.758804,378.214539,967.2052,78.492722,315.249329,746.712097,188.663254
7.558,234.808121,1227.907593,210.095917,380.503265,969.641052,75.856178,316.124298,749.623901,186.303879
7.567,235.131775,1228.272827,209.869904,382.850739,972.099304,73.067551,316.952576,752.513184,183.786423
7.575,235.587708,1228.805908,209.930603,385.243011,974.638,70.367027,317.908478,755.507874,181.327606
7.583,235.956436,1229.052734,209.581879,387.63092,977.338196,67.767372,318.879822,758.468872,178.756271
7.592,236.432907,1229.440552,209.678635,389.958832,979.97406,64.932419,319.886993,761.552185,176.157806
7.6,236.87146,1229.691772,209.677673,392.438507,982.81958,62.330868,320.993958,764.547485,173.276443
7.608,237.344254,1230.014038,209.80307,394.729248,985.572632,59.696671,322.157806,767.684814,170.518539
7.617,237.762039,1230.257935,209.565399,396.98877,988.487,56.910049,323.119202,770.70459,167.555923
7.625,238.244522,1230.634277,209.572235,399.15799,991.50116,54.081249,324.340729,773.897461,164.293381
7.633,238.591064,1230.951782,209.537033,401.369293,994.621033,51.297916,325.390167,776.979858,160.99646
7.642,238.995041,1231.388794,209.821762,403.357574,997.800476,48.38755,326.357086,780.199707,157.647491
7.65,239.311401,1231.626587,209.654602,405.243896,1000.962952,45.375187,327.469025,783.485535,154.081451
7.658,239.58548,1231.871094,209.689713,407.065613,1004.359497,42.372185,328.369141,786.730164,150.760422
7.667,239.843124,1232.123657,209.742523,408.846649,1007.713806,39.313374,329.45401,790.188293,147.125687
7.675,240.105881,1232.375,209.909546,410.437012,1011.199585,36.363297,330.339569,793.370361,143.553207
7.683,240.311737,1232.661255,210.229813,412.129608,1014.982483,32.956463,331.591003,797.021729,139.725845
7.692,240.45108,1232.907715,210.371078,413.391205,1018.609619,30.366852,332.683014,800.453125,135.976501
7.7,240.617767,1233.227905,210.595993,414.987183,1022.539978,27.625666,333.634705,804.074951,132.341797
7.708,240.820831,1233.519043,210.653671,416.432739,1026.486328,24.744547,334.26474,807.444092,128.781036
7.717,241.013031,1233.905029,210.838898,417.759949,1030.332275,22.032513,335.481049,811.095459,125.107033
7.725,241.239075,1234.301147,211.104797,419.064667,1034.257324,19.309883,336.48761,814.898682,121.422737
7.733,241.439041,1234.67749,211.117783,420.197693,1038.376953,16.572062,337.484619,818.549194,117.66082
7.742,241.599716,1235.083374,211.081131,421.323486,1042.449219,13.852379,338.22406,822.330444,114.297508
7.75,241.721481,1235.495361,211.173416,422.349823,1046.591919,11.144479,339.21701,826.125305,110.884735
7.758,241.880875,1235.888184,211.296936,423.227417,1050.702393,8.339787,340.171875,829.874451,107.267632
7.767,242.084259,1236.329346,211.619858,424.029327,1054.948242,5.561699,340.769806,833.673828,103.849709
7.775,242.279739,1236.793335,211.595169,424.641113,1059.241821,2.86544,341.671448,837.519714,100.461914
7.783,242.484116,1237.289185,211.427261,425.323242,1063.691772,0.202891,342.437988,841.543823,96.777359
7.792,242.649994,1237.769287,211.396255,425.944366,1068.048828,-2.407211,343.080048,845.328735,93.239822
7.8,242.84787,1238.324585,211.569733,426.332672,1072.388916,-5.156471,343.740448,849.195374,89.619324
7.808,242.954361,1238.823975,211.612946,426.623383,1076.861328,-7.806398,344.236786,853.087402,86.081306
7.817,243.069214,1239.377075,211.770721,426.741119,1081.453369,-10.748947,344.77475,857.129333,82.649422
7.825,243.238754,1239.940674,211.735367,426.815552,1085.944092,-13.262208,345.245483,861.163452,79.179787
7.833,243.406403,1240.523193,211.655579,426.836578,1090.618652,-16.160143,345.690002,865.298584,75.817108
7.842,243.551056,1241.055176,211.582291,426.563751,1095.405762,-18.919903,346.160919,869.498474,72.489342
7.85,243.690567,1241.60437,211.464264,426.236603,1100.095093,-21.449764,346.530243,873.641968,69.173241
7.858,243.857574,1242.103394,211.361755,425.938721,1104.763672,-24.270672,346.8302,877.925476,65.878403
7.867,243.981018,1242.545044,211.396851,425.547607,1109.543091,-26.995827,346.981232,882.151855,62.503738
7.875,244.13588,1242.983765,211.33345,425.111603,1114.267334,-29.433907,347.036041,886.485046,59.152699
7.883,244.325058,1243.446777,211.127609,424.705048,1119.054688,-32.177441,346.985229,890.61969,55.870586
7.892,244.516357,1243.858276,210.795029,424.061249,1123.790405,-34.819016,346.831451,894.957642,52.443039
7.9,244.727173,1244.289062,210.524948,423.326904,1128.669556,-37.257706,346.69046,899.338318,49.312759
7.908,244.896729,1244.687988,210.383865,422.73642,1133.242065,-39.648312,346.472382,903.729919,46.045399
7.917,245.091873,1245.105713,210.347046,421.97702,1138.022705,-41.998901,346.083832,908.164917,43.072594
7.925,245.234207,1245.469238,210.206757,421.086823,1142.842407,-44.473347,345.66983,912.598206,40.317669
7.933,245.354172,1245.883179,209.953003,420.199066,1147.529541,-46.737755,345.388184,917.103943,37.630333
7.942,245.518051,1246.369263,209.639496,419.348511,1152.818481,-49.403362,344.954071,921.489441,35.172085
7.95,245.65947,1246.855103,209.37912,418.105011,1157.42041,-51.360229,344.531036,925.875366,32.773174
7.958,245.798889,1247.38501,209.226685,417.160492,1161.95874,-53.571468,343.997559,930.151245,30.265764
7.967,245.91806,1247.899414,209.135452,416.056519,1166.572754,-55.606232,343.59259,934.284668,27.943916
7.975,246.009613,1248.408447,208.995422,414.776215,1170.97644,-57.540886,343.044952,938.376831,25.334986
7.983,246.036972,1248.885498,208.765198,413.540802,1175.236938,-59.143494,342.443115,942.440552,22.954485
7.992,246.09758,1249.438599,208.416901,412.177399,1179.780762,-60.94252,341.945129,946.41449,20.645542
8,246.200974,1250.025269,208.140167,410.974182,1184.01123,-62.419975,341.449036,950.371948,18.428471
8.008,246.229218,1250.602051,207.945648,409.68692,1188.17041,-63.992977,341.0802,954.349487,16.291733
8.017,246.229767,1251.141968,207.87413,408.23877,1192.570557,-65.472313,340.720001,958.158691,14.345571
8.025,246.186386,1251.659058,207.76944,407.036469,1196.575806,-66.873001,340.395905,961.980835,12.530128
8.033,246.142517,1252.297119,207.471039,405.856659,1200.83667,-68.134804,340.060272,965.819336,10.956997
8.042,246.001495,1252.88623,207.132202,404.387421,1205.004028,-69.316956,339.895721,969.521118,9.454832
8.05,245.859818,1253.457275,206.879364,403.309143,1208.928101,-70.316811,339.771698,973.184204,8.090238
8.058,245.555237,1254.071167,206.63739,402.237274,1212.822021,-71.344254,339.504852,976.793701,6.581496
8.067,245.234314,1254.583496,206.357147,401.046356,1216.886841,-72.28521,339.424438,980.397156,5.39852
8.075,245.04509,1255.110474,206.069077,400.103455,1220.604004,-72.932854,339.417908,983.980774,4.257845
8.083,244.824966,1255.710571,205.68335,399.03421,1224.540161,-73.621063,339.312347,987.556213,3.088382
8.092,244.54158,1256.269287,205.154602,398.026459,1228.480103,-74.149826,339.355743,991.178528,1.939413
8.1,244.225021,1256.774658,204.849426,396.937408,1232.427368,-74.752769,339.49527,994.734436,0.952101
8.108,243.860779,1257.353149,204.720367,396.061188,1236.2146,-75.053474,339.554535,998.270752,0.029443
8.117,243.406372,1257.81543,204.571762,395.213379,1240.036987,-75.387238,339.615906,1001.637817,-0.443572
8.125,242.936493,1258.343994,204.487732,394.399353,1243.821899,-75.593842,339.736725,1005.199097,-1.068392
8.133,242.39209,1258.689575,204.179016,393.548248,1247.518066,-75.870186,339.823334,1008.666992,-1.847141
8.142,241.954773,1259.106079,204.042831,392.715027,1251.18103,-75.8909,339.907776,1012.110718,-2.474719
8.15,241.719559,1259.640625,204.036255,391.865234,1254.770752,-75.954453,339.95993,1015.440369,-3.068891
8.158,241.454666,1260.049316,204.02594,391.168335,1258.202515,-75.919083,340.008392,1018.65802,-3.580487
8.167,241.096603,1260.440918,204.025925,390.518829,1261.521973,-75.904297,340.04541,1021.832581,-4.031096
8.175,240.736694,1260.753174,203.993958,389.63739,1264.916748,-75.775978,340.105988,1024.925781,-4.426223
8.183,240.346863,1261.005737,203.987198,388.940796,1267.950317,-75.720299,340.128387,1027.866089,-4.54526
8.192,239.956131,1261.276245,203.990997,388.315369,1271.074341,-75.485695,340.138824,1030.856201,-4.762287
8.2,239.601151,1261.50769,204.009689,387.46759,1274.074463,-75.360809,340.169098,1033.608765,-4.668831
8.208,239.251694,1261.693359,204.040115,386.663452,1276.957764,-74.986305,340.079559,1036.275513,-4.933097
8.217,238.791504,1261.836914,203.992279,385.839783,1279.70459,-74.841759,339.913177,1038.822388,-5.130098
8.225,238.442352,1262.00354,204.065659,384.971954,1282.164429,-74.707542,339.705811,1041.317383,-5.339494
8.233,238.08223,1262.115479,204.159225,384.26001,1284.474731,-74.444908,339.558228,1043.541016,-5.573553
8.242,237.749481,1262.199463,204.279037,383.361298,1286.800049,-74.298866,339.334167,1045.612183,-5.926882
8.25,237.476364,1262.27417,204.368805,382.365326,1289.055176,-74.226379,339.230072,1047.520142,-6.2696
8.258,237.23967,1262.341919,204.433365,381.703918,1290.952637,-73.965164,339.120636,1049.251709,-6.721668
8.267,237.070877,1262.388428,204.49353,381.140625,1292.736206,-73.803215,338.983521,1050.879028,-7.055823
8.275,236.9133,1262.421753,204.551483,380.20636,1294.333618,-73.746674,338.857025,1052.297974,-7.481082
8.283,236.779236,1262.436768,204.598389,379.619202,1295.724365,-73.64682,338.798309,1053.453369,-7.904949
8.292,236.656296,1262.437744,204.626404,378.984985,1297.018555,-73.542519,338.651703,1054.570679,-8.265889
8.3,236.527237,1262.430298,204.66011,378.635742,1298.008423,-73.40107,338.559448,1055.504883,-8.489271
8.308,236.398666,1262.407104,204.665527,378.200989,1298.942017,-73.275261,338.438324,1056.265015,-8.650867
8.317,236.264679,1262.369507,204.646942,377.925446,1299.536133,-73.200287,338.260254,1056.861572,-8.762748
8.325,236.162064,1262.335693,204.624741,377.995941,1299.875488,-73.039848,338.058899,1057.219482,-8.800884
8.333,236.063004,1262.31543,204.56456,378.31778,1300.029053,-72.775368,337.825806,1057.452148,-8.666758
8.342,235.964493,1262.300415,204.513565,378.80896,1299.906982,-72.516457,337.635773,1057.499268,-8.420048
8.35,235.857208,1262.293579,204.471863,379.428345,1299.546265,-72.274071,337.516449,1057.359619,-7.972581
8.358,235.749039,1262.310547,204.467606,380.097748,1299.003174,-71.920189,337.429626,1057.021362,-7.291865
8.367,235.565125,1262.287842,204.496765,381.073517,1298.321045,-71.452621,337.460541,1056.535034,-6.566853
8.375,235.326569,1262.242065,204.598312,381.982269,1297.50647,-70.965828,337.609589,1055.888306,-5.598702
8.383,235.139511,1262.209351,204.768539,382.777618,1296.503418,-70.446648,337.874939,1055.195923,-4.528765
8.392,234.93602,1262.141724,205.027863,383.616821,1295.559692,-69.852913,338.137512,1054.360352,-3.683471
8.4,234.696548,1262.056519,205.276459,384.253632,1294.526245,-69.424789,338.459106,1053.475952,-2.88906
8.408,234.480148,1261.928467,205.488983,385.070648,1293.376221,-68.961143,338.846039,1052.438965,-2.079429
8.417,234.273727,1261.793579,205.671616,385.682007,1292.224243,-68.458763,339.337006,1051.407959,-1.272559
8.425,234.112137,1261.583618,205.888214,386.398987,1291.113892,-68.086372,339.761993,1050.280151,-0.739698
8.433,233.991943,1261.383057,206.023499,387.014648,1290.017822,-67.718803,340.173645,1049.080322,-0.164374
8.442,233.899841,1261.13562,206.133163,387.665894,1288.735474,-67.441689,340.7659,1048.01416,0.347689
8.45,233.740997,1260.746704,206.180038,388.350098,1287.543579,-67.166222,341.242828,1046.921387,0.841707
8.458,233.711716,1260.438232,206.275696,388.924683,1286.440552,-67.074623,341.619934,1045.663086,1.197697
8.467,233.757324,1260.167725,206.36087,389.714844,1284.84668,-66.460381,342.044067,1044.476929,1.586831
8.475,233.870636,1259.88269,206.457642,390.302338,1283.480591,-66.259293,342.320526,1043.221191,1.872483
8.483,233.980392,1259.60144,206.476715,390.970612,1281.981445,-65.996559,342.616211,1041.851807,2.26898
8.492,234.084305,1259.317139,206.505203,391.793732,1280.384277,-65.694138,342.8591,1040.426758,2.710334
8.5,234.217926,1258.996826,206.553558,392.600006,1278.746338,-65.456512,343.166138,1038.900146,3.27369
8.508,234.325302,1258.670776,206.594635,393.384003,1276.952271,-65.265663,343.425323,1037.225342,3.824729
8.517,234.437546,1258.303345,206.683228,394.212555,1275.080322,-65.098557,343.713959,1035.491333,4.398428
8.525,234.537582,1257.932495,206.786545,395.013092,1273.023315,-64.82299,344.000732,1033.630371,5.0963
8.533,234.533386,1257.477783,206.856522,395.698364,1270.961548,-64.5886,344.247833,1031.781982,5.542325
8.542,234.713089,1257.164551,207.057678,396.401825,1268.851318,-64.356453,344.493103,1029.798462,6.069229
8.55,234.82486,1256.851562,207.210266,397.063843,1266.733398,-64.089211,344.831665,1027.749756,6.586406
8.558,234.88797,1256.535767,207.289566,397.78537,1264.415527,-63.888176,345.253693,1025.615234,7.177813
8.567,234.936615,1256.253052,207.371964,398.587524,1261.972168,-63.666569,345.74115,1023.472168,8.206168
8.575,235.035339,1255.976685,207.473969,399.063843,1259.560913,-63.531643,346.199097,1021.187317,9.156759
8.583,235.132111,1255.709717,207.590256,399.631012,1257.324463,-63.358456,346.725311,1018.926147,10.155806
8.592,235.226135,1255.423096,207.722244,400.44455,1254.786255,-62.971539,347.126129,1016.675476,11.022944
8.6,235.362473,1255.055176,207.891006,401.120697,1252.305908,-62.70644,347.371643,1014.255493,11.523755
8.608,235.451324,1254.665771,208.061417,401.95108,1249.82019,-62.324879,347.600525,1011.93573,12.123882
8.617,235.467224,1254.178467,208.149796,402.73822,1247.252441,-61.897762,347.824707,1009.554871,12.642962
8.625,235.622238,1253.781738,208.227112,403.469879,1244.770752,-61.477581,347.985474,1007.157593,13.020587
8.633,235.671677,1253.455444,208.264465,404.395142,1242.30127,-60.912724,348.070068,1004.838562,13.207168
8.642,235.751862,1253.155273,208.225754,405.409698,1239.792236,-60.231754,348.141052,1002.465027,13.556447
8.65,235.81604,1252.831543,208.165817,406.623077,1237.172485,-59.519157,348.270386,1000.047302,14.023543
8.658,235.892166,1252.500488,208.139328,407.80545,1234.702515,-58.823662,348.330811,997.654358,14.671056
8.667,235.993469,1252.128296,208.115509,409.082245,1232.046753,-57.988525,348.411774,995.130981,15.169629
8.675,236.099869,1251.679443,208.176132,410.353149,1229.397461,-57.067966,348.574219,992.634521,15.620297
8.683,236.155777,1251.204224,208.246094,411.597717,1226.696655,-56.190323,348.601807,990.122498,15.954826
8.692,236.052475,1250.640869,208.300934,412.603821,1224.046509,-55.378937,348.534149,987.48645,16.19075
8.7,236.088516,1250.204834,208.374985,413.512665,1221.408447,-54.544357,348.415466,984.737488,16.226233
8.708,236.115112,1249.778076,208.432098,414.467987,1218.515381,-53.76672,348.339966,981.968811,16.293085
8.717,236.133362,1249.367554,208.473389,415.361176,1215.610352,-52.970631,348.339355,979.165405,16.384287
8.725,236.195999,1248.904907,208.497818,416.022369,1212.714722,-52.250362,348.361115,976.30719,16.691782
8.733,236.283875,1248.356201,208.530273,416.795258,1209.737183,-51.510876,348.468079,973.329224,17.093773
8.742,236.325363,1247.812988,208.510605,417.714905,1206.737915,-50.847935,348.614014,970.349121,17.63381
8.75,236.387741,1247.220947,208.507156,418.348206,1203.616699,-50.330788,348.802643,967.341125,18.340975
8.758,236.536942,1246.750854,208.538467,418.923065,1200.408691,-49.7048,349.033356,964.305176,19.116695
8.767,236.801956,1246.304932,208.678452,419.287384,1197.231323,-49.146976,349.158813,961.25,19.788109
8.775,237.077042,1245.864136,208.772598,419.496552,1194.145264,-48.629143,349.161499,958.126221,20.4104
8.783,237.596664,1245.664185,209.122879,419.909821,1190.772949,-48.115742,349.161072,954.898315,20.992233
8.792,237.907944,1245.295044,209.453644,420.127167,1187.474976,-47.572727,349.256134,951.548828,21.573248
8.8,238.149719,1244.863647,209.800507,420.34848,1183.936279,-47.041973,349.434601,948.170532,22.290102
8.808,238.27037,1244.430908,210.173492,420.521484,1180.476562,-46.483597,349.621643,944.762085,23.106009
8.817,238.355469,1243.997559,210.48317,420.919403,1176.858643,-45.830837,349.867371,941.284424,24.02718
8.825,238.408295,1243.515625,210.342178,421.107941,1173.26416,-45.265316,350.199921,937.701599,25.00186
8.833,238.590088,1243.111694,210.229721,421.268982,1169.833862,-44.65239,350.572144,934.253906,26.092091
8.842,238.664597,1242.665771,210.019241,421.418732,1166.494995,-43.948643,350.904724,930.789612,27.115257
8.85,238.742416,1242.154297,209.891266,421.568451,1162.978882,-43.386337,351.121796,927.308899,28.095186
8.858,238.725311,1241.515015,209.706009,421.567505,1159.633789,-42.797001,351.418213,923.896606,28.917213
8.867,238.899597,1240.943726,209.816299,421.448547,1156.317993,-42.151024,351.609619,920.481323,29.586443
8.875,238.958771,1240.358765,209.903366,421.318878,1152.915283,-41.551754,351.861725,916.997864,30.257084
8.883,239.012085,1239.827026,209.843246,421.21991,1149.561401,-40.959229,352.188446,913.599854,31.022743
8.892,239.154037,1239.337769,209.694397,421.067383,1146.211914,-40.356083,352.748047,910.189087,31.994432
8.9,239.304306,1238.796997,209.548965,420.922424,1142.937012,-39.816296,353.273376,906.782593,32.903038
8.908,239.445953,1238.230469,209.511673,420.653229,1139.841553,-39.270931,353.827057,903.450378,34.001087
8.917,239.411148,1237.5979,209.339249,420.355194,1136.624512,-38.710484,354.404602,900.201355,35.0676
8.925,239.352631,1236.984009,209.21228,420.060669,1133.432617,-38.144859,354.926514,896.961731,36.058853
8.933,239.365036,1236.479126,209.140457,419.838898,1130.284302,-37.637421,355.47049,893.688416,37.219559
8.942,239.343643,1236.024658,208.955292,419.591858,1126.821289,-36.766224,355.853516,890.413147,38.264263
8.95,239.38092,1235.539673,208.642776,419.545776,1123.43396,-36.00449,356.209808,887.058044,39.491817
8.958,239.288147,1234.984497,208.060455,419.464661,1120.006958,-35.381958,356.575897,883.707214,40.884624
8.967,239.296127,1234.527466,207.728104,419.643219,1116.540527,-34.397232,356.969604,880.371948,42.217743
8.975,239.160797,1234.068359,207.266327,419.717224,1113.120728,-33.264557,357.4422,877.082764,43.657593
8.983,239.002136,1233.626953,206.770309,419.822479,1109.884277,-32.162273,357.926483,873.821777,45.254223
8.992,238.83168,1233.271606,206.282455,420.146912,1106.415039,-30.956953,358.410339,870.578369,46.803066
9,238.707611,1232.959351,205.729019,420.595673,1102.990723,-29.698759,358.955444,867.292053,48.494736
9.008,238.532684,1232.57605,204.944595,420.804596,1099.806152,-28.597496,359.348541,864.04425,50.008656
9.017,238.442642,1232.178345,204.27713,421.142822,1096.476562,-27.33555,359.915894,860.850403,51.831257
9.025,238.40126,1231.839966,203.74057,421.54364,1093.074341,-26.002975,360.238007,857.657166,53.575085
9.033,238.377258,1231.415039,203.095291,421.821838,1089.749512,-24.705919,360.714844,854.604492,55.532585
9.042,238.46138,1230.964722,202.482864,422.352509,1086.45813,-23.284416,361.174866,851.608032,57.492809
9.05,238.535385,1230.577148,202.019958,422.609039,1083.409668,-22.016665,361.805389,848.633545,59.518681
9.058,238.57785,1230.234741,201.672409,422.791443,1080.368774,-20.536268,362.296234,845.805542,61.570374
9.067,238.527023,1229.820435,201.282806,423.125641,1077.210327,-18.91814,362.921539,843.052429,63.829266
9.075,238.469391,1229.450073,200.931824,423.358185,1074.183838,-17.39374,363.494446,840.228333,65.934113
9.083,238.4095,1229.086792,200.690247,423.472321,1071.46106,-15.802872,363.963348,837.437195,68.222565
9.092,238.252457,1228.701538,200.474594,423.614349,1068.665161,-14.228538,364.524414,834.822632,70.438988
9.1,238.124588,1228.34436,200.323349,423.742004,1065.911133,-12.463368,365.019226,832.051697,72.493721
9.108,237.961823,1227.921997,200.057205,423.835022,1063.082153,-10.783016,365.608978,829.496277,74.849709
9.117,237.826431,1227.515137,199.892929,424.003326,1060.40686,-8.831222,366.101654,826.897949,76.956818
9.125,237.682648,1227.186523,199.748871,424.113068,1057.783447,-7.066578,366.714355,824.530396,79.237099
9.133,237.519028,1226.953247,199.671692,423.878876,1055.275269,-5.39326,367.176941,822.136536,81.505219
9.142,237.307251,1226.697998,199.542969,423.808411,1052.918823,-3.531383,367.802856,819.959167,84.013542
9.15,237.107269,1226.476318,199.390717,423.596497,1050.744141,-1.711483,368.172913,817.690918,86.383804
9.158,236.954697,1226.246826,199.278625,423.371857,1048.521851,0.026551,368.720551,815.628052,88.663452
9.167,236.709518,1225.969727,199.110504,423.230988,1046.18042,1.882414,369,813.374207,91.147934
9.175,236.476959,1225.628662,198.947586,423.110626,1043.913086,3.795548,369.195587,811.33606,93.561165
9.183,236.272095,1225.31604,198.818481,422.932373,1041.613403,5.616863,369.177551,809.253296,95.994492
9.192,236.083054,1224.963501,198.648254,422.773499,1039.319336,7.435226,369.323914,807.177856,98.511368
9.2,235.936798,1224.673096,198.538727,422.653564,1037.117554,9.435757,369.484222,805.219727,100.948906
9.208,235.784897,1224.403809,198.385193,422.584839,1034.980713,11.475196,369.580353,803.130615,103.710335
9.217,235.607498,1224.144653,198.277008,422.221039,1032.617798,13.359338,369.557159,801.280396,106.123817
9.225,235.448105,1223.903931,198.09343,422.063873,1030.455078,15.423662,369.494202,799.201599,108.764839
9.233,235.360168,1223.71936,197.932373,421.81131,1028.278076,17.470722,369.549133,797.289856,111.401199
9.242,235.250748,1223.492798,197.761322,421.661774,1026.143311,19.583012,369.550903,795.457031,113.781395
9.25,235.138535,1223.266724,197.653442,421.291138,1023.713257,21.637281,369.457489,793.360168,116.343521
9.258,235.009705,1223.076172,197.514999,420.89151,1021.407104,23.911301,369.154541,791.335144,119.11721
9.267,234.818314,1222.817871,197.184692,420.576141,1019.111877,26.104219,368.812439,789.195435,121.714241
9.275,234.674057,1222.577393,196.917618,420.097198,1016.865112,28.464417,368.600922,786.990112,124.391281
9.283,234.509293,1222.339844,196.692047,419.640045,1014.407654,30.67485,368.344452,784.75769,127.195702
9.292,234.352798,1222.123535,196.557434,418.925568,1012.118347,33.06638,368.133331,782.475037,129.93924
9.3,234.18692,1221.930298,196.417938,418.351501,1009.821777,35.676037,367.740082,780.148499,132.978607
9.308,234.075577,1221.733398,196.379242,417.672607,1007.473206,38.114861,367.648346,777.940063,135.62471
9.317,233.894501,1221.446045,196.22052,416.907288,1004.974487,40.622883,367.404816,775.742371,138.472
9.325,233.826004,1221.300293,196.251022,415.89978,1002.403015,43.201931,367.2388,773.416626,141.450699
9.333,233.72142,1221.077515,196.152878,415.048401,999.913391,45.858994,366.804993,770.933533,144.488266
9.342,233.630676,1220.89563,196.195419,414.096466,997.392212,48.466824,366.505066,768.58252,147.65332
9.35,233.379608,1220.539307,195.904373,413.189117,994.882324,51.351646,365.918152,766.143677,150.897003
9.358,232.752991,1219.486206,193.961746,412.151947,992.296021,54.022434,365.384613,763.618591,153.940521
9.367,233.019775,1219.612549,194.361313,411.009277,989.813721,56.89756,364.89682,761.233948,157.244965
9.375,232.430862,1218.851318,193.562973,409.860779,987.3573,59.738781,364.350098,758.824097,160.433777
9.383,232.247971,1218.456665,193.377518,408.642303,984.865173,62.553078,363.813599,756.356873,163.572418
9.392,232.016739,1218.084839,193.254379,407.319397,982.313904,65.396919,363.32196,753.987732,166.603043
9.4,231.781021,1217.687012,193.096161,405.961792,980.008423,68.30957,362.667145,751.586792,169.722733
9.408,231.622726,1217.400757,192.996948,404.544525,977.71228,71.127899,362.04129,749.149902,172.595703
9.417,231.426605,1217.120972,192.897491,403.069397,975.391174,73.810822,361.253143,746.81073,175.528839
9.425,231.271378,1216.845337,192.824493,401.522125,973.175598,76.694252,360.642944,744.681946,178.519272
9.433,231.067245,1216.585205,192.783859,399.808624,971.026367,79.353455,359.90451,742.428528,181.440201
9.442,230.854355,1216.316162,192.744522,398.08844,968.931519,81.91864,359.209808,740.270081,184.241928
9.45,230.646439,1216.074585,192.72258,396.32547,966.903625,84.482162,358.453735,738.298096,187.105865
9.458,230.416901,1215.838867,192.71225,394.517334,964.960632,86.940475,357.605927,736.264893,190.063385
9.467,230.172073,1215.573364,192.673615,392.701508,963.141174,89.472336,356.867737,734.478516,192.904404
9.475,229.912796,1215.325195,192.649155,390.869171,961.257385,91.925758,356.145386,732.773743,195.622391
9.483,229.7099,1215.109253,192.640045,388.938324,959.60675,94.33783,355.356384,730.983032,198.216385
9.492,229.484009,1214.896973,192.65419,386.953217,957.953308,96.681625,354.448792,729.248352,200.766586
9.5,229.228653,1214.673828,192.662506,385.044128,956.49469,98.936821,353.603729,727.719666,203.177094
9.508,228.979736,1214.487427,192.696457,383.209473,955.041809,101.33532,352.7034,726.187988,205.49913
9.517,228.733246,1214.314331,192.760651,381.288147,953.613037,103.599083,351.680908,724.652771,207.740067
9.525,228.466949,1214.130493,192.792252,379.309326,952.2323,105.716812,350.779572,723.266357,209.860977
9.533,228.302185,1213.973633,192.840698,377.907898,951.183838,108.005463,349.829834,721.939758,212.009506
9.542,228.155334,1213.82251,192.90596,375.528107,949.711609,109.846313,348.891449,720.723755,214.168869
9.55,228.032928,1213.596436,192.984222,373.756317,948.486877,111.571388,348.028534,719.642517,216.297638
9.558,227.904327,1213.414429,193.086212,371.756134,947.253906,113.438057,347.025574,718.506531,218.543854
9.567,227.77565,1213.204834,193.21019,369.873199,946.150818,115.194496,346.050751,717.594116,220.726944
9.575,227.637665,1213.014526,193.348633,367.987732,945.095825,116.811119,345.05545,716.609436,222.942932
9.583,227.550201,1212.840576,193.486938,366.12854,944.011963,118.469978,344.08905,715.801819,224.94693
9.592,227.483521,1212.686646,193.674591,364.190491,943.05188,120.130707,343.045898,714.814026,226.942902
9.6,227.379578,1212.497925,193.855011,362.374847,942.147339,121.692337,342.019379,714.090393,228.717651
9.608,227.253296,1212.310669,193.997635,360.675354,941.300293,123.201782,341.023224,713.302063,230.476669
9.617,227.147888,1212.122314,194.177856,359.041199,940.389099,124.83326,339.921021,712.515869,232.180969
9.625,226.992828,1211.904175,194.373444,357.488586,939.615845,126.262695,338.896606,711.833435,233.824677
9.633,226.869843,1211.720581,194.603485,355.876526,938.883057,127.533112,337.733185,711.127136,235.528641
9.642,226.758362,1211.534668,194.901779,354.421906,938.026672,128.798889,336.608551,710.519409,237.100388
9.65,226.62088,1211.300415,195.247787,353.009247,937.270264,129.856644,335.46286,709.963806,238.613632
9.658,226.511322,1211.036377,195.540833,351.475555,936.500244,130.88002,334.201416,709.440918,240.222626
9.667,226.436234,1210.838867,195.822083,350.063354,935.777893,131.756897,333.117584,709.026367,241.76091
9.675,226.41188,1210.644531,196.094315,348.486542,935.038147,132.778427,332.026001,708.565369,243.102844
9.683,226.432068,1210.453735,196.405243,346.912415,934.288879,133.621658,330.953888,708.06427,244.523499
9.692,226.449738,1210.267334,196.69339,345.335114,933.66449,134.593323,329.915466,707.573303,245.881088
9.7,226.401077,1210.079834,196.927643,343.787598,932.975891,135.5793,329.064667,707.086243,247.136566
9.708,226.334656,1209.857666,197.145401,342.224335,932.336182,136.558136,328.267944,706.533203,248.364578
9.717,226.254105,1209.604858,197.392014,340.580475,931.768372,137.624207,327.437714,705.9505,249.529526
9.725,226.09404,1209.328491,197.648804,339.103088,931.153259,138.719788,326.826111,705.451721,250.474777
9.733,225.977417,1209.141113,197.897217,337.376404,930.584778,139.804886,326.188934,704.898499,251.383926
9.742,225.827545,1208.933472,198.11969,335.873962,930.115173,140.852493,325.604584,704.30011,252.319748
9.75,225.6539,1208.720825,198.323456,334.443481,929.592163,141.983856,325.025055,703.819824,253.177673
9.758,225.444916,1208.551147,198.52095,332.854065,929.125427,142.831818,324.388947,703.426331,253.883362
9.767,225.225494,1208.373413,198.754013,331.537964,928.717407,143.730942,323.755035,703.085754,254.482025
9.775,225.002869,1208.21228,199.033813,330.190887,928.196289,144.597687,323.115234,702.65509,255.149521
9.783,224.803558,1208.053467,199.29599,328.921783,927.844849,145.271851,322.450653,702.283875,255.707062
9.792,224.617615,1207.85437,199.516754,327.822052,927.430664,145.895462,321.870941,701.959412,256.163269
9.8,224.398483,1207.637695,199.73407,326.751068,927.070374,146.483963,321.250427,701.578308,256.613953
9.808,224.160675,1207.335205,199.922485,325.733551,926.716125,146.980743,320.612,701.255615,256.99527
9.817,223.974731,1207.021729,200.110657,324.86441,926.319458,147.421082,319.946594,700.913696,257.390503
9.825,223.85878,1206.680786,200.318329,324.05423,925.924377,147.857132,319.294922,700.525208,257.777802
9.833,223.769135,1206.380615,200.57074,323.359955,925.619873,148.292679,318.749237,700.181763,258.191986
9.842,223.719025,1206.125122,200.782822,322.768372,925.304504,148.623535,318.182648,699.87738,258.61377
9.85,223.723984,1205.921387,200.934204,322.115417,924.956055,148.944839,317.717651,699.625793,258.965973
9.858,223.743118,1205.722168,201.104294,321.610413,924.600952,149.318161,317.284058,699.40625,259.332275
9.867,223.758133,1205.529419,201.267487,321.202789,924.288452,149.648956,316.911957,699.117615,259.521942
9.875,223.759613,1205.326904,201.447235,320.861511,923.98114,149.943069,316.564636,698.797424,259.611877
9.883,223.75705,1205.090576,201.663559,320.653748,923.680359,150.151184,316.180786,698.399597,259.699554
9.892,223.774796,1204.834839,201.937973,320.444366,923.357605,150.235001,315.884766,697.929932,259.633789
9.9,223.747589,1204.532104,202.169128,320.255005,923.11438,150.320877,315.568878,697.45166,259.536926
9.908,223.778,1204.231323,202.373489,320.058502,922.845581,150.327972,315.216705,697.05426,259.337738
9.917,223.780487,1203.916626,202.605682,319.888916,922.586548,150.283188,314.963318,696.72876,259.117157
9.925,223.842697,1203.643799,202.834885,319.635651,922.330017,150.207779,314.728485,696.414734,258.906677
9.933,223.943954,1203.400635,203.109131,319.45993,922.074463,150.123123,314.480072,696.057007,258.667297
9.942,224.066483,1203.177856,203.326477,319.320404,921.820129,150.028244,314.28833,695.735413,258.539307
9.95,224.18544,1202.935791,203.510941,319.19342,921.562317,149.952652,314.06369,695.358887,258.448547
9.958,224.296219,1202.668457,203.647614,319.080292,921.286377,149.89267,313.938751,694.998413,258.318542
9.967,224.423233,1202.427002,203.822327,318.971893,920.984497,149.800476,313.827057,694.695007,258.270111
9.975,224.529053,1202.214844,204.014557,318.987274,920.653809,149.742249,313.726685,694.398254,258.203094
9.983,224.633713,1202.030884,204.196823,318.931793,920.335815,149.67804,313.639618,694.054932,258.159088
9.992,224.723358,1201.854248,204.336639,318.887238,920.044373,149.638931,313.574615,693.778809,258.069061
10,224.789093,1201.601685,204.478561,318.884033,919.821533,149.637024,313.479614,693.517456,257.989014
10.008,224.850037,1201.389771,204.597672,318.877899,919.635742,149.65918,313.431458,693.305603,257.908569
10.017,224.908325,1201.145874,204.695145,318.912567,919.465759,149.687851,313.420746,693.100342,257.858185
10.025,224.961456,1200.986816,204.752853,318.945862,919.344482,149.716843,313.45459,692.959045,257.826599
10.033,225.047104,1200.852295,204.817947,319.033875,919.256836,149.781265,313.499237,692.832703,257.839355
10.042,225.134048,1200.750122,204.896835,319.153442,919.173401,149.841873,313.585938,692.736023,257.902985
10.05,225.268448,1200.61377,204.994568,319.269714,919.122498,149.934601,313.690765,692.674255,257.976685
10.058,225.332596,1200.542847,205.095337,319.399506,919.075012,150.064682,313.829407,692.644958,258.061737
10.067,225.419846,1200.49292,205.202805,319.559479,919.075378,150.152069,314.003845,692.618042,258.159485
10.075,225.463547,1200.448242,205.291321,319.774384,919.067139,150.247696,314.176636,692.61438,258.277374
10.083,225.520432,1200.431641,205.380463,319.981079,919.089417,150.33226,314.407043,692.624207,258.352417
10.092,225.547302,1200.417969,205.44397,320.201935,919.116272,150.410324,314.656097,692.660034,258.474548
10.1,225.566238,1200.414062,205.509735,320.419891,919.175049,150.485092,314.879517,692.680908,258.544373
10.108,225.59433,1200.422607,205.569443,320.633087,919.220337,150.54187,315.159729,692.771851,258.630096
10.117,225.625122,1200.457886,205.621414,320.871033,919.320312,150.584351,315.518219,692.937805,258.748993
10.125,225.653488,1200.509644,205.67955,321.179413,919.420044,150.635742,315.820404,693.041016,258.815247
10.133,225.696014,1200.591919,205.731903,321.415039,919.547974,150.664368,316.117676,693.159729,258.857758
10.142,225.724487,1200.672485,205.794952,321.673279,919.67981,150.705612,316.41864,693.287598,258.940094
10.15,225.784195,1200.762695,205.85762,321.951416,919.816345,150.708847,316.79599,693.401489,259.037628
10.158,225.803558,1200.851196,205.933502,322.265503,919.972168,150.737152,317.231384,693.551758,259.135803
10.167,225.843369,1200.940918,206.004562,322.619781,920.147827,150.770508,317.598846,693.71637,259.15918
10.175,225.869812,1201.023804,206.092682,323.033997,920.295288,150.748703,317.96286,693.881287,259.150116
10.183,225.915253,1201.105347,206.186279,323.505615,920.482544,150.635376,318.331116,694.009338,259.086945
10.192,225.957916,1201.175415,206.290878,324.033752,920.663635,150.507065,318.6026,694.120544,259.047821
10.2,225.991821,1201.235107,206.4263,324.614075,920.83313,150.286545,318.849304,694.206421,259.023102
10.208,226.099213,1201.310913,206.566635,325.355316,920.930481,149.966309,318.985718,694.297974,258.947998
10.217,226.172791,1201.337158,206.715378,326.231018,921.105652,149.484619,319.060211,694.350769,258.8638
10.225,226.284164,1201.342896,206.878082,327.114441,921.223755,148.950592,319.116882,694.388428,258.800873
10.233,226.437225,1201.343384,207.018829,327.932709,921.293457,148.504639,319.184875,694.416016,258.767761
10.242,226.611359,1201.328857,207.114349,328.919525,921.367859,148.023758,319.32663,694.484192,258.717499
10.25,226.794983,1201.315674,207.197708,329.569641,921.520203,147.602798,319.547852,694.591553,258.736023
10.258,226.96936,1201.302002,207.242126,330.210388,921.613342,147.422943,319.923187,694.767334,258.806366
10.267,227.134216,1201.298584,207.302811,330.830872,921.710693,147.43335,320.435333,694.987061,258.864563
10.275,227.291855,1201.338745,207.37439,331.473663,921.87323,147.398605,321.019531,695.143738,258.889282
10.283,227.383713,1201.384277,207.482483,332.18158,922.090698,147.354202,321.701385,695.334473,258.918182
10.292,227.449158,1201.424072,207.607941,332.922638,922.341187,147.247055,322.407593,695.579346,258.950226
10.3,227.461029,1201.466187,207.762177,333.583221,922.58728,147.09964,323.214783,695.884338,258.769379
10.308,227.431931,1201.52417,207.992401,334.32196,922.837891,146.83461,323.945801,696.191956,258.479492
10.317,227.366104,1201.560913,208.208054,335.239014,923.103699,146.314667,324.685089,696.40979,258.205963
10.325,227.31749,1201.570801,208.443359,336.216461,923.424072,145.72467,325.407043,696.666748,257.868469
10.333,227.319199,1201.562744,208.655136,337.175018,923.686096,145.075714,326.09259,696.924133,257.441162
10.342,227.41008,1201.578613,208.871872,338.355499,924.111511,144.152496,326.697021,697.201294,256.966614
10.35,227.513992,1201.579346,209.014801,339.613495,924.396179,143.405273,327.294678,697.550781,256.500946
10.358,227.666855,1201.578857,209.157089,340.992615,924.756653,142.336716,327.871185,698.01709,255.967789
10.367,227.86676,1201.573608,209.298599,342.318848,925.162476,141.21994,328.417419,698.564758,255.469589
10.375,228.141434,1201.588379,209.451477,343.962311,925.61615,140.061417,329.011292,699.256287,255.051498
10.383,228.446503,1201.639038,209.621567,345.518524,926.175415,138.795471,329.579163,700.03833,254.625504
10.392,228.853409,1201.783203,209.826569,347.188782,926.789673,137.363861,330.265686,700.951843,254.110489
10.4,229.253998,1201.907227,210.000778,349.026215,927.49353,135.871307,330.895813,701.960815,253.396957
10.408,229.627441,1202.073486,210.149628,350.89267,928.263916,134.235382,331.51062,703.065735,252.552505
10.417,230.094284,1202.332153,210.323044,352.838165,929.228271,132.372879,332.170013,704.424805,251.451019
10.425,230.549515,1202.637695,210.497803,354.930267,930.306702,130.577423,332.847717,705.739014,250.461929
10.433,230.885513,1202.861816,210.673615,357.093536,931.467773,128.630554,333.56131,707.19519,249.008789
10.442,231.209579,1203.090454,210.878891,359.418823,932.807983,126.540604,334.244843,708.594177,247.492325
10.45,231.513718,1203.376343,211.108643,361.823975,934.162476,124.505295,335.007172,710.245789,245.876144
10.458,231.741791,1203.603027,211.323608,364.252716,935.63092,122.393387,335.766541,711.973816,244.144211
10.467,231.973801,1203.85022,211.484802,366.799591,937.209473,120.299889,336.600281,713.762512,242.310562
10.475,232.223862,1204.134277,211.668472,369.361023,938.986145,118.008614,337.527588,715.692444,240.187256
10.483,232.534058,1204.465942,211.83342,372.121948,940.83905,115.787964,338.446869,717.735901,238.167542
10.492,232.847351,1204.829346,211.993698,374.749268,942.843079,113.400589,339.442261,719.950745,235.99649
10.5,233.205658,1205.165283,212.172653,377.553955,944.943054,110.977715,340.486755,722.222473,233.813354
10.508,233.613693,1205.631714,212.377899,380.237244,947.114197,108.313324,341.546082,724.722656,231.484116
10.517,234.012085,1206.104492,212.540421,383.057587,949.523682,105.789871,342.519287,727.22644,228.930252
10.525,234.349838,1206.450806,212.754288,385.836243,951.998352,103.026581,343.582916,729.98407,226.360397
10.533,234.742996,1206.853271,212.974274,388.78772,954.550842,100.227615,344.600616,732.764526,223.670517
10.542,235.057449,1207.206421,213.192825,391.675964,957.296997,97.40464,345.630219,735.685425,220.827301
10.55,235.381409,1207.550049,213.42337,394.563751,960.024109,94.477493,346.670959,738.922913,217.934387
10.558,235.742813,1207.976196,213.649826,397.257172,962.897217,91.582657,347.607361,742.120605,214.897507
10.567,236.084351,1208.393555,213.872681,399.94696,965.935425,88.519753,348.52124,745.38739,211.715958
10.575,236.49855,1208.928711,214.110458,402.812988,969.177673,85.435013,349.547699,748.983704,208.379517
10.583,236.922012,1209.477295,214.321808,405.441284,972.35907,82.230087,350.482819,752.507874,204.968597
10.592,237.238892,1209.906006,214.564209,408.099091,975.888245,79.154709,351.469757,756.193298,201.663727
10.6,237.560013,1210.401489,214.836929,410.739532,979.560059,76.098473,352.485474,760.139404,198.299805
10.608,237.829941,1210.896362,215.065262,413.311066,983.205566,72.957596,353.45697,764.050903,194.847595
10.617,238.160873,1211.516479,215.245209,415.697021,987.078979,69.77076,354.337189,768.014404,191.341522
10.625,238.544769,1212.250732,215.474457,418.189423,990.937927,66.802345,355.343231,772.298584,187.843643
10.633,238.85788,1212.914551,215.731934,420.532288,995.120544,63.635834,356.213531,776.477966,184.313431
10.642,239.098495,1213.487793,215.91803,422.746399,999.30127,60.516594,357.079834,780.780701,180.693329
10.65,239.342743,1214.109863,216.10733,424.976471,1003.586914,57.472309,358.018341,785.108887,176.825668
10.658,239.577057,1214.788208,216.321747,427.292633,1008.132568,54.328869,358.864746,789.469788,173.110031
10.667,239.761444,1215.371582,216.579788,429.252563,1012.385254,51.294147,359.749939,793.887329,169.300323
10.675,240.054932,1216.113525,216.782425,431.188751,1016.826843,48.268776,360.527954,798.354004,165.564102
10.683,240.222519,1216.755981,217.065643,432.896545,1021.335022,45.153503,361.432861,802.9953,161.725525
10.692,240.389832,1217.309692,217.317917,434.391052,1025.967529,42.156185,362.211517,807.42218,158.10376
10.7,240.556183,1217.877563,217.599045,436.04248,1030.654175,39.244999,363.191559,811.890381,154.193573
10.708,240.750809,1218.46106,217.86554,437.288696,1035.259521,36.05201,364.014313,816.282471,150.276489
10.717,240.937424,1219.021606,218.131943,438.451904,1039.896973,33.014938,364.822296,820.774841,146.228912
10.725,241.253204,1219.728027,218.380463,439.425934,1044.594849,29.803244,365.450439,825.043579,142.589874
10.733,241.49379,1220.299438,218.65593,440.144409,1049.296631,26.563299,366.006989,829.52478,138.835052
10.742,241.712097,1220.767944,218.908051,440.933838,1053.754517,23.311493,366.655762,833.910645,135.085648
10.75,241.938293,1221.187622,219.218445,441.455109,1058.408936,19.99781,367.260193,838.391235,131.582626
10.758,242.269058,1221.595337,219.5327,441.613556,1063.063721,16.462122,367.643097,842.817749,127.831398
10.767,242.654724,1222.030518,219.869934,441.495636,1067.700928,12.936376,367.97403,847.189087,124.400063
10.775,243.080917,1222.429688,220.208191,441.487823,1072.236694,9.406881,368.298859,851.666687,120.819786
10.783,243.543549,1222.908325,220.486221,441.101624,1076.718628,5.828234,368.55542,856.0578,117.494209
10.792,243.910797,1223.316772,220.720688,440.443695,1081.325684,2.276744,368.632263,860.572754,113.835945
10.8,244.28775,1223.770386,220.988083,439.671326,1086.00061,-1.278997,368.544983,864.889832,110.301048
10.808,244.639023,1224.18103,221.21669,438.863983,1090.56958,-4.665603,368.436676,869.311768,106.697357
10.817,244.960861,1224.615845,221.361603,437.772186,1095.176025,-8.091708,368.093079,873.504333,103.115379
10.825,245.391953,1225.151611,221.481201,436.750854,1099.793457,-11.08356,367.771301,877.771362,99.666069
10.833,245.84465,1225.710449,221.594177,435.495575,1104.40979,-14.428577,367.464752,881.931274,96.145233
10.842,246.352966,1226.442627,221.74353,434.284851,1108.83728,-17.320999,366.887024,886.054321,92.81057
10.85,246.718826,1227.103882,221.791565,432.985138,1113.478271,-20.362928,366.393311,890.130066,89.372032
10.858,247.270416,1227.923584,222.15065,431.711456,1117.811157,-23.210432,365.836121,894.17395,86.024796
10.867,247.844666,1228.907349,222.794281,430.386322,1122.30481,-25.731497,365.243469,898.095032,82.795891
10.875,248.404892,1230.058716,224.313721,428.972382,1126.888062,-28.217848,364.548187,902.011475,79.466957
10.883,248.674332,1230.97998,225.504272,427.508636,1131.259644,-30.662296,363.863037,905.85553,76.266891
10.892,248.718475,1231.734253,225.458054,426.1745,1135.602783,-32.845909,363.287384,909.702881,73.004074
10.9,248.828598,1232.448975,225.56749,424.587585,1140.175903,-35.040108,362.65097,913.411804,69.92701
10.908,248.95787,1233.280396,225.565674,423.196716,1144.360229,-37.031956,361.947632,917.052551,66.80574
10.917,248.879272,1234.212158,225.459045,421.724365,1149.1698,-39.47403,361.337738,920.579285,63.614407
10.925,248.770493,1234.974365,225.561829,420.045959,1153.659546,-41.249561,360.865662,924.101868,60.431572
10.933,248.750183,1235.792969,225.59819,418.72995,1158.057373,-43.279755,360.255157,927.602661,57.352287
10.942,248.621719,1236.764038,225.433975,417.059174,1162.345581,-44.712803,359.788452,931.038696,54.322784
10.95,248.465561,1237.710571,225.281235,415.392151,1166.704956,-46.285267,359.462036,934.552429,51.360847
10.958,248.343811,1238.652832,225.353882,413.892242,1170.856079,-47.333683,359.075195,938.039917,48.348614
10.967,248.258682,1239.62085,225.282928,412.299866,1175.325928,-48.973896,358.657501,941.506836,45.600922
10.975,248.076462,1240.546631,224.353546,410.737122,1179.678833,-49.914772,358.324402,945.024536,42.965652
10.983,248.054199,1241.488037,224.239655,409.520264,1183.77832,-51.359581,358.031067,948.549377,40.1105
10.992,247.864822,1242.393555,224.196762,408.282654,1187.99707,-52.433708,357.76712,952.049744,37.622677
11,247.707169,1243.439819,224.037643,407.054108,1192.174072,-53.422951,357.345276,955.575195,35.179592
11.008,247.665344,1244.444702,223.865707,405.924286,1196.358643,-54.362358,357.070831,959.054688,32.763222
11.017,247.534409,1245.304932,223.802307,404.726257,1200.599731,-55.481426,356.944122,962.521606,30.423931
11.025,247.401886,1246.183105,223.579071,403.44696,1204.804443,-56.174938,356.830353,965.966125,28.280544
11.033,247.326508,1247.196411,223.434372,402.393402,1208.782837,-56.978115,356.594177,969.430481,26.145697
11.042,247.167603,1248.059326,223.113205,401.348816,1212.695557,-57.511383,356.51593,972.903137,24.124136
11.05,246.954956,1248.711914,222.740417,400.150665,1216.737915,-58.106277,356.333496,976.279053,22.083811
11.058,246.197067,1248.73877,220.953049,399.004639,1220.729248,-58.66114,356.166931,979.679688,20.233404
11.067,246.08461,1249.726196,221.010422,397.820648,1224.693481,-59.033844,355.951447,983.032959,18.340061
11.075,245.763565,1250.611084,220.976883,396.606781,1228.746216,-59.416702,355.727325,986.321411,16.62303
11.083,245.3349,1251.364868,221.026428,395.588989,1232.419922,-59.795372,355.605377,989.611328,14.962011
11.092,245.010757,1252.086426,220.916748,394.507812,1236.114014,-60.14566,355.307983,992.850525,13.368584
11.1,244.697693,1252.886475,220.933563,393.546265,1239.757324,-60.351498,355.041656,996.083618,11.918853
11.108,244.37001,1253.791504,220.82608,392.563477,1243.271484,-60.617657,354.807861,999.208557,10.676064
11.117,244.141876,1254.453491,220.855911,391.518585,1246.869019,-60.793198,354.548309,1002.304077,9.420239
11.125,243.855377,1255.088013,220.900909,390.285736,1250.385376,-60.990059,354.324097,1005.310547,8.135315
11.133,243.519073,1255.682739,220.897644,389.35495,1253.735718,-61.071442,354.063812,1008.286133,6.917499
11.142,243.25032,1256.332886,220.872238,388.299652,1257.043457,-61.233219,353.718994,1011.240112,5.475124
11.15,243.090424,1257.059937,220.916977,387.274719,1260.308472,-61.267365,353.387329,1014.200562,4.30298
11.158,242.788956,1257.636353,220.872986,386.264648,1263.499512,-61.270329,353.06662,1017.055176,3.097523
11.167,242.543564,1258.149536,220.928894,385.374847,1266.708862,-61.058498,352.61731,1019.821899,2.109191
11.175,242.281158,1258.535767,220.987625,384.28421,1269.766602,-61.0257,352.158234,1022.583984,0.995253
11.183,241.980698,1258.900269,220.98616,383.413208,1272.813477,-60.87611,351.686615,1025.373047,-0.038908
11.192,241.694534,1259.261841,221.000259,382.448029,1275.776855,-60.789928,351.237732,1028.057983,-1.028936
11.2,241.282593,1259.558472,220.938583,381.602722,1278.430664,-60.791824,350.761932,1030.664185,-1.708066
11.208,241.023651,1259.891724,220.962997,380.853668,1280.851929,-60.641701,350.262909,1033.108032,-2.48948
11.217,240.849823,1260.382568,220.996658,380.067871,1283.328125,-60.517773,349.764862,1035.437988,-3.034147
11.225,240.65477,1260.740112,220.992477,379.267548,1285.590088,-60.483936,349.329712,1037.530518,-3.388789
11.233,240.422623,1261.100586,220.923111,378.381104,1287.703247,-60.478813,348.978027,1039.511108,-3.653491
11.242,240.226624,1261.443359,220.887405,377.696228,1289.632202,-60.37244,348.559235,1041.278809,-4.166049
11.25,240.001968,1261.81897,220.86763,376.911652,1291.319946,-60.446327,348.095123,1042.865479,-4.686197
11.258,239.817001,1262.091309,220.845291,376.11261,1292.892822,-60.48703,347.78064,1044.298828,-5.242331
11.267,239.662323,1262.316284,220.836212,375.44043,1294.237427,-60.517918,347.430969,1045.560181,-5.814618
11.275,239.539169,1262.522461,220.794998,374.633667,1295.411011,-60.612049,347.06665,1046.515747,-6.41677
11.283,239.423676,1262.689575,220.766403,373.858032,1296.417603,-60.822014,346.697601,1047.373535,-6.938996
11.292,239.333054,1262.814453,220.711411,373.084534,1297.105225,-61.080864,346.423462,1048.075928,-7.3854
11.3,239.285294,1262.915649,220.645569,372.51062,1297.750732,-61.180817,346.157471,1048.565796,-7.833896
11.308,239.241898,1262.962158,220.584503,371.911896,1298.115234,-61.479622,345.839813,1048.940308,-8.190631
11.317,239.264954,1262.987061,220.525269,371.315308,1298.24707,-61.856579,345.432922,1049.087524,-8.571773
11.325,239.264084,1262.966919,220.450729,370.766876,1298.37146,-62.180119,344.983093,1049.147827,-9.003105
11.333,239.30423,1262.921875,220.370758,370.322449,1298.369141,-62.49358,344.496338,1049.098389,-9.458435
11.342,239.377975,1262.857544,220.269913,369.811829,1298.221313,-62.906235,344.013153,1048.952637,-9.795961
11.35,239.500824,1262.751587,220.139984,369.491974,1298.000854,-63.251793,343.52298,1048.741211,-10.061934
11.358,239.633865,1262.631958,220.003098,369.179169,1297.66748,-63.683754,343.069641,1048.474609,-10.227677
11.367,239.774796,1262.492676,219.859833,368.856384,1297.138916,-64.238907,342.717438,1048.094238,-10.283195
11.375,239.916122,1262.322144,219.675461,368.765686,1296.609863,-64.632362,342.549194,1047.655396,-10.190205
11.383,240.004028,1262.12854,219.44136,368.828735,1295.818115,-65.001236,342.619507,1047.101074,-9.928686
11.392,240.119827,1261.929199,219.210419,368.812195,1294.917603,-65.601913,342.92572,1046.418945,-9.369643
11.4,240.247986,1261.741943,219.004501,368.84021,1294.001587,-66.149376,343.34256,1045.624146,-8.889697
11.408,240.409988,1261.57373,218.82402,368.873718,1293.075684,-66.682816,343.956604,1044.74292,-8.205385
11.417,240.563309,1261.410522,218.643387,368.845123,1291.882812,-67.395752,344.838257,1043.807495,-7.594334
11.425,240.706085,1261.284424,218.492783,368.939087,1290.67041,-67.772873,345.79129,1042.741455,-6.894723
11.433,240.829132,1261.17981,218.387344,369.06424,1289.371338,-68.28093,346.804749,1041.72168,-6.222043
11.442,240.97348,1261.092896,218.310455,369.26889,1288.166138,-68.623833,347.803497,1040.617676,-5.562286
11.45,241.081772,1261.009399,218.244507,369.463348,1286.745972,-68.95388,348.74231,1039.42749,-4.816978
11.458,241.181107,1260.927246,218.187927,369.861908,1285.477295,-69.168747,349.639252,1038.293213,-4.154586
11.467,241.222412,1260.821167,218.101639,370.276245,1284.179932,-69.430496,350.575836,1037.12085,-3.585294
11.475,241.274918,1260.722412,218.044281,371.132446,1282.657593,-69.421455,351.539032,1035.969727,-2.605732
11.483,241.307617,1260.623901,217.98732,372.104004,1281.137817,-69.305908,352.307556,1034.750244,-1.686277
11.492,241.355469,1260.488525,217.94017,372.939728,1279.627563,-69.173302,353.152191,1033.394043,-0.536551
11.5,241.41951,1260.331909,217.939529,374.065094,1277.935059,-69.008018,353.862823,1031.991699,0.505195
11.508,241.559662,1260.139404,217.974167,375.028931,1276.448364,-68.735573,354.516998,1030.501709,1.452208
11.517,241.611877,1259.955688,217.996887,375.87262,1274.888672,-68.588104,355.08847,1029.06958,2.219175
11.525,241.67012,1259.711426,218.041901,376.843994,1273.143555,-68.326729,355.686493,1027.445068,2.808428
11.533,241.717514,1259.503784,218.105026,377.672424,1271.477661,-68.013657,356.318848,1025.861572,3.495745
11.542,241.605499,1259.157593,218.117645,378.459229,1269.721069,-67.883636,356.902557,1024.19751,3.758525
11.55,241.628159,1258.939697,218.168198,379.199951,1267.868042,-67.579971,357.467926,1022.60553,4.073492
11.558,241.646835,1258.712036,218.201004,379.833191,1266.211304,-67.429146,358.157166,1020.858154,4.604751
11.567,241.68364,1258.495483,218.183029,380.55188,1264.377075,-67.32515,358.746033,1019.151001,4.99846
11.575,241.763031,1258.300415,218.143051,381.293457,1262.688232,-67.135651,359.340454,1017.435547,5.454334
11.583,241.885086,1258.073242,218.09494,381.921844,1260.794434,-67.089554,359.913971,1015.562317,5.791428
11.592,242.10408,1257.821533,218.109329,382.540741,1258.934692,-67.077698,360.466125,1013.719788,6.098415
11.6,242.300003,1257.511963,218.087677,383.195465,1256.942749,-66.962479,360.935608,1011.770935,6.337003
11.608,242.510513,1257.179199,218.031494,383.883514,1254.911865,-66.89476,361.311249,1009.789246,6.327472
11.617,242.700363,1256.809204,217.957291,384.490784,1252.888794,-66.809235,361.644806,1007.726196,6.323343
11.625,242.864288,1256.374023,217.91188,385.103241,1250.707275,-66.747322,362.007629,1005.53479,6.405277
11.633,243.039368,1255.936279,217.766388,385.819855,1248.566284,-66.704071,362.44458,1003.223877,6.401036
11.642,243.201294,1255.403931,217.559402,386.597443,1246.138428,-66.528191,362.914764,1000.870972,6.481653
11.65,243.452805,1255.008057,217.426804,387.331726,1243.807983,-66.559631,363.403748,998.358154,6.496178
11.658,243.628601,1254.624023,217.251801,387.974274,1241.38855,-66.457558,363.943268,995.778931,6.481919
11.667,243.784546,1254.244507,217.08017,388.558105,1238.856812,-66.30101,364.495178,993.261963,6.393016
11.675,243.923889,1253.859253,216.939911,389.127777,1236.46875,-66.207062,365.055511,990.525574,6.128868
11.683,244.065643,1253.37793,216.723175,389.888275,1233.637573,-66.072067,365.572723,987.614502,5.817095
11.692,244.253387,1252.822388,216.541199,390.688416,1230.702393,-65.873856,366.062836,984.464966,5.221986
11.7,244.373169,1252.148193,216.286041,391.492126,1227.550415,-65.716698,366.499237,981.09613,4.511219
11.708,244.358002,1251.388306,215.883392,392.569214,1224.07312,-65.681496,366.816864,977.43103,3.612155
11.717,244.590805,1250.689453,215.4944,393.669647,1220.574341,-65.520996,367.253113,973.625061,2.888765
11.725,245.039139,1249.968384,215.119934,394.842926,1216.997192,-65.643631,367.815552,969.65564,2.407634
11.733,245.749069,1249.575684,215.113266,395.642456,1213.564819,-65.473572,368.391479,965.699951,1.964604
11.742,246.393738,1249.100708,215.240921,396.728363,1209.769775,-65.251923,369.10376,961.743225,1.839954
11.75,246.74736,1248.429565,215.236069,397.707123,1206.077271,-65.028427,369.669586,957.772583,1.572136
11.758,247.024918,1247.731689,215.286774,398.680542,1202.384277,-64.359192,370.119293,953.801147,1.363674
11.767,247.122009,1246.852783,214.983261,399.449463,1198.582642,-63.793583,370.493683,949.788696,1.052296
11.775,247.169464,1245.996826,214.425659,400.133698,1194.796021,-63.253208,370.733459,945.838013,0.843902
11.783,247.31134,1245.311401,214.097809,400.778748,1191.171143,-62.726654,370.988617,941.985291,0.859823
11.792,247.324112,1244.613647,213.871384,401.403442,1187.565918,-62.132931,371.285706,938.146729,0.991857
11.8,247.27179,1243.870483,213.773697,402.066101,1183.943237,-61.643948,371.629608,934.434021,1.336585
11.808,247.346558,1243.20166,213.690445,402.363251,1180.394531,-61.099037,371.962402,930.793579,1.710334
11.817,247.499527,1242.547607,213.590485,402.85733,1177.012939,-60.398304,372.298035,927.252441,2.220178
11.825,247.679382,1241.895996,213.441025,403.253113,1173.536011,-59.897587,372.592834,923.840515,2.642499
11.833,247.77887,1241.230713,213.332642,403.818115,1170.255371,-59.217609,372.916138,920.433167,3.132594
11.842,247.832687,1240.456299,213.319336,404.229767,1166.957886,-58.499916,373.199219,917.055786,3.600472
11.85,247.817535,1239.628296,213.279144,404.882019,1163.709595,-57.589668,373.411774,913.762268,4.188154
11.858,247.774323,1238.937012,213.294113,405.429871,1160.599731,-56.987411,373.653168,910.562622,4.901737
11.867,247.707031,1238.247803,213.251434,405.964996,1157.34021,-56.177483,373.973297,907.45929,5.963188
11.875,247.724228,1237.453491,213.166473,406.460724,1154.211304,-55.341862,374.382935,904.401611,7.199565
11.883,247.619751,1236.705322,213.065674,406.828094,1150.960693,-54.653389,374.749542,901.302795,8.481586
11.892,247.599258,1236.035767,213.115738,407.130432,1147.458252,-53.741379,375.212158,898.298767,9.876367
11.9,247.59314,1235.414062,213.088959,407.772095,1144.16748,-52.879135,375.540405,895.268677,11.303643
11.908,247.656982,1234.749023,212.928238,408.123169,1140.782104,-52.21629,375.85733,892.263916,12.762568
11.917,247.745773,1234.053223,212.683945,408.635834,1137.476807,-51.281776,376.074554,889.200317,14.194743
11.925,247.879074,1233.414429,212.475723,409.107941,1134.038208,-50.363861,376.165192,886.000183,15.710501
11.933,247.826813,1232.766357,212.330414,409.49884,1130.582153,-49.462112,376.255676,882.721558,17.199047
11.942,247.859634,1232.158203,212.303345,410.019501,1127.153809,-48.399227,376.53653,879.481628,19.045242
11.95,247.776825,1231.567383,212.051773,410.432617,1123.796631,-47.276581,376.783905,876.32782,20.765635
11.958,247.701813,1231.108032,211.915863,410.709839,1120.274902,-46.259197,377.106598,873.181946,22.771324
11.967,247.537094,1230.727295,211.80426,410.831024,1116.8302,-45.147324,377.25,870.079529,24.840551
11.975,247.393829,1230.415283,211.851242,410.861389,1113.487549,-43.919174,377.431335,867.055908,26.818016
11.983,247.177261,1230.047119,211.856049,410.822052,1110.102417,-42.581009,377.627014,864.063782,28.876612
11.992,246.977539,1229.655151,211.873077,410.670593,1107.061523,-41.333664,377.636627,860.981445,30.857767
12,246.795883,1229.247437,211.66127,410.692657,1103.662598,-40.130833,377.522919,857.905762,32.975712
12.008,246.670349,1228.743164,211.393707,410.781555,1100.215454,-38.874001,377.420929,854.826294,34.987888
12.017,246.583145,1228.301025,211.322052,410.724213,1096.849365,-37.40432,377.258575,851.643738,36.954716
12.025,246.458832,1227.832397,211.19278,410.797882,1093.395874,-35.846977,377.058319,848.46759,39.25156
12.033,246.353195,1227.274292,210.969803,411.08606,1089.871948,-34.317566,376.919983,845.365295,41.660561
12.042,246.269012,1226.763794,210.813782,411.411743,1086.284546,-32.969395,376.761841,842.094177,43.922203
12.05,246.061615,1226.130005,210.734512,411.745697,1082.701294,-31.168816,376.570007,838.943726,46.489033
12.058,245.982208,1225.616455,210.771118,411.925385,1079.172852,-29.366682,376.345917,835.79126,48.951904
12.067,245.85054,1224.97998,210.613571,412.231384,1075.645508,-27.45142,375.983643,832.584106,51.470249
12.075,245.741776,1224.396851,210.469284,412.531708,1072.052856,-25.47883,375.738983,829.458557,54.091568
12.083,245.715622,1223.847778,210.441437,412.934937,1068.59729,-23.535566,375.270782,826.43512,56.671268
12.092,245.59761,1223.169312,210.145218,413.179047,1065.245728,-21.419554,374.708923,823.235535,59.21981
12.1,245.451019,1222.509033,209.916428,413.690033,1061.772461,-19.21644,374.188934,820.121277,61.889919
12.108,245.216354,1221.796631,209.925797,413.870667,1058.182251,-17.165817,373.647552,817.032227,64.570152
12.117,244.923264,1221.166626,210.032471,414.140442,1054.603516,-15.026918,372.981384,813.922852,67.296539
12.125,244.681335,1220.594604,209.989685,414.192719,1051.217041,-13.006701,372.371857,810.942505,70.008751
12.133,244.45842,1219.970093,209.901657,414.097015,1047.807617,-10.744353,371.62323,807.857422,72.894096
12.142,244.149017,1219.231567,209.737976,414.144379,1044.58313,-8.58673,371.077057,804.974304,75.562317
12.15,243.838959,1218.64978,209.876251,413.857941,1041.141113,-6.528795,370.375946,802.107056,78.345551
12.158,243.601868,1218.134399,209.977631,413.565247,1037.803101,-4.423901,369.674622,799.209717,81.149963
12.167,243.316757,1217.616577,209.829483,413.323425,1034.572021,-2.201143,368.785706,796.385559,83.992867
12.175,243.013184,1217.048218,209.652054,412.892365,1031.487549,-0.110198,367.969177,793.615234,86.966049
12.183,242.764786,1216.539185,209.722916,412.515228,1028.370972,2.200686,367.113403,790.647583,89.922791
12.192,242.490326,1215.966187,209.66243,412.027344,1025.150146,4.183512,366.220917,788.036133,92.751686
12.2,242.27594,1215.466309,209.611664,411.534332,1022.002075,6.506521,365.319427,785.149231,95.599693
12.208,242.014633,1214.977173,209.359406,411.092957,1019.000671,8.677938,364.611664,782.566528,98.323349
12.217,241.862503,1214.583374,209.462341,410.480957,1016.045837,10.964849,363.869812,779.828613,101.132332
12.225,241.639923,1214.139282,209.407913,409.928467,1013.121338,13.124932,363.223877,777.257751,103.836182
12.233,241.435272,1213.692017,209.252853,409.349274,1010.188232,15.434626,362.175232,774.544617,106.789215
12.242,241.182495,1213.179688,209.15509,408.814484,1007.442139,17.801861,361.385712,771.974915,109.539665
12.25,240.956589,1212.672607,209.250809,408.138428,1004.585266,20.119825,360.514954,769.448975,112.596413
12.258,240.71344,1212.160645,209.211044,407.469391,1001.875854,22.359961,359.958008,767.017395,115.093521
12.267,240.439896,1211.689209,209.161285,406.783447,999.173157,24.764065,359.250397,764.422607,117.948624
12.275,240.249939,1211.258179,209.20015,406.255005,996.578003,26.992241,358.520966,761.85907,120.752991
12.283,240.00946,1210.77002,209.193726,405.462433,993.784607,29.825392,357.615875,759.341736,123.556831
12.292,239.750229,1210.328125,209.279938,404.799225,991.125977,32.279949,356.861847,757.040588,126.43428
12.3,239.463745,1209.905762,209.363037,404.020386,988.585144,34.901176,356.131195,754.534058,129.103806
12.308,239.164825,1209.507935,209.519196,403.294617,986.058838,37.352951,355.379608,752.064514,131.928864
12.317,238.886414,1209.220337,209.669937,402.464111,983.625,40.077255,354.747864,749.79834,134.489136
12.325,237.862427,1207.98291,207.213287,401.720428,981.213135,42.658669,353.938812,747.3974,137.113541
12.333,237.541992,1207.765747,207.212265,400.794434,978.91217,45.355934,353.354218,745.085388,139.76796
12.342,237.198822,1207.548584,207.197311,399.789246,976.68811,47.821701,352.589966,742.899719,142.496735
12.35,236.865921,1207.297852,207.205261,398.782806,974.508667,50.327652,351.919556,740.719238,145.078506
12.358,236.520004,1207.044556,207.22728,397.643433,972.431396,52.870819,351.096497,738.659607,147.740433
12.367,236.197342,1206.772583,207.237854,396.543701,970.359253,55.143333,350.403412,736.804688,150.35733
12.375,235.927704,1206.546997,207.301056,395.303741,968.386292,57.495815,349.556885,734.85675,153.050537
12.383,235.694016,1206.330811,207.365829,394.070496,966.468384,59.959347,348.840973,732.826782,155.649643
12.392,235.435333,1206.073242,207.445023,392.845459,964.528748,62.291042,348.026093,730.854126,158.10817
12.4,235.164322,1205.814697,207.521652,391.592865,962.566956,64.559135,347.102814,729.028381,160.519211
12.408,234.920044,1205.585327,207.573853,390.356171,960.748962,67.055473,346.335541,727.263855,163.08316
12.417,234.647308,1205.337036,207.582489,389.053162,958.977722,69.258652,345.368958,725.391785,165.744522
12.425,234.443268,1205.170776,207.63916,387.694,957.121521,71.490311,344.431458,723.606567,168.28833
12.433,234.228821,1204.998657,207.723404,386.288544,955.281311,73.774925,343.57016,722.009216,170.845612
12.442,234.047745,1204.807007,207.840576,384.846039,953.550354,76.15213,342.743713,720.279785,173.365524
12.45,233.801956,1204.597656,207.935364,383.134552,951.751587,78.416306,341.807281,718.496277,175.946426
12.458,233.533035,1204.407471,208.053482,381.463623,949.972046,80.955933,340.995605,716.721802,178.423843
12.467,233.197052,1204.184326,208.188263,379.735443,948.324036,83.294769,340.20752,715.028687,180.788376
12.475,232.977402,1204.086426,208.345154,378.115295,946.629333,85.831306,339.343811,713.279297,182.983032
12.483,232.688065,1203.980713,208.475983,376.319305,945.029053,88.401535,338.577911,711.364441,185.117569
12.492,232.402359,1203.857178,208.644547,374.481476,943.513794,90.994652,337.764404,709.61377,187.283356
12.5,232.165649,1203.754883,208.874283,372.602936,941.984314,93.518478,336.906982,707.888428,189.424606
12.508,231.910751,1203.619873,209.094055,370.82132,940.600037,95.96109,336.142853,706.265564,191.706299
12.517,231.590881,1203.450195,209.400803,369.134033,939.253723,98.420624,335.347137,704.730347,194.086563
12.525,231.290283,1203.279541,209.756836,367.411926,937.88031,100.905479,334.596436,703.344177,196.54213
12.533,230.993866,1203.086426,210.064774,365.679474,936.534973,103.247833,333.790894,701.946594,199.10907
12.542,230.673126,1202.879883,210.382187,363.984192,935.227539,105.602707,333.028503,700.724854,201.611771
12.55,230.240723,1202.57251,210.701416,362.204193,933.983215,107.843216,332.190552,699.452332,204.147049
12.558,229.826447,1202.152222,211.151428,360.518372,932.765259,110.232056,331.285797,698.242493,206.606674
12.567,229.444717,1201.82373,211.499588,358.725739,931.588623,112.608849,330.488678,697.143066,208.904633
12.575,229.057129,1201.480591,211.792419,356.936432,930.427124,115.029495,329.622101,695.914856,211.324036
12.583,228.720306,1201.200073,212.096268,355.185974,929.278442,117.417305,328.898468,694.825073,213.4785
12.592,228.429413,1200.959351,212.457352,353.311188,928.148682,119.725128,328.139618,693.618042,215.682877
12.6,228.198059,1200.750854,212.787155,351.540009,927.034729,122.152802,327.505096,692.470154,217.852112
12.608,227.982315,1200.529541,213.069794,349.560364,925.945862,124.474144,326.869507,691.357666,220.014999
12.617,227.717361,1200.221313,213.335617,347.746765,924.862122,126.806854,326.331024,690.324402,222.286697
12.625,227.40416,1199.862183,213.587936,345.764984,923.867981,128.886581,325.853058,689.371765,224.516556
12.633,227.084366,1199.448486,213.90097,344.006317,922.876831,131.041016,325.404694,688.455566,226.769028
12.642,226.838821,1199.146362,214.24086,342.040863,921.909607,133.177826,325.039551,687.589722,228.938721
12.65,226.573288,1198.872925,214.499496,340.200317,920.958191,135.2715,324.662598,686.849792,231.046417
12.658,226.268204,1198.570312,214.736404,338.292694,920.091248,137.166397,324.163818,686.016052,233.116043
12.667,225.929276,1198.2146,214.947525,336.5177,919.306335,139.084503,323.713959,685.416748,234.961609
12.675,225.602249,1197.871826,215.175659,334.754517,918.527466,140.923355,323.269501,684.835083,236.745819
12.683,225.263992,1197.493042,215.414062,332.981171,917.765564,142.659164,322.705688,684.18866,238.530579
12.692,224.932068,1197.022217,215.668991,331.264069,917.054199,144.191055,322.2323,683.785583,240.175003
12.7,224.581268,1196.680786,215.907181,329.686035,916.403442,145.670303,321.724487,683.424622,241.805954
12.708,224.33577,1196.437988,216.170273,328.201569,915.777649,146.999451,321.140076,683.008728,243.488876
12.717,224.111771,1196.194824,216.418335,326.621368,915.210754,148.027405,320.615204,682.767212,244.96582
12.725,223.930054,1195.966064,216.670853,325.314209,914.575623,149.158829,320.051788,682.525269,246.315277
12.733,223.734558,1195.717773,216.992157,324.240997,914.077576,150.074677,319.425598,682.273743,247.476593
12.742,223.532578,1195.451172,217.238708,322.946625,913.594299,150.969315,318.726959,681.909363,248.614212
12.75,223.357193,1195.207397,217.469955,322.025818,913.118225,151.711945,318.06311,681.646667,249.595886
12.758,223.225388,1194.908081,217.72583,321.11499,912.686218,152.332672,317.451569,681.380249,250.377304
12.767,223.092117,1194.638062,217.926178,320.233032,912.217224,152.987244,316.868042,681.124756,251.15863
12.775,222.962158,1194.35144,218.065292,319.529022,911.819641,153.571075,316.329926,680.87561,251.780899
12.783,222.891281,1194.112671,218.224426,318.918518,911.421631,154.055374,315.83313,680.544312,252.457672
12.792,222.833572,1193.843628,218.359009,318.404419,911.076355,154.500366,315.345123,680.25238,253.038254
12.8,222.825455,1193.609009,218.457489,317.869141,910.719543,154.924469,314.9021,679.908447,253.610519
12.808,222.828842,1193.376831,218.497894,317.49826,910.395142,155.287491,314.571594,679.702576,254.057022
12.817,222.846176,1193.141113,218.492798,317.215057,910.090271,155.631775,314.241577,679.482239,254.518509
12.825,222.857971,1192.918457,218.470749,317.081635,909.843628,155.908188,313.983826,679.309814,255.002411
12.833,222.884964,1192.693481,218.459061,317.069427,909.638977,156.150665,313.736938,679.155396,255.415054
12.842,222.928467,1192.48999,218.465729,317.129974,909.462036,156.401443,313.549683,679.029419,255.801468
12.85,222.977997,1192.303345,218.488876,317.238281,909.32843,156.651184,313.441315,678.925903,256.278625
12.858,223.020111,1192.148926,218.49939,317.366913,909.228394,156.892502,313.316498,678.824402,256.584534
12.867,223.050262,1192.01709,218.4935,317.510712,909.146179,157.043381,313.184387,678.676819,256.843811
12.875,223.110962,1191.915894,218.491074,317.737305,909.061462,157.239304,313.131073,678.580994,256.978516
12.883,223.163315,1191.807251,218.498932,317.87616,909.02063,157.367615,313.053772,678.433533,257.147797
12.892,223.204666,1191.731323,218.495529,318.042023,909.011292,157.476517,313.122406,678.367004,257.139008
12.9,223.247955,1191.66333,218.501419,318.171326,908.990723,157.500946,313.206024,678.26709,257.174805
12.908,223.271576,1191.568359,218.52478,318.324402,908.954529,157.522659,313.301453,678.238525,257.139709
12.917,223.288437,1191.494263,218.544418,318.454346,908.936035,157.492035,313.448486,678.184082,257.086792
12.925,223.287292,1191.426514,218.553635,318.600555,908.933655,157.436813,313.645172,678.133545,257.003693
12.933,223.29187,1191.360962,218.558823,318.747589,908.944336,157.368103,313.811249,678.123291,256.911041
12.942,223.319763,1191.311401,218.585983,319.044281,908.960999,157.317734,314.043823,678.152344,256.808167
12.95,223.350739,1191.25354,218.602325,319.208893,908.959229,157.250549,314.235382,678.155762,256.723846
12.958,223.445145,1191.226807,218.611969,319.346771,909.049194,157.125092,314.427338,678.189331,256.590881
12.967,223.471512,1191.144775,218.61293,319.490112,909.088013,157.028381,314.665009,678.199341,256.418579
12.975,223.53566,1191.13623,218.602371,319.642242,909.127747,156.924011,314.916687,678.232788,256.250244
12.983,223.610001,1191.122192,218.608582,319.762573,909.164124,156.81575,315.147491,678.244141,256.049927
12.992,223.662384,1191.109375,218.604279,319.875122,909.192322,156.687927,315.332764,678.27179,255.811905
13,223.712875,1191.089111,218.60611,319.983826,909.2323,156.54303,315.568909,678.244507,255.601852
13.008,223.743042,1191.063843,218.601471,320.125305,909.256287,156.395187,315.706482,678.212402,255.209152
13.017,223.795807,1191.044678,218.614182,320.262512,909.314697,156.229263,315.904602,678.195557,254.990601
13.025,223.826141,1191.018921,218.610992,320.369904,909.316223,156.079651,316.14389,678.196228,254.833847
13.033,223.855072,1191.015381,218.620483,320.502777,909.322388,155.908813,316.324951,678.1828,254.573074
13.042,223.900299,1190.975952,218.631348,320.652344,909.294861,155.698456,316.475128,678.163513,254.310822
13.05,223.945953,1190.95105,218.65802,320.809662,909.285217,155.518723,316.652191,678.128601,254.067841
13.058,223.989548,1190.925537,218.67572,320.99295,909.322998,155.317703,316.793182,678.064819,253.769241
13.067,224.050323,1190.908203,218.692902,321.154846,909.328735,155.153107,316.971497,677.985962,253.487915
13.075,224.111298,1190.879639,218.729553,321.285736,909.340332,154.960693,317.182709,677.932617,253.224762
13.083,224.208862,1190.884399,218.784988,321.410034,909.362366,154.750595,317.339355,677.893494,252.962326
13.092,224.255234,1190.871948,218.799454,321.528229,909.392151,154.555023,317.503906,677.881714,252.677887
13.1,224.303268,1190.856201,218.819931,321.641663,909.420288,154.341705,317.673676,677.854858,252.41127
13.108,224.338501,1190.839966,218.826553,321.787842,909.437134,154.123688,317.830933,677.815857,252.16362
13.117,224.381027,1190.823242,218.861343,321.9198,909.470703,153.909866,317.994965,677.790588,251.90654
13.125,224.434753,1190.817139,218.861389,322.058136,909.478943,153.718338,318.154572,677.776184,251.661362
13.133,224.489014,1190.824829,218.881287,322.205566,909.504883,153.566116,318.354095,677.80603,251.379822
13.142,224.551056,1190.819214,218.894775,322.448151,909.50592,153.423508,318.510254,677.820068,251.132065
13.15,224.609131,1190.836792,218.925659,322.587128,909.534302,153.28508,318.637909,677.827698,250.930695
13.158,224.675797,1190.861694,218.955048,322.769714,909.595093,153.131485,318.768768,677.86853,250.751083
13.167,224.752472,1190.919678,218.989487,322.971161,909.676636,152.985367,318.878174,677.928467,250.580246
13.175,224.833496,1190.974243,218.99234,323.18634,909.778931,152.795822,318.980408,678.016052,250.4021
13.183,224.926666,1191.100098,219.013763,323.335083,909.921997,152.597733,319.084656,678.080139,250.194397
13.192,225.028793,1191.213501,219.033981,323.600006,910.068359,152.38208,319.230927,678.165894,249.992416
13.2,225.124664,1191.353638,219.043396,323.883759,910.232117,152.182678,319.33725,678.288879,249.766052
13.208,225.209427,1191.512329,219.051483,324.198608,910.411194,151.970795,319.492493,678.468079,249.536163
13.217,225.330795,1191.714844,219.062958,324.533722,910.626892,151.77388,319.636993,678.667297,249.314499
13.225,225.464371,1191.962646,219.043182,324.962372,910.90387,151.561066,319.777069,678.921265,249.070801
13.233,225.583374,1192.195801,219.044037,325.28299,911.200134,151.332504,319.965179,679.240784,248.802505
13.242,225.690384,1192.429932,219.02626,325.561127,911.504578,151.130569,320.146698,679.587158,248.582825
13.25,225.793167,1192.694458,218.996262,325.834473,911.947754,150.969238,320.309814,679.974365,248.209839
13.258,225.874023,1192.993652,218.963104,326.095856,912.472412,150.640945,320.620514,680.615967,248.019913
13.267,225.915863,1193.298096,218.941696,326.431183,912.984131,150.352432,320.964294,681.285767,247.782928
13.275,225.939865,1193.652466,218.943298,326.883667,913.566772,149.978622,321.197144,682.003296,247.355133
13.283,226.012527,1194.067261,218.935272,327.311493,914.228638,149.520004,321.561005,682.688049,247.079132
13.292,226.138962,1194.659058,218.936829,327.669861,914.973267,148.920929,321.85965,683.402222,246.801407
13.3,226.190903,1195.225708,218.873795,328.164459,915.692505,148.370911,322.137482,684.208618,246.455643
13.308,226.228363,1195.737793,218.871689,328.788757,916.456543,147.624252,322.393677,685.071899,246.008972
13.317,226.225922,1196.196411,218.898361,329.50766,917.255005,146.838577,322.617157,685.949829,245.800125
13.325,226.250198,1196.622925,218.934921,330.32489,918.061584,145.972763,322.804596,686.898621,245.457504
13.333,226.367416,1197.104492,219.03627,331.50293,918.9375,144.99202,323.030518,687.936523,244.959625
13.342,226.580231,1197.708252,219.143906,332.68634,919.806213,143.995148,323.143585,688.901367,244.596756
13.35,226.77446,1198.304565,219.201462,333.997559,920.733154,142.854111,323.303375,690.091858,244.246368
13.358,226.908325,1198.846313,219.254227,335.404175,921.775879,141.71077,323.405304,691.352661,243.778107
13.367,227.014008,1199.347168,219.38707,337.090485,922.823975,140.51358,323.57373,692.582153,243.397064
13.375,227.121857,1199.826416,219.515198,338.793243,924.016235,139.446838,323.720642,694.01532,243.079193
13.383,227.227509,1200.315186,219.583588,340.665131,925.325989,138.337143,323.987,695.468994,242.63652
13.392,227.354477,1200.864868,219.647003,342.759247,926.661743,137.204422,324.340698,696.977234,242.222244
13.4,227.543121,1201.570068,219.81456,344.873383,928.079712,136.048965,324.7211,698.666321,241.758316
13.408,227.644073,1202.203735,219.938721,347.121307,929.601074,135.100067,325.197235,700.186584,241.118484
13.417,227.747009,1202.78833,220.007141,349.461914,931.216064,134.072021,325.737457,702.001892,240.511459
13.425,227.960556,1203.46814,220.195602,351.892151,932.91095,132.930817,326.375305,703.805725,239.593292
13.433,228.021713,1204.070312,220.302429,354.408356,934.653442,131.748779,327.017548,705.643311,238.59552
13.442,228.188095,1204.788086,220.422806,356.877716,936.495422,130.491577,327.700653,707.570618,237.529892
13.45,228.329239,1205.575562,220.616852,359.289154,938.364563,129.131348,328.518829,709.419373,236.162445
13.458,228.397491,1206.273071,220.738571,361.68512,940.309937,127.607048,329.390991,711.51709,234.703766
13.467,228.478333,1206.95166,220.848343,364.084351,942.375122,126.219063,330.338837,713.568359,232.917603
13.475,228.494919,1207.585449,220.990906,366.462311,944.507996,124.437195,331.380707,715.645203,231.147217
13.483,228.529938,1208.296753,221.039139,368.851227,946.761475,122.807068,332.53125,717.859497,229.4133
13.492,228.597626,1209.075317,221.136292,371.238373,948.992065,120.915169,333.736328,720.027588,227.433594
13.5,228.65686,1209.820435,221.231476,373.623962,951.309998,118.929977,335.083923,722.350159,225.395294
13.508,228.725616,1210.463867,221.263275,376.088867,953.789917,116.910248,336.46579,724.775879,223.336731
13.517,228.791992,1211.071045,221.334656,378.418427,956.221802,114.781075,337.806732,727.252441,221.220963
13.525,228.969025,1211.887695,221.385727,380.957336,958.867493,112.622597,339.49118,730.037109,219.134491
13.533,229.216797,1212.670532,221.403122,383.382416,961.559937,110.240189,341.113129,732.737183,216.930954
13.542,229.440567,1213.415039,221.440506,385.965637,964.423767,108.01638,342.832581,735.718933,214.696655
13.55,229.513702,1214.098999,221.513962,388.467957,967.412659,105.520866,344.719177,738.656494,212.302856
13.558,229.70285,1214.981079,221.519608,391.031799,970.676208,103.069244,346.571228,742.010132,209.840576
13.567,229.907578,1216.031372,221.539764,393.508179,974.113098,100.457748,348.549225,745.55603,207.180695
13.575,229.974915,1216.897461,221.588821,395.966034,977.650269,97.753349,350.564453,749.04718,204.401154
13.583,229.972946,1217.974121,221.67514,398.408447,981.529053,95.051926,352.692566,752.962952,201.490402
13.592,229.989868,1219.353394,221.733276,400.832336,985.69458,92.233597,354.9104,757.100464,198.646912
13.6,229.995865,1220.665039,221.889587,403.266937,990.072937,89.35302,357.380859,761.370239,195.505127
13.608,229.792419,1222.165039,222.007278,405.775757,994.733826,86.435791,359.84729,765.883667,192.297714
13.617,229.665222,1223.865234,222.117905,408.167114,999.760742,83.527855,362.320465,770.613525,188.988647
13.625,229.106674,1225.366089,222.238297,410.547943,1005.039185,80.64901,364.929901,775.456299,185.629944
13.633,228.70488,1227.116333,222.33931,412.756256,1010.274292,77.561417,367.567505,780.650024,182.059708
13.642,228.485672,1228.710327,222.476456,415.267578,1015.847107,74.634125,370.058716,785.828796,178.432465
13.65,228.051102,1230.136719,222.408127,417.750732,1021.471985,71.472008,372.728729,791.304565,174.556183
13.658,227.563309,1231.547363,222.999329,420.234955,1027.592529,68.115631,375.425781,796.609924,170.913696
13.667,227.094879,1233.057861,223.202896,422.493652,1033.407593,65.35556,377.748474,802.153442,167.393768
13.675,226.851852,1234.377441,223.418839,424.90799,1039.275757,62.478733,380.201263,807.730713,163.667847
13.683,226.458725,1235.612427,223.63974,426.961365,1045.384399,59.375763,382.731598,813.382019,159.861526
13.692,226.049255,1236.824463,223.801361,429.004211,1051.557007,56.330662,384.83252,819.001465,156.380859
13.7,225.524307,1237.991699,223.89978,430.940002,1057.693726,53.300915,387.078979,824.886414,152.545944
13.708,225.120728,1239.087646,224.057007,432.690582,1063.897217,50.208961,389.183533,830.708923,148.599976
13.717,224.796265,1240.175781,224.228668,434.466461,1070.281616,47.045494,391.146759,836.239929,144.776245
13.725,224.557755,1241.150269,224.349457,435.842377,1076.283936,44.106731,392.978699,841.949951,140.835083
13.733,224.421326,1242.188721,224.461563,437.049835,1082.525879,41.045105,394.718811,847.520142,136.796555
13.742,224.234161,1243.203491,224.538055,438.045898,1088.736572,38.148033,396.240051,853.22113,132.778824
13.75,224.049149,1244.154175,224.567963,438.920959,1094.739136,35.099682,397.644348,858.825378,128.733978
13.758,223.870453,1245.117432,224.570511,439.528076,1100.810547,31.854008,398.775391,864.289612,124.687996
13.767,223.739426,1246.051147,224.48822,439.945465,1106.827881,28.801294,399.845612,869.765259,120.725014
13.775,223.707611,1247.024536,224.45343,440.145935,1112.647095,25.772589,400.785004,875.227234,116.861465
13.783,223.768921,1247.914673,224.412048,440.196716,1118.488281,22.563025,401.539001,880.566467,113.044403
13.792,223.81871,1248.874268,224.38324,439.913879,1124.210815,19.536814,402.145355,885.841431,109.258736
13.8,223.866318,1249.860107,224.349869,439.431763,1129.719116,16.409985,402.615997,891.092102,105.465958
13.808,223.930893,1250.793213,224.271759,438.798859,1135.185913,13.21954,402.850098,896.195129,101.654015
13.817,224.011765,1251.729248,224.135864,437.967316,1140.619751,10.082192,402.886627,901.179443,98.037659
13.825,223.966904,1252.683716,224.026779,436.891449,1145.916382,6.928516,402.948151,906.213867,94.37558
13.833,224.024994,1253.725708,223.887253,435.693207,1151.121704,3.812983,402.629486,911.077637,90.615089
13.842,224.056656,1254.625,223.736603,434.281982,1156.225586,0.597481,402.307404,915.784546,86.891045
13.85,224.010162,1255.597656,223.54454,432.794739,1161.283447,-2.463577,401.836731,920.554626,83.228928
13.858,223.990646,1256.648071,223.31134,431.099182,1166.213257,-5.57841,401.179352,925.107605,79.748901
13.867,223.978195,1257.553711,223.114822,429.433868,1170.988037,-8.520612,400.370575,929.695862,76.178963
13.875,223.938934,1258.549927,222.886093,427.707245,1175.830811,-11.572475,399.527374,934.149414,72.85511
13.883,223.924469,1259.596924,222.577942,425.753357,1180.493652,-14.326706,398.491974,938.596863,69.45414
13.892,223.889664,1260.536865,222.350845,423.825043,1185.010254,-17.353783,397.466461,942.917847,66.213692
13.9,223.920273,1261.466309,222.114929,421.662018,1189.569092,-20.122345,396.18045,947.168762,63.132473
13.908,224.110565,1262.490967,221.82547,419.761414,1193.776367,-22.799948,394.869812,951.391541,60.096535
13.917,224.090988,1263.38147,221.494354,417.685791,1198.140625,-25.480537,393.544891,955.53833,57.144199
13.925,224.436981,1264.488525,221.550934,415.62738,1202.401611,-28.008169,392.018005,959.494934,54.255276
13.933,224.694962,1265.670166,221.527328,413.572662,1206.513916,-30.503073,390.380402,963.529297,51.222225
13.942,224.864792,1266.724365,221.573044,411.373779,1210.475464,-32.87286,388.74118,967.350281,48.318096
13.95,224.893967,1267.683228,221.673523,409.163818,1214.573364,-35.243752,386.906677,971.135864,45.322655
13.958,224.913467,1268.794067,221.584412,407.108978,1218.431763,-37.507828,385.01413,974.779114,42.313915
13.967,224.889664,1269.729004,221.216019,405.0177,1222.283936,-39.799408,383.021545,978.395813,39.315945
13.975,224.737274,1270.403564,220.322968,402.60379,1226.225708,-41.873989,381.09317,981.912598,36.399231
13.983,224.570541,1271.013428,219.210159,400.425964,1229.707642,-43.856422,379.194977,985.366028,33.54768
13.992,224.445679,1271.768555,218.626694,398.179199,1233.233521,-45.983509,377.184845,988.66864,30.720509
14,224.421387,1272.578125,218.198532,395.739868,1236.766968,-48.006134,375.252594,991.923157,27.961275
14.008,224.400055,1273.311768,217.8237,393.573212,1239.962402,-49.925785,373.451019,995.05835,25.341434
14.017,224.45433,1274.112671,217.467499,391.311188,1243.191284,-51.87122,371.713989,998.062622,22.853207
14.025,224.507599,1274.974731,217.022049,388.975769,1246.24585,-53.704319,369.986359,1000.888916,20.45212
14.033,224.52803,1275.644653,216.646255,386.568176,1249.225952,-55.649319,368.355438,1003.660706,18.090231
14.042,224.533798,1276.237915,216.223038,384.43866,1251.972656,-57.260876,366.873596,1006.22821,15.751585
14.05,224.640869,1276.876099,215.799881,382.354553,1254.600708,-58.998539,365.363892,1008.794556,13.449516
14.058,224.790298,1277.492188,215.435287,380.361908,1257.15686,-60.555225,364.04007,1011.188599,11.381685
14.067,224.897995,1278.011475,215.05542,378.340057,1259.638306,-62.035576,362.68634,1013.473022,9.33701
14.075,225.013977,1278.459839,214.685364,376.429596,1261.91687,-63.483135,361.406647,1015.650391,7.34181
14.083,225.146484,1278.824219,214.383347,374.683289,1264.164917,-64.821861,360.113617,1017.807983,5.38955
14.092,225.247467,1279.149292,214.045883,372.75708,1266.353027,-66.154747,359.011749,1019.74115,3.815593
14.1,225.385666,1279.505127,213.659515,371.232849,1268.508911,-67.113586,357.80426,1021.683228,2.370899
14.108,225.544067,1279.817261,213.311157,369.953003,1270.612183,-67.991585,356.712189,1023.609741,0.949606
14.117,225.670761,1280.08252,212.977646,368.816742,1272.542603,-68.847313,355.554688,1025.423218,-0.478403
14.125,225.741394,1280.296021,212.601532,367.560425,1274.431152,-69.667656,354.434021,1027.309082,-1.895
14.133,225.827484,1280.482666,212.25824,366.630127,1276.28479,-70.173637,353.339233,1029.071167,-3.024106
14.142,225.864883,1280.664062,211.977127,365.863281,1278.166504,-70.740547,352.355438,1030.905273,-4.10756
14.15,225.905228,1280.85791,211.767365,365.132416,1280.056274,-71.113182,351.352112,1032.602539,-4.879653
14.158,225.916306,1281.067139,211.575027,364.695984,1281.700195,-71.315247,350.293091,1034.279053,-5.54285
14.167,225.895645,1281.222656,211.421539,364.111206,1283.441406,-71.666039,349.258026,1035.841553,-6.375101
14.175,225.875671,1281.367432,211.266373,363.631104,1285.112183,-71.799347,348.334595,1037.447144,-7.222187
14.183,225.828629,1281.499268,211.119812,363.266296,1286.760986,-71.778023,347.349976,1038.987793,-8.230404
14.192,225.605331,1281.352051,210.701721,362.798035,1288.367065,-71.873116,346.481812,1040.412842,-9.026962
14.2,225.576523,1281.485718,210.628159,362.266632,1289.806396,-71.979645,345.641907,1041.752563,-9.87358
14.208,225.597519,1281.574585,210.568756,361.63855,1291.262207,-72.069305,344.765167,1043.034302,-10.620204
14.217,225.607224,1281.642944,210.520447,361.220703,1292.478271,-72.19635,344.034271,1044.304321,-11.226956
14.225,225.655365,1281.701294,210.473831,360.842499,1293.743652,-72.160347,343.286591,1045.366089,-11.729512
14.233,225.698914,1281.734497,210.421082,360.466919,1294.737305,-72.271263,342.572815,1046.369141,-12.154159
14.242,225.763092,1281.758057,210.363708,360.233521,1295.573242,-72.446678,341.923065,1047.323975,-12.464465
14.25,225.873917,1281.747437,210.315872,359.714294,1296.513672,-72.609016,341.234314,1048.083618,-12.863406
14.258,225.96669,1281.755981,210.257736,359.506195,1297.019653,-72.698227,340.659058,1048.734131,-13.088395
14.267,226.045212,1281.761719,210.230057,359.255341,1297.480225,-72.842873,340.108917,1049.330811,-13.381505
14.275,226.114731,1281.764771,210.183502,358.982147,1297.879028,-73.000885,339.592499,1049.797119,-13.658334
14.283,226.189117,1281.741455,210.14064,358.623444,1298.272827,-73.201691,339.082306,1050.130005,-13.923056
14.292,226.239029,1281.740234,210.12796,358.359131,1298.554077,-73.328468,338.561829,1050.388672,-14.26008
14.3,226.309174,1281.697144,210.103867,358.036102,1298.899658,-73.502518,338.107361,1050.549927,-14.599224
14.308,226.379593,1281.655029,210.083908,357.797211,1299.094971,-73.667076,337.734009,1050.662231,-14.887551
14.317,226.501236,1281.653564,210.048843,357.622894,1299.230713,-73.779732,337.422394,1050.773682,-15.06814
14.325,226.572876,1281.598022,210.011795,357.510712,1299.316772,-73.861443,337.101868,1050.875854,-15.15155
14.333,226.643646,1281.540649,209.954926,357.488861,1299.387085,-73.907211,336.82547,1050.950928,-15.28306
14.342,226.723328,1281.484741,209.918915,357.540405,1299.430542,-73.904663,336.615082,1051.022583,-15.362267
14.35,226.767593,1281.432983,209.860199,357.680328,1299.420898,-73.875153,336.456177,1051.058716,-15.430116
14.358,226.836304,1281.374512,209.814636,357.853729,1299.433838,-73.831497,336.338165,1051.041504,-15.546441
14.367,226.879257,1281.321655,209.788269,358.075317,1299.381592,-73.734337,336.256042,1051.008911,-15.696196
14.375,226.918762,1281.267212,209.77948,358.335144,1299.376831,-73.606377,336.172729,1050.963013,-15.871367
14.383,226.939789,1281.206787,209.784256,358.553223,1299.33606,-73.511536,336.1427,1050.868408,-16.02928
14.392,226.940323,1281.144043,209.805374,358.749359,1299.248169,-73.370178,336.152771,1050.727051,-16.231392
14.4,226.932861,1281.083008,209.82135,359.023193,1299.071533,-73.270515,336.252716,1050.516846,-16.474585
14.408,226.901291,1281.040527,209.845352,359.222961,1298.915649,-73.168816,336.431335,1050.311401,-16.593796
14.417,226.908463,1281.041016,209.860184,359.431793,1298.694214,-73.113319,336.709106,1050.092163,-16.571146
14.425,226.914001,1281.032715,209.874512,359.675476,1298.388306,-73.027306,337.103119,1049.85083,-16.394529
14.433,226.918503,1281.044922,209.886917,359.942444,1298.132568,-72.959755,337.565887,1049.630737,-16.101667
14.442,226.956894,1281.052124,209.9151,360.227386,1297.899902,-72.84108,338.045013,1049.381592,-15.878855
14.45,226.998138,1281.043823,209.951752,360.401581,1297.768311,-72.75251,338.450134,1049.137085,-15.714956
14.458,227.017258,1281.011597,209.99234,360.604889,1297.520508,-72.705856,338.804688,1048.906982,-15.447567
14.467,227.027191,1280.967407,210.040512,360.773041,1297.366821,-72.617653,339.199829,1048.658447,-15.160165
14.475,227.024094,1280.927246,210.086426,360.996155,1297.092285,-72.563644,339.524475,1048.39917,-14.854082
14.483,227.020981,1280.864624,210.119141,361.310059,1296.677002,-72.516945,339.799866,1048.168823,-14.632603
14.492,227.020157,1280.83667,210.13765,361.547302,1296.384766,-72.448112,339.993103,1047.901978,-14.518228
14.5,227.038177,1280.818481,210.153275,361.721252,1296.051392,-72.431961,340.160553,1047.59314,-14.322546
14.508,227.049271,1280.785889,210.163834,361.988556,1295.684448,-72.378136,340.385284,1047.201294,-14.243454
14.517,227.090515,1280.759155,210.177505,362.253265,1295.35083,-72.273071,340.631714,1046.735352,-13.937168
14.525,227.127701,1280.71875,210.206238,362.472382,1294.761719,-72.215004,340.804962,1046.244751,-13.843388
14.533,227.166672,1280.654419,210.230545,362.860138,1294.121216,-72.159882,340.961456,1045.723999,-13.794211
14.542,227.246643,1280.582275,210.258545,363.229675,1293.529053,-72.070267,341.111633,1045.162598,-13.686849
14.55,227.303833,1280.492798,210.279419,363.430481,1292.875854,-72.070145,341.229645,1044.519775,-13.645976
14.558,227.38031,1280.414551,210.289276,363.805359,1292.242188,-71.995522,341.278564,1043.87561,-13.65067
14.567,227.46759,1280.308105,210.302124,364.053162,1291.508057,-72.049622,341.378174,1043.125366,-13.637643
14.575,227.547119,1280.211914,210.281754,364.347229,1290.597778,-72.079056,341.422577,1042.357178,-13.490985
14.583,227.721085,1280.103638,210.286469,364.690216,1289.728027,-72.134705,341.5065,1041.565186,-13.270756
14.592,227.838821,1279.942627,210.25032,365.074921,1288.734741,-72.067352,341.580902,1040.668945,-13.127452
14.6,227.977142,1279.783936,210.244781,365.337982,1287.734131,-72.272209,341.746124,1039.748779,-12.914412
14.608,228.127075,1279.595459,210.236511,365.650726,1286.602417,-72.314819,341.919281,1038.751221,-12.675437
14.617,228.426666,1279.541016,210.437149,366.0495,1285.375977,-72.388794,342.162201,1037.673828,-12.30874
14.625,228.477448,1279.156006,210.247162,366.324493,1284.276855,-72.532158,342.48114,1036.52063,-11.973209
14.633,228.7043,1278.971436,210.25441,366.638824,1282.890259,-72.646805,342.967773,1035.263916,-11.567798
14.642,229.183655,1279.021606,210.505203,367.105469,1281.585327,-72.582436,343.457153,1034.004028,-10.997766
14.65,229.547455,1278.998779,210.736359,367.631836,1280.170532,-72.626099,343.941681,1032.622925,-10.469752
14.658,229.795685,1278.846558,210.878128,368.196686,1278.491577,-72.576141,344.454956,1031.231689,-9.843715
14.667,229.975174,1278.603027,210.902618,368.794464,1276.963867,-72.550774,345.235138,1029.761353,-9.188482
14.675,230.126175,1278.30249,210.928452,369.398956,1275.298096,-72.494545,345.876526,1028.207764,-8.580092
14.683,230.367859,1278.090332,211.168152,370.061646,1273.768799,-72.335503,346.544983,1026.668579,-8.02344
14.692,230.578812,1277.953369,211.765717,370.622955,1272.207886,-72.228813,347.284576,1025.063843,-7.336195
14.7,230.670258,1277.651611,212.479202,371.515289,1270.395752,-71.928528,348.014435,1023.497437,-7.079876
14.708,230.734238,1277.214478,212.690704,372.205566,1268.77124,-71.668938,348.779602,1021.912476,-6.648186
14.717,230.849884,1276.821289,212.603271,372.986969,1267.173828,-71.206604,349.574677,1020.222412,-6.181988
14.725,230.95488,1276.449707,212.563568,374.080383,1265.53186,-70.625648,350.477203,1018.591614,-5.941472
14.733,230.979553,1276.070923,212.519104,375.087616,1263.822266,-70.028145,351.496033,1016.823792,-5.38833
14.742,230.992447,1275.697388,212.603973,376.123596,1262.19165,-69.422928,352.578186,1015.114441,-4.853542
14.75,230.975281,1275.260986,212.71666,377.459473,1260.345093,-68.608818,353.79538,1013.298767,-4.219438
14.758,230.934525,1274.800781,212.76532,378.797028,1258.753784,-67.800797,354.905731,1011.482483,-3.422904
14.767,230.934525,1274.264893,212.853806,380.344025,1256.743042,-66.977829,356.227356,1009.616516,-2.652876
14.775,231.023926,1273.63562,212.769669,382.154694,1254.791138,-66.068527,357.416504,1007.688171,-1.745027
14.783,231.120667,1273.047485,212.381317,383.853546,1252.708984,-65.110001,358.647247,1005.634644,-0.630919
14.792,231.302277,1272.507202,212.073318,385.559937,1250.400757,-64.120087,359.868835,1003.552551,0.635247
14.8,231.443115,1271.953979,211.883163,387.508026,1248.182007,-63.14061,360.975586,1001.319275,1.924689
14.808,231.547638,1271.28894,211.882019,389.246826,1245.631592,-62.142128,362.062531,998.99054,3.301788
14.817,231.649536,1270.582886,211.867981,391.047943,1242.921997,-61.126106,362.940308,996.608704,4.634693
14.825,231.815689,1269.81958,211.945801,392.644409,1240.330078,-60.201897,363.743622,994.020996,6.107722
14.833,232.046783,1269.2229,212.161072,394.308105,1237.369629,-59.167934,364.504456,991.307068,7.516371
14.842,232.373444,1268.767456,212.610321,395.881012,1234.213257,-58.165024,365.249695,988.395447,9.119371
14.85,232.633041,1268.274048,213.037766,397.269012,1230.993408,-57.151321,366.115875,985.452148,10.883634
14.858,232.965958,1267.649658,213.502487,398.545319,1227.72644,-56.194691,366.857086,982.373657,12.706024
14.867,233.191498,1266.869995,213.608261,400.009705,1224.171753,-55.093071,367.61618,979.200745,14.634459
14.875,233.399445,1266.199585,213.562744,401.089142,1220.587524,-54.278542,368.391388,975.902283,16.500429
14.883,233.726486,1265.514893,213.515991,402.257172,1216.908569,-53.333496,369.150848,972.568359,18.403683
14.892,233.979004,1264.77002,213.51236,403.178772,1213.300537,-52.514515,369.72879,969.071594,20.261705
14.9,234.206161,1263.929688,213.814362,404.271667,1209.444702,-51.521847,370.297211,965.518372,21.86541
14.908,234.447037,1263.006592,214.266571,405.295807,1205.715698,-50.526047,370.711243,961.828857,23.282936
14.917,234.718979,1262.241455,214.60936,406.204651,1201.777954,-49.489971,371.020203,958.031982,24.447735
14.925,235.07811,1261.504272,214.727844,407.246979,1197.63855,-48.210655,371.295441,954.075989,25.517456
14.933,235.358093,1260.663696,214.883438,408.439514,1193.470703,-46.817783,371.571259,950.063965,26.694242
14.942,235.49585,1259.762573,215.111038,409.272064,1189.60083,-45.643475,371.925079,946.048401,27.921165
14.95,235.598892,1259.095947,215.400742,410.033051,1185.461304,-43.987045,372.390045,941.902344,29.249495
14.958,235.704437,1258.484009,215.852325,410.737122,1181.483643,-42.587551,372.887939,937.759583,30.703892
14.967,235.671677,1257.699707,216.318069,411.230194,1177.324463,-40.689453,373.386749,933.595703,32.154472
14.975,235.585876,1256.807007,216.803223,411.858093,1173.174683,-39.106953,373.902863,929.418579,33.653046
14.983,235.545715,1256.003662,217.162918,412.530823,1169.033081,-37.455376,374.224335,925.187439,34.889732
14.992,235.50267,1255.101562,217.285034,413.236328,1164.853027,-35.784359,374.443939,920.851318,36.23637
15,235.472702,1254.053955,217.58313,413.869843,1160.540283,-33.946239,374.55365,916.479675,37.514404
15.008,235.616379,1253.074341,217.988708,414.819305,1155.748413,-31.997173,374.414429,911.911743,38.930859
15.017,235.722916,1252.080444,217.869659,415.566101,1151.051147,-30.029865,374.333557,907.298889,40.36311
15.025,235.963699,1250.976562,217.907913,416.437775,1146.149536,-28.207819,374.462982,902.756226,42.316425
15.033,236.267624,1249.949341,218.166031,417.223694,1141.364868,-26.409422,374.652863,898.286499,44.567192
15.042,236.458817,1249.098755,218.267273,417.804779,1136.72644,-24.539898,374.818115,893.742859,46.842968
15.05,236.607758,1248.224487,218.330231,418.24585,1132.017944,-22.69495,374.963501,889.311218,49.147133
15.058,236.619354,1247.218018,218.499756,418.544006,1127.446167,-20.859369,374.994476,884.932373,51.299458
15.067,236.687881,1246.345825,218.807449,418.722443,1123.027832,-18.866585,374.997955,880.555725,53.652966
15.075,236.73642,1245.509033,218.807983,418.717224,1118.465454,-17.014885,374.919586,876.202332,55.772221
15.083,236.783722,1244.516602,218.814423,418.975739,1113.725708,-14.852919,374.60202,871.733276,57.999836
15.092,236.870132,1243.391235,218.816284,419.287933,1109.008301,-12.905228,374.322418,867.266479,60.322418
15.1,237.088776,1242.474976,218.767853,419.406006,1104.542603,-10.732471,374.055817,862.865356,62.72438
15.108,237.203674,1241.541138,218.395569,419.649567,1099.721558,-8.459188,373.959229,858.437683,65.590088
15.117,237.29686,1240.498413,218.178253,419.843994,1095.081421,-6.323322,374.023682,854.072144,68.711327
15.125,237.375916,1239.531372,218.253632,419.994751,1090.394165,-4.017146,373.861572,849.70874,72.023476
15.133,237.434647,1238.674438,217.984467,419.983948,1085.632202,-1.856276,373.802795,845.485352,75.209129
15.142,237.575867,1237.64856,217.662827,419.979736,1080.855957,0.245406,373.630829,841.222961,78.515251
15.15,237.699524,1236.506348,217.740005,419.787415,1076.206787,2.272769,373.375549,836.928955,81.558281
15.158,237.889145,1235.343262,217.426651,419.688049,1071.549561,4.677828,372.880707,832.592407,84.616074
15.167,238.260452,1234.252319,217.196838,419.762634,1066.586426,6.954643,372.442413,828.237366,87.500473
15.175,238.451385,1232.781494,216.830933,419.565735,1061.865479,9.335876,371.93924,823.81073,90.280434
15.183,238.568756,1231.510864,216.7453,419.607941,1056.880737,11.858755,371.455597,819.398621,93.412796
15.192,238.619675,1230.170654,216.373199,419.534576,1051.831787,14.316951,371.121307,814.782715,96.866074
15.2,238.581238,1228.835938,216.300446,419.390259,1046.906494,16.940105,370.701324,810.323669,100.479378
15.208,238.565277,1227.594482,216.032684,419.050812,1042.105469,19.481653,370.422089,805.94519,104.061661
15.217,238.516113,1226.346802,215.800278,418.641052,1037.216675,22.04792,370.111359,801.620239,107.538338
15.225,238.469757,1224.902832,215.605408,418.188751,1032.422852,24.756777,369.763275,797.09021,111.152176
15.233,238.477325,1223.739258,215.447586,417.496063,1027.842896,27.421745,369.391998,792.769531,114.179596
15.242,238.528778,1222.211548,215.228867,416.782532,1023.190979,30.231625,369.100708,788.274841,117.010307
15.25,238.528427,1220.832153,215.052582,415.998962,1018.419128,32.930706,368.475403,783.616028,119.792091
15.258,238.518021,1219.494873,214.914581,415.255707,1013.625854,36.024326,367.438721,778.775757,122.766724
15.267,238.420639,1217.927734,214.719528,414.397339,1009.034851,38.942135,366.790405,774.065125,125.740204
15.275,238.302719,1216.730713,214.781754,413.318481,1004.451294,41.936783,366.186432,769.554871,128.994202
15.283,238.203171,1215.273315,214.713608,412.176758,999.868286,44.592094,365.840088,765.061646,132.092773
15.292,237.92305,1213.991943,214.721634,410.580292,995.160889,47.529652,365.194733,760.688721,135.127396
15.3,237.735718,1212.954712,214.90593,409.022186,990.913574,50.161789,364.486023,756.473999,137.90416
15.308,237.435745,1211.649048,215.078522,407.324432,986.932556,52.680107,363.684937,752.266479,140.308945
15.317,237.167908,1210.637939,215.279907,405.452637,983.179443,55.270424,362.632202,748.29657,142.405029
15.325,236.096481,1208.395752,213.06221,403.533569,979.566956,57.79771,361.507324,744.358459,144.329453
15.333,235.737274,1207.270752,213.266968,401.502228,976.06488,60.099072,360.164124,740.542847,146.196472
15.342,235.361603,1206.369995,213.421997,399.429565,972.627747,62.549591,358.877747,736.881531,148.215683
15.35,234.870026,1205.286987,213.623535,397.335388,969.307678,64.940041,357.723053,733.567566,150.385818
15.358,234.371216,1204.271973,213.774185,395.127075,966.274658,67.288094,356.642303,730.334534,152.617691
15.367,233.925323,1203.495972,213.986969,392.889771,963.148071,69.6679,355.444275,727.110779,155.011902
15.375,233.441132,1202.659546,214.164078,390.687866,960.251587,72.084541,354.361603,724.180786,157.313217
15.383,232.91452,1201.856567,214.314819,388.401733,957.602051,74.464378,353.200836,721.142395,159.492661
15.392,232.435471,1201.16333,214.366486,386.230957,954.932129,76.960266,352.013794,718.355225,161.514191
15.4,232.116043,1200.653931,214.451462,384.042297,952.411316,79.504997,350.786987,715.409058,163.344955
15.408,231.736801,1200.111938,214.60762,381.855011,949.918457,82.074249,349.581665,712.789734,165.079315
15.417,231.422348,1199.545166,214.768494,379.500214,947.508667,84.48336,348.338257,710.002747,166.822891
15.425,231.100174,1198.934326,214.875244,377.316162,945.275269,86.944061,347.092316,707.495361,168.529984
15.433,230.749481,1198.418335,214.927261,374.980316,943.094238,89.353096,346.015686,704.896973,170.284927
15.442,230.414627,1197.920166,214.958069,372.563599,940.754883,91.583359,345.011017,702.574158,172.163345
15.45,230.101044,1197.442871,214.89621,370.239594,938.750671,93.788834,344.025269,700.30249,174.054489
15.458,229.687881,1196.857178,214.782593,367.816284,936.729126,95.962257,343.020782,698.239868,176.165512
15.467,229.227951,1196.250977,214.670258,365.45575,934.78125,98.196381,342.035522,696.28833,178.47644
15.475,228.711441,1195.641724,214.50737,363.171082,933.025818,100.389816,341.112152,694.311279,180.706985
15.483,228.33728,1195.184814,214.343506,360.785492,931.296692,102.668266,340.190979,692.507446,182.988571
15.492,227.989639,1194.818726,214.1698,358.629944,929.762512,105.141754,339.372314,690.852356,185.256622
15.5,227.652954,1194.479614,214.031677,356.379822,928.270447,107.454659,338.448792,689.205505,187.451096
15.508,227.332306,1194.156616,213.914352,354.165161,926.924316,109.779808,337.585175,687.760437,189.562622
15.517,227.009811,1193.799316,213.814621,352.11441,925.637024,112.291794,336.690643,686.454407,191.595963
15.525,226.682526,1193.439575,213.730621,350.024475,924.4552,114.598915,335.717926,685.212524,193.654617
15.533,226.394211,1193.17688,213.66011,347.979736,923.40509,116.806992,334.861542,684.271851,195.626328
15.542,226.124252,1192.907104,213.617401,345.976288,922.461182,119.03743,333.991364,683.352783,197.778915
15.55,225.895615,1192.729858,213.588654,344.129089,921.671021,121.07283,333.192413,682.677734,199.822418
15.558,225.640732,1192.634277,213.577148,342.110229,920.922424,123.04538,332.330322,682.106201,201.871872
15.567,225.294632,1192.57312,213.551514,340.207581,920.196289,125.174683,331.395752,681.577026,203.786591
15.575,224.990997,1192.539795,213.60347,339.333771,919.913757,127.684158,330.547882,681.146423,205.500443
15.583,224.668335,1192.519653,213.661575,337.637848,919.545227,129.394958,329.624603,680.779175,207.316193
15.592,224.336563,1192.512695,213.746506,336.33606,919.137512,131.189789,328.425781,680.409424,209.000168
15.6,224.05545,1192.533936,213.823135,335.131683,918.882996,132.649231,327.265228,680.229126,210.292847
15.608,223.783234,1192.544067,213.899261,334.015961,918.526306,134.059235,325.985962,680.06012,211.58493
15.617,223.49234,1192.592896,213.982101,333.128082,918.292969,135.206543,324.730133,679.955505,212.800995
15.625,223.255539,1192.631714,214.050339,332.310822,918.077637,136.268936,323.406372,679.809448,214.060287
15.633,223.104385,1192.685791,214.044983,331.450378,917.987183,137.306244,322.196625,679.818237,215.258255
15.642,222.992554,1192.777344,214.046814,330.745514,917.859192,138.185257,321.072266,679.791748,216.250427
15.65,222.931519,1192.893066,214.013824,330.108551,917.708557,138.961731,319.8909,679.795837,217.097168
15.658,222.922287,1193.018555,213.968262,329.457214,917.677856,139.614182,318.874908,679.726562,217.879318
15.667,222.95694,1193.152466,213.915726,328.974854,917.675659,140.259308,317.784271,679.710938,218.497192
15.675,223.013809,1193.341064,213.834106,328.529877,917.686096,140.674072,316.630005,679.698242,219.022598
15.683,223.125626,1193.567139,213.729996,328.167511,917.690918,140.939636,315.526184,679.707458,219.413345
15.692,223.211426,1193.800415,213.584442,327.763702,917.743958,141.093079,314.476349,679.856689,219.926407
15.7,223.289169,1193.994995,213.424973,327.464783,917.788513,141.144424,313.559753,680.001282,220.331497
15.708,223.396912,1194.252319,213.245468,327.127319,917.827148,141.157806,312.630157,680.053406,220.744797
15.717,223.489471,1194.470459,213.063156,326.860016,917.89032,141.202271,311.770477,680.213135,221.087128
15.725,223.558502,1194.662354,212.916763,326.582306,917.988342,141.28157,311.071411,680.328674,221.43219
15.733,223.646667,1194.830444,212.804016,326.393707,918.099854,141.379089,310.480286,680.446594,221.739532
15.742,223.699829,1194.983765,212.686493,326.245728,918.218445,141.508331,309.834595,680.588074,222.066162
15.75,223.734436,1195.126099,212.588882,326.194366,918.364685,141.655273,309.325348,680.770874,222.443237
15.758,223.748169,1195.241333,212.523682,326.131897,918.521606,141.795273,308.834747,680.857178,222.73027
15.767,223.737656,1195.328613,212.449829,326.09375,918.624329,141.920822,308.444763,680.949463,222.912277
15.775,223.712296,1195.427368,212.344742,326.034943,918.681335,141.977234,308.062683,681.056091,223.063126
15.783,223.675308,1195.500977,212.207443,325.982056,918.733704,142.035873,307.699402,681.129211,223.10849
15.792,223.632141,1195.544922,212.098175,325.904877,918.756287,142.075134,307.457062,681.15155,223.182846
15.8,223.595627,1195.589844,211.975128,325.829041,918.747192,142.096008,307.266022,681.180054,223.250061
15.808,223.560196,1195.610107,211.856232,325.790314,918.749329,142.107391,307.140472,681.207642,223.337494
15.817,223.528061,1195.633057,211.756241,325.682953,918.722168,142.085327,307.048004,681.20636,223.412415
15.825,223.511871,1195.63147,211.66391,325.701202,918.705444,142.073669,306.988464,681.202026,223.465027
15.833,223.485764,1195.605591,211.576248,325.808838,918.669312,142.073135,306.977448,681.177063,223.505966
15.842,223.473923,1195.574463,211.487595,325.871735,918.647461,142.04126,307.00177,681.152832,223.553818
15.85,223.470657,1195.531372,211.396133,325.944397,918.598877,141.981567,307.055511,681.103699,223.593307
15.858,223.481995,1195.491455,211.291687,326.023163,918.53894,141.889099,307.123322,681.079834,223.572388
15.867,223.502289,1195.452881,211.20108,326.088501,918.496216,141.779831,307.207611,681.05835,223.503952
15.875,223.534897,1195.435181,211.093994,326.139343,918.449524,141.656479,307.336304,681.074158,223.402603
15.883,223.562332,1195.422485,210.993317,326.174683,918.453186,141.530792,307.445343,681.095459,223.295044
15.892,223.61438,1195.446411,210.890762,326.198181,918.460266,141.410156,307.588348,681.131531,223.218643
15.9,223.648819,1195.473999,210.771652,326.235168,918.494507,141.263321,307.717712,681.171082,223.159256
15.908,223.64621,1195.507202,210.615967,326.286377,918.529907,141.123672,307.881104,681.226074,223.098495
15.917,223.649292,1195.562744,210.450043,326.394989,918.618469,140.946457,308.009613,681.300171,223.014526
15.925,223.632492,1195.594849,210.302124,326.476074,918.699951,140.811768,308.129669,681.360962,222.901566
15.933,223.615051,1195.657227,210.168213,326.550995,918.767883,140.666809,308.276093,681.422913,222.794327
15.942,223.560898,1195.724121,210.006119,326.634674,918.819519,140.526596,308.424347,681.505676,222.652023
15.95,223.542053,1195.790527,209.838898,326.692871,918.886536,140.366592,308.584076,681.615051,222.507263
15.958,223.51561,1195.897461,209.665131,326.744171,918.96759,140.255112,308.777954,681.738525,222.391479
15.967,223.485184,1195.985352,209.517441,326.818573,919.056824,140.154205,308.936951,681.830078,222.33493
15.975,223.461334,1196.070557,209.353485,326.841156,919.226562,140.038681,309.089172,681.976807,222.254929
15.983,223.443542,1196.170776,209.152023,326.931244,919.352783,139.950653,309.265259,682.095276,222.197159
15.992,223.388412,1196.305298,208.90358,327.020386,919.500122,139.826309,309.444031,682.222473,222.178131
16,223.370911,1196.401001,208.737869,327.134796,919.651733,139.70166,309.624634,682.369995,222.166122
16.008,223.33519,1196.499023,208.560532,327.25058,919.765869,139.581848,309.804596,682.497559,222.131287
16.017,223.339615,1196.61377,208.38028,327.351776,919.892822,139.439224,309.980377,682.65979,222.102371
16.025,223.337906,1196.719116,208.192856,327.49231,920.044312,139.269333,310.163971,682.834534,222.07016
16.033,223.320831,1196.813354,207.975662,327.545746,920.168457,139.137115,310.339386,683.019592,221.99498
16.042,223.29454,1196.929199,207.724136,327.610626,920.311768,138.94986,310.485748,683.169983,221.878967
16.05,223.270782,1197.074951,207.472656,327.680328,920.484802,138.775986,310.651154,683.362549,221.807007
16.058,223.239914,1197.238403,207.236603,327.723236,920.639404,138.621857,310.76532,683.584534,221.708633
16.067,223.234833,1197.410522,207.050613,327.767426,920.823853,138.47731,310.856689,683.771606,221.660873
16.075,223.202469,1197.597534,206.821991,327.789276,921.011536,138.30452,310.961548,683.992554,221.651062
16.083,223.160049,1197.792603,206.521255,327.811462,921.199219,138.126373,311.020142,684.246277,221.628891
16.092,223.131088,1198.05188,206.191116,327.866333,921.399048,137.958603,311.083679,684.531006,221.612183
16.1,223.176773,1198.397583,205.919769,327.930054,921.628418,137.74379,311.12558,684.936035,221.611801
16.108,223.171478,1198.757812,205.599487,327.953979,921.951111,137.470581,311.164032,685.295105,221.638138
16.117,223.166504,1199.171631,205.248962,327.998047,922.250183,137.213074,311.194305,685.719421,221.655426
16.125,223.14241,1199.526611,204.846252,328.119263,922.649414,136.959824,311.172638,686.117004,221.691284
16.133,223.141022,1199.88916,204.572632,328.156006,923.006104,136.732498,311.109131,686.492493,221.742172
16.142,223.149582,1200.272339,204.22731,328.226135,923.405762,136.499725,311.068726,686.94342,221.787903
16.15,223.225113,1200.772827,203.731705,328.242493,923.809082,136.327835,310.994873,687.47937,221.784546
16.158,223.312561,1201.393921,203.313065,328.280182,924.252502,136.11647,310.955444,688.093384,221.850067
16.167,223.361404,1202.017944,202.917511,328.288513,924.757874,135.80925,310.962494,688.712097,221.790771
16.175,223.377487,1202.596191,202.441803,328.314758,925.226746,135.485321,310.997467,689.31189,221.716629
16.183,223.417755,1203.147095,202.031219,328.373932,925.830566,135.067017,311.023499,689.863464,221.61554
16.192,223.484741,1203.80542,201.521393,328.347473,926.393372,134.713181,311.034271,690.495239,221.547012
16.2,223.64769,1204.666382,200.975372,328.372192,926.90918,134.399857,311.057098,691.283081,221.555405
16.208,223.834518,1205.44165,200.515579,328.400146,927.502502,134.002686,311.057098,692.019653,221.404343
16.217,223.957428,1206.12439,199.894226,328.511017,928.27301,133.563736,311.256287,692.855957,221.223526
16.225,224.227341,1207.150635,199.281937,328.613586,929.059631,133.054749,311.413025,693.678833,221.075577
16.233,224.442398,1208.182251,198.685791,328.759125,929.819702,132.62381,311.601776,694.612244,220.928604
16.242,224.681534,1209.197754,198.100784,328.940674,930.691589,132.240997,311.908661,695.760376,220.790695
16.25,224.957169,1210.483521,197.397827,329.257538,931.803894,131.590454,312.208496,696.90155,220.596924
16.258,225.18309,1211.665405,196.70549,329.542297,932.926147,131.089218,312.644073,698.184875,220.392487
16.267,225.445587,1213.20105,195.987061,329.854828,934.241516,130.446716,313.201874,699.770142,220.196503
16.275,225.62738,1214.63916,195.226456,330.249268,935.691223,129.817184,313.760742,701.245667,219.842636
16.283,225.893692,1216.477417,194.340164,330.641815,937.272034,129.125473,314.492157,703.174011,219.593414
16.292,226.035904,1218.240845,193.503616,331.174774,939.064819,128.361923,315.216309,705.132874,219.285202
16.3,226.330719,1220.314209,192.63504,331.706085,941.082031,127.495216,316.130951,707.485352,218.909637
16.308,226.567902,1222.646729,191.608627,332.256561,943.293823,126.632004,317.329712,709.961548,218.517838
16.317,226.75148,1225.051636,190.54689,332.873474,945.692688,125.644463,318.585449,712.537415,217.935745
16.325,226.886612,1227.625488,189.405289,333.601257,948.334045,124.490517,319.969666,715.433716,217.245087
16.333,227.195221,1230.417847,188.152374,334.408936,951.319031,123.086708,321.51593,718.53894,216.358414
16.342,227.545212,1233.487915,186.899033,335.342804,954.351318,121.620155,323.270752,721.639526,215.443985
16.35,227.865082,1236.744263,185.639725,336.288208,957.597168,120.500168,325.178864,725.086243,214.344345
16.358,228.228989,1240.202393,184.195282,336.855865,960.892639,118.552124,327.179382,728.730103,213.151108
16.367,228.634308,1243.804932,182.699402,338.042358,964.656433,116.660202,329.483337,732.46936,211.944321
16.375,228.900696,1247.488037,181.139908,339.210968,968.518005,114.67807,331.995422,736.481018,210.651825
16.383,229.318008,1251.332886,179.519043,340.517242,972.500854,112.766319,334.697296,740.657104,209.208435
16.392,229.828918,1255.469849,177.760483,341.924316,976.691528,110.930038,337.674561,745.026306,207.671829
16.4,230.318253,1259.656738,175.973694,343.268646,981.060181,109.183151,340.781006,749.664856,206.009857
16.408,230.778091,1263.941895,174.069366,344.722107,985.612488,107.200211,344.040894,754.291138,204.306625
16.417,231.23349,1268.4104,172.138336,346.327148,990.335938,104.913612,347.861053,759.332092,202.548492
16.425,231.67572,1272.934082,170.098251,347.972595,995.058594,102.839485,351.739349,764.408081,200.990005
16.433,232.74762,1278.57959,170.387436,349.760651,999.81427,100.926079,355.772736,769.64502,199.328613
16.442,233.027924,1282.697754,166.945419,351.589691,1004.722229,98.716232,359.924774,774.911316,197.476364
16.45,233.76532,1287.69812,165.35762,353.500244,1009.705322,96.22081,364.340698,780.262024,195.472733
16.458,234.091431,1291.958984,162.323334,355.34671,1014.705078,93.880272,369.023132,785.719482,193.327209
16.467,234.684616,1296.805054,160.12175,357.233063,1019.719482,91.593849,373.642426,791.330811,191.461975
16.475,234.988525,1301.2677,157.444962,359.133789,1024.733032,89.172318,378.46286,796.843506,189.204041
16.483,235.591339,1305.993896,155.060852,361.241028,1029.792969,86.664253,383.493744,802.690735,186.878586
16.492,236.338043,1310.902588,153.329483,363.203339,1034.850952,84.219337,388.905609,808.545471,184.560104
16.5,236.799591,1315.278442,150.368149,365.162903,1039.896606,81.519012,394.117584,814.50116,182.535934
16.508,237.406021,1319.86145,147.354767,367.18396,1045.120361,78.869522,399.512604,820.483704,180.095993
16.517,237.934204,1324.277588,144.212265,369.257446,1050.155396,76.183037,405.141998,826.324646,178.004776
16.525,238.382828,1328.909668,141.068832,371.360565,1055.251953,73.345505,410.832794,832.548889,175.456604
16.533,238.966705,1333.541138,137.947495,373.558441,1060.253296,70.557167,416.637543,838.608215,172.790192
16.542,239.527817,1337.961182,134.869324,375.765564,1065.352661,67.727097,422.319702,844.804749,170.36116
16.55,240.565796,1343.189819,132.65802,377.95874,1070.294067,64.566917,427.855377,850.981262,167.559555
16.558,241.088333,1347.347656,129.273941,380.19162,1075.108521,61.446301,433.719513,856.93042,164.622849
16.567,241.718857,1351.729004,125.903099,382.300629,1080.302856,58.430901,439.276215,863.25,161.735153
16.575,242.246613,1355.964844,122.571541,384.546753,1085.208008,55.274067,444.586975,869.28009,158.496796
16.583,242.835144,1360.06543,119.032578,386.701538,1090.107178,52.087536,450.031281,875.365295,155.224716
16.592,243.177246,1364.177856,115.656761,388.754791,1094.82605,48.696709,455.462189,881.352539,151.899246
16.6,243.579758,1368.172729,112.19751,390.360687,1099.199951,45.397591,460.816437,887.057434,148.356262
16.608,244.066559,1371.935303,108.615486,392.17984,1103.784668,41.906181,466.086487,893.01355,144.782364
16.617,244.667557,1375.683472,105.105125,394.036194,1108.30481,38.377998,471.124664,898.742065,140.958115
16.625,244.87706,1379.352661,101.49411,395.7034,1112.541016,34.730785,476.023163,904.361938,137.18309
16.633,245.158478,1382.891113,97.80777,397.416321,1116.500122,31.0086,480.7612,909.844604,133.226135
16.642,245.546844,1386.189819,94.294884,398.821045,1120.45105,27.307552,485.347076,915.213257,129.167847
16.65,245.986115,1389.234619,90.633675,400.234711,1124.252197,23.460546,489.836761,920.277771,124.932083
16.658,246.153015,1392.360718,87.122536,401.623352,1127.830078,19.648645,494.013092,925.18573,120.535263
16.667,246.891571,1395.488892,83.665962,402.79483,1131.305298,15.846565,497.913513,929.730896,116.141212
16.675,246.851379,1398.096436,79.993584,403.840729,1134.558716,11.981925,501.729065,934.174927,111.669098
16.683,247.172607,1400.680298,76.622581,404.82428,1137.548096,8.099702,505.165985,938.233765,106.959465
16.692,247.388748,1403.042114,73.205032,405.829895,1140.32666,3.727771,508.459106,942.091125,102.282585
16.7,247.613419,1405.23999,69.848419,406.417023,1142.65271,-0.098073,511.422699,945.586731,97.492607
16.708,247.795273,1407.301025,66.37088,407.09903,1144.885986,-3.937852,513.996094,948.834961,92.524155
16.717,248.069855,1409.210571,62.873646,407.557648,1146.862671,-8.079031,516.387329,951.822876,87.626953
16.725,248.312714,1411.08374,59.618999,407.89859,1148.904053,-12.064428,518.460144,954.328735,82.521942
16.733,248.596512,1412.675781,56.290989,407.756958,1150.335449,-15.887497,520.105469,956.410767,77.627029
16.742,248.739532,1414.158447,53.23238,407.55188,1151.572144,-19.369728,521.486206,958.333679,72.429527
16.75,248.953812,1415.539673,50.146797,407.38147,1152.668457,-23.237505,522.655212,959.872192,67.330872
16.758,249.201736,1416.709961,47.197865,407.030518,1153.600708,-27.091721,523.556519,961.207947,62.167278
16.767,249.450867,1417.70752,44.353836,406.568573,1154.379639,-30.915882,524.087341,962.249451,56.993458
16.775,249.718643,1418.732666,41.783684,405.870514,1154.911865,-34.711891,524.163757,962.596069,51.777905
16.783,249.95668,1419.445923,39.302284,405.09845,1155.187256,-38.436363,523.939209,962.913452,46.580246
16.792,250.199615,1420.236816,36.681549,404.159821,1155.274292,-42.154411,523.49762,962.871582,40.840622
16.8,250.461792,1420.743774,34.360867,403.067505,1155.264893,-45.769264,522.360352,962.201538,36.068451
16.808,250.726974,1421.217651,32.327106,401.859955,1154.97583,-49.297142,521.014099,961.435608,31.077843
16.817,251.006485,1421.514038,30.143486,400.499664,1154.5,-52.693081,519.180786,960.20697,26.07296
16.825,251.298248,1421.92627,28.198769,398.900879,1153.82605,-56.062321,517.062866,958.800354,21.025028
16.833,251.626099,1422.173828,26.39452,397.28598,1153.02771,-59.287979,514.708191,957.158447,16.163383
16.842,251.985641,1422.138306,24.686911,395.421234,1152.232422,-62.44273,511.834259,955.239929,11.339739
16.85,252.196045,1422.237183,23.265627,393.354279,1151.213745,-65.451469,508.513031,952.995117,6.557434
16.858,252.488678,1422.218994,21.784273,391.114105,1150.224243,-68.434212,504.889435,950.548828,1.833084
16.867,252.858673,1422.040894,20.440613,388.750366,1149.061401,-71.350525,500.792816,948.133545,-2.686084
16.875,253.136841,1421.97583,19.234581,386.271484,1147.830444,-74.011391,496.252014,945.388916,-7.001984
16.883,253.392578,1421.837402,18.259844,383.725159,1146.583618,-76.671959,491.217194,942.38147,-11.24432
16.892,253.603455,1421.664551,17.266956,380.938416,1145.23938,-79.204048,485.813385,939.21936,-15.45133
16.9,253.796127,1421.421265,16.358929,378.063873,1143.813965,-81.585182,480.198578,935.865356,-19.561329
16.908,253.978165,1421.163696,15.590762,375.064087,1142.349121,-83.892235,473.866486,932.366211,-23.408691
