1.23,,,,,,,,,
,,,,,,,,,
Type,Bone Marker,Bone Marker,Bone Marker,Bone Marker,Bone Marker,Bone Marker,Bone Marker,Bone Marker,Bone Marker
Name,Sammy:LShoulderTop,Sammy:LShoulderTop,Sammy:LShoulderTop,Sammy:LElbowOut,Sammy:LElbowOut,Sammy:LElbowOut,Sammy:LWristOut,Sammy:LWristOut,Sammy:LWristOut
ID,10,10,10,12,12,12,15,15,15
,Position,Position,Position,Position,Position,Position,Position,Position,Position
Time (Seconds),X,Y,Z,X,Y,Z,X,Y,Z
0,183.343353,1416.256592,-17.536453,259.900208,1097.052002,-105.066772,285.621887,883.909668,1.303769
0.008,183.242218,1416.276611,-17.511761,259.830566,1097.086792,-105.07859,285.638062,883.914856,1.196943
0.017,183.168076,1416.29126,-17.493912,259.754303,1097.125488,-105.094322,285.653412,883.935852,1.096261
0.025,183.063431,1416.302246,-17.470985,259.685181,1097.160278,-105.098732,285.642365,883.943054,0.984148
0.033,182.971634,1416.321411,-17.432589,259.600006,1097.190063,-105.097908,285.636047,883.949951,0.906116
0.042,182.859085,1416.335449,-17.399065,259.512878,1097.220459,-105.096092,285.61615,883.952209,0.836502
0.05,182.762085,1416.343384,-17.357552,259.436005,1097.251587,-105.081558,285.602325,883.962708,0.775043
0.058,182.666031,1416.352905,-17.323051,259.325195,1097.288208,-105.084015,285.570465,883.967773,0.749557
0.067,182.569412,1416.358643,-17.296783,259.234894,1097.319458,-105.065826,285.535828,883.984375,0.697719
0.075,182.461472,1416.376465,-17.280359,259.161102,1097.350586,-105.034012,285.498322,884.015808,0.677262
0.083,182.369141,1416.392456,-17.227938,259.074371,1097.385498,-105.011795,285.454865,884.055237,0.676935
0.092,182.255814,1416.437866,-17.198399,259.004852,1097.432495,-104.984581,285.411469,884.093323,0.691799
0.1,182.162064,1416.455444,-17.164337,258.92984,1097.449951,-104.954536,285.355133,884.12207,0.724402
0.108,182.07692,1416.468262,-17.152657,258.859558,1097.475586,-104.921837,285.292114,884.138245,0.771469
0.117,181.960709,1416.508667,-17.160126,258.798492,1097.491333,-104.886848,285.240967,884.161072,0.852614
0.125,181.891144,1416.538818,-17.15519,258.757904,1097.523682,-104.852165,285.179504,884.21051,0.938062
0.133,181.832642,1416.574585,-17.150667,258.705566,1097.543823,-104.819382,285.119598,884.24823,1.041321
0.142,181.781937,1416.602905,-17.138159,258.662628,1097.556152,-104.782372,285.059387,884.28894,1.137978
0.15,181.726822,1416.629639,-17.123621,258.622375,1097.560181,-104.744713,285.018951,884.319641,1.239873
0.158,181.673737,1416.661621,-17.104481,258.582245,1097.583618,-104.707748,284.985474,884.375793,1.340245
0.167,181.62146,1416.681641,-17.087019,258.540314,1097.61438,-104.671326,284.945526,884.432678,1.454545
0.175,181.564148,1416.718506,-17.045738,258.500946,1097.633667,-104.642548,284.90564,884.49762,1.563061
0.183,181.50325,1416.741211,-17.017227,258.465668,1097.662109,-104.602409,284.869873,884.554626,1.683059
0.192,181.45668,1416.761353,-16.984261,258.436493,1097.681274,-104.565353,284.825226,884.579102,1.79768
0.2,181.419388,1416.781128,-16.953295,258.414856,1097.712769,-104.529793,284.811005,884.665039,1.908102
0.208,181.376724,1416.809814,-16.902332,258.38443,1097.746094,-104.49498,284.768219,884.714966,2.033179
0.217,181.334152,1416.837036,-16.883488,258.366821,1097.781006,-104.460976,284.761536,884.774536,2.128306
0.225,181.3004,1416.862061,-16.848391,258.351807,1097.817871,-104.432358,284.793365,884.850281,2.209453
0.233,181.273087,1416.890381,-16.799326,258.333923,1097.865967,-104.413879,284.800842,884.901917,2.315277
0.242,181.247635,1416.916138,-16.74688,258.341156,1097.941406,-104.42421,284.825928,884.966614,2.403535
0.25,181.234055,1416.957642,-16.669546,258.312592,1097.986206,-104.428856,284.859222,885.062317,2.483956
0.258,181.220001,1416.9823,-16.586889,258.286163,1098.00061,-104.460228,284.907227,885.174744,2.593043
0.267,181.213776,1417.00293,-16.485979,258.228577,1098.007812,-104.528648,284.947113,885.295532,2.720171
0.275,181.222076,1417.036011,-16.33662,258.186829,1098.045776,-104.633759,284.975464,885.429016,2.886295
0.283,181.224762,1417.040527,-16.164423,258.15213,1098.091919,-104.77562,285.005951,885.61908,3.099452
0.292,181.205185,1417.051636,-16.01145,258.110779,1098.157227,-104.972755,285.065491,885.892944,3.338212
0.3,181.187119,1417.050293,-15.817618,258.087341,1098.237793,-105.232529,284.992554,886.117981,3.698118
0.308,181.15712,1417.034424,-15.625338,258.097473,1098.332764,-105.517029,285.076477,886.498657,4.099332
0.317,181.115204,1417.027832,-15.399012,258.121124,1098.444946,-105.898155,285.111267,886.8526,4.504335
0.325,181.101166,1417.008789,-15.199337,258.178314,1098.560425,-106.3088,285.39447,887.418213,4.833368
0.333,181.077774,1416.983521,-14.992053,258.252045,1098.693359,-106.794197,285.642334,888.000732,5.546874
0.342,181.048187,1416.958618,-14.793273,258.316406,1098.851074,-107.333,285.942566,888.645996,6.275302
0.35,181.043045,1416.912231,-14.610956,258.413513,1099.025024,-107.913826,286.27301,889.397461,7.075291
0.358,181.012192,1416.885132,-14.47524,258.552765,1099.234375,-108.527512,286.592407,890.252319,7.966109
0.367,181.009689,1416.847534,-14.368343,258.744171,1099.454712,-109.159309,286.937134,891.213989,8.851945
0.375,180.979904,1416.797241,-14.280417,258.976227,1099.70752,-109.812042,287.448639,892.06311,9.934195
0.383,180.947174,1416.743164,-14.218787,259.323639,1099.979248,-110.48484,287.925323,893.119934,11.068063
0.392,180.91153,1416.698853,-14.179998,259.63913,1100.249634,-111.09697,288.334229,893.988586,12.191694
0.4,180.89032,1416.661499,-14.17566,260.062592,1100.56665,-111.746048,288.867493,895.078369,13.476715
0.408,180.842697,1416.639526,-14.170675,260.58429,1100.865601,-112.364517,289.385895,896.238403,14.806067
0.417,180.789017,1416.61145,-14.172003,261.189728,1101.213135,-113.115845,289.777802,897.543274,16.156597
0.425,180.744995,1416.606445,-14.178105,261.86557,1101.526855,-113.848389,290.389435,898.979004,17.722284
0.433,180.684479,1416.652344,-14.188451,262.625336,1101.952759,-114.643074,290.907288,900.440674,19.306778
0.442,180.636795,1416.719849,-14.188132,263.428284,1102.45752,-115.466736,291.579407,902.342896,21.034529
0.45,180.566986,1416.822754,-14.2024,264.29245,1102.970215,-116.378204,292.209198,904.335999,22.890381
0.458,180.503632,1416.951782,-14.182052,265.224609,1103.577881,-117.399017,292.898743,906.474792,24.756256
0.467,180.43042,1417.084351,-14.13478,266.168945,1104.189209,-118.463303,293.522247,908.8927,26.92255
0.475,180.355438,1417.278198,-14.089222,267.193237,1104.88916,-119.581047,294.23465,911.458557,29.104736
0.483,180.226273,1417.47522,-14.022573,268.217438,1105.612427,-120.775078,294.922974,914.295654,31.369247
0.492,180.127472,1417.677002,-13.911469,269.310699,1106.472778,-122.055771,295.754486,917.484497,33.812782
0.5,180.031204,1417.89856,-13.762041,270.300842,1107.318848,-123.449852,296.429474,920.936829,36.287502
0.508,179.924118,1418.146729,-13.64461,271.369049,1108.198486,-124.929298,297.314392,924.788696,38.949821
0.517,179.850311,1418.450562,-13.550376,272.340363,1109.115234,-126.493217,298.124573,928.93335,41.674248
0.525,179.769058,1418.761841,-13.462284,273.249115,1110.018799,-128.123886,298.933533,933.463196,44.56358
0.533,179.616943,1419.065796,-13.371524,274.082275,1110.923096,-129.809753,299.947144,938.377625,47.669765
0.542,179.541443,1419.424438,-13.247991,274.837128,1111.799561,-131.519928,301.001282,943.727661,51.11937
0.55,179.465927,1419.754639,-13.189963,275.619202,1112.780884,-133.201553,302.245087,949.530701,54.54565
0.558,179.407913,1420.053345,-13.201447,276.253296,1113.704712,-134.817108,303.48996,955.727173,57.904583
0.567,179.306458,1420.365479,-13.246481,276.965759,1114.656982,-136.401779,304.95636,962.405823,61.238434
0.575,179.217972,1420.672119,-13.332347,277.567291,1115.567017,-137.898102,306.546875,969.412476,65.019249
0.583,179.164658,1420.954102,-13.515825,278.16449,1116.459106,-139.234558,308.035461,976.725586,69.091873
0.592,179.130447,1421.262817,-13.747959,278.768524,1117.172119,-140.383484,309.571655,984.433472,73.158791
0.6,179.094482,1421.563354,-14.015944,279.432037,1117.827881,-141.304596,311.206085,992.531738,77.04425
0.608,179.049362,1421.931641,-14.398992,280.21344,1118.427979,-141.906525,312.761261,1000.719788,81.077774
0.617,178.968689,1422.266357,-14.861072,281.199463,1118.930542,-142.277771,314.602875,1009.517456,85.138054
0.625,178.868225,1422.62561,-15.277314,282.285675,1119.457886,-142.3284,316.337677,1018.353943,89.308487
0.633,178.684723,1422.974243,-15.849047,283.613159,1119.975952,-141.958313,318.101562,1027.364136,93.530167
0.642,178.464874,1423.321533,-16.359552,285.169617,1120.42749,-141.300156,320.002441,1036.568115,97.811859
0.65,178.264404,1423.682373,-16.922462,287.071198,1120.877441,-140.147308,322.279449,1046.187012,102.184746
0.658,178.029739,1424.080933,-17.486523,289.322357,1121.34082,-138.640747,324.317444,1055.901855,106.668289
0.667,177.744354,1424.481567,-17.988089,291.941284,1121.93396,-136.690491,326.720978,1066.004639,111.297935
0.675,177.420212,1425.001709,-18.583012,294.903381,1122.540771,-134.225906,329.305054,1076.597412,116.027847
0.683,177.110077,1425.519897,-19.149157,298.318604,1123.262207,-131.180389,331.973999,1087.603027,120.926659
0.692,176.832703,1425.994629,-19.625748,302.039276,1124.137085,-127.645103,334.604675,1098.932739,125.973778
0.7,176.460861,1426.519043,-20.23278,306.328827,1125.161987,-123.474937,337.435791,1110.734985,131.148468
0.708,176.039444,1427.056519,-20.907551,311.037842,1126.440063,-118.744781,340.385864,1122.738037,136.56218
0.717,175.540894,1427.649414,-21.626537,315.966583,1127.934692,-113.435905,343.526672,1135.159058,142.133865
0.725,175.061188,1428.323853,-22.326841,321.323975,1129.817871,-107.610123,346.536957,1147.959229,147.664062
0.733,174.447586,1429.032837,-23.053814,326.916534,1131.970581,-101.24485,349.712006,1160.991333,153.181717
0.742,173.794067,1429.778809,-23.902157,332.736633,1134.39917,-94.318024,352.798096,1174.168335,158.616425
0.75,173.269806,1430.518555,-24.845957,338.718384,1137.214233,-86.998619,356.102142,1187.608887,164.259995
0.758,172.575317,1431.381104,-25.960251,344.603607,1140.580811,-79.349167,359.013916,1201.331177,169.837448
0.767,171.954361,1432.149658,-26.924618,350.611328,1144.403687,-71.464424,361.810272,1215.030518,175.246445
0.775,171.162155,1433.04126,-28.050905,356.432922,1148.763184,-63.261086,364.567413,1228.948853,180.569046
0.783,170.51004,1434.028564,-29.141188,362.184082,1153.641113,-54.94978,367.202301,1242.937256,185.719864
0.792,169.73732,1434.921387,-30.369505,367.788971,1159.082642,-46.600075,369.439819,1256.86853,190.640915
0.8,168.913467,1435.807983,-31.588421,372.939178,1164.897827,-37.676071,371.480347,1270.74939,195.490311
0.808,168.015823,1436.933838,-32.838631,377.881439,1171.314209,-29.245132,373.4534,1284.484131,200.325394
0.817,167.233337,1437.981323,-34.087799,382.53299,1177.825684,-21.021088,375.079285,1298.079468,205.117172
0.825,166.205704,1438.938721,-35.397179,386.966461,1185.059448,-12.801345,376.576019,1311.584473,209.635834
0.833,165.257599,1440.062256,-36.617748,390.599548,1192.527588,-4.831336,377.94812,1325.141968,213.986176
0.842,164.283234,1441.16626,-37.815952,393.960663,1200.248169,2.983068,378.710815,1338.065796,218.336182
0.85,163.227539,1442.165894,-39.041664,396.769226,1208.130737,10.44541,379.670258,1351.174683,222.257645
0.858,162.307205,1443.294189,-40.06245,399.1922,1216.236816,17.653677,380.303375,1364.081055,226.139008
0.867,161.240891,1444.313843,-41.039009,401.178772,1224.597534,24.524137,380.732574,1376.865723,229.851807
0.875,160.129868,1445.263062,-41.866699,402.818542,1232.999023,31.224609,381.10495,1389.584595,233.125153
0.883,159.00975,1446.290527,-42.843418,403.944336,1241.442871,37.594925,381.546051,1402.156738,236.335953
0.892,157.77803,1447.338745,-43.914848,404.849792,1249.984009,43.613716,381.735718,1414.372559,239.359512
0.9,156.571335,1448.172241,-44.669716,405.638794,1258.496582,49.483555,381.84259,1426.41394,242.013138
0.908,155.194641,1449.033569,-45.498878,405.973602,1267.07605,54.731709,381.908203,1438.100708,244.765701
0.917,153.741531,1449.948608,-46.237011,406.091614,1275.630249,59.650768,381.726318,1449.391602,247.358719
0.925,152.38681,1450.793335,-47.065002,405.890594,1284.182251,64.424133,381.451904,1460.41687,249.763046
0.933,150.782516,1451.553589,-47.909458,405.447632,1292.746338,68.573143,381.116364,1470.899536,252.257706
0.942,149.325333,1452.379883,-48.577744,404.843994,1301.149536,72.435616,380.612366,1480.970459,254.74649
0.95,147.678513,1453.163452,-49.201805,404.002136,1309.505371,76.049004,380.033203,1490.615967,257.337189
0.958,145.950851,1453.819946,-49.878357,403.059235,1317.762573,79.420143,379.387726,1499.891846,259.715729
0.967,144.292984,1454.552856,-50.529205,401.953094,1325.741943,82.367142,378.646545,1508.952026,261.911163
0.975,142.617905,1455.262451,-51.198261,400.661102,1333.610474,85.085854,377.732178,1517.560425,264.02063
0.983,140.887543,1455.923096,-51.783947,399.212677,1341.299683,87.516632,376.913177,1526.0354,266.022186
0.992,139.209061,1456.484497,-52.38868,397.651611,1348.809204,89.866028,376.043732,1534.175415,267.798401
1,137.542633,1457.163696,-52.976311,395.980865,1356.119141,91.896423,375.093445,1542.103516,269.355042
1.008,135.843491,1457.664429,-53.600185,394.127991,1363.188477,93.839211,374.192291,1549.812744,270.787689
1.017,134.08606,1458.171143,-54.192802,392.213074,1370.102905,95.380943,373.15979,1557.18103,272.205994
1.025,132.473465,1458.678223,-54.73933,390.232697,1376.751221,96.965645,372.225983,1564.357056,273.410736
1.033,130.952591,1459.21167,-55.275242,388.074188,1383.220825,98.347267,371.106628,1571.2323,274.647552
1.042,129.358902,1459.6604,-55.97049,385.899536,1389.594116,99.493553,369.998718,1577.905518,275.776276
1.05,127.978874,1460.139526,-56.351421,383.701965,1395.849731,100.664558,368.979004,1584.450684,277.047485
1.058,126.514938,1460.557617,-56.952015,381.413239,1401.945068,101.753479,367.957703,1590.863892,278.036133
1.067,125.151115,1461.129272,-57.453957,379.094574,1407.944092,102.652107,367.009308,1597.226074,279.066071
1.075,123.71418,1461.641724,-57.990913,376.725677,1413.934692,103.432945,366.12851,1603.442383,279.866699
1.083,122.297165,1462.033813,-58.542252,374.280487,1419.74292,104.388725,365.071075,1609.549316,280.713654
1.092,120.88633,1462.456787,-58.905937,371.808899,1425.540405,105.1437,364.076996,1615.519409,281.601044
1.1,119.487289,1462.856689,-59.468185,369.310852,1431.139893,105.811234,363.093903,1621.406982,282.335785
1.108,118.104698,1463.285889,-59.791004,366.694092,1436.806763,106.347672,362.035034,1627.123901,282.666534
1.117,116.679291,1463.577148,-60.307793,363.960449,1442.216797,106.891762,360.943512,1632.75,283.009003
1.125,115.267723,1463.900757,-60.678005,361.225067,1447.577148,107.195862,359.776764,1638.203735,283.380371
1.133,113.878159,1464.183472,-61.035793,358.337677,1452.781372,107.440987,358.572784,1643.413208,283.706848
1.142,112.590347,1464.352417,-61.555813,355.428864,1457.807861,107.720169,357.346619,1648.322632,284.010712
1.15,111.264198,1464.633789,-61.85844,352.376221,1462.763916,107.869431,356.102234,1653.172607,284.17453
1.158,109.933678,1464.795288,-62.289139,349.325531,1467.611084,107.851044,354.870026,1657.811157,284.298309
1.167,108.653831,1465.020508,-62.671951,346.282104,1472.271484,107.920494,353.53598,1662.216431,284.223297
1.175,107.268219,1465.186035,-63.055805,343.142059,1476.759888,107.966522,352.165253,1666.578857,284.135223
1.183,106.023567,1465.319214,-63.318932,339.966431,1481.064575,107.913132,350.735931,1670.69165,284.004913
1.192,104.791916,1465.509888,-63.676929,336.865967,1485.236816,107.857384,349.326324,1674.732178,283.8125
1.2,103.590828,1465.679077,-63.990303,333.796875,1489.204956,107.815453,347.776184,1678.626343,283.503815
1.208,102.539513,1465.895752,-64.298134,330.723846,1493.02771,107.736053,346.189453,1682.390137,283.147217
1.217,101.416306,1466.040161,-64.541481,327.65097,1496.671875,107.693741,344.641876,1685.991455,282.761444
1.225,100.46109,1466.315918,-64.854286,324.53891,1500.139282,107.597519,342.96814,1689.437622,282.285736
1.233,99.468994,1466.488892,-65.159866,321.500793,1503.405884,107.581825,341.400726,1692.822144,281.81604
1.242,98.452049,1466.685059,-65.388397,318.48111,1506.502686,107.591164,339.699524,1696.198853,281.049103
1.25,97.593018,1466.900024,-65.649849,315.594299,1509.578491,107.602676,337.973694,1699.500122,280.205414
1.258,96.703972,1467.075928,-65.96209,312.737244,1512.474976,107.658676,336.422363,1702.719116,279.414886
1.267,95.926369,1467.235596,-66.242653,309.902344,1515.166748,107.780235,334.668365,1705.853149,278.417389
1.275,94.958702,1467.314819,-66.463768,307.3302,1517.737549,107.978462,333.046265,1709.019409,277.358337
1.283,94.211617,1467.490845,-66.666245,304.704956,1520.189575,108.053505,331.290588,1711.947266,276.16629
1.292,93.419937,1467.596558,-66.928116,302.111908,1522.587524,108.039757,329.406097,1714.747803,275.082611
1.3,92.714523,1467.702881,-67.212524,299.655487,1524.833008,108.16198,327.581909,1717.486206,273.977661
1.308,92.001755,1467.855103,-67.461029,297.292389,1527.060425,108.149017,325.703247,1720.135864,272.903809
1.317,91.245651,1468.014526,-67.691971,294.909119,1529.037231,108.205536,323.85379,1722.693359,271.751312
1.325,90.601479,1468.178467,-67.891624,292.712524,1531.006348,108.12468,321.88504,1724.996948,270.769684
1.333,90.004868,1468.359375,-68.017632,290.73349,1532.827637,108.129539,319.900818,1727.332397,269.822113
1.342,89.49836,1468.530396,-68.211853,288.84552,1534.548096,108.086136,317.989227,1729.437988,268.962006
1.35,88.979759,1468.700439,-68.404564,287.111267,1536.143433,108.125237,315.910706,1731.313232,268.342255
1.358,88.423584,1468.912964,-68.497078,285.446625,1537.550659,108.171425,313.872345,1733.114014,267.725983
1.367,88.026382,1469.0625,-68.594482,283.971558,1538.963135,108.229225,311.795685,1734.791626,267.215637
1.375,87.659279,1469.246948,-68.760544,282.451538,1540.190308,108.251328,309.776917,1736.256714,266.846527
1.383,87.326302,1469.36853,-69.004189,281.163116,1541.313477,108.357353,307.778564,1737.686768,266.442261
1.392,86.862442,1469.580322,-69.050644,279.789948,1542.30603,108.486946,305.891205,1739.156738,266.082062
1.4,86.458679,1469.717407,-69.058868,278.648956,1543.230713,108.608627,303.95697,1740.253174,265.960114
1.408,86.106514,1469.812866,-69.20739,277.561554,1544.203369,108.693375,302.237213,1741.498169,265.661926
1.417,85.695007,1469.978027,-69.363441,276.327209,1545.032959,108.730263,300.471008,1742.464478,265.618317
1.425,85.40509,1469.995605,-69.655533,275.356201,1545.825562,108.859207,298.932556,1743.265503,265.433563
1.433,84.96109,1470.288574,-69.614388,274.250488,1546.56189,108.942886,297.305267,1744.226562,265.220184
1.442,84.701477,1470.353394,-69.640213,273.331329,1547.163452,109.073746,295.937866,1745.089233,264.976837
1.45,84.370224,1470.570923,-69.761917,272.500397,1547.839844,109.191757,294.523926,1746.044434,264.691437
1.458,84.084923,1470.675415,-69.820503,271.736481,1548.52478,109.28891,293.233215,1746.876465,264.398071
1.467,83.823082,1470.868042,-69.882874,270.963287,1549.106812,109.266731,292.155182,1747.644287,264.199402
1.475,83.493996,1471.003906,-69.782753,270.314789,1549.608276,109.293068,291.208252,1748.469849,263.995056
1.483,83.256737,1471.119873,-69.791,269.739288,1550.063232,109.375114,290.05896,1748.967285,264.045776
1.492,83.0121,1471.263794,-69.797531,269.266205,1550.546753,109.448517,289.254639,1749.260132,264.211639
1.5,82.79184,1471.402832,-69.763519,268.803925,1550.866821,109.560043,288.597168,1749.50293,264.44519
1.508,82.589226,1471.521606,-69.70137,268.455261,1551.113403,109.732506,288.122681,1749.812256,264.610321
1.517,82.34848,1471.629028,-69.579552,268.15329,1551.292969,109.948578,287.483734,1750.158325,264.740906
1.525,82.231789,1471.672485,-69.491104,267.862762,1551.445679,110.183594,286.904449,1750.464478,264.798309
1.533,82.109207,1471.764648,-69.400581,267.583923,1551.600952,110.365852,286.493317,1750.704712,264.944763
1.542,82.040115,1471.800293,-69.334343,267.321625,1551.733643,110.555931,286.292694,1750.889526,265.083984
1.55,81.993835,1471.857788,-69.253227,267.058899,1551.798218,110.722496,286.030579,1750.990601,265.289703
1.558,81.95723,1471.901367,-69.185265,266.866974,1551.841553,110.855034,285.79126,1751.046509,265.499939
1.567,81.906349,1471.937866,-69.112717,266.709045,1551.833984,111.006065,285.557343,1751.084595,265.728973
1.575,81.845589,1471.985596,-69.040787,266.596619,1551.812378,111.124931,285.353363,1751.087524,265.967163
1.583,81.802017,1472.029907,-68.951134,266.488525,1551.800049,111.249977,285.048401,1751.020996,266.29129
1.592,81.7407,1472.084351,-68.869675,266.380951,1551.80249,111.364395,284.896667,1750.978882,266.53241
1.6,81.694191,1472.116943,-68.781914,266.273163,1551.794922,111.502563,284.755035,1750.941895,266.78772
1.608,81.642593,1472.163086,-68.676109,266.200378,1551.810791,111.650398,284.657684,1750.889282,267.071533
1.617,81.583755,1472.204956,-68.585548,266.077271,1551.817871,111.782784,284.527618,1750.825073,267.363129
1.625,81.587173,1472.241211,-68.473366,266.039398,1551.834106,111.879486,284.496155,1750.73999,267.651367
1.633,81.454269,1472.347656,-68.201164,266.012482,1551.85791,111.990677,284.437988,1750.658325,267.927216
1.642,81.369423,1472.387085,-67.9533,266.011261,1551.865479,112.109253,284.409119,1750.572388,268.249176
1.65,81.317093,1472.449097,-67.76741,266.061646,1551.839355,112.241417,284.404755,1750.449585,268.563446
1.658,81.259117,1472.494873,-67.578888,266.152985,1551.775269,112.399353,284.444244,1750.285034,268.927612
1.667,81.216301,1472.537842,-67.414871,266.327179,1551.68396,112.585358,284.514191,1750.091797,269.324158
1.675,81.196144,1472.58606,-67.227486,266.484192,1551.561035,112.784615,284.624664,1749.869629,269.730713
1.683,81.158791,1472.640869,-66.985413,266.568542,1551.372681,113.061836,284.807617,1749.587158,270.204681
1.692,81.050255,1472.723511,-66.57872,266.727386,1551.148438,113.321693,285.066315,1749.172119,270.758057
1.7,81.048965,1472.731323,-66.285301,266.961182,1550.88562,113.566185,285.372955,1748.800903,271.215332
1.708,81.034904,1472.75708,-66.013458,267.248291,1550.590942,113.822372,285.716736,1748.292114,271.792847
1.717,81.038841,1472.752808,-65.698914,267.573212,1550.226929,114.12941,286.033386,1747.839844,272.290649
1.725,81.016106,1472.783813,-65.236465,267.997498,1549.905396,114.338585,286.389038,1747.444824,272.717194
1.733,81.019203,1472.775879,-64.787369,268.594482,1549.562622,114.466507,286.755798,1747.024414,273.157776
1.742,81.039772,1472.789307,-64.308838,269.427368,1549.165771,114.550468,287.147369,1746.536865,273.59491
1.75,81.140167,1472.756958,-63.875057,270.326721,1548.709473,114.587791,287.611115,1745.842163,274.157379
1.758,81.128059,1472.751343,-63.269176,271.313629,1548.281372,114.572693,288.308533,1745.286133,274.679871
1.767,81.247154,1472.685669,-62.814495,272.648315,1547.77832,114.45752,288.725342,1744.810303,274.985413
1.775,81.369789,1472.734131,-62.177616,274.031708,1547.241943,114.246414,289.306,1744.243286,275.351654
1.783,81.572174,1472.696045,-61.618816,275.769531,1546.606567,113.99633,290.248352,1743.332886,275.875214
1.792,81.792328,1472.758545,-60.884041,277.604065,1545.819214,113.642838,291.018829,1742.354248,276.353699
1.8,82.106804,1472.715454,-60.327053,279.800201,1545.029419,113.227341,291.765991,1741.339111,276.707916
1.808,82.416718,1472.831909,-59.535919,282.103577,1543.991089,112.713882,292.690399,1740.180786,277.102509
1.817,82.898064,1472.796265,-58.974815,284.591461,1542.823853,112.34407,293.663452,1738.840942,277.473724
1.825,83.379807,1472.811401,-58.470776,287.218292,1541.534912,111.938332,294.816437,1737.54126,277.676514
1.833,84.000778,1472.851929,-57.790668,289.815216,1540.239136,111.438683,296.067505,1736.103271,277.839722
1.842,84.592979,1472.845215,-57.153187,292.574158,1538.940796,110.850525,297.379608,1734.638916,277.898956
1.85,85.111015,1472.778931,-56.549206,295.307129,1537.532715,110.213707,299.000793,1733.03772,277.822632
1.858,85.643723,1472.693481,-56.002449,298.006073,1536.158447,109.619728,300.648651,1731.510498,277.649323
1.867,86.210266,1472.625732,-55.349754,300.762177,1534.691162,108.890305,302.510773,1729.95105,277.36261
1.875,86.862869,1472.570679,-54.5807,303.561523,1533.169678,108.146866,304.561035,1728.301514,277.046112
1.883,87.44297,1472.527466,-53.920479,306.603577,1531.507812,107.315804,306.803131,1726.450684,276.668518
1.892,87.983696,1472.468506,-53.062572,309.704468,1529.802734,106.472916,309.220703,1724.535156,276.208862
1.9,88.568932,1472.41687,-52.328941,312.794769,1527.811157,105.614105,311.622009,1722.406982,275.706848
1.908,89.241158,1472.418701,-51.394955,316.079987,1525.798096,104.674194,314.089844,1720.224854,275.204193
1.917,89.911537,1472.460571,-50.479233,319.486664,1523.757568,103.619095,316.577423,1718.003052,274.541321
1.925,90.575562,1472.503784,-49.575642,322.863251,1521.543945,102.58271,319.083923,1715.790039,273.71759
1.933,91.390442,1472.527832,-48.639004,326.322784,1519.319702,101.49028,321.689484,1713.427002,272.849823
1.942,92.123131,1472.555786,-47.78849,329.725708,1517.106934,100.256966,324.177216,1711.175659,271.877747
1.95,92.797501,1472.530762,-46.935268,333.111481,1514.789551,98.938461,326.714935,1708.757568,270.700409
1.958,93.56469,1472.555664,-45.99823,336.589752,1512.453735,97.537704,329.342468,1706.334961,269.45697
1.967,94.299957,1472.500488,-45.165794,340.16333,1509.993896,96.112335,331.955414,1703.766602,268.193726
1.975,95.106636,1472.441162,-44.240417,343.700836,1507.52832,94.509537,334.387665,1701.064697,266.638428
1.983,95.820633,1472.387695,-43.52673,347.263794,1504.854126,92.775711,336.954987,1698.100586,265.198792
1.992,96.586349,1472.383911,-42.638588,350.760406,1502.117676,90.992523,339.491089,1695.087036,263.681091
2,97.371201,1472.357178,-41.949036,354.207184,1499.425659,89.25779,341.834564,1692.053711,261.903198
2.008,98.246956,1472.333008,-41.144112,357.521393,1496.553589,87.270889,344.338959,1688.999268,260.238525
2.017,99.07901,1472.301636,-40.32692,360.889435,1493.745605,85.244049,346.612427,1685.818848,258.322937
2.025,99.806473,1472.26123,-39.541683,364.256622,1490.853882,83.140335,348.965149,1682.561646,256.409027
2.033,100.649536,1472.278198,-38.648895,367.746216,1487.936157,80.882309,351.167969,1679.247559,254.413452
2.042,101.39122,1472.289551,-37.846569,371.125854,1484.88147,78.592697,353.151276,1675.848145,252.059845
2.05,102.088478,1472.299072,-36.90567,374.488617,1481.644653,76.260132,355.238373,1672.233643,249.750778
2.058,102.777092,1472.345093,-36.010647,377.814392,1478.287476,73.84111,356.999512,1668.449097,247.236099
2.067,103.592407,1472.463989,-35.113914,381.20459,1474.851929,71.281837,358.544037,1664.492554,244.622681
2.075,104.327026,1472.525757,-34.163582,384.567017,1471.269409,68.686073,360.312805,1660.442139,242.111694
2.083,105.043404,1472.540894,-33.367756,387.780151,1467.616943,65.997948,361.694824,1656.299927,239.33429
2.092,106.076935,1472.544189,-32.368717,390.844757,1463.961304,63.362099,362.896423,1652.239014,236.418228
2.1,106.937164,1472.522217,-31.521351,393.879272,1460.213379,60.541069,364.066376,1647.96582,233.372421
2.108,107.677582,1472.457764,-30.619005,396.74411,1456.402832,57.718582,365.349335,1643.647461,230.352631
2.117,108.504776,1472.407959,-29.655991,399.553314,1452.478882,54.839912,366.421356,1638.999878,227.710815
2.125,109.361603,1472.461548,-28.828903,402.243439,1448.287964,51.964367,367.417084,1634.464233,224.316772
2.133,110.09185,1472.444946,-27.893412,404.844086,1443.97229,49.047573,368.295105,1629.703125,220.886093
2.142,110.842781,1472.423584,-27.065527,407.306793,1439.450684,46.104584,369.187256,1624.845459,217.589691
2.15,111.726082,1472.452637,-26.167439,409.61441,1434.909912,43.17046,369.946747,1619.930908,214.190109
2.158,112.494476,1472.427002,-25.348709,411.773499,1430.256592,40.24316,370.583221,1615.022705,210.759888
2.167,113.40332,1472.384888,-24.490955,413.727661,1425.597046,37.218605,371.145416,1609.996826,207.177994
2.175,114.249054,1472.329956,-23.624063,415.526672,1420.815918,34.200466,371.585724,1605.070923,203.585815
2.183,115.115517,1472.301636,-22.78681,417.129822,1416.05896,31.080811,372.002625,1599.96228,200.012543
2.192,115.948067,1472.31311,-21.910078,418.71106,1411.169922,27.974298,372.226959,1594.905762,196.216583
2.2,116.870567,1472.273193,-21.057795,420.141663,1406.155884,24.729771,372.36615,1589.494995,192.448441
2.208,117.901939,1472.269409,-20.111687,421.177277,1401.096191,21.59412,372.553528,1584.031738,188.559021
2.217,118.709091,1472.199219,-19.188805,422.491364,1395.882202,18.211897,372.63858,1578.479248,184.62674
2.225,119.565132,1472.189697,-18.090633,423.479675,1390.516479,14.838622,372.552917,1572.991333,180.555084
2.233,120.474854,1472.240601,-17.216393,424.449554,1385.114136,11.274543,372.360382,1567.376099,176.351196
2.242,121.411362,1472.336426,-16.23661,425.269226,1379.646606,7.603555,372.016876,1561.843384,172.06398
2.25,122.231674,1472.510254,-15.359051,425.871399,1374.053955,3.853786,371.535431,1556.091064,167.568222
2.258,123.222076,1472.773926,-14.372569,426.399109,1368.232422,-0.725706,370.72644,1550.16333,162.958313
2.267,124.062714,1472.962891,-13.38643,426.573364,1362.32605,-4.56467,369.779755,1544.070679,158.238876
2.275,125.095589,1473.172119,-12.234943,426.588684,1356.28418,-8.807143,368.765472,1537.703003,153.548325
2.283,126.146988,1473.321655,-11.191436,426.18985,1350.154175,-13.235062,367.467194,1531.167725,148.798065
2.292,127.143707,1473.450439,-9.970057,425.723419,1344.079102,-17.867262,366.153564,1524.437622,144.182587
2.3,128.106049,1473.566284,-8.688101,424.715057,1337.92041,-22.650204,364.639862,1517.621094,139.489517
2.308,129.166458,1473.616089,-7.422123,423.443665,1331.641357,-27.505989,363.053406,1510.729858,134.729279
2.317,130.255981,1473.755493,-6.080054,421.797211,1325.366577,-32.543217,361.455475,1503.752075,129.999023
2.325,131.183685,1473.749512,-4.89769,419.661469,1318.811646,-37.571365,359.92981,1496.806274,125.392494
2.333,132.229568,1473.767578,-3.656579,417.259949,1312.38916,-42.76664,358.364838,1489.817383,120.640129
2.342,133.18161,1473.739746,-2.522608,414.371582,1305.705811,-47.941322,356.807159,1482.843018,116.009209
2.35,134.179596,1473.690186,-1.371765,411.020233,1298.939941,-53.162273,355.510803,1475.894653,111.533691
2.358,135.12999,1473.576782,-0.36484,407.348419,1292.232544,-58.359211,354.290009,1469.000977,106.972488
2.367,136.102356,1473.485596,0.665832,403.140961,1285.442749,-63.487389,353.257812,1462.220947,102.456482
2.375,137.069061,1473.263184,1.503291,398.707611,1278.679565,-68.539993,352.567505,1455.468872,98.260773
2.383,138.11026,1473.028809,2.400583,393.759705,1271.812378,-73.570724,351.914551,1448.855835,94.072273
2.392,138.913574,1472.68689,3.127877,388.456024,1265.356079,-78.308731,351.426605,1442.403809,90.138451
2.4,139.869812,1472.417358,3.718019,383.027924,1258.648804,-83.051552,351.221619,1436.144287,86.184158
2.408,140.716812,1472.120239,4.211373,377.284271,1252.433838,-87.530235,351.15274,1430.03479,82.425125
2.417,141.430038,1471.846558,4.512504,371.29303,1246.278076,-91.940857,351.179565,1423.997192,78.676315
2.425,142.158554,1471.607788,4.734622,365.466583,1240.204468,-96.103439,351.071228,1417.965332,75.165207
2.433,142.808182,1471.236328,4.894636,359.638489,1234.498779,-100.000771,351.177887,1412.294067,71.717102
2.442,143.517105,1470.911011,5.100725,353.422546,1229.193848,-103.893333,351.191681,1406.456787,68.489494
2.45,144.206818,1470.537109,5.294122,347.411346,1224.341187,-107.541458,351.206299,1400.983765,65.292343
2.458,144.863083,1470.108398,5.485368,341.691254,1219.682861,-110.986198,351.048218,1395.478882,62.462059
2.467,145.535294,1469.639771,5.543973,336.203339,1215.433594,-114.423904,350.655914,1390.203857,59.806747
2.475,146.246918,1469.077271,5.52063,330.863739,1211.552856,-117.651176,350.232422,1385.104126,57.333641
2.483,146.921158,1468.521118,5.463159,325.832306,1207.912109,-120.687943,349.526947,1380.176147,55.137165
2.492,147.501495,1468.034424,5.346062,320.986145,1204.790039,-123.687111,348.724731,1375.437744,53.123692
2.5,147.923615,1467.651855,5.14411,316.409027,1201.792725,-126.466301,347.788727,1370.877686,51.44788
2.508,148.309464,1467.276611,4.900596,311.958954,1199.13855,-129.221619,346.816711,1366.505615,49.81168
2.517,148.689026,1466.874268,4.527312,307.68454,1196.807495,-131.871918,345.810211,1362.158936,48.42712
2.525,149.004044,1466.49585,4.161528,303.583801,1194.736206,-134.330338,344.774475,1357.968872,47.132095
2.533,149.250473,1466.166504,3.804241,299.593201,1192.818359,-136.764481,343.70993,1353.852905,46.087303
2.542,149.467407,1465.852295,3.481145,295.751801,1190.967773,-139.041504,342.841583,1349.982056,44.991142
2.55,149.732727,1465.512573,3.195939,292.159943,1189.256226,-141.11113,341.940857,1346.282593,44.043011
2.558,149.984482,1465.208618,2.891935,288.542969,1187.660278,-143.060638,340.936096,1342.693481,43.20488
2.567,150.192245,1464.834351,2.630141,285.207062,1186.488647,-146.000549,340.141663,1339.378296,42.222748
2.575,150.401352,1464.505005,2.343828,281.930786,1184.541382,-146.38266,339.3414,1336.353638,41.231709
2.583,150.63623,1464.178833,2.08209,278.691925,1183.369629,-149.057129,338.359955,1333.432495,40.235935
2.592,150.863556,1463.791016,1.814778,275.543671,1181.353271,-148.985519,337.400452,1330.744385,39.227089
2.6,151.10083,1463.354858,1.510442,272.608765,1180.131592,-151.305344,336.466675,1328.105469,38.2146
2.608,151.340515,1462.950928,1.218561,269.531464,1178.181396,-151.707108,335.533752,1325.631592,37.371571
2.617,151.607193,1462.516113,0.820739,266.48053,1176.316406,-152.720306,334.538269,1323.066406,36.42268
2.625,151.9534,1462.087769,0.407486,263.592773,1174.249878,-153.05864,333.553497,1320.459351,35.734676
2.633,152.231628,1461.598389,-0.021617,260.752808,1172.304199,-153.609299,332.472778,1317.91748,35.148922
2.642,152.538437,1461.054443,-0.483602,257.961609,1170.292114,-153.650101,331.478607,1315.35022,34.588303
2.65,152.790649,1460.468506,-0.935009,255.369034,1168.302979,-153.767288,330.691254,1312.906616,34.290745
2.658,153.137131,1459.975586,-1.422504,252.938599,1166.26001,-153.84079,329.581726,1310.335571,34.055946
2.667,153.48494,1459.460693,-1.935032,250.687622,1164.278198,-153.752899,328.692719,1307.969849,33.901825
2.675,153.832397,1458.879639,-2.538417,248.568756,1162.427734,-153.634399,327.920319,1305.696411,33.856567
2.683,154.166336,1458.290649,-3.050854,246.823013,1160.62793,-153.313721,327.04776,1303.373169,34.092545
2.692,154.598602,1457.742554,-3.438904,245.147705,1158.870972,-153.12178,326.11264,1301.172852,34.307503
2.7,154.886551,1457.192749,-3.799135,243.645523,1157.286987,-152.79274,325.354309,1299.191772,34.615196
2.708,155.175369,1456.557861,-4.206328,242.450989,1155.838623,-152.376343,324.519226,1297.293823,35.132748
2.717,155.552322,1455.9375,-4.604514,241.44136,1154.387573,-151.983063,323.864685,1295.591797,35.64468
2.725,155.928528,1455.493408,-4.970365,240.581635,1153.016113,-151.576538,323.302948,1294.200806,36.022522
2.733,156.264221,1455.146484,-5.401203,240.032013,1151.856934,-150.984329,322.869293,1293.096924,36.446068
2.742,156.546585,1454.824707,-5.887151,239.60466,1150.793945,-150.393845,322.512878,1292.187988,36.824783
2.75,156.756546,1454.550781,-6.341377,239.414413,1149.929443,-149.775452,322.40509,1291.742065,37.069988
2.758,156.880539,1454.334351,-6.744231,239.494858,1149.156738,-148.985092,322.48587,1291.651611,37.177647
2.767,156.999176,1454.205933,-7.092487,239.743683,1148.396973,-148.232849,322.769012,1291.863403,37.20932
2.775,157.122574,1454.128174,-7.415116,240.170242,1147.848145,-147.513947,323.283234,1292.602173,37.033932
2.783,157.220291,1454.110229,-7.67467,240.747528,1147.407837,-146.661606,323.851105,1293.466675,36.800632
2.792,157.298721,1454.110352,-7.910792,241.519012,1147.075928,-145.903122,324.557648,1294.541504,36.598633
2.8,157.367905,1454.152588,-8.150733,242.575653,1146.822998,-144.887177,325.328217,1295.903564,36.255665
2.808,157.421646,1454.213745,-8.407663,243.680267,1146.648071,-144.068726,326.309845,1297.222412,35.963402
2.817,157.471222,1454.28772,-8.642246,245.065918,1146.587158,-143.053864,327.16983,1298.740479,35.768227
2.825,157.503128,1454.355225,-8.829094,246.5215,1146.654297,-142.236923,328.1875,1300.177979,35.588451
2.833,157.517487,1454.412964,-8.98478,248.211426,1146.906494,-141.236649,329.27182,1302.013794,35.348129
2.842,157.552155,1454.459595,-9.127203,250.0625,1147.062134,-140.289536,330.437134,1303.891724,35.422405
2.85,157.607056,1454.513916,-9.239175,252.085114,1147.413574,-139.301666,331.469025,1305.82605,35.233131
2.858,157.654007,1454.581787,-9.332037,254.272141,1147.759644,-138.146286,332.669006,1307.926147,35.240395
2.867,157.7108,1454.67395,-9.407596,256.582306,1148.176392,-137.023056,333.765991,1309.975098,35.179882
2.875,157.779449,1454.813843,-9.489201,258.972504,1148.360718,-134.674927,335.080963,1312.317261,35.265144
2.883,157.851837,1454.963257,-9.511881,261.4711,1149.466675,-134.996826,336.320435,1314.691895,35.429821
2.892,157.913635,1455.119995,-9.545924,263.983795,1149.929932,-132.762436,337.603027,1317.169189,35.596298
2.9,157.978424,1455.349854,-9.564734,266.676453,1150.869873,-131.714905,338.777527,1319.667847,35.865623
2.908,158.026459,1455.569946,-9.567547,269.534241,1151.567627,-129.681564,340.083435,1322.339355,36.273602
2.917,158.063782,1455.81543,-9.551381,272.539215,1152.633423,-128.224869,341.402191,1325.148926,36.725834
2.925,158.04892,1456.075073,-9.550664,275.744049,1153.569092,-126.038849,342.687561,1328.140625,37.323147
2.933,158.0466,1456.280151,-9.557862,279.32962,1154.859253,-124.113068,344.148651,1331.345581,37.972664
2.942,158.04335,1456.474121,-9.590785,283.018616,1156.120728,-121.752647,345.672668,1334.806763,38.661892
2.95,158.040878,1456.66626,-9.609719,286.898499,1157.813965,-119.985199,347.276703,1338.267578,39.509964
2.958,158.032745,1456.844849,-9.640259,291.235168,1158.652588,-115.748482,348.955292,1342.030151,40.494183
2.967,158.002792,1457.019409,-9.668122,295.674042,1160.429077,-112.94886,350.702148,1345.858032,41.633095
2.975,157.937271,1457.197754,-9.712288,300.420502,1162.232788,-109.91069,352.421967,1349.858154,42.891617
2.983,157.878876,1457.396606,-9.716713,305.264099,1164.33728,-106.895576,354.243774,1353.939209,44.374187
2.992,157.801346,1457.622803,-9.699429,310.173523,1166.638916,-103.737946,356.040009,1358.146118,45.925518
3,157.691406,1457.886719,-9.671957,315.251038,1169.111206,-100.435783,357.843018,1362.635864,47.518238
3.008,157.57637,1458.142456,-9.683867,320.313965,1171.908203,-97.092247,359.60318,1367.188232,49.324528
3.017,157.407303,1458.462891,-9.752902,325.459381,1174.814697,-93.696701,361.463196,1371.949097,51.188366
3.025,157.203674,1458.819336,-9.960403,330.586884,1177.904663,-90.149803,363.30365,1376.907715,52.912685
3.033,156.976578,1459.141479,-10.199328,335.742828,1181.254883,-86.472046,365.075287,1382.051758,54.654675
3.042,156.670761,1459.473267,-10.454904,340.936005,1184.59375,-82.720802,366.914154,1387.575317,56.130013
3.05,156.354904,1459.80188,-10.785498,345.828949,1188.367188,-78.998268,368.554199,1393.221558,57.557907
3.058,155.957413,1460.157959,-11.206817,350.721375,1192.186035,-75.101425,370.215485,1398.987305,58.942707
3.067,155.56929,1460.508179,-11.664598,355.692383,1195.981323,-71.328285,371.73822,1404.802368,60.426022
3.075,155.176727,1460.850464,-12.301607,360.374451,1200.165527,-67.565369,373.252747,1410.617432,61.953987
3.083,154.796967,1461.218384,-12.785713,364.837738,1204.280884,-63.8363,374.727386,1416.341187,63.752895
3.092,154.383377,1461.632202,-13.448256,369.193848,1208.932739,-60.048176,376.08313,1422.103271,65.463089
3.1,153.902603,1462.064575,-14.16661,373.408173,1213.574585,-56.285892,377.40506,1427.918823,67.361191
3.108,153.413391,1462.371216,-14.926602,377.336639,1218.350708,-52.663277,378.758179,1433.751953,69.123566
3.117,152.949509,1462.587524,-15.70651,381.241333,1223.047119,-49.069721,379.984558,1439.775269,70.640457
3.125,152.346191,1462.699707,-16.650862,384.97229,1228.095459,-45.530899,381.163422,1446.056641,71.888847
3.133,151.864761,1462.696289,-17.636295,388.59314,1233.270264,-42.120598,382.480194,1452.447021,73.122719
3.142,151.325836,1462.598755,-18.758942,392.239594,1238.569458,-38.891182,383.608185,1458.906616,74.165657
3.15,150.713852,1462.530396,-19.915594,395.670807,1244.016357,-35.742981,384.621704,1465.299805,75.422432
3.158,150.149185,1462.506104,-20.994425,399.159058,1249.701294,-32.638931,385.961548,1471.85083,76.796661
3.167,149.519653,1462.511719,-22.218744,402.218689,1255.75415,-29.902227,387.045074,1478.377808,78.273544
3.175,148.911667,1462.558594,-23.2822,405.499054,1261.720947,-27.298035,388.175568,1484.902588,79.875595
3.183,148.191025,1462.668945,-24.400908,408.44751,1267.887207,-25.188751,389.43988,1491.311157,81.696747
3.192,147.484192,1462.794312,-25.369066,411.259918,1274.048218,-23.169277,390.406891,1497.755005,83.397804
3.2,146.803543,1462.989014,-26.294914,414.051666,1279.991089,-20.755398,391.273987,1504.194702,84.785713
3.208,145.981094,1463.227173,-27.241508,416.353485,1286.431519,-18.225477,392.124115,1510.676636,86.138611
3.217,145.243591,1463.451294,-27.94363,418.424835,1292.574829,-16.346395,392.776276,1517.139771,87.281616
3.225,144.371613,1463.844116,-28.84268,420.247681,1298.791748,-14.630572,393.268707,1523.589966,88.369972
3.233,143.623978,1464.189087,-29.505768,421.871368,1304.902588,-13.067045,393.653381,1529.934814,89.353119
3.242,142.63501,1464.512573,-30.134117,423.225922,1310.908813,-11.583029,393.856903,1536.237061,90.339188
3.25,141.688156,1464.917725,-30.795052,424.937042,1317.030762,-10.449102,393.947784,1542.431152,91.27623
3.258,140.833557,1465.29248,-31.293381,425.452911,1322.967896,-8.922503,393.969849,1548.482666,92.176163
3.267,139.900436,1465.696289,-31.944763,426.678436,1328.886353,-7.919562,394.004669,1554.432129,93.214516
3.275,138.951508,1466.061523,-32.435516,427.483093,1334.728027,-6.709474,393.962402,1560.356201,94.082397
3.283,137.936905,1466.389282,-33.038681,427.934692,1340.42981,-5.458302,393.9599,1566.378784,94.873535
3.292,136.961319,1466.786255,-33.538643,428.182098,1346.168457,-4.311929,394.058655,1572.418823,95.509377
3.3,135.925568,1467.200562,-34.223103,428.444061,1351.826904,-3.152829,394.246185,1578.474854,96.152489
3.308,134.90567,1467.592285,-34.760151,428.48233,1357.400146,-2.008567,394.457428,1584.44873,96.877342
3.317,133.860718,1467.991333,-35.427929,428.471588,1362.959961,-0.870157,394.599396,1590.29834,97.628166
3.325,132.818329,1468.370605,-35.966778,428.304291,1368.354004,0.256594,394.734497,1596.182739,98.389221
3.333,131.779892,1468.800537,-36.598495,428.026855,1373.820679,1.313528,394.909332,1602.007568,99.085793
3.342,130.76503,1469.175293,-37.13147,427.729431,1379.137817,2.454623,395.020386,1607.798462,99.84066
3.35,129.759293,1469.462402,-37.761688,427.273773,1384.45459,3.570491,395.026245,1613.375488,100.757599
3.358,128.730392,1469.780151,-38.342354,426.72345,1389.759644,4.658619,394.974915,1618.935303,101.7174
3.367,127.746048,1470.109863,-38.920345,426.044037,1394.939941,5.785247,394.932526,1624.466919,102.733498
3.375,126.719772,1470.362549,-39.55341,425.283173,1400.181152,6.917862,394.839691,1629.801147,104.006111
3.383,125.749481,1470.695312,-40.161236,424.43335,1404.559814,8.731959,394.708893,1635.181885,105.196762
3.392,124.617622,1470.960693,-40.798409,423.33316,1409.393921,10.074862,394.569641,1640.481812,106.466423
3.4,123.632271,1471.21814,-41.327301,422.472748,1415.400635,10.235882,394.455627,1645.684082,107.799004
3.408,122.53289,1471.403198,-41.931293,421.361267,1419.846802,11.756787,394.38385,1650.895386,109.089134
3.417,121.417053,1471.588745,-42.338184,420.033142,1424.2948,13.354377,394.235962,1655.980713,110.415024
3.425,120.29937,1471.794189,-42.908321,418.841675,1429.647217,13.737508,394.160492,1661.127808,111.408974
3.433,119.278252,1471.993042,-43.302227,417.500092,1434.008789,15.137335,394.077545,1666.328125,112.174126
3.442,118.033478,1472.196167,-43.704899,415.926697,1439.040894,15.748272,393.945129,1671.502075,112.694611
3.45,116.94677,1472.441162,-44.168724,414.545929,1443.712524,16.575325,393.809631,1676.708496,112.622093
3.458,115.869637,1472.618164,-44.538216,412.878113,1448.21936,17.471458,393.500305,1681.836792,113.054207
3.467,114.648659,1472.771118,-45.022141,411.219086,1452.835327,18.064241,393.15451,1686.842529,113.312706
3.475,113.593613,1472.95105,-45.354012,409.520447,1457.403687,18.658625,392.898834,1691.851807,113.202499
3.483,112.458687,1473.122192,-45.709187,407.744476,1461.799438,19.262766,392.521576,1696.554565,113.424568
3.492,111.298981,1473.246704,-46.11784,405.942749,1466.336182,19.563564,392.208374,1701.309937,113.708214
3.5,110.171089,1473.435059,-46.52763,404.117615,1470.630249,20.016861,391.861267,1705.852173,114.106903
3.508,109.179977,1473.591187,-46.852722,402.201355,1474.944824,20.245686,391.402557,1710.19751,114.647881
3.517,108.016273,1473.723877,-47.355816,400.33902,1479.092896,20.767115,390.837219,1714.582642,115.096268
3.525,106.989731,1473.923462,-47.695255,398.455688,1483.359497,20.843651,390.329376,1718.64209,115.77993
3.533,106.024467,1474.080566,-48.036396,396.585907,1487.337769,21.276695,389.689331,1722.67334,116.528831
3.542,104.962021,1474.200806,-48.3251,394.590485,1491.362549,21.447317,389.092621,1726.700317,117.12545
3.55,103.989021,1474.34314,-48.622463,392.48999,1495.263184,21.690546,388.374359,1730.629883,117.591499
3.558,103.044365,1474.470825,-48.970001,390.447845,1499.202881,21.761145,387.431335,1734.508911,117.947914
3.567,102.100899,1474.637451,-49.250446,388.301239,1503.029907,21.909029,386.701508,1738.29126,118.283226
3.575,101.172707,1474.783569,-49.470589,386.189819,1506.861816,21.850969,385.933105,1742.119019,118.518051
3.583,100.204483,1474.958252,-49.875679,383.995331,1510.591064,22.02809,384.911865,1746.003906,118.479286
3.592,99.347923,1475.127319,-50.141918,381.812561,1514.309326,21.907866,384.10141,1749.828125,118.513412
3.6,98.556313,1475.316528,-50.4104,379.555023,1517.958984,21.962309,383.315186,1753.537476,118.398712
3.608,97.738495,1475.483032,-50.702984,377.221313,1521.533203,21.883198,382.594635,1757.31897,118.184982
3.617,96.896675,1475.686157,-50.948971,374.871857,1525.16333,21.766846,381.809692,1761.065918,117.868088
3.625,95.941055,1475.844238,-51.300388,372.508057,1528.657227,21.632151,381.114197,1764.750122,117.425041
3.633,95.04985,1476.077026,-51.61158,370.131775,1532.18811,21.388765,380.066345,1768.439941,116.818443
3.642,94.0672,1476.37085,-52.036057,367.704956,1535.552734,21.207382,379.324677,1771.931519,116.352661
3.65,93.013809,1476.690918,-52.48761,365.241211,1538.938599,20.908022,378.393433,1775.239746,115.857162
3.658,92.05352,1477.071411,-52.77689,362.802734,1542.233398,20.726591,377.320282,1778.506592,115.353256
3.667,90.93763,1477.693237,-53.017025,360.267944,1545.441895,20.484081,376.462402,1781.575806,115.06768
3.675,90.034836,1478.134277,-53.226696,357.867828,1548.588623,20.214088,375.501068,1784.554932,114.658562
3.683,90.043373,1477.263306,-53.620068,355.291687,1551.55188,20.13558,374.346924,1787.635864,114.214859
3.692,89.41626,1477.442383,-53.634235,352.832184,1554.452148,20.004225,373.307281,1790.465088,113.790459
3.7,88.79837,1477.617065,-53.642727,350.361755,1557.314331,19.844343,372.4599,1793.26416,113.390259
3.708,88.079971,1477.809814,-53.929367,347.873108,1560.023315,19.840023,371.636963,1795.903076,112.826508
3.717,87.47934,1477.970459,-54.053192,345.41687,1562.766846,19.710428,370.788147,1798.509888,112.315125
3.725,86.796326,1478.190674,-54.224113,342.940704,1565.411865,19.668377,369.938446,1800.990234,111.804092
3.733,86.142334,1478.384766,-54.480301,340.43924,1567.955322,19.661755,369.093872,1803.405762,111.234077
3.742,85.485741,1478.609863,-54.62154,338.072693,1570.476196,19.476894,368.302216,1805.758423,110.57325
3.75,84.874313,1478.779419,-54.760876,335.677338,1572.849243,19.402948,367.580933,1807.998779,109.967712
3.758,84.282921,1478.981567,-54.944839,333.238037,1575.179932,19.42894,366.873901,1810.068726,109.39035
3.767,83.520981,1479.136841,-55.258591,330.927307,1577.411255,19.367046,366.199249,1812.116089,108.678009
3.775,82.91378,1479.358643,-55.39344,328.502014,1579.508789,19.457893,365.554779,1814.099731,107.963257
3.783,82.314354,1479.508301,-55.44059,326.249725,1581.501709,19.492903,364.829193,1815.96875,107.184753
3.792,81.698257,1479.662476,-55.542221,324.092743,1583.442627,19.512455,364.1409,1817.723022,106.401535
3.8,81.061424,1479.772583,-55.845184,321.914215,1585.263672,19.589209,363.486877,1819.324829,105.537895
3.808,80.332298,1479.963745,-55.995148,319.936157,1587.006836,19.619076,362.860718,1820.904541,104.65712
3.817,79.771637,1480.138062,-56.147507,317.834839,1588.743286,19.77607,362.274536,1822.384766,103.803162
3.825,79.234726,1480.256958,-56.272701,315.921021,1590.327271,19.86183,361.659241,1823.786011,102.916115
3.833,78.598297,1480.412598,-56.656693,314.040863,1591.874146,19.984409,361.048859,1825.067993,102.024162
3.842,78.068443,1480.673096,-56.932217,312.137329,1593.340454,20.136229,360.381561,1826.28894,101.191559
3.85,77.4608,1480.807373,-57.025356,310.458588,1594.642822,20.265697,359.602478,1827.435669,100.349472
3.858,76.936592,1480.989502,-57.169861,308.745209,1595.877197,20.466702,358.906616,1828.501953,99.560356
3.867,76.445702,1481.186523,-57.326176,307.325684,1597.04248,20.751884,358.138977,1829.560547,98.840744
3.875,75.989464,1481.34021,-57.530926,305.765045,1598.143188,20.80805,357.343414,1830.522827,98.158691
3.883,75.601944,1481.484375,-57.618813,304.474182,1599.086914,21.117395,356.4711,1831.479736,97.61203
3.892,75.208199,1481.624634,-57.61335,303.270538,1599.915771,21.29122,355.429504,1832.357544,97.034935
3.9,74.842369,1481.701904,-57.729622,302.083862,1600.727417,21.45575,354.153717,1833.1875,96.517036
3.908,74.516281,1481.784302,-57.881809,301.00293,1601.417114,21.698687,352.890808,1834.080322,95.910812
3.917,74.195007,1481.841309,-58.023514,299.979828,1602.115723,21.882648,351.679871,1834.988647,95.408279
3.925,73.937889,1481.875366,-58.153343,299.025055,1602.756714,22.036537,350.218903,1835.704712,94.921852
3.933,73.622139,1481.88855,-58.524632,298.044098,1603.296387,22.250952,348.835052,1836.558716,94.357452
3.942,73.378922,1481.89563,-58.768208,297.147705,1603.778442,22.401125,347.564697,1837.331055,93.87915
3.95,73.160889,1481.92041,-58.885918,296.320709,1604.285156,22.561659,346.147949,1838.03125,93.465652
3.958,72.950737,1481.932373,-58.894402,295.6521,1604.769653,22.690384,344.861694,1838.760132,93.024506
3.967,72.758438,1481.950073,-58.973991,294.890839,1605.120483,22.916983,343.817352,1839.43042,92.671043
3.975,72.598503,1481.96582,-58.96896,294.217621,1605.481689,23.099911,342.614716,1839.988281,92.473305
3.983,72.444122,1481.981689,-58.959785,293.63858,1605.843872,23.166809,341.622894,1840.510864,92.252388
3.992,72.326187,1481.982178,-58.952377,293.191681,1606.163818,23.256882,340.787781,1840.988159,92.056984
4,72.246574,1481.975098,-58.915241,292.78363,1606.448608,23.333561,340.145996,1841.385498,91.901505
4.008,72.187698,1481.969971,-58.914024,292.480896,1606.6604,23.376593,339.384949,1841.665405,91.856667
4.017,72.142303,1481.93042,-58.866074,292.306061,1606.799072,23.361473,338.650482,1841.901123,91.721786
4.025,72.155815,1481.90686,-58.858528,292.249451,1606.853638,23.337374,338.146027,1842.109619,91.571625
4.033,72.226387,1481.876953,-58.875004,292.334869,1606.821777,23.287018,337.837708,1842.240601,91.517258
4.042,72.328056,1481.826538,-58.897263,292.582184,1606.692139,23.236532,337.641754,1842.302124,91.555367
4.05,72.494942,1481.782715,-58.905437,292.949493,1606.476929,23.072468,337.547516,1842.27478,91.657448
4.058,72.681496,1481.716919,-58.941433,293.44046,1606.167603,22.885105,337.550385,1842.1521,91.777725
4.067,72.918602,1481.654663,-58.948483,294.077301,1605.790649,22.67877,337.662262,1841.947632,91.902214
4.075,73.141571,1481.53418,-59.006096,294.925934,1605.387085,22.477196,337.854004,1841.653198,92.022736
4.083,73.421112,1481.43042,-59.017891,295.842133,1604.913696,22.217896,338.123993,1841.246338,92.145012
4.092,73.703781,1481.298584,-58.97596,296.738586,1604.284546,21.970991,338.528412,1840.783569,92.335945
4.1,74.035988,1481.198608,-58.737804,297.859833,1603.626343,21.662403,339.095215,1840.25415,92.468582
4.108,74.436768,1481.057861,-58.575775,299.072784,1602.889648,21.340197,339.765533,1839.714111,92.619881
4.117,74.805138,1480.900024,-58.461834,300.304443,1602.022705,20.980677,340.636597,1839.032837,92.728874
4.125,75.150146,1480.713501,-58.348022,301.678741,1601.150757,20.60721,341.402496,1838.317993,92.834984
4.133,75.516418,1480.563232,-58.215038,303.065704,1600.213745,20.173969,342.210968,1837.576294,92.842377
4.142,75.865173,1480.388672,-58.033836,304.395569,1599.339355,19.714615,343.120911,1836.721558,92.846153
4.15,76.271904,1480.270264,-57.777237,305.902802,1598.340332,19.212717,344.320312,1835.930176,92.713211
4.158,76.722115,1480.142456,-57.340683,307.313599,1597.382812,18.696041,345.420349,1834.999023,92.706116
4.167,77.184151,1479.949219,-57.176838,308.805542,1596.384521,18.056669,346.458252,1834.025879,92.591309
4.175,77.633812,1479.809814,-57.083313,310.344177,1595.281372,17.513428,347.869293,1833.012451,92.444733
4.183,78.068893,1479.683228,-56.946392,311.968811,1594.126099,16.96501,349.229462,1831.942505,92.413033
4.192,78.46244,1479.559082,-56.67905,313.550232,1592.960693,16.46043,350.913574,1830.894165,92.31601
4.2,78.878716,1479.47644,-56.177738,315.161865,1591.836792,15.952621,352.466003,1829.612671,92.392288
4.208,79.257904,1479.362061,-55.875328,316.682709,1590.552856,15.48612,354.167664,1828.415039,92.269173
4.217,79.61145,1479.24292,-55.689667,318.442963,1589.230591,14.951058,355.816315,1826.950195,92.294724
4.225,79.963814,1479.113281,-55.486759,320.163361,1587.776123,14.437078,357.422058,1825.440552,92.194069
4.233,80.388763,1479.014648,-55.193439,322.198456,1586.147949,13.807726,359.114655,1823.935669,92.078331
4.242,80.883759,1478.931396,-54.643085,324.458099,1584.396362,13.276803,360.738068,1822.229858,92.020409
4.25,81.379692,1478.848755,-54.32283,326.759155,1582.419922,12.785858,362.483887,1820.435547,92.033203
4.258,81.917648,1478.806396,-54.112301,329.244537,1580.411255,12.216056,363.951294,1818.571045,92.013016
4.267,82.442879,1478.763062,-53.95042,331.818634,1578.273193,11.615922,365.594879,1816.635742,92.013245
4.275,83.130936,1478.737549,-53.571743,334.398254,1576.073853,10.995867,366.976654,1814.525391,92.115639
4.283,83.873566,1478.691528,-53.297203,337.049133,1573.752197,10.414396,368.414764,1812.421509,92.21032
4.292,84.533539,1478.611572,-53.196716,339.799316,1571.341919,9.732803,369.687561,1810.06958,92.212837
4.3,85.122055,1478.525879,-52.958271,342.624237,1568.849854,8.989868,370.707977,1807.734131,92.132973
4.308,85.744453,1478.436768,-52.57375,345.439789,1566.259644,8.2926,371.69223,1805.242065,92.059113
4.317,86.446518,1478.3479,-52.313389,348.265808,1563.552734,7.552041,372.562286,1802.750122,91.79303
4.325,87.051376,1478.219604,-52.021751,351.16217,1560.763428,6.790621,373.437653,1800.06665,91.555771
4.333,87.700989,1478.114624,-51.471966,353.905823,1557.833618,5.93341,374.140198,1797.290649,91.339439
4.342,88.301765,1478.002075,-51.103912,356.659821,1555.019165,5.064243,374.841888,1794.555908,91.080673
4.35,88.953506,1477.926392,-50.695152,359.397736,1552.113281,4.126832,375.448273,1791.59021,90.73143
4.358,89.666664,1477.831299,-50.248573,362.129578,1549.212891,3.071331,376.020416,1788.757446,90.507088
4.367,90.352272,1477.707153,-49.826603,364.813995,1546.318848,2.080223,376.729797,1785.615723,90.059341
4.375,90.99868,1477.576538,-49.504341,367.460114,1543.319458,1.11554,377.013428,1782.490723,89.602547
4.383,91.593483,1477.423096,-49.179729,370.092682,1540.199219,0.024854,377.260254,1779.239868,89.111649
4.392,92.283562,1477.342407,-48.546925,372.754303,1537.064575,-0.992402,377.532684,1775.892578,88.540558
4.4,92.914558,1477.246338,-48.06892,375.272858,1533.791138,-2.043823,377.691071,1772.52124,88.005562
4.408,93.555779,1477.181274,-47.602921,377.795074,1530.478882,-2.96933,378.006805,1768.959961,87.460762
4.417,94.298409,1477.049561,-46.882519,380.19751,1527.143433,-4.030397,378.131256,1765.447876,86.891365
4.425,95.048103,1476.973267,-46.43066,382.549591,1523.839722,-5.163205,378.22641,1761.849854,86.246506
4.433,95.80954,1476.881836,-45.994755,384.820282,1520.500366,-6.186758,378.200073,1758.210815,85.566246
4.442,96.648766,1476.747559,-45.217449,387.147095,1517.080933,-7.22718,377.911743,1754.419312,84.710861
4.45,97.272499,1476.600342,-44.941528,389.405182,1513.577515,-8.294188,377.843353,1750.67688,83.953651
4.458,97.870201,1476.470337,-44.537338,391.717987,1510.224243,-10.144736,377.787415,1746.952271,83.06913
4.467,98.596748,1476.427734,-43.773838,393.934387,1506.712769,-11.556202,377.615448,1743.071777,82.078598
4.475,99.155983,1476.403198,-43.311939,396.104431,1503.272705,-12.999965,377.22525,1739.145996,81.018005
4.483,99.720551,1476.377686,-42.845402,398.149475,1499.765259,-14.611376,376.937225,1735.133545,79.747276
4.492,100.358131,1476.358276,-42.086914,400.202545,1496.319702,-16.406509,376.809143,1731.111328,78.29998
4.5,101.016701,1476.350708,-41.604328,401.719971,1493.2771,-18.482252,376.631653,1727.166992,76.80735
4.508,101.72374,1476.337891,-41.098183,403.605286,1489.692017,-20.259159,376.442871,1723.154297,75.289505
4.517,102.464539,1476.366455,-40.404434,405.310913,1486.259277,-22.143093,376.173523,1719.189331,73.684265
4.525,103.036873,1476.406738,-39.8223,406.910797,1482.877075,-24.152241,376.046539,1715.226196,72.051025
4.533,103.626251,1476.402344,-39.404533,408.552612,1479.680054,-26.194494,375.702087,1711.36377,70.312263
4.542,104.242981,1476.396362,-38.679066,410.080719,1476.262451,-28.168325,375.733063,1707.365845,68.78009
4.55,104.715279,1476.443359,-38.210442,411.588562,1473.266846,-30.479853,375.639801,1703.394775,67.014297
4.558,105.137085,1476.552246,-37.840305,412.937317,1469.583252,-32.400837,375.582855,1699.273071,65.195885
4.567,105.573097,1476.694458,-37.302776,414.256134,1466.681641,-35.064987,375.597534,1695.198608,63.376629
4.575,106.016785,1476.797241,-36.623184,415.364594,1462.417236,-36.321083,375.784943,1690.879639,61.488331
4.583,106.444839,1476.896729,-36.165318,416.60144,1459.79541,-39.652451,375.895752,1686.567871,59.908752
4.592,106.849861,1476.954834,-35.819931,417.32962,1455.372681,-40.938007,376.032196,1682.14209,58.214851
4.6,107.387512,1477.052368,-35.497459,418.692993,1453.247925,-44.754055,376.177216,1677.898926,56.85191
4.608,107.907913,1477.061401,-35.004818,419.301361,1449.176025,-46.611385,376.378845,1673.492798,55.227524
4.617,108.40004,1477.077393,-34.636223,420.203705,1445.810913,-49.254593,376.484711,1669.144653,53.587631
4.625,108.836708,1477.052368,-34.273865,420.75769,1442.099243,-51.572868,376.698395,1664.868774,51.960548
4.633,109.284103,1477.085449,-34.008232,421.405792,1438.152954,-53.700794,376.868958,1660.422607,50.365105
4.642,109.754448,1477.097412,-33.668354,421.918915,1434.101929,-55.987331,376.982239,1655.898682,48.592136
4.65,110.256104,1477.171753,-33.038864,422.460571,1429.960327,-58.135124,377.18045,1651.377441,46.632809
4.658,110.766312,1477.197266,-32.601875,422.843384,1425.605957,-60.325535,377.40274,1646.591919,44.832218
4.667,111.375893,1477.223755,-32.217972,423.095612,1421.149414,-62.433517,377.571472,1641.765137,42.971783
4.675,112.040222,1477.160767,-31.706314,423.243347,1416.54187,-64.576759,377.838867,1636.778809,41.177891
4.683,112.707344,1477.095825,-31.094006,423.394043,1411.790894,-66.646782,378.00946,1631.684692,39.44553
4.692,113.459167,1476.98877,-30.570442,423.478973,1407.058472,-68.684761,378.189056,1626.632202,37.712738
4.7,114.223839,1476.866577,-29.905016,423.38208,1402.11438,-70.708725,378.292358,1621.471802,35.916782
4.708,114.932045,1476.762939,-29.563509,423.17865,1397.16687,-72.685417,378.382721,1616.299072,34.086483
4.717,115.718895,1476.685181,-29.191368,422.918701,1392.194702,-74.715858,378.418274,1611.091309,32.226814
4.725,116.611954,1476.649414,-28.456602,422.66922,1387.10376,-76.76722,378.414062,1605.886963,30.312408
4.733,117.451042,1476.629639,-28.07638,422.278748,1381.907959,-78.722595,378.300629,1600.472656,28.295372
4.742,118.303795,1476.545776,-27.594179,421.846008,1376.546143,-80.69297,378.232819,1595.052734,26.26409
4.75,119.365921,1476.515625,-26.895885,421.217133,1370.978271,-82.598755,378.016113,1589.470825,24.267746
4.758,120.274612,1476.359497,-26.268551,420.389984,1365.414429,-84.513824,377.556183,1583.790894,22.101742
4.767,121.311287,1476.243408,-25.62496,419.475647,1359.800171,-86.412498,377.228119,1578.092163,20.098503
4.775,122.467514,1476.076538,-25.139351,418.356384,1354.043701,-88.333763,376.708008,1572.397827,18.047464
4.783,123.43425,1475.900879,-24.412678,417.089966,1348.353271,-90.245987,376.119019,1566.597534,16.048145
4.792,124.344193,1475.703125,-24.072615,415.650177,1342.649536,-92.182434,375.443329,1560.764038,14.136116
4.8,125.504944,1475.517944,-23.395666,414.103455,1336.764771,-94.126862,374.71106,1554.87793,12.221655
4.808,126.520813,1475.356079,-23.101614,412.413574,1330.93396,-96.100906,373.916656,1548.97229,10.44436
4.817,127.547607,1475.106079,-22.657562,410.46579,1325.050293,-98.1185,373.141571,1542.987915,8.658707
4.825,128.801163,1474.776733,-22.186609,408.371857,1319.063477,-100.171532,372.354431,1536.98291,6.858797
4.833,129.883118,1474.491455,-21.660353,406.155823,1313.255859,-102.255791,371.694,1531.013916,5.012008
4.842,131.04509,1474.045166,-21.339529,403.680115,1307.36084,-104.422592,370.957367,1525.110107,3.290854
4.85,132.32605,1473.866821,-22.58193,401.046112,1301.696655,-106.69339,370.273865,1519.217773,1.713645
4.858,133.542358,1473.293335,-22.059319,398.336334,1295.892212,-108.97258,369.735291,1513.342041,0.22168
4.867,134.150314,1472.611938,-20.008606,395.551819,1290.545166,-111.332825,369.349182,1507.481323,-1.391993
4.875,135.287491,1472.093262,-19.874954,392.400421,1285.011841,-113.871056,368.909332,1501.702271,-2.8034
4.883,136.347809,1471.68042,-21.136221,389.455566,1279.72522,-116.476494,368.73584,1495.901367,-3.819195
4.892,137.110626,1471.0625,-19.426649,386.377502,1274.733154,-119.081291,368.901855,1490.210571,-4.706124
4.9,138.272278,1470.595337,-20.219078,382.891785,1269.901245,-121.781036,369.128296,1484.565063,-5.620715
4.908,139.130951,1470.132935,-19.71283,379.501465,1265.025391,-124.52684,369.516174,1478.952637,-6.50466
4.917,139.953339,1469.546509,-19.461189,375.959808,1260.452881,-127.331032,370.102936,1473.424927,-7.281937
4.925,140.774139,1468.974487,-19.064785,372.319611,1256.09314,-130.055771,370.899536,1467.924438,-8.064732
4.933,141.521759,1468.45752,-18.731834,368.644287,1251.760254,-132.819595,371.849457,1462.548462,-9.039914
4.942,142.223206,1467.899048,-18.286907,364.815002,1247.383789,-135.504425,372.998383,1457.120728,-9.921929
4.95,142.920258,1467.428589,-17.913172,360.859436,1243.288208,-138.074326,374.068085,1451.793701,-10.734533
4.958,143.648132,1466.855347,-17.685904,356.893311,1239.297729,-140.640442,375.203003,1446.524658,-11.628355
4.967,144.423538,1466.377075,-17.519043,352.951904,1235.47583,-143.113235,376.316284,1441.220947,-12.427343
4.975,145.1362,1465.890381,-17.267315,348.995575,1231.779907,-145.223679,377.458557,1435.960327,-13.222972
4.983,145.740906,1465.350098,-16.992622,344.945007,1228.187134,-147.465912,378.443115,1430.70813,-14.016447
4.992,146.376846,1464.838257,-16.890345,341.089233,1224.740112,-149.496277,379.082458,1425.592651,-14.783363
5,147.074997,1464.269653,-16.868296,337.18396,1221.385132,-151.346802,379.595551,1420.614624,-15.555988
5.008,147.809174,1463.701782,-16.753691,333.473816,1218.159302,-153.082214,379.923798,1415.827759,-16.259001
5.017,148.443954,1463.170166,-16.706884,329.934082,1215.165283,-154.704575,380.093597,1411.262085,-17.117512
5.025,148.96199,1462.644775,-16.599226,326.485168,1212.209229,-156.28215,379.996246,1406.898315,-17.879261
5.033,149.600189,1462.046265,-16.575624,323.103058,1209.448975,-157.463028,379.76413,1402.711182,-18.628803
5.042,150.18721,1461.461548,-16.558041,319.890167,1206.743652,-158.774994,379.355957,1398.682617,-19.211121
5.05,150.715424,1461.014771,-16.498293,316.879944,1204.06665,-159.90004,378.674744,1394.773193,-19.567781
5.058,151.210663,1460.584229,-16.520088,313.927338,1201.574951,-160.981445,377.881592,1391.007935,-20.031492
5.067,151.693893,1460.129639,-16.623722,311.088226,1198.944946,-161.95224,377.030426,1387.156982,-19.972046
5.075,152.141403,1459.567017,-16.784166,308.310516,1196.468018,-162.796021,376.199921,1383.403809,-19.916126
5.083,152.587296,1458.996094,-16.906675,305.477081,1194.356201,-163.53949,375.328094,1379.692871,-19.716013
5.092,153.018433,1458.424316,-17.032259,302.926086,1191.948242,-164.149796,374.380737,1376.085327,-19.367878
5.1,153.33844,1457.901978,-17.048182,300.313324,1189.692749,-164.665039,373.410095,1372.632812,-19.201084
5.108,153.646027,1457.339233,-17.283041,297.726318,1187.479492,-165.144302,372.600494,1369.190552,-19.160192
5.117,154.062637,1456.770142,-17.484587,295.381042,1184.997681,-165.393982,371.813721,1365.805908,-18.990372
5.125,154.465897,1456.246094,-17.573311,292.766388,1182.805664,-165.692337,371.035614,1362.655029,-19.028217
5.133,154.911667,1455.747192,-17.653601,290.247711,1180.702515,-165.905411,370.307434,1359.508911,-19.054632
5.142,155.429474,1455.18457,-17.714434,287.884674,1178.568237,-166.06044,369.698578,1356.570679,-19.093937
5.15,155.908249,1454.590454,-17.661772,285.567963,1176.543945,-166.117096,369.011139,1353.701782,-19.055599
5.158,156.393173,1453.985229,-17.499025,283.438995,1174.677246,-166.039459,368.388367,1351.006226,-18.985174
5.167,156.895004,1453.47583,-17.386255,281.429688,1172.860718,-165.925873,367.84848,1348.419189,-18.879368
5.175,157.419113,1453.002563,-17.226452,279.565338,1171.06897,-165.773621,367.214691,1345.908203,-18.457239
5.183,157.889694,1452.507812,-17.055914,277.875854,1169.523071,-165.585007,366.588806,1343.611694,-18.041506
5.192,158.300934,1452.065918,-16.980007,276.527893,1168.190552,-165.396759,366.057434,1341.532227,-17.560814
5.2,158.678406,1451.661255,-16.801479,275.233215,1166.903198,-165.218323,365.525879,1339.694214,-17.000551
5.208,159.019089,1451.304688,-16.554512,274.371582,1165.720825,-164.858734,364.968536,1338.064087,-16.394682
5.217,159.334564,1451.018066,-16.406193,273.60022,1164.607544,-164.484573,364.451691,1336.65979,-15.782538
5.225,159.643967,1450.727905,-16.20685,272.981812,1163.715332,-164.129715,364.006378,1335.432495,-15.140014
5.233,159.935654,1450.437012,-15.966806,272.452209,1162.928101,-163.710068,363.543243,1334.386353,-14.453179
5.242,160.261932,1450.206421,-15.693604,272.08493,1162.222412,-163.253448,363.036652,1333.489258,-13.654347
5.25,160.523956,1450.039185,-15.44613,271.753357,1161.464233,-162.636581,362.620758,1332.651611,-12.85401
5.258,160.790497,1449.946045,-15.203189,271.528717,1160.844116,-161.961548,362.363861,1331.906372,-11.959215
5.267,161.014832,1449.814575,-15.000168,271.384338,1160.251709,-161.243179,362.17453,1331.312744,-11.133566
5.275,161.253235,1449.756226,-14.771493,271.358185,1159.698853,-160.46669,361.932556,1330.727783,-10.208917
5.283,161.447113,1449.762451,-14.472733,271.363953,1159.274292,-159.718948,361.839417,1330.319824,-9.346566
5.292,161.623642,1449.787598,-14.222075,271.447723,1158.871704,-158.886139,361.789246,1330.003418,-8.485263
5.3,161.816818,1449.813965,-13.944595,271.580933,1158.504028,-157.992264,361.843384,1329.870239,-7.737744
5.308,161.980392,1449.873291,-13.623617,271.715027,1158.162476,-157.036057,361.919281,1329.809937,-7.054218
5.317,162.145599,1449.922485,-13.246117,271.85968,1157.875977,-156.122726,362.014496,1329.746338,-6.387607
5.325,162.308899,1449.974609,-12.794722,272.031372,1157.661865,-155.295731,362.162781,1329.746948,-5.72316
5.333,162.440567,1450.024536,-12.468271,272.323853,1157.388428,-154.307007,362.313202,1329.755127,-5.065389
5.342,162.576294,1450.084595,-12.099286,272.625244,1157.27063,-153.396591,362.536041,1329.815918,-4.338489
5.35,162.750702,1450.140259,-11.672938,272.594757,1157.849609,-154.047363,362.720947,1329.873169,-3.644778
5.358,162.894638,1450.200562,-11.218382,273.099792,1157.078491,-151.830185,362.905426,1329.893433,-2.850287
5.367,163.065689,1450.285156,-10.74763,273.227997,1157.474487,-152.006638,363.111389,1329.924194,-2.074258
5.375,163.200684,1450.365601,-10.296085,273.743683,1157.027222,-150.225784,363.315582,1329.947998,-1.206668
5.383,163.2966,1450.426636,-9.759505,273.925201,1157.661621,-150.586136,363.524597,1329.966064,-0.288202
5.392,163.405655,1450.513306,-9.298518,274.443085,1157.673462,-149.601929,363.753479,1329.974854,0.707881
5.4,163.502472,1450.581543,-8.829548,274.958832,1157.987061,-149.151077,364.053619,1330.059204,1.699639
5.408,163.600845,1450.641357,-8.269809,275.630737,1157.929321,-147.94989,364.370087,1330.207642,2.772296
5.417,163.703644,1450.736572,-7.806773,276.354889,1158.133301,-147.136902,364.687256,1330.425781,3.860423
5.425,163.808334,1450.775391,-7.322314,277.259338,1158.248047,-145.980515,365.084442,1330.757446,4.956278
5.433,163.920944,1450.776489,-6.754627,278.255188,1158.452637,-144.802917,365.549255,1331.204346,6.175197
5.442,164.063141,1450.81897,-6.282424,279.37851,1158.755737,-143.755066,366.014038,1331.687866,7.499666
5.45,164.228867,1450.868286,-5.714095,280.7258,1158.983643,-142.259415,366.537018,1332.265015,8.885385
5.458,164.396713,1450.900269,-5.136626,282.191101,1159.400879,-141.101562,367.091492,1332.949097,10.451019
5.467,164.61618,1450.901733,-4.594846,283.992126,1159.790039,-139.319427,367.618439,1333.730469,12.205358
5.475,164.790009,1451.001465,-4.066221,285.966522,1160.397583,-137.639679,368.273987,1334.789185,14.040552
5.483,165.030182,1451.140869,-3.443784,288.143372,1160.966187,-135.626297,368.973999,1335.920532,16.073156
5.492,165.25502,1451.307861,-2.889182,290.592651,1161.811523,-133.583694,369.774414,1337.205933,18.405167
5.5,165.454453,1451.493408,-2.264528,293.317596,1162.602417,-131.242844,370.583099,1338.699097,20.957233
5.508,165.662598,1451.766357,-1.736523,296.213867,1163.759521,-128.977219,371.468231,1340.355225,23.745768
5.517,165.827255,1452.071411,-1.219094,299.634033,1164.547852,-125.391068,372.480255,1342.252563,26.772055
5.525,165.926514,1452.367188,-0.661663,303.122833,1165.973389,-122.558319,373.513824,1344.371582,30.100361
5.533,166.025681,1452.764526,-0.216262,307.180084,1167.403687,-119.127853,374.54306,1346.706177,33.594341
5.542,166.10582,1453.170654,0.312692,311.358826,1169.134521,-115.775009,375.571686,1349.288208,37.388508
5.55,166.102737,1453.617798,0.779967,315.810516,1171.1073,-112.17247,376.596313,1352.082397,41.413277
5.558,166.101532,1454.034302,1.381811,320.508972,1173.374634,-108.336006,377.609253,1355.161255,45.709251
5.567,166.046661,1454.459106,1.8614,325.390961,1175.910156,-104.24295,378.554993,1358.542969,50.192127
5.575,165.953003,1454.904663,2.267821,330.643677,1178.710327,-99.922188,379.581879,1362.280762,54.920631
5.583,165.811264,1455.417847,2.659244,336.224579,1181.835083,-95.226936,380.584778,1366.388672,59.865681
5.592,165.625717,1455.966309,3.083925,341.92807,1185.331787,-90.308983,381.469086,1370.825317,65.029251
5.6,165.443298,1456.452148,3.320906,347.878784,1189.117554,-84.975082,382.262207,1375.558228,70.513954
5.608,165.174271,1456.990845,3.479843,354.149261,1193.383545,-79.48053,382.96991,1380.673218,76.106659
5.617,164.820724,1457.582275,3.62139,360.470764,1198.037476,-73.761086,383.738831,1386.44397,81.711807
5.625,164.415039,1458.232544,3.758151,366.896393,1203.088623,-67.661125,384.282532,1392.421265,87.664398
5.633,163.971954,1458.786011,3.858421,373.453613,1208.80249,-61.222012,384.907837,1398.982544,93.739281
5.642,163.422928,1459.403809,3.856599,379.760101,1215.181519,-54.575603,385.229858,1405.925415,99.932564
5.65,162.798904,1460.19458,3.821587,385.935181,1222.03186,-47.789726,385.549255,1413.412231,106.2472
5.658,162.184586,1461.123657,3.534825,392.25827,1229.434082,-40.654697,385.597778,1421.417969,112.584496
5.667,161.470291,1461.997437,3.296504,398.330231,1237.345459,-33.444435,385.564362,1429.884766,119.083076
5.675,160.730286,1462.854736,3.197426,404.261719,1246.061768,-26.024673,385.28009,1438.612305,125.729424
5.683,159.875214,1463.720581,2.886973,409.751343,1255.102417,-18.509073,384.728302,1447.778442,132.543884
5.692,159.008682,1464.747803,2.601019,414.876312,1264.702637,-10.833742,384.059845,1457.335205,139.314499
5.7,158.056137,1465.868652,2.32087,419.504486,1274.690063,-3.225939,383.121124,1467.127441,146.258194
5.708,156.916962,1466.875854,1.891228,423.701569,1285.127197,4.393045,381.969666,1477.25647,153.244583
5.717,155.774185,1468.041504,1.477622,427.858185,1295.885132,12.564882,380.591614,1487.499512,160.455261
5.725,154.427277,1469.2771,0.938983,431.016693,1306.827881,20.462366,379.175995,1498.076782,167.759018
5.733,152.88382,1470.542236,0.557466,433.092163,1318.473267,28.182142,377.539948,1508.796631,175.127853
5.742,151.286835,1471.915894,-0.006701,434.372986,1330.246582,35.789921,375.81308,1519.60791,182.87175
5.75,149.353394,1473.26355,-0.628211,434.97229,1342.117554,43.39315,373.969299,1530.778442,190.450089
5.758,147.409546,1474.643677,-1.391647,434.880096,1354.054565,50.808502,372.084198,1542.055176,198.229034
5.767,145.333466,1476.035034,-2.032548,433.9039,1365.985474,58.038021,370.007996,1553.40979,205.91539
5.775,142.962219,1477.343628,-2.784538,432.166168,1377.721069,65.127815,368.031281,1565.110474,213.58609
5.783,140.530487,1478.825562,-3.683061,429.667267,1389.337402,72.081055,365.892853,1576.773926,221.019455
5.792,137.996918,1480.130981,-4.527512,426.400787,1400.834473,78.622574,363.81842,1588.546997,228.306107
5.8,135.19725,1481.463989,-5.323227,422.419128,1412.004883,85.071198,361.629822,1600.227417,235.54599
5.808,132.245804,1482.8573,-6.190589,417.865112,1422.993774,91.185806,359.389618,1611.7677,242.68013
5.817,129.059448,1484.241455,-6.988555,412.684937,1433.760742,97.041,357.283051,1622.917236,249.978912
5.825,125.662727,1485.437256,-7.916499,407.731903,1444.148438,102.690987,355.257263,1633.770386,257.616516
5.833,122.107933,1486.565186,-8.820205,401.933807,1454.321411,108.018692,353.222412,1644.167236,265.095886
5.842,118.605286,1487.607056,-9.740258,395.123322,1464.31958,113.008339,351.219757,1654.086792,272.537994
5.85,114.99202,1488.419312,-10.798909,388.252197,1473.965576,117.87149,349.102875,1663.636841,279.470062
5.858,111.410019,1489.044434,-11.767068,381.093658,1483.082275,122.456703,347.235291,1672.743408,286.161591
5.867,107.921524,1489.654419,-12.759003,373.429626,1491.733398,126.892731,345.491577,1681.251465,292.556061
5.875,104.613625,1490.208374,-13.634569,365.758911,1499.851929,131.068512,343.971466,1688.942505,298.678711
5.883,101.458313,1490.740356,-14.370855,357.915588,1507.379761,135.091797,342.658142,1695.967041,304.482239
5.892,98.417297,1491.284302,-14.932383,350.098206,1514.446045,138.760162,341.572235,1702.123169,309.90271
5.9,95.609695,1491.736328,-15.397271,342.31192,1520.831909,142.265472,340.694977,1707.441895,314.713379
5.908,93.260735,1492.297485,-15.795771,334.696503,1526.663818,145.247162,339.865387,1712.163086,319.078308
5.917,91.267426,1492.945679,-16.078075,327.353546,1531.868164,148.174393,339.455841,1715.781982,323.036835
5.925,89.509155,1493.734863,-16.432091,320.531738,1536.621338,150.523239,339.046631,1718.411255,326.374542
5.933,87.88446,1494.564819,-16.484875,314.339233,1540.63916,152.294128,338.623932,1720.223755,328.788574
5.942,86.627083,1495.251465,-16.905828,309.278015,1544.092041,153.140869,338.415985,1721.434814,330.43399
5.95,85.432587,1495.69519,-17.219828,305.380432,1546.520874,153.442902,338.175751,1722.152222,331.30835
5.958,84.447685,1495.926636,-17.466928,303.230164,1547.5271,153.552704,337.781067,1722.573486,331.458069
5.967,83.847786,1496.070312,-17.903584,302.76413,1547.209839,153.441498,337.431732,1722.740234,330.980774
5.975,83.549721,1496.226929,-18.189837,303.741821,1545.703247,152.996567,337.198242,1722.514282,330.155579
5.983,83.463608,1496.310913,-18.375685,306.20285,1543.427734,151.926163,337.109253,1721.519897,329.117645
5.992,83.606369,1496.254395,-18.444611,309.820618,1540.436523,150.311584,337.236237,1719.634644,327.902924
6,84.104622,1496.11853,-18.47567,314.586578,1537.033447,148.105484,337.583282,1717.116455,326.239258
6.008,85.010429,1495.905518,-18.478508,320.21814,1533.16748,145.315079,338.077271,1714.274292,323.762421
6.017,86.224716,1495.499146,-18.470171,326.676544,1528.841553,142.052979,339.28241,1711.213013,320.405457
6.025,87.782913,1494.973877,-18.452023,333.654724,1523.997925,138.23912,340.18399,1707.870483,315.926453
6.033,89.538063,1494.354858,-18.559183,341.316803,1518.639526,133.976227,341.041046,1703.8573,310.425385
6.042,91.633392,1493.895874,-18.363943,349.444733,1512.760864,129.12558,342.070648,1698.995972,304.033264
6.05,93.619942,1493.276489,-18.178957,357.928314,1506.296265,123.795067,343.346283,1693.195068,296.838379
6.058,95.635056,1492.61145,-17.770775,366.620697,1499.084473,117.753555,344.48407,1686.577759,288.549438
6.067,97.729172,1491.990112,-17.102608,375.639984,1491.141724,111.403503,345.868713,1678.95752,279.612396
6.075,100.195557,1491.535645,-16.094746,384.575256,1482.593994,104.338791,347.333832,1670.545776,269.709656
6.083,102.817558,1491.146973,-14.585041,393.342712,1473.337891,96.654533,348.596527,1661.148682,258.823608
6.092,105.599342,1490.642212,-12.769868,401.693695,1463.528931,88.204552,349.965363,1651.089478,247.46785
6.1,108.458359,1490.282959,-10.997432,409.414032,1453.263062,79.105865,351.466309,1639.92395,236.03389
6.108,111.46064,1489.755249,-9.034873,416.539062,1442.745117,69.374237,352.811096,1628.004639,224.411514
6.117,114.936203,1489.260498,-7.007036,422.907257,1432.026855,59.061127,354.33432,1615.662842,212.774216
6.125,119.903488,1489.049194,-4.77384,428.173004,1421.114868,48.250221,355.815979,1602.963867,201.288605
6.133,124.231194,1488.704956,-2.915872,432.534973,1409.868042,36.928551,357.268646,1589.661743,190.190338
6.142,128.198624,1487.962769,-1.346925,435.676422,1398.479004,25.246752,358.467987,1575.934692,179.166641
6.15,131.944321,1486.921631,-0.019691,437.618927,1386.705811,13.219995,359.595795,1562.035034,168.619995
6.158,135.192505,1485.637939,1.001131,438.019318,1374.750244,0.568464,360.665741,1548.1427,158.047211
6.167,137.748322,1483.967651,1.854631,437.228699,1362.584473,-11.679112,361.420013,1534.345337,147.636368
6.175,139.931534,1482.035156,2.667757,435.387817,1350.451294,-23.915751,361.993774,1520.991821,137.363525
6.183,142.049805,1480.112793,3.260579,432.269257,1338.147461,-36.056919,362.242249,1507.842773,127.197731
6.192,143.950928,1478.00769,3.90589,428.104736,1325.931641,-48.017811,362.370941,1495.150879,117.142357
6.2,145.965637,1476.030151,4.392206,422.954712,1313.86792,-59.741875,362.151947,1482.992554,107.100975
6.208,147.782043,1474.177612,4.911263,416.86203,1301.97937,-71.287643,361.627747,1470.957397,97.345222
6.217,149.55249,1472.705811,5.233039,409.710022,1290.462524,-82.608551,361.056519,1459.137817,88.047462
6.225,151.304016,1471.134521,5.645754,401.77533,1279.153564,-93.517464,360.062714,1447.776367,78.940086
6.233,152.718475,1469.79541,6.055333,392.493347,1268.525879,-104.080147,358.891693,1437.016846,69.680298
6.242,154.232498,1468.451172,6.264627,382.322388,1258.306641,-114.025665,357.782104,1426.727051,60.740547
6.25,155.518005,1467.225464,6.534247,371.774536,1248.289185,-123.303101,356.59848,1416.965454,52.355049
6.258,156.784897,1466.107178,6.28504,360.08963,1238.874023,-131.931595,355.892487,1407.575928,44.443478
6.267,157.794739,1465.296997,5.833832,348.045227,1230.10022,-139.663391,355.313141,1398.574341,36.850216
6.275,158.602951,1464.612793,4.994695,335.621948,1222.006592,-146.384171,354.82605,1389.507935,30.232132
6.283,159.148193,1464.06189,3.974923,323.46048,1214.871216,-152.396072,354.354645,1381.008545,23.519695
6.292,159.525055,1463.562866,2.599898,311.893524,1208.669434,-157.698929,353.887054,1372.753174,17.62133
6.3,159.836838,1463.06958,1.157119,301.271027,1203.251221,-162.110245,353.207703,1364.869019,12.696404
6.308,160.117432,1462.565674,-0.222393,291.778656,1198.717285,-165.987915,352.258179,1357.584961,8.465533
6.317,160.629898,1462.06604,-1.279657,283.979919,1194.858154,-169.103439,350.943054,1351.067139,5.261196
6.325,161.403076,1461.30835,-2.471197,277.774261,1191.657715,-171.642807,349.50351,1345.437256,2.98205
6.333,162.252838,1460.677246,-3.299372,273.245544,1189.678345,-174.868088,348.106964,1340.614868,1.667068
6.342,163.191299,1460.010254,-4.116074,270.572052,1187.247559,-174.877213,346.818634,1336.751587,1.479423
6.35,164.098434,1459.329346,-4.950385,269.536621,1185.864746,-175.509949,345.733063,1333.646606,2.140646
6.358,164.80426,1458.776367,-5.707572,269.928497,1185.037842,-176.519043,345.10788,1331.358398,3.544869
6.367,165.224426,1458.348877,-6.453622,271.392548,1184.074341,-175.726212,344.860077,1329.86792,5.688478
6.375,165.53273,1457.951294,-7.288594,273.850647,1182.984253,-174.25383,345.076752,1329.220459,7.960941
6.383,165.772751,1457.701538,-8.131884,276.607971,1181.942505,-172.429321,345.636871,1329.042847,10.454557
6.392,165.993835,1457.473511,-8.786172,279.388763,1180.709229,-170.101028,346.3797,1329.122803,12.755446
6.4,166.312256,1457.241577,-9.34955,281.956085,1179.334961,-167.582565,347.162811,1329.522461,14.914553
6.408,166.625702,1457.047119,-9.734978,283.798187,1177.920044,-165.109665,347.914093,1330.02124,16.668592
6.417,167.042664,1456.877686,-9.931256,285.253448,1176.352295,-162.505524,348.524506,1330.438354,18.075689
6.425,167.445496,1456.668457,-10.034108,285.848938,1174.924683,-160.331802,348.93338,1330.648804,19.102079
6.433,167.806046,1456.443848,-10.131803,285.999237,1173.370117,-158.411682,349.165527,1330.55957,19.791479
6.442,168.10527,1456.229858,-10.192554,285.757141,1171.954956,-157.002472,349.238861,1330.206299,20.218365
6.45,168.387405,1456.027222,-10.272842,285.254395,1170.782471,-155.922958,349.237427,1329.625,20.41358
6.458,168.700867,1455.822632,-10.306567,284.629333,1169.741821,-155.386093,349.255219,1328.918335,20.397419
6.467,169.003281,1455.569824,-10.315056,283.884125,1168.91272,-155.355911,349.281403,1327.975342,20.297665
6.475,169.302505,1455.353149,-10.318646,283.325256,1168.407959,-155.557205,349.486664,1326.903809,20.175953
6.483,169.56192,1455.134766,-10.303259,282.824493,1168.14502,-156.114304,349.891266,1325.847412,19.88822
6.492,169.847717,1454.968384,-10.232548,282.353577,1168.01062,-156.896484,350.379211,1324.775635,19.63312
6.5,170.092804,1454.867065,-10.205058,281.978607,1168.078491,-157.747971,350.919098,1323.751587,19.275438
6.508,170.29631,1454.792725,-10.145803,281.773468,1168.220215,-158.528015,351.563263,1322.972046,18.9259
6.517,170.471359,1454.777222,-10.171986,281.65271,1168.428589,-159.191681,352.216736,1322.364502,18.580132
6.525,170.612915,1454.805176,-10.198379,281.650391,1168.652466,-159.706482,352.765778,1322.015747,18.322741
6.533,170.742355,1454.851685,-10.26152,281.748657,1168.837158,-160.005386,353.240723,1321.904541,18.11022
6.542,170.863083,1454.906128,-10.344106,282.003174,1169.006348,-160.152069,353.628998,1321.983887,17.941452
6.55,170.985809,1454.976196,-10.418849,282.381226,1169.083496,-160.085892,353.954163,1322.177002,17.932724
6.558,171.124268,1455.023071,-10.46355,282.96698,1169.130981,-159.764511,354.19577,1322.503052,18.006813
6.567,171.252411,1455.081909,-10.515064,283.683929,1169.209106,-159.291718,354.49588,1322.97998,18.239763
6.575,171.372513,1455.121582,-10.546714,284.475098,1169.234619,-158.879318,354.803894,1323.498291,18.602562
6.583,171.482376,1455.153076,-10.552105,285.46637,1169.303711,-158.218338,355.064331,1324.06665,19.082443
6.592,171.600937,1455.174561,-10.52992,286.618958,1169.396362,-157.453384,355.325684,1324.592407,19.735256
6.6,171.710632,1455.197144,-10.491783,287.781921,1169.581177,-156.765335,355.660034,1325.186279,20.471407
6.608,171.806946,1455.207275,-10.425421,289.101837,1169.748291,-155.740952,356.025146,1325.816772,21.304262
6.617,171.889816,1455.203857,-10.276423,290.453094,1169.995728,-154.972382,356.46286,1326.515137,22.145977
6.625,171.975388,1455.224609,-10.089546,291.93515,1170.317017,-153.956833,356.904266,1327.205811,23.083565
6.633,172.048309,1455.24292,-9.858833,293.371582,1170.613892,-153.144409,357.316467,1327.898682,23.958921
6.642,172.116165,1455.266357,-9.625282,294.810272,1170.9646,-152.18132,357.805023,1328.627563,24.985466
6.65,172.218338,1455.267578,-9.342959,296.244965,1171.292603,-151.253723,358.177307,1329.272095,26.009207
6.658,172.283859,1455.289307,-9.056994,297.582458,1171.632324,-150.375839,358.549225,1329.902222,26.969679
6.667,172.315231,1455.294312,-8.737298,298.956604,1172.036865,-149.523026,358.974274,1330.592407,27.908846
6.675,172.343079,1455.298218,-8.41405,300.128235,1172.31604,-148.773178,359.362823,1331.25708,28.816891
6.683,172.378235,1455.293213,-8.117769,301.329803,1172.672485,-148.009109,359.711487,1331.979614,29.534636
6.692,172.423569,1455.281616,-7.806541,302.250549,1172.892212,-147.28952,360.050507,1332.532227,30.301762
6.7,172.5448,1455.206299,-7.419303,303.252319,1173.25647,-146.663376,360.40329,1332.972778,31.053823
6.708,172.624054,1455.138428,-7.051082,304.088196,1173.476562,-146.045715,360.755524,1333.363525,31.757019
6.717,172.716873,1455.090942,-6.709153,304.849182,1173.678223,-145.463379,361.061951,1333.728394,32.466465
6.725,172.849274,1455.020142,-6.348229,305.672394,1173.893555,-144.83313,361.394653,1333.993286,33.146988
6.733,172.988266,1454.908569,-5.95101,306.441986,1174.075684,-143.792801,361.701813,1334.182495,33.938526
6.742,173.127457,1454.798096,-5.58356,307.235016,1174.160889,-143.124771,362.047455,1334.331299,34.811317
6.75,173.28299,1454.687744,-5.267449,308.125763,1174.247559,-142.221939,362.355255,1334.423096,35.716515
6.758,173.403305,1454.5896,-4.986115,308.901062,1174.283936,-141.360458,362.680756,1334.556396,36.670265
6.767,173.50621,1454.493042,-4.658342,309.71759,1174.369385,-140.446579,362.988708,1334.701172,37.694473
6.775,173.613327,1454.413818,-4.31566,310.654968,1174.407349,-139.509491,363.319244,1334.906616,38.790821
6.783,173.690186,1454.313599,-4.002769,311.666443,1174.507935,-138.289307,363.661926,1335.092041,39.920799
6.792,173.812073,1454.248535,-3.688113,312.630859,1174.667236,-137.156357,363.990784,1335.247559,41.025906
6.8,173.93718,1454.185059,-3.275146,313.624908,1174.796021,-136.025925,364.343323,1335.42688,42.193783
6.808,174.070038,1454.127808,-2.837835,314.558868,1174.929321,-134.868408,364.712463,1335.594482,43.467823
6.817,174.233139,1454.077148,-2.437464,315.690399,1175.138428,-133.600647,365.088135,1335.745728,44.871101
6.825,174.387772,1454.015991,-1.972498,316.66925,1175.301025,-132.418793,365.520721,1335.830811,46.431923
6.833,174.574234,1453.97998,-1.468309,317.865417,1175.63623,-131.010651,365.903473,1335.87085,48.069756
6.842,174.720322,1453.967041,-1.039471,318.942535,1175.950073,-129.780746,366.372101,1335.942871,49.751923
6.85,174.871094,1453.983521,-0.477465,320.218658,1176.34082,-128.307358,366.899048,1336.022949,51.452858
6.858,174.975601,1453.994873,0.038723,321.470551,1176.761108,-126.88826,367.442383,1336.162476,53.301067
6.867,175.102692,1454.020752,0.535707,322.774963,1177.235352,-125.329453,368.014313,1336.407715,55.224339
6.875,175.196777,1454.018311,1.128093,324.216248,1177.796997,-123.754234,368.613068,1336.675659,57.125759
6.883,175.26712,1454.046997,1.6201,325.637878,1178.334595,-122.148598,369.254059,1337.055542,58.984917
6.892,175.330811,1454.049805,2.104173,327.210327,1178.973145,-120.465721,369.944,1337.557983,61.028652
6.9,175.371323,1454.077026,2.653132,328.80899,1179.679077,-118.716843,370.663849,1338.072632,62.967144
6.908,175.40654,1454.106689,3.095887,330.482758,1180.470825,-117.022751,371.423309,1338.672363,65.021988
6.917,175.420685,1454.157593,3.517642,332.220642,1181.304199,-115.306824,372.310059,1339.307007,67.206879
6.925,175.414139,1454.197998,4.011766,334.050232,1182.209351,-113.516708,373.226074,1339.97168,69.300148
6.933,175.430939,1454.266113,4.448672,335.99054,1183.181396,-111.633949,374.196564,1340.799805,71.49234
6.942,175.451202,1454.322388,4.893993,337.968658,1184.187744,-109.704681,375.230011,1341.738647,73.645317
6.95,175.45752,1454.391357,5.355878,340.046051,1185.27124,-107.732193,376.358765,1342.852295,75.844429
6.958,175.430328,1454.459229,5.77547,342.252441,1186.605591,-105.713585,377.632111,1344.045654,78.015343
6.967,175.384293,1454.545044,6.118861,344.482635,1187.976196,-103.606529,378.989929,1345.465576,80.172325
6.975,175.280518,1454.644287,6.45718,346.848236,1189.419312,-101.468994,380.285736,1347.019531,82.47805
6.983,175.183014,1454.771729,6.753835,349.317596,1190.932495,-99.211533,381.68988,1348.725952,84.772247
6.992,175.042709,1454.940918,7.040331,351.928558,1192.623779,-96.87561,383.092072,1350.778076,87.025803
7,174.864639,1455.141724,7.266545,354.628265,1194.48645,-94.589485,384.597321,1352.93811,89.245277
7.008,174.673737,1455.374756,7.446017,357.362366,1196.429688,-92.203026,386.04776,1355.407593,91.439133
7.017,174.421448,1455.582886,7.601209,360.238983,1198.47876,-89.764587,387.440002,1357.997803,93.719368
7.025,174.170959,1455.792603,7.74654,363.244202,1200.692505,-87.082169,388.864319,1360.605713,96.257233
7.033,173.968109,1456.059937,7.773336,366.226166,1203.092896,-84.600426,390.297791,1363.476685,98.659233
7.042,173.717499,1456.302734,7.78342,369.507751,1205.5979,-81.785248,391.745758,1366.642212,100.979233
7.05,173.33931,1456.616211,7.743131,372.685028,1208.131714,-79.03019,393.166809,1369.985474,103.42511
7.058,173.006866,1456.936157,7.691615,376.038177,1210.96228,-76.122116,394.641937,1373.435791,105.871155
7.067,172.637558,1457.277466,7.640742,379.203308,1213.704834,-73.224663,396.116058,1376.917114,108.50988
7.075,172.235489,1457.558105,7.600031,382.278687,1216.849731,-70.342033,397.494019,1380.495239,111.132423
7.083,171.834534,1457.809814,7.487547,385.740143,1219.9729,-67.189034,398.824188,1384.050537,113.937653
7.092,171.388397,1458.10376,7.273916,388.793854,1223.310181,-64.077538,400.104004,1387.838623,116.732773
7.1,170.955795,1458.426147,7.156661,391.618195,1226.555786,-61.098522,401.369781,1391.69165,119.452782
7.108,170.512436,1458.795776,6.928036,394.668793,1229.781738,-57.804108,402.522766,1395.658203,122.150795
7.117,170.090027,1459.100098,6.70401,397.733215,1233.099243,-54.539062,403.682312,1399.586548,125.035675
7.125,169.539398,1459.443726,6.432003,400.473358,1236.595093,-51.12093,404.592255,1403.61145,127.986061
7.133,169.008759,1459.779297,6.091618,403.174713,1240.122803,-47.63509,405.592346,1407.69397,131.025116
7.142,168.537506,1460.162476,5.781114,405.696503,1243.652222,-44.123646,406.356293,1411.832397,134.047989
7.15,168.100067,1460.567505,5.415093,408.177612,1247.21582,-40.404758,407.262726,1416.130005,137.015091
7.158,167.467987,1460.95813,4.969268,410.424408,1250.831543,-36.798744,408.006317,1420.451172,139.966019
7.167,166.89122,1461.369873,4.535064,412.674316,1254.478271,-33.083405,408.642883,1424.8479,142.989349
7.175,166.270477,1461.715332,4.191746,414.653015,1258.100464,-29.30752,409.311951,1429.137695,146.213196
7.183,165.714401,1462.040649,3.689115,416.534271,1261.755493,-25.476028,409.765015,1433.380371,149.330627
7.192,165.062195,1462.377197,3.219351,418.208771,1265.467896,-21.675491,410.127197,1437.657837,152.678757
7.2,164.40744,1462.832642,2.721193,419.697357,1269.210449,-17.90296,410.619049,1441.956055,156.025513
7.208,163.742264,1463.275269,2.204254,421.143005,1273.006104,-14.073262,410.885437,1446.254028,159.273911
7.217,162.999023,1463.720947,1.542406,422.479065,1276.810181,-10.2774,410.938904,1450.676147,162.49733
7.225,162.225739,1464.100098,1.088203,423.581024,1280.677002,-6.462967,411.137238,1454.94519,165.995926
7.233,161.523544,1464.495483,0.493591,424.562347,1284.625854,-2.710654,411.062653,1459.296387,169.321701
7.242,160.739929,1464.876099,-0.144041,425.420135,1288.641235,1.021545,410.943207,1463.748169,172.599106
7.25,160.107529,1465.301392,-0.723078,426.264008,1292.634521,4.668065,410.678772,1468.149536,175.997299
7.258,159.287476,1465.685547,-1.256483,426.897614,1296.651245,8.358232,410.44281,1472.569092,179.397629
7.267,158.473969,1466.121826,-1.903427,427.436371,1300.855591,11.88045,410.117798,1477.044678,182.837387
7.275,157.591797,1466.642578,-2.420255,427.922028,1305.008911,15.301556,409.775879,1481.41272,186.551727
7.283,156.794556,1467.095947,-3.177553,428.147522,1309.114136,19.942137,409.258911,1485.741577,190.218109
7.292,155.899368,1467.491943,-3.746809,428.357513,1313.362061,23.543316,408.604706,1490.027222,193.906189
7.3,154.869751,1467.832153,-4.429932,428.499542,1317.689087,27.082819,407.803345,1494.486572,197.509415
7.308,153.996552,1468.181519,-4.996603,428.486908,1322.031982,30.71912,406.934875,1499.125122,200.912415
7.317,153.110382,1468.526855,-5.618565,428.456421,1326.441284,34.313057,405.992401,1503.932373,204.106491
7.325,152.057968,1468.861206,-6.293588,428.262665,1330.951782,37.790913,404.880096,1508.93103,207.156891
7.333,151.015717,1469.196777,-6.855982,427.998322,1335.536865,41.310375,403.753723,1514.16272,209.926605
7.342,150.065155,1469.51416,-7.545501,427.615662,1340.140259,44.617481,402.465179,1519.260864,212.811539
7.35,149.039978,1469.83374,-8.091842,427.122131,1344.879028,47.910095,401.20755,1524.472534,215.704285
7.358,147.871796,1470.130249,-8.783134,426.498657,1349.563354,51.219841,399.838715,1529.617188,218.633652
7.367,146.874741,1470.485474,-9.340369,425.863617,1354.339233,54.297821,398.30365,1534.713745,221.502441
7.375,145.684967,1470.79126,-10.040452,425.017883,1359.188477,57.323334,396.766174,1539.753906,224.439041
7.383,144.47995,1471.094482,-10.58218,425.516907,1363.400146,59.924137,395.175293,1544.725708,227.440491
7.392,143.369385,1471.356567,-11.245356,424.033051,1368.647949,62.828289,393.463409,1549.732422,230.328156
7.4,142.127533,1471.564453,-11.796836,423.004425,1373.233032,65.779335,391.742126,1554.569458,233.412628
7.408,140.871765,1471.835449,-12.387719,421.587585,1378.419312,68.47155,390.032593,1559.456787,236.315613
7.417,139.601639,1472.009155,-13.013695,420.081787,1383.284302,71.301987,388.167969,1564.500977,239.152908
7.425,138.331528,1472.201904,-13.636058,418.417236,1388.391113,73.92598,386.42453,1569.542725,241.872482
7.433,136.99826,1472.424194,-14.161623,416.765198,1393.346924,76.36937,384.621002,1574.581909,244.542877
7.442,135.66272,1472.553467,-14.781355,414.958344,1398.321777,78.904831,382.690704,1579.58313,247.150299
7.45,134.277481,1472.765625,-15.336391,412.92337,1403.286011,81.441826,380.742096,1584.636108,249.770325
7.458,132.876465,1472.868408,-15.908772,410.967346,1408.186157,83.708908,378.753754,1589.703613,252.190048
7.467,131.498505,1472.998047,-16.411179,408.94873,1413.080078,86.017105,376.787781,1594.742432,254.666809
7.475,130.02182,1473.134766,-17.005133,406.782166,1417.878052,88.11515,374.605713,1599.662109,257.009521
7.483,128.722839,1473.196411,-17.576252,404.611603,1422.61499,90.199097,372.512482,1604.60022,259.398285
7.492,127.269684,1473.286743,-18.122913,402.250244,1427.349487,92.21833,370.314667,1609.376953,261.733246
7.5,125.898209,1473.349365,-18.704609,399.890594,1432.057007,94.104439,368.18634,1614.150757,264.041443
7.508,124.509666,1473.395752,-19.261156,397.387726,1436.769531,95.917732,365.926208,1618.919434,266.235291
7.517,123.084663,1473.457031,-19.86038,394.855011,1441.422485,97.690598,363.775574,1623.645142,268.390808
7.525,121.845551,1473.491089,-20.46072,392.223755,1446.037354,99.474838,361.494598,1628.355103,270.568085
7.533,120.455917,1473.550659,-20.954193,389.447632,1450.554688,101.104042,359.328094,1632.952515,272.631775
7.542,119.206688,1473.585938,-21.493801,386.649963,1455.120483,102.665695,357.05957,1637.591797,274.412537
7.55,117.953575,1473.600952,-21.986296,383.790894,1459.567017,104.234344,354.77301,1642.283447,276.069031
7.558,116.615959,1473.638916,-22.529375,380.898132,1463.97876,105.716377,352.640472,1646.785889,277.822937
7.567,115.369644,1473.656616,-22.942945,378.006042,1468.339722,107.095139,350.348419,1651.353027,279.306854
7.575,114.052292,1473.687744,-23.379616,375.006653,1472.427734,108.290947,348.019287,1655.805542,280.661163
7.583,112.821068,1473.760986,-23.868534,373.073242,1476.260132,109.706009,345.869568,1660.105591,282.090942
7.592,111.733055,1473.812256,-24.272125,369.377777,1480.516968,110.694786,343.646149,1664.451172,283.369202
7.6,110.540703,1473.932251,-24.689133,366.392365,1484.39917,111.815804,341.291504,1668.627686,284.560547
7.608,109.398056,1473.994141,-25.166433,363.105377,1488.269531,112.828384,339.348877,1672.668823,285.843292
7.617,108.431831,1474.109985,-25.532372,359.829041,1491.971436,113.802559,337.134918,1676.5802,286.945129
7.625,107.285019,1474.20459,-26.035814,356.410889,1495.543579,114.838013,335.108002,1680.235596,288.256073
7.633,106.271347,1474.354858,-26.385019,353.200867,1499.092163,115.819839,333.030609,1683.80542,289.359009
7.642,105.279938,1474.501953,-26.897633,349.937897,1502.464355,116.770714,330.813782,1687.305786,290.278046
7.65,104.372864,1474.695923,-27.288586,346.737518,1505.658447,117.605209,328.848389,1690.536011,291.420532
7.658,103.337456,1474.863892,-27.63468,343.576691,1508.741943,118.506699,326.68927,1693.704346,292.266724
7.667,102.445496,1475.073975,-27.939117,340.363922,1511.673462,119.424728,324.595856,1696.776123,292.994995
7.675,101.633644,1475.26709,-28.123135,337.25235,1514.44519,120.269005,322.639801,1699.749878,293.86908
7.683,100.560471,1475.260864,-28.570679,334.178345,1517.065063,121.05043,320.559296,1702.622559,294.451508
7.692,99.689117,1475.524414,-28.925209,331.108765,1519.593262,121.901054,318.726135,1705.353271,295.160065
7.7,98.663597,1475.682739,-29.132776,328.056305,1522.100098,122.654411,316.710785,1707.980469,295.69339
7.708,97.682602,1475.812134,-29.466183,324.988892,1524.483276,123.451736,314.932007,1710.550293,296.288605
7.717,96.747162,1476.000244,-29.736429,321.993469,1526.751343,124.231384,313.088531,1713.020264,296.874359
7.725,95.882957,1476.151855,-30.080389,319.064728,1528.903442,125.016716,311.243408,1715.442139,297.383087
7.733,94.91877,1476.307983,-30.432623,316.177185,1530.983521,125.784698,309.29303,1717.657959,297.77713
7.742,94.101814,1476.576294,-30.579264,313.366028,1533.075806,126.490578,307.442322,1720.003052,298.107086
7.75,93.270935,1476.785889,-30.93494,310.641724,1535.039185,127.14624,305.523499,1722.043091,298.484741
7.758,92.379112,1476.990845,-31.244551,307.93515,1536.823364,127.902969,303.613861,1723.997803,298.790283
7.767,91.613121,1477.195801,-31.484533,305.281525,1538.642212,128.615631,301.798035,1726.112793,298.985474
7.775,90.84745,1477.465332,-31.657562,302.671417,1540.311279,129.320297,299.919067,1728.072754,299.219025
7.783,90.074249,1477.804077,-31.769808,300.148651,1541.938354,130.057068,298.306335,1729.892456,299.453094
7.792,89.309448,1478.11499,-31.817705,297.663422,1543.523193,130.780319,296.586029,1731.704956,299.830139
7.8,88.401077,1478.439819,-31.839516,295.299225,1545.157227,131.543152,294.909821,1733.500122,300.167969
7.808,87.71994,1478.676636,-32.144592,292.819244,1546.687134,132.348679,293.244629,1735.16394,300.612701
7.817,86.81356,1479.122925,-32.301022,290.408295,1548.167725,133.223068,291.595215,1736.758789,301.052765
7.825,86.156349,1479.385254,-32.344822,288.094269,1549.641235,134.098984,289.889557,1738.388062,301.509796
7.833,85.268097,1479.905884,-32.372242,285.777435,1551.144287,134.93251,288.322723,1739.788696,302.004944
7.842,84.507919,1480.155518,-32.386562,283.498901,1552.440308,135.885849,286.599091,1741.262085,302.50174
7.85,83.69075,1479.82959,-30.753984,281.200012,1553.68335,136.911667,285.061127,1742.60437,302.995392
7.858,82.905174,1480.22876,-30.304028,279.000702,1554.864746,138.046799,283.369324,1744.029053,303.453491
7.867,82.266258,1480.569336,-30.327816,276.791992,1556.013794,139.100891,281.838745,1745.311279,303.949097
7.875,81.322327,1480.841309,-30.093861,274.531403,1557.147705,140.095398,280.269043,1746.575073,304.324036
7.883,80.548904,1481.153564,-29.726091,272.268585,1558.172852,141.134933,278.60141,1747.744385,304.79303
7.892,79.774796,1481.486572,-29.257729,270.196533,1559.196655,142.040985,276.950256,1748.950928,305.121124
7.9,79.175461,1481.724487,-29.249529,268.238342,1560.194702,142.795288,275.20929,1749.88269,305.601288
7.908,78.397865,1482.008423,-28.997747,266.300201,1560.977661,143.65007,273.558044,1750.817627,306.001099
7.917,77.694809,1482.237793,-28.864405,264.560333,1561.738892,144.381714,271.875793,1751.658691,306.534576
7.925,77.051064,1482.489136,-28.540018,262.980713,1562.468872,145.022385,270.317963,1752.258667,307.103088
7.933,76.377304,1482.665283,-28.288248,261.405518,1563.063599,145.662582,268.564056,1752.758301,307.720947
7.942,75.660233,1482.805542,-27.812349,260.043549,1563.609375,146.247925,266.852051,1753.302856,308.275421
7.95,74.942474,1482.947754,-27.549416,258.831116,1564.151123,146.787216,265.252075,1753.670044,308.884125
7.958,74.368523,1483.044678,-27.366247,257.620819,1564.601318,147.238998,263.613281,1754.000732,309.460663
7.967,73.863945,1483.085205,-27.328695,256.708252,1564.851685,147.704758,262.074188,1754.143311,310.012756
7.975,73.252769,1483.157471,-26.931,255.911713,1564.970581,148.117172,260.517303,1754.305176,310.543091
7.983,72.647438,1483.106689,-26.501301,255.145874,1565.050049,148.477936,259.084778,1754.305298,311.073669
7.992,72.168625,1483.020142,-26.183516,254.547211,1565.03772,148.799271,257.621796,1754.275024,311.588074
8,71.741493,1482.935547,-26.041832,254.085297,1564.903564,149.063675,256.391571,1754.040405,312.090363
8.008,71.354889,1482.867798,-26.072096,253.673676,1564.572144,149.270309,255.146149,1753.818237,312.503571
8.017,70.777306,1482.759399,-25.738825,253.465714,1564.159058,149.507126,254.085236,1753.446411,312.964539
8.025,70.436295,1482.686523,-25.678009,253.438858,1563.687622,149.691071,253.183487,1752.983154,313.361176
8.033,70.076782,1482.501831,-25.790037,253.454956,1563.087891,149.827698,252.449387,1752.281128,313.675629
8.042,69.767448,1482.341187,-25.860895,253.619827,1562.307373,149.904434,251.897659,1751.604126,313.94986
8.05,69.50676,1482.24292,-25.846037,253.886734,1561.313354,150.128159,251.447113,1750.896973,314.15097
8.058,69.234444,1482.161133,-25.806175,254.441284,1560.262085,150.307007,251.174896,1750.25354,314.258209
8.067,69.011261,1482.103149,-25.746191,255.127014,1559.174561,150.440399,250.902176,1749.408569,314.466644
8.075,68.828087,1482.036621,-25.665592,255.85553,1557.889404,150.737411,250.861221,1748.573242,314.493988
8.083,68.686012,1481.995972,-25.557081,256.865082,1556.685303,150.914215,251.044754,1747.777222,314.583649
8.092,68.541069,1481.943848,-25.453264,257.926422,1555.449707,151.053375,251.411224,1746.927002,314.497559
8.1,68.397408,1481.904663,-25.286386,259.282501,1554.142456,151.075394,251.767792,1745.921021,314.445404
8.108,68.273376,1481.886475,-25.163746,260.750824,1552.855469,150.974899,252.095276,1745.121582,314.244324
8.117,68.136452,1482.180298,-26.475592,262.574463,1551.584961,150.746796,252.575195,1744.277466,313.970123
8.125,68.031372,1482.362671,-26.501778,264.375092,1550.421509,150.406158,253.104538,1743.115112,313.646484
8.133,68.288155,1482.292603,-26.185444,266.276001,1549.163086,149.9478,253.594254,1742.20105,313.157745
8.142,68.254044,1482.235718,-25.891327,268.457947,1547.800415,149.400055,254.092194,1741.264771,312.53006
8.15,68.201012,1482.161743,-25.392416,270.739777,1546.498047,148.75499,254.643265,1740.026489,311.815643
8.158,68.31311,1481.994141,-25.240284,273.141144,1545.158447,148.048584,255.191299,1738.783691,311.043701
8.167,68.257912,1481.656006,-23.748074,275.659973,1543.624146,147.302475,255.917664,1737.481812,310.259705
8.175,68.404335,1481.578369,-23.313681,278.129883,1542.111084,146.50264,256.525116,1736.10498,309.4245
8.183,68.565079,1481.685913,-23.67234,280.620056,1540.639038,145.599167,257.350739,1734.629761,308.529449
8.192,68.746803,1481.556152,-23.359873,282.948944,1539.285522,144.603958,258.097107,1733.27002,307.641235
8.2,68.864571,1481.397705,-23.069864,285.090942,1538.006836,143.665268,259.250854,1731.714478,306.963074
8.208,68.951912,1481.246704,-22.800968,287.16098,1536.823242,142.635773,260.380585,1730.386353,306.160767
8.217,69.103172,1481.12793,-22.60346,289.131744,1535.733643,141.57312,261.519165,1728.969971,305.295471
8.225,69.279808,1481.002686,-22.388119,291.013214,1534.719849,140.572968,262.977966,1727.781128,304.40979
8.233,69.425117,1480.878906,-22.175659,292.842834,1533.528442,139.500565,264.40744,1726.375244,303.552094
8.242,69.559891,1480.720703,-21.943159,294.653748,1532.375244,138.537964,265.804871,1725.030762,302.505615
8.25,69.674858,1480.603882,-21.669193,296.389557,1531.069214,137.565567,267.571136,1723.581665,301.702393
8.258,69.793434,1480.419312,-21.344103,298.240631,1529.690796,136.475662,269.044739,1721.966797,300.801025
8.267,69.914856,1480.267456,-20.984293,299.953125,1528.198364,135.579407,270.866089,1720.304077,300.089539
8.275,70.077835,1480.094116,-20.715813,301.770447,1526.583374,134.680679,272.313202,1718.394897,299.27829
8.283,70.268532,1479.999512,-20.50861,303.69101,1524.837646,133.665298,274.191101,1716.58374,298.549164
8.292,70.507729,1479.946533,-20.298708,305.588501,1522.891235,132.704163,275.676178,1714.653198,297.700867
8.3,70.762283,1479.85498,-20.013273,307.655487,1520.898071,131.82103,277.419739,1712.699341,296.949036
8.308,71.076279,1479.771729,-19.72109,309.649628,1518.874146,130.930618,278.95929,1710.787231,295.914917
8.317,71.462936,1479.661621,-19.439224,311.698425,1516.787476,130.143219,280.629913,1708.74646,295.104279
8.325,71.932045,1479.634644,-19.147701,313.869385,1514.748291,129.245285,282.045349,1706.89978,294.033569
8.333,72.354164,1479.584961,-18.918289,315.98349,1512.692017,128.345703,283.639832,1704.94519,292.962921
8.342,72.983978,1479.661255,-18.45756,318.123566,1510.606567,127.458229,285.124054,1703.062622,291.708832
8.35,73.40995,1479.544556,-18.221836,320.175812,1508.466064,126.556633,286.478302,1701.030396,290.353088
8.358,73.785492,1479.402466,-18.053061,322.359528,1506.269653,125.635597,288.014954,1698.888062,289.128998
8.367,74.295204,1479.323242,-17.830866,324.377533,1504.057007,124.713074,289.392151,1696.644409,287.823547
8.375,74.777077,1479.219727,-17.669785,326.682098,1501.875244,123.672318,290.721619,1694.437622,286.386932
8.383,75.247658,1479.13147,-17.435881,328.736603,1499.630981,122.656494,292.303497,1692.0271,285.330139
8.392,75.690964,1479.046631,-17.222687,330.455933,1497.301147,121.806259,293.644684,1689.618896,284.076324
8.4,76.224823,1478.91748,-17.032934,332.562347,1494.949951,120.823242,295.097198,1687.144775,283.121246
8.408,76.793411,1478.772339,-16.842607,334.342072,1492.60376,119.906273,296.413727,1684.492798,282.167358
8.417,77.359413,1478.582642,-16.738035,336.243561,1490.196045,119.011971,297.589081,1681.869629,281.209015
8.425,77.921844,1478.415527,-16.601664,337.708557,1487.935059,117.995445,298.897919,1679.196167,280.33371
8.433,78.475113,1478.20813,-16.386049,339.540405,1485.494873,117.101189,299.880615,1676.433716,279.390289
8.442,79.143425,1478.047729,-16.124956,341.330841,1483.077515,116.109558,300.928131,1673.853638,278.216461
8.45,79.689796,1477.907227,-15.945444,343.198517,1480.606445,115.194855,301.949921,1671.17334,277.189575
8.458,80.190918,1477.763306,-15.80843,344.998383,1478.102417,114.196327,302.739227,1668.512695,276.11322
8.467,80.799042,1477.5896,-15.558391,346.753906,1475.602173,113.321953,303.501068,1665.802734,274.908264
8.475,81.489975,1477.369263,-15.15375,348.454376,1473.212524,112.228836,304.178925,1663.165771,273.632965
8.483,82.123085,1477.159546,-14.864344,350.22226,1470.797852,111.339348,304.819824,1660.602661,272.535248
8.492,82.72448,1476.970215,-14.682844,351.68692,1468.406006,110.429344,305.314789,1658.053101,271.354889
8.5,83.410393,1476.765869,-14.480437,353.312622,1466.145752,109.517128,306.025208,1655.608887,270.25293
8.508,84.133247,1476.600586,-14.141468,354.847137,1464.012939,108.687035,306.464905,1653.244507,269.194244
8.517,84.754959,1476.387573,-13.873961,356.349121,1461.942749,107.808914,306.838715,1650.854126,268.099731
8.525,85.505898,1476.175903,-13.709107,357.808105,1459.845703,107.082191,307.242889,1648.357056,267.149017
8.533,86.237747,1475.979126,-13.44733,359.256287,1457.711304,106.236549,307.580536,1645.988159,266.09845
8.542,86.877357,1475.713989,-13.214645,360.719147,1455.513428,105.578957,307.862885,1643.530762,264.958374
8.55,87.606056,1475.488281,-12.903355,362.03775,1453.223999,104.968712,308.246796,1641.052612,263.892944
8.558,88.401512,1475.267456,-12.667862,363.496735,1450.900269,104.342842,308.575043,1638.665649,262.618042
8.567,89.099716,1475.007935,-12.357263,364.810516,1448.464722,103.786835,308.995392,1636.210083,261.414978
8.575,89.708038,1474.779907,-12.009106,366.156158,1446.053589,103.118225,309.499847,1633.584961,260.385742
8.583,90.38324,1474.55127,-11.619975,367.451843,1443.589722,102.543495,309.995514,1631.146484,259.194305
8.592,91.192802,1474.315918,-11.173214,368.732361,1441.174805,101.873001,310.547821,1628.633423,258.184875
8.6,91.939445,1474.095215,-10.694035,370.068817,1438.738892,101.117065,311.206818,1626.049072,257.242493
8.608,92.576309,1473.914795,-10.327884,371.323151,1436.367188,100.436317,311.750397,1623.46582,256.228943
8.617,93.337852,1473.71521,-9.882085,372.647614,1434.038818,99.558594,312.363495,1620.908325,255.104477
8.625,94.141792,1473.488892,-9.410865,373.897369,1431.668579,98.726357,312.96228,1618.317871,254.098236
8.633,94.947418,1473.268188,-9.067957,375.237976,1429.275146,97.863365,313.619568,1615.706909,252.961334
8.642,95.77153,1473.033447,-8.711582,376.54541,1426.887939,96.938126,314.234283,1613.116699,251.67865
8.65,96.586853,1472.783447,-8.317378,377.879883,1424.504639,95.931557,314.934937,1610.55249,250.36261
8.658,97.424774,1472.532593,-7.961124,379.344543,1422.147461,94.775146,315.704468,1607.912598,248.924789
8.667,98.273224,1472.362427,-7.653862,380.64856,1419.759033,93.713234,316.364532,1605.383911,247.437195
8.675,98.997025,1472.185791,-7.337798,382.064087,1417.386841,92.585541,317.03775,1602.737549,246.107651
8.683,99.814163,1472.041138,-6.970405,383.552399,1415.021606,91.30452,317.814178,1600.208984,244.811768
8.692,100.809669,1471.843384,-6.58454,384.769836,1412.796387,90.007431,318.612213,1597.64502,243.468811
8.7,101.632446,1471.659058,-6.326129,386.240082,1410.542236,88.581116,319.407043,1595.124146,242.157959
8.708,102.475281,1471.536621,-5.926317,387.557129,1408.418945,87.192642,320.469696,1592.369019,240.976837
8.717,103.339645,1471.339111,-5.609761,389.113403,1406.214478,85.721413,321.371033,1589.63501,239.792007
8.725,104.257904,1471.123535,-5.298398,390.249084,1403.898926,84.273399,322.381744,1586.776001,238.533218
8.733,105.137352,1470.912476,-4.957255,391.997742,1401.490845,82.539421,323.456451,1583.905884,237.25383
8.742,105.94976,1470.673828,-4.639832,393.082184,1399.122803,81.09478,324.641937,1580.905273,235.918549
8.75,106.74334,1470.484741,-4.358974,394.629944,1396.392944,79.437889,325.716919,1577.816406,234.250504
8.758,107.637276,1470.27771,-3.928262,395.969788,1393.65686,77.7416,326.864319,1574.771484,232.704727
8.767,108.409668,1470.09021,-3.655086,397.136749,1390.900513,76.089394,328.124786,1571.596069,231.094193
8.775,109.218155,1469.874146,-3.360898,398.70813,1387.932007,74.189957,329.222992,1568.500854,229.291031
8.783,110.203171,1469.699585,-3.023465,399.459351,1385.046387,72.711823,330.283173,1565.36438,227.675217
8.792,111.184532,1469.520142,-2.744472,401.018005,1381.998901,70.739197,331.290436,1562.147339,225.873276
8.8,112.117844,1469.297363,-2.489198,400.49057,1379.38623,69.657768,332.238312,1559.053955,224.076172
8.808,113.138496,1469.094116,-2.188827,401.485718,1376.371826,68.03289,333.239868,1555.82251,222.331238
8.817,114.277443,1468.892822,-1.935438,402.416229,1373.252808,66.287003,334.078827,1552.666138,220.391953
8.825,115.434311,1468.572998,-1.555898,403.221771,1369.998657,64.651466,334.964447,1549.354614,218.450867
8.833,116.404373,1468.182007,-1.339668,404.217102,1366.755615,62.911144,335.734406,1546.096558,216.488007
8.842,117.616508,1467.861572,-1.048344,404.944641,1363.418823,61.325489,336.628082,1542.803101,214.523682
8.85,118.689545,1467.571045,-0.722974,405.672058,1360.119019,59.616642,337.380371,1539.488525,212.521286
8.858,119.767128,1467.262085,-0.44295,406.392273,1356.831665,58.015858,338.27594,1536.246948,210.723022
8.867,120.878654,1466.943359,-0.137161,407.100708,1353.543579,56.299545,339.112915,1532.99292,208.824463
8.875,121.942154,1466.651855,0.086369,407.670807,1350.275391,54.667988,339.874512,1529.771484,207.011414
8.883,123.095642,1466.369629,0.411546,408.244781,1347.035767,52.971355,340.628296,1526.512817,205.245377
8.892,124.103706,1466.079834,0.610907,408.72522,1343.853516,51.304256,341.31131,1523.459839,203.270523
8.9,125.174179,1465.741821,0.875228,409.225037,1340.671997,49.598408,342.056274,1520.3396,201.347824
8.908,126.173538,1465.417725,1.23958,409.654327,1337.474731,47.894917,342.777924,1517.324951,199.389664
8.917,127.133263,1465.070068,1.473707,410.005554,1334.280396,46.260754,343.570892,1514.425049,197.343353
8.925,128.19632,1464.728638,1.764003,410.239594,1331.073486,44.588398,344.389099,1511.581543,195.241135
8.933,129.031647,1464.322754,2.107152,410.49411,1327.918823,42.918957,345.143555,1508.743408,193.139008
8.942,129.935059,1463.940063,2.306253,410.595215,1324.726196,41.344833,345.879028,1505.856689,191.172272
8.95,130.984116,1463.557739,2.556252,410.770142,1321.560547,39.68911,346.543884,1503.083862,189.179245
8.958,131.89444,1463.261597,2.649827,410.836853,1318.399048,38.011913,347.300018,1500.189941,187.225876
8.967,132.888748,1462.893433,2.869288,410.903351,1315.308838,36.401173,347.891785,1497.355469,185.422455
8.975,133.869186,1462.54187,3.033709,410.884277,1312.243286,34.72839,348.528076,1494.555786,183.54985
8.983,134.813736,1462.215088,3.081705,410.893158,1309.257568,33.087727,349.109253,1491.71228,181.686005
8.992,135.817291,1461.898926,3.300284,410.868469,1306.21521,31.523216,349.761719,1488.892334,179.942657
9,136.74321,1461.587158,3.388252,410.787598,1303.284424,29.780909,350.219391,1486.157715,178.154892
9.008,137.695389,1461.252319,3.435388,410.678741,1300.312134,28.175344,350.726135,1483.422607,176.349091
9.017,138.62912,1460.91394,3.642266,410.486969,1297.431641,26.402807,351.238037,1480.625,174.638199
9.025,139.59494,1460.592773,3.713309,410.397034,1294.595459,24.786598,351.7995,1477.943115,172.900711
9.033,140.481735,1460.268311,3.759293,410.163483,1291.804321,23.023302,352.272491,1475.366943,171.176178
9.042,141.394577,1459.895264,3.938193,410.051025,1289.156494,19.855719,352.734802,1472.717163,169.537201
9.05,142.170258,1459.545654,4.040414,409.782318,1286.520142,18.959818,353.206421,1470.248413,167.771973
9.058,142.993042,1459.159546,4.206765,409.538452,1283.962769,16.831263,353.666626,1467.765625,166.04567
9.067,143.823944,1458.784546,4.296041,409.287415,1281.504028,15.481022,354.125763,1465.181763,164.515274
9.075,144.660919,1458.510376,4.327201,409.007843,1278.974976,13.781905,354.541016,1462.847534,162.763519
9.083,145.355881,1458.285645,4.371984,408.780365,1276.549316,12.228763,355.037994,1460.448608,161.108215
9.092,146.25415,1458.030273,4.37342,408.40213,1274.156738,10.535161,355.420563,1458.033203,159.573135
9.1,147.039597,1457.786133,4.469437,408.055206,1271.859619,9.035075,355.867279,1455.843506,157.9617
9.108,147.781403,1457.564575,4.464188,407.662476,1269.56604,7.40005,356.283325,1453.598755,156.431274
9.117,148.500046,1457.279053,4.494064,407.286163,1267.303101,5.875026,356.742676,1451.406616,154.933731
9.125,149.357422,1457.007202,4.523946,406.854034,1265.09375,4.366166,357.039337,1449.285156,153.48494
9.133,150.085526,1456.784668,4.531038,406.4039,1262.928955,2.794731,357.381622,1447.210205,151.94426
9.142,150.824127,1456.552856,4.469219,405.986969,1260.782227,1.258885,357.718048,1445.05542,150.570175
9.15,151.432358,1456.270874,4.48402,405.417572,1258.638428,-0.321401,358.048492,1442.957275,149.166504
9.158,152.067093,1456.110718,4.520751,404.960724,1256.4646,-1.828759,358.381226,1440.904053,147.768204
9.167,152.932007,1455.907837,4.582628,404.28009,1254.240234,-3.3149,358.562134,1438.821533,146.429077
9.175,153.665985,1455.786865,4.477324,403.63031,1252.211304,-4.865595,358.849243,1436.658936,145.021988
9.183,154.167419,1455.594971,4.616572,402.973938,1250.021973,-6.386983,359.082764,1434.608276,143.680786
9.192,154.805283,1455.431641,4.662893,402.238037,1248.01001,-7.960715,359.274567,1432.493164,142.364151
9.2,155.523026,1455.24939,4.78499,401.588379,1245.959351,-9.372352,359.484192,1430.507324,141.05542
9.208,156.211197,1455.037109,4.813165,400.842896,1243.914185,-10.892421,359.696228,1428.390625,139.826675
9.217,156.876007,1454.800171,4.857486,400.133057,1242.049927,-11.999671,359.850464,1426.435547,138.538712
9.225,157.49855,1454.576416,4.839516,399.528839,1240.047729,-13.381142,359.994537,1424.340088,137.439392
9.233,158.157257,1454.267944,4.88807,398.6362,1238.162476,-14.840619,360.165283,1422.529419,136.229553
9.242,158.806808,1453.964722,4.898908,398.179932,1236.249146,-16.025579,360.294342,1420.442871,135.227478
9.25,159.500732,1453.708862,4.822453,397.543793,1234.498291,-17.437529,360.469757,1418.66272,134.134827
9.258,160.064682,1453.442505,4.790389,396.884979,1232.765259,-18.606325,360.605072,1416.723999,133.345062
9.267,160.697586,1453.164307,4.758812,396.127014,1231.350952,-19.777672,360.77832,1415.055786,132.340668
9.275,161.368561,1452.918457,4.728872,395.571136,1229.487793,-20.794546,360.937836,1413.145386,131.598434
9.283,161.894348,1452.648193,4.638377,394.947754,1227.938721,-21.863958,361.049072,1411.636963,130.764023
9.292,162.538239,1452.381958,4.592308,394.461761,1226.321411,-22.835152,361.210663,1409.927002,130.157104
9.3,163.073166,1452.109375,4.485101,393.947357,1224.7146,-23.801876,361.330261,1408.370239,129.394608
9.308,163.582382,1451.881592,4.393601,393.330048,1223.533447,-24.591257,361.45224,1406.804077,128.737259
9.317,164.088181,1451.662842,4.374629,392.957886,1222.126831,-25.395264,361.47937,1405.29895,128.113068
9.325,164.566238,1451.437622,4.3489,392.26001,1220.849609,-26.274916,361.554382,1403.890869,127.495079
9.333,165.041534,1451.217041,4.332758,391.608917,1219.381958,-27.001606,361.546387,1402.417969,126.932533
9.342,165.532425,1450.997437,4.280895,391.080505,1217.996704,-27.631874,361.590851,1401.038208,126.34581
9.35,166.016998,1450.749268,4.309261,390.59848,1216.662109,-28.305162,361.555267,1399.574829,125.792114
9.358,166.464417,1450.490356,4.395584,389.820404,1215.081421,-28.999521,361.521301,1398.156616,125.359375
9.367,166.96669,1450.228516,4.495206,389.174866,1213.657593,-29.556581,361.526947,1396.67041,124.811287
9.375,167.445328,1450.017334,4.603964,388.724518,1212.337158,-30.125458,361.43103,1395.248535,124.381172
9.383,167.875656,1449.748657,4.619796,387.880188,1210.714722,-30.694954,361.381195,1393.802124,123.900993
9.392,168.391663,1449.576294,4.660305,387.119781,1209.337891,-31.237677,361.264648,1392.355347,123.480042
9.4,168.838867,1449.453613,4.724967,386.250122,1207.827759,-31.706978,361.202789,1390.865845,123.119011
9.408,169.375824,1449.342773,4.815466,385.47934,1206.099609,-31.981438,361.108002,1389.421631,122.716057
9.417,169.927124,1449.193359,4.861236,384.566315,1204.712402,-32.623547,361.034698,1387.865723,122.386299
9.425,170.39801,1449.03186,4.954938,383.374786,1203.249512,-32.768536,360.84021,1386.393433,121.94989
9.433,170.810715,1448.916382,4.999998,382.482574,1201.688843,-33.329845,360.709808,1384.74353,121.765976
9.442,171.239655,1448.789673,5.096849,381.28479,1200.193359,-33.729794,360.634186,1383.216797,121.541779
9.45,171.70195,1448.601074,5.242238,380.293121,1198.646606,-34.229187,360.473663,1381.596558,121.308067
9.458,172.159653,1448.449951,5.423061,379.195404,1196.933228,-34.608589,360.369934,1379.986328,121.067581
9.467,172.718369,1448.328125,5.556774,378.099945,1195.421997,-34.883263,360.188507,1378.486206,120.853867
9.475,173.134705,1448.224243,5.676082,376.923096,1193.809326,-35.188866,359.98764,1376.911255,120.527412
9.483,173.521179,1448.135254,5.770826,375.894806,1192.054443,-35.428638,359.755219,1375.414917,120.264297
9.492,173.863449,1448.018555,5.847309,374.676849,1190.353638,-35.6591,359.4487,1373.834717,119.910957
9.5,174.222015,1447.846558,5.99716,373.273315,1188.875854,-35.872963,359.105499,1372.315552,119.606728
9.508,174.690598,1447.647827,6.160737,371.982941,1187.141724,-35.924366,358.689972,1370.68457,119.340591
9.517,175.16774,1447.483276,6.329238,370.376373,1185.464233,-36.130756,358.249512,1369.15918,119.001114
9.525,175.542648,1447.29895,6.443905,369.041534,1183.696289,-36.1619,357.76825,1367.611572,118.691071
9.533,175.926163,1447.191284,6.583822,367.613251,1181.860962,-36.315624,357.16922,1366.094482,118.320358
9.542,176.26387,1447.099243,6.74984,365.981934,1180.092041,-36.406315,356.53241,1364.446167,118.102417
9.55,176.651306,1447.030518,6.865228,364.640228,1178.392944,-36.277767,355.915741,1362.865234,117.754288
9.558,177.055466,1446.9729,7.040695,362.720154,1176.247192,-36.402225,355.231689,1361.161987,117.442657
9.567,177.447189,1446.904175,7.188705,360.834412,1174.187012,-36.361252,354.538422,1359.39856,117.087326
9.575,177.801315,1446.840942,7.32033,358.765472,1172.083862,-36.233295,353.590027,1357.561768,116.811295
9.583,178.212738,1446.75647,7.423729,356.537994,1169.749268,-36.082539,352.795197,1355.638428,116.552185
9.592,178.597046,1446.687378,7.529679,354.154022,1167.423218,-36.006111,351.96167,1353.547852,116.351204
9.6,179.025772,1446.597412,7.618496,351.568329,1165.095093,-35.874027,351.003632,1351.29895,116.262909
9.608,179.459167,1446.450684,7.775891,348.854706,1162.727295,-35.768826,349.957275,1349.089844,116.151169
9.617,179.897934,1446.305298,7.880208,346.145355,1160.484253,-35.767597,348.946167,1346.782593,116.073692
9.625,180.284592,1446.186646,8.053629,343.286591,1158.22583,-35.770931,347.935822,1344.31958,116.25325
9.633,180.628479,1446.052612,8.207302,340.452209,1156.091431,-35.841652,346.87616,1341.891235,116.429138
9.642,180.950119,1445.927856,8.370387,337.648651,1153.994995,-36.031567,345.837585,1339.52063,116.476196
9.65,181.288849,1445.812866,8.551389,334.816803,1151.903687,-36.224293,344.860229,1337.045044,116.649895
9.658,181.633911,1445.642944,8.785122,332.062683,1149.923584,-36.373177,343.902527,1334.470093,116.924637
9.667,181.993057,1445.515503,8.98157,329.375092,1147.998535,-36.579689,342.940796,1331.90271,117.359314
9.675,182.344742,1445.359009,9.159844,326.789948,1146.122803,-36.821751,341.967712,1329.360352,117.819221
9.683,182.669876,1445.192139,9.284046,324.270294,1144.314087,-37.068638,341.08667,1326.859985,118.217667
9.692,182.950607,1445.014648,9.407921,321.940857,1142.51709,-37.249062,340.241364,1324.259155,118.881721
9.7,183.267761,1444.841797,9.536183,319.662384,1140.825684,-37.436428,339.353912,1321.666382,119.498978
9.708,183.558945,1444.700439,9.600359,317.462036,1139.292725,-37.674435,338.51001,1319.079834,120.339256
9.717,183.857025,1444.510742,9.647143,315.399811,1137.870605,-37.983803,337.652527,1316.503906,121.253349
9.725,184.20192,1444.382568,9.800036,313.567688,1136.57019,-38.174541,336.855865,1313.995117,122.129684
9.733,184.521332,1444.23877,9.938643,311.854675,1135.427246,-38.518253,336.030029,1311.522949,123.194321
9.742,184.858154,1444.110107,10.060616,310.154907,1134.345215,-38.884285,335.135101,1309.270264,124.115921
9.75,185.162735,1443.976807,10.206518,308.712341,1133.375854,-39.157608,334.373474,1306.969727,125.08902
9.758,185.413147,1443.872559,10.358043,307.300568,1132.521484,-39.624165,333.534729,1304.831909,126.120972
9.767,185.626831,1443.774658,10.482785,306.135834,1131.666138,-39.78867,332.744385,1302.846558,127.170609
9.775,185.83902,1443.679199,10.594972,304.983246,1130.941406,-40.089684,331.847473,1300.940186,128.018188
9.783,186.049789,1443.559204,10.683594,303.962463,1130.220459,-40.231834,330.815399,1299.190796,128.944275
9.792,186.254089,1443.407715,10.764554,303.037537,1129.471191,-40.319721,329.826721,1297.51355,129.818466
9.8,186.5056,1443.260132,10.844703,302.088501,1128.844238,-40.43866,328.773102,1296.012329,130.735474
9.808,186.717056,1443.142822,10.920571,301.154053,1128.097778,-40.434696,327.803131,1294.470337,131.545288
9.817,186.941498,1443.049316,11.046585,300.345581,1127.523438,-40.531597,326.851959,1293.085571,132.530151
9.825,187.146271,1443.020752,11.142642,299.516876,1126.963257,-40.637096,325.711365,1291.792603,133.249878
9.833,187.314194,1443.001221,11.208757,298.486145,1126.332153,-40.765228,324.472961,1290.340088,133.892944
9.842,187.451096,1443.008423,11.217608,297.600708,1125.838379,-40.898277,323.521118,1289.187866,134.567261
9.85,187.601776,1442.988647,11.245033,296.46228,1125.161743,-40.915829,322.468353,1287.757812,135.202972
9.858,187.796707,1442.915039,11.281999,295.190277,1124.541138,-41.026814,321.445129,1286.533813,135.704147
9.867,187.96759,1442.81897,11.313519,293.78418,1123.798462,-40.939804,320.157227,1285.091553,136.23819
9.875,188.149918,1442.700806,11.289099,292.074158,1122.869873,-40.816715,319.039185,1283.868652,136.576584
9.883,188.358795,1442.523926,11.279907,290.486053,1121.935425,-40.492924,318.02002,1282.544434,137.171402
9.892,188.569504,1442.294556,11.239726,288.532318,1120.871948,-40.200054,316.897858,1281.327515,137.617813
9.9,188.86058,1441.961304,11.138671,286.543915,1119.741333,-39.60722,315.445282,1279.812012,138.214554
9.908,189.124084,1441.612671,11.04438,284.433289,1118.410522,-39.04797,314.086731,1278.611572,138.93895
9.917,189.427536,1441.249023,10.912017,282.413208,1117.202393,-38.296055,312.887299,1277.188599,139.804138
9.925,189.714798,1440.873657,10.795334,280.298004,1115.856812,-37.517075,311.331665,1275.773804,140.303375
9.933,189.996948,1440.524902,10.736354,278.293365,1114.537964,-36.682758,310.130493,1274.500366,141.178467
9.942,190.328537,1440.103271,10.603395,276.244873,1113.167114,-35.679909,308.830109,1273.176636,141.796555
9.95,190.72496,1439.615845,10.534028,274.422882,1111.820801,-34.635395,307.755066,1272.072266,142.71225
9.958,191.03447,1439.054077,10.539101,272.652405,1110.567749,-33.681202,306.516815,1271.003296,143.309692
9.967,191.401642,1438.488281,10.682002,271.178375,1109.292358,-32.703037,305.513214,1269.784912,144.124481
9.975,191.730362,1437.904297,10.881615,269.917755,1108.139404,-31.747219,304.418915,1268.809448,145.043396
9.983,192.014725,1437.387695,11.121709,268.667572,1107.057373,-30.814646,303.537964,1267.81665,146.021103
9.992,192.217453,1436.903198,11.334112,267.679535,1106.096069,-29.873701,302.524139,1266.964111,147.032104
10,192.345139,1436.484741,11.599665,266.860718,1105.27832,-28.989109,301.519562,1265.842773,147.961288
10.008,192.38562,1436.111206,11.902574,266.093018,1104.5625,-27.613462,300.580353,1265.040161,148.904129
10.017,192.355621,1435.775391,12.218754,265.638611,1104.024292,-27.019224,299.681854,1264.266602,149.890442
10.025,192.26178,1435.514282,12.502118,265.32547,1103.665283,-26.4842,298.831604,1263.549927,150.919022
10.033,192.145523,1435.324463,12.715311,265.132172,1103.432861,-26.093431,298.224487,1263.107056,151.699493
10.042,192.023483,1435.171387,12.892131,265.008484,1103.260864,-25.804464,297.673126,1262.781494,152.280548
10.05,191.926239,1435.101562,13.005449,264.916534,1103.149292,-25.626013,297.112915,1262.421143,152.766098
10.058,191.817322,1435.010498,13.116474,264.848267,1103.07959,-25.567249,296.635132,1262.136353,153.095428
10.067,191.722595,1434.956421,13.201577,264.807434,1103.033813,-25.566515,296.231476,1261.898682,153.358398
10.075,191.653168,1434.919189,13.22662,264.786377,1103.011475,-25.656672,295.858337,1261.712524,153.560287
10.083,191.597504,1434.873779,13.261328,264.769989,1103.011719,-25.820318,295.493011,1261.571777,153.646393
10.092,191.544632,1434.826782,13.304467,264.73288,1103.03479,-25.994795,295.217896,1261.427124,153.753784
10.1,191.496582,1434.775635,13.341111,264.708893,1103.045288,-26.192669,295.080414,1261.213623,153.631424
10.108,191.452606,1434.709351,13.342912,264.658386,1103.032959,-26.378515,295.004791,1261.119629,153.521271
10.117,191.403122,1434.636353,13.354595,264.599609,1103.016602,-26.561222,294.98114,1261.01123,153.384811
10.125,191.368515,1434.549683,13.332316,264.552124,1102.989258,-26.721834,295.00705,1260.925659,153.218124
10.133,191.329361,1434.462769,13.306856,264.512695,1102.960693,-26.84827,295.091736,1260.845703,153.030243
10.142,191.309448,1434.363892,13.273403,264.471893,1102.916748,-26.945185,295.277924,1260.805298,152.852921
10.15,191.283264,1434.25415,13.202061,264.625732,1102.932617,-27.651993,295.489502,1260.918091,152.740601
10.158,191.246887,1434.165405,13.130568,264.575623,1102.87146,-27.57296,295.851868,1260.893066,152.443466
10.167,191.213043,1434.053223,13.035191,264.591156,1102.83728,-27.556549,296.224274,1261.098633,152.353027
10.175,191.173447,1433.963135,12.960507,264.594818,1102.790405,-27.423004,296.731659,1261.307617,152.04866
10.183,191.119888,1433.828369,12.861871,264.404663,1102.681274,-26.563484,297.097778,1261.560303,151.889832
10.192,191.034668,1433.737671,12.788782,264.481689,1102.657959,-26.343172,297.493378,1261.891968,151.815262
10.2,190.951981,1433.639282,12.751424,264.56134,1102.636475,-25.975641,297.922028,1262.359985,151.643219
10.208,190.869812,1433.535156,12.709255,264.646637,1102.589966,-25.460003,298.248627,1262.75769,151.678589
10.217,190.773346,1433.451904,12.66473,264.792786,1102.552368,-24.834131,298.515472,1263.135498,151.78363
10.225,190.622711,1433.380859,12.625504,264.980042,1102.519165,-24.064726,298.751312,1263.723145,152.051422
10.233,190.503235,1433.305054,12.607185,265.195068,1102.495483,-23.231573,299.101837,1264.406006,152.086914
10.242,190.355957,1433.259277,12.569836,265.388824,1102.564819,-22.22645,299.331268,1265.303467,152.462173
10.25,190.214233,1433.225098,12.537388,265.558899,1102.634033,-21.091442,299.434387,1266.100708,152.625916
10.258,190.065338,1433.206543,12.514406,265.802643,1102.717896,-19.821121,299.611664,1267.002197,153.16153
10.267,189.931351,1433.21521,12.453892,266.08786,1102.797729,-18.376286,299.9617,1268.029419,153.495697
10.275,189.78537,1433.256958,12.386631,266.366608,1102.937378,-16.90983,300.092804,1269.304321,153.838852
10.283,189.615173,1433.307495,12.32497,266.729858,1103.126465,-15.187588,300.095306,1270.468994,154.434891
10.292,189.446518,1433.346924,12.252623,267.039764,1103.435181,-13.311052,300.520508,1272.038452,155.086899
10.3,189.266312,1433.365234,12.190805,267.526611,1103.695435,-11.279887,300.595184,1273.561035,155.722824
10.308,189.097412,1433.37854,12.113078,268.073059,1104.023438,-9.012317,300.926178,1275.408813,156.761551
10.317,188.874496,1433.380249,12.035033,268.806732,1104.466675,-6.752342,301.010834,1277.325439,157.703506
10.325,188.586121,1433.371216,11.952323,269.47348,1104.917725,-4.229873,301.147491,1279.200195,158.694061
10.333,188.303314,1433.365234,11.83862,270.421631,1105.508545,-1.59203,301.166779,1281.268799,159.567993
10.342,188.010193,1433.324219,11.71765,271.500824,1105.960205,1.222986,301.574982,1283.5271,160.622681
10.35,187.697418,1433.269409,11.529598,272.731598,1106.82251,4.298047,301.744324,1285.869385,161.901917
10.358,187.351608,1433.245117,11.381283,273.981445,1107.631592,7.351146,302.173218,1288.514038,163.060699
10.367,187.030746,1433.227905,11.241345,275.36557,1108.520142,10.679837,302.588837,1291.410645,164.244247
10.375,186.667236,1433.258545,11.059293,276.789734,1109.658813,14.190594,303.151428,1294.39502,165.699783
10.383,186.292328,1433.343018,10.786939,278.384766,1110.977539,17.768337,303.612305,1297.431274,166.972504
10.392,185.879013,1433.539307,10.488783,279.973358,1112.361206,21.430004,304.275085,1300.780029,168.220413
10.4,185.457764,1433.787598,10.192736,281.553436,1113.786011,25.245832,304.973541,1304.416016,169.50386
10.408,185.053818,1434.092041,9.931126,283.11438,1115.43689,29.172752,305.838684,1308.123291,170.560181
10.417,184.601318,1434.539795,9.65949,284.498047,1117.093994,33.327217,306.813965,1312.114868,171.446594
10.425,184.139191,1434.978516,9.372035,285.763,1118.901733,37.48362,307.533905,1316.162109,172.373428
10.433,183.696655,1435.426392,9.018193,286.729004,1120.766602,41.829327,308.162354,1320.230835,173.374054
10.442,183.228256,1436.081665,8.620253,287.47467,1122.680176,46.200523,308.436798,1324.230103,174.47963
10.45,182.644821,1436.780762,8.199661,288.112671,1124.702393,50.61779,308.609741,1328.28479,175.760468
10.458,182.300827,1437.07605,7.886844,288.642639,1126.935791,55.246998,308.611328,1332.470703,177.126495
10.467,181.810684,1437.477661,7.563064,289.116669,1129.136719,59.862026,308.206757,1336.547363,178.593765
10.475,181.252319,1437.897827,7.219959,289.628815,1131.510376,64.577187,307.772736,1340.824341,180.021881
10.483,180.708237,1438.314575,6.915897,289.992096,1134.05127,69.459526,307.170593,1345.206421,181.596329
10.492,180.232056,1438.66687,6.585379,290.514618,1136.241821,74.339958,306.396667,1349.568237,183.388107
10.5,179.534592,1439.096802,6.230147,291.007843,1139.015869,79.17009,305.757446,1354.069946,185.130371
10.508,178.985535,1439.511719,5.793996,291.381653,1141.881958,83.983551,305.245087,1358.526123,186.659653
10.517,178.449371,1439.990356,5.34949,291.832458,1144.904541,88.731766,304.676178,1363.214722,188.320496
10.525,177.982803,1440.463623,4.99934,292.309601,1148.155273,93.50708,304.245941,1367.814209,189.871964
10.533,177.447189,1440.924683,4.48442,292.915833,1151.41333,98.038124,303.771484,1372.606934,191.473587
10.542,176.909958,1441.354492,4.191543,293.536346,1154.9823,102.619781,303.417694,1377.419678,193.092529
10.55,176.292358,1441.812012,3.823005,294.327057,1158.691772,107.047836,303.019989,1382.231445,194.800537
10.558,175.677628,1442.381226,3.389954,295.202606,1162.694214,111.473801,302.931122,1387.212524,196.333054
10.567,174.99472,1442.981201,2.956816,296.140625,1166.709351,115.859222,302.47113,1392.270386,198.151871
10.575,174.318146,1443.637207,2.57336,297.793243,1170.51001,120.313057,302.304321,1397.351685,199.99173
10.583,173.59111,1444.262207,2.12452,298.837708,1175.00354,123.95993,301.895905,1402.567627,201.744568
10.592,172.740295,1444.909668,1.63178,299.972839,1179.555786,127.250267,301.747009,1407.80127,203.572342
10.6,172.094208,1445.515381,1.230498,301.124908,1184.175293,130.964767,301.433411,1413.245239,205.358444
10.608,171.34137,1446.228027,0.789935,302.212128,1188.845337,134.404312,301.198975,1418.597168,207.238358
10.617,170.546417,1446.913452,0.39528,303.426758,1193.885498,138.070206,300.861511,1424.100098,209.011475
10.625,169.807434,1447.577637,-0.12009,304.477417,1198.862915,141.551682,300.56366,1429.552734,210.759018
10.633,169.065048,1448.16394,-0.591678,305.509216,1203.853882,144.98317,300.275482,1435.203857,212.547913
10.642,168.332687,1448.831787,-1.060558,306.528259,1209.015991,148.228287,299.867462,1440.713989,214.486191
10.65,167.539368,1449.534546,-1.469635,307.446106,1214.283203,151.459244,299.599579,1446.620605,216.150894
10.658,166.720734,1450.168457,-2.054492,308.455109,1219.418213,154.266357,299.108093,1452.270874,218.216446
10.667,165.948578,1450.760986,-2.462634,309.446777,1224.959717,157.248505,298.740265,1458.011597,220.013947
10.675,165.138107,1451.42688,-2.910416,310.324188,1230.402222,160.026901,298.216888,1463.852295,221.698883
10.683,164.290359,1452.171753,-3.419032,311.251678,1235.422119,163.170258,297.80368,1469.712158,223.536606
10.692,163.45874,1452.917114,-4.031134,312.241241,1241.220093,165.387177,297.475861,1475.561157,225.289093
10.7,162.560623,1453.623169,-4.624553,313.064209,1246.640015,167.717133,297.200317,1481.517334,226.948395
10.708,161.626709,1454.262329,-4.993623,313.827332,1252.51001,169.904709,297.030579,1487.334961,228.522064
10.717,160.661682,1454.979736,-5.549037,314.651001,1258.167725,171.935455,296.758453,1493.360596,230.084473
10.725,159.826691,1455.781982,-6.132637,315.381683,1263.895752,173.701996,296.577393,1499.312378,231.675125
10.733,158.87561,1456.544678,-6.748115,316.165985,1269.755249,175.404144,296.184845,1505.258057,233.299362
10.742,157.839645,1457.276001,-7.291369,317.04776,1275.613525,176.89537,295.944183,1511.302979,235.052689
10.75,156.880951,1458.043213,-7.756383,317.733307,1281.599731,178.205231,295.677063,1517.379883,236.69046
10.758,155.785233,1458.748413,-8.264813,318.695862,1287.639404,179.441589,295.326996,1523.530762,238.294357
10.767,154.85376,1459.557983,-8.960496,319.526367,1293.722412,180.618744,295.161743,1529.609985,239.697601
10.775,153.785568,1460.352051,-9.670835,320.270691,1299.828125,181.574341,294.907654,1535.740234,241.060364
10.783,152.779984,1461.136597,-10.145101,321.046051,1306.025146,182.615479,294.86618,1541.97583,242.241226
10.792,151.718521,1461.825439,-10.854883,321.684021,1312.227173,183.451981,294.755157,1548.192505,243.426788
10.8,150.769592,1462.506714,-11.464437,322.115051,1318.213867,184.261215,294.635742,1554.30896,244.543488
10.808,149.635513,1463.289185,-12.150713,322.486298,1324.299438,184.982529,294.436035,1560.422607,245.764526
10.817,148.576935,1463.937378,-12.799253,322.878021,1330.441406,185.541962,294.070435,1566.453857,246.958618
10.825,147.495041,1464.608643,-13.460948,323.234863,1336.525391,186.04245,293.692535,1572.562134,248.249741
10.833,146.256912,1465.203979,-14.12832,323.48175,1342.56189,186.358459,293.176727,1578.623901,249.487427
10.842,145.06398,1465.765137,-14.879128,323.609192,1348.540649,186.570007,292.679443,1584.73291,250.817535
10.85,143.842728,1466.411377,-15.454004,323.816223,1354.743164,186.508133,292.222473,1590.77002,252.076538
10.858,142.458725,1467.037476,-16.13273,323.90036,1360.884399,186.481155,291.693359,1596.7771,253.216721
10.867,141.349609,1467.54834,-16.864906,323.972412,1366.90918,186.381516,291.226105,1602.786499,254.221085
10.875,139.935196,1468.091187,-17.464842,323.854095,1372.830688,186.125961,290.7146,1608.702759,255.170517
10.883,138.705124,1468.511963,-18.166546,323.740753,1378.611206,186.072113,290.218994,1614.581421,255.94223
10.892,137.418625,1469.015015,-18.803373,323.582123,1384.568481,185.690765,289.815002,1620.385498,256.798981
10.9,136.202362,1469.547485,-19.586899,323.359528,1390.455566,185.161163,289.338318,1626.109619,257.606323
10.908,135.065491,1470.042847,-20.227322,323.076294,1396.286011,184.569763,288.752808,1631.817993,258.423492
10.917,133.690201,1470.360718,-20.884937,322.65155,1401.880005,184.131287,288.075775,1637.467041,259.049438
10.925,132.433624,1470.692139,-21.61235,322.304626,1407.679321,183.255249,287.482727,1643.076294,259.915039
10.933,131.197433,1471.017578,-22.208269,321.938599,1413.529663,182.310074,286.934692,1648.596313,260.830444
10.942,129.861786,1471.304688,-22.90991,321.49054,1419.380371,181.289276,286.72467,1654.138672,261.607483
10.95,128.615189,1471.584473,-23.506737,321.128204,1425.226562,180.121262,286.223846,1659.659302,262.378815
10.958,127.245232,1471.827393,-24.298231,320.328003,1430.872803,179.02623,285.550262,1664.934082,263.229309
10.967,125.919373,1472.096802,-24.923269,319.846924,1436.536133,177.764664,284.897583,1670.185547,264.020874
10.975,124.631599,1472.293091,-25.643398,319.174133,1442.157715,176.356491,284.245636,1675.296753,264.897552
10.983,123.278099,1472.564209,-26.302776,318.391327,1447.750854,174.856064,283.582214,1680.37085,265.717865
10.992,121.983803,1472.765625,-26.932327,317.724487,1453.175903,173.380112,282.915436,1685.301392,266.530701
11,120.68856,1472.927612,-27.513655,316.700317,1458.430908,171.8582,282.103333,1690.074707,267.196564
11.008,119.332069,1473.018799,-28.025572,315.798065,1463.760376,170.31189,281.51297,1694.671509,267.848633
11.017,118.10128,1473.109375,-28.615967,314.756836,1468.870361,168.648865,280.908661,1699.263184,268.409393
11.025,116.793098,1473.183228,-29.136282,313.67395,1473.858643,166.928711,280.343781,1703.677124,269.050201
11.033,115.503044,1473.285645,-29.677143,312.464264,1478.818237,165.39151,279.626312,1707.914062,269.592926
11.042,114.389992,1473.359253,-30.273001,311.241791,1483.667969,163.607788,278.818146,1712.080078,270.277344
11.05,113.190979,1473.411987,-30.778526,309.963196,1488.453003,161.812927,278.311981,1716.135498,270.763336
11.058,111.946617,1473.473267,-31.267729,308.505859,1493.152832,160.044495,277.766052,1720.037231,271.235596
11.067,110.760674,1473.483398,-31.856436,307.073364,1497.714844,158.406952,277.359985,1723.811401,271.453003
11.075,109.675812,1473.53125,-32.249031,305.560089,1502.069458,156.658722,276.850372,1727.453491,271.568756
11.083,108.424911,1473.517944,-32.722233,303.891937,1506.229004,155.061371,276.531067,1731.022339,271.712067
11.092,107.288391,1473.474854,-33.145329,302.267853,1510.210083,153.467651,276.184723,1734.366577,271.78125
11.1,106.188446,1473.485962,-33.463341,300.462677,1513.951782,152.015335,275.821045,1737.612427,271.830658
11.108,105.144188,1473.500366,-33.851295,298.602417,1517.585693,150.537689,275.57196,1740.662964,272.009827
11.117,104.144569,1473.460571,-34.197468,296.805603,1520.998657,148.978546,275.090851,1743.436035,272.142303
11.125,103.181168,1473.453491,-34.572708,295.031738,1524.373291,147.582214,274.574036,1746.122437,272.244354
11.133,102.138939,1473.404053,-34.831425,293.239624,1527.667358,146.143921,274.172302,1748.701782,272.308014
11.142,101.122086,1473.398315,-35.132824,291.250122,1530.804688,144.855148,273.754059,1751.205811,272.423431
11.15,100.334145,1473.393555,-35.547089,289.470154,1533.877808,143.544067,273.452423,1753.612183,272.417664
11.158,99.341484,1473.37854,-35.944077,287.645508,1536.756714,142.195709,273.153076,1755.818604,272.503021
11.167,98.471375,1473.379395,-36.385674,285.767944,1539.528809,140.972,272.782043,1757.775024,272.534698
11.175,97.755829,1473.427856,-36.712009,283.954865,1542.170532,139.881973,272.372681,1759.7052,272.5849
11.183,97.075592,1473.514893,-37.033707,282.137299,1544.677979,138.850342,272.083679,1761.383057,272.709595
11.192,96.220856,1473.581177,-37.248219,280.414001,1547.125854,137.711624,271.885986,1762.974731,272.779816
11.2,95.516312,1473.648926,-37.613338,278.572937,1549.394653,136.778824,271.699585,1764.485474,272.839203
11.208,94.679565,1473.867432,-37.722263,276.751617,1551.557251,135.779617,271.624329,1765.856567,272.864838
11.217,93.994278,1474.017456,-38.049442,274.974548,1553.685791,134.821518,271.605011,1767.188965,272.868164
11.225,93.013885,1474.269043,-38.277462,273.30658,1555.702515,134.08194,271.769623,1768.39209,272.754578
11.233,92.326042,1474.351196,-38.549919,271.553497,1557.62207,133.317825,272.013336,1769.49231,272.589996
11.242,92.266541,1473.748901,-38.284916,269.972656,1559.382935,132.635284,272.230713,1770.526001,272.326782
11.25,91.685432,1473.845093,-38.263744,268.41745,1561.125122,131.917023,272.421875,1771.471069,271.986816
11.258,91.032806,1473.964233,-38.309471,267.00473,1562.610229,131.351257,272.539551,1772.326538,271.649323
11.267,90.490494,1474.104248,-38.448082,265.641296,1563.910767,130.847763,272.594177,1773.163208,271.325409
11.275,89.981987,1474.243286,-38.333405,264.468231,1565.001953,130.610947,272.543304,1773.891357,270.869476
11.283,89.553574,1474.34021,-38.254181,263.308228,1565.962769,130.40033,272.400055,1774.518921,270.607361
11.292,89.137146,1474.46106,-38.089558,262.480499,1566.507568,130.547607,272.127441,1775.043091,270.45639
11.3,88.787239,1474.601807,-37.953297,261.78418,1566.997803,130.770691,271.780792,1775.560425,270.379639
11.308,88.511208,1474.723022,-37.876572,261.13501,1567.323853,131.033371,271.428253,1775.963989,270.41745
11.317,88.300735,1474.856323,-37.684731,260.664703,1567.575195,131.367172,271.075653,1776.255615,270.468048
11.325,88.122559,1474.907959,-37.600395,260.300995,1567.738403,131.620834,270.715485,1776.503296,270.527954
11.333,87.972969,1474.981445,-37.556252,259.907684,1567.865356,131.828018,270.490143,1776.698486,270.569366
11.342,87.872269,1474.987305,-37.730179,259.632233,1567.905151,132.03418,270.360077,1776.773682,270.640717
11.35,87.821266,1475.005493,-37.738564,259.458832,1567.875122,132.188629,270.305206,1776.700684,270.79953
11.358,87.812637,1474.998291,-37.771271,259.364197,1567.786133,132.292099,270.38974,1776.504028,271.058441
11.367,87.867477,1474.993408,-37.794304,259.404449,1567.674805,132.351547,270.517853,1776.260498,271.279083
11.375,87.950272,1474.986328,-37.786148,259.454926,1567.455811,132.382645,270.730103,1775.991089,271.525574
11.383,88.089714,1474.990356,-37.651634,259.66803,1567.279907,132.409454,271.114471,1775.637817,271.787292
11.392,88.176331,1474.947266,-37.626392,260.077637,1567.032837,132.560822,271.602112,1775.206421,271.998047
11.4,88.291931,1474.920532,-37.584682,260.476532,1566.715454,132.612625,272.069458,1774.750977,272.295288
11.408,88.446594,1474.875122,-37.525299,260.966339,1566.375244,132.647552,272.5914,1774.28894,272.585419
11.417,88.614243,1474.829834,-37.457798,261.489807,1565.970947,132.726273,273.300751,1773.822388,272.872009
11.425,88.837509,1474.769897,-37.369984,262.0578,1565.506226,132.837204,274.178986,1773.251953,273.214386
11.433,89.059189,1474.706055,-37.327408,262.652649,1565.033081,132.935486,274.936951,1772.683105,273.469421
11.442,89.271889,1474.647461,-37.236774,263.224426,1564.553345,133.08165,275.751801,1772.134155,273.826294
11.45,89.488922,1474.605225,-37.111683,263.820923,1564.01709,133.16272,276.783875,1771.491577,274.168091
11.458,89.707779,1474.548462,-36.997322,264.510345,1563.46936,133.20195,277.553741,1770.740967,274.593292
11.467,89.93586,1474.499146,-36.827045,265.191467,1562.908691,133.355774,278.412994,1769.908447,275.054169
11.475,90.230515,1474.476562,-36.722649,265.877838,1562.308105,133.49707,279.432526,1769.174683,275.458282
11.483,90.51075,1474.455811,-36.596062,266.684509,1561.624878,133.693512,280.289215,1768.46167,275.829956
11.492,90.839859,1474.4646,-36.34367,267.52417,1560.935059,133.900116,280.998108,1767.746582,276.200287
11.5,91.130386,1474.391235,-36.269859,268.336578,1560.283447,134.147781,282.005035,1766.97998,276.738556
11.508,91.434525,1474.365967,-36.125118,269.223938,1559.614624,134.321991,282.783752,1766.314087,277.163879
11.517,91.797035,1474.302246,-35.977451,270.083191,1558.993408,134.437134,283.578552,1765.569702,277.655273
11.525,91.851097,1474.228394,-35.33226,270.925507,1558.250488,134.753708,284.548035,1764.86145,277.982758
11.533,92.174797,1474.142822,-35.198467,271.610168,1557.622559,134.865036,285.40802,1764.203491,278.222198
11.542,92.529823,1474.086914,-35.128212,272.393677,1556.873169,135.07991,286.036041,1763.438843,278.613556
11.55,92.833557,1473.994141,-35.042999,273.204468,1556.209229,135.295059,286.789429,1762.650757,278.944977
11.558,92.303917,1474.966553,-35.654442,273.905151,1555.484619,135.382233,287.565765,1761.869995,279.322754
11.567,93.07151,1474.291138,-35.48539,274.670746,1554.612061,135.540329,288.1521,1761.163086,279.55188
11.575,93.078346,1474.637939,-35.543823,275.638672,1553.707642,135.78157,288.546936,1760.284424,279.898254
11.583,93.606712,1474.251587,-35.034645,276.506012,1552.699097,136.002045,288.944305,1759.494995,280.207367
11.592,93.957619,1474.305786,-34.975513,277.453949,1551.632568,136.25914,289.398224,1758.758179,280.616333
11.6,94.557594,1474.061646,-34.697502,278.501587,1550.639404,136.507751,290.103699,1758.01062,280.965027
11.608,94.947632,1474.033569,-34.602745,279.40329,1549.654663,136.836411,290.460236,1757.243774,281.349365
11.617,95.424309,1473.790527,-34.435272,280.26178,1548.64209,137.175125,290.89859,1756.448853,281.700012
11.625,95.735687,1473.746338,-34.334476,281.138275,1547.694458,137.554977,291.330475,1755.532104,282.089844
11.633,96.263222,1473.517944,-34.356007,281.890778,1546.629883,137.959778,291.870972,1754.526245,282.402344
11.642,96.462982,1473.477417,-34.043842,282.731689,1545.482178,138.468384,292.234161,1753.523438,282.805725
11.65,96.806831,1473.270996,-33.869957,283.515045,1544.069946,139.128418,292.474518,1752.186646,283.254578
11.658,97.066475,1473.128784,-33.70472,284.348053,1542.394165,139.932571,292.475037,1750.805298,283.628601
11.667,97.350021,1472.951416,-33.457542,285.397583,1540.38916,140.736359,292.251678,1748.968018,284.20462
11.675,97.668938,1472.834229,-33.15678,286.72348,1538.012939,141.800476,291.86322,1746.997803,284.839264
11.683,98.107536,1472.637573,-32.87859,288.392578,1535.005981,142.967331,291.232147,1744.884521,285.484253
11.692,98.579376,1472.47168,-32.499203,290.349182,1531.428589,144.50264,290.393494,1742.501831,285.987366
11.7,99.086525,1472.356934,-31.979361,292.398438,1527.739014,145.899506,289.581573,1740.058594,286.32663
11.708,99.671356,1472.305664,-31.423952,294.482391,1524.001831,147.151627,288.73114,1737.45105,286.562286
11.717,100.120018,1472.203613,-30.998417,296.724945,1520.169312,148.326385,288.112793,1734.787476,286.494629
11.725,100.699654,1472.127197,-30.735031,299.261108,1516.068726,149.485336,287.531403,1731.968872,286.161438
11.733,101.513275,1472.136597,-30.293854,301.88913,1511.811401,150.693939,286.87262,1728.848755,285.655609
11.742,102.506226,1472.182983,-29.831968,304.471466,1507.353516,151.841415,286.221954,1725.471924,284.953918
11.75,103.534973,1472.192627,-29.366734,307.191254,1502.739014,152.830109,285.701843,1721.757812,284.097565
11.758,104.658257,1472.159424,-28.817364,309.929535,1497.925903,153.899826,285.132782,1717.790161,283.27536
11.767,105.825829,1472.057617,-28.166975,312.6922,1493.061401,154.80777,284.502777,1713.55249,282.395752
11.775,106.986908,1471.94458,-27.540319,315.452667,1487.990967,155.610336,283.693634,1709.122925,281.495422
11.783,108.155579,1471.755737,-26.861193,318.231873,1483.046143,156.237244,282.955658,1704.488281,280.536682
11.792,109.344009,1471.5448,-26.142889,320.928467,1477.901367,156.904739,282.34024,1699.707886,279.423492
11.8,110.497658,1471.3302,-25.384972,323.677887,1472.953491,157.261398,282.034332,1694.851685,278.162994
11.808,111.691864,1471.117432,-24.690222,326.308838,1467.82312,157.793747,281.832397,1689.798584,276.730164
11.817,112.95211,1470.929932,-24.026226,328.780701,1462.52771,158.260345,281.773315,1684.751465,275.223907
11.825,114.141525,1470.678101,-23.356844,331.12619,1457.187134,158.693878,281.913025,1679.473755,273.771271
11.833,115.40097,1470.379395,-22.593386,333.244354,1451.720825,159.046249,281.819611,1674.204834,272.378845
11.842,116.650932,1470.127563,-21.916775,335.170654,1446.235107,159.551224,281.901672,1668.864502,271.044067
11.85,117.975006,1469.845093,-21.187347,337.01947,1440.782715,159.779922,281.695831,1663.368774,269.787567
11.858,119.008797,1469.462646,-20.517241,338.675018,1435.160522,160.155838,281.75769,1657.811768,268.511261
11.867,120.246086,1469.084839,-19.846949,340.276978,1429.692383,160.362244,281.677917,1652.377441,267.222412
11.875,121.462402,1468.71167,-19.269936,341.570862,1424.032593,160.587173,281.706726,1646.751831,265.981079
11.883,122.602066,1468.35791,-18.660444,342.809387,1418.299805,160.921402,281.565735,1641.029297,264.723785
11.892,123.870308,1468.013916,-18.086487,343.943848,1412.506348,161.179718,281.669403,1635.219727,263.39743
11.9,125.060242,1467.651123,-17.543396,344.958435,1406.548096,161.571533,281.831268,1629.525879,262.443695
11.908,126.317039,1467.216309,-16.93927,345.552185,1400.452148,161.891846,281.619659,1623.629883,261.040192
11.917,127.583084,1466.795166,-16.26861,346.095062,1394.290161,162.302536,281.332306,1617.739624,259.872223
11.925,128.874786,1466.328857,-15.663815,346.414459,1388.134888,162.681,280.409119,1611.725708,258.199799
11.933,130.335556,1465.901489,-15.063054,346.638245,1381.984619,163.012085,280.076904,1605.871704,256.878143
11.942,131.6642,1465.381958,-14.565572,346.805298,1375.837769,163.306519,279.58075,1600.148315,255.570618
11.95,133.060699,1464.886597,-14.058482,346.876434,1369.729492,163.533722,279.168732,1594.251709,254.104828
11.958,134.483521,1464.443481,-13.523719,346.853241,1363.606445,163.631546,278.970886,1588.459351,252.6026
11.967,135.808823,1463.912476,-12.984589,346.805969,1357.534912,163.755066,278.424744,1582.486816,251.372849
11.975,137.188858,1463.400635,-12.419329,346.542389,1351.310669,163.72084,278.114807,1576.493042,250.047836
11.983,138.406448,1462.807007,-11.822234,346.164429,1345.098145,163.676819,277.585022,1570.482544,248.728165
11.992,139.687317,1462.155273,-11.311896,345.73053,1338.975098,163.414505,276.960999,1564.578369,247.43251
12,140.888794,1461.545654,-10.660054,345.421173,1332.990112,163.136673,276.307343,1558.651245,246.176727
12.008,141.867722,1460.914673,-10.073903,345.132172,1327.222046,162.574615,275.582855,1552.689575,244.668442
12.017,143.046539,1460.27002,-9.425118,344.846069,1321.655884,161.838211,274.904602,1546.991089,243.442032
12.025,144.023407,1459.727905,-8.819907,344.545044,1316.305054,160.749619,274.500641,1541.357666,242.271194
12.033,145.050369,1459.118652,-8.214326,344.372589,1310.938965,159.897537,274.289917,1535.771851,241.132919
12.042,145.939316,1458.45459,-7.643817,344.139862,1305.619385,159.044754,273.785095,1530.103271,240.072647
12.05,146.822342,1457.73645,-6.980147,343.947906,1300.411377,157.919724,273.391174,1524.612183,238.987061
12.058,147.632156,1456.964844,-6.22662,343.659424,1295.362305,156.71283,272.901459,1519.262939,238.035202
12.067,148.473068,1456.261841,-5.584629,343.475861,1290.396729,155.40329,272.256805,1513.9552,237.204651
12.075,149.349716,1455.545654,-5.008651,343.415527,1285.741821,154.048203,271.588654,1508.767944,236.390106
12.083,150.022171,1454.964966,-4.338529,343.437744,1281.302246,152.561371,271.048706,1503.745728,235.480118
12.092,150.799866,1454.354126,-3.611755,343.507477,1276.964111,151.136383,270.546021,1498.728271,234.658646
12.1,151.596375,1453.797485,-2.988801,343.599091,1272.672607,149.566284,270.001709,1493.993774,233.821625
12.108,152.255981,1453.280518,-2.458574,343.708527,1268.508789,147.955963,269.221252,1489.15271,232.739868
12.117,153.05629,1452.695801,-1.984708,343.763031,1264.388428,146.427917,268.610626,1484.515137,232.047729
12.125,153.840454,1452.122192,-1.485297,343.866455,1260.376221,144.799652,267.991699,1479.869141,231.125366
12.133,154.523499,1451.520264,-0.95064,343.845856,1256.363403,143.163269,267.323792,1475.35022,230.378326
12.142,155.295685,1450.827393,-0.356511,343.779205,1252.530273,141.506485,266.474426,1470.937622,229.48671
12.15,155.947571,1450.03064,0.187467,343.695984,1248.784546,139.767654,265.290955,1466.678833,228.102432
12.158,156.867325,1449.360229,0.479728,343.631897,1245.218628,138.271912,264.517395,1462.476196,226.967133
12.167,157.656418,1448.779175,0.822167,343.524109,1241.653442,136.576599,263.874908,1458.490601,225.79924
12.175,158.34166,1448.166382,1.26295,343.295868,1238.162842,134.889526,263.264709,1454.691406,224.637451
12.183,159.075897,1447.525635,1.631087,343.137573,1234.697388,133.226547,262.509033,1450.850586,223.45433
12.192,159.726517,1446.868408,2.110638,342.936584,1231.230347,131.501556,261.768738,1447.059082,222.449722
12.2,160.372696,1446.319336,2.365182,342.72226,1227.814453,129.7229,260.974091,1443.224243,221.398911
12.208,161.074768,1445.773315,2.509386,342.295288,1224.40564,127.930832,260.070618,1439.334717,220.332184
12.217,161.73938,1445.217407,2.848825,341.872833,1221.093872,126.183304,258.992645,1435.45813,219.177597
12.225,162.409027,1444.608032,3.14257,340.956512,1217.931396,124.125206,257.983002,1431.647095,218.272125
12.233,162.956238,1443.936768,3.435159,340.499603,1214.648071,122.310631,257.123169,1427.893066,217.325058
12.242,163.621811,1443.21228,3.799031,339.746368,1211.495239,120.236618,256.357147,1424.249878,216.29509
12.25,164.26123,1442.632812,4.070601,339.295746,1208.340332,118.450493,255.565231,1420.739258,215.365906
12.258,164.833572,1442.059814,4.288819,338.782196,1205.442505,116.63662,254.987961,1417.299683,214.484238
12.267,165.461655,1441.428467,4.582369,338.215607,1202.40979,114.783791,254.50647,1413.955688,213.586884
12.275,166.05365,1440.849243,4.873739,337.745728,1199.304321,112.860435,254.095856,1410.582397,212.792114
12.283,166.681625,1440.280884,5.210146,337.144409,1196.384644,110.841805,253.713104,1407.265015,211.927811
12.292,167.249817,1439.689331,5.54266,336.744324,1193.550049,108.969162,253.334763,1403.856567,211.021515
12.3,167.75444,1439.121948,5.843812,336.147766,1190.651611,106.811111,252.952362,1400.49292,210.04393
12.308,168.347641,1438.511475,6.221714,335.639465,1187.799683,104.61013,252.54866,1397.063965,209.138504
12.317,168.831024,1438.0354,6.513957,334.996155,1184.981934,102.281998,252.183136,1393.726685,208.281693
12.325,169.341309,1437.522095,6.745788,334.57077,1182.442993,100.162407,251.858627,1390.428223,207.51651
12.333,169.792542,1436.973389,7.044383,333.971039,1179.943848,97.767014,251.576691,1387.205688,206.77124
12.342,170.301315,1436.390015,7.423556,333.642944,1177.475586,95.554893,251.406876,1384.004272,206.0242
12.35,170.763138,1435.831299,7.596391,333.166321,1175.031982,93.103149,251.31691,1380.802246,205.210052
12.358,171.212265,1435.31604,7.90203,332.885376,1172.549805,90.698761,251.178329,1377.705933,204.395294
12.367,171.685928,1434.9104,8.103222,332.577606,1170.355347,88.272774,250.990982,1374.570312,203.531967
12.375,172.164612,1434.545166,8.327106,332.269562,1168.048218,85.637756,250.889984,1371.507935,202.703247
12.383,172.591309,1434.203003,8.586545,331.93808,1165.904175,82.948013,250.823502,1368.391235,201.819977
12.392,172.924194,1433.87207,8.885251,331.715973,1163.635742,80.254074,250.800186,1365.197388,200.887375
12.4,173.243301,1433.509399,9.25024,331.497803,1161.634155,77.402321,250.734955,1362.062866,199.981659
12.408,173.608292,1433.237061,9.45478,331.293762,1159.586548,74.539612,250.665817,1358.878418,199.086823
12.417,174.183685,1433.031372,9.667528,330.819946,1157.662109,71.507187,250.723511,1355.69519,198.135803
12.425,174.823181,1432.747559,9.895496,330.652069,1155.750977,68.494133,250.891449,1352.560181,197.123138
12.433,175.226898,1432.552734,10.159905,330.267609,1153.826172,65.4095,250.98053,1349.631714,196.084686
12.442,175.568634,1432.439209,10.362328,329.851501,1151.971802,62.225552,250.939362,1346.565308,195.006653
12.45,175.922379,1432.365723,10.552483,329.477631,1150.173218,58.97509,250.908279,1343.448364,193.903931
12.458,176.292374,1432.282471,10.805913,328.8591,1148.39624,55.630165,250.809906,1340.36853,192.688889
12.467,176.679855,1432.224609,11.090152,328.213135,1146.638306,52.229702,250.516052,1337.232666,191.44841
12.475,177.03566,1432.171997,11.396434,327.308868,1145.061523,48.968117,250.12764,1334.106079,190.046982
12.483,177.327087,1432.09314,11.598278,326.544464,1143.482666,45.595158,249.822021,1331.082642,188.700699
12.492,177.613953,1431.981323,11.812451,325.670593,1141.81958,42.183617,249.62326,1328.071411,187.36586
12.5,177.983292,1431.813232,12.033726,324.675812,1140.167114,38.809788,249.548172,1325.086548,186.062424
12.508,178.34584,1431.635986,12.277555,323.687683,1138.484863,35.510738,249.446014,1322.223389,184.754654
12.517,178.743057,1431.443237,12.504036,322.729126,1136.878906,32.307331,249.302948,1319.470581,183.420822
12.525,179.116928,1431.23877,12.755411,321.712036,1135.271118,29.070261,249.15889,1316.664917,182.176346
12.533,179.43103,1431.070679,12.924368,320.633057,1133.756836,25.815294,248.985001,1313.867798,180.824066
12.542,179.765045,1430.949829,13.040216,319.488861,1132.250488,22.518993,248.864243,1311.014038,179.498932
12.55,180.108643,1430.782471,13.21834,318.305267,1130.85083,19.258249,248.723114,1308.410645,178.237915
12.558,180.399017,1430.844971,13.276391,317.015717,1129.441528,16.025635,248.560928,1305.690552,176.866211
12.567,180.674744,1430.610352,13.432386,315.712494,1128.128174,12.786433,248.462357,1302.97998,175.51535
12.575,181.053604,1430.25708,13.6941,314.432068,1126.805908,9.538691,248.403183,1300.46106,174.217941
12.583,181.491257,1430.057617,13.805031,313.134491,1125.534302,6.239533,248.409882,1297.812378,172.968002
12.592,181.864136,1429.913696,13.85539,311.844818,1124.374634,2.989003,248.499496,1295.239746,171.782166
12.6,182.218903,1429.767334,13.931789,310.46994,1123.322632,-0.238267,248.485031,1292.726562,170.452225
12.608,182.552063,1429.672729,14.001267,309.132385,1122.300903,-3.586988,248.464905,1290.194336,169.177979
12.617,182.84845,1429.598999,14.056511,307.808136,1121.359131,-6.7188,248.493256,1287.699585,167.969055
12.625,183.161697,1429.514282,14.129221,306.626373,1120.56311,-10.011225,248.50386,1285.230347,166.588409
12.633,183.487427,1429.454224,14.185437,305.265869,1119.694458,-13.343946,248.534927,1282.730591,165.384308
12.642,183.805801,1429.385254,14.256466,304.054962,1118.966064,-16.515856,248.521927,1280.448364,164.104965
12.65,184.151657,1429.320312,14.291466,302.930695,1118.302856,-19.755259,248.560104,1278.15979,162.85907
12.658,184.509872,1429.283325,14.291037,301.864227,1117.907227,-22.929373,248.579834,1275.869751,161.518784
12.667,184.838837,1429.265381,14.23529,300.727844,1117.303833,-26.416004,248.689087,1273.750977,160.199478
12.675,185.137436,1429.238525,14.195104,299.566315,1116.807861,-29.505424,248.697296,1271.481201,158.81633
12.683,185.438171,1429.218872,14.165084,298.427155,1116.431274,-32.655712,248.735748,1269.425903,157.474548
12.692,185.724457,1429.212646,14.149714,297.318024,1116.047607,-35.746277,248.833344,1267.351929,156.140762
12.7,186.032883,1429.197632,14.144469,296.109833,1115.727051,-38.77367,248.855972,1265.359497,154.81572
12.708,186.350967,1429.189087,14.141525,295.027008,1115.469727,-41.841175,249.041122,1263.356934,153.538498
12.717,186.678726,1429.191406,14.102801,293.87326,1115.314575,-44.867462,249.080978,1261.38855,152.250107
12.725,187.000259,1429.230591,14.011649,292.696808,1115.057129,-47.734074,249.126419,1259.490479,150.913544
12.733,187.341217,1429.31604,13.885345,291.527222,1114.986694,-50.7117,249.058716,1257.560791,149.499069
12.742,187.682739,1429.386963,13.757325,290.26944,1114.843994,-53.592022,248.92543,1255.668701,148.119949
12.75,188.072617,1429.485474,13.596289,288.991608,1114.77356,-56.494095,248.833023,1253.79895,146.778885
12.758,188.416031,1429.591187,13.446092,287.725128,1114.724121,-59.437469,248.739594,1251.808472,145.503632
12.767,188.725266,1429.684082,13.350394,286.286377,1114.72998,-62.293331,248.656128,1249.968506,144.178146
12.775,189.049942,1429.781128,13.23784,284.830719,1114.730347,-65.280418,248.46524,1247.851318,142.757751
12.783,189.340286,1429.841309,13.168347,283.442535,1114.76062,-68.172127,248.246201,1246.092407,141.416412
12.792,189.628281,1429.863403,13.094344,282.018097,1114.850342,-70.944794,247.985352,1244.034546,140.113113
12.8,189.948059,1429.879517,13.012557,280.576599,1114.932861,-73.776443,247.71225,1242.223389,138.741547
12.808,190.298813,1429.887329,12.956632,279.15564,1115.01123,-76.474365,247.467316,1240.20752,137.403244
12.817,190.619278,1429.878174,12.885703,277.872009,1115.13147,-79.171417,247.116226,1238.5177,136.007172
12.825,190.956741,1429.871582,12.791443,276.621307,1115.279053,-81.742409,246.953384,1236.60083,134.698288
12.833,191.291122,1429.842651,12.661806,275.359436,1115.421265,-84.28511,246.642166,1234.941162,133.540665
12.842,191.625443,1429.821167,12.565327,274.194397,1115.632812,-86.74929,246.525131,1233.276611,132.255814
12.85,191.892502,1429.79895,12.522885,273.105316,1115.870361,-89.066803,246.315674,1231.511963,131.139725
12.858,192.120956,1429.76062,12.488927,272.040527,1116.124878,-91.436531,246.192841,1230.122559,129.877579
12.867,192.355484,1429.732056,12.464029,270.837952,1116.421387,-93.707878,246.031586,1228.549927,128.670303
12.875,192.60289,1429.727417,12.446061,269.594818,1116.740601,-95.969818,245.947266,1227.0802,127.314034
12.883,192.824051,1429.70874,12.453588,268.436401,1116.997314,-98.033722,245.87262,1225.855103,126.234695
12.892,193.076859,1429.692871,12.481183,267.337616,1117.310181,-100.094147,245.72644,1224.543945,125.044479
12.9,193.377396,1429.638184,12.51865,266.156555,1117.552124,-102.010872,245.602585,1223.338135,123.918289
12.908,193.64827,1429.601318,12.525663,264.966217,1117.820923,-103.832077,245.44223,1222.327881,122.913918
12.917,193.935699,1429.571533,12.579958,263.917389,1118.070679,-105.510384,245.268265,1221.321411,121.851974
12.925,194.171295,1429.545776,12.543166,262.884613,1118.226685,-107.052574,245.177643,1220.352661,120.989304
12.933,194.382034,1429.501099,12.509769,261.936066,1118.396606,-108.467262,245.028397,1219.392578,120.129105
12.942,194.596405,1429.458252,12.398509,261.182495,1118.623291,-109.739182,244.897034,1218.496704,119.410683
12.95,194.759003,1429.420532,12.322892,260.37323,1118.75647,-110.958473,244.868652,1217.841553,118.80262
12.958,194.92392,1429.381104,12.188758,259.710815,1118.873291,-111.936798,244.87146,1217.181763,118.169113
12.967,195.042496,1429.321777,12.070985,259.206604,1118.976685,-112.778427,244.907379,1216.475586,117.652763
12.975,195.153152,1429.253906,11.906919,258.709808,1119.049683,-113.592102,244.936981,1215.807739,117.232872
12.983,195.239258,1429.191162,11.722438,258.365509,1119.134521,-114.245842,245.018661,1215.203491,116.896126
12.992,195.301361,1429.135498,11.580776,258.180756,1119.138428,-114.647865,245.248734,1214.794678,116.662857
13,195.355499,1429.088501,11.434332,258.112091,1119.138428,-114.914505,245.478287,1214.534058,116.483063
13.008,195.371597,1429.03833,11.295234,258.150085,1119.113159,-115.024376,245.726379,1214.388794,116.354469
13.017,195.386475,1429.01355,11.165013,258.262756,1119.063354,-114.965004,245.978775,1214.354126,116.297485
13.025,195.375763,1429.003052,11.055661,258.519073,1119.001343,-114.761566,246.341843,1214.573486,116.476234
13.033,195.343842,1429.026367,10.932823,258.890106,1118.917847,-114.398155,246.763611,1214.888306,116.687195
13.042,195.304306,1429.0625,10.836259,259.444275,1118.764771,-113.797539,247.304199,1215.429688,117.105515
13.05,195.236252,1429.133057,10.715345,260.070435,1118.672607,-113.030075,247.8927,1216.148193,117.510239
13.058,195.184326,1429.235352,10.609547,260.725952,1118.547485,-112.207253,248.504395,1216.837402,118.020302
13.067,195.089447,1429.343506,10.50776,261.615082,1118.42627,-111.090858,249.064667,1217.662231,118.631325
13.075,194.97287,1429.485474,10.389151,262.461426,1118.36145,-109.975838,249.817902,1218.666626,119.353737
13.083,194.844482,1429.663818,10.272374,263.584717,1118.210083,-108.60215,250.700684,1219.834106,120.085121
13.092,194.639709,1429.885986,10.139009,264.695282,1118.163574,-107.185066,251.49292,1221.089722,120.980026
13.1,194.478683,1430.114868,10.021322,265.815338,1118.057251,-105.669548,252.128601,1222.352783,121.758148
13.108,194.310791,1430.366211,9.878154,267.068146,1117.996826,-104.042892,252.871658,1223.896606,122.814049
13.117,194.176987,1430.608521,9.785751,268.297699,1117.963135,-102.42012,253.756546,1225.25769,123.764
13.125,194.062424,1430.85498,9.780924,269.512878,1117.962036,-100.813782,254.442184,1226.705566,124.690491
13.133,193.946838,1431.088501,9.816155,270.669617,1118.010254,-99.086189,255.156219,1228.105957,125.767784
13.142,193.849243,1431.307495,9.853742,271.845917,1118.069336,-97.460808,255.908096,1229.437622,126.690285
13.15,193.740234,1431.501709,9.954442,272.930664,1118.145142,-95.904015,256.77887,1230.724121,127.807098
13.158,193.602829,1431.663818,10.076951,274.129883,1118.324219,-94.28698,257.511902,1232.01123,128.722549
13.167,193.456451,1431.827881,10.237629,275.25589,1118.444458,-92.70211,258.091705,1233.016724,129.578751
13.175,193.312134,1431.97168,10.384737,276.329803,1118.603638,-91.181023,258.878235,1234.314697,130.71315
13.183,193.127472,1432.149536,10.560515,277.560364,1118.697388,-89.556877,259.60257,1235.393555,131.68512
13.192,192.934433,1432.271484,10.723093,278.721924,1118.822632,-88.088768,260.175568,1236.383789,132.740784
13.2,192.736862,1432.350098,10.879178,279.845154,1118.945801,-86.558708,260.678345,1237.457031,133.754929
13.208,192.549561,1432.40271,11.009355,281.034943,1119.108765,-85.025299,261.218292,1238.414673,134.717743
13.217,192.374649,1432.393311,11.187746,282.210999,1119.200684,-83.459694,261.772827,1239.462646,135.859238
13.225,192.180344,1432.334106,11.328654,283.336975,1119.279175,-81.894447,262.218414,1240.359009,136.878891
13.233,192.017746,1432.271484,11.506086,284.616791,1119.341553,-80.17321,262.572754,1241.254272,137.956924
13.242,191.796982,1432.198975,11.686981,285.888855,1119.504395,-78.556412,262.92627,1242.141602,138.923203
13.25,191.599167,1432.119629,11.816851,287.204437,1119.644897,-76.845192,263.274872,1243.230469,140.201416
13.258,191.380264,1432.029419,11.999795,288.54303,1119.874878,-75.076309,263.523682,1244.2677,141.401993
13.267,191.127472,1431.944824,12.098129,289.92157,1120.036499,-73.171265,263.95105,1245.277466,142.767502
13.275,190.878464,1431.905884,12.180942,291.355469,1120.304077,-71.201897,264.307007,1246.423462,143.970169
13.283,190.584244,1431.884521,12.280449,292.796692,1120.579346,-69.159912,264.622864,1247.724731,145.23468
13.292,190.308884,1431.885498,12.417386,294.266327,1120.979614,-67.080872,264.86911,1249.010986,146.722595
13.3,189.979462,1431.895142,12.591421,295.857178,1121.419434,-64.870445,265.242462,1250.420654,148.099136
13.308,189.660294,1431.984375,12.700529,297.428009,1121.978394,-62.587185,265.601685,1252.037842,149.481415
13.317,189.311493,1432.144165,12.752975,299.130096,1122.530884,-60.154732,266.163483,1253.718506,151.182831
13.325,188.997375,1432.335938,12.770835,300.773651,1123.193604,-57.712807,266.573334,1255.551636,152.648987
13.333,188.694199,1432.536743,12.803507,302.62326,1123.882812,-55.213978,266.96286,1257.480713,154.143509
13.342,188.360184,1432.789429,12.77313,304.430695,1124.689941,-52.589504,267.51178,1259.601318,155.707001
13.35,188.018997,1433.089478,12.762336,306.385284,1125.579102,-49.893799,268.081268,1261.772339,157.439209
13.358,187.681229,1433.404053,12.69573,308.315704,1126.43457,-47.046791,268.651245,1264.21521,159.026917
13.367,187.335617,1433.701172,12.623276,310.362305,1127.527344,-44.180397,269.14212,1266.544556,160.628937
13.375,186.989487,1434.089722,12.621079,312.443756,1128.702393,-41.254795,269.533966,1269.193726,162.243439
13.383,186.616119,1434.454834,12.576816,314.559296,1129.977051,-38.218044,270.165741,1271.88855,163.909637
13.392,186.176361,1434.825806,12.482245,316.771515,1131.394165,-35.111584,270.767395,1274.715332,165.728653
13.4,185.721268,1435.18811,12.419402,319.127808,1132.786743,-31.836592,271.298065,1277.5979,167.547852
13.408,185.292969,1435.591309,12.269343,321.420227,1134.442261,-28.603226,271.780792,1280.655151,169.276871
13.417,184.858032,1436.012085,11.984368,323.787445,1136.123535,-25.238752,272.499725,1283.846436,171.147034
13.425,184.414612,1436.538086,11.844247,326.192047,1137.930664,-21.742325,273.177582,1287.183472,172.990082
13.433,183.907135,1437.037842,11.626483,328.605621,1139.95813,-18.247406,273.742493,1290.638428,174.849319
13.442,183.383621,1437.472046,11.455533,331.013977,1141.983154,-14.686853,274.294067,1294.237915,176.848648
13.45,182.835266,1438.003906,11.17418,333.509003,1144.273804,-10.568528,275.057068,1297.936035,178.884933
13.458,182.302673,1438.475464,10.997423,335.971283,1146.665771,-6.816137,275.717987,1301.775146,180.913879
13.467,181.835358,1438.985474,10.85312,338.56308,1149.272095,-2.892714,276.272461,1305.726562,182.956818
13.475,181.248672,1439.499146,10.555237,341.135315,1152.110229,0.959712,276.880341,1309.76123,185.038651
13.483,180.597122,1440.000122,10.214614,343.843964,1154.970703,5.003157,277.745819,1313.935059,187.302322
13.492,179.854034,1440.696655,9.84053,346.456696,1158.075562,8.913013,278.500824,1318.187622,189.658234
13.5,179.31514,1441.441895,9.29367,349.190491,1161.364014,12.919735,279.23645,1322.528931,192.078247
13.508,178.813843,1441.844482,9.150583,351.71582,1164.922363,17.021694,280.02652,1326.971069,194.614273
13.517,178.124863,1442.475342,8.67155,354.413452,1168.304321,21.045698,280.792755,1331.48938,197.19754
13.525,177.510651,1443.072144,8.326474,357.0737,1172.11438,25.091019,281.525116,1335.916992,199.780884
13.533,176.795593,1443.650757,8.012749,359.575867,1175.822998,29.213964,282.430206,1340.588623,202.511627
13.542,176.146072,1444.285522,7.518747,362.084106,1179.968628,33.124729,283.113281,1345.208862,205.167404
13.55,175.519745,1444.974609,7.180122,364.686676,1184.047119,37.141216,283.682556,1349.775513,207.853104
13.558,174.804489,1445.682251,6.685442,366.992065,1188.270508,41.022064,284.383453,1354.401489,210.598007
13.567,174.045853,1446.315308,6.226454,369.657104,1192.494385,44.635494,284.948853,1359.113892,213.431183
13.575,173.32843,1446.967041,5.795906,371.897491,1196.953369,48.398235,285.494934,1363.840698,216.233246
13.583,172.665482,1447.669067,5.478823,374.006866,1201.464844,52.09903,286.271454,1368.54248,219.044098
13.592,171.819687,1448.381348,5.01067,376.036957,1206.169189,55.726486,286.966309,1373.343506,221.928482
13.6,171.125839,1449.08313,4.616695,377.857605,1210.730591,59.15855,287.626312,1378.2771,224.909561
13.608,170.46405,1449.800293,4.228776,379.702728,1215.518433,62.558838,288.458527,1383.116089,227.815918
13.617,169.677704,1450.555786,3.775012,381.410156,1220.424438,66.01017,289.133606,1387.975342,230.543564
13.625,168.871307,1451.173584,3.486111,383.095459,1225.334839,69.199913,289.716919,1392.846313,233.455841
13.633,168.072128,1451.782593,3.138069,384.63269,1230.226074,72.35199,290.266205,1397.620728,236.171646
13.642,167.330444,1452.431641,2.645083,386.183441,1235.265747,75.330223,290.568207,1402.539307,238.879654
13.65,166.43306,1453.088501,2.29024,387.474487,1240.211182,78.33638,290.849609,1407.255249,241.394638
13.658,165.591202,1453.773926,1.789533,388.755707,1245.163696,81.194054,290.964294,1412.025635,244.042343
13.667,164.786636,1454.400513,1.339554,390.024841,1250.150269,83.943298,291.163239,1416.797607,246.595169
13.675,164.054321,1454.939453,1.006703,391.099731,1255.100342,86.562096,291.459076,1421.463379,249.002838
13.683,163.137589,1455.533813,0.638326,391.955719,1260.056519,88.989281,291.69101,1426.351685,251.443893
13.692,162.19194,1456.105835,0.31481,392.944672,1264.889038,91.477936,291.700256,1430.964111,253.767792
13.7,161.478836,1456.695923,-0.092374,393.773346,1269.691772,93.744316,291.827179,1435.480103,256.02182
13.708,160.593811,1457.276367,-0.599866,394.493195,1274.432617,95.943176,291.808594,1440.060913,258.183105
13.717,159.806793,1457.787354,-0.947097,395.00946,1279.064331,98.033005,291.886505,1444.508179,260.302307
13.725,158.944138,1458.358276,-1.107391,395.514557,1283.648315,100.05883,291.948883,1448.963989,262.308716
13.733,158.135056,1458.829956,-1.458667,395.844727,1288.230713,101.862175,291.787781,1453.424194,264.231903
13.742,157.285843,1459.272827,-1.76093,396.179108,1292.607178,103.748192,291.864899,1457.674194,266.167358
13.75,156.382523,1459.629395,-1.963378,396.392639,1296.948242,105.490677,291.827606,1461.933838,268.026947
13.758,155.557877,1460.033569,-2.322234,396.574402,1301.230347,107.146759,291.727112,1466.207031,269.849243
13.767,154.84227,1460.454956,-2.643864,396.689728,1305.470459,108.727303,291.699066,1470.363281,271.507538
13.775,153.928131,1460.944092,-2.938298,396.734619,1309.704468,110.19828,291.699524,1474.505493,273.15567
13.783,153.026703,1461.386841,-3.296164,396.70166,1313.71814,111.744751,291.667145,1478.607056,274.755096
13.792,152.271103,1461.790405,-3.538992,396.646118,1317.804321,113.07563,291.823364,1482.815796,276.464661
13.8,151.443924,1462.125244,-3.802335,396.52298,1321.826416,114.339165,291.8591,1486.933228,278.285736
13.808,150.514755,1462.515137,-4.154263,396.328613,1325.804565,115.552094,291.826843,1490.825195,279.752899
13.817,149.629761,1462.809204,-4.387698,396.163116,1329.742798,116.699608,291.861542,1494.814087,281.175537
13.825,148.849136,1463.080811,-4.676402,395.910492,1333.620972,117.791611,291.846527,1498.789429,282.59494
13.833,148.000336,1463.399658,-5.039495,395.585052,1337.444458,118.872238,292.002289,1502.86792,284.095001
13.842,147.106018,1463.740234,-5.300565,395.231415,1341.238281,119.943237,292.058472,1506.660889,285.622955
13.85,146.205826,1464.058716,-5.618097,394.884613,1345.00354,120.89238,292.036652,1510.373291,287.013275
13.858,145.479187,1464.357178,-5.931843,394.502502,1348.759766,121.834389,291.926788,1514.127441,288.463226
13.867,144.667923,1464.680298,-6.241111,394.100006,1352.473755,122.730415,291.992218,1517.791016,289.809784
13.875,143.756866,1464.938843,-6.588812,393.676208,1356.187256,123.561691,291.981384,1521.428589,291.22406
13.883,143.009186,1465.245728,-6.829959,393.151978,1359.808594,124.334793,291.775482,1525.065186,292.387024
13.892,142.235657,1465.471924,-6.952707,392.696289,1363.43335,125.221191,292.031708,1528.675171,293.847809
13.9,141.394257,1465.671387,-7.278226,392.176056,1367.020264,125.870239,292.138885,1532.266602,295.127411
13.908,140.603714,1465.892944,-7.503253,391.643463,1370.505981,126.639885,292.199493,1535.962402,296.389282
13.917,139.870712,1466.151367,-7.764485,391.11438,1374.016479,127.382751,292.323792,1539.557007,297.694855
13.925,139.187744,1466.380737,-8.043696,390.556335,1377.466309,128.01825,292.550446,1543.189575,298.895325
13.933,138.4505,1466.605103,-8.321267,389.994415,1380.945923,128.581589,292.639404,1546.773315,299.992249
13.942,137.731293,1466.795776,-8.453439,389.401428,1384.378296,129.137939,292.745972,1550.336182,301.130219
13.95,136.933731,1466.973755,-8.591763,388.782135,1387.773682,129.661972,292.898804,1553.830566,302.1716
13.958,136.137054,1467.151855,-8.814186,388.162506,1391.182861,130.091171,293.006592,1557.25415,303.116211
13.967,135.447784,1467.32666,-9.018986,387.485962,1394.432983,130.566483,293.160919,1560.661499,304.052338
13.975,134.682251,1467.508301,-9.213543,386.80835,1397.696533,131.000595,293.155273,1564.094727,304.903778
13.983,133.877365,1467.66394,-9.424413,386.121887,1400.961548,131.27298,293.392365,1567.460449,305.814453
13.992,133.110199,1467.827026,-9.608339,385.433167,1404.15332,131.554504,293.613098,1570.819458,306.683594
14,132.43927,1467.953979,-9.745084,384.689545,1407.340698,131.835342,293.819824,1574.143066,307.515106
14.008,131.682022,1468.11499,-9.937779,384.010223,1410.456909,132.137878,294.174042,1577.460205,308.401703
14.017,130.918594,1468.274292,-10.174536,385.13623,1412.98877,132.77449,294.38385,1580.79895,309.248352
14.025,130.197433,1468.420044,-10.332431,382.411255,1416.625854,132.567368,294.659821,1583.92395,310.038086
14.033,129.542068,1468.593872,-10.509675,382.544922,1419.434692,132.839294,294.902161,1587.052734,310.814697
14.042,128.830154,1468.727051,-10.729832,382.150482,1422.380493,133.001007,295.437836,1590.276123,311.957245
14.05,128.153336,1468.835571,-10.938288,381.17395,1425.252075,133.087128,295.629608,1593.269653,312.77594
14.058,127.484474,1469.000854,-11.113026,380.587097,1428.187744,133.157928,295.805725,1596.260498,313.15036
14.067,126.845512,1469.175293,-11.293452,379.511597,1431.098145,133.18428,296.065247,1599.17688,313.770844
14.075,126.202316,1469.321777,-11.488349,378.905823,1433.72644,133.23819,296.376526,1602.121582,314.614807
14.083,125.550316,1469.447998,-11.676149,377.772308,1436.588501,133.221359,296.652374,1604.97583,315.118439
14.092,124.948463,1469.570679,-11.790382,377.229126,1439.262329,133.221725,296.89212,1607.79834,315.403503
14.1,124.362305,1469.718994,-11.90386,375.999084,1442.064087,133.098404,297.082336,1610.630005,315.730835
14.108,123.725418,1469.861206,-12.111902,375.688263,1444.63501,133.024231,297.295837,1613.414185,316.098419
14.117,123.094086,1469.999878,-12.250099,374.235535,1447.39563,132.89032,297.514801,1616.211792,316.43866
14.125,122.50412,1470.121216,-12.403231,374.015167,1449.813721,132.854324,297.828979,1618.981567,316.729584
14.133,121.888062,1470.22876,-12.52143,372.332428,1452.394287,132.76355,298.193298,1621.778076,317.046448
14.142,121.28582,1470.37915,-12.640676,372.071655,1454.744507,132.705185,298.402161,1624.495361,317.093048
14.15,120.606483,1470.498901,-12.789238,370.48999,1457.338867,132.478546,298.766327,1627.224121,317.379059
14.158,120.031914,1470.644653,-12.910539,370.126068,1459.72229,132.354858,298.988342,1629.895386,317.619019
14.167,119.455719,1470.746338,-13.049652,368.623169,1462.207397,132.166626,299.137756,1632.404907,317.903503
14.175,118.7967,1470.825928,-13.27261,367.85199,1464.555298,132.021255,299.151886,1634.906128,318.101135
14.183,118.139969,1470.895508,-13.500954,366.664703,1466.905762,131.977463,299.293243,1637.429321,318.312897
14.192,117.527397,1470.990112,-13.635003,365.766479,1469.232666,131.721527,299.365662,1639.922119,318.501404
14.2,117.007492,1471.080688,-13.708021,364.724274,1471.460083,131.63385,299.382446,1642.333008,318.704926
14.208,116.422882,1471.104248,-13.859014,363.659058,1473.651978,131.527832,299.335175,1644.718018,318.835419
14.217,115.758331,1471.119507,-14.069196,362.607452,1475.824585,131.387634,299.255371,1647.216553,318.943115
14.225,115.152184,1471.130127,-14.20826,361.575958,1477.960571,131.348755,299.303986,1649.753174,318.993317
14.233,114.649399,1471.179932,-14.386986,360.468903,1480.009033,131.231415,299.213959,1652.13269,318.971313
14.242,114.150993,1471.226074,-14.55272,359.300598,1482.112915,131.252945,299.062622,1654.489014,319.077362
14.25,113.654099,1471.269897,-14.779058,358.180237,1484.094238,131.200577,298.723145,1656.78125,319.193848
14.258,113.059319,1471.296875,-15.04786,356.93457,1486.085571,131.188568,298.503265,1659.080566,319.246368
14.267,112.516075,1471.313721,-15.247708,355.805969,1488.002197,131.167953,298.297913,1661.260132,319.352936
14.275,111.986656,1471.348389,-15.379216,354.464386,1489.856445,131.229919,298.009857,1663.275146,319.582977
14.283,111.482307,1471.411133,-15.583259,353.278656,1491.696167,131.327942,297.683533,1665.420532,319.682068
14.292,110.961777,1471.44873,-15.822675,351.937744,1493.471558,131.385391,297.46051,1667.573242,319.799164
14.3,110.48053,1471.494751,-16.039145,350.695129,1495.173584,131.461533,297.312927,1669.701538,319.934082
14.308,109.971123,1471.568848,-16.170481,349.319519,1496.870605,131.547318,297.116028,1671.806885,320.016632
14.317,109.478615,1471.628784,-16.318987,348.005432,1498.588623,131.729355,296.975342,1674.026489,320.002869
14.325,108.962158,1471.688965,-16.499607,346.57254,1500.257812,131.789429,296.894073,1676.296509,320.061676
14.333,108.495506,1471.783203,-16.718241,345.232941,1501.911743,131.884232,296.923828,1678.561523,320.094635
14.342,108.061699,1471.887207,-16.967758,343.821289,1503.571899,132.082809,296.838928,1680.609253,320.119019
14.35,107.617371,1471.96106,-17.148518,342.404022,1505.29541,132.108215,296.681671,1682.702026,320.227936
14.358,107.166573,1472.061279,-17.282927,341.082489,1506.946045,132.235703,296.467621,1684.754883,320.266663
14.367,106.735626,1472.188232,-17.426491,339.619446,1508.692627,132.341415,296.468384,1686.749756,320.440491
14.375,106.139786,1472.31189,-17.617542,338.25412,1510.352417,132.391754,296.392578,1688.765747,320.541473
14.383,105.639915,1472.410156,-17.816027,336.718811,1511.942017,132.576065,296.28244,1690.794312,320.599304
14.392,105.170898,1472.501221,-17.948143,335.304077,1513.609497,132.629669,296.31958,1692.908081,320.571045
14.4,104.731522,1472.641602,-18.112642,333.887146,1515.208008,132.803375,296.377899,1695.095215,320.553528
14.408,104.235085,1472.765137,-18.236216,332.381561,1516.915649,132.90506,296.398682,1697.290283,320.378601
14.417,103.698906,1472.876831,-18.34803,331.004974,1518.559814,132.919342,296.413391,1699.490845,320.163635
14.425,103.042267,1473.003418,-18.516127,329.332306,1520.257812,133.016037,296.48996,1701.741455,319.854248
14.433,102.554726,1473.13623,-18.638096,327.887451,1521.977051,132.954575,296.505035,1703.99231,319.610413
14.442,102.127487,1473.241577,-18.808607,326.3349,1523.623901,132.994675,296.251129,1705.935425,319.429169
14.45,101.655556,1473.377197,-18.987316,324.8591,1525.456665,132.830414,296.060425,1707.898438,319.211792
14.458,101.090553,1473.489624,-19.253477,323.381653,1527.118042,132.832367,295.820801,1709.836548,318.996887
14.467,100.553307,1473.599731,-19.415997,321.899963,1528.814087,132.687653,295.518707,1711.713745,318.715637
14.475,100.055954,1473.713745,-19.60932,320.548767,1530.441528,132.662781,295.100586,1713.451416,318.463409
14.483,99.531593,1473.838501,-19.782558,319.058533,1531.96936,132.551041,294.755646,1715.330811,318.205902
14.492,99.049011,1473.980591,-19.8668,317.657288,1533.498535,132.494141,294.46698,1717.03894,317.914551
14.5,98.61544,1474.149292,-19.946009,316.251099,1534.857788,132.445984,294.227539,1718.887573,317.477295
14.508,98.155655,1474.335815,-20.06068,314.819885,1536.229492,132.45813,293.924103,1720.843018,316.895447
14.517,97.687386,1474.475952,-20.162207,313.438904,1537.572266,132.481003,293.606934,1722.681885,316.248047
14.525,97.275322,1474.6427,-20.332355,312.081451,1538.872803,132.37915,293.376984,1724.598877,315.62204
14.533,96.764679,1474.801392,-20.461264,310.677155,1540.044556,132.499664,293.011047,1726.35144,315.041595
14.542,96.281647,1474.879028,-20.614975,309.304932,1541.310059,132.333313,292.588867,1727.797852,314.738434
14.55,95.839821,1475.087524,-20.774103,308.109833,1542.534302,132.306274,292.050201,1729.149902,314.46283
14.558,95.423721,1475.202881,-20.840836,306.859802,1543.588989,132.270645,291.426331,1730.341187,314.237793
14.567,95.038338,1475.364502,-20.976879,305.71051,1544.62915,132.261169,290.796997,1731.492798,313.936462
14.575,94.624603,1475.562744,-20.967762,304.601105,1545.574585,132.35463,290.293732,1732.703979,313.702271
14.583,94.271866,1475.581909,-21.079897,303.483429,1546.417969,132.537399,289.819183,1733.893555,313.410675
14.592,93.916367,1475.720703,-21.282227,302.400665,1547.237549,132.759583,289.537506,1735.098145,313.043488
14.6,93.835632,1474.571533,-20.175341,301.227875,1547.981323,132.989243,289.187927,1736.353638,312.539734
14.608,93.457062,1474.592529,-20.285568,300.07608,1548.753662,133.281021,288.890228,1737.565186,312.028412
14.617,93.01355,1474.616821,-20.469114,298.92511,1549.545044,133.435699,288.769012,1738.923096,311.446075
14.625,92.610153,1474.652588,-20.670591,297.755554,1550.248657,133.628281,288.579559,1740.160522,310.86795
14.633,92.223328,1474.716675,-20.741587,296.607422,1551.048096,133.725235,288.533905,1741.429199,310.304596
14.642,91.849342,1474.7677,-20.78422,295.505371,1551.873901,133.793335,288.44635,1742.473267,309.857758
14.65,91.527954,1474.793213,-20.819088,294.414886,1552.62854,133.899048,288.450714,1743.404419,309.515594
14.658,91.253395,1474.869507,-20.803871,293.257721,1553.400879,133.967102,288.425873,1744.322021,309.146088
14.667,90.987144,1474.919067,-20.800505,292.247833,1554.199951,134.007401,288.425232,1745.126953,308.795349
14.675,90.686348,1474.994507,-20.778259,291.254517,1554.872437,134.066833,288.510468,1745.915405,308.450653
14.683,90.402977,1475.065063,-20.916023,290.172791,1555.564819,134.130371,288.738495,1746.731323,307.940491
14.692,90.101593,1475.116821,-21.220358,289.286987,1556.274414,134.192093,288.917358,1747.678101,307.357147
14.7,89.861969,1475.171387,-21.37221,288.297729,1556.890137,134.265137,289.172913,1748.517578,306.74762
14.708,89.616692,1475.282349,-21.565062,287.244019,1557.45752,134.330627,289.598541,1749.429077,305.981201
14.717,89.370728,1475.322876,-21.639509,286.282074,1558.037476,134.353638,289.906067,1750.269775,305.340942
14.725,89.170906,1475.374878,-21.626829,285.265533,1558.619141,134.300354,290.207367,1750.852051,304.900574
14.733,88.898384,1475.43335,-21.541698,284.293182,1559.143188,134.276947,290.48587,1751.245972,304.60437
14.742,88.655647,1475.490845,-21.547596,283.400146,1559.592407,134.259796,290.750092,1751.466797,304.379272
14.75,88.475998,1475.527832,-21.544678,282.630127,1560.057129,134.278046,291.002106,1751.620483,304.21463
14.758,88.290749,1475.568237,-21.595148,281.886383,1560.405273,134.333527,291.256012,1751.70874,304.048035
14.767,88.169182,1475.583374,-21.656023,281.205902,1560.580688,134.503754,291.594116,1751.710693,303.854675
14.775,88.038971,1475.605347,-21.690031,280.594543,1560.692139,134.712799,291.872559,1751.723022,303.641632
14.783,87.95768,1475.589355,-21.701578,280.0401,1560.69751,134.954956,292.184692,1751.735962,303.337189
14.792,87.880424,1475.583984,-21.760681,279.514893,1560.65271,135.176422,292.499115,1751.746216,303.013092
14.8,87.815453,1475.543701,-21.867037,278.909485,1560.607544,135.365387,292.761871,1751.746338,302.676849
14.808,87.75605,1475.515137,-21.919247,278.408691,1560.502563,135.619705,293.040924,1751.733276,302.36496
14.817,87.690483,1475.497559,-21.941698,277.963562,1560.415649,135.796066,293.386505,1751.692017,302.138947
14.825,87.629768,1475.480713,-21.989347,277.652985,1560.357422,135.907715,293.6922,1751.590088,301.957733
14.833,87.571274,1475.4552,-21.985104,277.395172,1560.284302,135.983597,293.880402,1751.409058,301.967255
14.842,87.512657,1475.424194,-22.000227,277.275238,1560.189819,136.047012,294.063629,1751.139893,302.07782
14.85,87.470154,1475.399902,-21.981125,277.276611,1560.045044,136.077652,294.198792,1750.794678,302.221436
14.858,87.438812,1475.38208,-21.972075,277.392517,1559.88208,136.10553,294.305176,1750.515015,302.4245
14.867,87.431229,1475.358887,-21.932688,277.614838,1559.702148,136.150009,294.380859,1750.286499,302.585449
14.875,87.442772,1475.330688,-21.897676,277.862244,1559.520874,136.175186,294.476532,1750.076172,302.727905
14.883,87.47625,1475.280151,-21.894279,278.085999,1559.335693,136.177536,294.43811,1749.82605,302.87204
14.892,87.509293,1475.255249,-21.89485,278.364685,1559.191284,136.131851,294.431488,1749.698853,302.888275
14.9,87.576569,1475.174683,-21.874466,278.606781,1559.080444,136.051498,294.519897,1749.582642,302.839172
14.908,87.649834,1475.113037,-21.886414,278.849457,1558.981934,135.980957,294.55484,1749.515137,302.730194
14.917,87.728645,1475.05542,-21.899488,279.061798,1558.915527,135.869553,294.602753,1749.468506,302.565247
14.925,87.814545,1474.990723,-21.742683,279.268341,1558.813599,135.737976,294.657135,1749.432617,302.357147
14.933,87.884354,1474.916748,-21.725035,279.541504,1558.632324,135.617676,294.742828,1749.390869,302.149994
14.942,87.936951,1474.820435,-21.64761,279.824677,1558.45459,135.480225,294.854492,1749.317749,301.917908
14.95,88.009933,1474.744141,-21.595757,280.143005,1558.277588,135.356995,294.985443,1749.223633,301.700928
14.958,88.078674,1474.654053,-21.48646,280.542847,1558.036865,135.230728,295.154053,1749.090576,301.55658
14.967,88.147598,1474.583252,-21.368963,281.021423,1557.765625,135.112747,295.371002,1748.949951,301.498871
14.975,88.219322,1474.532349,-21.259556,281.622925,1557.494995,134.962845,295.591125,1748.707397,301.49704
14.983,88.302216,1474.47937,-21.14686,282.431885,1557.209106,134.811172,295.807678,1748.495117,301.459717
14.992,88.40007,1474.415649,-20.991308,283.203064,1556.850464,134.672379,296.020691,1748.28479,301.44278
15,88.533218,1474.372803,-20.864088,284.126831,1556.488647,134.498642,296.24295,1748.061279,301.421387
15.008,88.696007,1474.322754,-20.741404,285.248932,1556.068115,134.34166,296.632782,1747.781494,301.318085
15.017,88.903664,1474.231934,-20.525202,286.338928,1555.607666,134.144028,296.993317,1747.481201,301.283112
15.025,89.165932,1474.192871,-20.368685,287.377167,1555.177734,133.901566,297.382996,1747.106689,301.256989
15.033,89.435089,1474.153687,-20.116476,288.502411,1554.734863,133.578369,298.021973,1746.771729,301.160736
15.042,89.743935,1474.124268,-19.849319,289.324097,1554.353516,133.35553,298.825165,1746.475464,301.021362
15.05,89.993095,1474.071899,-19.738098,289.970886,1554.111328,133.088852,299.873352,1746.051392,300.875183
15.058,90.212639,1474.046143,-19.692984,290.618683,1553.872437,132.786224,301.020264,1745.754395,300.605042
15.067,90.384056,1474.028076,-19.686666,291.074432,1553.720459,132.489197,302.238098,1745.397217,300.331604
15.075,90.522705,1474.023804,-19.625168,291.47522,1553.539307,132.132568,303.612793,1745.063843,299.910583
15.083,90.628883,1474.028442,-19.587412,291.850769,1553.31543,131.873581,305.022278,1744.52356,299.615356
15.092,90.694763,1474.013916,-19.545626,292.178253,1553.079224,131.68602,306.410767,1744.151733,299.289978
15.1,90.770943,1474.049561,-19.507769,292.444641,1552.836182,131.589966,307.916992,1743.681641,299.103424
15.108,90.845345,1474.110962,-19.502857,292.678528,1552.577515,131.526886,309.275238,1743.278564,298.807343
15.117,90.907532,1474.182373,-19.475815,292.894592,1552.296265,131.508041,310.689178,1742.663452,298.799744
15.125,90.975151,1474.311279,-19.44499,293.072296,1551.978516,131.574585,312.181915,1742.19458,298.698151
15.133,91.025436,1474.388916,-19.448332,293.157532,1551.64502,131.690384,313.510376,1741.735596,298.615631
15.142,91.070618,1474.467163,-19.424768,293.182526,1551.363159,131.82724,314.801819,1741.48584,298.33432
15.15,91.073517,1474.518188,-19.385958,293.14035,1551.089111,131.992615,315.921539,1741.093506,298.122528
15.158,91.056984,1474.541016,-19.347132,293.02298,1550.931519,132.099045,316.991547,1740.907349,297.853058
15.167,91.019348,1474.55481,-19.296991,292.885223,1550.765747,132.234497,318.602386,1740.919922,297.816345
15.175,90.972916,1474.555298,-19.251532,292.726196,1550.65625,132.342422,319.628998,1740.588745,297.628876
15.183,90.909058,1474.557373,-19.202219,292.532166,1550.578857,132.470963,320.269989,1740.342407,297.425385
15.192,90.843918,1474.536743,-19.159624,292.371735,1550.479248,132.605499,320.764771,1740.053833,297.292542
15.2,90.787132,1474.516968,-19.080393,292.214539,1550.351685,132.780151,321.128784,1739.790527,297.242035
15.208,90.755569,1474.494629,-19.030123,292.126312,1550.190918,132.922211,321.583435,1739.42627,297.328918
15.217,90.754128,1474.463257,-18.968843,292.101929,1550.035156,133.044342,321.932739,1739.134644,297.476166
15.225,90.775108,1474.438232,-18.924648,292.119415,1549.881348,133.138901,322.118622,1738.914673,297.612183
15.233,90.810791,1474.420654,-18.853151,292.175629,1549.739624,133.220642,322.191498,1738.738525,297.751373
15.242,90.867203,1474.382812,-18.787088,292.225342,1549.586304,133.30481,322.18924,1738.629761,297.885437
15.25,90.947884,1474.346069,-18.705549,292.30777,1549.451172,133.378769,322.111938,1738.5802,298.026794
15.258,91.004707,1474.27417,-18.60574,292.361786,1549.368896,133.436371,321.975586,1738.576416,298.1203
15.267,91.038338,1474.210571,-18.562855,292.392639,1549.338379,133.475082,321.626099,1738.681641,298.103241
15.275,91.065697,1474.145264,-18.51483,292.380493,1549.359497,133.47879,321.427429,1738.778564,298.098877
15.283,91.065613,1474.082886,-18.473375,292.358887,1549.435303,133.451691,321.229004,1738.909546,298.043762
15.292,91.041687,1473.994873,-18.469631,292.323029,1549.526367,133.441223,320.887268,1739.004883,297.99527
15.3,90.979568,1473.906738,-18.516434,292.307343,1549.626465,133.40567,320.602936,1739.168457,297.939728
15.308,90.882355,1473.769775,-18.496613,292.312195,1549.727417,133.364105,320.349548,1739.341797,297.888702
15.317,90.835388,1473.707153,-18.476366,292.336456,1549.821045,133.332962,320.053741,1739.521851,297.841858
15.325,90.791382,1473.658569,-18.456621,292.409363,1549.895508,133.297958,319.771301,1739.674072,297.769897
15.333,90.784637,1473.634399,-18.43314,292.514069,1549.971313,133.268173,319.420715,1739.96582,297.693115
15.342,90.794128,1473.631104,-18.401323,292.6474,1550.039185,133.22554,319.194122,1740.182251,297.640961
15.35,90.833908,1473.614502,-18.393362,292.79068,1550.093018,133.227432,318.876526,1740.382935,297.598755
15.358,90.86879,1473.602905,-18.339527,292.94696,1550.127197,133.215698,318.857208,1740.601318,297.5354
15.367,90.924805,1473.601074,-18.324675,293.02774,1550.162476,133.204117,318.686218,1740.79895,297.45282
15.375,90.963974,1473.561157,-18.280884,293.127777,1550.167603,133.169449,318.596527,1741.005615,297.307495
15.383,91.020424,1473.533691,-18.258381,293.279236,1550.142944,133.125122,318.516541,1741.106812,297.129822
15.392,91.059662,1473.475586,-18.22916,293.466156,1550.046143,133.062012,318.469299,1741.19397,296.895477
15.4,91.130455,1473.436646,-18.159399,293.784698,1549.896606,132.970642,317.997589,1741.086548,296.443604
15.408,91.17144,1473.348511,-18.000351,294.227661,1549.681274,132.863953,317.800659,1741.036987,296.100555
15.417,91.225632,1473.321655,-17.861887,294.862732,1549.394409,132.690933,317.862061,1741.050415,295.839264
15.425,91.302185,1473.320801,-17.756716,295.517059,1548.978271,132.507385,317.968384,1741.018066,295.550751
15.433,91.350708,1473.25061,-17.52087,296.473236,1548.375122,132.311493,318.074738,1740.953491,295.226959
15.442,91.393105,1473.225098,-17.272945,297.701599,1547.721924,132.003647,318.171143,1740.850708,294.850677
15.45,91.457947,1473.196411,-16.909082,299.161285,1546.92334,131.610046,318.269867,1740.665039,294.44574
15.458,91.517525,1473.155151,-16.63113,300.959991,1545.994507,131.001114,318.461731,1740.337646,294.072693
15.467,91.613762,1473.151733,-16.234539,303.0271,1545.060425,130.117416,318.562134,1739.928833,293.572052
15.475,91.746956,1473.166138,-15.808705,305.462097,1544.097778,129.122101,318.647797,1739.413818,292.955658
15.483,91.996101,1473.230835,-15.381066,308.271271,1542.977173,128.087936,318.706879,1738.77124,292.201538
15.492,91.792336,1474.74707,-15.972507,311.469452,1541.745117,126.818954,318.772644,1738.067627,291.237885
15.5,92.596283,1474.209351,-15.025555,315.047119,1540.214478,125.575676,318.649963,1737.158936,290.11026
15.508,93.184517,1474.833374,-14.700543,318.968445,1538.686035,124.016411,318.501343,1735.973511,288.775055
15.517,93.835754,1474.356323,-13.920089,322.804291,1537.009888,122.458221,318.180481,1734.730347,287.055786
15.525,94.52327,1474.576782,-13.011899,326.883728,1535.179321,120.652924,317.931366,1733.25061,285.07016
15.533,95.332626,1474.198242,-12.348417,331.21225,1533.138428,118.65654,317.725281,1731.774292,282.744171
15.542,96.034752,1474.104736,-11.479544,335.634521,1530.955322,116.682587,317.027008,1729.783813,279.877563
15.55,96.881477,1473.978638,-10.543645,340.269348,1528.498901,114.516426,316.721771,1727.78186,276.830383
15.558,97.77951,1473.860107,-9.501594,344.764618,1525.787964,112.304398,316.368744,1725.261353,273.477905
15.567,98.751198,1473.8302,-8.440506,349.479095,1522.853394,109.848297,315.845551,1722.478516,269.62149
15.575,99.604568,1473.758911,-7.476155,353.971466,1519.882202,107.304787,315.727844,1719.323853,265.660583
15.583,100.634056,1473.759521,-6.396223,358.566284,1516.642456,104.728645,315.664307,1716.014282,261.463562
15.592,101.747383,1473.691284,-5.492936,363.20929,1513.27771,101.897812,315.670929,1712.519287,256.955963
15.6,102.90844,1473.682129,-4.533597,367.792938,1509.810913,98.920464,315.824921,1708.780273,252.350098
15.608,104.048019,1473.597046,-3.556618,372.346649,1506.274048,95.817352,316.05481,1704.802856,247.461639
15.617,105.207512,1473.413574,-2.607815,376.974548,1502.484131,92.501587,316.463257,1700.487427,242.359146
15.625,106.405556,1473.303467,-1.700493,381.483917,1498.43042,89.173927,316.905182,1695.960938,236.988602
15.633,107.577858,1473.180908,-0.708969,385.956482,1494.204102,85.49987,317.409332,1691.193115,231.301636
15.642,108.835739,1472.973145,0.337959,390.297302,1489.685547,81.832687,318.251221,1686.314087,225.445084
15.65,110.16275,1472.703247,1.354468,394.525269,1484.888306,78.03875,319.400208,1681.424438,219.425827
15.658,111.391563,1472.29126,2.343437,398.473083,1479.897339,74.256996,320.92981,1676.371826,213.527771
15.667,112.839882,1471.904297,3.351503,402.323914,1474.665527,70.356895,322.752686,1671.253906,207.696548
15.675,114.008636,1471.58374,4.235627,406.075409,1469.263062,66.185066,325.152863,1665.924805,202.230194
15.683,115.526054,1471.160278,5.14407,409.436371,1463.738892,62.189949,327.624146,1660.567627,196.616119
15.692,116.847298,1470.817261,5.944453,412.968719,1458.020874,58.012524,330.716309,1655.149292,191.187317
15.7,118.183731,1470.385254,6.710837,416.151611,1451.972534,53.835186,333.822723,1649.578613,185.624405
15.708,119.591049,1470.031494,7.638553,417.717834,1445.869507,50.474968,337.374084,1643.923584,180.137482
15.717,120.950974,1469.570068,8.369982,420.551727,1439.427246,46.16906,341.221802,1638.169434,174.478149
15.725,122.407791,1469.166626,9.256327,423.078735,1432.76062,41.690025,345.364502,1632.282837,169.019989
15.733,123.86702,1468.719482,10.136201,425.788239,1426.043091,36.361206,349.839294,1626.38623,163.397079
15.742,125.338242,1468.188599,11.014532,427.910492,1418.864502,31.607307,354.69281,1620.352051,157.823288
15.75,126.925629,1467.654785,11.774221,429.788757,1411.550415,26.660011,359.814026,1614.12915,152.391663
15.758,128.576935,1467.053711,12.616487,431.195007,1403.866821,22.194901,365.343109,1607.913086,146.957565
15.767,130.248184,1466.472412,13.469606,432.5867,1396.113647,16.535227,371.263885,1601.46814,141.722244
15.775,131.986084,1465.849243,14.19321,433.695099,1388.390137,11.112288,377.446259,1594.992676,136.352798
15.783,133.872513,1465.297974,14.929513,434.345276,1380.515747,5.664596,384.055908,1588.17395,131.188324
15.792,135.780701,1464.82019,15.65736,434.680023,1372.385742,0.003089,390.778107,1581.056396,126.084938
15.8,137.649292,1464.348511,16.376736,434.678802,1364.169067,-5.833325,398.035797,1573.748291,120.893898
15.808,139.571793,1463.953247,16.902088,434.368256,1355.815308,-11.749498,405.493835,1566.106567,115.765434
15.817,141.427933,1463.561035,17.674618,433.548553,1347.432373,-17.827789,413.235443,1558.168457,110.502602
15.825,143.463394,1463.200195,18.458677,432.241516,1339.086548,-24.088461,421.25412,1549.824219,105.246002
15.833,145.43782,1462.802734,19.179586,430.435699,1330.609619,-30.455986,429.441132,1541.155273,99.820183
15.842,147.407852,1462.461426,20.09119,428.254028,1322.282837,-36.904747,437.760895,1532.064331,94.151794
15.85,149.405441,1462.123779,20.950411,425.418579,1313.894531,-43.447285,446.293793,1522.508911,88.490982
15.858,151.325089,1461.814575,21.825207,422.172668,1305.665161,-50.020641,454.737152,1512.40271,82.517654
15.867,153.432251,1461.589966,22.843988,418.327423,1297.505371,-56.639915,463.088257,1501.7323,76.299622
15.875,155.446793,1461.316772,24.091927,413.921051,1289.505127,-63.224403,471.425079,1490.592285,69.826424
15.883,157.42749,1461.025146,25.397951,408.895294,1281.749634,-69.694412,479.560333,1478.784912,63.226467
15.892,159.360794,1460.670288,26.821051,403.352081,1274.330566,-76.012482,487.504822,1466.184082,56.786045
15.9,161.144165,1460.206177,28.403391,397.482635,1267.143066,-81.986557,495.408325,1452.815796,50.225258
15.908,162.943161,1459.559692,29.903875,391.192352,1260.372681,-87.664719,502.789154,1438.762329,44.172955
15.917,164.661789,1458.858154,31.289135,384.618469,1254.09436,-93.030014,509.952545,1423.914185,38.418789
15.925,166.30452,1457.966797,32.571278,378.219818,1248.133911,-97.941063,516.565369,1408.455688,33.126068
15.933,167.983261,1457.069336,33.83625,371.688019,1242.607422,-102.659439,522.577637,1392.235474,28.276865
15.942,169.838745,1456.120972,35.019917,365.463715,1237.57373,-106.94072,528.211731,1375.66687,23.221052
15.95,171.474869,1455.094604,36.266262,359.253143,1233.331421,-110.978127,533.046143,1358.806396,18.280628
15.958,173.214996,1454.074219,37.409412,353.42337,1229.156616,-114.361458,537.290161,1341.822144,13.365616
15.967,174.697327,1453.175537,38.547291,347.833832,1225.401367,-116.896751,540.99054,1324.419434,8.16371
15.975,176.254395,1452.218262,39.819256,342.709137,1221.921997,-119.400887,544.322876,1307.416504,3.067844
15.983,177.519699,1451.219116,41.083363,337.863678,1218.807983,-121.520409,546.958374,1290.233154,-2.405091
15.992,178.84996,1450.385376,42.35141,333.536102,1215.842896,-123.179184,549.017456,1273.236572,-7.667543
16,179.931915,1449.533447,43.681435,329.520081,1213.157715,-124.396866,550.691223,1255.862183,-13.444158
16.008,181.073685,1448.606445,45.242279,325.858917,1210.697388,-125.228645,551.786865,1240.433838,-20.119118
16.017,182.173721,1447.743164,46.507984,322.642487,1208.333862,-125.738174,552.108276,1223.633179,-25.912851
16.025,183.231354,1446.88916,47.744888,319.94162,1206.186279,-125.94783,551.77417,1207.283447,-31.007069
16.033,184.35997,1445.947388,49.228806,317.638702,1204.202026,-125.854599,550.627991,1190.651855,-35.920834
16.042,185.425308,1445.057861,50.466881,315.881866,1202.247559,-125.618858,548.64978,1174.788696,-40.109257
16.05,186.509354,1444.132568,51.770676,314.579346,1200.362549,-125.058174,545.988525,1158.348511,-43.662537
16.058,187.558609,1443.143921,53.122128,313.670441,1198.639526,-124.240913,543.12323,1142.279297,-48.561935
16.067,188.664124,1442.056519,54.451454,312.941833,1197.744873,-125.25058,539.317444,1126.74585,-52.548653
16.075,189.696594,1441.069702,55.746998,312.853973,1195.588501,-122.703247,534.931824,1111.13208,-56.204906
16.083,190.677933,1439.790527,57.09782,313.054016,1193.988403,-121.253433,530.130615,1095.991089,-60.652733
16.092,191.640732,1438.648315,58.538349,313.515228,1192.265625,-119.193932,524.58429,1081.522095,-64.552147
16.1,192.536911,1437.609985,59.883377,314.027039,1190.713013,-117.266281,518.456238,1067.648315,-68.929512
16.108,193.352783,1436.477173,61.150982,314.790466,1189.211182,-115.43792,511.869202,1054.635376,-73.724854
16.117,194.21701,1435.484131,62.483627,315.551575,1187.700684,-113.349213,504.676117,1042.546997,-78.860085
16.125,194.939774,1434.549316,63.723652,315.940369,1186.221436,-111.254761,497.047089,1031.392212,-84.299545
16.133,195.676758,1433.373779,65.030197,316.025482,1184.455811,-109.215233,489.058746,1021.513916,-89.778961
16.142,196.421371,1432.214111,66.252281,315.761414,1182.579712,-107.440163,481.088623,1012.56073,-95.140617
16.15,197.284744,1430.890503,67.7901,315.144379,1180.498779,-106.014374,473.230621,1004.979492,-100.202583
16.158,198.200455,1429.376099,69.363434,314.152588,1178.323364,-104.69268,465.363556,998.803711,-105.008919
16.167,199.227356,1427.729858,71.142471,312.669464,1176.267456,-103.686974,457.834839,993.155701,-108.54631
16.175,200.235886,1425.923584,72.983116,311.082184,1174.256104,-102.934296,450.528748,988.300354,-111.231979
16.183,201.305695,1423.997559,75.005524,309.322662,1172.184204,-102.333717,443.388824,983.621094,-113.225471
16.192,202.349304,1422.120117,76.785583,307.559784,1169.949219,-101.854027,436.311157,978.578247,-114.637283
16.2,203.269958,1420.362183,78.582657,305.812347,1167.563232,-101.478943,429.123932,973.282715,-115.713531
16.208,204.199783,1418.689941,79.983818,304.021454,1165.110596,-100.953018,421.595154,967.545959,-116.251617
16.217,204.866608,1417.270386,81.198746,302.185059,1162.444214,-100.427261,413.461182,961.471191,-116.317169
16.225,205.389267,1416.064331,81.866257,300.224609,1159.674194,-99.735817,404.750641,955.065979,-115.668953
16.233,205.81543,1415.101807,82.268845,298.081757,1156.767456,-98.927521,395.510834,948.664307,-114.417175
16.242,206.170639,1414.364868,82.135414,295.720123,1153.781616,-98.078217,385.801697,942.319275,-112.617325
16.25,206.476639,1413.860596,81.624031,293.088654,1150.633545,-97.376945,375.93042,936.212891,-110.382584
16.258,206.775497,1413.593262,80.913544,290.019012,1147.42334,-96.783981,366.020905,930.526855,-107.869949
16.267,207.044174,1413.444214,80.105209,286.634705,1144.124268,-96.178177,355.970673,925.211304,-105.197472
16.275,207.287033,1413.371094,79.177818,282.941467,1140.909912,-95.507614,345.947968,920.1474,-102.278831
16.283,207.486084,1413.317383,78.133392,279.128723,1137.799316,-94.716705,336.052277,915.375671,-99.119522
16.292,207.688034,1413.25354,77.08226,275.301941,1134.787354,-93.83812,326.297455,910.977783,-95.831474
16.3,207.851639,1413.103394,76.002647,271.523987,1131.946533,-92.899757,316.970245,906.716675,-92.255959
16.308,208.070374,1412.95459,74.944878,268.05835,1129.163086,-91.912445,308.237183,902.613525,-88.243675
16.317,208.299927,1412.778442,73.845558,265.011719,1126.406494,-90.719963,300.04007,898.897644,-83.985794
16.325,208.521957,1412.626831,72.67849,262.29425,1123.743896,-89.457329,292.679474,895.519714,-79.619759
16.333,208.555649,1412.380859,71.513657,259.659302,1121.222046,-88.278671,285.983887,892.545959,-75.086884
16.342,208.426178,1412.056641,70.104935,257.536285,1118.788696,-87.085144,279.771423,889.6828,-70.343307
16.35,208.235245,1411.736084,68.774559,255.883331,1116.514893,-85.839546,274.148071,887.083801,-65.330696
16.358,207.939606,1411.428223,67.362144,255.00238,1114.40686,-84.453293,269.450073,884.622498,-60.372086
16.367,207.532394,1411.127197,65.812248,254.838348,1112.425293,-82.907585,265.673737,882.158142,-54.792156
16.375,207.243088,1410.766968,64.315971,255.069794,1110.420776,-81.301094,265.099762,879.858765,-49.971836
16.383,206.97525,1410.445923,62.790462,255.975754,1108.667969,-79.568329,267.709442,877.948181,-45.637615
16.392,206.536453,1410.131958,61.396416,257.341003,1107.192139,-77.659439,271.535034,877.202271,-40.919296
16.4,206.108582,1409.792725,60.0037,259.508545,1106.339722,-76.254189,275.696014,877.300598,-36.206249
16.408,205.581192,1409.487427,58.576794,262.036102,1105.680176,-74.571617,280.274261,877.573853,-32.106731
16.417,205.125961,1409.254883,57.309109,265.048309,1105.355835,-73.022423,285.103851,877.884216,-28.226585
16.425,204.639389,1409.093384,56.034336,268.56955,1105.316528,-71.543068,290.1427,878.276917,-24.370529
16.433,204.094818,1409.052856,54.842407,272.396362,1105.503052,-70.172104,295.252106,878.630127,-20.327822
16.442,203.541122,1409.106689,53.729393,276.243896,1105.688721,-69.052971,300.327911,879.186523,-16.211931
16.45,203.027695,1409.230957,52.678917,280.051819,1105.88269,-67.901497,305.110596,879.820984,-12.234478
16.458,202.449661,1409.443115,51.69759,283.695526,1106.353638,-66.857071,309.805634,880.882874,-8.322001
16.467,201.901642,1409.711792,50.792484,287.30188,1107.065918,-65.721947,314.097351,882.075256,-4.347558
16.475,201.373352,1410.105957,49.840275,290.734344,1108.020264,-64.538101,318.30542,883.401855,-0.456905
16.483,200.856354,1410.567261,48.841705,293.986389,1109.128296,-63.388199,322.529083,884.876343,3.480702
16.492,200.38942,1411.10498,47.785194,297.090057,1110.426025,-62.106911,326.684143,886.443237,7.48085
16.5,199.755661,1411.601074,46.743717,300.207001,1111.600098,-60.723221,330.602753,888.102112,11.334903
16.508,199.179764,1412.088623,45.722275,303.037842,1112.893066,-59.418751,334.073425,889.730286,14.994354
16.517,198.605316,1412.544434,44.6539,305.593719,1114.02832,-58.005867,337.513702,891.332092,18.656628
16.525,198.112015,1412.924194,43.59404,307.969604,1115.147095,-56.690773,340.498077,892.811951,22.307257
16.533,197.66095,1413.285156,42.540791,310.165222,1115.981201,-55.313202,343.342651,894.285095,25.848272
16.542,197.286652,1413.601685,41.432911,312.077911,1116.693848,-54.024311,345.799072,895.695312,29.454437
16.55,196.967239,1413.824097,40.444035,313.618469,1117.142334,-52.783443,348.315186,896.972351,33.188274
16.558,196.630768,1413.955811,39.570553,314.917999,1117.349365,-51.537987,350.545502,898.379517,36.825645
16.567,196.496674,1414.083008,38.628403,316.026245,1117.3573,-50.443611,352.530914,899.558289,40.495319
16.575,196.36113,1414.14209,37.80106,316.762146,1117.192627,-49.409359,354.218536,900.632751,44.204792
16.583,196.253098,1414.129517,37.012035,317.265259,1116.885132,-48.370552,355.710571,901.651306,47.826939
16.592,196.221802,1414.041382,36.336849,317.651611,1116.46521,-47.264183,356.893341,902.571838,51.370914
16.6,196.216827,1413.926392,35.709019,317.82077,1116.021362,-46.375622,357.779419,903.295776,54.874542
16.608,196.235687,1413.787964,35.154327,317.725433,1115.347412,-45.42828,358.37204,903.937683,58.242302
16.617,196.241089,1413.628174,34.6898,317.578705,1114.707764,-44.535263,358.536377,904.525696,61.387295
16.625,196.279694,1413.474976,34.253647,317.258911,1113.89502,-43.647858,358.513031,904.9104,64.571144
16.633,196.308701,1413.270996,33.865578,316.840698,1113.169922,-42.871529,358.159821,905.325745,67.460564
16.642,196.363113,1413.042725,33.554108,316.174225,1112.224487,-42.123798,357.630524,905.595886,70.318169
16.65,196.443878,1412.761841,33.309475,315.348755,1111.349854,-41.389145,356.875122,905.795776,73.103294
16.658,196.566467,1412.486328,33.140678,314.457397,1110.375244,-40.680355,355.906738,905.879517,75.701683
16.667,196.678543,1412.206665,33.044281,313.486023,1109.383423,-40.14584,354.780548,906.035461,78.473465
16.675,196.773926,1411.915283,32.986889,312.218964,1108.259033,-39.58297,353.664795,905.926514,80.945457
16.683,196.891861,1411.599976,32.949135,310.975403,1107.139404,-39.101105,352.379181,905.878845,83.432632
16.692,197.009171,1411.237183,33.008659,309.523407,1105.940796,-38.481316,350.999878,905.61615,86.026985
16.7,197.201935,1410.911621,33.079632,308.021606,1104.748291,-38.133057,349.681122,905.433411,88.399239
16.708,197.436859,1410.557983,33.18726,306.506592,1103.552368,-37.658062,348.298401,905.298523,90.756332
16.717,197.748016,1410.201294,33.406853,304.506958,1102.213745,-37.118309,346.951599,905.000061,93.108078
16.725,198.289719,1409.82312,33.766983,302.854828,1100.906982,-36.723396,345.575256,904.690247,95.313835
16.733,198.786621,1409.428223,34.142159,300.924438,1099.597656,-36.348743,344.390228,904.24646,97.604195
16.742,199.279755,1408.991455,34.767067,299.113617,1098.239502,-35.933701,343.196655,903.768555,99.859398
16.75,199.789749,1408.510132,35.567619,297.125854,1096.770874,-35.47345,342.300537,903.298035,101.960815
16.758,200.340408,1407.958496,36.530788,295.115021,1095.298218,-34.857246,341.29361,902.607483,104.014992
16.767,200.95105,1407.416016,37.582649,292.94162,1093.846069,-34.157799,340.367737,901.818604,105.934326
16.775,201.556259,1406.951172,38.748272,290.816132,1092.253906,-33.214336,339.377045,900.923035,107.705093
16.783,202.019058,1406.469727,40.012325,288.493591,1091.019287,-32.19688,338.316711,900.009399,109.331856
16.792,202.370193,1405.937866,41.453938,286.272125,1089.712036,-30.737812,337.347168,898.77594,110.796616
16.8,202.580383,1405.418701,43.09177,283.924652,1088.736206,-29.210684,336.159119,897.445679,112.136719
16.808,202.627289,1405.059326,44.566071,281.866333,1087.925415,-27.124039,334.780121,895.958496,113.250938
16.817,202.504211,1404.802124,46.017612,280.077026,1087.368408,-24.841234,332.832123,894.284119,114.459167
16.825,202.28125,1404.61853,47.471233,278.433014,1086.969116,-22.247583,330.77594,892.598145,115.207733
16.833,201.965439,1404.485107,48.905552,277.054688,1086.962402,-19.52026,328.651245,890.874268,115.864296
16.842,201.435074,1404.432007,50.260994,275.774628,1086.71936,-15.321008,326.277893,889.272766,116.599846
16.85,200.800659,1404.454834,51.434971,274.812958,1086.939575,-11.462986,323.852478,887.459167,117.303795
16.858,200.203415,1404.583008,52.48278,274.140045,1087.133179,-7.162091,321.655701,885.936462,118.10347
16.867,199.57045,1404.817383,53.328358,273.569641,1087.446289,-2.776685,319.309113,884.60376,118.909515
16.875,198.893173,1405.150391,54.168388,273.263977,1087.887085,1.945489,317.145325,883.302063,119.723877
16.883,198.092422,1405.45813,54.896645,272.963989,1088.182495,6.789693,315.144501,882.400391,120.786385
16.892,197.422791,1405.745728,55.494644,272.750916,1088.659302,11.534291,313.376343,881.823547,121.842499
16.9,196.833527,1406.005005,55.926533,272.594421,1089.025146,16.149052,312.089661,881.716431,123.177963
16.908,196.246216,1406.262939,56.387295,272.480011,1089.453003,20.248837,311.25708,882.025208,124.721962
16.917,195.707413,1406.521606,56.760235,272.257599,1089.832886,23.550201,310.831604,882.804382,126.710732
16.925,195.17421,1406.822388,57.173809,272.241516,1090.230347,26.347469,310.735718,883.849182,129.014359
16.933,194.759247,1407.113281,57.506546,272.152222,1090.462158,28.341354,311.042542,885.372742,131.591522
16.942,194.435425,1407.389282,57.848804,272.197174,1090.901489,29.961891,311.711121,887.313538,134.351715
16.95,194.161118,1407.653076,58.14138,272.438446,1091.350708,31.244722,312.265106,889.18219,137.480621
16.958,193.878006,1407.940796,58.48135,272.886536,1091.761353,32.115223,312.469238,890.961548,140.47258
16.967,193.584686,1408.254883,58.732128,273.468903,1092.321167,32.810928,312.78418,892.398315,143.381378
16.975,193.276199,1408.657593,58.887428,275.012329,1093.298218,32.541306,312.958435,893.606506,145.952454
16.983,193.016983,1408.959595,59.052063,275.807739,1094.013916,33.066124,312.908142,894.552063,148.30394
16.992,192.786789,1409.262329,59.131813,276.829498,1094.694214,32.860703,312.661011,895.282104,150.450943
17,192.591766,1409.60022,59.059216,278.128601,1095.329712,32.69944,312.336273,895.835022,152.147446
17.008,192.310471,1409.919189,58.95126,279.49472,1096.015991,32.250828,311.598297,896.119263,153.74588
17.017,192.059372,1410.280396,58.748466,281.024872,1096.856445,31.768002,310.682739,896.385071,155.048019
17.025,191.785904,1410.598145,58.488403,282.894226,1097.727661,31.298962,309.454956,896.482544,156.133209
17.033,191.486664,1410.949585,58.141121,284.730103,1098.661499,30.914875,308.155548,896.658203,157.073212
17.042,191.188187,1411.269287,57.825817,286.726807,1099.510376,30.703562,306.820587,896.954956,158.045898
17.05,190.867554,1411.579712,57.470085,288.891144,1100.551392,30.416611,305.389282,897.479614,158.93277
17.058,190.582748,1411.798706,57.127541,291.509277,1101.783447,29.5137,303.937714,897.996948,159.603546
17.067,190.294357,1412.039429,56.791054,293.646332,1102.617432,28.940002,302.581116,898.615601,160.339676
17.075,189.982407,1412.267334,56.433601,295.330841,1103.31897,28.331526,301.234406,899.426575,160.946548
17.083,189.679626,1412.492676,56.037449,297.269409,1103.980347,27.834099,299.751251,900.33075,161.463638
17.092,189.395767,1412.697876,55.639496,298.877533,1104.671997,27.046799,298.505219,901.328003,162.026855
17.1,189.148758,1412.87085,55.246689,300.57428,1105.302246,26.364822,297.322479,902.269836,162.233398
17.108,188.969635,1413.05542,54.859524,301.907532,1105.884399,25.527584,296.121796,903.243103,162.356522
17.117,188.823196,1413.262695,54.48233,302.985809,1106.408203,24.619438,295.040619,904.164368,162.423386
17.125,188.692078,1413.446289,54.092541,303.99704,1106.952637,23.743437,293.954956,904.981567,162.172928
17.133,188.617386,1413.633423,53.707752,304.863281,1107.40686,22.852663,292.998871,905.57489,161.785797
17.142,188.529694,1413.801758,53.328915,305.458527,1107.788452,21.949825,291.913452,906.156189,161.426346
17.15,188.446472,1413.985107,52.945534,305.856506,1108.17749,20.804234,290.839722,906.527527,160.810379
17.158,188.371521,1414.115601,52.601154,306.135498,1108.49707,19.669147,289.934662,906.940125,160.017075
17.167,188.300674,1414.22168,52.258743,306.244446,1108.665161,18.500538,288.790741,907.063904,159.090652
17.175,188.262863,1414.275879,51.982689,306.197601,1108.747681,17.321903,287.75354,906.991211,158.176392
17.183,188.217728,1414.30188,51.722473,305.958252,1108.682007,15.970649,286.400848,906.697754,156.96489
17.192,188.177979,1414.269653,51.530369,305.524384,1108.525391,14.617661,285.161255,906.349426,155.671997
17.2,188.14183,1414.207397,51.329491,305.036804,1108.253174,13.319511,283.823883,905.844482,153.97142
17.208,188.105408,1414.113892,51.168472,304.320892,1108.020996,11.94308,282.428101,905.132874,151.813507
17.217,188.070587,1413.973267,51.003368,303.518097,1107.682983,10.656615,280.995636,904.200195,149.486115
17.225,188.060837,1413.809082,50.846066,302.642059,1107.222656,9.285198,279.516144,903.100586,147.118149
17.233,188.059448,1413.62146,50.702423,301.584381,1106.657227,8.001787,278.022125,901.878479,144.696884
17.242,188.084778,1413.455322,50.579998,300.350037,1106.151123,6.742253,276.588135,900.432678,142.132248
17.25,188.126923,1413.270996,50.499176,299.105835,1105.53186,5.445785,275.093353,898.969177,139.04158
17.258,188.20076,1413.047119,50.448784,297.687042,1104.809204,4.068694,273.734222,897.380981,135.811508
17.267,188.28299,1412.843384,50.406384,296.108612,1104.123413,2.789564,272.432648,895.654968,132.472595
17.275,188.388641,1412.618774,50.349426,294.388062,1103.325928,1.407475,271.158661,893.915039,129.310349
17.283,188.502609,1412.38623,50.293526,292.721802,1102.600952,0.006402,269.85849,892.129028,126.151863
17.292,188.599945,1412.126709,50.250305,290.756592,1101.891724,-1.395424,268.761902,890.390808,122.674606
17.3,188.712021,1411.884277,50.223694,288.841217,1101.028687,-2.92294,267.700684,888.746338,119.040268
17.308,188.810593,1411.643311,50.141987,286.872223,1100.432251,-4.430462,266.675598,887.095032,115.774292
17.317,188.94371,1411.365112,50.024124,284.959961,1099.725952,-5.899917,265.742493,885.487427,112.296776
17.325,189.093719,1411.082275,49.896664,283.087738,1099.040527,-7.546308,264.837036,883.969604,108.814911
17.333,189.252289,1410.815796,49.785236,281.373199,1098.465332,-8.984337,264.122192,882.50238,105.458374
17.342,189.467804,1410.446899,49.636303,279.750183,1097.92041,-10.41861,263.457642,881.150879,102.173767
17.35,189.680771,1410.157715,49.519493,278.309937,1097.390991,-12.009658,262.916351,879.957153,98.79985
17.358,189.872986,1409.884155,49.394562,276.947357,1096.922974,-13.390738,262.631195,878.846497,95.781784
17.367,190.044647,1409.628418,49.278603,275.985901,1096.535645,-14.677262,262.277222,877.611816,92.824226
17.375,190.210876,1409.402466,49.177677,275.037994,1096.067627,-16.208845,261.868652,876.411194,89.810135
