1.23,,,,,,,,,
,,,,,,,,,
Type,Bone Marker,Bone Marker,Bone Marker,Bone Marker,Bone Marker,Bone Marker,Bone Marker,Bone Marker,Bone Marker
Name,Sammy:LShoulderTop,Sammy:LShoulderTop,Sammy:LShoulderTop,Sammy:LElbowOut,Sammy:LElbowOut,Sammy:LElbowOut,Sammy:LWristOut,Sammy:LWristOut,Sammy:LWristOut
ID,10,10,10,12,12,12,15,15,15
,Position,Position,Position,Position,Position,Position,Position,Position,Position
Time (Seconds),X,Y,Z,X,Y,Z,X,Y,Z
0,-173.495941,1394.765869,67.287483,-336.827087,1148.719727,203.358902,-311.454559,998.721863,-4.467738
0.008,-173.749634,1392.025879,71.53727,-336.670776,1143.149536,203.984161,-311.324432,996.145447,-6.065556
0.017,-174.025925,1389.13916,75.951447,-336.548859,1137.536011,204.524551,-311.233154,993.268616,-7.573396
0.025,-174.382492,1386.253418,80.467712,-336.349243,1131.875977,204.815689,-311.181549,990.495361,-9.140442
0.033,-174.83638,1383.26709,84.92202,-335.796936,1126.257202,205.047272,-311.1745,987.862915,-10.932764
0.042,-175.362335,1380.188477,89.29998,-335.393005,1120.79541,205.181656,-311.114319,985.191345,-12.583735
0.05,-175.843887,1377.244141,93.496353,-334.951965,1115.668701,205.103195,-311.000122,982.812744,-14.407869
0.058,-176.304611,1374.280518,97.21611,-334.190002,1110.531616,204.898209,-310.814301,980.696777,-16.324295
0.067,-176.730621,1371.384888,100.56794,-333.668304,1105.925049,204.578613,-310.490967,978.838135,-18.515505
0.075,-177.133942,1368.645874,103.423447,-333.190826,1101.548218,203.985825,-310.217438,977.321838,-20.734602
0.083,-177.70665,1366.03125,105.626297,-332.705475,1097.439209,203.318542,-309.807465,976.193665,-23.088919
0.092,-178.343872,1363.579346,107.13784,-332.407715,1093.753784,202.394745,-309.356384,975.541748,-25.641979
0.1,-178.903961,1361.404663,108.210281,-332.363373,1090.626221,201.097305,-308.725159,975.078186,-28.314144
0.108,-179.181046,1359.601074,108.614929,-332.445892,1087.877319,199.58223,-307.931,975.207092,-31.292967
0.117,-179.408051,1358.037598,108.555061,-332.757812,1085.739746,197.484238,-307.169891,975.954895,-34.497173
0.125,-179.319885,1356.9552,108.082237,-333.477814,1084.016602,195.136414,-306.19339,977.419617,-38.098129
0.133,-179.017502,1356.25708,107.303146,-334.29953,1082.934326,192.463379,-304.942383,979.625732,-42.209873
0.142,-178.603226,1355.919556,106.198456,-335.20929,1082.302124,189.37709,-303.297882,982.894592,-46.866974
0.15,-178.017746,1355.905762,104.782501,-336.652832,1082.214111,185.90654,-301.413361,987.680969,-52.007652
0.158,-177.440063,1356.279785,103.184013,-337.910217,1082.589966,182.067017,-298.950653,994.153931,-57.936558
0.167,-176.506866,1357.08374,101.614746,-339.490173,1083.15918,177.807327,-295.782318,1002.718079,-64.265587
0.175,-175.59552,1358.141357,99.88887,-340.9711,1084.308228,173.190475,-291.962036,1013.595337,-71.133774
0.183,-174.502335,1359.553223,97.958679,-342.189514,1085.424438,168.26622,-287.480469,1026.888062,-79.229897
0.192,-173.551636,1361.194946,95.851334,-343.091553,1086.498169,162.637711,-282.347504,1043.190674,-86.16713
0.2,-172.42009,1363.300781,93.729393,-343.301605,1087.477661,156.362381,-276.89325,1062.010864,-93.242607
0.208,-171.500763,1365.809937,91.671783,-342.647614,1088.24939,149.048004,-271.036469,1082.82666,-99.925049
0.217,-170.4758,1368.666382,89.823097,-341.410828,1089.001465,140.800217,-265.276459,1105.227173,-105.872711
0.225,-169.558167,1371.805054,88.104851,-339.441193,1089.441895,130.702637,-259.71225,1128.576416,-111.067055
0.233,-168.515472,1375.206909,86.531303,-336.815399,1090.123291,121.019356,-254.567505,1152.239746,-115.105873
0.242,-167.34993,1378.880615,85.116631,-333.509521,1090.764893,109.609528,-249.943634,1175.775024,-118.527542
0.25,-166.197205,1382.693237,83.882019,-329.435089,1092.008301,97.295578,-246.209641,1198.119629,-120.300941
0.258,-164.802917,1386.53772,82.839905,-325.255829,1093.488647,84.285431,-243.018219,1219.363037,-121.839996
0.267,-163.488434,1390.323242,81.959229,-320.587799,1095.658936,70.84774,-240.485901,1239.184082,-122.945343
0.275,-162.063858,1394.179565,81.032616,-315.715363,1098.522339,57.224052,-238.099091,1257.138306,-124.103218
0.283,-160.772217,1397.816895,80.250153,-310.776306,1102.151733,43.307949,-236.357452,1273.775879,-125.475273
0.292,-159.323105,1401.298218,79.506821,-305.927826,1106.341064,29.480757,-234.300781,1287.849487,-128.200912
0.3,-158.163269,1404.539429,78.822411,-301.109192,1111.223877,15.835156,-232.309158,1301.010864,-131.801422
0.308,-156.898666,1407.58606,78.11425,-296.243622,1116.555054,2.523466,-230.155075,1313.13855,-136.695251
0.317,-155.843842,1410.413452,77.324455,-291.687714,1122.518921,-10.451892,-227.837906,1324.325317,-142.778915
0.325,-154.651123,1412.885498,76.318382,-287.283997,1128.855469,-23.144482,-224.795609,1334.514648,-150.179993
0.333,-153.720123,1415.480835,75.325623,-283.071289,1135.471802,-35.30748,-221.351517,1344.04248,-158.063278
0.342,-152.657349,1417.297974,74.270798,-279.166718,1142.128784,-47.196316,-218.211334,1353.696167,-165.864624
0.35,-151.469742,1419.16626,72.815376,-275.425598,1148.800171,-58.430782,-215.961807,1363.444702,-173.796494
0.358,-150.202744,1420.961548,71.287598,-271.77243,1155.255615,-68.857231,-214.400528,1372.700073,-181.782486
0.367,-148.739868,1422.38623,69.775452,-267.644714,1161.605713,-79.83326,-213.493668,1381.540283,-189.858521
0.375,-147.286697,1423.874023,68.13884,-264.089172,1168.000732,-88.777359,-212.957428,1389.662109,-198.267426
0.383,-145.816116,1425.185059,66.75164,-261.140625,1174.37854,-95.805672,-212.638855,1396.925659,-207.057892
0.392,-144.2883,1426.321045,65.395508,-257.938019,1180.348999,-102.858292,-212.477676,1403.394287,-216.358582
0.4,-143.018402,1427.528198,64.186684,-255.416428,1186.577515,-109.013763,-212.159134,1408.834106,-225.962143
0.408,-141.686478,1428.556152,63.277885,-253.319168,1192.601562,-114.161423,-211.618042,1413.294556,-235.786133
0.417,-140.218903,1429.393066,62.669739,-251.689529,1197.915161,-118.959236,-211.147949,1416.782471,-246.180267
0.425,-139.082672,1430.203979,62.261131,-250.425247,1203.467651,-122.488441,-210.512268,1419.085571,-256.509735
0.433,-138.069305,1430.908936,62.183838,-249.417831,1208.921875,-125.60038,-209.740738,1420.538452,-266.979004
0.442,-136.889053,1431.35144,62.377411,-248.53418,1214.400269,-128.315994,-209.082138,1420.975464,-277.405853
0.45,-136.075943,1431.618042,62.899338,-247.678223,1219.371704,-130.515213,-208.61795,1420.615479,-287.968475
0.458,-135.450073,1431.659668,63.479946,-247.088837,1224.258057,-132.460327,-208.055267,1419.249756,-298.068512
0.467,-134.912918,1431.484741,64.35833,-246.336044,1228.513184,-134.101181,-207.749008,1416.896484,-308.133362
0.475,-134.630646,1431.08374,65.280754,-245.735092,1232.811646,-135.538712,-207.461563,1413.94165,-317.801483
0.483,-134.38179,1430.516235,66.41935,-245.202454,1236.742676,-136.615479,-207.164825,1410.131592,-326.867279
0.492,-134.311005,1429.80603,67.650948,-244.703598,1240.461182,-137.456238,-207.1642,1405.203613,-335.875641
0.5,-134.466843,1429.112793,69.105072,-244.247345,1243.897705,-138.139816,-207.402802,1399.777588,-344.484589
0.508,-134.412842,1428.137939,70.510597,-243.883453,1247.144409,-138.627884,-207.759293,1393.519287,-352.302002
0.517,-134.505234,1427.149536,72.151657,-243.537903,1250.197144,-139.018875,-208.377899,1386.518677,-359.682648
0.525,-134.560562,1426.160767,73.715157,-243.242264,1252.994873,-139.171616,-209.258743,1378.896851,-366.248627
0.533,-134.652206,1424.92627,75.432602,-242.886459,1255.437378,-139.023544,-210.100494,1370.76062,-371.514008
0.542,-134.58963,1423.720703,76.986694,-242.66333,1257.787109,-138.817795,-211.202042,1362.172729,-376.458832
0.55,-134.500137,1422.383179,78.666641,-242.398254,1259.751221,-138.453934,-212.317093,1353.003296,-380.413971
0.558,-134.158035,1420.978516,80.120155,-242.207916,1261.272217,-137.867538,-213.616547,1344.154785,-383.229645
0.567,-133.799774,1419.294922,81.498901,-242.015976,1262.296265,-137.140717,-215.233444,1335.269043,-385.373688
0.575,-133.333115,1417.711548,82.735107,-241.888077,1262.911255,-136.259109,-216.683105,1326.241455,-386.659515
0.583,-132.962173,1415.886353,83.833542,-241.622787,1262.956665,-135.369766,-218.615448,1317.848022,-387.289062
0.592,-132.287735,1413.901611,84.792015,-241.346832,1262.671997,-134.50827,-220.177795,1309.576172,-387.400635
0.6,-131.627304,1411.780273,85.484344,-240.950836,1261.987305,-133.508713,-221.301987,1301.158325,-387.272125
0.608,-131.252045,1409.502808,86.326439,-240.469193,1260.945312,-132.485184,-222.687927,1293.757446,-386.54361
0.617,-130.66188,1407.202515,86.879761,-239.969147,1259.355103,-131.50676,-224.045013,1286.587891,-385.870728
0.625,-129.910492,1404.908203,87.357315,-239.37883,1257.362549,-130.56311,-225.080551,1279.532959,-384.804199
0.633,-129.508774,1402.583496,87.726921,-238.906479,1254.968628,-129.700287,-226.409653,1272.720947,-383.70816
0.642,-129.109344,1400.266846,88.239906,-238.218399,1251.738281,-128.646774,-227.590942,1266.174561,-382.46286
0.65,-128.720596,1398.062744,88.693497,-237.860611,1248.256836,-127.660263,-228.574249,1259.931396,-381.22699
0.658,-128.823227,1396.017456,89.1306,-237.722443,1244.491699,-126.534836,-229.375687,1254.204102,-380.050293
0.667,-129.168137,1394.211792,89.395203,-237.770248,1240.272949,-125.397835,-229.900162,1249.110474,-379.029236
0.675,-129.595474,1392.655884,89.661835,-237.766373,1235.998169,-124.413902,-230.156265,1244.860229,-378.237457
0.683,-130.180695,1391.309326,89.755035,-237.985504,1232.165894,-123.576622,-230.26149,1241.310425,-377.603424
0.692,-130.978577,1390.283325,89.894226,-238.242798,1228.98999,-122.800758,-230.216476,1238.729248,-377.222931
0.7,-131.877579,1389.756714,89.88311,-238.412781,1226.599121,-122.12812,-230.023758,1236.834717,-377.032379
0.708,-132.894424,1389.473511,89.784515,-238.762512,1225.283936,-121.804031,-229.722748,1235.635376,-376.887238
0.717,-133.670731,1389.557983,89.644325,-239.276825,1224.776245,-121.590759,-229.326218,1234.863403,-376.881165
0.725,-134.229614,1390.057007,89.287178,-240.180496,1225.116211,-121.762115,-228.819412,1234.618286,-377.182068
0.733,-134.479599,1390.847168,88.915154,-241.03804,1225.896606,-122.170517,-228.343613,1234.855835,-377.583893
0.742,-134.436401,1392.21106,88.164169,-241.743103,1227.150146,-122.8573,-227.972473,1235.628052,-378.256775
0.75,-134.124084,1393.721069,87.428238,-242.518631,1229.193726,-123.88279,-227.773087,1236.946533,-379.079346
0.758,-133.538513,1395.659546,86.342705,-243.021255,1231.636597,-125.065384,-227.646484,1238.59375,-380.242554
0.767,-132.851654,1397.790649,85.092545,-243.366257,1234.46936,-126.435715,-227.587845,1240.810913,-381.350922
0.775,-132.098587,1400.07666,83.780762,-243.520706,1237.607178,-127.907677,-227.642258,1243.23584,-382.703217
0.783,-131.403336,1402.541626,82.1912,-243.777664,1241.198975,-129.635635,-227.712646,1245.907227,-384.291748
0.792,-130.651398,1405.180176,80.361816,-243.944717,1244.773438,-131.389175,-227.80162,1248.858643,-385.906677
0.8,-129.904922,1407.846313,78.452621,-244.097946,1248.340454,-133.195084,-227.951981,1251.951294,-387.705536
0.808,-129.204666,1410.592041,76.501755,-244.131363,1251.64978,-134.974869,-228.089233,1255.125244,-389.572571
0.817,-128.4534,1413.285645,74.364861,-244.167114,1255.265137,-137.0383,-228.294296,1258.435547,-391.503204
0.825,-127.781822,1415.993042,72.101532,-244.4086,1258.446899,-139.008133,-228.529251,1261.803223,-393.56546
0.833,-127.063843,1418.597656,69.814987,-244.511246,1261.592773,-141.090256,-228.770691,1265.112915,-395.629913
0.842,-126.417023,1421.213257,67.47821,-244.563751,1264.583252,-143.1521,-229.056763,1268.447266,-397.778564
0.85,-125.796257,1423.585083,65.136971,-244.648819,1267.394043,-145.417038,-229.360352,1271.779907,-399.930359
0.858,-125.184982,1425.946533,62.800182,-244.788132,1270.259399,-147.307434,-229.654037,1274.954224,-402.019897
0.867,-124.448334,1428.009888,60.602577,-244.933167,1272.945923,-149.626419,-230.057343,1278.016357,-404.002777
0.875,-123.835571,1430.157715,58.100433,-245.067368,1275.554443,-151.541,-230.446396,1280.964722,-406.009155
0.883,-123.178955,1432.118042,55.845188,-245.123932,1278.06665,-153.634903,-230.777863,1283.637695,-407.868164
0.892,-122.549789,1434.080933,53.599689,-245.121048,1280.30603,-155.306564,-231.134033,1286.278198,-409.629333
0.9,-122.012413,1435.606567,51.865681,-245.274155,1282.670898,-157.069504,-231.461487,1288.80835,-411.262756
0.908,-121.238838,1437.171631,50.130463,-245.555496,1285.124756,-158.7509,-231.768539,1291.064331,-412.829895
0.917,-120.607521,1438.460205,48.641403,-245.713943,1287.27832,-160.25061,-232.013641,1293.216187,-414.171509
0.925,-119.886665,1439.763794,47.172047,-245.90744,1289.272949,-161.497162,-232.288498,1295.317505,-415.413086
0.933,-119.256371,1440.854614,45.908257,-246.126251,1291.296509,-162.644302,-232.449768,1297.130615,-416.560272
0.942,-118.673264,1441.874023,44.775566,-246.308548,1293.000244,-163.572037,-232.600586,1299.024292,-417.590149
0.95,-118.034973,1442.726807,43.777393,-246.497238,1294.798584,-164.506622,-232.760208,1300.632935,-418.530853
0.958,-117.627136,1443.562012,42.993721,-246.654373,1296.18689,-165.138611,-232.855957,1302.298462,-419.238495
0.967,-116.866249,1444.066162,42.023724,-246.954483,1297.718994,-165.776199,-232.956161,1303.622559,-419.911865
0.975,-116.401978,1444.47583,41.437302,-247.03389,1298.690674,-166.170593,-233.06337,1304.958618,-420.232513
0.983,-116.066284,1444.873535,41.111305,-247.071259,1299.54126,-166.487839,-233.141159,1305.906982,-420.58725
0.992,-115.789207,1445.243652,40.883926,-247.119614,1300.352905,-166.752869,-233.203262,1306.710938,-420.671143
1,-115.435371,1445.501587,40.901588,-247.16951,1300.872559,-166.412628,-233.298004,1307.422607,-420.501923
1.008,-115.287415,1445.713867,41.069649,-247.079025,1301.192139,-166.163773,-233.412949,1307.864014,-420.248169
1.017,-115.466545,1446.025391,41.595982,-246.989807,1301.256958,-165.748917,-233.508026,1308.074097,-419.842957
1.025,-115.303795,1446.155884,42.018166,-246.868027,1301.177002,-165.187866,-233.606155,1308.092041,-419.196991
1.033,-115.216499,1446.246582,42.711735,-246.76178,1300.997437,-164.319519,-233.73938,1307.928711,-418.457825
1.042,-115.155724,1446.270142,43.440075,-246.456772,1300.419556,-163.099976,-233.881592,1307.615112,-417.571503
1.05,-115.102592,1446.217163,44.375999,-246.249573,1299.956177,-161.998993,-233.975021,1307.170044,-416.512085
1.058,-115.121445,1446.032104,45.425106,-246.119568,1299.470581,-160.656891,-234.039688,1306.546509,-415.238739
1.067,-115.160461,1445.830811,46.644833,-246.073242,1298.909058,-159.196732,-234.063126,1305.77771,-413.85553
1.075,-115.19397,1445.60498,48.040936,-246.033585,1298.108276,-157.480957,-234.125763,1304.970093,-412.343842
1.083,-115.284058,1445.188599,49.710274,-246.024139,1297.440918,-155.80072,-234.154892,1304.057373,-410.676941
1.092,-115.377502,1444.654419,51.313248,-246.147095,1296.796631,-153.826187,-234.150757,1303.122681,-408.937378
1.1,-115.548477,1444.171387,53.199131,-246.259216,1296.111572,-151.89592,-234.164078,1302.03772,-407.061371
1.108,-115.718796,1443.669678,55.030258,-246.353729,1295.23938,-149.867905,-234.256393,1300.797363,-405.065979
1.117,-115.829277,1442.842651,57.242729,-246.556671,1294.447388,-147.635071,-234.355042,1299.567261,-402.983917
1.125,-116.069214,1442.155396,59.440216,-246.763962,1293.405029,-145.345291,-234.493744,1297.931763,-400.770782
1.133,-116.37809,1441.422852,61.676914,-247.016495,1292.526855,-143.009842,-234.586075,1296.25769,-398.488983
1.142,-116.799614,1440.501221,64.319038,-247.26532,1291.405884,-140.533249,-234.73378,1294.306885,-396.059601
1.15,-117.00843,1439.642578,66.778023,-247.612686,1290.288696,-137.851242,-234.908127,1292.077026,-393.467224
1.158,-117.534187,1438.696899,69.495171,-247.714645,1288.872192,-135.300171,-235.005814,1289.494995,-390.72757
1.167,-117.770271,1437.675415,72.304565,-248.010925,1287.466553,-132.608994,-235.150848,1286.731445,-387.858917
1.175,-118.217354,1436.521362,75.218483,-248.262939,1285.642822,-129.549164,-235.285202,1283.626831,-384.813324
1.183,-118.641533,1435.272949,78.227554,-248.53862,1283.770142,-126.4925,-235.379318,1280.516235,-381.740692
1.192,-119.095757,1433.777222,81.386803,-248.938034,1281.876465,-123.379791,-235.445496,1277.179565,-378.56543
1.2,-119.521881,1432.29187,84.299614,-249.214874,1279.685181,-120.082573,-235.135056,1273.726318,-375.447662
1.208,-119.872444,1430.538818,87.341713,-249.523941,1277.307983,-116.734215,-234.883301,1270.353394,-372.278992
1.217,-120.288887,1428.661865,90.586342,-249.810867,1274.791382,-113.43589,-234.69899,1267.023438,-369.045349
1.225,-120.700439,1426.663818,93.685074,-250.193054,1272.220825,-110.125893,-234.368362,1263.817139,-365.807556
1.233,-120.977036,1424.699707,96.775078,-250.638779,1269.647339,-106.837959,-234.01918,1260.557007,-362.736542
1.242,-121.369255,1422.681519,99.775276,-250.896927,1266.963013,-103.595222,-233.566833,1257.316528,-359.636292
1.25,-121.737534,1420.540771,102.85054,-251.402969,1264.464233,-100.403908,-233.150116,1254.294434,-356.527161
1.258,-122.032967,1418.46875,105.806328,-252.086258,1262.062134,-97.230186,-232.758408,1251.273193,-353.55423
1.267,-122.383064,1416.338501,108.556587,-252.87912,1259.779907,-94.115997,-232.257812,1248.397461,-350.700104
1.275,-122.804832,1414.430542,110.998734,-253.835953,1257.773926,-91.271713,-231.648026,1245.724976,-348.012573
1.283,-123.134346,1412.550903,113.378326,-255.287918,1255.819092,-88.504684,-231.035049,1243.12085,-345.395142
1.292,-123.441864,1410.820923,115.379387,-256.873993,1253.904175,-85.871323,-230.288361,1240.609741,-342.987213
1.3,-123.679756,1409.287354,117.019333,-258.764526,1252.174805,-83.322403,-229.429199,1238.407349,-340.64505
1.308,-123.792038,1407.874023,118.473801,-261.195648,1250.999512,-81.147217,-228.464203,1236.384399,-338.478546
1.317,-123.946587,1406.744751,119.622627,-264.083893,1250.133301,-78.974113,-227.381256,1234.878906,-336.345276
1.325,-124.085716,1405.736816,120.538963,-266.81543,1249.440796,-77.169647,-226.105209,1233.729736,-334.242767
1.333,-124.129196,1405.059937,121.149582,-270.113342,1249.241943,-75.446609,-224.596634,1233.166992,-332.213135
1.342,-124.121567,1404.60791,121.543747,-273.647644,1249.495605,-73.85923,-222.91011,1233.176514,-330.230988
1.35,-124.08287,1404.404663,121.834923,-277.23053,1250.18811,-72.531273,-221.184845,1234.065063,-328.121063
1.358,-124.063805,1404.458862,121.935272,-280.817505,1251.351685,-71.396713,-219.338501,1235.455566,-326.118225
1.367,-124.053871,1404.773071,121.872665,-284.566925,1252.94751,-70.36277,-217.274002,1237.524048,-324.087708
1.375,-124.067528,1405.2948,121.698502,-288.184631,1254.63916,-69.297585,-214.97937,1240.198975,-321.996887
1.383,-124.050262,1405.993774,121.395706,-291.730011,1256.633423,-68.451073,-212.473541,1243.369507,-319.910431
1.392,-124.023621,1407.033325,120.97084,-295.076111,1258.904907,-67.684494,-209.716599,1247.233154,-317.687469
1.4,-124.071854,1408.196167,120.553307,-298.287476,1261.148315,-66.989212,-206.592545,1251.702759,-315.306793
1.408,-124.100662,1409.635254,120.063843,-301.234528,1263.483032,-66.531761,-203.300415,1256.775635,-312.875122
1.417,-124.155449,1411.211182,119.316628,-303.91748,1265.552612,-66.084854,-199.527252,1262.331665,-310.493042
1.425,-124.212952,1413.078369,118.384811,-306.305298,1267.718018,-66.089378,-195.511032,1268.185181,-307.872894
1.433,-124.233818,1414.926514,117.277939,-308.243866,1269.548706,-66.110405,-191.279785,1274.760986,-305.147308
1.442,-124.224503,1416.982788,116.057114,-309.866974,1271.508545,-66.553223,-186.771103,1281.952637,-302.401123
1.45,-124.064392,1419.07312,114.510117,-311.008698,1273.109375,-67.20668,-182.122849,1289.440918,-299.766724
1.458,-123.814468,1421.017334,112.848145,-311.913116,1274.922119,-68.265472,-177.539703,1297.191772,-296.573853
1.467,-123.490654,1423.157837,111.07692,-312.366028,1276.403809,-69.523735,-172.829941,1305.077026,-293.411041
1.475,-123.169937,1425.204834,109.160866,-312.468475,1278.034058,-71.099243,-168.472122,1313.457275,-290.819702
1.483,-122.797348,1427.28894,107.224258,-312.207886,1279.280151,-72.943352,-164.193222,1321.781372,-288.244019
1.492,-122.454666,1429.146362,105.233696,-311.662018,1280.683594,-75.152985,-160.037354,1330.068726,-285.927673
1.5,-122.042732,1431.080933,103.269958,-310.775604,1281.823608,-77.570358,-155.960327,1338.299561,-283.964935
1.508,-121.651016,1432.856934,101.146393,-309.569244,1282.964966,-80.3284,-152.020737,1346.550049,-282.034912
1.517,-121.264252,1434.429077,99.308098,-307.808228,1283.835083,-83.26104,-148.418137,1354.998169,-280.560852
1.525,-120.990967,1435.943237,97.373726,-305.795593,1284.58667,-86.410561,-145.127441,1363.419922,-279.600464
1.533,-120.518524,1437.422729,95.253006,-303.349365,1285.201294,-89.671906,-142.159088,1371.611206,-279.025146
1.542,-119.92202,1438.592041,93.745766,-300.492371,1285.729126,-93.298286,-139.689453,1379.662109,-279.168365
1.55,-119.559105,1439.360352,91.930244,-297.083099,1285.9198,-96.877197,-137.552048,1387.440796,-279.680695
1.558,-119.296722,1440.216797,90.169304,-293.43631,1286.191772,-100.628395,-135.784454,1394.935669,-280.917389
1.567,-119.114693,1441.143921,88.747505,-289.367462,1286.126587,-104.384369,-134.397659,1402.199219,-282.574249
1.575,-118.765572,1441.464966,87.265503,-285.237946,1286.192505,-108.329094,-133.405457,1409.018799,-284.769043
1.583,-118.557968,1442.008423,85.879692,-280.740906,1286.049072,-112.131699,-132.681366,1415.314941,-287.47345
1.592,-118.365593,1442.333496,84.465385,-276.02829,1285.759033,-115.897987,-132.424744,1421.222046,-290.702881
1.6,-118.314278,1442.668457,83.121811,-271.146454,1285.606812,-119.616699,-132.386703,1426.315796,-294.537628
1.608,-118.432289,1443.019409,82.044121,-266.263184,1285.291626,-123.18721,-132.79097,1430.901489,-298.82962
1.617,-118.334724,1443.020874,81.073685,-261.257812,1285.054077,-126.544464,-133.397751,1434.799438,-303.570984
1.625,-118.299072,1442.980225,79.89167,-256.205963,1285.030273,-129.787476,-134.203537,1437.772949,-308.840027
1.633,-118.263657,1443.013672,78.900452,-251.327957,1284.913696,-132.764481,-135.106476,1439.935181,-314.442444
1.642,-118.420753,1443.021362,78.235313,-246.551941,1285.058716,-135.369461,-136.080856,1441.072876,-320.468414
1.65,-118.450775,1443.105835,77.748657,-242.027588,1285.377197,-137.911133,-137.075241,1441.252563,-326.730225
1.658,-118.320396,1443.148682,77.272003,-237.651215,1285.570801,-139.84375,-138.155426,1440.439087,-333.21402
1.667,-117.939606,1443.102173,77.094757,-233.328033,1285.963989,-141.695618,-139.466415,1438.697998,-339.765625
1.675,-117.780357,1443.123169,77.215157,-229.428421,1286.30249,-142.890182,-140.622131,1435.779297,-346.327911
1.683,-117.548897,1443.205688,77.663452,-225.712646,1286.557129,-143.68457,-141.757431,1431.651733,-352.774933
1.692,-117.29747,1443.345703,78.06398,-222.524384,1286.937988,-144.302734,-142.858032,1426.494263,-358.908539
1.7,-117.043579,1443.606934,78.851028,-219.456894,1287.420532,-144.347443,-143.864441,1420.220337,-364.53418
1.708,-116.881531,1443.945435,79.866524,-216.85318,1287.489014,-144.019348,-144.709763,1413.05249,-369.666962
1.717,-116.670769,1444.242188,80.947403,-214.484589,1287.454956,-143.338577,-145.439957,1404.827148,-374.20816
1.725,-116.657433,1444.553711,82.318481,-212.367096,1287.183838,-142.230865,-146.056747,1395.671753,-377.980347
1.733,-116.61618,1444.685913,83.685974,-210.319611,1286.576904,-140.844681,-146.922745,1385.663574,-381.168274
1.742,-116.67514,1444.619141,85.210052,-208.523849,1285.833496,-139.172226,-147.633286,1374.656372,-383.816772
1.75,-116.762177,1444.457275,86.670097,-206.654587,1284.714233,-137.197311,-148.291611,1363.058838,-385.628479
1.758,-116.932678,1444.089233,88.259895,-205.130844,1283.479004,-134.884048,-149.207886,1350.873169,-386.804749
1.767,-117.206139,1443.401855,89.814766,-203.667755,1281.809082,-132.633163,-150.248764,1337.972046,-387.05484
1.775,-117.50248,1442.38269,91.59996,-202.405258,1279.336304,-129.912933,-151.409256,1324.594971,-386.55484
1.783,-117.868675,1441.274658,93.276459,-201.96077,1276.444824,-127.249435,-153.24913,1310.78479,-385.092957
1.792,-118.300735,1439.922485,94.916237,-199.922897,1274.411743,-125.059929,-154.468231,1297.365112,-383.181427
1.8,-118.799202,1438.578491,96.480743,-198.927948,1270.876221,-122.040604,-155.579559,1284.047852,-380.521667
1.808,-119.232559,1436.958496,98.029457,-198.025482,1266.400513,-119.138458,-156.472321,1271.447876,-377.352173
1.817,-119.712074,1435.168701,99.33757,-196.857849,1261.191406,-116.298119,-156.786133,1259.531982,-373.896088
1.825,-120.176201,1432.827148,100.900772,-195.881165,1255.279297,-113.145134,-156.600739,1248.084351,-370.457397
1.833,-120.640602,1430.439941,102.119965,-195.03476,1249.11084,-110.031281,-156.140656,1237.137329,-366.884705
1.842,-121.144432,1427.681519,103.412788,-194.275024,1243.109985,-106.801773,-155.619583,1226.626587,-363.171051
1.85,-121.833313,1424.861938,104.758537,-193.62616,1237.109131,-103.672791,-155.114807,1216.468994,-359.782898
1.858,-122.637978,1421.953003,106.096077,-193.093628,1231.171387,-100.717613,-154.704163,1207.013916,-356.478333
1.867,-123.628769,1419.109985,107.546104,-192.566086,1225.421997,-97.837936,-154.503357,1198.407837,-352.957245
1.875,-124.752289,1416.39563,109.09391,-192.031311,1219.979858,-94.927277,-154.305328,1190.579956,-349.724884
1.883,-125.939934,1413.953735,110.642082,-191.605011,1214.827026,-92.01989,-154.151031,1183.703979,-346.57959
1.892,-127.228828,1411.650757,112.249146,-191.076813,1209.973877,-89.199272,-153.752151,1177.773438,-343.611694
1.9,-128.539337,1409.656494,113.734306,-190.588959,1205.523193,-86.648499,-153.288757,1172.820312,-340.77243
1.908,-129.688263,1407.975342,115.368805,-190.224823,1201.438965,-84.321625,-152.637299,1168.967163,-338.450165
1.917,-130.456787,1406.623779,116.830841,-190.166534,1198.251099,-82.184471,-152.04985,1166.033447,-336.348267
1.925,-130.972046,1405.533936,118.164749,-190.032059,1195.871094,-80.479218,-151.356934,1164.092896,-334.779877
1.933,-131.187195,1404.850464,119.257782,-190.067322,1194.839844,-79.407867,-150.918381,1162.841431,-333.537842
1.942,-131.19722,1404.427002,120.108704,-190.25296,1194.876831,-78.954971,-150.46994,1162.427246,-332.627228
1.95,-131.085831,1404.300293,120.711075,-190.511902,1195.835083,-78.938423,-150.28685,1162.652954,-332.232849
1.958,-130.888184,1404.563477,120.998734,-190.847061,1197.532837,-79.423355,-150.38205,1163.537842,-332.125641
1.967,-130.694397,1405.152344,120.976028,-191.281097,1199.515869,-80.038651,-150.612228,1164.999146,-332.476746
1.975,-130.515594,1406.022461,120.822411,-191.627457,1201.584106,-80.995796,-151.081299,1166.948608,-333.095642
1.983,-130.123322,1407.234009,120.283043,-191.930862,1203.685303,-82.069885,-151.636337,1169.142578,-334.102722
1.992,-129.920441,1408.769165,119.58992,-192.408585,1205.700317,-83.189583,-152.377213,1171.86792,-335.298523
2,-129.427185,1410.553833,118.584717,-192.782013,1207.853149,-84.384865,-153.285553,1174.945801,-336.7677
2.008,-128.992401,1412.47876,117.490715,-192.976685,1210.035889,-85.719643,-154.113266,1178.36377,-338.408875
2.017,-128.49942,1414.615234,116.163834,-193.255646,1212.547119,-87.223534,-155.091843,1182.096924,-340.280029
2.025,-127.884972,1416.970093,114.632751,-193.255096,1215.211914,-88.904701,-156.120712,1186.186646,-342.229736
2.033,-127.172394,1419.424927,113.007385,-193.323029,1218.15332,-90.707581,-157.732178,1189.470337,-343.016052
2.042,-126.433578,1421.956543,111.151337,-193.297012,1221.366455,-92.604965,-158.723358,1193.495361,-345.205933
2.05,-125.498695,1424.490723,109.242561,-193.373764,1224.901489,-94.781731,-159.771133,1197.685547,-347.486572
2.058,-124.486832,1426.98291,107.280502,-193.333817,1228.558838,-97.073578,-160.531876,1201.987061,-350.134186
2.067,-123.498901,1429.399536,105.133263,-193.377777,1232.192993,-99.489464,-161.50322,1206.147705,-352.493713
2.075,-122.486496,1431.857056,102.838295,-193.671875,1235.691528,-102.015106,-161.785934,1210.821899,-356.300446
2.083,-121.411888,1434.267578,100.571648,-193.964432,1238.971558,-104.534782,-162.683853,1214.823242,-359.114288
2.092,-120.343056,1436.557251,98.015312,-194.383179,1242.241089,-107.184914,-163.719803,1218.678101,-361.674286
2.1,-119.123596,1438.677979,95.557182,-194.773163,1245.510864,-110.045319,-164.850555,1222.566528,-364.152588
2.108,-118.014893,1440.652954,92.971992,-195.405548,1248.749756,-112.782478,-165.509033,1226.564575,-366.959259
2.117,-116.893547,1442.479858,90.503426,-195.812515,1251.508911,-115.865387,-166.499893,1230.1073,-370.103149
2.125,-115.85704,1444.089233,87.933388,-196.230118,1254.41687,-118.674675,-166.37114,1234.097656,-374.821686
2.133,-114.811531,1445.658813,85.41581,-196.897675,1257.044312,-121.543739,-167.096588,1237.318848,-377.50293
2.142,-113.999054,1447.002686,83.216919,-197.217407,1259.505005,-124.295624,-167.806946,1240.545654,-380.188812
2.15,-113.256584,1448.347168,80.457008,-197.683197,1261.622803,-127.111794,-168.606735,1243.561401,-382.730499
2.158,-112.524002,1449.515625,78.244492,-198.078247,1263.865356,-129.663605,-169.379822,1246.406006,-385.307648
2.167,-111.824631,1450.606567,75.98513,-198.466995,1265.706543,-132.297714,-170.059875,1249.144165,-387.702148
2.175,-111.14341,1451.503906,73.907967,-198.822235,1267.545654,-134.451233,-170.814514,1251.523315,-389.994598
2.183,-110.541359,1452.522217,71.930748,-199.141953,1269.072266,-136.477295,-171.571259,1253.717163,-392.065002
2.192,-110.014549,1453.262817,70.209488,-199.594116,1270.587646,-138.36676,-172.413727,1255.384277,-393.936371
2.2,-109.499336,1454.258789,68.606804,-199.706253,1271.813965,-140.074707,-173.11438,1257.306519,-395.526337
2.208,-109.016365,1454.930786,67.362068,-199.952728,1273.049194,-141.468994,-173.739685,1258.777344,-397.026978
2.217,-108.545006,1455.687622,66.33046,-200.005142,1273.961792,-142.728745,-174.351837,1260.131348,-398.035095
2.225,-108.151283,1456.26416,65.510933,-200.225342,1274.886841,-143.605728,-174.982864,1261.201782,-398.775299
2.233,-107.764534,1456.873047,64.869461,-200.351059,1275.675293,-144.237335,-175.357559,1262.021484,-399.485229
2.242,-107.503716,1457.147339,64.489723,-200.378479,1276.271118,-144.619537,-175.93956,1262.580078,-399.890167
2.25,-107.256012,1457.390991,64.332283,-200.466125,1276.758911,-144.699295,-176.255356,1263.111328,-399.883972
2.258,-107.096565,1457.604614,64.435349,-200.458847,1277.010132,-144.677261,-176.558075,1263.388672,-399.776733
2.267,-106.98806,1457.645508,64.744522,-200.554871,1277.135254,-144.384018,-176.712433,1263.295166,-399.479645
2.275,-106.93325,1457.55481,65.218063,-200.634048,1277.097046,-143.940552,-177.301025,1262.969116,-398.697815
2.283,-107.060341,1457.294678,65.87326,-200.761856,1276.878174,-143.194473,-177.635101,1262.569946,-397.996582
2.292,-107.17984,1456.943604,66.841133,-200.975983,1276.525146,-142.299561,-177.802856,1261.843994,-397.186798
2.3,-107.369072,1456.312134,67.836121,-201.088348,1275.891602,-141.058655,-177.965698,1261.020142,-396.226227
2.308,-107.550774,1455.582764,69.132622,-201.446609,1275.157471,-139.773071,-178.273727,1260.003174,-394.958862
2.317,-107.896927,1454.79187,70.614586,-201.692902,1274.23645,-138.337357,-178.525314,1258.838379,-393.40921
2.325,-108.364235,1453.763672,72.262238,-202.059799,1273.03894,-136.679901,-178.773285,1257.473877,-391.944061
2.333,-108.784019,1452.519897,73.908997,-202.189102,1271.810425,-135.039825,-179.080551,1255.802856,-390.367462
2.342,-109.192039,1451.098145,76.278275,-202.46965,1270.21228,-133.34903,-179.44516,1254.220215,-388.640839
2.35,-109.889442,1449.741699,78.199738,-202.665573,1268.657837,-131.352402,-179.814407,1252.456787,-386.84552
2.358,-110.457848,1447.757568,80.122208,-203.131516,1266.848877,-129.505508,-180.155075,1250.698364,-384.937927
2.367,-111.05426,1445.860229,82.140083,-203.395065,1264.94519,-127.626732,-180.614838,1248.947388,-382.716583
2.375,-111.994057,1443.670166,84.642838,-203.725067,1262.894653,-125.489937,-180.654816,1247.158447,-380.998291
2.383,-112.965118,1440.747925,86.727493,-204.107742,1260.692627,-123.275986,-181.092529,1245.338501,-378.868744
2.392,-113.706985,1438.006104,88.823555,-204.408966,1257.97168,-121.145081,-181.565689,1243.409668,-376.664459
2.4,-115.055161,1435.305664,90.642815,-204.871262,1255.334351,-118.730637,-182.126068,1241.547852,-374.493317
2.408,-116.046455,1432.874756,92.579231,-205.19899,1252.400269,-116.483322,-182.76442,1239.325806,-372.377502
2.417,-116.572281,1430.390381,94.730919,-205.881042,1249.525391,-114.449242,-183.724747,1237.290527,-370.095184
2.425,-116.590355,1428.104736,97.060059,-206.566147,1246.810181,-112.314606,-184.622238,1235.11084,-368.249695
2.433,-116.917633,1426.074463,98.972649,-207.195969,1244.36731,-110.345375,-185.765381,1233.027832,-366.607758
2.442,-117.081116,1423.856689,100.562424,-208.013763,1242.198853,-108.611229,-187.162018,1230.967529,-365.175476
2.45,-117.248039,1421.73645,101.947861,-208.867844,1239.964844,-107.17112,-188.728912,1229.13501,-363.684296
2.458,-117.011917,1419.421509,103.037483,-209.792755,1238.007202,-105.961563,-189.980743,1227.919556,-362.837067
2.467,-117.888092,1418.21228,104.383163,-210.787903,1236.55957,-104.996544,-191.165436,1227.230225,-362.140503
2.475,-116.940948,1415.626221,105.255127,-211.837036,1235.760376,-104.508202,-192.040009,1227.192383,-361.853851
2.483,-117.168091,1414.058838,105.987572,-212.649246,1235.366943,-104.419769,-192.725403,1227.808716,-361.762573
2.492,-117.305237,1412.723755,106.716873,-213.499069,1235.382935,-104.525085,-193.162155,1229.121582,-361.944794
2.5,-117.484711,1411.698364,107.225304,-214.521179,1235.775146,-104.877556,-193.361435,1231.143799,-362.382996
2.508,-117.634926,1410.848755,107.721931,-215.475128,1236.279785,-105.242348,-193.247833,1233.762573,-362.906525
2.517,-117.858856,1410.248047,108.195251,-216.417831,1236.842163,-105.713654,-192.983948,1237.225342,-363.665375
2.525,-118.135399,1409.94812,108.271759,-217.288086,1237.228271,-106.295471,-192.852097,1241.672119,-364.525665
2.533,-118.413452,1409.930786,108.122459,-217.926437,1238.009399,-107.09201,-192.318253,1246.961914,-365.566223
2.542,-118.717468,1410.20752,107.700256,-219.287964,1239.893188,-108.118584,-191.051697,1253.524048,-366.503143
2.55,-118.944199,1410.849487,107.244652,-220.397156,1242.123535,-109.315086,-190.342148,1260.719238,-367.734985
2.558,-119.160538,1411.726685,106.914284,-221.679001,1245.073242,-110.667496,-189.002533,1268.824463,-369.21463
2.567,-119.27121,1412.792847,106.242447,-222.845245,1248.999023,-112.249435,-187.427368,1278.056152,-370.690186
2.575,-119.356857,1414.246094,105.366707,-224.469818,1252.944702,-114.259918,-186.051468,1287.606323,-372.186768
2.583,-119.251877,1415.924194,104.662445,-225.597488,1257.705078,-115.911453,-183.226822,1299.162476,-373.40448
2.592,-119.088158,1417.82605,103.71003,-227.259277,1263.200928,-117.986107,-180.533035,1310.615112,-374.465424
2.6,-118.747887,1419.978516,102.785599,-229.478714,1269.217041,-119.861275,-177.883057,1323.229126,-375.261566
2.608,-118.222092,1422.224487,101.913338,-231.670914,1275.540527,-121.75515,-174.278244,1336.177124,-375.624542
2.617,-117.700096,1424.677124,100.877762,-233.747025,1282.245483,-124.119598,-170.844559,1349.720947,-375.590149
2.625,-116.95797,1427.15979,99.787689,-236.017548,1289.223877,-126.109406,-167.152176,1363.856201,-375.008026
2.633,-116.169891,1429.772949,98.784714,-238.145889,1296.482178,-128.101074,-162.835861,1377.784668,-373.922943
2.642,-115.41069,1432.381958,97.740334,-240.238068,1303.980835,-130.504852,-158.337234,1391.905273,-372.436157
2.65,-114.715538,1435.021606,96.665154,-242.256607,1311.561157,-132.373459,-153.653305,1405.902222,-370.329193
2.658,-114.05825,1437.641724,95.644028,-243.940552,1319.246338,-134.129089,-148.668472,1419.87793,-367.822845
2.667,-113.300331,1440.153931,94.65155,-245.5224,1327.186157,-136.219727,-143.460907,1433.474243,-364.946747
2.675,-112.640335,1442.577515,93.615295,-246.867767,1335.065918,-137.798096,-137.96727,1446.775513,-361.530182
2.683,-111.98967,1444.84375,92.475685,-247.865524,1342.751831,-139.732697,-132.646866,1459.797607,-357.842834
2.692,-111.270073,1447.05127,91.405373,-248.549759,1350.400513,-141.269882,-127.080574,1472.419922,-353.702759
2.7,-110.634827,1449.110718,90.641396,-249.258179,1357.973389,-142.904099,-121.370201,1484.604004,-349.225342
2.708,-110.206787,1450.963379,90.039238,-249.424332,1365.22583,-144.406189,-115.564987,1496.282471,-344.448883
2.717,-109.041519,1452.628296,88.724548,-249.645432,1372.201416,-145.887405,-109.501366,1507.360596,-339.206818
2.725,-107.991585,1454.14624,87.549538,-249.684387,1378.928467,-147.391953,-103.294106,1517.733887,-333.549774
2.733,-107.161934,1455.471069,86.494759,-249.369476,1385.167847,-148.883621,-96.897507,1527.441772,-327.386139
2.742,-106.593239,1456.692627,86.054626,-248.922546,1391.0271,-150.358444,-90.549782,1536.272949,-320.74292
2.75,-106.171585,1457.983643,85.49868,-248.18074,1396.204224,-151.742081,-84.268143,1544.387207,-313.80423
2.758,-105.665108,1458.888916,85.043617,-247.620041,1400.553223,-154.017899,-78.182213,1551.781128,-306.531982
2.767,-104.953949,1459.944458,84.414597,-246.587173,1404.753174,-155.188004,-71.75354,1558.580688,-300.255798
2.775,-104.279335,1460.930908,83.802101,-245.62323,1408.537964,-156.10318,-66.183205,1564.27124,-292.182404
2.783,-103.661537,1461.73877,83.509781,-244.376343,1411.767456,-157.249237,-60.794998,1569.171021,-283.952515
2.792,-102.818863,1462.654175,82.660721,-242.891068,1414.477051,-158.423431,-55.428963,1573.153564,-275.658386
2.8,-102.579231,1463.518311,82.640549,-241.810349,1416.842773,-159.434998,-50.302586,1576.431641,-267.421753
2.808,-102.1408,1464.149902,82.298569,-240.496765,1418.987061,-160.355209,-45.236618,1578.73938,-259.31311
2.817,-101.710304,1464.692505,82.038368,-239.214798,1420.44397,-160.960205,-40.482094,1580.054077,-251.271164
2.825,-101.336304,1465.286133,81.880272,-238.059097,1422.085205,-161.519669,-35.746273,1580.51062,-243.308456
2.833,-101.037369,1465.772583,81.993195,-237.027832,1423.24707,-161.852112,-31.195265,1579.827515,-235.506088
2.842,-100.784065,1466.06189,82.330444,-235.462585,1424.706055,-162.186417,-26.767452,1578.383057,-227.80481
2.85,-100.473045,1466.249634,82.755569,-234.467438,1425.570068,-162.335022,-22.598804,1576.108521,-220.495544
2.858,-100.169579,1466.312988,83.292007,-233.562408,1426.203369,-162.297379,-18.47477,1572.977905,-213.510284
2.867,-99.766502,1466.19165,84.06813,-232.693817,1426.603516,-162.049149,-14.496533,1569.212891,-206.921127
2.875,-99.343811,1466.047241,84.992554,-232.014725,1426.869385,-161.639191,-10.646332,1564.616211,-201.084518
2.883,-99.246048,1465.809448,86.103729,-231.445526,1427.013062,-161.157455,-6.984403,1559.370972,-195.230148
2.892,-99.139877,1465.398682,87.23835,-230.580658,1426.889648,-160.47229,-3.438351,1553.372314,-189.804565
2.9,-98.894264,1464.915771,88.092484,-229.960785,1426.683472,-159.654953,-0.001421,1546.842773,-184.700775
2.908,-98.929428,1464.474976,89.620529,-229.43248,1426.235718,-158.806412,3.379467,1539.735107,-179.962357
2.917,-98.808449,1463.592773,91.063965,-228.987991,1425.624146,-157.694962,6.571173,1532.192383,-175.635773
2.925,-99.266922,1463.171143,93.124992,-228.297241,1424.613647,-156.54808,9.586856,1524.364014,-171.620514
2.933,-99.286819,1461.861938,94.559601,-227.698975,1423.386963,-155.243744,12.438047,1516.158081,-167.816986
2.942,-99.411674,1460.455078,96.218918,-227.007355,1421.926025,-153.967636,15.334733,1507.528198,-164.310883
2.95,-99.708931,1459.269531,97.959373,-226.468079,1420.215332,-152.370728,18.110319,1498.461914,-161.023743
2.958,-100.13134,1457.810791,100.050484,-225.931351,1418.37854,-150.800598,20.654797,1488.824463,-157.856262
2.967,-100.683884,1456.332031,102.208488,-225.471786,1416.692505,-149.208923,23.042854,1478.649414,-154.752304
2.975,-100.910187,1454.367798,104.271858,-225.105392,1414.892578,-147.433487,25.047995,1468.279175,-151.662506
2.983,-101.387054,1452.516602,106.344139,-224.866028,1413.338257,-145.722687,26.675819,1457.648804,-148.608795
2.992,-101.978516,1450.610962,108.350952,-224.83876,1411.609985,-143.935257,27.854464,1447.370605,-145.608566
3,-102.524345,1448.783203,110.308418,-225.164627,1409.608154,-142.165085,28.435774,1437.632202,-142.673309
3.008,-103.094879,1446.927246,112.261147,-225.867218,1407.288208,-140.554443,28.701992,1429.225952,-141.344681
3.017,-103.686058,1445.033813,114.114799,-226.753601,1404.284058,-138.561218,27.825447,1422.635132,-140.349991
3.025,-104.278786,1443.197876,115.972168,-227.412323,1400.332031,-136.418625,27.2593,1418.616455,-140.912552
3.033,-104.867836,1441.294189,117.652702,-228.012878,1395.894897,-134.362991,26.625563,1415.925781,-141.748154
3.042,-105.648903,1439.365845,119.255028,-228.43042,1391.070312,-132.062729,25.909294,1414.236084,-142.595261
3.05,-106.405472,1437.495117,120.62339,-228.846237,1386.625732,-129.86438,25.279261,1412.82666,-143.003983
3.058,-107.14679,1435.710815,121.862625,-229.193695,1382.358765,-128.148407,24.463755,1411.359131,-142.749756
3.067,-107.907593,1434.030884,123.059822,-229.400726,1378.524048,-126.64473,23.896683,1410.333374,-141.852142
3.075,-108.750549,1432.521362,124.264526,-229.593506,1375.470459,-125.563606,23.354305,1409.420288,-140.330948
3.083,-109.56424,1431.078125,125.509605,-229.710831,1373.177612,-124.694916,22.920612,1408.617798,-138.246857
3.092,-110.368134,1429.862671,126.593124,-229.76619,1371.368408,-123.974983,22.661615,1407.834961,-135.956482
3.1,-111.140144,1428.762207,127.694534,-229.822098,1370.245728,-123.370476,22.429722,1407.068726,-133.644836
3.108,-111.934029,1427.93811,128.594788,-229.831955,1369.425903,-122.896744,22.442846,1406.374268,-131.398834
3.117,-112.514885,1427.269775,129.256973,-229.805374,1368.761353,-122.526024,22.503389,1406.053345,-129.640198
3.125,-112.990593,1426.823364,129.809128,-229.542542,1368.384644,-122.264595,22.691439,1406.153198,-128.190445
3.133,-113.383698,1426.533813,130.227203,-229.234665,1368.167603,-122.071472,22.918783,1406.782104,-127.157974
3.142,-113.651146,1426.529907,130.530182,-228.476044,1368.064209,-122.00766,23.315453,1407.971069,-126.40448
3.15,-113.858276,1426.766724,130.714859,-227.755096,1368.206177,-122.04882,23.87323,1409.532959,-125.911888
3.158,-114.055756,1427.319824,130.707825,-227.032623,1368.5802,-122.147415,24.533184,1411.436646,-125.512558
3.167,-114.188721,1428.077515,130.516098,-226.185867,1369.533325,-122.517998,25.367304,1413.475342,-125.187813
3.175,-114.416801,1429.057007,130.417343,-225.263489,1370.342896,-122.969772,26.262644,1415.67395,-124.897057
3.183,-114.712524,1430.38269,130.023041,-223.828079,1371.234131,-124.197517,27.199186,1417.8125,-124.701385
3.192,-114.966507,1431.79834,129.472321,-222.678436,1372.795288,-125.11557,28.24629,1420.088745,-124.42662
3.2,-115.243492,1433.431274,128.916718,-221.612686,1374.332031,-126.206291,29.274403,1422.427979,-124.249886
3.208,-115.453896,1435.172363,128.190628,-220.632904,1376.261108,-127.407478,30.25218,1424.992554,-124.069321
3.217,-115.596176,1437.040527,127.295731,-219.400574,1378.35083,-128.763611,31.221226,1427.75769,-124.035263
3.225,-115.644608,1438.862305,126.420616,-218.320084,1380.560059,-130.189774,32.114784,1430.687012,-124.01754
3.233,-115.699524,1440.874756,125.283821,-217.247437,1382.625244,-131.484039,33.071415,1433.786255,-124.058884
3.242,-115.662819,1442.853271,124.192047,-216.097214,1384.954102,-133.006546,33.942711,1436.944946,-124.217987
3.25,-115.349197,1444.77417,122.782211,-214.967819,1387.307373,-134.526535,34.875053,1440.196045,-124.426224
3.258,-115.128372,1446.747803,121.304657,-213.639481,1389.595825,-136.028229,35.833786,1443.498657,-124.675369
3.267,-114.820946,1448.609741,120.039543,-212.342194,1391.718018,-137.542343,36.87788,1446.811646,-124.962364
3.275,-114.630035,1450.356323,118.892853,-211.264877,1394.090942,-139.036377,37.750454,1450.045288,-125.264633
3.283,-114.406944,1452.08252,117.649101,-210.055237,1396.401611,-140.599945,38.639076,1453.217529,-125.69606
3.292,-114.121933,1453.648926,116.481705,-208.982208,1398.788574,-142.234055,39.430321,1456.306885,-126.157257
3.3,-113.920151,1455.214111,115.257355,-207.800919,1401.046509,-143.832275,40.388863,1459.144531,-126.506287
3.308,-113.630486,1456.569458,113.982643,-206.69606,1403.144897,-145.286957,41.205788,1461.710815,-126.983032
3.317,-113.288254,1457.874756,112.684975,-205.931,1405.113525,-147.6521,42.280376,1464.400879,-127.100037
3.325,-112.912163,1458.975586,111.406052,-204.923965,1407.202271,-149.017029,43.019699,1466.749146,-127.455223
3.333,-112.434952,1459.944092,110.173233,-204.099304,1408.928223,-150.281433,43.819553,1468.93103,-127.773346
3.342,-111.980644,1460.827393,108.975403,-203.258331,1410.584473,-151.815948,44.462631,1470.885742,-128.05629
3.35,-111.553314,1461.699341,107.715927,-202.23819,1412.008423,-153.104172,45.11042,1472.566895,-128.319519
3.358,-111.225197,1462.443848,106.556976,-201.395615,1413.189209,-154.450195,45.806782,1474.006104,-128.521774
3.367,-110.752213,1463.040771,105.390007,-200.496429,1414.107788,-155.613388,46.364811,1475.194214,-128.717667
3.375,-110.364212,1463.617798,104.220993,-199.658142,1414.930298,-156.960907,47.011131,1476.155273,-128.83107
3.383,-110.069519,1464.180786,103.072227,-198.791519,1415.414062,-158.082947,47.669121,1476.86792,-128.855042
3.392,-109.729683,1464.674438,101.988266,-198.013977,1415.63855,-159.232239,48.270313,1477.375854,-128.898392
3.4,-109.517509,1465.094604,101.062271,-197.173798,1415.682617,-160.301147,48.808804,1477.740234,-128.899307
3.408,-109.22506,1465.420288,100.082794,-196.126633,1415.460693,-161.309631,49.367588,1477.994141,-128.813156
3.417,-109.028862,1465.713379,99.263954,-195.194946,1415.121338,-162.409332,49.948738,1478.12793,-128.68074
3.425,-108.855202,1465.91687,98.407402,-194.354858,1414.675537,-163.367203,50.487831,1478.100952,-128.50708
3.433,-108.719978,1466.063599,97.662117,-193.516052,1414.10144,-164.255249,51.013981,1477.952271,-128.364471
3.442,-108.658653,1466.183228,97.187973,-192.587692,1413.343628,-165.10675,51.503002,1477.663452,-128.230026
3.45,-108.73188,1466.12085,96.807426,-191.797928,1412.471558,-165.843338,52.005123,1477.220703,-128.049484
3.458,-108.711868,1466.100586,96.388733,-191.0009,1411.492554,-166.468231,52.484959,1476.620117,-127.816139
3.467,-108.738037,1466.004883,96.081268,-190.266495,1410.419189,-166.998184,52.84359,1476.00769,-127.63134
3.475,-108.7705,1465.81543,95.836212,-189.63504,1409.296631,-167.429153,53.208721,1475.241211,-127.449615
3.483,-109.113533,1465.621582,95.886803,-189.00618,1408.032715,-167.738144,53.601128,1474.317749,-127.196251
3.492,-109.175812,1465.305908,95.631538,-188.541656,1406.884033,-168.020126,53.848076,1473.368042,-126.923409
3.5,-109.269455,1464.968384,95.529984,-188.179779,1405.571045,-168.200424,54.05508,1472.403198,-126.554459
3.508,-109.50943,1464.43811,95.761368,-187.887085,1404.234009,-168.201126,54.236053,1471.286011,-126.1521
3.517,-109.697945,1463.873657,95.93483,-187.634003,1402.856689,-168.029907,54.232307,1470.222412,-125.679733
3.525,-109.870659,1463.276245,96.134842,-187.600998,1401.291138,-167.76796,54.159225,1469.03064,-125.190544
3.533,-110.119949,1462.439331,96.578506,-187.587753,1399.762085,-167.435287,54.088593,1467.634521,-124.638161
3.542,-110.423531,1461.685303,97.159409,-187.764618,1398.120117,-166.901489,53.844456,1466.190796,-124.024307
3.55,-110.612183,1460.69812,97.676186,-187.9422,1396.468628,-166.357651,53.591766,1464.520874,-123.365379
3.558,-110.835007,1459.575439,98.347351,-188.360809,1394.761597,-165.597412,53.152573,1462.734863,-122.687294
3.567,-111.219612,1458.489624,99.242165,-188.85231,1392.953247,-164.776566,52.698006,1460.769409,-121.891151
3.575,-111.438103,1457.206421,100.0103,-189.265076,1391.037231,-163.831329,52.162357,1458.794189,-121.120598
3.583,-111.750908,1455.806885,100.825638,-189.947372,1389.032104,-162.848358,51.564976,1456.577393,-120.316925
3.592,-112.065239,1454.379761,102.011559,-190.56076,1387.125122,-161.873962,50.835907,1454.387329,-119.434013
3.6,-112.350464,1452.763794,103.097664,-191.312302,1384.959595,-160.711975,50.136845,1451.998779,-118.48024
3.608,-112.533524,1451.10083,104.205338,-192.109512,1382.73999,-159.549957,49.360313,1449.506104,-117.625557
3.617,-112.830811,1449.367432,105.455101,-192.941177,1380.526245,-158.412872,48.603512,1446.91687,-116.577614
3.625,-113.08828,1447.550293,106.578789,-193.78746,1378.44812,-157.271866,47.772533,1444.146973,-115.709167
3.633,-113.222282,1445.583862,107.805031,-194.699783,1376.246704,-156.145752,47.052521,1441.196899,-114.742737
3.642,-113.546577,1443.684448,108.967903,-195.841141,1374.29126,-155.004425,46.242535,1438.165283,-113.970619
3.65,-113.709709,1441.659302,109.909157,-196.85968,1372.443604,-153.984467,45.35918,1435.16333,-113.399979
3.658,-113.955696,1439.689575,110.968651,-198.000534,1370.690186,-153.072144,44.500053,1432.079102,-113.005493
3.667,-114.226181,1437.718506,111.866409,-199.342239,1369.078735,-152.063614,43.681446,1428.784302,-112.428017
3.675,-114.393875,1435.758789,112.626953,-200.857407,1367.744141,-151.300903,42.795792,1425.468994,-112.127525
3.683,-114.536369,1433.84436,113.465485,-202.276535,1366.237549,-150.358017,41.827114,1422.310913,-112.14286
3.692,-114.632004,1432.007568,114.15506,-203.944244,1365.163086,-149.772949,40.714001,1419.236694,-112.523491
3.7,-114.635925,1430.296631,114.726562,-206.094315,1364.075806,-148.918777,39.443062,1416.372192,-113.291862
3.708,-114.749092,1428.71106,115.208618,-208.274246,1363.236816,-148.396118,37.892998,1413.812988,-114.444
3.717,-114.768593,1427.255127,115.617874,-210.583069,1362.684082,-146.848862,36.128498,1411.617798,-116.152191
3.725,-114.787567,1425.953979,115.976189,-213.539398,1362.038086,-146.068802,33.998375,1410.018921,-118.393501
3.733,-114.787315,1424.962402,116.380676,-216.884521,1361.658691,-145.27066,31.511639,1409.012451,-121.192497
3.742,-114.795731,1424.202393,116.563477,-220.541809,1361.53125,-144.389435,28.554142,1408.543335,-124.595047
3.75,-114.716545,1423.646973,116.695244,-224.641632,1361.530884,-143.291153,25.150604,1408.726074,-128.527573
3.758,-114.642715,1423.398193,116.774307,-229.074036,1361.637329,-142.066757,21.205078,1409.4104,-132.861465
3.767,-114.56514,1423.40332,116.778763,-234.02739,1362.119019,-140.589615,16.832457,1410.71814,-137.595901
3.775,-114.504158,1423.654541,116.68119,-239.357056,1362.994995,-139.087753,11.736864,1412.722168,-142.683945
3.783,-114.492775,1424.19104,116.492905,-244.825653,1364.110962,-137.265991,5.817261,1415.505371,-147.973984
3.792,-114.562943,1424.974243,116.17733,-250.863876,1365.650391,-135.2742,-0.748893,1418.958862,-153.448792
3.8,-114.849564,1426.000366,115.627724,-257.080475,1367.276611,-133.525894,-7.843069,1422.884277,-159.188171
3.808,-115.002205,1427.292969,115.158928,-263.70047,1369.609253,-131.026657,-15.437933,1427.126099,-165.048813
3.817,-115.14817,1428.742065,114.644279,-269.28302,1371.983765,-127.846939,-23.492899,1431.669678,-171.172684
3.825,-115.286301,1430.361694,114.122551,-275.5513,1374.702881,-125.034409,-32.104984,1436.668457,-177.275803
3.833,-115.588783,1432.207397,113.536903,-282.170471,1377.758423,-121.929291,-41.073227,1442.056519,-183.27182
3.842,-115.741905,1434.146118,112.921402,-288.780853,1380.917358,-118.492683,-50.570454,1447.912109,-189.129242
3.85,-115.843796,1436.091797,112.249146,-295.232727,1384.324097,-115.032814,-60.371002,1454.137817,-194.577179
3.858,-115.862328,1438.293945,111.61631,-301.571655,1387.802368,-111.312248,-70.440056,1460.826172,-199.644882
3.867,-115.785599,1440.249756,110.666634,-307.703827,1391.214966,-107.540375,-80.964302,1468.071655,-204.225571
3.875,-115.692993,1442.18103,109.748528,-313.673889,1394.858276,-103.795647,-91.53466,1475.623047,-208.236465
3.883,-115.714127,1444.477295,108.805611,-319.722931,1398.108032,-99.478706,-102.039726,1483.357666,-211.498779
3.892,-115.491165,1446.379028,107.48291,-325.020111,1401.443115,-95.765556,-112.756844,1491.238647,-213.972794
3.9,-115.288948,1448.418579,106.457047,-330.150696,1404.531616,-91.835388,-123.285973,1499.311035,-216.061813
3.908,-115.086502,1450.352905,105.224106,-335.01059,1407.573608,-87.959419,-133.797562,1507.285889,-217.617218
3.917,-114.805481,1452.267944,104.063782,-339.549591,1410.187622,-83.809708,-144.098633,1515.15271,-218.374329
3.925,-114.464432,1453.960205,102.764877,-343.835815,1412.651489,-79.99559,-154.057022,1522.860229,-218.601089
3.933,-114.061218,1455.633301,101.650429,-347.874084,1414.780029,-76.302826,-163.82373,1530.409302,-218.087891
3.942,-113.562057,1457.260376,100.473969,-351.50708,1416.496094,-72.577652,-173.277039,1537.853882,-217.046341
3.95,-113.040131,1458.539307,99.42598,-354.742981,1417.844482,-68.924973,-182.368729,1545.137695,-215.292923
3.958,-112.406181,1459.718628,98.346283,-357.882355,1418.776367,-65.487724,-191.115891,1552.109009,-213.147095
3.967,-111.944633,1460.871216,97.763817,-360.552216,1419.419556,-62.397903,-199.508392,1559.092285,-210.415833
3.975,-111.369926,1461.595215,97.094589,-362.612823,1419.609863,-59.345798,-207.453415,1565.718384,-207.232071
3.983,-110.757393,1462.155518,96.602409,-364.570374,1419.401733,-56.759506,-215.117798,1572.046265,-203.714142
3.992,-110.064392,1462.5271,96.199974,-366.152771,1418.901978,-54.09861,-222.384354,1577.898071,-199.931046
4,-109.407501,1462.748779,95.945488,-367.378784,1418.211792,-51.977978,-229.238861,1583.329468,-195.811005
4.008,-108.769173,1462.847778,95.66642,-368.377258,1417.122925,-49.740372,-235.610916,1588.174561,-191.795349
4.017,-108.232857,1462.883179,95.289986,-369.295135,1416.01123,-47.886608,-241.436508,1592.525146,-187.5495
4.025,-107.924561,1463.04248,95.166695,-369.7659,1414.642212,-46.111931,-246.736572,1596.129395,-183.311966
4.033,-107.690628,1463.140381,95.053062,-370.375092,1413.200806,-44.708981,-251.30722,1599.193848,-178.925827
4.042,-107.464417,1463.114136,94.872726,-370.677002,1411.612305,-43.189041,-255.594849,1601.89502,-174.733383
4.05,-107.313431,1463.015991,94.812126,-371.190948,1410.090332,-42.101902,-259.345337,1604.116699,-170.363953
4.058,-107.129547,1462.855103,94.705788,-371.37384,1408.25354,-41.116611,-262.480621,1605.999634,-165.872208
4.067,-106.981316,1462.595337,94.853806,-371.61618,1406.512573,-40.260971,-265.3396,1607.647339,-161.670563
4.075,-106.934067,1462.241821,95.095383,-371.853027,1404.747314,-39.813408,-267.794373,1609.037842,-157.355713
4.083,-106.925865,1461.844604,95.148888,-372.050903,1402.808838,-39.288658,-269.768311,1610.133789,-153.062881
4.092,-106.933968,1461.285645,95.078461,-372.261841,1401.002075,-39.103878,-271.295624,1610.702881,-148.795853
4.1,-106.931259,1460.628662,95.014122,-372.374603,1398.900391,-38.845764,-272.376373,1611.072021,-144.807602
4.108,-106.915993,1459.845337,95.087082,-372.47876,1396.853271,-38.737282,-273.15332,1611.074585,-140.734711
4.117,-106.958214,1458.969604,95.146431,-372.540375,1394.73999,-38.805096,-273.457733,1610.685913,-136.84111
4.125,-107.131248,1458.011719,95.321259,-372.505432,1392.471069,-38.786777,-273.391083,1610.022461,-133.087555
4.133,-107.206612,1456.990723,95.407158,-372.330505,1390.151733,-38.824203,-272.942871,1609.06189,-129.326981
4.142,-107.21225,1455.884277,95.834,-372.128143,1387.736328,-38.973164,-271.822754,1608.163818,-127.591522
4.15,-107.276047,1454.709595,96.320381,-371.84079,1385.250122,-39.061543,-270.461395,1606.493042,-124.269112
4.158,-107.284164,1453.529663,97.054581,-371.543243,1382.720825,-39.077881,-268.961548,1604.347778,-121.074364
4.167,-107.068916,1451.989258,97.672974,-371.215088,1380.150635,-39.069519,-266.861603,1601.619019,-117.550507
4.175,-107.00193,1450.48938,98.125618,-370.760376,1377.535034,-39.136318,-264.319733,1598.533325,-114.531349
4.183,-106.900063,1448.858887,98.777397,-370.152679,1374.677002,-38.939465,-261.552216,1595.090698,-111.410255
4.192,-106.843819,1447.257446,99.122849,-369.705231,1371.866943,-38.754074,-258.540161,1591.307739,-108.608421
4.2,-106.747284,1445.349487,99.764481,-369.184509,1369.052124,-38.595036,-255.489502,1587.335083,-106.070938
4.208,-106.724274,1443.46875,100.001038,-368.658081,1366.172852,-38.324753,-252.342819,1583.108765,-103.624504
4.217,-106.758484,1441.493286,100.401215,-368.083374,1363.324097,-38.17342,-249.121552,1578.783691,-101.339661
4.225,-106.790405,1439.459106,101.104301,-367.648102,1360.309204,-37.900608,-246.088547,1574.341919,-99.283104
4.233,-106.703156,1437.498901,101.90992,-367.186279,1357.304565,-37.618057,-243.148178,1569.727173,-97.401978
4.242,-106.823593,1435.385986,102.602776,-366.531586,1354.17981,-37.236259,-240.164322,1565.020142,-95.631744
4.25,-106.775101,1433.177979,103.544815,-366.121643,1351.131714,-36.876923,-237.404099,1560.255615,-94.182777
4.258,-106.844093,1431.035645,104.356689,-365.743866,1348.118652,-36.547424,-234.618912,1555.404785,-93.131462
4.267,-106.848259,1428.887695,105.207291,-365.393127,1345.212769,-36.159065,-231.853683,1550.675171,-92.48024
4.275,-106.882225,1426.759766,106.233421,-365.032104,1342.377808,-35.60017,-229.854782,1546.009277,-90.786079
4.283,-106.943848,1424.631226,107.19281,-364.738037,1339.738525,-35.154835,-227.421936,1541.49231,-91.27037
4.292,-107.001472,1422.72998,107.783951,-364.57962,1337.005127,-34.52916,-225.013412,1537.001953,-91.473068
4.3,-107.196342,1420.784668,108.527206,-364.572388,1334.266724,-33.937805,-223.137054,1532.492432,-91.773529
4.308,-107.229164,1418.991333,109.111938,-364.583527,1331.533569,-33.275105,-221.680588,1528.032104,-92.270332
4.317,-107.441872,1417.359985,109.744316,-364.563049,1328.762451,-32.526386,-220.641769,1523.798096,-92.994476
4.325,-107.369545,1415.719116,110.195351,-364.384796,1326.076904,-31.835869,-220.508789,1520.295044,-94.002129
4.333,-107.509209,1414.358032,110.672569,-364.092438,1323.451538,-31.133213,-221.176498,1517.876831,-95.095375
4.342,-107.338585,1413.111938,111.189545,-363.80603,1320.863403,-30.616301,-222.480011,1516.411621,-96.172844
4.35,-107.413277,1411.963745,111.520561,-363.409424,1318.408569,-30.097252,-223.825729,1515.316162,-97.063271
4.358,-107.47757,1411.173706,111.64064,-363.024628,1316.357788,-29.755621,-225.192245,1514.357788,-97.639702
4.367,-107.493843,1410.574219,111.62989,-362.565063,1314.48938,-29.172594,-226.412994,1513.480347,-97.974121
4.375,-107.303337,1409.983276,111.671272,-362.408325,1313.246704,-28.68679,-227.36026,1512.683594,-98.031815
4.383,-107.326096,1409.755981,111.54081,-362.333282,1312.292847,-28.0539,-228.698196,1512.057251,-96.39711
4.392,-107.32547,1409.753052,111.283516,-362.384033,1311.74707,-27.488508,-229.301773,1511.537476,-96.179268
4.4,-107.365669,1410.016968,110.943024,-362.568695,1311.55957,-26.924809,-229.937912,1511.314453,-95.941788
4.408,-107.302673,1410.4646,110.620026,-362.870972,1311.637939,-26.303202,-230.318527,1511.466553,-96.919678
4.417,-107.136574,1411.054688,110.27401,-363.274841,1312.009155,-25.677097,-231.609848,1512.113281,-95.623222
4.425,-107.004814,1411.898193,109.74852,-363.680939,1312.706055,-25.025873,-232.649963,1512.975952,-95.570427
4.433,-106.794113,1412.995728,109.170776,-364.069519,1313.415039,-24.427525,-233.634628,1514.22876,-96.312775
4.442,-106.4692,1414.178101,108.754776,-364.466522,1314.646606,-23.781708,-234.445816,1515.578125,-97.362694
4.45,-106.223244,1415.646606,107.949112,-364.861664,1315.8396,-23.092836,-235.923874,1517.08728,-97.219765
4.458,-105.920631,1417.065918,107.275787,-365.223755,1317.384033,-22.192551,-237.356613,1519.010986,-96.94886
4.467,-105.694695,1418.819702,106.501938,-365.806335,1318.963867,-21.678642,-238.991211,1521.229126,-96.540314
4.475,-105.368324,1420.498657,105.788689,-366.205872,1320.821655,-20.936214,-240.269913,1523.315063,-96.611183
4.483,-105.169212,1422.315063,104.851883,-366.758179,1322.771484,-20.535881,-241.305481,1525.364746,-96.968819
4.492,-104.847015,1424.155518,104.032104,-367.229675,1324.640259,-20.047567,-242.309326,1527.38562,-97.484306
4.5,-104.654221,1425.91333,103.016739,-367.656616,1326.710815,-19.703897,-243.228378,1529.44812,-98.06514
4.508,-104.386818,1427.854614,102.061554,-368.144867,1328.665771,-19.191311,-244.182251,1531.604736,-98.6726
4.517,-104.137497,1429.548706,101.139458,-368.601654,1330.879639,-18.890427,-245.089386,1533.738525,-99.31456
4.525,-103.765251,1431.398071,100.278214,-369.1492,1332.704712,-18.774181,-246.004593,1535.884399,-100.055412
4.533,-103.499359,1433.110107,99.308128,-369.490417,1334.665894,-18.645332,-246.978287,1538.089478,-100.644615
4.542,-103.357384,1434.690552,98.359016,-369.928558,1336.479248,-18.518892,-248.112259,1540.226929,-101.050385
4.55,-103.130966,1436.348022,97.2957,-370.315552,1338.113892,-18.417313,-249.073776,1542.064087,-101.445831
4.558,-103.037003,1437.765503,96.31649,-370.651794,1339.709961,-18.329004,-250.162781,1543.874023,-101.670403
4.567,-102.887184,1439.257324,95.345634,-371.064056,1341.087158,-18.413763,-251.04657,1545.450439,-102.409172
4.575,-102.697006,1440.472046,94.383728,-371.230377,1342.325073,-18.381277,-251.830276,1546.715942,-103.093323
4.583,-102.500015,1441.930908,93.698761,-371.664062,1343.359863,-18.734287,-252.525742,1547.869385,-103.881416
4.592,-102.554176,1442.994019,92.762665,-371.85791,1344.36084,-18.740786,-253.208405,1548.844482,-104.631378
4.6,-102.526794,1443.93042,91.969551,-372.151825,1344.865356,-19.016638,-253.917938,1549.577759,-105.394119
4.608,-102.54834,1444.938965,91.035431,-372.294373,1345.431885,-19.103359,-254.53743,1550.191895,-106.24707
4.617,-102.513321,1445.625244,90.303505,-372.637299,1345.685303,-19.542505,-255.163788,1550.56958,-107.276924
4.625,-102.648666,1446.159058,89.490761,-372.800385,1345.883301,-19.783701,-255.580093,1550.688843,-108.025543
4.633,-102.754517,1446.620728,88.66433,-371.826813,1346.686157,-19.09042,-256.108368,1550.666992,-108.894402
4.642,-102.841743,1447.012329,87.959862,-371.901978,1346.467285,-19.326569,-256.572144,1550.485107,-109.934662
4.65,-103.160858,1447.342651,87.19735,-372.018158,1346.157959,-19.725046,-256.910919,1550.163086,-110.771217
4.658,-103.37088,1447.497681,86.50573,-372.096069,1345.681396,-20.088871,-257.157959,1549.512085,-111.564835
4.667,-103.511391,1447.445923,85.928268,-372.152985,1345.008301,-20.56086,-257.550873,1548.813477,-112.542107
4.675,-103.67968,1447.393921,85.633232,-372.1633,1344.261353,-20.996773,-257.797333,1547.932373,-113.431892
4.683,-103.860458,1447.179443,85.319725,-372.107483,1343.142334,-21.456825,-257.922791,1546.908691,-114.237358
4.692,-104.087936,1446.818115,85.03289,-371.893463,1341.901978,-21.915583,-258.05661,1545.753052,-115.04818
4.7,-104.46537,1446.397339,84.961288,-371.766907,1340.686768,-22.518894,-258.13147,1544.375,-115.809937
4.708,-104.728699,1445.98645,84.977882,-371.517944,1339.054565,-22.987253,-258.189941,1542.936523,-116.561539
4.717,-105.046127,1445.363525,84.711807,-371.290833,1337.502075,-23.55294,-258.208496,1541.369141,-117.379715
4.725,-105.438911,1444.856079,84.898926,-370.870026,1335.669556,-24.046162,-258.279449,1539.75,-118.097122
4.733,-105.895798,1444.31311,85.132629,-370.328033,1333.751709,-24.60144,-258.371124,1538.028809,-118.767281
4.742,-106.522972,1443.453003,85.160255,-369.936554,1331.708862,-25.273155,-258.320892,1536.254761,-119.425011
4.75,-107.043564,1442.649902,85.349297,-369.562927,1329.653442,-25.898693,-258.328064,1534.40271,-120.080475
4.758,-107.522812,1441.809448,85.613228,-369.112549,1327.384277,-26.502502,-258.285461,1532.358765,-120.711143
4.767,-107.924072,1440.807983,85.925278,-368.704742,1325.226685,-27.204023,-258.161774,1530.390991,-121.285576
4.775,-108.430069,1439.716797,86.32692,-367.970825,1322.762085,-27.633909,-257.675842,1528.282104,-122.551102
4.783,-108.895256,1438.682373,86.66671,-367.451263,1320.26062,-28.294525,-257.052704,1526.031006,-123.862442
4.792,-109.349251,1437.363892,87.084305,-366.962402,1317.921509,-29.001097,-256.503662,1523.658691,-124.808296
4.8,-109.735298,1436.136597,87.555046,-366.388489,1315.327881,-29.526585,-255.908783,1521.269653,-125.407799
4.808,-110.021927,1434.89856,88.141457,-365.499878,1312.576416,-29.921207,-255.518082,1518.803833,-125.772926
4.817,-110.375687,1433.452515,88.69709,-364.85611,1310.100708,-30.573559,-255.037186,1516.283325,-126.110878
4.825,-110.678734,1432.118164,89.274574,-364.144745,1307.341187,-31.172499,-254.41774,1513.65979,-126.4786
4.833,-110.903206,1430.560303,89.938232,-363.123444,1304.461792,-31.544243,-253.619614,1511.000977,-126.762894
4.842,-111.125275,1429.039917,90.474266,-362.348358,1301.769531,-32.174534,-252.958115,1508.302734,-127.176567
4.85,-111.328598,1427.42749,91.14045,-361.540497,1299.136475,-32.877869,-252.479202,1505.346924,-126.093285
4.858,-111.446671,1425.852539,91.797668,-360.424683,1296.292847,-33.370155,-251.300491,1502.769043,-127.364319
4.867,-111.601318,1424.191528,92.42971,-359.513062,1293.491333,-34.011471,-250.102615,1500.040405,-128.093719
4.875,-111.765594,1422.370728,93.053978,-358.638153,1290.997803,-34.777454,-248.911438,1497.29187,-128.495895
4.883,-111.892212,1420.770508,93.561577,-357.471985,1288.262085,-35.414948,-247.705826,1494.546753,-128.980362
4.892,-111.973473,1418.883545,94.16922,-356.58017,1285.668213,-36.151604,-246.34819,1491.827393,-129.395325
4.9,-112.074028,1417.182129,94.533791,-355.64032,1283.397705,-37.06142,-244.957306,1489.129639,-129.955643
4.908,-112.185356,1415.289551,94.983688,-354.511292,1280.911743,-37.756786,-243.542542,1486.504883,-130.604141
4.917,-112.18779,1413.521118,95.298859,-353.641022,1278.656372,-38.68055,-242.104736,1483.877808,-131.260345
4.925,-112.388115,1411.760132,95.629852,-352.682983,1276.554077,-39.695232,-240.684235,1481.396362,-132.148849
4.933,-112.411049,1409.892212,95.914375,-351.531464,1274.335449,-40.660835,-239.364853,1478.869873,-133.119064
4.942,-112.568436,1408.223389,96.112526,-350.628815,1272.38855,-41.753345,-237.963013,1476.512695,-134.403702
4.95,-112.700607,1406.494873,96.326057,-349.499664,1270.341187,-42.863602,-236.596069,1474.354858,-136.224884
4.958,-112.81089,1404.966431,96.457222,-348.330841,1268.494995,-44.091915,-235.275482,1472.145142,-137.975784
4.967,-112.94603,1403.381226,96.574722,-347.368744,1266.801147,-45.519787,-233.974823,1469.940796,-139.761642
4.975,-113.080048,1402.026367,96.560158,-346.023376,1264.882812,-46.814655,-232.577713,1467.937988,-142.17218
4.983,-113.414497,1400.813721,96.3246,-344.893097,1263.363403,-48.480724,-231.122818,1465.957397,-144.823853
4.992,-113.619804,1399.664185,96.201561,-343.806946,1262.036621,-50.282715,-229.660233,1464.06897,-147.894623
5,-113.85186,1398.810547,95.883858,-342.359528,1260.455322,-52.048794,-228.216995,1462.177612,-150.933624
5.008,-114.110085,1398.193481,95.384201,-340.979095,1259.111084,-53.952255,-226.741531,1460.359985,-154.387726
5.017,-114.399101,1397.779785,94.90358,-339.67688,1257.994141,-56.118851,-225.364563,1458.540039,-158.36937
5.025,-114.747841,1397.594116,94.295479,-337.925476,1256.793091,-58.323048,-223.683807,1456.707397,-162.686966
5.033,-115.15007,1397.637451,93.554588,-336.41748,1255.817017,-60.77087,-221.895569,1454.782715,-167.645126
5.042,-115.556572,1397.837891,92.84388,-334.555267,1254.885376,-63.200756,-219.977325,1452.647949,-172.891235
5.05,-116.017853,1398.290283,92.013672,-332.892761,1254.111572,-65.787872,-217.749222,1450.286621,-178.476883
5.058,-116.390877,1398.979614,91.133453,-330.846619,1253.292236,-68.370522,-215.360138,1447.796143,-184.462418
5.067,-116.697342,1399.855835,90.250969,-328.994751,1252.673584,-71.049667,-212.712738,1445.184448,-190.675598
5.075,-116.952141,1400.909302,89.2024,-326.854431,1252.064453,-73.682259,-209.874863,1442.252808,-197.311478
5.083,-117.251091,1402.147217,88.250381,-324.764496,1251.561035,-76.432327,-207.172089,1439.309692,-203.671692
5.092,-117.512032,1403.527222,86.96286,-322.441467,1251.188232,-79.136642,-204.088867,1436.054932,-210.840622
5.1,-117.861481,1405.138184,85.881149,-320.367432,1251.138306,-81.962746,-201.079361,1432.608887,-218.107712
5.108,-117.977852,1406.850464,84.523758,-317.926361,1250.887451,-84.602417,-197.95549,1429.068481,-225.624542
5.117,-117.997498,1408.607544,83.121796,-315.592957,1250.796387,-87.308846,-194.78804,1425.144653,-233.228851
5.125,-118.06321,1410.411621,81.554459,-312.598206,1250.289062,-90.442963,-191.708847,1420.942505,-240.999756
5.133,-118.126633,1412.293091,79.816101,-309.860718,1249.961182,-93.200333,-188.251373,1416.525757,-248.840652
5.142,-118.293381,1414.280151,77.949997,-307.415161,1249.989746,-96.007927,-184.864227,1411.481812,-256.670135
5.15,-118.338539,1416.101318,76.022285,-304.787201,1249.657227,-98.792801,-181.296814,1406.265503,-264.607605
5.158,-118.388435,1417.971802,73.691719,-302.051514,1249.112671,-101.48468,-177.405701,1400.350708,-272.279327
5.167,-118.400955,1419.949951,71.692467,-299.499451,1248.654785,-104.287941,-173.57605,1393.993896,-279.802399
5.175,-118.239807,1421.686523,69.338882,-297.171204,1248.189575,-106.908997,-169.441742,1386.983765,-287.13623
5.183,-118.068748,1423.467285,66.901451,-294.457184,1247.411865,-109.598633,-165.063248,1379.507446,-294.158173
5.192,-117.91716,1425.349487,64.48793,-292.058411,1246.639648,-112.257744,-160.66983,1371.415771,-300.898499
5.2,-117.866936,1426.963623,61.833553,-289.47525,1245.691162,-114.777962,-155.885406,1362.753418,-307.234741
5.208,-117.641724,1428.187622,58.919006,-287.856842,1244.382446,-117.385994,-151.046127,1353.498779,-313.314423
5.217,-117.41153,1429.379639,55.969795,-285.159882,1243.37146,-119.935287,-145.961609,1343.738281,-318.842316
5.225,-117.206245,1430.562988,52.801311,-282.662598,1242.110229,-122.498459,-140.801651,1333.436157,-324.057404
5.233,-116.896667,1431.596191,49.381557,-280.127197,1240.62854,-125.076767,-135.384842,1322.653442,-328.742676
5.242,-116.621056,1432.429932,46.065441,-277.843445,1239.026245,-127.673508,-129.980392,1311.551514,-332.954956
5.25,-116.323776,1433.059692,42.853138,-275.375488,1236.846436,-130.213348,-124.576881,1299.871094,-336.682007
5.258,-116.008003,1433.705933,39.304771,-273.125549,1234.764893,-132.91452,-118.991905,1287.813354,-339.905457
5.267,-115.965416,1434.05835,35.764111,-270.77829,1232.474854,-135.505829,-113.390976,1275.449707,-342.50769
5.275,-115.654396,1434.096191,32.272057,-268.367371,1229.789795,-137.932693,-107.625572,1262.47522,-344.472565
5.283,-115.0504,1433.790405,28.473194,-266.188049,1227.309204,-140.617233,-101.701355,1248.992188,-345.795441
5.292,-114.801003,1433.548828,25.122822,-263.793091,1224.565186,-143.173553,-95.806534,1235.196411,-346.344452
5.3,-114.619141,1433.244385,21.746403,-261.452454,1221.715332,-145.722794,-89.867203,1220.948486,-346.253479
5.308,-114.544815,1432.824219,18.367241,-259.127625,1218.764526,-148.250946,-83.897331,1206.287598,-345.352295
5.317,-114.356354,1432.232178,15.164958,-256.623962,1215.717529,-150.644135,-78.062798,1191.392822,-343.745789
5.325,-114.229546,1431.578125,11.994781,-254.043167,1212.80835,-153.259033,-72.417908,1176.177979,-341.276947
5.333,-114.087975,1430.888672,9.074938,-251.446274,1209.819214,-155.793106,-66.421043,1160.479248,-338.167603
5.342,-113.871544,1430.134521,6.153388,-248.773254,1207.000366,-158.121506,-61.526924,1145.000977,-333.86142
5.35,-113.593582,1429.323364,3.466119,-246.45491,1203.616455,-161.809814,-56.586269,1129.254639,-329.040833
5.358,-112.85006,1428.081909,0.885404,-242.90477,1200.796387,-163.459549,-51.96104,1113.771118,-323.306519
5.367,-112.251045,1427.113892,-1.661987,-239.640228,1197.57019,-165.314804,-47.910671,1098.77124,-317.181274
5.375,-111.460594,1426.124512,-4.014963,-236.255707,1194.041504,-166.769562,-44.127689,1084.470337,-310.762268
5.383,-110.490692,1424.991211,-6.525476,-232.784271,1190.098633,-167.825119,-40.619545,1070.741455,-304.104797
5.392,-109.341492,1423.662476,-8.778588,-229.258759,1185.727783,-168.488647,-37.553158,1057.902222,-297.303009
5.4,-108.139259,1422.255127,-11.242167,-226.000992,1181.360474,-168.424286,-34.601337,1045.661865,-290.272003
5.408,-106.991676,1420.713501,-13.533981,-222.712234,1176.400269,-168.015778,-31.955801,1033.914307,-282.980164
5.417,-106.072838,1418.99231,-15.810613,-219.68338,1171.10083,-167.075348,-29.549425,1022.555969,-275.154633
5.425,-105.411514,1417.278931,-18.202301,-216.892166,1165.905762,-165.810059,-27.701002,1011.804321,-267.106445
5.433,-104.515984,1414.851196,-20.031092,-214.469452,1160.681274,-164.287521,-26.22394,1001.663208,-258.63385
5.442,-104.261353,1412.947754,-22.214003,-212.463058,1155.369873,-162.334763,-25.104618,992.001648,-249.959824
5.45,-104.139214,1410.94458,-24.120743,-210.856812,1150.184082,-160.277298,-24.300388,983.257996,-241.33136
5.458,-104.23098,1408.885376,-25.900654,-209.631363,1145.071899,-157.827255,-23.679522,975.215332,-232.933289
5.467,-104.582253,1406.827393,-27.557961,-208.898148,1139.861572,-155.351181,-23.269457,967.817993,-224.840942
5.475,-105.006958,1404.735107,-28.904524,-208.617203,1134.899536,-152.607269,-22.993319,961.180176,-217.181656
5.483,-105.62735,1402.670288,-30.109924,-208.761093,1130.012573,-149.758698,-23.085428,955.090149,-209.800949
5.492,-106.339584,1400.592407,-31.123711,-209.190353,1125.611328,-146.746048,-23.399206,949.956421,-203.111969
5.5,-107.051537,1398.516357,-31.753098,-209.807053,1121.321411,-143.612518,-23.880011,945.39624,-196.670151
5.508,-107.904457,1396.538452,-32.208939,-210.581467,1117.505859,-140.476196,-24.692253,940.877563,-190.184296
5.517,-108.711143,1394.623657,-32.394432,-211.39682,1114.056885,-137.290115,-25.440811,936.60437,-184.030563
5.525,-109.508354,1392.853271,-32.399567,-212.236816,1110.890137,-134.216751,-26.601542,932.505676,-179.285812
5.533,-110.376305,1391.249268,-32.091106,-213.172089,1108.064697,-131.304474,-28.408619,928.365051,-175.777313
5.542,-111.198242,1389.815552,-31.54615,-214.206726,1105.599365,-128.387741,-31.234724,925.67572,-173.39003
5.55,-112.090279,1388.650024,-30.860291,-215.249466,1103.498047,-125.551613,-34.367451,923.205322,-171.163666
5.558,-112.972755,1387.566284,-29.942951,-216.310699,1101.768677,-122.708054,-37.180332,921.375183,-169.822617
5.567,-113.900902,1386.574707,-28.84535,-217.290115,1100.465942,-120.233917,-39.730927,919.648438,-169.345932
5.575,-114.821838,1385.675049,-27.715052,-218.15625,1099.244019,-117.937698,-42.028236,918.259766,-171.452805
5.583,-116.418381,1385.754028,-26.988358,-219.072571,1098.343384,-115.988831,-44.083324,917.06134,-172.608368
5.592,-117.217354,1384.693237,-25.679699,-220.103149,1097.466187,-114.337349,-46.113895,915.866699,-173.269623
5.6,-118.307808,1384.172119,-24.639069,-221.007874,1096.789551,-113.084061,-48.013638,915.183289,-174.118271
5.608,-119.160309,1383.513794,-23.622005,-221.904877,1096.296997,-112.349319,-49.863869,914.831482,-175.404831
5.617,-120.248619,1383.109863,-22.722666,-222.88797,1095.853882,-111.994583,-51.435791,914.272278,-175.81868
5.625,-121.156441,1382.658325,-21.887693,-223.879211,1095.664673,-111.953194,-52.93803,914.14978,-176.627029
5.633,-121.975273,1382.482056,-21.40033,-225.041199,1095.465576,-111.717415,-54.337959,914.017639,-176.740524
5.642,-122.649956,1382.324951,-20.928606,-225.853775,1095.519287,-111.962181,-55.500687,914.213989,-177.360199
5.65,-123.19136,1382.336792,-20.576145,-226.659927,1095.726929,-112.29071,-56.450085,914.459412,-177.279526
5.658,-123.561363,1382.500122,-20.453058,-227.296829,1095.984131,-112.626717,-57.283272,914.786926,-177.19603
5.667,-123.813042,1382.719849,-20.476442,-227.825241,1096.462402,-113.004051,-57.938316,915.457825,-177.859177
5.675,-123.936813,1383.117065,-20.70437,-228.282364,1096.967407,-113.327118,-58.504261,916.178162,-178.12944
5.683,-123.952003,1383.681519,-21.071789,-228.590622,1097.614868,-113.75946,-58.743237,916.950623,-178.530441
5.692,-123.933907,1384.383789,-21.66198,-228.853973,1098.402954,-114.240311,-58.843529,917.851868,-179.322266
5.7,-123.938988,1385.091187,-22.307713,-229.040115,1099.2771,-114.965897,-59.181049,918.431213,-179.479111
5.708,-123.930511,1385.981323,-23.125994,-229.135315,1100.220093,-115.684105,-58.643864,919.925537,-179.981857
5.717,-123.898636,1386.933472,-24.051178,-229.098206,1101.025879,-116.383209,-58.329304,921.051636,-180.913116
5.725,-123.92836,1388.022827,-25.08246,-229.044647,1102.073853,-117.193382,-57.784153,922.372498,-181.98819
5.733,-124.022903,1389.209961,-26.343008,-228.955383,1103.105103,-118.13221,-57.200466,923.683167,-182.750214
5.742,-124.149719,1390.327881,-27.575315,-228.841827,1103.987427,-119.018082,-56.7966,924.350769,-185.946564
5.75,-124.277214,1391.540161,-28.955168,-228.686249,1105.048096,-120.160416,-55.856846,925.726196,-186.441223
5.758,-124.460571,1392.832397,-30.526516,-228.511475,1106.007446,-121.132317,-55.466743,926.714478,-188.73764
5.767,-124.603577,1393.961182,-32.1036,-228.531693,1106.959229,-121.988914,-54.459049,927.56012,-190.544556
5.775,-124.663841,1395.197388,-33.887806,-228.48613,1107.987915,-123.149025,-53.942883,928.693542,-191.010788
5.783,-124.647995,1396.252197,-35.724972,-228.463806,1108.735107,-124.037239,-53.502327,929.938049,-191.137924
5.792,-124.634422,1397.262939,-37.606102,-228.539154,1109.373413,-124.922134,-52.999146,930.738892,-191.283539
5.8,-124.563736,1398.296143,-39.706654,-228.64032,1109.932983,-125.798302,-52.723011,931.61908,-191.068176
5.808,-124.578537,1399.197754,-41.829231,-228.733337,1110.427124,-126.607613,-52.53019,932.388794,-191.1147
5.817,-124.446854,1400.065674,-44.022057,-228.889465,1110.862427,-127.323479,-52.287216,932.810547,-191.650162
5.825,-124.43502,1400.799805,-46.248413,-229.093323,1111.156006,-127.87825,-52.255306,933.158936,-191.654617
5.833,-124.376526,1401.421265,-48.470322,-229.358002,1111.358154,-128.304474,-52.200558,933.463745,-191.657074
5.842,-124.500023,1402.071777,-50.663006,-229.6474,1111.474854,-128.573105,-52.205803,933.786316,-191.376648
5.85,-124.415787,1402.448242,-52.79081,-229.975525,1111.533325,-128.831802,-52.269981,933.945068,-191.388641
5.858,-124.018791,1402.212036,-54.582924,-230.370453,1111.473999,-129.112732,-52.310261,933.88501,-191.681
5.867,-124.042885,1402.502197,-56.612862,-230.551773,1111.39563,-128.619003,-52.473057,933.841248,-191.591064
5.875,-124.165367,1402.64856,-58.58617,-230.994003,1111.212158,-128.759033,-52.723064,933.753723,-191.429855
5.883,-124.310028,1402.781738,-60.339218,-231.499603,1110.983643,-128.841354,-53.114025,933.652466,-190.838165
5.892,-124.669441,1402.847534,-62.144806,-232.091812,1110.636108,-128.844238,-53.413239,933.512756,-190.571625
5.9,-125.073166,1402.731079,-63.685356,-232.732742,1110.249023,-128.784256,-53.645691,933.196594,-190.792038
5.908,-125.584587,1402.62561,-65.080177,-233.317062,1109.713135,-128.625824,-54.062061,932.910645,-190.500854
5.917,-126.140312,1402.469238,-66.380043,-233.958771,1109.218994,-128.47757,-54.633198,932.579834,-189.649689
5.925,-126.784119,1402.304443,-67.424118,-234.722885,1108.745972,-128.202087,-55.246155,932.05249,-189.42746
5.933,-127.50927,1402.03064,-68.392204,-235.508286,1108.252808,-127.808838,-55.84993,931.67981,-188.968002
5.942,-128.263565,1401.83667,-69.088974,-236.24675,1107.630371,-127.236557,-56.557541,931.17041,-188.234573
5.95,-129.137558,1401.484131,-69.719284,-237.096634,1107.03772,-126.68882,-57.352283,930.690125,-187.597488
5.958,-130.020554,1401.20874,-70.002251,-237.929535,1106.495483,-126.039055,-58.063496,930.349731,-187.249969
5.967,-131.018936,1400.968994,-70.228806,-238.773026,1106.016357,-125.24147,-59.137291,929.864868,-186.717072
5.975,-132.030167,1400.635864,-70.188416,-239.666473,1105.518433,-124.283073,-60.094196,929.455933,-186.287537
5.983,-133.102066,1400.365234,-70.079597,-240.555954,1104.94519,-123.116753,-61.008629,929.110657,-185.894714
5.992,-134.171753,1400.067749,-69.636696,-241.449371,1104.487427,-122.109489,-62.067932,928.654419,-185.234772
6,-135.284882,1399.863281,-69.106888,-242.370834,1104.073364,-120.992622,-63.207283,928.309998,-184.741028
6.008,-136.458847,1399.605347,-68.456108,-243.434875,1103.782593,-119.804909,-64.430496,928.118713,-184.644196
6.017,-137.625702,1399.396362,-67.555565,-244.38652,1103.299438,-118.534126,-65.548691,927.987305,-184.229294
6.025,-138.800354,1399.1521,-66.552963,-245.430222,1102.994995,-117.16169,-66.873985,927.68988,-183.529892
6.033,-139.993317,1398.986084,-65.283066,-246.556946,1102.763306,-115.825508,-68.152664,927.741638,-183.505066
6.042,-141.151489,1398.716431,-63.902779,-247.66687,1102.503296,-114.484245,-69.476349,927.718933,-183.14624
6.05,-142.330612,1398.435181,-62.339798,-248.839569,1102.200073,-112.989189,-70.617111,927.725769,-182.954727
6.058,-143.482361,1398.146362,-60.612522,-250.055969,1101.901611,-111.488899,-72.144478,927.896118,-182.948486
6.067,-144.645813,1397.802734,-58.753571,-251.299744,1101.619385,-109.996315,-73.606232,927.887207,-182.317612
6.075,-145.786285,1397.398193,-56.764984,-252.501221,1101.391602,-108.510994,-75.114998,928.027222,-181.81041
6.083,-147.736725,1397.799683,-55.093449,-253.773087,1101.067261,-106.931381,-76.664856,928.013184,-181.607925
6.092,-148.560745,1397.011719,-52.75391,-254.978745,1100.697632,-105.243263,-77.984711,928.197693,-181.484848
6.1,-149.784409,1396.587158,-50.464066,-256.186188,1100.286621,-103.596489,-79.54142,928.243408,-181.310303
6.108,-150.817627,1395.930908,-48.050449,-257.437408,1099.992554,-101.950035,-80.890221,928.320984,-181.117462
6.117,-151.987091,1395.301636,-45.531864,-258.553345,1099.454224,-100.167976,-82.280739,928.326782,-180.997879
6.125,-153.024582,1394.564453,-43.106178,-259.765442,1098.911987,-98.225105,-83.688591,928.295166,-180.738937
6.133,-154.171066,1393.855103,-40.548088,-261.206909,1098.397461,-96.000488,-84.996567,928.249451,-180.519791
6.142,-155.166306,1392.947388,-37.966305,-262.172882,1097.55835,-93.980988,-86.252167,928.138245,-180.229065
6.15,-156.116638,1392.147705,-35.456856,-263.079712,1096.738647,-91.927208,-87.426315,928.064941,-179.943604
6.158,-157.068039,1391.09729,-32.921986,-264.047363,1095.81604,-89.814903,-88.739174,927.730469,-179.455994
6.167,-157.991165,1390.079956,-30.480724,-265.070862,1094.81189,-87.569038,-89.837059,927.385986,-178.958069
6.175,-158.908493,1388.907471,-27.988825,-265.984192,1093.685303,-85.283585,-90.816681,926.890686,-178.402481
6.183,-159.851303,1387.803223,-25.717995,-266.938995,1092.436523,-82.924294,-91.960762,926.327209,-177.769653
6.192,-160.721451,1386.510132,-23.533289,-267.791748,1091.096436,-80.661926,-92.953606,925.670288,-177.125183
6.2,-161.453918,1385.346069,-21.509256,-268.699921,1089.680542,-78.443489,-93.903465,924.947266,-176.324249
6.208,-162.261032,1383.908936,-19.42384,-269.606628,1088.178955,-76.120308,-95.298759,923.821411,-174.378387
6.217,-162.941696,1382.545654,-17.637587,-270.489655,1086.742065,-73.877876,-96.375359,922.920776,-173.453598
6.225,-163.467514,1381.167236,-15.976872,-271.419861,1085.20105,-71.552231,-97.505066,921.978638,-172.494537
6.233,-164.017288,1379.763184,-14.26659,-272.393188,1083.584229,-69.194214,-98.661804,921.031982,-171.369431
6.242,-164.200272,1378.312622,-12.825735,-273.420319,1082.07959,-66.986641,-99.879913,920.223633,-170.365829
6.25,-164.230194,1376.846313,-11.596903,-274.578552,1080.513916,-64.674278,-101.305206,919.214722,-169.282532
6.258,-163.967377,1375.470337,-10.617872,-275.861755,1079.103271,-62.477715,-102.780083,918.520935,-168.561493
6.267,-163.681717,1374.102661,-9.717237,-276.349609,1077.833496,-59.364944,-104.444199,918.0401,-167.871017
6.275,-163.193832,1372.715088,-9.105394,-277.728394,1076.610718,-56.934105,-106.369835,917.632446,-167.704498
6.283,-162.851013,1371.54895,-8.477528,-279.209961,1075.615845,-54.479839,-108.724167,917.563293,-167.969345
6.292,-162.478088,1370.404907,-8.108603,-280.959595,1074.80896,-51.84639,-111.441505,917.733032,-168.570404
6.3,-161.997345,1369.405518,-7.638786,-282.878387,1074.334717,-49.294647,-114.692581,918.396545,-169.799683
6.308,-161.673233,1368.572144,-7.295737,-284.925507,1074.138184,-46.372456,-118.435089,919.492004,-171.447662
6.317,-161.49704,1367.982178,-6.908836,-287.196533,1074.119141,-43.234722,-122.866486,921.085205,-173.310135
6.325,-161.444519,1367.55127,-6.625324,-289.441223,1074.431885,-39.713352,-127.755669,923.274597,-175.51886
6.333,-161.506989,1367.466431,-6.421007,-291.914459,1074.995605,-35.926056,-133.533432,925.901978,-177.905548
6.342,-161.679977,1367.60437,-6.304336,-294.249939,1075.667725,-31.633799,-140.011322,929.383301,-180.875305
6.35,-161.930817,1368.17627,-6.283175,-296.606445,1076.676025,-26.852345,-147.032104,932.684448,-183.423691
6.358,-162.067505,1368.764404,-6.276237,-298.815948,1077.94458,-22.004103,-154.272675,935.971436,-184.772095
6.367,-162.277023,1369.710815,-6.108055,-301.003784,1079.422241,-16.725025,-162.590256,939.65332,-186.380081
6.375,-162.55806,1370.84375,-5.966611,-302.994812,1081.088501,-11.263078,-171.114502,943.482849,-187.69455
6.383,-162.697601,1372.234863,-5.809792,-305.033997,1083.02771,-5.739422,-180.085068,947.494568,-188.914368
6.392,-162.814713,1373.678833,-5.685253,-306.910828,1085.066284,-0.172589,-189.48201,951.814636,-189.868805
6.4,-162.885315,1375.44873,-5.555575,-308.776062,1087.386108,5.348042,-199.14502,956.069336,-190.407974
6.408,-163.015793,1377.196045,-5.348042,-310.561615,1090.059692,10.772246,-209.319138,960.384399,-190.863846
6.417,-163.015106,1379.120117,-5.606726,-311.474152,1092.539673,16.009001,-218.969086,965.214355,-190.71344
6.425,-163.080124,1380.95459,-5.676661,-312.868927,1095.29126,21.276909,-228.738235,970.130249,-190.256454
6.433,-162.983353,1382.914307,-5.919862,-314.373108,1098.402466,26.227978,-238.696747,974.997986,-189.241486
6.442,-163.023834,1384.829834,-6.165072,-315.650635,1101.364014,31.042084,-248.207458,979.348572,-187.452026
6.45,-163.232529,1387.167969,-6.567961,-317.095123,1104.658081,35.587543,-258.398834,983.932617,-186.10141
6.458,-163.083008,1389.130127,-6.938261,-318.492981,1107.837158,39.961346,-267.775848,988.396484,-183.564453
6.467,-162.911285,1390.96167,-7.312818,-319.785248,1111.234863,44.07069,-277.379364,993.167236,-182.454559
6.475,-162.741058,1392.824829,-7.738526,-321.308258,1114.464355,48.090744,-288.011078,998.37854,-181.282074
6.483,-162.590042,1394.559814,-8.13812,-322.763885,1117.932251,51.881985,-296.217926,1003.139709,-177.807281
6.492,-162.343765,1396.213501,-8.858633,-324.102753,1121.448853,55.548374,-305.413727,1007.902649,-175.234833
6.5,-162.127762,1397.800171,-9.368443,-325.56665,1124.782837,59.068405,-315.396637,1013.518188,-173.371948
6.508,-161.815933,1399.183716,-10.32728,-326.701782,1128.163208,62.35051,-324.710754,1018.34082,-170.742233
6.517,-161.541077,1400.553955,-10.954867,-328.035919,1131.445801,65.497063,-334.597626,1023.578186,-167.81868
6.525,-161.184799,1401.87439,-11.892072,-329.20813,1134.625366,68.627151,-343.836609,1028.190674,-164.956909
6.533,-160.879242,1403,-12.761652,-330.171814,1137.87085,71.420891,-353.00824,1032.472046,-161.752243
6.542,-160.558777,1404.105835,-13.580368,-331.295532,1141.171143,74.313881,-362.192047,1036.692017,-158.280243
6.55,-160.23642,1405.111084,-14.496679,-332.285736,1144.188843,77.008537,-371.113953,1040.752563,-154.694351
6.558,-159.859558,1406.076782,-15.481873,-333.071198,1147.4552,79.599854,-379.962219,1044.603149,-150.735687
6.567,-159.570053,1407.080322,-16.484201,-333.918549,1150.644653,82.203232,-388.235992,1048.213867,-146.707352
6.575,-159.245361,1407.948364,-17.213705,-334.788635,1153.73938,84.581161,-396.406494,1051.742432,-142.454895
6.583,-158.942535,1408.760132,-18.033447,-335.613159,1156.928955,87.199577,-403.78067,1054.496948,-138.035126
6.592,-158.656464,1409.576172,-18.847965,-336.160431,1160.035645,89.614334,-410.631195,1057.659058,-133.4599
6.6,-158.312668,1410.398682,-19.645937,-336.721771,1163.03125,92.313515,-416.906311,1060.338379,-128.730392
6.608,-158.013733,1411.127808,-20.302134,-337.255432,1166.155518,94.802544,-422.497192,1062.707153,-123.875381
6.617,-157.734726,1411.861572,-21.044052,-337.906982,1169.331909,97.300369,-427.338074,1064.72168,-118.941429
6.625,-157.441727,1412.620361,-21.680998,-338.358124,1172.301636,99.849617,-431.71756,1066.376709,-113.813881
6.633,-157.540436,1413.638184,-22.149071,-338.754089,1175.498169,102.473549,-434.842072,1067.304565,-109.049454
6.642,-157.322266,1414.293335,-22.664505,-339.013916,1178.716675,105.123955,-437.858917,1068.092285,-103.816948
6.65,-157.029144,1415.001099,-23.191389,-339.227539,1181.677612,107.554909,-440.368805,1068.861328,-98.79203
6.658,-156.652374,1415.662598,-23.56937,-339.28772,1184.618286,110.402954,-442.083008,1068.871704,-93.693893
6.667,-156.372635,1416.310181,-24.030281,-339.325775,1187.615112,112.840126,-443.291168,1068.803467,-88.639587
6.675,-156.166092,1417.038452,-24.350048,-339.248535,1190.35144,115.170403,-444.109497,1068.197754,-83.575844
6.683,-155.931305,1417.629028,-24.608807,-339.005463,1193.017456,117.916405,-444.306702,1067.354614,-78.526512
6.692,-155.700455,1418.286133,-24.805183,-338.755341,1195.685547,120.232536,-444.140778,1066.120117,-73.603836
6.7,-155.392105,1418.876099,-24.890461,-338.378815,1197.984375,122.5103,-443.391266,1064.495361,-68.521095
6.708,-155.259689,1419.361328,-24.980503,-337.945129,1200.449463,124.793816,-441.95874,1062.465942,-63.698215
6.717,-155.094986,1419.888062,-25.053097,-337.473511,1202.414185,126.953751,-440.111542,1060.130981,-58.88678
6.725,-155.01387,1420.303833,-25.08849,-336.79892,1204.498047,129.244583,-437.669983,1057.4646,-54.137028
6.733,-154.936798,1420.656616,-25.055956,-336.166626,1206.154297,131.252441,-434.878967,1054.478516,-49.651543
6.742,-154.885757,1420.938354,-25.00963,-335.558258,1207.654297,133.193787,-431.572601,1051.222534,-44.940174
6.75,-154.84668,1421.176514,-24.931864,-334.886536,1209.030151,134.771683,-427.978851,1047.800903,-40.482044
6.758,-154.860458,1421.365479,-24.849821,-333.943115,1210.109375,137.245499,-423.673035,1043.967285,-36.107533
6.767,-154.9039,1421.494141,-24.767357,-333.037567,1210.792969,138.531845,-419.251343,1039.814697,-31.787783
6.775,-155.108597,1421.589966,-24.673735,-332.234039,1211.186157,139.725616,-414.25177,1035.374634,-27.429209
6.783,-155.21489,1421.592041,-24.538944,-331.392792,1211.258911,140.672119,-408.781067,1030.897827,-23.164501
6.792,-155.369904,1421.518677,-24.353867,-330.236572,1211.043579,141.748978,-403.033173,1025.822266,-19.006138
6.8,-155.557083,1421.382324,-24.119656,-329.286987,1210.545532,142.55426,-396.843689,1020.84375,-14.960127
6.808,-155.80336,1421.167603,-23.831429,-328.31781,1209.788208,143.235596,-390.390228,1015.421265,-10.748981
6.817,-156.057343,1420.88269,-23.561167,-327.205536,1208.754395,143.947586,-383.502747,1010.045532,-6.675588
6.825,-156.341293,1420.523315,-23.246962,-326.375305,1207.547729,144.230637,-376.093414,1004.267578,-2.415553
6.833,-156.763748,1420.129639,-22.912285,-325.429413,1206.044067,144.689697,-368.521271,998.516113,1.806432
6.842,-157.211823,1419.657959,-22.621429,-324.475159,1204.399902,144.87587,-360.60318,992.922974,6.0583
6.85,-157.611298,1418.970215,-22.175226,-323.783234,1202.60144,144.769592,-352.354431,987.083191,10.400426
6.858,-158.074554,1418.225952,-21.766562,-323.172791,1200.529297,144.607498,-344.126282,981.550537,14.715191
6.867,-158.600311,1417.302002,-21.407125,-322.49176,1198.127563,143.864044,-335.400146,975.804993,19.189709
6.875,-159.211517,1416.342529,-21.060236,-322.057068,1195.854248,143.322327,-326.400177,970.392944,23.831739
6.883,-159.95752,1415.247437,-20.86137,-321.698639,1193.274048,142.704254,-317.317413,965.173218,28.532776
6.892,-160.539871,1413.957397,-20.559622,-321.64267,1190.843506,142.412582,-308.044861,960.541382,32.864174
6.9,-161.258316,1412.711304,-20.606722,-321.81485,1188.87085,142.559631,-299.560883,957.170105,35.919991
6.908,-161.976028,1411.446167,-20.574957,-321.778046,1186.656128,142.987701,-293.109253,954.865784,37.414375
6.917,-162.659195,1410.090454,-20.756926,-321.028534,1184.442139,143.885345,-289.442322,953.641541,38.423649
6.925,-163.396393,1408.958008,-20.795301,-319.81427,1182.398926,145.336288,-288.724579,952.852295,37.808521
6.933,-164.040375,1407.793823,-20.853374,-317.922241,1180.146851,147.253998,-289.480438,951.984863,36.045788
6.942,-164.720383,1406.549805,-20.714727,-315.9151,1177.938477,149.454529,-291.130524,951.278076,34.053917
6.95,-165.315002,1405.576782,-19.886707,-314.004974,1175.75293,151.451431,-292.738098,950.45282,32.4039
6.958,-165.768616,1404.57666,-19.00692,-312.493683,1173.713379,153.14505,-294.565857,949.68158,31.330887
6.967,-166.234024,1403.469971,-17.918457,-311.882294,1171.904053,154.821701,-296.25589,949.161926,30.351995
6.975,-166.571014,1402.707886,-16.6297,-311.893372,1170.296509,155.441498,-298.517609,948.671753,29.147223
6.983,-166.855255,1402.157837,-14.871462,-312.536896,1168.83728,155.908707,-301.103607,948.254883,27.604052
6.992,-166.969177,1401.454956,-13.381699,-313.635498,1167.629883,155.407349,-303.756866,947.928223,26.175268
7,-166.976395,1401.015747,-12.160551,-315.185028,1166.818237,155.242737,-306.169617,947.671082,25.009098
7.008,-166.916565,1400.655029,-11.243008,-316.605835,1166.209839,154.935974,-308.643188,947.630615,24.077612
7.017,-166.853607,1400.530884,-10.319198,-318.107513,1166.037598,154.348145,-310.834045,947.825256,23.362925
7.025,-166.623428,1400.249512,-9.99272,-319.44165,1166.293701,153.837433,-312.685913,948.147583,22.96804
7.033,-166.405319,1400.144409,-9.979483,-320.600739,1166.983032,153.02063,-314.68045,948.696716,22.537329
7.042,-166.044113,1400.085083,-10.519465,-321.771484,1168.081177,152.718475,-316.241669,949.29364,22.356918
7.05,-165.75354,1400.094849,-11.206007,-322.758881,1169.307617,151.550903,-317.846985,950.163635,22.008926
7.058,-165.345154,1400.227173,-12.150905,-323.997681,1170.90564,150.197083,-319.197266,951.198608,21.791939
7.067,-164.926788,1400.395996,-13.349809,-325.016144,1172.630737,148.900574,-320.552246,952.196594,21.47843
7.075,-164.414139,1400.653442,-14.946974,-326.002686,1174.602539,147.56337,-321.623962,953.373901,21.1924
7.083,-163.891113,1401.171875,-16.541208,-327.100037,1176.772339,145.963135,-322.440216,954.775574,20.910557
7.092,-163.355988,1401.654175,-18.473372,-327.940796,1178.943237,144.61496,-323.035309,956.205139,20.655077
7.1,-162.922226,1402.305786,-20.274788,-328.846497,1181.344482,143.003632,-323.491302,957.846313,20.569086
7.108,-162.360641,1403.01123,-22.153591,-329.42627,1183.873291,141.612045,-323.670441,959.579163,20.304644
7.117,-161.76387,1403.86377,-24.352692,-329.847809,1186.40625,140.288635,-323.587463,961.444031,20.238083
7.125,-161.220825,1404.723999,-26.459167,-330.219055,1188.982666,138.95224,-323.489044,963.435181,20.202511
7.133,-160.637558,1405.731445,-28.503075,-330.383881,1191.503296,137.858322,-323.233337,965.548279,20.085382
7.142,-160.140854,1406.872437,-30.67231,-330.368042,1193.998535,136.864014,-323.027496,967.531799,20.074648
7.15,-159.550949,1407.980835,-32.848637,-330.206726,1196.613525,135.905731,-322.75708,969.695435,19.908386
7.158,-159.085556,1409.111328,-35.196007,-329.930328,1199.226074,134.994568,-322.486237,971.761597,19.842518
7.167,-158.645248,1410.213989,-37.368168,-329.560486,1201.784912,134.09671,-322.271271,973.841858,19.814222
7.175,-158.163162,1411.282837,-39.876549,-329.308594,1204.343628,133.167175,-322.039429,976.054321,19.860432
7.183,-157.827255,1412.273315,-42.102661,-329.058655,1206.814819,132.218781,-321.805481,977.93927,20.028315
7.192,-157.362976,1413.267334,-44.762276,-328.869415,1209.381958,131.160919,-321.630371,979.99353,20.230986
7.2,-157.158707,1414.104248,-47.164978,-328.757416,1211.918335,130.017746,-321.526123,981.685181,20.521173
7.208,-156.572571,1414.623901,-49.807018,-328.824219,1214.396851,128.785706,-321.371613,983.528625,20.826887
7.217,-156.651688,1415.503662,-52.311344,-329.193817,1216.80896,127.443787,-321.348785,985.143372,21.221279
7.225,-156.359116,1415.74231,-54.942211,-329.537109,1219.033936,126.138077,-321.400085,986.537903,21.618015
7.233,-156.362793,1416.176636,-57.557022,-330.025482,1221.143677,124.733177,-321.453705,988.032898,21.967386
7.242,-156.504395,1416.395996,-60.116493,-330.886719,1223.193481,123.235252,-321.529358,989.085571,22.339417
7.25,-156.867294,1416.52771,-62.661804,-331.681427,1224.998413,121.738525,-321.64093,990.161804,22.799658
7.258,-157.150757,1416.516235,-65.206871,-332.538086,1226.595947,120.193649,-321.757843,991.087585,23.050121
7.267,-157.546921,1416.414307,-67.660072,-333.738373,1228.053711,118.635971,-321.827057,991.786255,23.280874
7.275,-158.041992,1416.217651,-70.025345,-334.891327,1229.314453,117.095764,-321.93396,992.278809,23.538111
7.283,-158.688568,1415.994141,-72.264839,-336.238983,1230.32019,115.432518,-322.017944,992.607239,23.760603
7.292,-159.341797,1415.769653,-74.349815,-337.424744,1231.196777,113.809372,-322.054352,992.804871,23.974119
7.3,-159.997726,1415.526611,-76.345612,-338.811035,1231.811401,112.128403,-322.04303,992.827515,24.172939
7.308,-160.684509,1415.234985,-78.169983,-340.00708,1232.180176,110.517365,-321.992157,992.692322,24.332397
7.317,-161.542511,1414.967041,-79.762978,-341.388733,1232.456543,108.871117,-321.915131,992.40271,24.498857
7.325,-162.276917,1414.651367,-81.214485,-342.620056,1232.44104,107.274635,-321.787201,991.954529,24.639542
7.333,-163.162476,1414.425171,-82.451813,-343.818085,1232.314819,105.686844,-321.67514,991.309387,24.805759
7.342,-164.188217,1414.19751,-83.605286,-345.141815,1232.008911,104.113335,-321.530426,990.56134,24.93705
7.35,-165.10228,1413.859131,-84.528496,-346.333771,1231.529297,102.677505,-321.344116,989.771484,24.792624
7.358,-166.105865,1413.525391,-85.26268,-347.619568,1230.896484,101.270119,-321.125244,988.947632,24.635563
7.367,-167.168228,1413.13501,-85.843666,-348.770416,1230.094971,100.015038,-320.839996,987.921753,24.488102
7.375,-168.150085,1412.797363,-86.326881,-349.939331,1229.162842,98.846817,-320.548126,986.760925,24.307217
7.383,-169.326935,1412.478027,-86.604927,-351.180237,1228.031006,97.804848,-320.128601,985.673035,24.0068
7.392,-170.299835,1412.091431,-86.756264,-352.271149,1226.924683,96.822266,-319.7323,984.551514,23.736753
7.4,-171.540054,1411.686523,-86.627869,-353.324097,1225.651001,95.873512,-319.413483,983.387024,23.312263
7.408,-172.539917,1411.397339,-86.434212,-354.557068,1224.244507,95.036949,-318.945343,982.06958,22.833797
7.417,-173.618057,1411.056396,-86.134422,-355.603607,1222.907593,94.292839,-318.725128,980.957275,22.167339
7.425,-174.654114,1410.747681,-85.630013,-356.606812,1221.342407,93.69915,-318.433777,979.752441,21.347628
7.433,-175.679672,1410.499268,-85.039429,-357.506012,1219.748047,93.188553,-318.190521,978.339172,20.587919
7.442,-176.693222,1410.333008,-84.33448,-358.486023,1218.203125,92.659599,-317.994537,977.091125,19.639553
7.45,-177.582199,1410.088989,-83.562744,-359.282593,1216.535889,92.309464,-317.697449,975.836487,18.554707
7.458,-178.572571,1409.795654,-82.661377,-360.001434,1214.841675,92.02607,-317.426483,974.615295,17.505072
7.467,-179.414169,1409.582275,-81.674438,-360.608582,1213.083618,91.939384,-317.012878,973.125488,16.551224
7.475,-180.176529,1409.329712,-80.64505,-361.230072,1211.350708,91.88752,-316.720184,971.965515,15.569876
7.483,-180.960052,1409.103882,-79.534286,-361.670258,1209.62561,91.934647,-316.326752,970.68512,14.474872
7.492,-181.60553,1408.845703,-78.386902,-362.060516,1207.841797,92.110039,-316.092865,969.490967,13.413044
7.5,-182.30365,1408.580078,-77.176071,-362.38678,1206.129883,92.272919,-315.797272,968.176514,12.33389
7.508,-182.998627,1408.282104,-75.886673,-362.671143,1204.420288,92.650002,-315.544495,966.986023,11.173378
7.517,-183.572983,1408.005615,-74.674919,-362.796753,1202.617554,92.477982,-315.33783,965.948547,10.040855
7.525,-184.128494,1407.674683,-73.351982,-362.988434,1200.866699,92.806709,-315.142029,964.813232,8.905231
7.533,-184.516418,1407.298706,-72.086006,-363.149811,1199.244995,93.102928,-315.03421,963.702698,7.809552
7.542,-184.967239,1407.001709,-70.728493,-363.363892,1197.623779,93.44928,-314.99707,962.656921,6.650795
7.55,-185.302643,1406.616211,-69.306297,-363.582153,1196.112671,93.678841,-314.97525,961.729248,5.527057
7.558,-185.532242,1406.211914,-67.956078,-363.799957,1194.545654,93.95063,-315.034119,960.815979,4.33979
7.567,-185.650757,1405.793213,-66.538795,-364.085083,1193.181152,94.175995,-315.172241,959.953918,3.13058
7.575,-185.63533,1405.295654,-65.095444,-364.329834,1191.691895,94.397728,-315.443268,959.095093,1.94955
7.583,-185.533844,1404.780762,-63.712856,-364.611542,1190.414062,94.579567,-315.810944,958.260132,0.669068
7.592,-185.394073,1404.230835,-62.213467,-364.963379,1189.187988,94.677765,-316.200104,957.46228,-0.412691
7.6,-185.233566,1403.663696,-60.796116,-365.378021,1187.940186,94.845352,-316.860992,956.754578,-1.722503
7.608,-184.946762,1403.157959,-59.419968,-365.744965,1186.868408,94.949516,-317.445648,956.195679,-2.881244
7.617,-184.668472,1402.57251,-58.084618,-366.085785,1185.852905,95.119766,-318.097382,955.633423,-4.017155
7.625,-184.172165,1401.824707,-56.709892,-366.479462,1184.801758,95.220177,-318.72522,955.14978,-5.147517
7.633,-183.701767,1401.120605,-55.39933,-366.799316,1183.989868,95.314499,-319.465424,954.717957,-6.324969
7.642,-183.000473,1400.437134,-54.111919,-367.124054,1183.233276,95.386597,-320.431366,954.401123,-7.540049
7.65,-182.437576,1399.743774,-52.888599,-367.394958,1182.448364,95.51133,-321.296173,954.122864,-8.651334
7.658,-181.758087,1398.983032,-51.674904,-367.592438,1181.73291,95.650406,-322.188782,953.843811,-9.750295
7.667,-180.828674,1398.254028,-50.586754,-367.79425,1181.221191,95.814499,-323.280609,953.734131,-10.959583
7.675,-180.001846,1397.555664,-49.568325,-367.898804,1180.810303,95.955658,-324.243134,953.671448,-11.975259
7.683,-179.203339,1396.994141,-48.534588,-367.912689,1180.413452,96.102013,-325.116394,953.625488,-13.011505
7.692,-178.259094,1396.331421,-47.746674,-367.829346,1180.114624,96.302788,-326.237579,953.713318,-14.00102
7.7,-177.185043,1395.810791,-47.09766,-367.653931,1179.990356,96.49958,-327.234863,953.922607,-14.9169
7.708,-176.090546,1395.34314,-46.578251,-367.34906,1180.02356,96.741058,-328.137238,954.202881,-15.768229
7.717,-174.935791,1394.917725,-46.169361,-366.942749,1180.178345,96.987076,-328.977692,954.709412,-16.59107
7.725,-173.71875,1394.565674,-46.063766,-366.294342,1180.390381,97.269753,-329.904053,955.423767,-17.456717
7.733,-172.396881,1394.329468,-45.991951,-365.677917,1180.885254,97.51638,-330.586334,956.177124,-18.130527
7.742,-170.981506,1394.246338,-46.106434,-365.019623,1181.556885,97.817757,-331.232635,957.09314,-18.822151
7.75,-169.561295,1394.147217,-46.401413,-364.284119,1182.444458,98.057663,-331.777466,958.387878,-19.58522
7.758,-168.05455,1394.147217,-46.756287,-363.557953,1183.661255,98.133247,-332.366516,959.721008,-20.421627
7.767,-166.438034,1394.078613,-47.276634,-362.586273,1184.776367,98.433945,-332.754913,961.237732,-21.079844
7.775,-164.938843,1394.144043,-47.89259,-361.757996,1186.216064,98.55899,-333.053772,962.923401,-21.769199
7.783,-163.173004,1394.152466,-48.580677,-360.881134,1187.737671,98.66468,-333.409546,964.700256,-22.636841
7.792,-161.598419,1394.268433,-49.3419,-359.965118,1189.2771,98.734634,-333.755219,966.647949,-23.431774
7.8,-159.813507,1394.386108,-50.184563,-359.074097,1190.915649,98.740715,-334.157074,968.653198,-24.420462
7.808,-158.235641,1394.582275,-51.049267,-357.98941,1192.488647,98.848732,-334.551453,970.546692,-25.223377
7.817,-156.562973,1394.748047,-51.956673,-356.960999,1194.135864,98.902481,-334.934448,972.650879,-26.232883
7.825,-155.103851,1395.087036,-52.919765,-355.916962,1195.85144,98.843941,-335.391571,974.659424,-27.10405
7.833,-153.570679,1395.412476,-54.00071,-354.815521,1197.519897,98.875237,-335.951416,976.713989,-28.061193
7.842,-152.029831,1395.883789,-55.172222,-353.561432,1199.369263,99.388145,-336.40863,978.757874,-28.971638
7.85,-150.551163,1396.314209,-56.314724,-352.272034,1200.873413,99.204109,-336.785522,980.660889,-29.744959
7.858,-149.069748,1396.77356,-57.60199,-351.02002,1202.600464,98.790421,-337.139587,982.618835,-30.527227
7.867,-147.755478,1397.349365,-58.949467,-349.582275,1204.187622,98.645149,-337.530273,984.610596,-31.393673
7.875,-146.395004,1397.866943,-60.333847,-348.260101,1205.908691,98.316643,-337.91214,986.56134,-32.246338
7.883,-145.22905,1398.538574,-61.872608,-346.830719,1207.400635,98.035507,-338.169403,988.491699,-33.040092
7.892,-144.00325,1399.115845,-63.395679,-345.379089,1209.06604,97.720093,-338.198761,990.265442,-33.827469
7.9,-142.824692,1399.785034,-65.227226,-344.190308,1210.740601,97.333595,-338.347534,992.108398,-34.612476
7.908,-141.911911,1400.449951,-66.892151,-343.044067,1212.345825,96.874626,-338.235229,993.767334,-35.269684
7.917,-140.97937,1401.108398,-68.729614,-341.847351,1214.109009,96.357124,-338.122681,995.441223,-35.851685
7.925,-140.028519,1401.850708,-70.558983,-340.63858,1215.59314,95.838753,-337.993439,996.961548,-36.317783
7.933,-139.047348,1402.499878,-72.395691,-339.650055,1217.414795,95.099342,-337.765106,998.492126,-36.82341
7.942,-138.374344,1403.268188,-74.270523,-338.681854,1218.998169,94.341377,-337.49469,999.855469,-37.082439
7.95,-137.585571,1404.089478,-76.295921,-337.826935,1220.680054,93.545052,-337.305878,1001.14679,-37.394947
7.958,-136.984543,1404.795532,-78.111649,-336.95816,1222.362549,92.63311,-336.948456,1002.367249,-37.577515
7.967,-135.666351,1405.004272,-80.178314,-336.055115,1223.871948,91.761711,-336.669922,1003.433472,-37.646305
7.975,-135.049805,1405.689209,-82.14225,-335.411835,1225.517212,90.775871,-336.27359,1004.456299,-37.767132
7.983,-134.586884,1406.307983,-83.92392,-334.838043,1226.886719,89.791458,-335.884064,1005.410095,-37.824303
7.992,-134.130493,1407.025146,-85.760193,-334.308258,1228.459473,88.687592,-335.479736,1006.145813,-37.738197
8,-133.793228,1407.617188,-87.588554,-333.865356,1229.676147,87.723289,-334.985657,1006.846191,-37.626961
8.008,-133.532211,1408.18103,-89.302048,-333.678467,1231.177002,86.702217,-334.381592,1007.455933,-37.561867
8.017,-133.426117,1408.749756,-90.939766,-333.393829,1232.144287,85.779503,-333.808136,1008.009888,-37.427574
8.025,-133.339157,1409.267822,-92.55912,-333.097107,1233.244263,84.81073,-333.243988,1008.427734,-37.188118
8.033,-133.377701,1409.817139,-94.053383,-332.919647,1234.2052,83.917091,-332.70639,1008.715515,-37.022049
8.042,-133.570999,1410.328003,-95.468254,-332.806244,1234.818359,83.159492,-332.149475,1008.896484,-36.818413
8.05,-133.852325,1410.774048,-96.708504,-332.692566,1235.422241,82.479614,-331.538971,1008.951416,-36.477753
8.058,-134.534698,1411.356812,-97.909813,-332.668335,1235.971558,81.815559,-330.870514,1008.903625,-36.083786
8.067,-134.931747,1411.730347,-98.883324,-332.646027,1236.29895,81.336044,-330.144623,1008.733154,-35.738548
8.075,-135.559036,1412.144287,-99.915123,-332.642029,1236.48645,80.984184,-329.497162,1008.520935,-35.260429
8.083,-136.35907,1412.591675,-100.704918,-332.656494,1236.533325,80.767593,-328.812714,1008.177612,-34.706745
8.092,-137.384003,1412.987061,-101.370361,-332.696899,1236.453857,80.688332,-328.0578,1007.654053,-33.981316
8.1,-138.394318,1413.337402,-101.820236,-332.768616,1236.235229,80.782913,-327.212555,1007.011414,-33.159115
8.108,-139.558472,1413.643433,-102.208939,-332.894226,1235.847168,81.015739,-326.399902,1006.372681,-32.239902
8.117,-140.873871,1413.80835,-102.438278,-332.988403,1235.313477,81.41835,-325.64035,1005.661011,-31.225245
8.125,-142.153244,1413.992798,-102.494194,-333.09787,1234.688477,82.037788,-324.698181,1004.695801,-29.949535
8.133,-143.633362,1413.993774,-102.38176,-333.214081,1234.076294,82.795425,-323.843292,1003.678101,-28.517048
8.142,-145.084732,1413.94519,-102.096352,-333.38089,1233.137939,83.770248,-322.986755,1002.56488,-27.021084
8.15,-146.578552,1413.803467,-101.686508,-333.462799,1231.981201,85.038269,-322.007233,1001.232483,-25.136581
8.158,-148.271667,1413.600708,-101.024055,-333.60788,1230.902588,86.407784,-321.091675,999.784241,-23.28723
8.167,-149.976746,1413.201416,-100.184479,-333.577057,1229.390015,88.161072,-320.190857,998.135681,-21.007313
8.175,-151.802078,1412.71106,-99.19381,-333.466583,1227.802246,90.064934,-319.148315,996.372009,-18.622997
8.183,-153.521454,1411.973389,-97.892738,-333.278656,1225.933594,92.309326,-318.220886,994.45282,-16.115261
8.192,-155.275696,1410.987793,-96.419235,-332.707855,1223.690796,94.873665,-317.108276,992.148438,-13.333144
8.2,-157.085678,1409.783936,-94.732903,-332.35495,1221.248291,97.775192,-316.264526,989.710938,-10.584773
8.208,-158.98143,1408.43396,-92.697693,-331.609985,1218.489624,101.006081,-315.193024,987.047668,-7.495276
8.217,-160.776581,1406.789429,-90.438286,-330.923035,1215.484375,104.65696,-314.247864,984.192139,-4.367394
8.225,-162.705002,1404.975708,-87.920372,-330.069397,1212.208374,108.580544,-313.073395,981.009583,-1.091846
8.233,-164.599472,1402.830078,-84.941864,-328.885986,1208.483521,112.916168,-312.258942,977.770996,2.297075
8.242,-166.579559,1400.44873,-81.681107,-327.599609,1204.565186,117.617599,-311.091858,974.296936,5.897
8.25,-168.631546,1397.956909,-78.091988,-326.100739,1200.236694,122.745277,-310.12085,970.578735,9.647449
8.258,-170.636459,1395.117676,-74.177986,-324.540039,1195.830933,128.108704,-308.987518,966.690979,13.464089
8.267,-172.708878,1392.219482,-70.000229,-322.665894,1190.927979,133.975357,-308.059509,962.821838,17.417852
8.275,-175.079193,1389.21521,-65.371407,-320.484711,1185.833984,140.129288,-307.013672,958.499512,21.639017
8.283,-177.298874,1386.000732,-60.504547,-318.015381,1180.552002,146.615372,-305.945374,954.298523,25.923441
8.292,-179.327988,1382.383301,-55.455406,-315.451569,1175.097534,153.394302,-305.139221,949.830872,30.32387
8.3,-181.386627,1378.539917,-50.123779,-312.665649,1169.521851,160.459488,-304.190247,945.534302,35.063473
8.308,-183.275955,1374.576416,-44.611801,-309.306915,1163.851807,167.845062,-303.508148,941.115967,40.006332
8.317,-185.03244,1370.43396,-38.854652,-306.018494,1158.19812,175.413879,-302.704559,936.714355,45.2355
8.325,-186.640915,1366.236328,-32.822071,-302.257294,1152.535767,183.183624,-301.968994,932.553101,50.67445
8.333,-187.925201,1361.947021,-26.562643,-298.446808,1146.788452,191.091843,-301.221619,928.147644,56.313145
8.342,-189.072403,1357.703979,-20.006285,-294.408325,1141.10144,199.128006,-300.359863,923.830017,62.059166
8.35,-190.101166,1353.462158,-13.273824,-290.176544,1135.497681,207.181351,-299.56488,919.768066,68.153145
8.358,-190.867172,1349.435913,-6.27633,-285.7229,1129.939697,215.322052,-298.456879,915.461548,74.365334
8.367,-191.455292,1345.480957,0.864577,-281.093781,1124.596802,223.426834,-297.184296,911.611328,80.700165
8.375,-191.661316,1341.569824,8.240333,-276.33844,1119.394165,231.548264,-295.898987,907.805786,87.186653
8.383,-191.842438,1338.198853,15.524,-271.173706,1114.345703,239.572372,-294.39917,904.188049,93.758408
8.392,-191.655792,1334.952515,22.935368,-265.743469,1109.669189,247.494217,-292.634521,900.799866,100.491531
8.4,-191.309052,1332.23584,30.263363,-259.859589,1105.525024,255.285049,-290.600281,897.889465,107.272354
8.408,-190.569794,1330.064453,37.415161,-253.32489,1101.639282,262.8909,-288.116119,895.418457,113.832054
8.417,-189.611908,1328.416016,44.614902,-246.493668,1098.574463,270.149597,-285.355469,893.644043,120.352127
8.425,-188.233139,1327.50769,51.570301,-238.866745,1096.179443,277.272125,-282.359863,892.568726,126.745972
8.433,-186.631836,1327.341431,58.372643,-230.735855,1094.60083,284.034943,-278.817505,892.351013,132.962723
8.442,-184.838791,1327.954102,65.047844,-222.140198,1093.806641,290.651672,-275.220764,893.194519,138.651215
8.45,-182.944733,1329.416382,71.581886,-212.759384,1093.839966,297.191437,-271.483765,895.326721,144.147705
8.458,-181.011826,1331.743652,77.968307,-203.397324,1094.6604,302.607513,-267.291504,898.185059,149.397354
8.467,-178.710617,1335.008667,84.191429,-193.763107,1096.320801,307.869751,-262.859039,902.18457,154.245636
8.475,-176.190231,1339.139282,90.13945,-183.783798,1099.047363,312.852905,-258.446228,907.126648,158.84108
8.483,-173.436356,1344.107544,95.914032,-173.804108,1102.682739,317.407745,-253.621521,912.92926,163.324783
8.492,-170.406845,1350.046265,101.613052,-163.472824,1107.313354,321.639648,-248.901047,919.657349,167.618637
8.5,-167.079666,1356.665039,107.038567,-153.510162,1112.468628,324.643127,-244.278229,927.190002,171.871841
8.508,-163.488098,1363.988525,112.262718,-143.404297,1118.763184,328.04657,-239.585007,935.609558,176.263489
8.517,-159.83847,1372.09021,117.825302,-133.209457,1125.741211,331.093231,-234.814697,944.714539,180.382996
8.525,-155.734436,1380.538818,121.790581,-123.072227,1133.531006,333.684723,-230.282196,954.487305,184.426651
8.533,-151.569305,1389.820923,126.861183,-112.937859,1141.872559,336.024536,-225.878586,964.993408,188.492386
8.542,-147.450958,1399.459595,131.540512,-102.897217,1150.803223,337.867188,-221.37413,975.999207,192.318481
8.55,-143.142792,1409.57373,134.793442,-92.865585,1160.202759,339.251129,-216.885162,987.386475,196.192352
8.558,-138.818008,1419.876587,138.271805,-82.87529,1169.932983,340.202118,-212.247345,999.08905,200.064545
8.567,-134.486801,1430.334839,141.452423,-73.108887,1179.925293,340.801971,-207.608017,1010.951172,203.778061
8.575,-130.014374,1440.721313,144.338928,-63.651337,1189.977661,341.078674,-202.987686,1022.625305,207.400955
8.583,-125.564766,1450.909058,146.870544,-54.637829,1200.11792,341.104828,-198.389816,1034.080322,210.739273
8.592,-120.854713,1460.973267,149.375732,-45.882114,1210.036865,341.029938,-193.799179,1045.114746,214.140747
8.6,-116.352898,1470.529053,151.476044,-37.829502,1219.754761,340.965088,-189.181732,1055.650513,217.262314
8.608,-111.867325,1479.463013,153.37352,-30.092855,1228.998047,340.949982,-184.423615,1065.390747,220.397003
8.617,-107.591927,1487.763672,155.161942,-22.949783,1237.808472,341.014862,-179.712891,1074.570312,223.451889
8.625,-103.334709,1495.38501,156.79422,-16.077021,1245.922974,341.112274,-175.202713,1082.916138,226.408722
8.633,-99.184967,1502.118408,158.290955,-9.569363,1253.454102,341.626312,-170.740616,1090.22937,229.419083
8.642,-95.149597,1508.049805,159.946289,-3.713126,1259.859863,342.174866,-166.060013,1096.706909,232.446365
8.65,-91.511909,1513.136841,161.741516,2.013869,1265.373901,342.739502,-161.774414,1101.96875,235.321365
8.658,-88.32415,1517.489868,163.886963,7.600474,1270.042725,343.50415,-157.672501,1106.518188,238.146729
8.667,-85.449394,1520.805786,166.235291,12.751921,1273.626343,344.271149,-153.858948,1110.33606,241.023697
8.675,-82.761024,1523.564575,168.45755,17.786932,1276.456299,345.091705,-149.841797,1113.019165,244.454788
8.683,-80.150192,1525.292969,170.418762,22.886581,1278.404785,345.848206,-146.125122,1115.055298,247.157578
8.692,-77.247055,1526.645264,172.413513,27.847054,1279.578613,346.509247,-142.383392,1116.098389,250.123535
8.7,-74.579468,1527.014038,174.217087,32.599445,1279.914185,346.980408,-138.789536,1116.423096,252.770004
8.708,-71.940468,1526.739868,175.953705,37.564995,1279.446411,347.156799,-135.051712,1115.984863,255.562607
8.717,-69.339828,1525.911621,177.599533,42.353844,1278.386597,347.289459,-131.425446,1114.862183,258.1297
8.725,-66.786385,1524.303101,179.121704,47.325699,1276.589966,347.079803,-127.836365,1113.005981,260.81665
8.733,-64.183052,1522.200073,180.268463,52.241978,1274.286133,346.526733,-124.328773,1110.53125,263.407928
8.742,-61.625027,1519.402588,181.200562,57.058739,1271.418945,346.025208,-120.188988,1107.071167,266.068695
8.75,-59.188564,1515.908325,181.931595,61.717335,1267.893433,345.198486,-116.396103,1102.935059,267.97403
8.758,-56.906925,1511.741211,182.304596,66.457085,1263.566162,344.192047,-112.069794,1097.924438,270.106079
8.767,-54.569176,1507.018921,182.699646,71.167198,1258.893799,343.140594,-107.905655,1092.099487,271.777313
8.775,-52.19585,1501.552246,182.962387,75.901878,1253.383789,341.954071,-103.435211,1085.715454,273.298065
8.783,-49.823166,1495.460205,183.188339,80.557014,1247.235596,340.877594,-99.006798,1078.64209,274.611328
8.792,-47.350281,1488.712646,183.3013,85.327576,1240.465698,339.660736,-94.60228,1071.012695,275.95932
8.8,-44.876381,1481.268188,183.437271,90.089561,1233.009644,338.54361,-90.063187,1062.787476,277.209808
