1.23,,,,,,,,,
,,,,,,,,,
Type,Bone Marker,Bone Marker,Bone Marker,Bone Marker,Bone Marker,Bone Marker,Bone Marker,Bone Marker,Bone Marker
Name,Sammy:LShoulderTop,Sammy:LShoulderTop,Sammy:LShoulderTop,Sammy:LElbowOut,Sammy:LElbowOut,Sammy:LElbowOut,Sammy:LWristOut,Sammy:LWristOut,Sammy:LWristOut
ID,10,10,10,12,12,12,15,15,15
,Position,Position,Position,Position,Position,Position,Position,Position,Position
Time (Seconds),X,Y,Z,X,Y,Z,X,Y,Z
0,132.436279,1410.484619,-60.703194,235.123764,1095.850342,-94.934738,164.091385,922.10791,81.828812
0.008,132.397751,1410.434692,-60.768188,235.026993,1095.801025,-95.071892,164.037796,922.053101,81.699837
0.017,132.359146,1410.405151,-60.825588,234.918976,1095.756104,-95.198692,163.954681,921.962646,81.584137
0.025,132.320038,1410.350464,-60.861301,234.805725,1095.70813,-95.341423,163.805099,921.835571,81.469109
0.033,132.274216,1410.308594,-60.908745,234.707779,1095.650269,-95.445129,163.692673,921.737305,81.346237
0.042,132.224838,1410.220947,-60.987236,234.600739,1095.578491,-95.538155,163.567444,921.672485,81.245277
0.05,132.185318,1410.164917,-61.01754,234.517685,1095.518066,-95.635567,163.464783,921.607727,81.150002
0.058,132.128571,1410.119263,-61.060997,234.434448,1095.459229,-95.736305,163.337006,921.526123,81.045334
0.067,132.082855,1410.076416,-61.0924,234.345001,1095.414673,-95.820457,163.254059,921.522888,80.840813
0.075,132.035294,1410.021362,-61.101456,234.256454,1095.355103,-95.93541,163.141617,921.478882,80.684685
0.083,132.009705,1409.980469,-61.1171,234.156265,1095.286865,-96.023964,163.011871,921.426819,80.559509
0.092,131.975983,1409.934692,-61.131729,234.056732,1095.207275,-96.14296,162.860779,921.349304,80.403534
0.1,131.926025,1409.873779,-61.134205,233.957184,1095.119995,-96.244209,162.639755,921.273438,80.223763
0.108,131.895599,1409.827515,-61.136398,233.86557,1095.092285,-96.30896,162.504959,921.194946,80.079681
0.117,131.833939,1409.780396,-61.172462,233.778412,1095.014648,-96.393074,162.342194,921.11322,79.942612
0.125,131.799576,1409.719604,-61.193344,233.70932,1094.970703,-96.441582,162.166977,921,79.832596
0.133,131.768646,1409.646729,-61.190495,233.58844,1094.881714,-96.53466,161.990768,920.91156,79.703171
0.142,131.736282,1409.573853,-61.209888,233.475723,1094.790649,-96.623711,161.796616,920.749634,79.602562
0.15,131.708878,1409.507812,-61.224739,233.374069,1094.699585,-96.692276,161.60881,920.625305,79.525261
0.158,131.676987,1409.436157,-61.241589,233.248077,1094.623901,-96.780945,161.393646,920.495667,79.441864
0.167,131.681183,1409.33728,-61.236843,233.155197,1094.537109,-96.865295,161.189102,920.347412,79.324387
0.175,131.650391,1409.255493,-61.253555,233.052246,1094.444214,-96.929222,161.004105,920.181274,79.193039
0.183,131.633774,1409.137817,-61.249718,232.921829,1094.301392,-97.036987,160.933655,919.994446,78.966949
0.192,131.631485,1409.051758,-61.275909,232.776703,1094.156738,-97.114288,160.755646,919.850464,78.800652
0.2,131.633209,1408.953369,-61.290291,232.601593,1093.97876,-97.215012,160.555008,919.682434,78.624115
0.208,131.636673,1408.849243,-61.325768,232.460236,1093.80603,-97.323128,160.321228,919.50708,78.483917
0.217,131.649902,1408.720581,-61.356678,232.312637,1093.659546,-97.406883,159.96225,919.359009,78.322159
0.225,131.676025,1408.580566,-61.403027,232.155228,1093.491089,-97.478706,159.667755,919.187439,78.208733
0.233,131.695877,1408.440796,-61.433369,231.989426,1093.306274,-97.579391,159.382721,919.033142,78.080429
0.242,131.71875,1408.302368,-61.474506,231.800812,1093.110596,-97.726395,159.098862,918.8479,77.971123
0.25,131.746597,1408.126343,-61.451073,231.564713,1092.897095,-97.836266,158.829147,918.710938,77.902603
0.258,131.769135,1407.973267,-61.472618,231.30838,1092.652588,-97.987663,158.592209,918.581665,77.832047
0.267,131.789597,1407.810425,-61.48996,231.057312,1092.448853,-98.12233,158.323196,918.436462,77.698151
0.275,131.81546,1407.656372,-61.50922,230.797318,1092.232056,-98.278702,158.017197,918.243164,77.582932
0.283,131.851639,1407.500122,-61.529591,230.542389,1092.001343,-98.425812,157.666824,917.995056,77.490517
0.292,131.890839,1407.342163,-61.527813,230.336899,1091.81189,-98.539215,157.304443,917.827332,77.310219
0.3,131.926178,1407.190186,-61.528954,230.084076,1091.596069,-98.710831,157.028839,917.640442,77.133286
0.308,131.957687,1407.056519,-61.539017,229.838272,1091.372192,-98.827263,156.812851,917.464355,76.973793
0.317,132.00116,1406.944214,-61.520931,229.590149,1091.164062,-98.925346,156.56189,917.296265,76.854042
0.325,132.047394,1406.821655,-61.497986,229.374832,1090.984253,-99.044777,156.291122,917.029724,76.705078
0.333,132.082779,1406.695557,-61.463371,229.149826,1090.80127,-99.198822,156.060104,916.848328,76.529884
0.342,132.090134,1406.587891,-61.438133,228.920593,1090.610596,-99.365532,155.814087,916.653564,76.404465
0.35,132.104752,1406.476074,-61.389687,228.648453,1090.432983,-99.564369,155.577499,916.483215,76.304993
0.358,132.119705,1406.363403,-61.359135,228.351944,1090.30188,-99.756996,155.314865,916.334045,76.186623
0.367,132.137238,1406.24646,-61.351601,228.134155,1090.140869,-99.888428,155.089325,916.203552,76.076111
0.375,132.067551,1406.109741,-61.516975,227.991425,1089.953857,-99.995583,154.886932,916.068726,75.94091
0.383,132.093903,1406.020386,-61.520844,227.831009,1089.82312,-100.124237,154.627151,915.9646,75.776672
0.392,132.107025,1405.930298,-61.482582,227.655243,1089.698486,-100.241676,154.442245,915.861938,75.6493
0.4,132.135666,1405.8302,-61.481113,227.477997,1089.577026,-100.360649,154.299759,915.721313,75.54776
0.408,132.140549,1405.741455,-61.474045,227.31897,1089.474365,-100.484932,154.156158,915.60199,75.46978
0.417,132.149719,1405.669189,-61.447594,227.157608,1089.328247,-100.597084,154.034515,915.46637,75.374336
0.425,132.146744,1405.60498,-61.420582,227.010788,1089.22998,-100.688492,153.928848,915.295715,75.285942
0.433,132.152878,1405.535522,-61.400501,226.866791,1089.152466,-100.792831,153.844574,915.174866,75.178352
0.442,132.151443,1405.431641,-61.341034,226.700653,1089.063232,-100.894485,153.746597,915.019714,75.063858
0.45,132.141815,1405.357544,-61.287018,226.539886,1088.957642,-101.002785,153.701035,914.88855,74.88446
0.458,132.151871,1405.284546,-61.221001,226.342377,1088.879028,-101.159576,153.6465,914.773682,74.742653
0.467,132.160172,1405.219971,-61.15588,226.099258,1088.752319,-101.265602,153.61998,914.587891,74.565895
0.475,132.16748,1405.151733,-61.099831,225.873184,1088.662476,-101.461372,153.587845,914.452087,74.439034
0.483,132.169296,1405.087769,-61.030884,225.671921,1088.557861,-101.606041,153.538467,914.293091,74.327881
0.492,132.184631,1404.987305,-60.986038,225.482559,1088.422363,-101.732887,153.547028,914.116333,74.225609
0.5,132.201859,1404.922729,-60.941193,225.297821,1088.318115,-101.854797,153.567657,913.942261,74.120789
0.508,132.21727,1404.848511,-60.870838,225.069031,1088.206909,-101.987068,153.619843,913.756287,74.053741
0.517,132.254776,1404.783203,-60.805241,224.810242,1088.07959,-102.144081,153.709366,913.593384,73.998573
0.525,132.273163,1404.734863,-60.741535,224.530792,1087.950684,-102.305214,153.773651,913.435791,73.956085
0.533,132.307266,1404.668213,-60.686878,224.259796,1087.822998,-102.490486,153.779358,913.242554,73.924652
0.542,132.332352,1404.594849,-60.624313,224.00174,1087.726196,-102.618027,153.778671,912.996033,73.832016
0.55,132.38353,1404.541992,-60.587101,223.758774,1087.639038,-102.758759,153.845062,912.726013,73.70993
0.558,132.420853,1404.470947,-60.55785,223.543915,1087.533325,-102.848465,153.868423,912.438049,73.570892
0.567,132.473526,1404.406128,-60.528111,223.377899,1087.42334,-102.923065,153.977219,912.056885,73.343239
0.575,132.537094,1404.341309,-60.512222,223.22345,1087.301636,-102.967499,154.118958,911.653503,73.060188
0.583,132.591965,1404.264648,-60.467232,223.084335,1087.177612,-103.027817,154.210403,911.246521,72.839928
0.592,132.67659,1404.194458,-60.444984,222.909271,1087.03064,-103.062553,154.217102,910.81134,72.670845
0.6,132.766708,1404.112671,-60.419415,222.743805,1086.870239,-103.117783,154.21347,910.389099,72.382843
0.608,132.867279,1404.022339,-60.372757,222.609863,1086.703369,-103.196236,154.361801,909.960449,71.932068
0.617,132.979385,1403.919556,-60.310284,222.52121,1086.544922,-103.29409,154.485275,909.417603,71.458656
0.625,133.120544,1403.82251,-60.261539,222.381699,1086.40332,-103.413216,154.521118,908.926636,71.130859
0.633,133.299835,1403.697998,-60.192642,222.246628,1086.243774,-103.565964,154.498047,908.40863,70.755882
0.642,133.485672,1403.594482,-60.101662,222.077148,1086.093018,-103.808624,154.581467,908.007507,70.143723
0.65,133.698868,1403.470215,-59.971203,221.876556,1085.915649,-104.107643,154.64325,907.347229,69.561142
0.658,133.929718,1403.325317,-59.843441,221.520538,1085.741333,-104.538162,154.660248,906.72937,68.881882
0.667,134.165802,1403.17334,-59.701702,221.278885,1085.541382,-104.969299,154.703537,906.25177,68.152756
0.675,134.468399,1402.986694,-59.552368,221.08783,1085.300659,-105.396622,154.83815,905.620605,67.489151
0.683,134.727142,1402.807007,-59.397205,220.832138,1085.063965,-105.973648,155.072922,904.897827,66.631592
0.692,135.019653,1402.630127,-59.244709,220.641068,1084.814087,-106.563377,155.296371,904.379089,65.884186
0.7,135.389877,1402.363525,-59.107441,220.380035,1084.5896,-107.231796,155.501236,903.846863,65.149292
0.708,135.785507,1402.107544,-58.93121,220.062836,1084.359619,-108.003082,155.728973,903.076538,64.344566
0.717,136.235107,1401.838257,-58.737564,219.915894,1084.115723,-108.726265,155.21431,902.091309,65.108383
0.725,136.67453,1401.631348,-58.628105,219.793289,1083.792358,-109.499062,156.411835,902.166382,62.760761
0.733,137.146225,1401.451904,-58.49744,219.691864,1083.549072,-110.335953,156.203186,900.885864,63.372932
0.742,137.762253,1401.217407,-58.370148,219.635529,1083.285767,-111.122772,157.565475,900.97522,60.783005
0.75,138.292679,1400.972046,-58.212219,219.483109,1083.087402,-112.053764,158.222565,900.493652,59.922527
0.758,138.817535,1400.717163,-58.108921,219.445724,1082.905884,-112.959541,158.28775,899.461365,60.213139
0.767,139.359787,1400.462036,-58.029057,219.091156,1082.606567,-113.586472,159.575653,899.306396,58.104996
0.775,140.019958,1400.212769,-58.028938,219.136932,1082.346191,-114.49054,160.404297,898.784668,57.281204
0.783,140.734192,1399.898804,-58.025169,219.280334,1082.126343,-115.389442,161.264359,898.204224,56.267345
0.792,141.518188,1399.609985,-57.938152,219.430161,1081.86499,-116.266205,162.051712,897.679382,55.427902
0.8,142.219925,1399.30481,-57.943401,219.621033,1081.610596,-117.242714,161.802719,896.458557,56.696945
0.808,142.950699,1399.023193,-57.898853,219.797882,1081.265991,-118.224014,163.736572,896.687561,53.454536
0.817,143.845642,1398.691284,-57.918007,219.993958,1081.032349,-119.201973,164.707367,896.209167,52.388783
0.825,144.760788,1398.39624,-57.937813,220.191895,1080.745117,-120.242661,165.485718,895.85614,51.4771
0.833,145.639389,1398.066895,-57.957962,220.442596,1080.505127,-121.224495,166.494675,895.248901,50.532375
0.842,146.576447,1397.671875,-58.037197,220.736038,1080.170776,-122.163918,167.531738,894.760071,49.720402
0.85,147.588135,1397.250977,-58.10585,220.999191,1079.773071,-123.266945,168.676163,894.307556,48.75486
0.858,148.554718,1396.959717,-58.177765,221.275421,1079.48291,-124.226303,169.682602,893.574524,47.784325
0.867,149.618469,1396.580444,-58.26408,221.508408,1079.152344,-125.25341,170.799774,893.067505,46.652313
0.875,150.641724,1396.241577,-58.35479,221.77626,1078.806885,-126.291992,171.816208,892.5979,45.782501
0.883,151.794296,1395.876709,-58.523903,222.080017,1078.412476,-127.301682,173.164398,891.96283,44.765572
0.892,152.87648,1395.451172,-58.657486,222.397339,1078.04541,-128.370224,174.259369,891.460571,43.923889
0.9,154.02005,1395.046387,-58.813679,222.717499,1077.700806,-129.500702,175.413681,890.999268,42.845879
0.908,155.249573,1394.67981,-59.042675,222.99144,1077.359497,-130.598709,176.687927,890.38501,41.725079
0.917,156.450089,1394.297241,-59.150223,223.284622,1076.951904,-131.746613,178.003098,889.954346,40.658718
0.925,157.66069,1393.93335,-59.383789,223.546829,1076.626587,-132.852554,179.373169,889.403137,39.803707
0.933,158.949814,1393.535522,-59.677509,223.903732,1076.193848,-133.936493,180.684708,888.707764,38.842915
0.942,160.212234,1393.12915,-59.912575,224.144302,1075.811646,-135.062164,181.607758,888.109314,38.571285
0.95,161.472061,1392.828857,-60.253426,224.484299,1075.558838,-136.101089,182.927155,887.546753,37.58614
0.958,162.803375,1392.442993,-60.429077,224.837646,1075.150635,-137.279755,184.220871,886.857361,37.279419
0.967,164.094376,1392.071899,-60.836002,225.127625,1074.753784,-138.315292,185.662903,886.618042,35.912212
0.975,165.35257,1391.703735,-61.175266,225.42868,1074.415649,-139.399811,187.306824,886.326233,34.267651
0.983,166.758499,1391.294067,-61.418598,225.701431,1074.111572,-140.445389,189.365997,886.026184,32.482079
0.992,168.040756,1390.955688,-61.81633,225.93985,1073.754761,-141.534134,190.912811,885.687317,31.26013
1,169.445999,1390.567627,-62.133236,226.272568,1073.359497,-142.65741,191.73468,884.610229,31.549208
1.008,170.832336,1390.206055,-62.542038,226.575729,1072.977417,-143.738113,193.330017,883.967163,30.948982
1.017,172.12822,1389.830078,-62.926559,226.904495,1072.646851,-144.809738,195.038193,883.701172,29.43395
1.025,173.561691,1389.429443,-63.166409,227.199524,1072.268066,-145.863434,196.74234,883.315369,27.97698
1.033,174.880463,1389.093628,-63.519337,227.488327,1071.97998,-146.916077,197.966293,882.317566,28.104727
1.042,176.263489,1388.63501,-63.840145,227.866043,1071.583984,-147.935745,199.80748,881.860352,26.512018
1.05,177.676804,1388.190186,-64.155579,228.173325,1071.182373,-149.012756,201.490036,881.64917,24.98226
1.058,179.026535,1387.728394,-64.436989,228.53009,1070.785522,-150.055695,202.93718,880.732239,24.800341
1.067,180.432678,1387.294312,-64.681488,228.839172,1070.465454,-151.103394,204.625641,880.077209,23.431007
1.075,181.743698,1386.746582,-64.974617,229.0672,1069.931763,-152.079803,206.165436,879.547363,22.220695
1.083,183.183945,1386.21106,-65.190132,229.36705,1069.412476,-153.095749,207.734283,878.599792,21.638079
1.092,184.566895,1385.704712,-65.44471,229.591995,1068.939941,-153.959122,209.620483,878.271606,19.857664
1.1,186.055588,1385.096069,-65.557449,229.811081,1068.463501,-155.00119,211.362549,877.469604,18.372562
1.108,187.5242,1384.399292,-65.788414,230.033798,1067.870239,-155.86969,212.56337,876.123413,18.620289
1.117,189.030167,1383.814819,-65.916443,230.322922,1067.362061,-156.824112,214.450317,875.501953,16.768976
1.125,190.492004,1383.145996,-66.097145,230.594482,1066.785889,-157.683701,216.271255,874.851501,15.1406
1.133,192.085266,1382.422119,-66.189667,230.749985,1066.184692,-158.441788,217.730453,873.371765,14.823505
1.142,193.627579,1381.674683,-66.327072,231.041489,1065.657837,-159.964828,219.448502,872.512146,13.278345
1.15,195.215179,1380.866089,-66.281021,231.243164,1064.814697,-160.455734,221.039139,871.392334,12.018372
1.158,196.833267,1379.915894,-66.315292,231.496643,1064.169312,-161.271652,222.677811,870.028625,11.261931
1.167,198.493362,1378.993042,-66.192413,231.754425,1063.454468,-161.991211,225.884399,870.519226,6.348767
1.175,200.135025,1378.050781,-66.207489,232.057541,1062.56604,-162.619568,228.088974,869.697205,4.302231
1.183,201.921524,1377.089966,-66.064293,232.2901,1061.777222,-163.263153,229.415817,867.669739,4.044347
1.192,203.657883,1376.044556,-65.880554,232.572479,1060.912231,-163.853561,230.707596,865.929932,3.246809
1.2,205.560181,1374.814087,-65.605255,232.937317,1059.969604,-164.481552,232.078781,864.047974,2.616681
1.208,207.292099,1373.701416,-65.242393,233.243912,1059.116333,-165.15416,233.614243,862.311707,1.718817
1.217,209.25853,1372.516968,-64.974312,233.592651,1058.152344,-165.800766,235.330856,860.99939,-0.154482
1.225,211.24765,1371.284546,-64.511528,233.918381,1057.22168,-166.38205,236.931976,859.229675,-1.424093
1.233,213.191193,1369.993408,-64.097321,234.3564,1056.256348,-166.970963,238.640442,857.715759,-3.050554
1.242,215.220718,1368.761719,-63.754253,234.76207,1055.262207,-167.584244,240.11615,856.060425,-4.454687
1.25,217.240997,1367.249146,-63.269123,235.204681,1054.255981,-168.235184,241.680466,854.326843,-6.101573
1.258,219.379227,1365.910645,-62.785648,235.653336,1053.143188,-168.782104,243.251328,852.301941,-7.334582
1.267,221.482315,1364.411987,-62.305252,236.166916,1051.984253,-169.376984,244.892136,850.569702,-9.192633
1.275,223.630325,1362.805786,-61.693016,236.687836,1050.816162,-169.911377,246.446671,848.782593,-11.070848
1.283,225.831039,1361.257202,-61.240425,237.244019,1049.635132,-170.52298,247.953125,846.875549,-12.76801
1.292,228.016037,1359.501709,-60.560787,237.84906,1048.490234,-171.139526,249.584732,844.770325,-14.327569
1.3,230.334671,1357.79541,-60.000267,238.47049,1047.114868,-171.78479,250.985092,842.616943,-15.777096
1.308,232.69632,1356.026489,-59.304653,239.019028,1045.913818,-172.340881,252.54425,840.709839,-17.869699
1.317,235.088745,1354.146729,-58.734512,239.657272,1044.489868,-172.952896,253.959534,838.939392,-20.49872
1.325,237.609543,1352.190308,-58.089161,240.36026,1043.102173,-173.578918,255.314743,836.634766,-22.053482
1.333,240.015991,1350.127197,-57.417801,241.094666,1041.618408,-174.17334,256.665131,834.1698,-23.294285
1.342,242.622696,1348.017822,-56.703037,241.7276,1040.048218,-174.714539,258.059814,831.7948,-24.918692
1.35,245.197998,1345.832764,-56.021927,242.352127,1038.428345,-175.266571,259.358673,829.375549,-26.581993
1.358,247.81221,1343.522339,-55.349487,243.047821,1036.748047,-175.84552,260.901855,827.116699,-28.699337
1.367,250.499695,1341.13501,-54.600296,243.77002,1034.97644,-176.449692,262.290161,824.346252,-29.745689
1.375,253.13118,1338.719849,-54.036118,244.430893,1033.097656,-176.976105,263.791046,821.850098,-31.603891
1.383,255.834396,1336.168091,-53.316425,245.123581,1031.182373,-177.479309,265.08783,818.990295,-33.041264
1.392,258.537872,1333.536377,-52.605511,245.826477,1029.219238,-177.96489,266.528564,816.503784,-35.125519
1.4,261.363892,1330.936035,-51.975079,246.602951,1027.268188,-178.467484,267.836578,813.732788,-36.739815
1.408,264.090851,1328.083008,-51.168861,247.301865,1025.197754,-179.040817,269.298309,810.920837,-38.325691
1.417,266.944305,1325.218506,-50.358105,248.088287,1022.99762,-179.514664,270.674133,807.948486,-39.948673
1.425,269.87323,1322.352295,-49.765186,248.888138,1020.744568,-179.951202,272.084839,804.868958,-41.631741
1.433,272.680542,1319.269653,-49.005207,249.768234,1018.461731,-180.413559,273.489685,801.962341,-43.528419
1.442,275.396423,1316.155029,-48.246712,250.668045,1016.059265,-180.804703,274.899445,798.722046,-45.07996
1.45,278.226135,1312.959229,-47.527054,251.549515,1013.631592,-181.220856,276.351379,795.500488,-46.677197
1.458,281.052643,1309.798218,-46.917931,252.457077,1011.083496,-181.563553,277.768372,792.324036,-48.477879
1.467,283.868408,1306.47644,-46.179985,253.442261,1008.532288,-182.005249,279.235779,788.991333,-50.333324
1.475,286.630981,1303.005859,-45.482964,254.436707,1005.938049,-182.376831,280.58429,785.698669,-52.077774
1.483,289.502258,1299.716431,-44.868809,255.289383,1003.270386,-182.405624,282.072357,782.350159,-53.746914
1.492,292.188293,1296.293091,-44.254353,256.516296,1000.650879,-183.126053,283.367401,778.709839,-55.219654
1.5,295.044525,1292.825684,-43.635303,257.60498,997.912476,-183.524399,284.733032,775.428955,-57.139473
1.508,297.74884,1289.291138,-43.139381,258.687286,995.146729,-183.879074,286.126343,771.859802,-58.993927
1.517,300.51413,1285.696289,-42.531761,259.757294,992.473267,-184.450104,287.578461,768.53772,-60.977234
1.525,303.285797,1282.088623,-41.977001,260.841736,989.440369,-184.346039,288.87381,764.558838,-62.322392
1.533,306.088196,1278.369019,-41.430813,262.093933,986.762756,-185.361862,290.228546,761.052429,-64.248131
1.542,308.586792,1274.346191,-40.869953,263.152954,983.787476,-185.634109,291.506531,757.281006,-66.076729
1.55,311.236298,1270.544556,-40.355812,264.254791,980.794739,-186.014862,292.867004,753.665649,-68.195358
1.558,313.962463,1266.638062,-39.858288,265.419617,977.775635,-186.424896,294.16037,749.818237,-69.962479
1.567,316.771973,1262.804565,-39.349083,266.483459,974.709412,-186.805832,295.414276,745.985596,-71.670822
1.575,319.41925,1258.821411,-38.889477,267.642059,971.619812,-187.13031,296.72049,742.127502,-73.603027
1.583,322.165741,1254.891968,-38.311543,268.767853,968.528442,-187.567917,297.950714,738.203674,-75.51532
1.592,324.859192,1250.872192,-37.876522,269.887573,965.360107,-187.980865,299.096039,734.5354,-77.668602
1.6,327.52356,1246.784302,-37.437672,271.065094,962.116577,-188.355164,300.161407,730.509827,-79.572876
1.608,330.162323,1242.747925,-36.98204,272.228394,958.900452,-188.812363,301.263092,726.578613,-81.476784
1.617,332.831696,1238.580933,-36.518654,273.378021,955.666565,-189.110947,302.395233,722.752991,-83.689774
1.625,335.432404,1234.549316,-36.084606,274.583374,952.464233,-189.67038,303.329254,718.543579,-85.647957
1.633,337.834167,1230.396362,-35.839954,275.605438,949.099487,-189.516449,304.205627,714.445923,-87.374733
1.642,340.392181,1226.307251,-35.428368,276.831482,945.847351,-189.957367,305.200684,710.494019,-89.504181
1.65,342.84494,1222.063843,-35.032104,278.045319,942.540283,-190.389587,306.137512,706.386047,-91.502983
1.658,345.175964,1217.726318,-34.816376,279.154175,939.239075,-190.686523,307.047302,702.460693,-93.674911
1.667,347.381622,1213.653198,-34.555275,280.321533,935.860168,-191.15181,307.91861,698.273254,-95.81546
1.675,349.682922,1209.467163,-34.338795,281.43869,932.633606,-191.580704,308.711456,694.250366,-98.004677
1.683,351.97049,1205.403564,-34.11517,282.528076,929.502625,-192.123352,309.498352,690.273071,-100.197319
1.692,353.995972,1201.359009,-33.965218,283.484497,926.229126,-192.579132,310.286713,686.296387,-102.494606
1.7,356.229797,1197.453735,-33.737148,284.257233,923.043701,-192.687866,310.835266,682.435608,-104.606964
1.708,358.344666,1193.650391,-33.553932,285.115295,919.585266,-192.786469,311.295074,678.59729,-106.585182
1.717,360.232574,1189.995483,-33.335312,285.966003,916.523499,-192.919708,311.73053,674.824097,-108.70195
1.725,362.10556,1186.177856,-33.342918,286.528473,913.135559,-191.912903,312.077179,671.17334,-110.543716
1.733,364.242432,1182.617432,-33.212517,287.530884,910.493958,-193.108246,312.314026,667.64801,-112.390251
1.742,366.106537,1179.197388,-33.157063,287.873901,907.169556,-191.917221,312.494171,664.268005,-114.418167
1.75,367.832947,1175.628906,-33.189831,288.797943,904.704468,-193.113586,312.424316,660.938538,-116.252876
1.758,369.399902,1172.202393,-33.270744,289.358215,902.024414,-193.017014,312.384979,657.66217,-118.185402
1.767,371.353546,1169.270996,-33.158161,289.566467,899.005127,-191.669296,312.288574,654.478699,-119.892593
1.775,373.059296,1166.101196,-33.250858,290.271027,896.86499,-192.723328,312.235596,651.533081,-121.846939
1.783,374.889313,1163.026367,-33.333382,290.385376,894.062317,-191.345123,311.997681,648.404602,-123.497963
1.792,376.447449,1160.243408,-33.307716,291.010712,892.05835,-192.32814,311.821289,645.536377,-125.208122
1.8,378.254822,1157.437134,-33.29137,290.973877,889.410461,-190.603622,311.456268,642.821838,-126.913887
1.808,379.830109,1154.804443,-33.449039,291.354156,887.306702,-190.476471,311.059235,640.264709,-128.388672
1.817,381.500885,1152.218262,-33.542717,291.713593,885.145752,-190.179672,310.651276,637.832458,-129.99379
1.825,383.011139,1149.759888,-33.609127,292.131256,883.305237,-189.914505,310.177399,635.427429,-131.37178
1.833,384.279449,1147.482544,-33.666428,292.506165,881.272034,-189.464859,309.616211,633.277405,-132.69133
1.842,385.900574,1145.233765,-33.80164,292.995026,879.586853,-189.378281,309.072052,631.301147,-133.863083
1.85,387.352966,1143.276733,-33.891994,293.734497,878.504517,-190.756256,308.671021,629.397766,-135.102219
1.858,388.884796,1141.304199,-33.949635,293.745087,876.376343,-188.922836,308.203705,627.663818,-136.097763
1.867,390.096344,1139.597046,-33.938011,294.102936,874.973328,-188.69191,307.851715,626.109741,-136.844559
1.875,391.268829,1137.840088,-34.038921,294.864288,874.251404,-190.323517,307.544281,624.516479,-137.158356
1.883,392.392853,1136.160278,-34.127312,295.134125,872.7724,-189.757355,307.277405,623.354065,-137.422607
1.892,393.677399,1134.787109,-34.168205,295.156921,871.293701,-188.245422,306.997101,622.126587,-137.613998
1.9,394.731262,1133.268677,-34.17263,296.041656,870.570374,-189.579697,306.655243,620.963745,-137.647049
1.908,395.879059,1132.093262,-34.304138,295.698334,868.989075,-187.436218,306.327637,619.97644,-137.72612
1.917,396.956909,1130.913208,-34.381577,296.549988,868.609253,-188.830322,306.08728,618.898376,-137.895126
1.925,397.934631,1129.925293,-34.382565,296.353424,867.773682,-187.880524,305.846069,618.00354,-137.984802
1.933,398.836426,1128.975952,-34.44223,296.4823,866.97699,-187.36377,305.623749,617.25769,-138.083923
1.942,399.834259,1128.072388,-34.602776,296.454529,866.218506,-186.754959,305.34906,616.440979,-137.964142
1.95,400.800842,1127.256836,-34.781029,296.432739,865.547729,-186.13356,305.171204,615.674622,-137.943115
1.958,401.75589,1126.526123,-34.947578,296.444763,864.968445,-185.568909,304.975464,615.056885,-137.854416
1.967,402.641327,1125.856201,-35.178143,296.52948,864.37085,-184.997574,304.717743,614.476807,-137.748108
1.975,403.38147,1125.262451,-35.450588,296.64798,863.879333,-184.598633,304.554535,613.876587,-137.670395
1.983,404.167358,1124.693848,-35.638191,296.000763,862.734253,-182.025467,304.4552,613.409607,-137.66748
1.992,404.955505,1124.050903,-35.948944,296.082855,862.276001,-181.690536,304.414124,612.941833,-137.671783
2,405.62323,1123.652954,-36.165401,296.191895,861.777283,-181.414322,304.435333,612.458923,-137.801483
2.008,406.272644,1123.114746,-36.483192,296.320312,861.292358,-181.198013,304.431976,612.023376,-137.935089
2.017,406.964447,1122.833618,-36.70866,296.501343,860.937256,-181.125519,304.496765,611.645813,-138.107742
2.025,407.79126,1122.688477,-36.815273,296.719299,860.643982,-181.228439,304.577515,611.358887,-138.246399
2.033,408.361816,1122.339966,-37.104309,297.011414,860.410278,-181.388809,304.595825,611.181824,-138.363281
2.042,408.7789,1122.091919,-37.413494,297.293274,860.229004,-181.52829,304.884857,611.040161,-138.589844
2.05,409.123993,1121.909668,-37.674423,297.600311,860.055786,-181.635345,305.253601,610.896179,-138.855103
2.058,409.53067,1121.762817,-37.984291,298.018494,859.791931,-181.669907,305.656799,610.773132,-138.986191
2.067,409.957031,1121.707275,-38.295292,298.483551,859.703857,-181.893219,306.019592,610.608398,-139.086472
2.075,410.059082,1121.776489,-38.557629,298.95282,859.647339,-182.02919,306.55423,610.56366,-139.387085
2.083,410.218018,1122.035645,-38.671356,299.391541,859.533875,-181.881378,307.197968,610.547424,-139.654099
2.092,410.240662,1122.133789,-38.993092,299.980194,859.570496,-181.869904,307.941895,610.53656,-139.850677
2.1,410.397461,1122.606323,-39.111649,300.500977,859.62915,-181.604599,308.685364,610.653809,-139.854279
2.108,410.244263,1123.12561,-39.315392,301.026031,859.697388,-181.191605,309.604095,610.974915,-139.840195
2.117,410.240723,1123.74707,-39.634602,301.589539,859.952393,-180.970627,310.651367,611.249817,-139.773804
2.125,410.109924,1124.577515,-39.849785,302.087799,860.153809,-180.276306,311.77121,611.721802,-139.714432
2.133,409.842407,1125.333862,-40.175724,302.680817,860.531311,-179.7677,313.009216,612.129028,-139.351089
2.142,409.683319,1126.341919,-40.407284,303.378021,861.021606,-179.008926,314.454346,612.723633,-139.034866
2.15,409.434052,1127.624023,-40.581818,303.926331,861.576111,-178.303314,315.885681,613.402039,-138.62117
2.158,409.029999,1128.991211,-40.773518,304.522552,862.384521,-177.528992,317.455627,614.239685,-138.181564
2.167,408.639893,1130.437378,-40.925766,305.035858,863.061401,-176.443863,319.155975,615.305725,-137.544113
2.175,408.23996,1132.13269,-41.168854,305.490448,864.118774,-175.520432,320.980499,616.477051,-136.796783
2.183,407.704163,1133.879761,-41.314251,306.070099,865.147705,-174.534164,323.031616,617.738464,-136.142044
2.192,407.23584,1135.811157,-41.528999,306.750916,866.33313,-173.734177,325.138275,619.199646,-135.287369
2.2,406.621338,1137.892578,-41.757027,307.588135,867.685486,-172.99765,327.494537,620.803589,-134.439713
2.208,405.816284,1140.140137,-41.89938,308.300476,869.203186,-172.314667,329.907379,622.457397,-133.405869
2.217,405.026123,1142.513184,-42.218712,309.247406,870.572449,-171.646866,332.570984,624.227966,-132.456879
2.225,404.047638,1144.994873,-42.428032,310.27652,872.197876,-171.121246,335.411499,626.08075,-131.355667
2.233,403.006348,1147.584229,-42.707973,311.484589,873.931885,-170.828659,338.517578,628.023804,-130.351868
2.242,402.171722,1150.215088,-43.107903,312.687408,875.495544,-170.083679,341.79892,630.184326,-129.142288
2.25,400.963989,1152.984863,-43.461308,314.186859,877.374146,-169.957138,345.342194,632.382202,-127.827957
2.258,399.920654,1155.891479,-43.769321,315.680817,879.156555,-169.273987,349.050659,634.731079,-126.417007
2.267,398.775604,1158.871094,-44.060337,317.383698,881.203247,-169.216354,352.968323,637.178528,-124.874763
2.275,397.698792,1162.040161,-44.420708,319.060272,883.087158,-168.447479,357.089874,639.783508,-123.20118
2.283,396.543915,1165.38147,-44.678864,320.948517,885.185486,-167.704788,361.392059,642.522217,-121.428253
2.292,395.315155,1168.744263,-44.902882,322.816467,887.364441,-166.985657,365.867096,645.459473,-119.573761
2.3,393.78772,1172.043213,-45.287128,324.740845,889.649109,-165.978104,370.521545,648.456299,-117.474579
2.308,392.547729,1175.60144,-45.530914,326.828094,891.968506,-165.05249,375.332977,651.683899,-115.229836
2.317,391.156128,1179.219482,-45.68306,328.874573,894.444946,-163.902664,380.245117,655.031006,-112.781731
2.325,389.960846,1182.952026,-45.959732,331.019348,897.080078,-162.762909,385.423309,658.65863,-110.313004
2.333,388.688477,1186.628052,-46.14838,333.154816,899.802185,-161.414154,390.600586,662.514038,-107.514839
2.342,387.266998,1190.6604,-46.278831,335.395233,902.621582,-160.075974,396.04422,666.393311,-104.822174
2.35,385.640625,1194.689453,-46.392311,337.693634,905.675293,-158.663834,401.621521,670.601746,-101.897057
2.358,384.130127,1198.515625,-46.662762,340.238739,908.79187,-157.351837,407.316864,674.964233,-98.881729
2.367,382.404266,1202.791748,-46.736393,342.847809,911.94928,-155.851334,413.313995,679.526794,-95.819
2.375,380.679016,1206.622437,-47.004875,345.433258,915.189514,-154.248154,419.407898,684.213074,-92.622124
2.383,378.937561,1210.866943,-47.201466,348.22171,918.374817,-152.557602,425.5737,689.170654,-89.048027
2.392,377.246246,1215.250977,-47.334373,351.063171,921.901001,-150.956787,431.926758,694.409424,-85.564056
2.4,375.552521,1219.539795,-47.667728,353.936584,925.491577,-149.351974,438.406342,699.931519,-81.764015
2.408,373.758453,1223.86853,-47.864586,357.166321,929.148926,-147.858658,444.98819,705.641602,-77.956696
2.417,372.245911,1228.489746,-48.20787,360.216736,932.917603,-145.970062,451.587006,711.521912,-73.761673
2.425,370.10968,1232.72229,-48.54512,363.459869,936.824219,-144.118942,458.300995,717.627136,-69.50576
2.433,368.252411,1237.372803,-48.785156,366.688843,940.976624,-142.192596,465.028503,724.17395,-65.000549
2.442,366.125977,1241.740723,-49.234665,369.990234,945.179382,-140.3564,471.894958,730.839417,-60.648727
2.45,364.076447,1246.350708,-49.545994,374.538116,950.177124,-140.946915,478.767395,737.981628,-55.968922
2.458,361.825104,1250.886963,-49.835079,377.515869,954.80011,-138.154419,485.680267,745.192871,-51.204845
2.467,359.591187,1255.473389,-50.087341,381.187256,959.406006,-136.163055,492.575775,752.937317,-46.332359
2.475,357.111084,1260.162476,-50.27726,384.419159,964.294983,-133.589996,499.401154,760.974976,-41.264473
2.483,354.878357,1264.81897,-50.506588,387.943665,969.282043,-131.072678,506.02002,769.007019,-35.631992
2.492,352.543213,1269.732422,-50.703064,391.278046,974.61261,-128.53746,513.133728,778.295227,-31.164038
2.5,350.164398,1274.254883,-50.93824,394.689026,980.08429,-125.962761,519.830322,787.355286,-25.641106
2.508,347.47229,1279.206055,-51.134823,398.15741,985.740784,-123.186676,526.584656,796.589905,-20.206842
2.517,344.873566,1283.995972,-51.326084,401.552063,991.710754,-120.421227,532.8927,806.574158,-14.596315
2.525,342.212677,1288.805054,-51.532852,404.902588,997.601379,-117.580009,539.354736,816.441467,-8.6291
2.533,339.490448,1293.685913,-51.895679,408.271912,1003.93927,-114.801834,545.731812,826.652771,-2.830023
2.542,336.517242,1298.599487,-52.257736,411.536163,1010.270813,-111.952827,551.90802,837.396606,3.013108
2.55,333.331573,1303.422485,-52.565197,414.650177,1016.867981,-109.048401,557.50531,848.460999,9.28258
2.558,330.260712,1308.320068,-53.080914,417.733154,1023.552307,-106.111458,563.209167,859.7901,15.27829
2.567,327.012329,1313.297607,-53.473934,420.675537,1030.33313,-103.213402,568.548645,871.361694,21.361834
2.575,323.814941,1317.952515,-54.150372,423.406342,1037.312866,-100.267365,573.864807,883.19574,27.512709
2.583,320.393463,1322.995605,-54.734097,426.148865,1044.335449,-97.413589,578.780884,895.359741,33.675755
2.592,317.139221,1327.574951,-55.54343,428.729828,1051.478149,-94.475006,583.295227,907.381409,40.823414
2.6,313.690155,1332.341553,-56.061855,431.318268,1058.679077,-91.520782,588.216736,920.40918,45.784893
2.608,310.235199,1336.796265,-56.993084,433.817566,1065.953735,-88.509087,592.308472,932.524963,53.090698
2.617,306.935913,1341.664062,-57.610641,436.135834,1073.34375,-85.47744,596.292969,945.273682,59.002953
2.625,303.411072,1346.000854,-58.624371,438.474182,1080.645996,-82.427505,599.877869,958.415344,65.335075
2.633,299.885284,1350.425781,-59.373074,440.65274,1088.342529,-79.166817,603.2547,971.302551,71.600616
2.642,296.431976,1354.631104,-60.380749,442.651062,1095.928467,-76.031075,605.954773,984.471436,78.415665
2.65,292.813141,1359.103394,-61.240807,444.538849,1103.650146,-72.676476,608.603516,998.012207,84.891403
2.658,289.196289,1363.458862,-62.000523,446.169617,1111.193237,-69.420219,610.963196,1011.513611,91.326134
2.667,285.536804,1367.417236,-63.034222,447.720398,1119.390503,-65.858871,612.851929,1025.174927,97.469482
2.675,281.84491,1371.469849,-63.919441,448.871796,1127.19043,-61.718735,614.902527,1038.770508,103.823898
2.683,278.168335,1375.276978,-64.786041,450.484283,1135.010376,-59.02417,616.035828,1052.346191,110.650391
2.692,274.441223,1379.052246,-65.683624,451.314423,1143.190186,-55.345726,616.811951,1065.793091,117.838547
2.7,270.744904,1382.600708,-66.629196,452.288574,1151.207153,-52.294086,617.682434,1079.690186,123.866997
2.708,267.053375,1386.10022,-67.48188,453.055725,1159.229858,-49.116707,617.824707,1093.684937,130.103027
2.717,263.398865,1389.431152,-68.551613,453.46759,1167.041626,-45.02729,617.693848,1107.583374,136.075363
2.725,259.683441,1392.572632,-69.41906,453.903534,1174.977417,-42.1073,617.14624,1121.752075,142.151733
2.733,256.125916,1395.687866,-70.430679,454.719788,1182.67688,-39.717258,616.245422,1135.575195,148.725067
2.742,252.55838,1398.754395,-71.464104,454.260834,1190.453369,-35.795811,614.938721,1149.608643,154.614059
2.75,249.043472,1401.660522,-72.517845,454.556519,1198.201782,-33.124546,613.047668,1163.207153,161.42894
2.758,245.539032,1404.476807,-73.469292,454.309509,1205.760376,-30.059464,611.481262,1177.205933,166.185486
2.767,242.121246,1407.15332,-74.543114,453.92395,1213.300537,-27.070105,609.115784,1191.764404,170.820267
2.775,238.752258,1409.778442,-75.587524,453.535614,1220.821533,-24.090364,606.405518,1205.81311,176.268463
2.783,235.466476,1412.345947,-76.797508,452.964233,1228.316406,-21.039591,603.359314,1219.77417,181.695374
2.792,232.161179,1414.692627,-77.734871,452.316162,1235.796997,-18.306425,599.954102,1233.562256,187.272644
2.8,228.946548,1417.213745,-78.764961,451.503326,1243.282593,-15.371024,596.643066,1247.636108,192.012344
2.808,225.723419,1419.474121,-79.960251,450.63623,1250.71106,-12.522778,593.280212,1261.278564,196.554825
2.817,222.48938,1421.534424,-80.920921,449.694763,1258.225098,-9.857059,589.2854,1274.776611,201.631851
2.825,219.300568,1423.849243,-81.886917,448.629303,1265.680908,-7.197991,585.202332,1288.651611,204.883392
2.833,216.120377,1425.847534,-82.882309,447.456482,1273.210815,-4.510924,579.043213,1301.38562,214.248123
2.842,212.903809,1427.984375,-83.863609,446.230042,1280.517456,-1.880845,574.032471,1314.637573,218.869751
2.85,209.67099,1429.980347,-84.651451,444.733276,1287.940918,0.642543,568.915955,1328.15686,222.904144
2.858,206.450089,1431.855347,-85.610924,443.182739,1295.282837,3.119491,563.071228,1341.386108,227.131866
2.867,203.187576,1433.740356,-86.322937,441.397491,1302.707153,5.587754,558.044128,1355.161865,227.548477
2.875,200.011932,1435.643066,-87.006638,439.631439,1310.132324,8.154251,552.097961,1367.972656,231.203262
2.883,196.606323,1437.348633,-87.604218,437.549591,1317.55835,10.668015,545.78302,1380.771851,234.720642
2.892,193.228958,1439.091187,-88.262497,435.353424,1325.028809,13.17522,538.942566,1393.480591,238.282486
2.9,190.108704,1440.808228,-89.058136,433.014526,1332.468018,15.733471,531.938416,1406.102417,241.595566
2.908,186.814056,1442.513428,-89.861237,430.442596,1339.860718,18.319437,524.790039,1418.389282,244.573334
2.917,183.524307,1444.051025,-90.552307,427.618378,1347.148193,20.91848,517.436829,1430.766602,247.804504
2.925,180.176346,1445.572266,-91.144775,424.619171,1354.417969,23.701414,509.753174,1442.880981,250.672424
2.933,176.939194,1447.064697,-91.913322,421.648254,1361.419189,26.487667,501.811554,1454.755615,253.462341
2.942,173.62236,1448.449707,-92.462852,418.197174,1368.46521,29.152098,493.649292,1466.470581,256.045013
2.95,170.317947,1449.734985,-93.070496,414.580933,1375.509399,31.867704,485.22113,1477.99292,258.644226
2.958,167.070724,1451.113037,-93.663155,410.742157,1382.378052,34.679661,476.862549,1489.280762,261.096954
2.967,163.809586,1452.297729,-94.14843,406.862457,1389.218384,37.504585,468.095459,1500.484375,263.541016
2.975,160.559952,1453.459473,-94.512993,402.796448,1395.933105,40.301556,459.365051,1511.342041,265.776978
2.983,157.443008,1454.529419,-94.907982,398.630554,1402.564331,43.235886,450.630157,1522.039795,267.859711
2.992,154.513245,1455.803955,-95.320747,394.395569,1409.108398,46.085659,441.720123,1532.581299,269.878937
3,151.434845,1456.856201,-95.699303,389.901245,1415.44104,49.093479,432.597809,1542.93335,271.613281
3.008,148.484283,1457.901733,-95.966728,385.376984,1421.712646,51.99538,422.796875,1552.890869,273.575195
3.017,145.578278,1458.942261,-96.367439,380.579254,1427.867554,55.021557,413.308014,1562.661011,275.202209
3.025,142.696594,1459.984863,-96.532806,376.201813,1433.88147,57.992191,403.588745,1572.289185,276.797729
3.033,139.875275,1460.937988,-96.8694,370.978058,1439.849365,60.986851,393.643555,1581.622437,278.359528
3.042,137.019791,1461.911987,-97.082718,365.885162,1445.637695,63.971104,383.423187,1590.648682,279.667786
3.05,134.233597,1462.840698,-97.150696,360.714478,1451.289673,66.899681,373.299042,1599.485962,281.161621
3.058,131.475845,1463.762451,-97.364517,355.34787,1456.751343,69.980904,363.068848,1608.102661,282.493408
3.067,128.741867,1464.668823,-97.351883,349.826965,1462.050171,72.976204,352.474731,1616.369507,283.751923
3.075,125.937698,1465.496826,-97.396912,344.214874,1467.305908,76.026077,341.815155,1624.503784,284.746033
3.083,123.042145,1466.432617,-97.290176,338.506012,1472.369019,79.084023,330.194275,1632.476318,285.506073
3.092,120.265228,1467.212891,-97.277725,332.71994,1477.372192,82.134499,319.220825,1640.047729,286.337921
3.1,117.475746,1467.93396,-97.239738,326.848389,1482.196533,85.242546,308.330444,1647.424683,287.065277
3.108,114.786873,1468.776855,-97.07901,321.069397,1487.068237,88.198784,297.268127,1654.514038,287.730377
3.117,112.07048,1469.503784,-96.946518,315.048157,1491.766846,91.061638,286.179779,1661.325195,288.302887
3.125,109.359566,1470.30835,-96.78006,308.791718,1496.177612,93.979332,275.059784,1667.814209,288.796631
3.133,106.617065,1471.103516,-96.545769,302.572632,1500.557495,96.829369,263.78479,1674.195068,289.232025
3.142,104.11142,1471.776611,-96.299385,296.195007,1504.807373,99.776527,252.598877,1680.21875,289.612427
3.15,101.300438,1472.603516,-96.14212,289.841614,1508.936646,102.598633,241.427094,1686.170898,289.844574
3.158,98.691711,1473.227905,-95.731461,283.387604,1513.044189,105.271561,230.096634,1691.739868,289.995361
3.167,96.252815,1473.833984,-95.551262,276.746033,1516.925171,108.150856,218.832611,1697.213257,290.000122
3.175,93.621063,1474.561157,-95.215126,270.165558,1520.846436,110.836998,207.490494,1702.466309,289.990082
3.183,91.019737,1475.231567,-94.941673,263.501129,1524.579346,113.552048,196.055847,1707.330322,289.90451
3.192,88.568146,1476.003174,-94.589577,256.795532,1528.245972,116.258614,184.737656,1712.067261,289.746796
3.2,86.026512,1476.723999,-94.197121,250.117981,1531.696167,118.904045,173.867615,1716.831177,289.709778
3.208,83.530708,1477.347778,-93.732048,243.245804,1535.138794,121.554535,161.979706,1720.949219,289.177795
3.217,80.971916,1478.025146,-93.244415,236.486755,1538.487549,124.191032,150.414001,1724.894043,288.740753
3.225,78.542389,1478.704224,-92.686287,229.730469,1541.609741,126.806107,138.979263,1728.746216,288.314972
3.233,76.084778,1479.336304,-92.113869,222.706818,1544.695923,129.397247,127.83049,1732.482422,287.810852
3.242,73.644417,1480.001953,-91.519737,215.843277,1547.78186,131.842712,116.754753,1736.114746,287.216675
3.25,71.510002,1480.566772,-90.832993,209.001419,1550.720459,134.367493,105.60424,1739.435791,286.594147
3.258,69.119003,1481.271729,-90.177383,201.926437,1553.525635,136.851181,94.413475,1742.577515,285.98822
3.267,66.804581,1481.959961,-89.442017,194.978195,1556.388916,139.32843,83.212074,1745.491333,285.335785
3.275,64.495758,1482.746582,-88.859543,187.626892,1558.784302,141.803604,72.041878,1748.305054,284.524078
3.283,62.29517,1483.503418,-88.116638,180.475159,1561.434326,144.247879,60.96616,1750.774048,283.737976
3.292,60.005974,1484.292725,-87.477966,173.390564,1563.783447,146.614212,49.689331,1753.078491,282.961029
3.3,57.890736,1485.001587,-86.717926,166.235901,1566.173584,148.797546,38.499504,1755.151733,281.911835
3.308,55.680996,1485.776245,-85.974052,159.031006,1568.404663,151.133423,27.476402,1757.037231,280.940491
3.317,53.484993,1486.408813,-85.108467,151.622513,1570.380981,153.601654,16.499651,1758.781738,279.948273
3.325,51.354557,1487.106934,-84.256821,144.444855,1572.341797,155.988205,5.729785,1760.33606,278.889496
3.333,49.180672,1487.726685,-83.355812,137.276703,1574.106689,158.066467,-5.079996,1761.897461,277.787323
3.342,47.133034,1488.329712,-82.432404,129.943039,1576.021973,160.218002,-15.715896,1763.247681,276.603577
3.35,44.880451,1488.808716,-81.37516,122.775131,1577.742188,162.296432,-26.147217,1764.388794,275.414307
3.358,42.815163,1489.328979,-80.264618,115.466461,1579.244629,164.324127,-36.67437,1765.460083,274.078705
3.367,40.773788,1489.626587,-79.006126,108.357262,1580.753418,166.307465,-46.993965,1766.271118,272.849518
3.375,38.688496,1490.109741,-77.828636,101.316116,1582.225952,168.327728,-57.267666,1767.088867,271.410187
3.383,36.55159,1490.390747,-76.712952,93.998795,1583.603149,170.201614,-67.403893,1767.663086,270.04718
3.392,34.767944,1490.840698,-75.580391,86.931114,1584.85083,171.999878,-77.410011,1768.28418,268.476318
3.4,32.793968,1491.204834,-74.356964,79.759941,1585.886719,173.931351,-87.385391,1768.554077,266.923523
3.408,30.485601,1491.449463,-73.032692,72.388542,1586.922485,175.714554,-97.348373,1768.730225,265.372375
3.417,27.536934,1491.590088,-71.447266,65.235352,1587.718018,177.466736,-107.141914,1768.840088,263.725433
3.425,24.622952,1491.745972,-69.879799,58.080288,1588.508911,179.274017,-116.77626,1768.894165,262.017059
3.433,22.217133,1492.025757,-68.496536,50.642605,1589.127441,180.839676,-126.493782,1768.756104,260.303772
3.442,19.811644,1492.283936,-67.128288,43.383095,1589.658813,182.472198,-136.066132,1768.596069,258.461639
3.45,17.419615,1492.547363,-65.856201,36.273476,1590.251343,183.903076,-145.482162,1768.381226,256.681763
3.458,15.015033,1492.842651,-64.54702,28.95463,1590.546021,185.243729,-154.596695,1767.999146,254.783478
3.467,12.40865,1493.066772,-63.237869,21.608389,1591.065308,186.611526,-163.730225,1767.660034,252.94075
3.475,9.887444,1493.320557,-61.980598,14.411759,1591.338867,187.858612,-172.752014,1767.268188,250.94191
3.483,7.371367,1493.503418,-60.804314,7.360779,1591.716187,188.87709,-181.566757,1766.733154,248.978134
3.492,4.564175,1493.753784,-59.49741,0.412302,1591.993896,189.956375,-190.208939,1766.304688,246.976776
3.5,1.91789,1493.890625,-58.240795,-6.604676,1592.319702,190.825699,-198.665802,1765.947266,244.966263
3.508,-0.461877,1494.315552,-57.190479,-13.64106,1592.602417,191.783569,-207.013626,1765.662476,242.619629
3.517,-2.58452,1494.764038,-56.261353,-20.398317,1592.973633,192.583191,-215.225159,1765.252441,240.333679
3.525,-4.796026,1495.113403,-55.341797,-27.466137,1593.077759,192.659744,-223.151779,1764.920532,238.142944
3.533,-8.056224,1495.048584,-54.106239,-34.040047,1593.476074,193.096237,-230.719879,1764.542969,236.325226
3.542,-10.668936,1495.354004,-53.122917,-40.580002,1593.6698,193.409973,-238.317841,1764.305786,233.943619
3.55,-13.251869,1495.584595,-52.159187,-46.93095,1594.120483,193.808792,-245.554871,1764.019165,232.15921
3.558,-15.827351,1495.863403,-51.262283,-53.028946,1594.581055,193.991211,-252.703674,1763.746704,229.884003
3.567,-18.340149,1496.032471,-50.394367,-59.062878,1594.916626,194.134079,-259.674683,1763.398071,227.6633
3.575,-20.698362,1496.364746,-49.527023,-64.77813,1595.280762,194.189453,-266.296509,1763.269897,225.829285
3.583,-23.21423,1496.558472,-48.833549,-70.499466,1595.745361,194.141006,-272.654083,1762.925049,223.661758
3.592,-25.678551,1496.662598,-47.980972,-76.078094,1596.039062,194.156082,-278.850708,1762.821899,221.696045
3.6,-28.003899,1497.091675,-47.258301,-81.196304,1596.449585,194.17424,-284.860565,1762.442017,219.366058
3.608,-30.5322,1497.180054,-46.564281,-86.44297,1596.882812,193.996567,-290.638306,1762.32959,217.3414
3.617,-32.574337,1497.35791,-45.877678,-91.151787,1597.199341,193.858429,-296.14621,1762.064941,214.975693
3.625,-34.813847,1497.444702,-45.324139,-96.070145,1597.482178,193.555496,-301.544067,1761.871216,213.06279
3.633,-36.854523,1497.501099,-44.724491,-100.333054,1597.861816,193.45578,-306.421875,1761.713501,211.128235
3.642,-38.947845,1497.569946,-44.192379,-104.610603,1598.203003,193.059677,-311.077637,1761.493408,209.27037
3.65,-40.949974,1497.766357,-43.695465,-108.71479,1598.518799,192.697037,-315.722107,1761.230103,207.083801
3.658,-42.728447,1497.904541,-43.218143,-112.490524,1598.770508,192.467453,-319.86441,1761.112427,205.251541
3.667,-44.586155,1497.956543,-42.847713,-116.069122,1598.970093,192.227875,-323.816284,1761.004395,203.296768
3.675,-46.297501,1498.014038,-42.405037,-119.437126,1599.227661,191.936676,-327.705109,1760.730225,201.414444
3.683,-47.804634,1498.122314,-42.022434,-122.544914,1599.539062,191.562256,-331.267029,1760.574341,199.874924
3.692,-49.410995,1498.120728,-41.81403,-125.449539,1599.806274,191.236099,-334.435944,1760.523682,198.239853
3.7,-50.746227,1498.167725,-41.474731,-128.050201,1600.074341,190.8069,-337.377197,1760.395752,196.56691
3.708,-52.201725,1498.250244,-41.271847,-130.515015,1600.348755,190.479965,-340.166382,1760.450562,195.122818
3.717,-53.408054,1498.30249,-40.930729,-132.870224,1600.642334,189.854401,-342.757416,1760.507812,193.603882
3.725,-54.576221,1498.300049,-40.671295,-134.813187,1601.004883,189.811615,-344.938141,1760.565918,192.424728
3.733,-55.708172,1498.316284,-40.464233,-136.781448,1601.320801,189.248154,-346.802307,1760.82605,191.724533
3.742,-56.656258,1498.218262,-40.291027,-138.403503,1601.680908,188.922943,-348.754486,1760.865601,190.032364
3.75,-57.546436,1498.167358,-40.103828,-139.875137,1602.008911,188.457321,-350.32196,1761.07019,189.264709
3.758,-58.370483,1498.208496,-39.980118,-140.96315,1602.319702,188.012192,-351.719757,1761.263306,188.317566
3.767,-59.056606,1498.217163,-39.901016,-142.158676,1602.745361,187.721191,-352.661407,1761.457031,187.787064
3.775,-59.724823,1498.20459,-39.849232,-142.81601,1603.215332,187.37796,-353.845764,1761.640503,186.546967
3.783,-60.258984,1498.23291,-39.768887,-143.283264,1603.57959,186.82457,-354.427704,1761.977173,186.182343
3.792,-60.719517,1498.257935,-39.781372,-143.522552,1604.047119,186.571518,-354.784882,1762.331177,185.712646
3.8,-61.081322,1498.276489,-39.815029,-143.601913,1604.605957,186.314194,-354.966797,1762.668701,185.302994
3.808,-61.416592,1498.287842,-39.89196,-143.40181,1605.342041,185.995605,-354.945282,1763.12561,185.079453
3.817,-61.746876,1498.286865,-40.000778,-143.06926,1605.984741,185.673904,-354.673126,1763.758423,185.025925
3.825,-61.942787,1498.297485,-40.13142,-142.624481,1606.636108,185.331619,-354.313202,1764.434814,184.650345
3.833,-62.054779,1498.293701,-40.329224,-141.97699,1607.417969,184.973648,-353.743042,1765.137207,184.64296
3.842,-62.108028,1498.313477,-40.525539,-141.190628,1608.167236,184.731659,-353.008362,1765.769775,184.61322
3.85,-62.087273,1498.338623,-40.727932,-140.204559,1608.76001,184.410873,-351.731415,1766.565308,185.249619
3.858,-62.034691,1498.328979,-41.00843,-138.981476,1609.322876,184.101898,-350.720917,1767.27478,185.224228
3.867,-62.005871,1498.305176,-41.237919,-137.82486,1610.016235,183.836349,-349.453796,1767.980591,185.522629
3.875,-61.867817,1498.288574,-41.463264,-136.5383,1610.545532,183.663788,-347.84668,1768.748901,186.290695
3.883,-61.68935,1498.256714,-41.712391,-134.988327,1610.996338,183.550522,-346.301697,1769.499146,186.534637
3.892,-61.41251,1498.238159,-42.029209,-133.548416,1611.406128,183.248398,-344.527405,1770.175537,186.985504
3.9,-61.102741,1498.200806,-42.309429,-131.692673,1611.868774,183.223389,-342.541901,1770.791504,187.724747
3.908,-60.693359,1498.183594,-42.638374,-130.059097,1612.167603,182.964111,-340.65976,1771.640991,188.118393
3.917,-60.258442,1498.164185,-42.887913,-128.12796,1612.432373,183.003113,-338.342621,1772.357422,189.193848
3.925,-59.764442,1498.147217,-43.162716,-126.289291,1612.725342,182.781372,-336.029633,1773.063843,190.24437
3.933,-59.119499,1498.151123,-43.457378,-124.232185,1613.023071,182.747147,-333.774506,1773.834229,190.83139
3.942,-58.537796,1498.179199,-43.741844,-122.207939,1613.173828,182.637512,-331.380676,1774.436401,191.83197
3.95,-57.956638,1498.224365,-44.035805,-120.105003,1613.292969,182.701447,-328.732849,1775.128418,193.20163
3.958,-57.362728,1498.235962,-44.376633,-117.81958,1613.45105,182.720993,-325.903564,1775.795898,194.483658
3.967,-56.657585,1498.214722,-44.712475,-115.541748,1613.635986,182.599045,-323.129547,1776.471436,195.916656
3.975,-56.035713,1498.215454,-45.048828,-113.120743,1613.794067,182.694382,-320.216614,1777.057617,197.13559
3.983,-55.057835,1498.222778,-45.336205,-110.577782,1613.868042,182.75264,-317.162842,1777.739502,198.690048
3.992,-54.284908,1498.161011,-45.690716,-108.02684,1613.920654,182.70253,-314.024261,1778.302856,200.102524
4,-53.491333,1498.135742,-46.071274,-105.516365,1614.015503,182.711899,-310.794128,1778.843628,202.07666
4.008,-52.674694,1498.115845,-46.445129,-102.727211,1614.036133,182.849854,-307.513062,1779.410767,203.676758
4.017,-51.677891,1497.991577,-46.771095,-99.903625,1613.992676,182.858673,-304.051147,1779.855225,205.364929
4.025,-50.630371,1497.863647,-47.113445,-96.9879,1613.805176,183.001007,-300.64856,1780.33313,207.140564
4.033,-49.667408,1497.729248,-47.492744,-94.047615,1613.602661,183.129379,-296.910095,1780.777466,209.05275
4.042,-48.786148,1497.626587,-47.871059,-91.011497,1613.358154,183.32196,-293.146118,1781.104858,210.859344
4.05,-47.83033,1497.566284,-48.2593,-87.833069,1613.102173,183.485062,-289.522034,1781.458008,212.129456
4.058,-46.659561,1497.417603,-48.543388,-84.305603,1613.115723,184.550079,-285.474579,1781.803711,214.27861
4.067,-45.56953,1497.284058,-48.91074,-81.039467,1612.737061,184.583115,-281.342377,1782.068481,216.41626
4.075,-44.668591,1497.216797,-49.254734,-77.673126,1612.399048,184.78569,-277.102905,1782.152588,218.796722
4.083,-43.39167,1496.969727,-49.758629,-74.25811,1611.983887,184.975906,-272.7948,1782.544189,220.668365
4.092,-42.195248,1496.759521,-50.127789,-70.845703,1611.468872,184.867081,-268.615875,1782.745728,222.297424
4.1,-41.120384,1496.607666,-50.514938,-67.307213,1610.986694,184.921249,-263.798828,1782.797729,225.309418
4.108,-40.003609,1496.503662,-50.89957,-63.797504,1610.56311,184.978317,-259.397827,1783.070557,227.107651
4.117,-38.644085,1496.396729,-51.254848,-60.095024,1610.233887,185.133224,-254.629517,1783.157959,229.650238
4.125,-37.420338,1496.278198,-51.74371,-56.264668,1609.850952,185.192291,-249.911484,1783.368042,231.638077
4.133,-36.207737,1496.118408,-52.170624,-52.466904,1609.356934,184.904099,-244.995819,1783.30481,233.949844
4.142,-34.836575,1495.930664,-52.55611,-48.623058,1608.850586,184.771576,-239.970108,1783.511475,236.226212
4.15,-32.873005,1496.100952,-53.257401,-44.779949,1608.387573,184.687195,-234.853424,1783.768066,238.498489
4.158,-31.807161,1496.013794,-53.604519,-40.895535,1608.057617,184.657135,-229.791641,1783.862915,240.684937
4.167,-30.813126,1495.924072,-53.928555,-36.921665,1607.67749,184.473663,-224.584442,1784.067261,242.818069
4.175,-29.920155,1495.74353,-54.142651,-32.85014,1607.317505,184.068924,-219.288681,1784.298462,244.942047
4.183,-28.939278,1495.578857,-54.419441,-28.9645,1606.831909,183.776443,-213.941971,1784.43457,247.282364
4.192,-27.679333,1495.487061,-54.986691,-25.136789,1606.390625,183.58223,-208.391815,1784.637695,249.400711
4.2,-26.415049,1495.452026,-55.502342,-21.178053,1605.944458,183.409027,-202.942459,1784.832153,251.517868
4.208,-25.148306,1495.407715,-56.065205,-17.11651,1605.412231,182.861313,-197.346573,1784.841064,253.487854
4.217,-23.935095,1495.272949,-56.605957,-13.104934,1604.94751,182.333618,-191.744812,1784.983398,255.531311
4.225,-22.74231,1495.225708,-57.243561,-9.14521,1604.393799,181.860077,-186.000305,1785.029419,257.447144
4.233,-21.638163,1495.179443,-57.776676,-5.210437,1603.769897,181.263489,-180.09108,1785.051758,259.428528
4.242,-20.61771,1495.050659,-58.483051,-0.980295,1603.113525,180.566895,-174.094986,1785.204346,261.268005
4.25,-19.536539,1494.922607,-59.172615,3.058567,1602.47937,179.994858,-168.003616,1785.179565,263.187286
4.258,-18.460596,1494.770508,-59.829742,7.052021,1601.762085,179.11351,-161.702469,1785.145752,265.076935
4.267,-17.492626,1494.625977,-60.63105,11.381445,1600.99292,178.132248,-155.449814,1785.119019,266.805298
4.275,-16.533346,1494.477661,-61.257359,15.577038,1600.29126,177.254608,-149.029816,1784.957153,268.502045
4.283,-15.617432,1494.274048,-62.094143,19.854479,1599.456909,176.229156,-142.453354,1784.778076,270.204956
4.292,-14.698362,1494.073608,-62.822296,24.335751,1598.639038,175.289963,-135.667084,1784.464233,271.995789
4.3,-13.799088,1493.851562,-63.601822,28.686777,1597.688843,174.149307,-128.792297,1784.103027,273.570496
4.308,-12.882995,1493.656616,-64.419571,33.360374,1596.678589,173.046997,-121.895882,1783.771973,275.107208
4.317,-11.995741,1493.439819,-65.178871,37.860538,1595.614136,171.841614,-114.704155,1783.332397,276.748871
4.325,-10.987988,1493.207031,-66.012222,42.780525,1594.602173,170.632156,-107.440765,1782.694824,278.181091
4.333,-10.163314,1492.97583,-66.746887,47.674732,1593.477051,169.356384,-99.96817,1782.100464,279.686035
4.342,-9.243434,1492.751099,-67.643654,52.571602,1592.365601,168.101456,-92.51899,1781.394531,281.099365
4.35,-8.362012,1492.479004,-68.37368,57.650459,1591.122559,166.751266,-84.69223,1780.565674,282.622528
4.358,-7.507509,1492.218506,-69.240356,62.808804,1589.80542,165.35994,-76.937172,1779.586914,283.793793
4.367,-6.804119,1492.109863,-69.979507,67.834198,1588.459473,164.002884,-68.931488,1778.638916,285.065674
4.375,-5.950995,1491.835205,-70.75396,73.167519,1587.04187,162.474274,-60.792278,1777.513428,286.416962
4.383,-4.98255,1491.460938,-71.631836,78.505669,1585.552856,160.831177,-52.524189,1776.168335,287.669403
4.392,-4.071155,1491.149048,-72.486214,83.790108,1583.936768,159.162323,-44.295155,1774.77124,288.746918
4.4,-3.192232,1490.812256,-73.404243,88.901505,1582.228882,157.418137,-35.905251,1773.158203,289.786621
4.408,-2.12682,1490.512329,-74.223427,94.267738,1580.406128,155.621918,-27.396791,1771.514038,290.886658
4.417,-1.141554,1490.194214,-75.084015,99.682617,1578.522339,153.625961,-18.764812,1769.69458,291.822174
4.425,-0.08075,1489.872314,-75.877472,104.989471,1576.608154,151.712143,-10.060978,1767.726318,292.882812
4.433,0.906209,1489.586426,-76.766747,110.360771,1574.555054,149.63826,-1.279413,1765.714966,293.643219
4.442,1.903486,1489.283203,-77.579453,115.631401,1572.550781,147.553543,7.542801,1763.425049,294.473694
4.45,3.02642,1488.96521,-78.460365,121.520638,1570.792969,145.271011,16.501308,1761.1604,295.166626
4.458,4.022345,1488.602173,-79.212303,126.504524,1568.440674,143.035324,25.506323,1758.600952,295.79541
4.467,5.092286,1488.299072,-80.012123,131.826645,1566.321533,140.791382,34.61869,1756.063354,296.222351
4.475,6.161614,1487.907349,-80.789742,137.101791,1563.804199,138.409653,43.884193,1753.439453,296.666901
4.483,7.19896,1487.499023,-81.427872,142.394028,1561.506592,136.189575,53.048733,1750.628052,297.087982
4.492,8.053534,1487.232422,-82.155647,147.685303,1559.168335,133.58847,62.415756,1747.72583,297.25174
4.5,9.073451,1486.802002,-82.802811,152.844208,1556.716064,130.813736,71.637459,1744.674927,297.337616
4.508,10.182113,1486.483276,-83.416557,157.984268,1554.112549,128.326584,80.911285,1741.408936,297.343506
4.517,11.386268,1486.143799,-84.073387,163.057281,1551.300293,125.699936,90.187637,1738.050781,297.273315
4.525,12.574034,1485.732788,-84.699295,168.233887,1548.621948,123.043282,99.356171,1734.593506,296.905975
4.533,13.631848,1485.259888,-85.212624,173.353485,1545.778931,120.430374,108.799568,1731.182373,296.753906
4.542,14.890006,1484.781494,-85.671158,178.369385,1542.6521,117.822762,118.201752,1727.435791,296.27771
4.55,16.103977,1484.313232,-86.173897,183.228699,1539.756836,115.064224,127.654747,1723.76416,295.74823
4.558,17.267742,1483.67749,-86.475288,188.195618,1536.724243,112.351624,137.161316,1719.896973,295.220093
4.567,18.489643,1483.119507,-86.835129,193.192551,1533.642944,109.737488,147.113693,1716.071533,294.855804
4.575,19.699293,1482.627808,-87.153046,198.219238,1530.586182,106.889465,156.897491,1712.142212,294.467529
4.583,21.069551,1482.134644,-87.439323,202.964249,1527.289429,104.116814,165.807724,1707.837158,293.002014
4.592,22.34701,1481.68335,-87.563019,207.827652,1524.225098,101.426598,175.337387,1703.319946,292.046387
4.6,23.676844,1481.196045,-87.956253,212.758667,1520.768799,98.523819,184.585541,1698.880005,290.965485
4.608,25.309444,1480.661255,-88.211029,217.549835,1517.192383,95.881943,193.671875,1694.124634,289.811615
4.617,26.796919,1480.103149,-88.463257,222.619659,1513.376709,93.201164,202.757401,1689.214722,288.587006
4.625,28.595404,1479.624634,-88.601418,227.568329,1509.557373,90.535309,211.573563,1684.128662,287.298096
4.633,30.335606,1479.046631,-88.712112,232.361542,1505.447266,87.856621,220.419601,1678.977905,285.885406
4.642,32.327221,1478.395996,-88.752235,237.427017,1501.411743,85.325134,229.423737,1673.696045,284.446045
4.65,34.066994,1477.78418,-88.719345,242.396973,1497.155518,82.468369,238.924103,1668.585449,283.43985
4.658,36.039818,1477.120117,-88.655579,247.286957,1493.047729,79.694855,248.100311,1663.22229,282.252869
4.667,38.035763,1476.466553,-88.58754,252.354538,1488.696167,76.786049,257.163574,1657.465698,280.383942
4.675,40.102081,1475.811523,-88.530792,257.448395,1484.578369,73.826851,265.989319,1651.392944,278.332397
4.683,42.287086,1475.186646,-88.536102,262.45993,1480.144897,70.740402,274.663452,1645.300537,276.497223
4.692,44.434685,1474.399292,-88.490341,267.363068,1475.655029,67.72757,283.594635,1639.094971,274.700592
4.7,46.991486,1473.540039,-88.578865,272.28717,1471.107422,64.686668,292.433441,1632.527954,272.697144
4.708,49.363075,1472.848022,-88.39196,277.209167,1466.5896,61.492432,300.927643,1625.861206,270.7742
4.717,51.791824,1472.001831,-88.374748,282.102966,1461.909302,58.343369,309.57312,1619.053223,268.917969
4.725,54.416031,1471.115967,-88.334579,286.825745,1457.175781,55.311886,318.129547,1612.157715,267.035553
4.733,57.078426,1470.228027,-88.206314,291.621277,1452.395508,52.204102,326.555511,1605.064087,265.002502
4.742,59.724888,1469.141479,-88.07077,296.310089,1447.522217,49.249577,335.095428,1597.834717,262.928772
4.75,62.520409,1468.144897,-87.939522,300.914703,1442.47998,46.256359,343.562073,1590.325928,260.90329
4.758,65.564888,1467.15332,-87.801353,305.618713,1437.324585,43.23238,351.445862,1582.707031,258.891754
4.767,68.390221,1466.205078,-87.573914,310.178711,1431.779785,40.211826,358.683197,1574.709717,256.886627
4.775,71.36705,1465.304932,-87.463036,315.007751,1425.974731,37.214596,365.990112,1566.656616,254.679703
4.783,74.510536,1464.283569,-87.084351,319.639771,1419.869263,34.130165,373.020721,1558.210205,252.488281
4.792,77.941422,1463.278564,-86.756142,324.336761,1413.407959,31.130718,380.144623,1549.576538,250.210403
4.8,81.412422,1462.025391,-86.367775,329.008301,1406.803345,28.118807,387.135193,1540.704834,248.017731
4.808,85.016617,1460.885742,-86.052521,333.586426,1400.00708,25.088472,394.185944,1531.643677,245.521637
4.817,88.792183,1459.641846,-85.598351,338.135742,1393.093262,21.992947,401.573059,1522.635986,242.981598
4.825,92.403511,1458.220825,-85.21627,342.658875,1386.030151,18.877728,408.885712,1513.398682,240.176437
4.833,96.552116,1456.830811,-84.998634,347.081665,1378.92749,15.647499,416.061188,1503.964111,237.394073
4.842,100.45961,1455.565552,-84.81076,351.452209,1371.641235,12.447527,423.176422,1494.269653,234.485626
4.85,104.56459,1454.291748,-84.676537,355.585083,1364.275879,8.99887,429.984894,1484.334717,231.498795
4.858,109.159172,1453.221069,-85.190277,359.678101,1356.604248,5.730771,436.559662,1474.103516,228.376373
4.867,113.366913,1451.364746,-84.713356,363.653656,1348.796875,2.213334,442.698883,1463.708618,225.28418
4.875,117.758835,1449.827148,-84.498444,367.39798,1340.807739,-1.199397,448.65744,1453.124512,222.063156
4.883,122.346222,1448.26001,-84.266937,370.917725,1332.719849,-4.859904,454.810455,1442.428223,218.714355
4.892,126.937363,1446.611328,-84.094902,374.356537,1324.622192,-8.376866,461.050751,1431.590332,214.982635
4.9,131.519638,1444.931885,-83.953522,377.655792,1316.559204,-12.145151,467.247894,1420.674927,211.345291
4.908,136.177795,1443.251465,-83.864014,380.791901,1308.507812,-16.005444,472.093506,1408.730225,208.62001
4.917,140.892349,1441.495483,-83.73848,383.765167,1300.388306,-19.770933,477.629364,1397.195679,205.181824
4.925,145.513931,1439.582764,-83.564247,386.542999,1292.217163,-23.611971,483.03833,1385.566528,201.614273
4.933,150.237061,1437.6698,-83.482422,389.144318,1283.91687,-27.491373,488.299164,1373.730225,198.005203
4.942,154.842941,1435.643677,-83.299751,391.522736,1275.61731,-31.389666,493.253113,1361.617188,194.089935
4.95,159.613937,1433.500488,-83.136581,393.780853,1267.228394,-35.235104,497.737183,1349.351562,190.495316
4.958,164.236359,1431.473511,-83.004623,395.594116,1258.720215,-39.141109,502.07077,1337.059082,186.648758
4.967,168.883331,1429.397827,-82.878548,397.324219,1250.261108,-43.19482,506.022919,1324.639526,182.735229
4.975,173.576935,1427.299316,-82.77153,398.778076,1241.304443,-47.264835,508.93396,1311.934448,179.879898
4.983,178.425613,1425.005615,-82.715927,399.958008,1232.633789,-51.322018,511.689117,1299.207764,176.353455
4.992,183.271713,1422.799683,-82.623703,401.039368,1223.82666,-55.439819,514.451233,1286.48645,171.581345
5,188.072647,1420.397339,-82.367165,401.519714,1214.917847,-59.762962,517.010132,1273.734741,167.124359
5.008,192.898224,1418.039673,-82.21138,401.927948,1206.116821,-64.155548,519.117981,1260.567627,163.236938
5.017,197.800385,1415.518555,-82.017265,402.045685,1197.177124,-68.858765,521.460815,1247.463989,158.503311
5.025,202.81282,1412.976562,-81.831184,402.012482,1188.588745,-73.45047,523.62738,1234.427734,153.600159
5.033,207.118835,1409.490234,-81.009819,401.313721,1179.994385,-77.364861,525.603088,1221.195435,148.968704
5.042,212.000946,1406.617554,-80.79612,401.3703,1171.46106,-82.737129,527.352722,1208.138306,144.253998
5.05,216.872437,1403.584961,-80.766106,400.390656,1163.056396,-87.098274,529.43512,1195.300659,137.836746
5.058,221.775162,1400.548584,-80.682907,399.337708,1154.576172,-91.469704,530.378906,1182.070801,133.099152
5.067,226.559662,1397.379883,-80.52227,398.123108,1146.260742,-95.982048,531.071655,1168.626343,128.396469
5.075,231.277985,1394.086914,-80.343132,396.622955,1138.218018,-100.261024,531.493713,1155.444946,123.566399
5.083,236.076553,1390.657593,-80.192017,394.930359,1130.326782,-104.500008,531.712036,1142.32959,118.438049
5.092,240.845444,1387.181152,-80.156761,393.090363,1122.520508,-108.992973,531.828857,1129.358887,112.835571
5.1,245.450974,1383.728149,-80.039146,390.982147,1115.037354,-112.362984,531.666382,1116.261841,107.963554
5.108,250.131332,1380.062988,-79.834831,389.008789,1107.76355,-116.488213,531.474426,1103.081299,102.898941
5.117,254.733444,1376.446167,-79.611336,386.908051,1100.624146,-120.53231,531.016907,1089.952393,98.015099
5.125,259.372253,1372.609497,-79.412796,384.65506,1093.640015,-124.188515,530.319885,1076.931885,93.121101
5.133,263.844055,1368.803589,-79.211403,382.40799,1086.751099,-127.869545,529.205322,1064.118652,88.219101
5.142,268.291687,1364.919067,-78.974365,380.131653,1080.090942,-131.590744,528.117004,1051.413208,82.980141
5.15,272.717682,1360.91687,-78.776299,377.81546,1073.590942,-135.186523,527.197205,1039.293945,76.604683
5.158,277.000793,1356.896729,-78.656754,375.541138,1067.158203,-138.580994,525.540588,1026.853271,71.739792
5.167,281.224609,1352.897217,-78.591187,373.234589,1061.169556,-141.999237,524.026184,1014.590393,66.528519
5.175,285.540924,1348.793823,-78.689682,371.034821,1055.233154,-145.105927,522.082886,1002.170532,62.263603
5.183,289.773102,1344.731323,-78.719109,368.934601,1049.459717,-148.390533,520.472717,990.383118,56.383144
5.192,294.002502,1340.656494,-78.834732,366.690338,1043.950562,-151.425797,518.443909,978.320435,51.569874
5.2,298.278534,1336.54895,-78.908005,364.825012,1038.473267,-154.328049,516.25885,966.6828,46.882992
5.208,302.492432,1332.372437,-78.934769,362.704559,1033.212158,-157.275711,515.300232,956.572144,37.650578
5.217,306.683685,1328.256714,-79.056259,360.796082,1027.996948,-159.89299,512.895752,944.86499,33.707687
5.225,310.938965,1324.011353,-79.143669,358.793945,1022.973511,-162.697205,510.276031,933.894043,28.659069
5.233,315.071991,1319.877319,-79.194527,356.973236,1018.1521,-164.999725,507.722382,923.052673,24.367495
5.242,319.271912,1315.685059,-79.241791,355.14563,1013.462646,-167.68396,504.58371,912.789673,19.472708
5.25,323.189636,1311.644775,-79.264336,353.096344,1008.561584,-168.251968,501.919434,902.26825,14.697783
5.258,327.030701,1307.505981,-79.39193,351.51474,1004.352356,-170.423233,499.114563,891.893982,10.170761
5.267,331.043976,1303.643311,-79.233261,349.932983,1000.255005,-172.415634,496.100555,882.29303,5.418705
5.275,334.721497,1299.566162,-79.289513,348.524872,996.262817,-174.144302,493.129547,872.471558,0.818268
5.283,338.449432,1295.740234,-79.172539,347.215088,992.407349,-175.763351,490.278687,862.779541,-3.617075
5.292,342.222229,1291.716187,-79.220322,346.04071,988.766418,-177.5009,487.236877,853.547546,-8.298775
5.3,345.859436,1288.045288,-79.070526,344.931183,985.089722,-178.88414,484.286255,844.621643,-12.79792
5.308,349.619263,1284.201416,-78.985825,343.835632,981.515137,-180.183655,481.171143,835.897095,-16.866249
5.317,353.347137,1280.383545,-78.88015,342.916504,978.14209,-181.636124,477.868805,827.081116,-20.628765
5.325,356.969849,1276.716187,-78.550728,341.916595,974.762146,-182.804916,474.772003,818.978699,-24.813932
5.333,360.682434,1272.770874,-78.414345,341.194092,971.487,-183.950531,471.637726,810.995422,-28.822563
5.342,364.057861,1269.054565,-78.065445,340.521759,968.294312,-185.022232,468.443665,803.297668,-32.585388
5.35,367.773926,1265.307739,-77.756233,339.836517,965.144226,-185.983185,465.266418,795.772461,-36.397121
5.358,371.429535,1261.414795,-77.472206,339.402496,962.292053,-187.015991,462.184906,788.410828,-40.148239
5.367,374.807098,1257.768921,-77.007568,339.152863,959.338806,-187.781113,459.097443,781.362122,-43.785561
5.375,378.459808,1253.951538,-76.629181,338.939362,956.526855,-188.720581,456.148834,774.418152,-47.425739
5.383,381.940887,1250.357422,-76.118248,338.964172,953.700317,-189.444046,453.134796,767.776611,-50.820698
5.392,385.213867,1246.376099,-75.805992,339.039429,950.826172,-190.084839,450.153137,761.222778,-54.09996
5.4,388.800018,1242.558838,-75.320419,339.233856,948.017395,-190.816864,447.262695,754.796997,-57.283009
5.408,392.055237,1238.850708,-74.875732,339.556732,945.117859,-191.250259,444.524719,748.566162,-60.388157
5.417,395.528381,1235.034668,-74.365822,339.870636,942.271851,-191.773178,441.715515,742.527649,-63.406593
5.425,398.968628,1231.325806,-73.79789,340.294922,939.346802,-192.104233,439.001465,736.565918,-66.356483
5.433,402.269714,1227.410889,-73.370552,340.751007,936.551941,-192.372955,436.294189,730.748108,-69.107979
5.442,405.415894,1223.42981,-72.921074,341.241425,933.748535,-192.587006,433.779907,725.130005,-71.799072
5.45,408.592896,1219.677612,-72.293953,341.725922,930.844849,-192.624161,431.096832,719.658081,-74.335686
5.458,411.69165,1215.726074,-71.815697,342.25119,927.956909,-192.697342,428.555359,714.202759,-76.688751
5.467,414.920074,1211.982666,-71.126808,342.82962,925.019531,-192.566498,426.100037,708.927185,-78.967575
5.475,417.677307,1207.834473,-70.715065,343.412415,922.109924,-192.491669,423.608734,703.712769,-81.151886
5.483,420.432556,1203.63623,-70.115417,344.093292,919.127991,-192.334381,421.242767,698.68335,-83.256142
5.492,423.250763,1199.731689,-69.4627,344.718384,916.063477,-192.002731,418.781067,693.643555,-85.074776
5.5,426.094208,1195.741699,-68.936676,345.273987,913.084229,-191.953796,416.334412,688.819031,-86.857788
5.508,428.780212,1191.804443,-68.383522,345.89389,909.943726,-191.645889,414.103668,683.998718,-88.79776
5.517,431.635864,1187.840576,-67.822136,346.584015,906.92926,-191.479599,411.779724,679.218689,-90.598282
5.525,434.112457,1183.70459,-67.417191,347.28363,903.857544,-191.210968,409.430511,674.669983,-92.343292
5.533,436.490173,1179.972046,-66.839554,347.949524,900.773376,-190.877716,407.221924,670.158203,-94.119484
5.542,439.020142,1176.092651,-66.34977,348.58075,897.763428,-190.613846,404.865295,665.781189,-95.714981
5.55,441.415955,1172.310303,-65.814209,349.119537,894.803406,-190.304031,402.552704,661.521851,-97.260239
5.558,443.543945,1168.43811,-65.360756,349.658875,891.951477,-190.051056,400.139374,657.510254,-98.634697
5.567,445.803925,1164.727295,-64.9179,350.17157,889.134705,-189.741837,397.837402,653.581848,-100.020279
5.575,447.705902,1161.172119,-64.391891,350.633942,886.318848,-189.374832,395.425446,649.802612,-101.27227
5.583,449.925293,1157.65625,-63.815617,351.071594,883.698486,-189.206955,392.979095,646.231995,-102.31781
5.592,451.833801,1154.173218,-63.472397,351.425812,881.024048,-188.888062,390.495483,642.817322,-103.442154
5.6,453.788361,1150.812866,-63.379208,351.634735,878.606262,-188.757034,388.114502,639.424927,-104.617027
5.608,455.62616,1147.414307,-62.932186,351.761505,876.170166,-188.575714,385.568329,636.285217,-105.633156
5.617,457.345673,1144.167114,-62.414745,351.879761,873.766113,-188.445007,383.027618,633.274719,-106.632935
5.625,458.832062,1141.087769,-62.024761,351.859344,871.626892,-188.226288,380.559692,630.412781,-107.682388
5.633,460.503998,1138.040039,-61.503563,351.772308,869.346252,-188.08992,378.087402,627.672119,-108.714928
5.642,462.217957,1134.905273,-61.017612,351.472229,867.285461,-188.035812,375.51059,625.091431,-109.530098
5.65,463.744476,1131.931641,-60.783623,351.110596,865.197998,-187.891693,372.935028,622.606934,-110.224525
5.658,465.229309,1128.984497,-60.419956,350.70578,863.365356,-187.998672,370.421753,620.231018,-111.006386
5.667,466.725403,1126.069824,-60.130692,350.288818,861.449524,-188.018433,367.936798,617.972534,-111.744141
5.675,468.073822,1123.270996,-59.800072,349.871735,859.735168,-188.125122,365.436554,615.948425,-112.291512
5.683,469.485352,1120.496338,-59.487793,349.311584,857.928833,-188.309906,362.983002,613.892639,-112.914299
5.692,470.79071,1117.744507,-59.156361,348.747833,856.393005,-188.560501,360.509155,612.032471,-113.470009
5.7,472.142151,1115.14624,-58.848049,348.35199,854.856873,-188.749481,358.181946,610.411194,-114.263985
5.708,473.336273,1112.606567,-58.512833,347.720917,853.336304,-189.044739,355.884979,608.680908,-114.6595
5.717,474.613861,1110.212891,-58.132282,347.216736,852.007385,-189.358292,353.600342,606.962036,-115.042809
5.725,475.709045,1107.876831,-57.774456,346.863708,850.795654,-189.672302,351.410034,605.373413,-115.380432
5.733,476.824036,1105.646851,-57.399086,346.296265,849.486267,-189.943985,349.454987,603.875427,-115.897446
5.742,477.731842,1103.388428,-57.121239,345.796356,848.525879,-190.308945,347.50351,602.474609,-116.274239
5.75,478.891724,1101.415161,-56.700653,345.450562,847.392822,-190.502319,345.717041,601.219238,-116.658081
5.758,479.761719,1099.447144,-56.370014,344.640839,845.216125,-188.393234,344.034332,599.853027,-116.977707
5.767,480.609528,1097.563477,-55.99226,344.230743,844.212708,-188.451447,342.461731,598.836182,-117.16851
5.775,481.484222,1095.820435,-55.61364,343.893616,843.320251,-188.770477,341.021729,597.812317,-117.341721
5.783,482.207489,1094.215088,-55.276237,343.546417,842.316162,-188.576141,339.738892,596.850037,-117.392372
5.792,482.946625,1092.717651,-54.928993,343.234314,841.504883,-188.424377,338.586914,595.965027,-117.444443
5.8,483.698029,1091.34436,-54.611298,342.96286,840.698914,-188.324158,337.562927,595.222168,-117.344734
5.808,484.288788,1090.099609,-54.346607,342.715668,839.89093,-188.188248,336.67746,594.458496,-117.143806
5.817,484.861816,1088.964722,-53.986771,342.589966,839.310364,-188.235062,336.005707,593.815979,-116.881912
5.825,485.398285,1087.912109,-53.648628,342.528961,838.7771,-188.231522,335.372192,593.202271,-116.397377
5.833,485.968719,1086.994507,-53.3591,342.487427,838.185608,-188.042694,334.921692,592.658813,-115.859116
5.842,486.380707,1086.20105,-53.003029,342.478546,837.590454,-187.772369,334.640503,592.191284,-115.346069
5.85,486.74176,1085.474365,-52.727249,342.504333,837.093079,-187.528976,334.516632,591.820618,-114.897377
5.858,487.029968,1084.776245,-52.409004,342.630615,836.604248,-187.221176,334.386627,591.383789,-114.207275
5.867,487.385345,1084.22583,-52.102146,342.773682,836.135803,-186.924332,334.403137,591.031494,-113.568062
5.875,487.64032,1083.76709,-51.811958,342.965332,835.664856,-186.510651,334.460663,590.609497,-112.801086
5.883,487.841797,1083.417969,-51.523457,343.139923,835.364929,-186.224655,334.720245,590.297913,-112.150299
5.892,488.023102,1083.077026,-51.224384,343.337128,835.073181,-185.911194,335.072052,590.044006,-111.58725
5.9,488.192535,1082.866699,-50.971451,343.563354,834.79718,-185.59581,335.3703,589.737671,-110.944221
5.908,488.307312,1082.693726,-50.746933,343.835815,834.439209,-185.037827,335.846924,589.53595,-110.436989
5.917,488.388275,1082.568604,-50.436512,344.055542,834.140381,-184.578949,336.34549,589.230896,-109.775436
5.925,488.458191,1082.531372,-50.159073,344.308655,833.882324,-184.031265,336.944977,588.998047,-109.163635
5.933,488.454315,1082.518433,-49.846874,344.58374,833.688721,-183.532898,337.447296,588.82843,-108.633446
5.942,488.425232,1082.562622,-49.617504,344.871429,833.525574,-183.193222,338.106934,588.720825,-108.147041
5.95,488.37738,1082.646484,-49.370953,345.206818,833.415588,-182.966812,338.813141,588.625427,-107.588959
5.958,488.291473,1082.787231,-49.095699,345.605896,833.225708,-182.544952,339.545135,588.57135,-107.152443
5.967,488.208282,1082.977539,-48.821568,346.026642,833.126465,-182.167496,340.29007,588.498901,-106.833565
5.975,488.101807,1083.195679,-48.54203,346.49469,833.103516,-181.798218,341.095459,588.465271,-106.470795
5.983,487.943115,1083.457764,-48.25214,346.927429,833.1828,-181.644104,341.86026,588.521912,-106.220406
5.992,487.758118,1083.822388,-47.935387,347.295563,833.213745,-181.404938,342.641663,588.622253,-106.098938
6,487.534088,1084.161011,-47.643162,347.70929,833.21228,-181.187408,343.496765,588.733704,-105.993675
6.008,487.292389,1084.571899,-47.342529,348.134216,833.291931,-181.012665,344.300323,588.903381,-105.864929
6.017,487.02359,1085.055298,-47.059357,348.589783,833.498718,-180.989044,345.104431,589.138367,-105.829529
6.025,486.772675,1085.635742,-46.731358,349.131287,833.831482,-181.170105,345.907959,589.393799,-105.773743
6.033,486.457062,1086.288818,-46.396706,349.568634,834.197083,-181.228195,346.84964,589.757446,-105.793716
6.042,486.173981,1086.977173,-46.121723,349.916321,834.559448,-181.163651,347.604279,590.229309,-105.741997
6.05,485.814941,1087.814575,-45.812733,350.249268,835.091492,-181.180634,348.431274,590.801208,-105.768616
6.058,485.437958,1088.741455,-45.521057,350.494751,835.865967,-181.323593,349.356506,591.544556,-105.873886
6.067,485.057404,1089.726807,-45.229446,350.658417,836.428589,-181.188934,350.02124,592.226562,-105.550713
6.075,484.638611,1090.821289,-44.955101,350.835693,837.268494,-181.254898,350.862396,593.211792,-105.367279
6.083,484.179871,1092.051514,-44.68795,351.036377,838.21228,-181.2742,351.624634,594.102966,-105.301682
6.092,483.581329,1093.338745,-44.454845,351.177948,839.131104,-181.182388,352.4953,595.19696,-105.185577
6.1,482.89447,1094.794189,-44.2556,351.276611,840.372009,-181.258102,353.42099,596.211365,-104.751595
6.108,482.266418,1096.373047,-44.038689,351.349518,841.631409,-181.299652,354.432892,597.425232,-104.693214
6.117,481.557648,1098.030396,-43.877403,351.440704,842.92511,-181.453934,355.46759,598.895264,-104.508476
6.125,480.740631,1099.829224,-43.761482,351.469269,844.471741,-181.522293,356.5354,600.476746,-104.129723
6.133,479.85614,1101.760986,-43.629223,351.522705,845.904236,-181.506393,357.815247,602.150574,-103.878769
6.142,479.053528,1103.902466,-43.502819,351.622894,847.632202,-181.557983,359.090607,604.066956,-103.552063
6.15,478.040955,1106.150146,-43.421085,351.718719,849.393433,-181.605667,360.573608,606.063171,-103.239395
6.158,477.242218,1108.579224,-43.439785,351.77243,851.299683,-181.726837,362.067627,608.213684,-102.896904
6.167,476.289917,1111.217773,-43.462063,351.955872,853.315125,-181.694809,363.841827,610.523865,-102.463173
6.175,475.193512,1114.088867,-43.453526,352.260559,855.571533,-181.829132,365.601532,612.957031,-101.963455
6.183,473.91214,1117.106323,-43.404064,352.531372,857.798645,-181.760437,367.584991,615.577087,-101.585144
6.192,472.712128,1120.347778,-43.465847,352.995514,860.361511,-181.963226,369.651001,618.467041,-100.907997
6.2,471.397552,1123.853882,-43.410225,353.494843,862.951782,-182.088104,371.89978,621.344482,-100.286118
6.208,470.142761,1127.457275,-43.424061,353.957733,865.594788,-181.909271,374.230133,624.52356,-99.475517
6.217,468.724518,1131.268677,-43.578735,354.542328,868.449219,-181.85228,376.724792,627.818542,-98.658333
6.225,467.319916,1135.202881,-43.619701,355.182495,871.466736,-181.760269,379.293091,631.256653,-97.682083
6.233,465.905731,1139.191895,-43.71587,355.799347,874.529846,-181.65802,382.080322,634.865234,-96.692581
6.242,464.348816,1143.348999,-43.624825,356.620361,877.677856,-181.507935,384.987762,638.627075,-95.402847
6.25,462.713684,1147.512939,-43.124821,357.306,880.930786,-181.361191,387.9729,642.529602,-94.073715
6.258,461.122314,1151.899536,-43.16835,358.205872,884.221863,-180.949844,391.183716,646.578613,-92.735085
6.267,459.413879,1156.463257,-43.304878,359.507629,888.32196,-182.118881,394.563782,650.623535,-91.281738
6.275,457.661713,1161.097412,-43.25412,360.403503,891.531006,-181.719635,398.027649,654.802612,-89.78434
6.283,455.792053,1165.666382,-43.236549,361.524994,894.835449,-181.367493,401.564117,659.154114,-87.91655
6.292,453.816742,1170.286621,-43.194778,362.587585,898.132568,-181.05809,405.307312,663.614197,-86.046249
6.3,452.017517,1174.981201,-43.126137,363.851471,901.611572,-180.860031,409.164581,668.222839,-83.971664
6.308,450.09024,1179.833618,-43.134602,365.035492,905.21936,-180.642365,413.189972,672.972778,-81.767479
6.317,448.246857,1184.61377,-43.154709,366.80304,908.779846,-180.821747,417.350098,677.838623,-79.413811
6.325,446.057007,1189.467896,-43.133816,368.17868,912.453918,-180.244766,421.565765,682.913879,-76.941612
6.333,444.0271,1194.322876,-43.149338,369.541687,915.914795,-179.383682,425.770081,688.108398,-74.174515
6.342,442.05072,1199.178345,-43.162003,370.928314,919.379089,-178.544205,430.18576,693.495728,-71.436493
6.35,439.984528,1204.067261,-43.212841,372.397369,922.924561,-177.784439,434.65094,699.004272,-68.410301
6.358,437.653778,1208.983032,-43.23941,373.891266,926.488953,-176.866516,439.101196,704.66095,-65.314133
6.367,435.432922,1213.975952,-43.361557,375.452881,930.155151,-176.093399,443.739441,710.619324,-62.220146
6.375,433.18631,1218.826172,-43.394897,377.019592,933.812195,-175.330292,448.476532,716.545837,-58.797146
6.383,430.88269,1223.77771,-43.475452,378.656616,937.479126,-174.452682,453.410797,722.805664,-55.48378
6.392,428.59552,1228.665283,-43.637863,380.269897,941.207825,-173.692001,458.397552,729.327454,-51.750534
6.4,426.278137,1233.527344,-43.729015,381.99411,945.030273,-173.426941,463.339478,736.030212,-48.141804
6.408,423.863159,1238.339966,-43.896465,383.591461,948.733276,-172.574936,468.194885,742.96637,-44.068653
6.417,421.452515,1243.231323,-44.106552,385.194794,952.479431,-171.550705,473.130096,750.062439,-40.105492
6.425,418.989777,1248.121948,-44.376457,386.91803,956.282654,-170.51445,477.863251,757.350952,-35.977978
6.433,416.470276,1252.995972,-44.565411,388.71701,960.091675,-169.437607,482.667725,764.872559,-31.816124
6.442,413.950439,1257.976685,-44.850964,390.568695,964.0224,-168.204681,487.636536,772.613037,-27.547155
6.45,411.293304,1262.813232,-45.077869,392.441833,967.868347,-166.425674,492.46344,780.46698,-22.990992
6.458,408.644073,1267.699829,-45.345245,394.464874,972.050659,-165.328278,497.296234,788.606323,-18.472155
6.467,405.854218,1272.66626,-45.760483,396.55957,976.013489,-163.749786,501.860931,796.840698,-13.710863
6.475,402.933014,1277.578369,-46.205879,398.816254,980.22052,-162.379898,506.288635,805.154785,-8.57485
6.483,400.063568,1282.458374,-46.596298,401.166992,984.498535,-160.907318,510.921967,814.06488,-4.125484
6.492,397.108704,1287.470581,-47.190323,403.403595,988.725281,-159.296753,515.459839,823.013916,0.882875
6.5,394.045502,1292.291382,-47.84433,405.9263,993.084045,-157.6409,519.976929,831.933472,5.769203
6.508,391.462189,1297.456299,-48.528423,408.390839,997.437073,-155.89801,524.411804,840.935547,10.913379
6.517,388.485413,1302.314697,-49.223011,410.946655,1001.896362,-154.14447,528.454956,850.338867,15.922574
6.525,385.525513,1307.072876,-49.873878,413.577393,1006.548889,-152.574524,532.742004,859.856445,21.331944
6.533,382.578583,1311.892578,-50.571575,416.25827,1011.171814,-150.447922,536.840393,869.514526,26.655523
6.542,379.617523,1316.654175,-51.241856,418.829071,1015.739929,-148.158798,541.031189,879.474182,32.211163
6.55,376.509003,1321.411011,-52.042915,421.563843,1020.307068,-145.691711,544.916565,889.504883,37.515167
6.558,373.389679,1325.90564,-52.732376,424.312866,1025.047729,-143.426468,548.764832,899.777344,43.106552
6.567,370.316803,1330.378906,-53.3713,427.1745,1029.819092,-141.74054,552.428406,910.180115,48.80088
6.575,367.230988,1334.723022,-54.155811,430.267548,1035.133667,-139.055252,556.044678,920.762451,54.478363
6.583,364.104614,1339.214355,-54.797951,432.983063,1039.853516,-135.933426,559.541199,931.469971,60.281067
6.592,360.805359,1343.515503,-55.571041,435.804565,1044.559814,-133.59198,562.898315,942.37854,65.958145
6.6,357.638153,1347.610596,-56.372112,438.590729,1049.517212,-129.406647,566.229736,953.707886,71.259712
6.608,354.528381,1351.744995,-57.024315,441.847137,1054.934082,-127.491432,569.559875,965.131592,76.316704
6.617,351.403503,1355.558838,-57.872375,444.778168,1060.178101,-124.277092,572.487915,976.403381,81.972427
6.625,348.263977,1359.596558,-58.470715,447.932861,1065.34314,-121.105225,574.199646,987.590454,90.876221
6.633,345.099762,1363.436401,-59.251396,450.909515,1070.971924,-117.686966,576.490173,999.30481,97.389328
6.642,341.940552,1367.195312,-59.998714,453.733429,1076.644897,-114.201057,578.740112,1011.407349,102.965515
6.65,338.796783,1370.969849,-60.728405,456.546967,1082.189209,-110.79364,580.601685,1023.298889,109.567787
6.658,335.589325,1374.484497,-61.640686,459.262207,1087.935791,-107.259125,582.65741,1035.810303,114.651886
6.667,332.578308,1378.189453,-62.238163,461.966461,1093.824829,-103.550407,584.11322,1048.033081,121.273659
6.675,329.366547,1381.577515,-63.117935,464.653992,1099.471313,-99.818779,585.613403,1060.733765,126.815247
6.683,326.368927,1384.932251,-63.866882,466.972473,1105.733398,-96.020897,587.082581,1073.878174,131.446304
6.692,323.291962,1388.327393,-64.522148,469.430695,1111.848389,-92.167816,587.728088,1086.738892,137.687027
6.7,320.263611,1391.600342,-65.293976,471.704102,1117.903198,-88.210838,588.599915,1100.31897,142.527039
6.708,317.18335,1394.851318,-66.030495,473.922638,1124.246094,-84.305023,588.921875,1113.730103,147.782974
6.717,313.996216,1398.081909,-66.661995,475.955383,1130.639526,-80.336021,588.663757,1127.021973,153.932236
6.725,310.890778,1401.015137,-67.20224,478.001678,1137.208252,-76.36528,588.564636,1140.93042,158.004105
6.733,307.763885,1403.972656,-67.635162,479.942596,1144.005249,-72.381424,589.117493,1155.867432,159.303299
6.742,304.54895,1407.011475,-68.115623,481.876312,1150.909668,-68.524834,588.670105,1169.927246,163.081818
6.75,301.233459,1409.841797,-68.693924,483.656158,1158.102417,-64.589012,587.44519,1183.765869,167.939178
6.758,298.041046,1412.810181,-69.174728,485.500702,1165.407593,-60.940006,586.071289,1197.954224,172.396729
6.767,294.586395,1415.545288,-69.376526,487.05014,1172.793335,-57.02103,584.259338,1212.102661,176.854538
6.775,291.112976,1418.202393,-69.849487,488.64151,1180.291992,-53.173584,582.165894,1226.143188,181.201126
6.783,287.727814,1420.686401,-70.111977,489.89325,1188.033081,-48.787632,579.555542,1240.470703,185.309341
6.792,284.2388,1423.062134,-70.323547,491.434601,1195.859131,-45.416599,577.46521,1255.384155,187.537354
6.8,280.808777,1425.348755,-70.669212,492.584442,1203.738037,-41.589153,574.686646,1269.756714,190.41095
6.808,277.07074,1427.437744,-71.012611,493.480042,1211.676392,-37.703236,570.70166,1283.885742,194.994492
6.817,273.071289,1429.751709,-71.072723,494.209778,1219.662354,-33.716946,565.910767,1296.804077,201.397552
6.825,269.69574,1431.879639,-71.45369,494.598297,1227.767944,-29.704144,561.535645,1310.605347,204.931961
6.833,265.963745,1433.731567,-72.007195,494.78653,1235.855225,-25.648918,556.728943,1324.35791,208.335892
6.842,262.153168,1435.796143,-72.294922,494.550781,1243.99646,-21.641994,551.798096,1338.060669,211.548477
6.85,258.356934,1437.713745,-72.868469,494.113342,1252.217529,-17.504559,546.113892,1351.036133,214.688934
6.858,254.515915,1439.483154,-73.341217,493.20343,1260.466187,-13.348242,541.844482,1365.705444,217.545639
6.867,250.574265,1441.331543,-73.678223,491.965302,1268.763184,-9.169785,535.25,1378.155762,220.386063
6.875,246.632736,1443.037476,-74.283539,490.429626,1277.112305,-5.040147,528.811218,1391.229858,223.144836
6.883,242.607132,1444.80896,-74.819405,488.5578,1285.496826,-0.8797,523.140686,1404.146851,225.841263
6.892,238.550766,1446.452515,-75.524101,486.453674,1293.968384,3.255832,517.576599,1416.425171,228.47673
6.9,234.449753,1448.053223,-76.12355,483.950348,1302.487915,7.431168,511.159485,1428.814941,231.199097
6.908,230.309952,1449.748413,-76.815422,481.092987,1311.023682,11.547045,504.378723,1441.117432,233.778885
6.917,225.971619,1451.20166,-77.611923,477.988739,1319.508057,15.715977,497.431519,1453.300659,236.314133
6.925,221.673508,1452.989258,-78.644173,474.487946,1328.011719,19.834311,489.659821,1465.15564,239.0811
6.933,217.375793,1454.174438,-79.046158,470.799835,1336.263672,24.125795,481.654938,1476.78064,241.526733
6.942,212.92421,1455.553589,-79.830307,466.723572,1344.751343,28.148207,473.781799,1488.263428,243.882965
6.95,208.420959,1456.84668,-80.608582,462.235809,1353.217041,32.236492,465.967957,1499.61084,246.2314
6.958,203.954346,1458.089722,-81.416962,457.687531,1361.717163,36.11768,458.003143,1510.754028,248.530533
6.967,199.418182,1459.315063,-82.15683,453.001221,1369.901489,40.255627,450.039825,1521.814087,250.76506
6.975,194.858154,1460.395508,-82.973343,447.918152,1378.497314,43.830971,441.748444,1532.631592,252.959106
6.983,190.300751,1461.493896,-83.662857,442.525085,1386.924438,47.341225,433.925873,1543.511108,254.873093
6.992,185.824692,1462.527222,-84.382904,437.021149,1395.358154,50.782185,425.994537,1554.136719,256.619019
7,181.380737,1463.572632,-85.158493,431.409058,1403.71814,54.002232,416.703156,1564.220215,258.725342
7.008,176.8694,1464.542114,-85.874451,425.570312,1411.980347,57.262573,407.043762,1574.217529,260.43399
7.017,172.475601,1465.324097,-86.414825,419.510132,1420.063965,60.354122,397.548798,1584.026489,262.072571
7.025,167.937653,1466.344971,-87.163925,413.365326,1428.000977,63.367054,388.240479,1593.563599,263.576813
7.033,163.684875,1467.167725,-87.809464,407.047394,1435.758545,66.269394,378.956543,1603.008423,264.957855
7.042,159.387039,1467.966431,-88.351746,400.979675,1443.171143,69.50222,369.362427,1612.196899,266.25351
7.05,155.184631,1468.760742,-88.902199,394.32486,1450.752686,72.069496,359.564972,1621.202271,267.216461
7.058,151.284592,1469.52002,-89.581421,387.747406,1458.097656,74.701065,349.538177,1629.833618,268.240387
7.067,147.014938,1470.385132,-89.929344,380.782501,1465.232422,77.137642,339.069855,1638.220947,268.901215
7.075,143.074921,1471.181519,-90.394493,373.704865,1472.252563,79.586273,329.005127,1646.596436,269.649567
7.083,139.066498,1471.94397,-90.963165,366.506714,1478.998291,82.014496,318.84024,1654.663086,270.291656
7.092,135.164871,1472.66272,-91.411224,359.086273,1485.611572,84.402031,308.533112,1662.53479,270.79007
7.1,131.342392,1473.465698,-91.913719,351.503998,1491.906738,86.778679,298.062897,1670.156372,271.241699
7.108,127.543015,1474.236694,-92.377045,343.81131,1498.21582,89.074936,287.608612,1677.589355,271.61496
7.117,123.884323,1475.139038,-92.887024,335.995087,1504.209351,91.45182,276.932404,1684.857666,271.866089
7.125,120.16539,1476.088379,-93.406822,328.120209,1510.143188,93.588074,266.278015,1691.899902,272.067688
7.133,116.513351,1476.950073,-93.988396,320.067444,1515.881348,95.854774,255.495255,1698.613403,272.20993
7.142,112.880615,1477.841797,-94.529243,311.975891,1521.491089,97.901108,244.664597,1705.331543,272.222473
7.15,109.20443,1478.797363,-95.109177,303.773987,1527.001953,99.993752,233.870728,1711.790894,272.221863
7.158,105.605736,1479.679199,-95.544006,295.36972,1532.34082,101.832954,222.958176,1717.922485,272.079346
7.167,102.019753,1480.624634,-95.930786,286.975525,1537.564819,103.72464,212.027664,1723.992065,271.826935
7.175,98.60051,1481.538452,-96.470718,278.583099,1542.593628,105.601654,201.022614,1729.765747,271.475189
7.183,95.069191,1482.485229,-96.867897,270.065674,1547.518677,107.272064,190.083115,1735.447876,270.99588
7.192,91.538155,1483.408325,-97.433647,261.602417,1552.237915,108.841522,179.146622,1740.894775,270.401886
7.2,87.909012,1484.296021,-97.486626,253.07811,1556.757202,110.360184,168.615967,1746.109741,269.912933
7.208,84.345497,1485.169922,-97.833359,244.580856,1560.991699,111.809151,157.842773,1751.136841,269.16568
7.217,80.786247,1486.051025,-98.117065,236.137527,1565.234375,113.061157,146.636612,1755.594238,267.985931
7.225,77.33049,1486.878418,-98.457207,227.726089,1569.068481,114.219124,135.433578,1759.935547,266.642548
7.233,74.157463,1487.772827,-98.814301,219.528458,1572.876709,115.368217,124.445465,1764.208984,265.279144
7.242,71.375053,1488.404663,-99.03965,211.449707,1576.334961,116.289909,113.979095,1768.231079,263.983032
7.25,68.212509,1489.071167,-99.277931,203.166992,1579.587769,117.237617,103.297768,1772.07019,262.35495
7.258,64.221069,1488.618042,-97.299644,195.344177,1582.946045,117.653427,92.889923,1775.696533,260.765472
7.267,60.865887,1489.970703,-99.167778,187.513412,1585.695068,118.719536,82.610191,1779.290649,258.892548
7.275,57.731644,1490.585571,-99.256218,179.469116,1588.438965,119.624832,72.563705,1782.537231,257.160065
7.283,54.544186,1491.299683,-99.296875,171.888275,1591.028198,120.21814,62.521206,1785.792236,255.124725
7.292,51.397011,1491.959839,-99.308342,164.175583,1593.707886,120.649536,52.731537,1788.856079,253.125732
7.3,48.208858,1492.56958,-99.362648,156.265045,1595.999756,121.148422,42.947586,1791.700806,251.087494
7.308,45.057476,1493.185913,-99.469444,148.852203,1598.338989,121.59874,33.105267,1794.423706,248.924332
7.317,41.940605,1493.81311,-99.408829,141.627945,1600.703125,121.992073,23.497894,1796.996094,246.783966
7.325,38.785183,1494.394043,-99.362961,134.291092,1602.845093,122.252335,14.04828,1799.381592,244.572357
7.333,35.6185,1494.934326,-99.413017,127.179207,1605.140625,122.57769,4.686671,1801.691772,242.298401
7.342,32.414742,1495.512695,-99.335312,120.30513,1607.102173,122.737976,-4.497225,1803.865845,239.922379
7.35,29.227966,1496.034546,-99.259758,113.313881,1609.087158,122.921333,-13.460513,1805.99707,237.586044
7.358,26.106119,1496.453613,-99.253242,106.581924,1611.010254,122.986732,-22.146955,1807.902832,235.312088
7.367,22.970507,1496.932007,-99.267769,99.968704,1612.752686,123.132851,-30.627178,1809.761597,232.991211
7.375,19.759298,1496.847656,-95.697617,93.461769,1614.461792,123.201057,-39.067833,1811.432739,230.706451
7.383,16.971693,1497.317017,-95.664978,86.9972,1615.952026,123.274384,-47.171532,1813.016968,228.400024
7.392,14.307118,1497.671753,-95.7155,80.73217,1617.368286,123.326752,-55.311562,1814.512695,226.049866
7.4,11.681305,1498.081421,-95.929878,74.501129,1618.692017,123.355148,-63.157722,1815.783936,223.708313
7.408,9.123782,1498.511719,-96.303452,68.410713,1619.943359,123.344215,-70.767113,1817.084595,221.569733
7.417,6.520853,1498.861084,-96.547829,62.426502,1621.136963,123.28743,-78.327675,1818.217896,219.184677
7.425,4.074873,1499.169189,-96.371292,56.5751,1622.194336,123.269089,-85.525116,1819.160645,217.179123
7.433,1.495164,1499.478638,-96.373543,51.109135,1623.178101,123.162827,-92.791756,1820.017944,214.959976
7.442,-0.958567,1499.726196,-96.456406,45.560089,1624.104004,123.082092,-99.723236,1820.784668,212.871826
7.45,-3.302176,1499.946899,-96.387253,40.071049,1624.987793,123.007782,-106.482796,1821.520752,210.781006
7.458,-5.341731,1499.738403,-95.99218,34.909561,1625.748779,122.872253,-113.178215,1822.125244,208.743561
7.467,-7.759708,1500.351318,-96.683167,29.652491,1626.372925,122.748978,-119.570465,1822.584595,206.726166
7.475,-9.823608,1500.567261,-96.801262,24.59963,1627.059204,122.775673,-125.784622,1822.917358,204.870483
7.483,-11.539996,1500.381348,-96.428741,19.843737,1627.552124,122.531654,-131.870193,1823.212402,203.012375
7.492,-13.715632,1500.734863,-96.957367,15.123345,1627.971436,122.416351,-137.783203,1823.437256,201.317871
7.5,-15.596828,1500.910645,-97.162788,10.545822,1628.367676,122.216026,-143.426788,1823.477295,199.444489
7.508,-17.00256,1500.77417,-96.44413,6.233689,1628.591675,122.131935,-149.005859,1823.549561,197.701889
7.517,-18.695087,1501.020508,-96.725441,1.867225,1628.852783,122.064087,-154.307373,1823.464722,196.125351
7.525,-20.786516,1501.215576,-97.195625,-2.196554,1629.066772,121.91745,-159.257538,1823.255249,194.714203
7.533,-22.402203,1501.206787,-97.042786,-5.989578,1629.165771,121.77449,-164.144394,1823.163086,193.154388
7.542,-22.910202,1501.495605,-99.348282,-9.684656,1629.292725,121.69989,-168.75058,1823.009521,191.908691
7.55,-25.222868,1501.300537,-96.638176,-13.171926,1629.394531,121.464165,-173.276505,1822.790405,190.48085
7.558,-27.107817,1501.439941,-97.556152,-16.476145,1629.548096,121.231079,-177.396271,1822.598755,189.331406
7.567,-29.315182,1501.743896,-98.784286,-19.627977,1629.655762,121.0755,-181.654572,1822.288696,187.97049
7.575,-30.72662,1501.711182,-98.73082,-22.656235,1629.73291,120.922142,-185.477936,1821.942261,186.951202
7.583,-31.200615,1501.436401,-97.160057,-25.563572,1629.771606,120.734367,-189.187042,1821.581665,185.945053
7.592,-31.855865,1501.729858,-99.971382,-28.265564,1629.779541,120.504456,-192.64035,1821.128906,185.07048
7.6,-33.718822,1501.779053,-100.291794,-30.705387,1629.784424,120.191658,-196.010315,1820.706543,184.004333
7.608,-35.14711,1501.7854,-100.490997,-33.055157,1629.833252,119.915062,-199.123642,1820.313477,183.172409
7.617,-36.182941,1501.856201,-100.791565,-35.418644,1629.82019,119.675766,-201.999374,1819.901123,182.430481
7.625,-37.374306,1501.900024,-101.002075,-37.41053,1629.812012,119.308899,-204.652832,1819.620239,181.658112
7.633,-38.519749,1501.865845,-101.224304,-39.337757,1629.80127,119.029312,-207.145905,1819.240601,180.871841
7.642,-38.624603,1501.999268,-101.316765,-41.074482,1629.718994,118.634758,-209.547852,1818.920288,180.111633
7.65,-40.416508,1501.875366,-101.84462,-42.676842,1629.747925,118.450859,-211.618713,1818.531372,179.491928
7.658,-41.468979,1501.890381,-101.909195,-44.07645,1629.730103,118.041687,-213.48468,1818.170532,179.018082
7.667,-42.242741,1501.889038,-102.282822,-45.28199,1629.781982,117.781181,-215.282074,1817.943359,178.326004
7.675,-43.054913,1501.838989,-102.527191,-46.484253,1629.788574,117.508972,-216.685013,1817.713989,177.772842
7.683,-43.862347,1501.782227,-102.768936,-47.37772,1629.733521,117.163925,-218.070221,1817.444214,177.197723
7.692,-44.554398,1501.73584,-103.052895,-48.151573,1629.718994,116.871529,-219.156113,1817.292358,176.760147
7.7,-45.191181,1501.640381,-103.306458,-48.867313,1629.675049,116.533257,-219.924301,1817.113281,176.361649
7.708,-45.837296,1501.526978,-103.588776,-49.469086,1629.601807,116.289948,-220.740616,1816.941528,175.766006
7.717,-46.449581,1501.458984,-103.930229,-49.900299,1629.584961,116.011398,-221.338943,1816.827271,175.337173
7.725,-46.932144,1501.374634,-104.246338,-50.129368,1629.572876,115.683937,-221.629044,1816.785767,175.034607
7.733,-47.362309,1501.270874,-104.498947,-50.265369,1629.554077,115.352196,-221.759277,1816.796387,174.756149
7.742,-47.791611,1501.133789,-104.764465,-50.289021,1629.519043,115.014992,-221.747238,1816.812622,174.500427
7.75,-48.134422,1501.045166,-105.010117,-50.193687,1629.447632,114.716621,-221.55014,1816.847168,174.261017
7.758,-48.578083,1500.944946,-105.296333,-50.004215,1629.341797,114.44059,-221.219315,1816.889648,174.05751
7.767,-48.941143,1500.804199,-105.657249,-49.70435,1629.148438,114.124245,-220.597931,1816.946655,174.035614
7.775,-49.233368,1500.666016,-106.032692,-49.161186,1628.878784,113.743065,-219.736038,1816.991211,174.059799
7.783,-49.45211,1500.479492,-106.336197,-48.530636,1628.647583,113.441536,-218.865784,1816.974854,173.926956
7.792,-49.576298,1500.316895,-106.699646,-47.878441,1628.340942,113.219543,-217.807404,1817.049316,173.918091
7.8,-49.617004,1500.143188,-107.144707,-47.08733,1628.068848,112.877693,-216.391464,1817.090942,174.144135
7.808,-49.665657,1499.981079,-107.5634,-46.026497,1627.76416,112.491379,-214.942276,1817.154663,174.19458
7.817,-50.615814,1499.861694,-106.873833,-44.923931,1627.495117,112.2314,-213.20694,1817.282593,174.554092
7.825,-50.727356,1499.76355,-107.468285,-43.654591,1627.204346,111.847855,-211.404816,1817.283691,174.706253
7.833,-50.681061,1499.46167,-107.297531,-42.148788,1626.863159,111.484192,-209.305023,1817.398315,175.138443
7.842,-50.638973,1499.364624,-108.094978,-40.637047,1626.553223,111.296188,-207.11911,1817.431152,175.581833
7.85,-50.494663,1499.21875,-108.568703,-38.856197,1626.166138,111.070923,-204.720352,1817.419434,175.921234
7.858,-50.236622,1499.117065,-109.19632,-36.976944,1625.694214,110.82029,-202.306641,1817.421997,176.242783
7.867,-48.792419,1498.27832,-107.293434,-35.063492,1625.250854,110.718857,-199.554657,1817.427979,176.756622
7.875,-48.466732,1498.06958,-107.697388,-32.900196,1624.626709,110.367294,-196.445007,1817.405151,177.283279
7.883,-48.024155,1497.894897,-108.215546,-30.54236,1624.019287,110.138405,-193.063278,1817.418213,177.930115
7.892,-46.455948,1498.074829,-111.749901,-28.01931,1623.414917,110.049278,-189.414459,1817.356934,178.66478
7.9,-40.569138,1499.991333,-118.08252,-25.323463,1622.751831,109.728653,-185.588806,1817.344727,179.305313
7.908,-46.213428,1496.919678,-109.290306,-22.387579,1622.050781,109.340546,-181.507339,1817.291626,179.86821
7.917,-45.570335,1496.564697,-109.707054,-19.302641,1621.350586,109.070381,-177.087357,1817.353149,180.69986
7.925,-44.8405,1496.346802,-110.246384,-16.030891,1620.714844,108.604973,-172.538208,1817.483765,181.425797
7.933,-43.902119,1496.091431,-110.908249,-12.485799,1620.072021,108.09803,-167.398621,1817.586914,182.312607
7.942,-43.004894,1495.817627,-111.388802,-8.65748,1619.57019,107.451019,-162.459671,1817.783569,183.071533
7.95,-41.9888,1495.552368,-111.885864,-4.819209,1619.057739,106.762489,-157.044739,1817.771362,183.824036
7.958,-41.026188,1495.221191,-112.285934,-0.872556,1618.508789,105.984558,-151.576447,1817.856079,184.722733
7.967,-39.887096,1494.977295,-113.039391,3.213615,1617.96521,105.209419,-145.792587,1817.894897,185.567505
7.975,-38.744976,1494.651855,-113.419006,7.56457,1617.348389,104.305809,-139.883408,1817.797363,186.460266
7.983,-36.643398,1495.02771,-117.641022,11.849913,1616.763428,103.360657,-133.792068,1817.827881,187.37262
7.992,-34.572563,1495.29248,-118.169395,16.376617,1616.207397,102.412979,-127.558914,1817.821289,188.209137
8,-33.348579,1494.968628,-119.002388,20.843998,1615.557983,101.35627,-121.221687,1817.772583,189.146103
8.008,-33.586174,1493.983398,-115.33786,25.42531,1614.909424,100.35022,-114.624191,1817.649048,189.914627
8.017,-31.344913,1494.519043,-119.352119,30.191002,1614.236206,99.246651,-107.892899,1817.584351,190.715408
8.025,-29.204962,1494.381226,-120.785355,35.003925,1613.538452,98.112999,-100.796806,1817.421875,191.655411
8.033,-29.199257,1493.397339,-117.170166,39.927826,1612.865723,96.927521,-93.643509,1817.287354,192.436417
8.042,-27.057867,1493.93042,-121.368347,45.026321,1611.970947,95.689316,-86.370567,1817.000977,193.066895
8.05,-25.069118,1493.758423,-122.709007,49.986111,1611.115967,94.431152,-78.853317,1816.738647,193.863541
8.058,-23.46093,1493.528687,-123.422211,55.2071,1610.137817,93.047256,-71.376884,1816.270386,194.373734
8.067,-22.038492,1493.275879,-124.274162,60.533085,1609.219849,91.609093,-63.594723,1815.823242,195.106491
8.075,-21.135302,1492.837769,-125.075951,65.807281,1608.221924,90.202141,-55.948845,1815.289551,195.491043
8.083,-19.63232,1492.615967,-125.844536,71.151833,1607.072876,88.599579,-47.933872,1814.532837,196.099335
8.092,-17.983425,1492.317993,-126.794609,76.734383,1605.868042,87.085045,-40.081249,1813.872437,196.557953
8.1,-15.889076,1491.996094,-127.834541,82.165619,1604.548096,85.359062,-31.815889,1812.983643,196.88356
8.108,-16.408953,1490.919189,-123.398849,87.730972,1603.302002,83.775139,-23.63467,1812.025635,197.240738
8.117,-15.133306,1490.740601,-123.725212,93.249016,1601.831299,82.002144,-15.447731,1810.973755,197.450211
8.125,-13.402148,1490.327026,-124.624725,99.281799,1600.516357,80.112579,-6.953701,1809.796021,197.694565
8.133,-11.967193,1490.03479,-125.408752,104.908165,1599.000366,78.091225,1.575405,1808.57959,197.963776
8.142,-10.416882,1489.754639,-126.594704,110.642944,1597.35376,76.162231,10.226687,1807.172974,197.924423
8.15,-9.026402,1488.619507,-127.787712,116.356934,1595.660767,74.142578,18.955366,1805.811035,197.920364
8.158,-7.446768,1488.380127,-128.923584,122.058708,1593.803711,71.96402,27.850021,1804.235474,197.909531
8.167,-5.969492,1487.92981,-129.644638,127.814499,1591.979004,69.837326,36.967915,1802.578735,197.810776
8.175,-4.603822,1487.538208,-130.106979,133.480087,1590.033691,67.424133,46.091465,1800.861816,197.702591
8.183,-2.550163,1488.4375,-131.658264,139.141922,1588.036255,65.491249,55.183491,1798.973755,197.483185
8.192,-1.193163,1487.802979,-132.282135,144.756317,1585.979492,62.992878,64.449448,1797.067261,197.152969
8.2,-0.230634,1486.426514,-132.042572,150.456558,1583.852905,60.673615,73.570709,1794.970825,196.833649
8.208,1.610218,1487.251343,-133.21138,156.078918,1581.512329,58.059792,83.133194,1792.684692,196.746521
8.217,2.387944,1486.461304,-133.20993,161.780991,1579.187012,55.714115,92.400116,1790.356079,196.467392
8.225,4.190956,1486.061523,-133.743286,167.352509,1576.839844,53.142418,101.532387,1787.854858,195.711273
8.233,5.774746,1485.588745,-134.224243,172.994553,1574.296509,50.571255,110.492455,1785.216675,194.744049
8.242,7.031269,1485.190796,-134.445145,178.588959,1571.77063,47.955368,119.722878,1782.574463,193.999802
8.25,8.593367,1484.77417,-134.764572,183.980347,1569.180786,45.517185,129.180084,1779.72229,193.252167
8.258,10.257696,1484.338013,-135.028458,189.466019,1566.422852,42.861534,138.553635,1776.761597,192.40918
8.267,12.053745,1484.074097,-135.777451,194.832458,1563.793457,40.250637,147.814606,1773.857178,191.494217
8.275,13.645418,1483.634277,-135.629135,200.1194,1560.844727,37.660191,157.07045,1770.731934,190.537781
8.283,15.307307,1483.458496,-136.268707,205.378662,1557.860596,35.078331,166.392181,1767.319336,189.496521
8.292,16.538292,1483.122925,-135.748474,210.670502,1554.868042,32.514206,175.854172,1763.944214,188.423477
8.3,17.774944,1482.508911,-136.099197,215.908463,1551.755127,29.872515,185.639099,1760.612305,187.83551
8.308,19.477444,1482.010376,-135.944901,220.918243,1548.549438,27.249138,194.887375,1757.005493,187.256622
8.317,21.006105,1481.612305,-136.151184,226.0811,1545.28772,24.587955,204.016739,1753.240479,185.859894
8.325,22.647762,1481.031006,-135.881577,231.024719,1542.065918,21.984804,213.338455,1749.267456,184.533234
8.333,23.741909,1481.840942,-136.898727,236.143234,1538.72937,19.23513,222.602081,1745.222046,183.372711
8.342,25.842304,1480.532227,-136.466568,241.062744,1535.236816,16.721123,231.612015,1740.841064,182.072433
8.35,27.425138,1480.577271,-136.155579,245.989365,1531.618774,14.007789,240.655624,1736.523193,180.445038
8.358,29.223206,1479.789429,-135.972168,250.871246,1527.984009,11.408258,249.486343,1731.827881,178.915237
8.367,31.117359,1479.339355,-135.878937,255.692307,1524.263672,8.754829,258.69931,1726.99646,177.59819
8.375,33.095753,1478.479126,-135.418716,260.465515,1520.362793,6.279212,267.841003,1721.932251,176.313797
8.383,34.946003,1478.14978,-135.667389,265.215057,1516.256104,3.817031,277.051147,1716.692261,174.952332
8.392,37.077793,1477.513794,-135.240723,269.766998,1512.178589,1.253597,285.919861,1711.207886,173.510574
8.4,39.16452,1476.949951,-134.901688,274.276764,1507.970581,-1.278111,294.16272,1705.595703,172.11441
8.408,41.282581,1476.323853,-134.779236,278.852448,1503.793701,-3.791103,302.788361,1699.870972,170.62558
8.417,43.443806,1475.697754,-134.633865,283.253601,1499.533813,-6.327711,311.644379,1694.010498,169.207687
8.425,45.648026,1475.081665,-134.275116,287.667572,1495.349365,-9.029815,320.598755,1688.005127,167.853989
8.433,48.085121,1474.567261,-134.01091,291.965332,1491.141846,-11.643283,329.367371,1681.785522,166.444168
8.442,50.450199,1473.930298,-133.821808,296.299774,1486.845825,-14.209961,338.004364,1675.478638,165.059082
8.45,52.789543,1473.268555,-133.572601,300.621552,1482.631592,-16.883734,346.832184,1668.955444,163.666748
8.458,55.261238,1472.606812,-133.213394,304.881714,1478.200684,-19.407578,355.280182,1662.288696,162.231674
8.467,57.689144,1471.805908,-132.889526,309.226837,1473.732666,-21.902763,364.021515,1655.205322,160.908401
8.475,60.314777,1471.073486,-132.366531,313.34671,1469.064697,-24.342779,372.46167,1648.146484,159.462418
8.483,62.922791,1470.290405,-131.798294,317.507812,1464.289917,-26.74106,380.713898,1640.960938,157.968948
8.492,65.636009,1469.514282,-131.262497,321.661896,1459.365845,-29.132978,388.971558,1633.587036,156.420456
8.5,68.374969,1468.717896,-130.758377,325.72818,1454.290283,-31.463068,397.164764,1625.988403,154.861328
8.508,71.145821,1467.841431,-130.178131,329.843353,1449.05603,-33.746754,405.27066,1618.22644,153.229843
8.517,74.109756,1467.009644,-129.40419,333.884003,1443.7229,-35.984337,413.273132,1610.375854,151.616943
8.525,76.981201,1466.127197,-128.948074,337.956696,1438.189087,-38.297653,421.13562,1602.310425,149.831879
8.533,79.984505,1465.153076,-128.531876,341.866241,1432.477539,-40.458324,429.324005,1594.164185,147.891632
8.542,83.097534,1464.219849,-127.885818,345.81015,1426.644287,-42.688148,437.364227,1585.795898,145.785889
8.55,86.249329,1463.29834,-127.301392,349.542114,1420.802979,-44.906448,444.244781,1576.807007,144.414032
8.558,89.539017,1462.365723,-126.595978,353.481995,1414.714355,-47.222012,451.531769,1567.925659,142.603867
8.567,92.893112,1461.4021,-125.931305,357.305817,1408.520752,-49.419853,458.739319,1558.987793,140.766098
8.575,96.319298,1460.419189,-125.278831,361.0495,1402.196899,-51.649231,465.911102,1549.791138,138.903183
8.583,99.795792,1459.456055,-124.530998,364.756683,1395.808838,-53.903759,472.855682,1540.391113,137.082413
8.592,103.215424,1458.301514,-123.675919,368.385132,1389.366577,-56.126312,479.793945,1530.865967,135.249954
8.6,106.806618,1457.104126,-122.701202,371.97052,1382.90332,-58.459534,486.566833,1521.160034,133.328583
8.608,110.57534,1456.11438,-122.386261,375.358643,1376.563843,-60.775604,493.123474,1511.256958,131.443924
8.617,114.370079,1454.991089,-121.719757,378.753235,1369.928955,-63.027599,499.584869,1501.077759,129.556305
8.625,118.104622,1453.840454,-120.86985,382.076599,1363.205444,-65.261345,505.904266,1490.824585,127.709892
8.633,121.894318,1452.66394,-120.015617,385.246582,1356.408813,-67.44429,512.051208,1480.307495,125.859901
8.642,125.816719,1451.584839,-119.249084,388.331573,1349.369995,-69.654953,518.07251,1469.620605,123.978493
8.65,129.812134,1450.312622,-118.311409,391.304138,1342.234131,-71.790474,523.71228,1458.603882,122.441193
8.658,133.769028,1449.018921,-117.304092,394.130066,1335.06543,-73.833344,529.415955,1447.547241,120.338509
8.667,137.803787,1447.682007,-116.534561,396.757446,1327.772461,-75.896339,534.879944,1436.196289,118.436737
8.675,141.802429,1446.245972,-115.513641,399.267395,1320.42627,-77.80143,540.11615,1424.689209,116.628395
8.683,146.111481,1445.0896,-114.973419,401.562378,1313.074829,-79.801468,545.238159,1413.062256,114.774223
8.692,150.358276,1443.723145,-114.153008,403.657104,1305.682739,-81.632408,550.071106,1401.236206,112.797661
8.7,154.621445,1442.342163,-113.283638,405.617889,1298.161865,-83.525131,554.727844,1389.054688,111.137856
8.708,158.799194,1440.744141,-112.420647,407.47467,1290.541016,-85.26339,558.952332,1376.768555,109.577599
8.717,163.040924,1439.270752,-111.449852,409.034058,1283.041504,-87.058014,563.222412,1364.316406,107.998337
8.725,167.261093,1437.835205,-110.607101,410.472046,1275.448364,-88.810791,567.413147,1351.786865,105.912468
8.733,171.75766,1435.86499,-109.501793,411.79245,1267.998291,-90.420486,571.204834,1339.062622,104.200203
8.742,176.077713,1434.147583,-108.414673,412.961121,1260.357544,-92.165138,575.009583,1326.318604,101.766136
8.75,180.39679,1432.3927,-107.416229,413.876892,1252.916016,-93.775162,578.270447,1313.200806,100.263512
8.758,184.74501,1430.554932,-106.4618,414.610199,1245.460327,-95.375282,581.466309,1300.216553,98.335388
8.767,189.048813,1428.610107,-105.456108,415.239563,1237.927734,-96.992989,584.298157,1287.058838,96.792778
8.775,193.426559,1426.735962,-104.349823,415.87439,1230.519043,-98.58844,587.305542,1274.120972,93.26799
8.783,197.832214,1424.808472,-103.361015,415.982452,1223.124268,-99.282021,589.77771,1260.686157,91.58725
8.792,202.186447,1422.768066,-102.260025,416.211639,1216.18103,-100.947655,592.234924,1247.527466,88.596954
8.8,206.597855,1420.655518,-101.391411,416.29834,1208.602539,-102.102196,594.167419,1233.911621,87.041328
8.808,211.008347,1418.491699,-100.358521,416.379639,1201.780151,-103.676758,596.155884,1220.656372,84.257492
8.817,215.380814,1416.3302,-99.231758,416.319275,1195.091675,-104.95536,597.705994,1207.158813,81.820755
8.825,219.605606,1413.742676,-97.763092,416.227478,1188.048218,-106.197006,599.117798,1193.813721,79.758385
8.833,223.979233,1411.423584,-96.636559,416.219757,1181.105835,-107.254326,601.390442,1181.296631,73.676552
8.842,228.489258,1409.167358,-95.506599,415.931244,1174.711304,-108.728455,602.063721,1167.673828,71.86116
8.85,232.931625,1406.798706,-94.332512,415.609985,1168.213989,-109.9459,602.507568,1154.519165,69.246788
8.858,237.383926,1404.304688,-93.153725,415.450165,1161.576172,-111.096436,602.794678,1141.092651,66.712845
8.867,241.921509,1401.746704,-92.016701,415.230682,1155.403198,-114.555588,602.970093,1128.46521,63.994961
8.875,246.403503,1399.126709,-90.78054,414.692688,1149.078979,-114.90258,602.677795,1114.889404,61.4678
8.883,250.927872,1396.289917,-89.472549,414.599518,1142.849609,-116.816406,602.51825,1101.776733,58.472668
8.892,255.433655,1393.542236,-88.30452,414.201752,1136.902954,-118.332779,602.013062,1089.22876,55.297344
8.9,260.050659,1390.567627,-87.107346,413.480774,1130.167358,-119.340424,601.317627,1076.052368,52.532417
8.908,264.564758,1387.600342,-85.819595,412.776337,1124.604126,-120.753304,600.719849,1064.023071,48.21312
8.917,269.187653,1384.555054,-84.586807,412.193542,1118.779053,-122.714218,599.258362,1050.944824,45.80788
8.925,273.768158,1381.420776,-83.360382,411.75946,1112.504639,-123.221054,597.99292,1038.666626,42.172974
8.933,278.356689,1378.270874,-82.213219,410.593048,1106.007202,-122.44619,596.492798,1026.318237,38.77483
8.942,282.879028,1375.003662,-81.136543,409.877563,1100.21106,-123.696144,595.154663,1014.675842,34.271545
8.95,287.450226,1371.686768,-79.861824,409.193054,1094.377686,-124.917564,592.939453,1002.332092,31.681593
8.958,292.017151,1368.27063,-78.672264,408.458282,1088.599121,-126.094681,590.669006,990.718018,28.328714
8.967,297.282227,1363.522583,-77.263664,407.610931,1082.990479,-127.25705,588.514404,979.526184,24.327229
8.975,301.599701,1359.499512,-76.423637,406.851166,1077.328369,-128.426636,586.345947,968.024658,20.258928
8.983,306.489349,1356.033325,-75.194206,406.008331,1071.910645,-129.692047,583.844421,956.537476,16.610817
8.992,311.042145,1352.262939,-74.133469,405.149994,1066.484985,-131.024582,581.008606,945.522644,13.241559
9,315.582245,1348.536743,-72.748444,404.306915,1061.052979,-132.242126,578.294434,935.029358,9.316047
9.008,320.143921,1344.451416,-71.738678,403.350403,1055.834229,-133.556168,575.310547,924.518433,5.20663
9.017,324.382965,1340.680786,-70.461693,402.561584,1050.595703,-134.754639,572.361206,913.612976,1.510322
9.025,328.730286,1336.556763,-69.36573,401.646301,1045.504028,-136.170746,569.252991,903.512146,-2.604541
9.033,332.906311,1332.720215,-68.117294,400.741333,1040.55481,-137.403503,566.020325,893.709045,-6.807971
9.042,337.224976,1328.483521,-66.94976,399.921478,1035.576416,-138.82933,562.815552,884.135132,-11.097145
9.05,341.472595,1324.275513,-65.786766,399.016205,1030.837891,-140.158493,559.458862,874.648865,-15.082227
9.058,345.317657,1320.200562,-64.583389,398.101288,1026.049805,-141.587051,555.751648,865.404419,-18.97893
9.067,349.36673,1316.125122,-63.431404,397.204712,1021.330505,-143.035782,552.049011,856.409485,-22.894197
9.075,353.158905,1312.050171,-62.192738,396.232849,1016.834839,-144.460373,548.205688,847.728943,-26.750118
9.083,357.187317,1307.771118,-60.94339,395.270416,1012.423767,-145.999924,544.53479,839.017151,-30.742977
9.092,360.970978,1303.63269,-59.766575,394.361816,1007.980347,-147.54393,540.697083,830.897339,-34.420509
9.1,364.524597,1299.474854,-58.53511,393.4599,1003.717651,-149.039001,536.852112,822.540161,-38.418434
9.108,368.270142,1295.303345,-57.195923,392.544678,999.58313,-150.443985,532.794922,814.860474,-42.030426
9.117,372.099976,1291.108643,-55.958221,391.700104,995.588806,-152.028076,529.011719,807.131714,-45.903549
9.125,375.523804,1286.782959,-54.868221,390.943726,991.612915,-153.454117,524.949036,799.872681,-49.467442
9.133,379.281311,1282.815674,-53.553082,390.204956,987.731934,-154.860565,521.053223,792.674805,-53.040646
9.142,382.648376,1278.363159,-52.434349,389.466827,983.967285,-156.417709,517.108276,785.831421,-56.633862
9.15,385.942566,1274.258667,-51.192078,388.645294,980.207886,-157.737549,513.202332,779.135803,-60.018181
9.158,389.425476,1269.992188,-50.026978,387.911804,976.567078,-159.049194,509.446014,772.673523,-63.395412
9.167,392.68338,1265.694336,-48.871231,387.176361,973.016968,-160.386017,505.738373,766.410828,-66.714218
9.175,395.961212,1261.621582,-47.680191,386.482086,969.555481,-161.427887,501.966492,760.509949,-69.808525
9.183,399.017212,1257.518677,-46.580479,385.775513,966.175598,-162.735596,498.312347,754.690735,-72.843399
9.192,402.16864,1253.493652,-45.421234,385.006012,962.815613,-163.724869,494.712524,749.11322,-75.79895
9.2,405.120544,1249.514648,-44.358601,384.35968,959.641541,-164.654724,491.15741,743.841858,-78.508835
9.208,408.017578,1245.656738,-43.284843,383.713531,956.618469,-165.566528,487.620514,738.826294,-81.043068
9.217,410.73764,1241.816406,-42.291679,382.91861,953.569031,-166.328094,484.176483,733.991638,-83.397972
9.225,413.573303,1238.105103,-41.223042,382.278076,950.754883,-167.139389,480.933655,729.365662,-85.809341
9.233,416.142029,1234.398926,-40.215599,381.666534,948.047424,-167.827347,477.593658,724.941833,-87.999435
9.242,418.822815,1230.848267,-39.25769,380.927246,945.351318,-168.412369,474.458954,720.759094,-90.077347
9.25,421.464691,1227.454224,-38.340149,380.333008,942.864868,-169.053391,471.466125,716.766479,-92.104141
9.258,423.937347,1224.00415,-37.46727,379.594116,940.392395,-169.508408,468.528748,712.82843,-93.941803
9.267,426.543549,1220.645264,-36.541164,379.04718,938.099487,-170.131546,465.665619,709.209167,-95.792282
9.275,428.95343,1217.375854,-35.720211,378.4375,935.705688,-170.605118,462.890137,705.737183,-97.417961
9.283,431.190765,1214.19458,-34.871368,377.939728,933.604065,-171.154907,460.24472,702.36322,-98.89534
9.292,433.408813,1211.086548,-34.006744,377.420776,931.394775,-171.470428,457.754089,699.144348,-100.428902
9.3,435.327484,1208.115234,-33.304756,377.079865,929.442444,-171.996582,455.349884,696.118286,-101.812355
9.308,437.165802,1205.141724,-32.543728,376.726257,927.359131,-172.342148,453.157745,693.176697,-103.237038
9.317,438.910278,1202.38501,-31.78163,376.54892,925.473083,-172.874329,450.913055,690.378906,-104.354317
9.325,440.550415,1199.707397,-31.029215,376.440063,923.728638,-173.315445,448.914368,687.836975,-105.41095
9.333,442.100891,1197.160156,-30.391621,376.341919,921.985413,-173.72966,446.903717,685.329956,-106.445946
9.342,443.604431,1194.612915,-29.708441,376.324402,920.336548,-174.047806,445.11496,682.909973,-107.44738
9.35,445.026703,1192.265869,-29.057213,376.446777,918.781433,-174.435944,443.486694,680.72052,-108.303253
9.358,446.379608,1190.090088,-28.420891,376.643799,917.326416,-174.720963,441.937317,678.567383,-109.104813
9.367,447.776459,1187.928589,-27.860394,376.899567,915.88916,-174.972916,440.600067,676.575134,-109.825668
9.375,449.062439,1186.024414,-27.23774,378.090881,914.953125,-177.417984,439.523163,674.612427,-110.611961
9.383,450.034607,1184.12793,-26.619072,377.660675,913.129578,-175.148956,438.473877,672.813232,-111.136932
9.392,451.137207,1182.407471,-26.028223,378.720093,912.230896,-177.056427,437.67868,671.170227,-111.723183
9.4,451.882355,1180.80249,-25.433758,378.899139,910.991516,-176.222366,437.113586,669.522766,-112.159081
9.408,452.865448,1179.400513,-24.831522,379.788086,909.981995,-176.605621,436.645691,668.071411,-112.4711
9.417,453.636261,1178.064819,-24.170008,380.280182,908.898499,-175.82579,436.491028,666.836792,-112.834068
9.425,454.36441,1176.894531,-23.527542,381.041687,908.042114,-175.673264,436.423309,665.65863,-112.942604
9.433,455.017181,1175.904053,-22.757721,381.739105,907.172913,-175.136536,436.566406,664.753418,-112.925308
9.442,455.667328,1175.051758,-21.964584,382.573334,906.508911,-174.685669,436.891144,663.967163,-112.78624
9.45,456.455139,1174.406616,-21.25411,383.473663,906.123718,-174.217361,437.509125,663.238892,-112.61274
9.458,456.941772,1173.829956,-20.388832,384.385101,905.682312,-173.60582,438.171204,662.731812,-112.172829
9.467,457.463898,1173.397217,-19.503235,385.277771,905.388,-173.160217,439.138641,662.391724,-111.835464
9.475,458.028687,1173.009399,-18.507643,386.392273,905.187561,-172.582123,440.278442,662.203979,-111.449821
9.483,458.632507,1172.796631,-17.501333,387.562958,905.169189,-172.043564,441.57196,662.05835,-110.832153
9.492,459.00705,1172.671997,-16.441166,388.707062,905.120667,-171.478897,442.951111,662.116943,-110.216667
9.5,459.287811,1172.591187,-15.277196,390.089752,905.27655,-170.824387,444.631989,662.181824,-109.48996
9.508,459.62149,1172.659668,-14.077282,391.197174,905.31842,-169.847427,446.395813,662.404785,-108.67939
9.517,459.934082,1172.757935,-12.856971,393.037994,905.488647,-169.351685,448.294434,662.764038,-107.802086
9.525,460.204529,1172.968018,-11.52282,394.40271,905.685242,-168.33638,450.313812,663.123413,-106.701164
9.533,460.366455,1173.269897,-10.163622,396.344391,905.975586,-167.73172,452.310638,663.66095,-105.680229
9.542,460.574829,1173.648193,-8.758554,397.935364,906.245117,-166.440063,454.563538,664.148682,-104.277527
9.55,460.805664,1174.130859,-7.203413,399.891754,906.613708,-165.77803,456.829681,664.739197,-102.73423
9.558,460.940338,1174.622559,-5.658277,401.876068,907.036316,-164.603714,459.315247,665.247437,-101.114914
9.567,461.058258,1175.190674,-4.025571,403.867065,907.528198,-163.410889,461.726166,665.920288,-99.326523
9.575,461.280518,1175.702515,-2.2951,405.899933,907.801331,-161.96373,464.245026,666.500793,-97.456543
9.583,461.359222,1176.39502,-0.472815,407.993652,908.201233,-160.506592,466.796539,667.166199,-95.514824
9.592,461.286011,1176.988525,1.418115,410.10614,908.681091,-158.831116,469.207703,667.964111,-93.357719
9.6,461.115051,1177.720215,3.401779,412.354858,909.106812,-157.122528,471.760223,668.625854,-91.267883
9.608,460.923859,1178.372803,5.507919,414.650879,909.520325,-155.291946,474.28775,669.379761,-88.764732
9.617,460.492432,1179.076538,7.670896,416.939331,910.003784,-153.360199,476.79071,669.964783,-86.25531
9.625,460.033142,1179.704712,9.949599,419.169922,910.499146,-151.309326,479.200012,670.782104,-83.805641
9.633,459.47818,1180.419067,12.325937,421.402435,910.976257,-149.208771,481.626251,671.394653,-80.871773
9.642,458.896271,1181.074463,14.749642,423.636261,911.528992,-147.115128,483.980316,672.184326,-78.274506
9.65,458.352448,1181.74292,17.26025,425.796814,912.056274,-144.803284,486.168427,672.788757,-75.332726
9.658,457.558472,1182.394653,19.902174,427.953583,912.626892,-142.361969,488.405701,673.42572,-72.350601
9.667,456.834656,1183.048218,22.509882,429.697723,912.804626,-139.231674,490.396301,673.90979,-69.171608
9.675,456.059021,1183.723389,25.229149,431.594208,913.303223,-136.350357,492.23288,674.587769,-66.038582
9.683,455.25415,1184.249512,27.909159,433.468842,913.735718,-133.497131,493.994293,675.172791,-62.979362
9.692,454.283112,1184.924805,30.721527,435.176575,914.124146,-130.417206,495.560303,675.724365,-59.716194
9.7,453.286469,1185.473877,33.581509,436.793549,914.54657,-127.207275,496.918884,676.274048,-56.641449
9.708,451.783752,1185.622681,36.357834,438.414429,914.997803,-123.992233,498.084473,676.544128,-52.952457
9.717,450.56369,1186.116699,39.371735,439.847839,915.365051,-120.70446,499.149078,677.053589,-49.847103
9.725,449.366913,1186.543701,42.389179,441.124176,915.750427,-117.331276,500.03714,677.42572,-46.621204
9.733,448.068604,1187.016113,45.466103,442.284271,916.084229,-113.888237,500.742981,677.752747,-43.041962
9.742,446.728973,1187.429932,48.612625,443.512909,916.466125,-110.438362,501.288177,677.90741,-39.499897
9.75,445.345184,1187.814331,51.744446,444.537201,916.640503,-106.894409,501.577148,678.369324,-36.603886
9.758,443.66156,1188.11792,54.942593,445.47287,916.964539,-103.317719,501.728424,678.449402,-33.019825
9.767,442.155518,1188.336548,58.218636,446.284241,917.181274,-99.723976,501.630005,678.625122,-29.708918
9.775,440.450348,1188.598633,61.529846,446.959442,917.421082,-96.105339,501.219269,678.499878,-25.59967
9.783,438.867493,1188.79834,64.839905,447.560638,917.518738,-92.469772,500.672272,678.549316,-22.489965
9.792,436.93927,1189.037231,68.155579,448.10199,917.698364,-88.900536,499.792542,678.762024,-19.572254
9.8,435.193817,1189.232666,71.554993,448.470215,917.854553,-85.24749,498.972534,678.61145,-16.129698
9.808,433.082275,1189.14856,74.984406,448.758179,918.027344,-81.595909,497.824341,678.572937,-12.536584
9.817,431.212158,1189.393799,78.421204,448.979187,918.1073,-77.952286,496.671844,678.457214,-9.164949
9.825,429.072815,1189.380127,81.847244,449.068268,918.242432,-74.307793,495.210022,678.346802,-5.700542
9.833,426.73877,1189.337769,85.31472,449.081604,918.497803,-70.854721,493.654663,678.18158,-2.505996
9.842,424.509827,1189.366455,88.76162,449.137909,918.571655,-67.247002,492.02951,677.947876,0.835506
9.85,422.117859,1189.405762,92.220779,448.8479,918.719116,-63.645332,490.14801,677.84552,4.200199
9.858,419.597778,1189.445557,95.688469,448.650299,918.92572,-59.984306,487.997925,677.795349,7.58431
9.867,416.284363,1188.98999,98.619263,448.322906,919.112793,-56.4744,485.641541,677.705811,10.979947
9.875,413.810791,1189.203369,102.067108,447.955444,919.363647,-52.835011,483.252777,677.732666,14.32631
9.883,411.030457,1189.262085,105.370148,447.418732,919.530762,-49.366631,480.812622,677.626099,17.839554
9.892,408.091522,1189.32312,108.6847,446.784485,919.823975,-45.785007,477.949585,677.649475,21.470797
9.9,405.06369,1189.49353,111.933434,445.981171,920.02301,-42.158424,475.08371,677.74762,25.137075
9.908,401.988678,1189.75415,115.162369,445.014648,920.211853,-38.57645,471.944672,677.779358,28.923929
9.917,398.833679,1189.91394,118.305603,443.900787,920.566589,-34.962795,468.619202,677.86261,32.792839
9.925,395.520111,1190.070557,121.334778,442.603455,920.688477,-31.261072,465.132629,677.984131,36.746479
9.933,392.18927,1190.376953,124.376839,441.361328,921.023376,-27.545622,461.501343,678.107056,40.738293
9.942,388.827942,1190.756836,127.414108,439.9133,921.119568,-23.769657,457.677429,678.487427,44.785313
9.95,385.300873,1191.062378,130.260788,438.388641,921.374023,-19.958569,453.850708,678.642273,48.995152
9.958,381.599823,1191.359131,133.00708,436.693695,921.488953,-16.063309,449.6604,678.8396,53.320461
9.967,377.876495,1191.771484,135.665878,435.030487,921.835327,-12.156697,445.468201,679.074585,57.62833
9.975,374.085297,1192.411011,138.333176,433.233215,921.969177,-8.235397,441.107788,679.215149,62.149029
9.983,370.298553,1193.012695,140.875717,431.275848,922.154114,-4.23229,437.353149,679.76825,66.348083
9.992,366.326019,1193.633545,143.274719,429.145477,922.28363,-0.207136,432.316162,679.910645,71.235641
10,362.378174,1194.302979,145.664642,426.943909,922.529663,3.893148,427.432739,680.189148,75.95137
10.008,358.294495,1194.947021,147.875137,424.508148,922.687927,8.000461,422.330719,680.488342,80.760323
10.017,354.042175,1195.682861,150.081039,422.029266,922.937561,12.139643,417.109314,681.002197,85.704758
10.025,349.799713,1196.511963,152.120499,419.430084,923.137878,16.399931,411.66217,681.475647,90.801491
10.033,345.539948,1197.432617,154.07254,416.751251,923.587708,20.839882,406.062622,682.22113,96.031898
10.042,341.114655,1198.477417,155.924042,413.882965,923.882751,25.194036,400.207672,683.045898,101.344345
10.05,336.724976,1199.557251,157.675278,410.958008,924.367249,29.567574,394.29715,683.865723,106.812317
10.058,332.598999,1200.995483,159.918015,408.562378,924.950928,33.652245,388.221222,685.100464,112.375793
10.067,327.999359,1202.25647,161.413864,405.150879,925.454041,38.250481,382.017334,686.041504,117.973557
10.075,323.50415,1203.69104,162.738373,401.680573,926.02063,42.800632,375.592255,687.416626,123.803947
10.083,318.627747,1205.098022,163.80249,398.14978,926.664978,47.433578,368.990295,688.718201,129.591309
10.092,313.995911,1206.578369,164.952942,394.528748,927.453552,52.056602,362.137115,690.249756,135.67038
10.1,309.189301,1208.151978,166.171371,390.818512,928.249878,56.948105,355.339783,692.022217,141.866577
10.108,304.513245,1209.886108,167.32869,387.111298,929.187927,61.801258,348.361969,693.935791,148.303696
10.117,299.495026,1211.73584,168.339279,383.298004,930.160706,66.984924,341.273315,695.961304,155.023102
10.125,294.615082,1213.635742,169.284927,379.580688,931.358398,72.041306,333.146576,697.101379,162.475388
10.133,289.65567,1215.761353,169.971893,375.571259,932.532898,77.378113,326.501862,700.558533,168.977097
10.142,284.382416,1218.066895,170.563538,371.65921,933.902039,82.621101,319.516602,703.649475,175.269333
10.15,279.279663,1220.451172,171.131927,368.422546,935.551086,88.057968,311.368042,706.086304,182.933044
10.158,274.171173,1222.783081,171.688492,363.35849,936.929077,93.420212,303.361206,709.167297,190.376038
10.167,268.98999,1225.106323,172.269653,358.87793,938.554688,98.983932,295.511688,712.80011,198.082123
10.175,263.714935,1227.778564,172.423203,354.1492,940.499634,104.536011,287.073639,716.490417,205.786804
10.183,258.509216,1230.435913,172.474091,349.30188,942.561462,110.015244,278.545105,720.406616,213.645187
10.192,253.203873,1233.401855,172.493362,344.369171,944.813782,115.622269,269.946991,724.849243,221.516693
10.2,247.800507,1236.451782,172.334503,339.251801,947.32373,121.158417,261.284637,729.629578,229.762451
10.208,242.36998,1239.5896,172.151978,333.896942,949.98114,126.813782,253.040314,734.729858,237.731888
10.217,236.767426,1242.536011,171.854065,328.519928,952.837036,132.350296,244.816864,739.955566,246.155182
10.225,231.302689,1245.717529,171.384796,323.037628,955.885193,137.766815,235.528183,745.19574,254.258865
10.233,225.820938,1249.006958,170.855637,317.412262,959.07843,143.409882,226.447113,751.360229,262.624603
10.242,220.273422,1252.466064,170.17543,311.57251,962.612244,149.185303,217.059845,757.711609,270.841461
10.25,214.682602,1256.126587,169.29451,305.639771,966.22876,154.720871,207.661133,764.536316,279.127991
10.258,209.069229,1259.790039,168.3573,299.680969,970.084961,160.364136,198.363754,771.643494,287.523254
10.267,203.518875,1263.49292,167.376083,293.625793,974.16394,166.051956,188.577621,778.97937,295.544495
10.275,198.006744,1267.303833,166.26561,287.992798,978.660217,171.877228,179.359726,786.921692,304.160004
10.283,192.405884,1271.165283,164.995636,281.410583,983.037903,177.466766,169.612808,794.94342,312.211212
10.292,186.753967,1275.144287,163.599365,274.971466,987.860718,182.981598,159.790359,803.443237,320.200043
10.3,181.048019,1279.218994,162.109406,268.43927,992.838867,188.303329,149.262405,811.302551,327.640839
10.308,175.40654,1283.360107,160.578094,261.759003,998.102539,193.685043,138.742493,819.968201,335.018219
10.317,169.896896,1287.585083,158.956635,254.922592,1003.559937,198.90213,128.46434,829.306824,342.254028
10.325,164.298035,1291.783691,157.180023,248.240753,1009.193298,204.092316,118.02877,838.802429,349.133362
10.333,158.640976,1296.024658,155.301498,241.353897,1014.96936,209.161148,108.508408,850.32843,357.203766
10.342,153.00528,1300.390503,153.288345,234.41777,1021.069031,214.113419,98.041145,860.523499,364.003601
10.35,147.193329,1304.714966,151.23764,227.393707,1027.351562,219.108871,87.478653,871.051331,370.516266
10.358,141.364075,1308.939453,149.072784,220.420364,1033.789062,223.958282,77.01622,881.838806,376.833466
10.367,135.6138,1313.204712,146.7771,213.311829,1040.369995,228.881516,66.377281,892.928223,382.817352
10.375,129.87326,1317.490479,144.387222,206.359192,1047.237549,233.492462,55.768448,904.297119,388.614258
10.383,124.188789,1321.743164,141.998108,199.298538,1054.124146,238.027328,45.030388,915.694519,394.166107
10.392,118.496956,1325.895264,139.487656,192.133347,1061.142212,242.624954,34.555225,927.508057,399.17984
10.4,112.996391,1330.132202,136.891098,185.081284,1068.48291,246.858521,23.691048,939.105774,404.213654
10.408,107.374245,1334.210571,134.154816,177.852295,1075.691895,251.19809,13.300082,951.235962,408.455109
10.417,101.826096,1338.352295,131.375488,170.74585,1083.110962,255.162888,2.400909,963.33374,412.653351
10.425,96.315063,1342.418701,128.527893,163.564362,1090.630005,258.932495,-8.221451,975.448364,416.307892
10.433,90.893997,1346.367188,125.607758,156.364288,1098.219482,262.515259,-18.663469,987.754639,420.070953
10.442,85.475891,1350.232788,122.693634,149.417404,1105.949829,265.992554,-29.505764,1000.47229,423.20752
10.45,80.060043,1354.097168,119.723244,142.620071,1113.887817,269.256775,-39.804729,1013.136536,426.235901
10.458,74.681313,1357.814697,116.637146,135.277924,1121.607666,272.254852,-49.952766,1026.023438,428.987488
10.467,69.507111,1361.555664,113.68251,128.167236,1129.541992,275.116241,-60.439655,1038.781738,431.39975
10.475,64.374908,1365.198364,110.536423,120.923164,1137.32666,277.91803,-70.402794,1051.700562,433.525848
10.483,59.344254,1368.75354,107.431999,113.699951,1145.38208,280.419098,-80.249741,1064.775635,435.342712
10.492,54.396809,1372.308716,104.242264,106.607246,1153.414795,282.883881,-90.34996,1077.734985,436.769867
10.5,49.677193,1375.894165,101.043037,99.580246,1161.605835,285.042206,-100.028923,1090.956177,437.993835
10.508,44.942863,1379.455566,97.781914,92.578438,1169.890137,287.066742,-109.682465,1104.216064,438.895081
10.517,40.285877,1382.858154,94.460236,85.604408,1178.10437,288.863281,-119.312881,1117.427612,439.267578
10.525,35.949528,1386.303223,91.231789,78.743645,1186.450439,290.524292,-128.581604,1130.723022,439.584137
10.533,31.432621,1389.718506,87.881378,72.01088,1194.89502,291.887512,-137.964828,1143.891357,439.349426
10.542,27.227087,1393.133789,84.588615,65.108574,1203.520752,293.142059,-147.157028,1157.373779,439.066925
10.55,23.093206,1396.506226,81.085419,58.053383,1212.009155,293.915405,-156.270035,1170.702148,438.342072
10.558,19.070553,1399.761963,77.720245,51.218624,1220.669922,294.678955,-164.960052,1184.100464,437.687439
10.567,14.951301,1403.031006,74.29525,44.811481,1229.339966,295.340851,-173.73233,1197.560059,436.736023
10.575,11.294235,1406.22998,70.719307,38.189125,1237.92749,295.799713,-182.38739,1210.972412,435.186218
10.583,7.407165,1409.341309,67.219299,31.457428,1246.429932,296.045044,-190.696701,1224.421265,433.46521
10.592,3.814771,1412.405273,63.712784,25.059689,1255.069336,296.158051,-198.836273,1237.982422,431.508484
10.6,0.371738,1415.526855,60.346169,18.819923,1263.797607,296.118835,-206.83313,1251.534546,429.457336
10.608,-3.037823,1418.601929,56.930576,12.435987,1272.49646,295.857361,-214.554779,1265.011719,427.209656
10.617,-6.338963,1421.527588,53.567528,6.511649,1281.170654,295.564575,-222.174637,1278.536133,424.74231
10.625,-9.391524,1424.43103,50.172985,0.810547,1290.305298,296.342133,-229.467361,1292.042358,421.976135
10.633,-12.363465,1427.297363,46.756145,-5.071889,1298.738403,295.33728,-236.667542,1305.364258,419.061157
10.642,-15.306315,1430.074707,43.348663,-10.78073,1307.169189,294.379578,-243.504181,1318.789185,416.1091
10.65,-18.137178,1432.855103,39.928276,-16.491432,1315.723022,293.231781,-250.203903,1332.120972,412.520355
10.658,-20.926249,1435.521606,36.491451,-22.050367,1324.052856,291.700897,-256.698608,1345.272827,408.831299
10.667,-23.544701,1438.153687,33.136292,-27.528439,1332.506958,290.154205,-262.943329,1358.29541,404.944489
10.675,-26.040764,1440.770996,29.779186,-32.696651,1340.930298,288.430542,-268.827362,1371.432495,400.936768
10.683,-28.461155,1443.220215,26.444027,-37.811512,1349.258179,286.755432,-274.508148,1384.421997,396.721924
10.692,-30.716475,1445.793823,23.094376,-42.676338,1357.605835,284.791962,-279.976929,1397.337036,392.462372
10.7,-32.862564,1448.240479,19.745531,-47.397083,1365.897827,282.833435,-285.107117,1410.172119,387.943604
10.708,-35.040012,1450.615479,16.455841,-51.992165,1374.054321,280.733521,-290.000458,1422.933594,383.382385
10.717,-37.178326,1452.70459,13.217223,-56.450306,1382.157593,278.506897,-294.645294,1435.487793,378.669861
10.725,-39.172928,1455.145264,9.921429,-60.713673,1390.203247,276.014343,-299.03009,1448.063599,373.762512
10.733,-41.194321,1457.427734,6.684728,-64.908821,1398.168091,273.570221,-303.29306,1460.440552,368.821442
10.742,-43.123299,1458.510864,3.447217,-68.852318,1405.949829,270.960236,-307.268951,1472.74292,363.777374
10.75,-44.733616,1460.351196,0.3639,-72.580391,1413.687256,268.101532,-310.903351,1484.847656,358.524872
10.758,-46.655884,1461.977295,-2.85722,-76.275673,1421.340332,265.428589,-314.374115,1496.735962,353.237671
10.767,-48.527863,1463.699219,-5.996112,-79.93338,1428.799194,262.252533,-317.625519,1508.405396,347.899017
10.775,-50.450756,1465.7771,-9.178919,-83.106148,1436.214722,259.340729,-320.544098,1519.958496,342.464478
10.783,-52.455997,1468.724609,-12.577723,-86.435112,1443.569336,256.095978,-323.358521,1531.418457,336.937347
10.792,-52.475281,1477.462524,-15.052876,-89.391525,1450.735352,252.986816,-325.908722,1542.52002,331.322845
10.8,-51.00473,1489.400635,-17.108938,-92.111877,1457.765137,250.44104,-328.234589,1553.447021,325.712646
10.808,,,,-95.103355,1464.583618,247.175995,-330.450592,1564.098145,319.928925
10.817,,,,-97.651962,1471.157471,243.759308,-332.485016,1574.50708,314.154205
10.825,,,,-100.119263,1477.655884,240.400726,-334.171204,1584.602295,308.646576
10.833,,,,-102.514618,1483.864624,237.07019,-335.811462,1594.424683,302.811493
10.842,,,,-104.833267,1489.789185,233.823868,-337.122986,1604.024414,296.964813
10.85,,,,-106.904961,1495.815674,230.674774,-338.357574,1613.321899,291.061768
10.858,,,,-108.829552,1501.473022,227.626175,-339.479675,1622.417236,285.182434
10.867,,,,-110.739876,1506.815552,224.33316,-340.554932,1631.251587,278.598175
10.875,,,,-112.674713,1511.971802,220.497269,-341.130798,1639.745117,273.542542
10.883,,,,-114.315765,1517.053345,217.540909,-341.694946,1647.998779,267.884888
10.892,,,,-116.021423,1521.819214,214.460693,-342.115814,1655.884399,262.248688
10.9,,,,-117.165855,1526.670654,212.171143,-342.790771,1663.673096,255.868698
10.908,,,,-118.608269,1530.994995,209.086639,-342.850037,1671.170288,250.701004
10.917,,,,-120.116081,1535.368774,206.341888,-343.142242,1678.201782,244.650009
10.925,,,,-121.307213,1539.411133,203.528717,-342.966034,1685.017944,239.94342
10.933,,,,-122.449127,1543.295044,200.945419,-343.038635,1691.510742,234.430634
10.942,,,,-123.698097,1547.151367,198.172562,-342.867249,1697.878784,229.533218
10.95,,,,-124.560837,1550.723999,195.803452,-342.534851,1703.744873,224.582535
10.958,,,,-125.617889,1554.192017,193.168732,-342.320526,1709.459961,219.230759
10.967,,,,-126.299141,1557.458374,191.00325,-341.807678,1714.950439,214.59169
10.975,,,,-127.109665,1560.549683,188.750595,-341.242737,1720.21936,209.876038
10.983,,,,-127.894592,1563.470825,186.611359,-340.75116,1725.168213,205.58046
10.992,,,,-128.412384,1566.314209,184.678711,-340.275665,1729.942627,200.915359
11,,,,-128.973114,1568.924316,182.6315,-339.841949,1734.341431,196.520172
11.008,,,,-129.580566,1571.307373,180.578629,-339.138031,1738.415039,192.402267
11.017,,,,-129.997345,1573.578613,178.858154,-338.410706,1742.453247,188.625824
11.025,,,,-130.36879,1575.703003,177.274292,-337.654572,1746.053345,184.720734
11.033,,,,-130.827454,1577.598633,175.480698,-336.951843,1749.546509,181.105545
11.042,,,,-131.205521,1579.382935,173.977814,-336.186462,1752.665405,177.56929
11.05,,,,-131.400391,1580.985962,172.512985,-335.433044,1755.571167,174.379623
11.058,,,,-131.565948,1582.48999,171.163177,-334.692963,1758.264893,171.274109
11.067,,,,-131.633804,1583.788696,169.961304,-333.921082,1760.691406,168.084595
11.075,,,,-131.570633,1585.002441,168.792664,-333.13324,1762.856323,164.88678
11.083,,,,-131.526871,1586.043213,167.818741,-332.31134,1764.897461,162.086304
11.092,,,,-131.362015,1586.956543,166.803131,-331.324005,1766.858765,159.614197
11.1,,,,-131.194672,1587.891968,166.115768,-330.255859,1768.621826,157.467239
11.108,,,,-130.951202,1588.592041,165.312576,-329.180786,1770.132568,155.504654
11.117,,,,-130.677414,1589.132324,164.567215,-328.29837,1771.539551,153.450165
11.125,,,,-130.358322,1589.630981,164.028152,-327.445435,1772.719604,151.456894
11.133,,,,-129.914047,1590.112915,163.459702,-326.44635,1773.780151,149.889069
11.142,,,,-129.490921,1590.461426,163.014267,-325.142029,1774.737305,148.952805
11.15,,,,-128.974686,1590.700806,162.619873,-324.22998,1775.492188,147.547516
11.158,,,,-128.34375,1590.793335,162.144531,-323.351135,1776.103882,146.605469
11.167,,,,-127.815025,1590.866577,161.835205,-322.470917,1776.630859,145.819916
11.175,,,,-127.339661,1590.88208,161.654892,-321.30838,1777.126099,145.959473
11.183,-76.586906,1487.330078,-74.363922,-126.924751,1590.810791,161.430878,-320.630585,1777.299194,145.351608
11.192,-76.35878,1486.756714,-72.517845,-126.539932,1590.634277,161.226517,-320.1203,1777.33667,144.685165
11.2,-75.913002,1486.470215,-72.738968,-126.270905,1590.267334,160.609421,-319.61319,1777.279785,144.394333
11.208,-75.463669,1486.277466,-72.954742,-125.92131,1589.924194,160.420059,-319.247803,1777.077393,144.441391
11.217,-74.861633,1485.937744,-73.099838,-125.570938,1589.505737,160.380051,-318.723175,1776.859375,145.164459
11.225,-74.322372,1485.698242,-73.123772,-125.290619,1588.95459,160.256348,-318.319641,1776.500366,145.995148
11.233,-73.722099,1485.459106,-73.300262,-125.101997,1588.327026,160.2108,-318.212646,1775.836426,146.42955
11.242,-73.023811,1485.257446,-73.358749,-124.985214,1587.546997,160.347412,-318.169128,1775.047119,146.952515
11.25,-72.429367,1485.108521,-73.381874,-124.983307,1586.707642,160.558441,-318.198975,1774.159058,148.005905
11.258,-71.858925,1484.878174,-73.379311,-124.849869,1585.8125,160.699387,-318.352386,1773.013428,149.040558
11.267,-71.18,1484.575928,-73.254227,-124.737206,1584.787964,161.019714,-318.627655,1771.756104,150.110931
11.275,-70.593498,1484.335571,-73.150734,-124.726181,1583.619751,161.49028,-318.882294,1770.140991,151.35083
11.283,-70.054573,1484.089722,-73.037041,-124.411728,1582.485596,161.836365,-319.208832,1768.538818,152.583115
11.292,-69.463417,1483.786987,-72.887367,-124.324516,1581.110229,162.361847,-319.653015,1766.689941,154.107635
11.3,-68.795105,1483.513794,-72.720345,-124.09346,1579.826294,163.102936,-320.081848,1764.645264,155.686005
11.308,-68.156776,1483.226929,-72.439919,-123.91362,1578.295532,163.692902,-320.58075,1762.428101,157.267303
11.317,-67.672829,1482.910645,-72.116028,-123.717842,1576.876953,164.590668,-321.152466,1760.191406,159.150208
11.325,-67.12989,1482.590698,-71.786598,-123.522232,1575.243896,165.291779,-321.761871,1757.657593,160.820953
11.333,-66.542343,1482.307251,-71.417999,-123.193291,1573.587158,166.099197,-322.470367,1755.006958,163.043732
11.342,-66.092323,1482.110474,-71.062325,-122.935684,1571.723999,166.91095,-323.250732,1752.130981,165.1819
11.35,-65.610893,1481.916016,-70.593857,-122.724632,1569.995605,168.000626,-324.131653,1749.074707,167.481369
11.358,-65.086418,1481.683228,-70.096413,-122.678398,1567.901245,169.07724,-325.209076,1745.831299,169.81012
11.367,-64.732964,1481.570068,-69.704338,-122.617516,1565.817871,170.182663,-326.258667,1742.549683,171.91153
11.375,-64.343864,1481.452881,-69.141365,-122.488457,1563.818115,171.549698,-327.416504,1739.091797,174.570923
11.383,-63.82077,1481.305176,-68.49662,-122.394775,1561.679688,172.657913,-328.509552,1735.44397,177.336594
11.392,-63.392788,1481.171387,-67.783485,-122.517387,1559.404053,173.979507,-329.682037,1731.852661,180.537918
11.4,-63.101002,1481.092896,-67.182434,-122.506386,1557.018921,175.537323,-330.984375,1727.774414,183.767487
11.408,-62.762825,1481.038574,-66.514137,-122.690651,1554.599609,177.124054,-332.405609,1723.599121,187.087036
11.417,-62.376175,1480.989136,-65.650528,-122.877197,1552.063477,178.585846,-333.989502,1719.168945,189.834793
11.425,-62.131432,1480.927368,-64.838066,-123.072319,1549.52063,180.280228,-335.782196,1714.732666,192.797882
11.433,-61.982643,1480.911743,-64.055107,-123.364212,1546.881104,181.741409,-337.262054,1710.158691,195.948853
11.442,-61.787575,1480.944214,-63.087048,-123.725273,1544.137573,183.519547,-338.874481,1705.556763,199.731689
11.45,-61.508686,1480.953003,-62.177177,-124.210587,1541.218628,185.300644,-340.611145,1700.666016,203.251022
11.458,-61.398331,1481.014648,-61.033848,-124.566879,1538.138306,187.067856,-342.52475,1695.365601,206.296646
11.467,-61.33017,1481.023926,-59.948853,-124.972183,1535.062622,189.298462,-344.389069,1689.935181,209.91684
11.475,-61.305515,1481.029785,-58.915855,-125.358818,1531.796875,191.238708,-346.220428,1684.372925,213.694916
11.483,-61.044724,1480.975708,-57.601837,-126.704292,1527.816528,190.881149,-348.096069,1678.564209,217.295654
11.492,-60.985641,1480.937256,-56.384884,-127.254425,1524.301514,192.752182,-350.343079,1672.483276,220.158066
11.5,-61.127296,1480.87207,-55.090424,-127.872902,1520.518311,194.751572,-352.222443,1666.219482,223.980881
11.508,-61.164436,1480.851929,-53.702209,-128.512268,1516.597656,196.657211,-354.167786,1659.657349,227.969696
11.517,-62.094757,1480.287476,-51.96043,-129.014374,1512.608154,198.763779,-356.210144,1652.853638,231.420395
11.525,-62.429562,1480.365723,-50.414772,-129.684875,1508.3479,200.894058,-358.341095,1645.827759,235.01355
11.533,-62.678642,1480.335571,-48.869621,-130.285873,1504.156738,203.024231,-360.401917,1638.687744,238.463623
11.542,-62.751518,1480.140625,-47.224518,-130.992584,1499.580933,205.268341,-362.348755,1631.243164,242.5961
11.55,-62.807209,1480.057617,-45.530327,-131.596146,1494.963135,207.536163,-364.209015,1623.599976,246.606155
11.558,-63.029663,1479.952271,-43.779892,-132.076691,1490.052734,209.668945,-366.174622,1615.554565,250.201828
11.567,-63.375473,1479.818604,-41.917187,-132.518509,1484.977905,212.011841,-368.078857,1607.143921,253.71611
11.575,-63.55854,1479.658203,-39.946629,-132.969711,1479.766113,214.357849,-369.942719,1598.676025,257.478699
11.583,-64.038055,1479.443359,-37.88847,-133.442001,1474.481934,216.513397,-371.736664,1589.885742,261.20871
11.592,-64.362297,1479.29895,-35.663872,-133.774277,1469.017456,218.816864,-373.499298,1580.847656,264.989502
11.6,-64.543243,1479.110107,-33.336502,-134.286789,1463.317993,221.036682,-375.144318,1571.785645,268.88855
11.608,-64.831413,1478.930786,-30.957438,-134.786011,1457.438965,223.132416,-376.802155,1562.069702,272.972717
11.617,-64.998589,1478.54834,-28.494677,-135.144928,1451.417969,225.314026,-378.342957,1552.330933,276.889648
11.625,-64.228943,1478.10144,-26.221176,-135.359116,1445.186035,227.424179,-379.710114,1542.078979,280.657776
11.633,-64.431763,1477.639404,-23.616476,-135.722641,1438.780151,229.546768,-381.027679,1531.739136,284.528809
11.642,-65.261581,1477.405396,-20.825254,-135.857742,1432.19873,231.703568,-382.210938,1520.93103,288.222809
11.65,-65.960289,1476.753174,-17.857191,-136.069473,1425.49939,233.910355,-383.331268,1509.967285,292.492157
11.658,-66.487045,1476.512695,-14.773581,-135.934158,1418.675659,235.820847,-384.360107,1498.720459,296.027863
11.667,-67.001106,1475.996826,-11.627218,-135.970963,1411.764771,237.692505,-385.215393,1487.141724,299.752167
11.675,-67.422791,1474.980957,-8.298861,-135.681854,1404.710815,239.740189,-385.825226,1475.458984,303.431396
11.683,-67.848198,1473.949829,-5.098627,-135.429733,1397.459106,241.651001,-386.320221,1463.410889,306.981018
11.692,-68.139137,1472.86145,-1.697317,-135.237076,1390.140991,243.577545,-386.503906,1451.150757,310.463562
11.7,-68.509956,1471.840576,1.717937,-134.594589,1382.714478,245.317352,-386.554382,1438.819336,313.940704
11.708,-68.717628,1470.605957,5.240884,-133.977905,1375.003662,247.119034,-386.428467,1426.200317,317.328278
11.717,-68.944893,1469.390259,8.889226,-133.173721,1367.188232,248.859283,-386.055298,1413.463379,320.692383
11.725,-69.14257,1467.918457,12.579802,-132.265961,1359.099487,250.512009,-385.448059,1400.388428,323.867432
11.733,-69.422638,1466.331543,16.37088,-131.258377,1350.66687,252.140671,-384.671448,1387.104492,326.950623
11.742,-69.645409,1464.694946,20.478615,-130.064529,1342.113159,253.686462,-383.638519,1373.657349,329.335815
11.75,-70.250496,1462.006958,23.614311,-128.918213,1333.198486,255.08017,-382.418335,1359.919434,332.393188
11.758,-70.291962,1459.954956,28.006701,-127.62204,1324.040405,256.289948,-381.075989,1346.101196,334.780975
11.767,-70.270393,1457.751587,32.415787,-126.247231,1314.557495,257.294647,-379.514038,1331.871704,336.881531
11.775,-70.253822,1455.338989,36.717049,-124.739891,1304.847656,258.126923,-377.781921,1317.538086,338.628357
11.783,-70.010391,1452.825806,41.027546,-123.058044,1294.838135,258.623901,-375.693085,1302.88208,339.744537
11.792,-69.948761,1450.177734,45.342808,-121.284264,1284.604858,258.8508,-373.347443,1288.133301,341.195374
11.8,-69.601784,1447.466553,49.732441,-119.379578,1274.158813,258.866028,-370.705261,1273.445557,342.755188
11.808,-69.244225,1444.54541,54.299381,-117.185211,1263.589233,258.559662,-367.727295,1258.713257,343.476654
11.817,-68.804466,1441.415161,58.888615,-114.748306,1252.88501,257.998993,-364.46344,1243.792236,344.603577
11.825,-68.260323,1438.068237,63.512169,-112.012825,1242.32019,257.128601,-360.796875,1228.920166,345.312653
11.833,-67.69854,1434.773315,68.09549,-109.259018,1231.640503,256.056183,-356.677795,1213.898315,345.724365
11.842,-67.055817,1431.338989,72.73484,-106.075775,1221.230225,254.66156,-352.173706,1198.974854,346.001099
11.85,-66.329506,1427.764771,77.148499,-102.67968,1210.924927,253.119202,-347.293427,1184.141602,346.28241
11.858,-65.465492,1424.194702,81.496094,-98.877716,1200.948364,251.462341,-341.834503,1169.363892,346.500671
11.867,-64.407463,1420.682007,85.816704,-94.859398,1191.250244,249.746094,-335.859222,1154.582153,346.645874
11.875,-60.491817,1419.531738,98.501602,-90.494766,1181.947876,248.00827,-329.818207,1139.846924,346.500671
11.883,-62.223709,1413.330322,94.031044,-86.097763,1172.806396,244.793991,-323.192078,1125.277222,345.994812
11.892,-60.939743,1409.65686,97.896645,-81.326225,1164.052734,242.45578,-316.282227,1111.075684,345.210388
11.9,-59.85339,1405.970825,101.552803,-76.2649,1155.770752,240.134567,-309.134766,1097.282471,343.766235
11.908,-58.55518,1402.206665,105.154068,-70.907913,1147.865723,237.851517,-301.731628,1083.419922,342.470093
11.917,-57.29995,1398.500854,108.607269,-64.804565,1140.49231,236.207474,-293.696503,1069.546753,341.250305
11.925,-56.14053,1394.835571,111.982399,-59.54734,1132.936035,233.48735,-285.603729,1056.149536,339.557404
11.933,-54.736374,1391.090332,115.244591,-53.816689,1125.820679,231.335648,-277.206268,1042.855103,338.244537
11.942,-53.348667,1387.320679,118.535942,-47.734982,1118.974731,229.132462,-268.654724,1029.913452,336.26239
11.95,-52.010208,1383.605835,121.763306,-41.756172,1112.266113,227.111664,-259.901825,1017.136475,334.282623
11.958,-50.480846,1379.91394,124.858604,-35.639488,1105.812988,224.927795,-251.328232,1004.363525,331.813904
11.967,-48.765881,1376.091064,128.041107,-29.482445,1099.514404,222.754517,-241.769119,992.502808,329.795471
11.975,-46.873447,1372.185425,131.213699,-21.731863,1092.92041,221.93811,-232.647659,980.380981,327.035889
11.983,-44.997166,1368.30603,134.306305,-17.035416,1087.171997,218.395096,-223.388031,968.556824,324.406555
11.992,-43.072987,1364.271362,137.351898,-10.871576,1081.139648,216.02597,-213.208359,957.717041,322.071228
12,-41.057579,1360.133911,140.392181,-4.480157,1075.419067,213.677139,-203.778976,946.539185,319.269165
12.008,-38.752792,1355.972534,143.339081,1.832738,1069.749512,211.179749,-193.730301,935.799438,316.39447
12.017,-36.300674,1351.724365,146.315552,8.415613,1064.096924,208.443405,-183.764832,925.380737,313.339081
12.025,-33.756523,1347.432251,149.250305,14.454914,1058.708252,205.766907,-173.585724,915.037537,310.287964
12.033,-31.041494,1343.135132,152.104141,20.870623,1053.314575,203.053101,-163.522476,905.291382,307.333923
12.042,-28.137054,1338.750244,155.009598,27.164324,1047.96167,200.049377,-153.339325,895.565186,304.064056
12.05,-25.076796,1334.3927,157.915802,33.564537,1042.776367,197.01651,-143.322464,886.038452,300.664917
12.058,-22.009855,1329.919434,160.760529,39.739166,1037.62085,193.834473,-132.819763,876.968933,297.282745
12.067,-18.812351,1325.48877,163.459305,46.186962,1032.637939,190.476746,-123.128281,867.742432,293.637604
12.075,-15.312764,1321.192871,166.138275,52.520508,1027.912476,186.947708,-112.669472,859.116821,289.993286
12.083,-11.761192,1316.718262,168.678406,58.792362,1023.195129,183.478149,-102.559479,850.448059,286.171295
12.092,-8.224069,1312.331299,171.097198,64.999329,1018.688232,179.90625,-92.189598,842.343018,282.374329
12.1,-4.449954,1307.997314,173.444458,71.40155,1014.353149,176.274597,-81.861115,834.393433,278.540924
12.108,-0.645683,1303.545166,175.615448,77.714195,1010.169495,172.637497,-71.691483,826.806824,274.484344
12.117,3.172934,1299.338013,177.673203,83.909386,1006.088013,169.011597,-61.360558,819.415527,270.468323
12.125,7.285225,1295.137695,179.671448,90.428795,1002.238281,165.339615,-51.07457,812.317505,266.264801
12.133,11.297356,1290.88562,181.502121,96.954605,998.478333,161.558807,-40.710396,805.482849,262.032501
12.142,15.574083,1286.594238,183.255356,103.400276,994.88446,157.784286,-30.147167,799.317627,257.672882
12.15,19.75292,1282.431641,184.880249,110.019768,991.438416,154.034714,-20.035486,792.9646,253.211472
12.158,24.405695,1278.307373,186.294098,116.397957,988.114685,150.219498,-10.243929,786.89801,248.751511
12.167,28.740807,1274.241089,187.617096,122.990425,984.989807,146.578598,-0.491615,781.160583,244.263794
12.175,33.539749,1270.285645,188.763504,128.751068,981.793091,142.382614,9.98359,775.840698,239.354462
12.183,38.245781,1266.372681,189.735336,135.062546,978.849976,138.300766,19.857885,770.467346,234.516479
12.192,43.0383,1262.612793,190.728653,141.508636,976.1073,134.211258,29.681595,765.544617,229.603714
12.2,47.908321,1258.786499,191.476761,147.983704,973.491028,130.003891,39.098289,760.474304,224.867889
12.208,52.98098,1255.12207,192.159332,154.372421,970.96283,125.640854,48.773052,756.058228,219.868637
12.217,58.117489,1251.527466,192.720673,160.709152,968.643311,121.544106,58.632202,751.435486,214.792358
12.225,63.234127,1247.977295,193.140747,166.728302,966.13678,117.34845,68.436783,747.362366,209.734009
12.233,68.57431,1244.509155,193.453339,172.767014,964.054749,113.148682,77.930321,743.463806,204.324326
12.242,74.041801,1241.310669,193.687134,178.785324,961.9422,108.786552,87.195717,739.387207,199.468201
12.25,79.540726,1238.147827,193.674744,184.81102,960.198547,104.469322,96.45137,736.1026,194.286346
12.258,85.161407,1235.060791,193.663452,190.757385,958.330872,100.087776,105.482208,732.643677,189.069595
12.267,90.75515,1231.928467,193.632324,196.555939,956.687683,95.620575,114.292091,729.125305,183.674988
12.275,96.459175,1229.0979,193.341583,202.298508,955.134827,91.030769,123.643028,726.304382,178.155884
12.283,102.116982,1226.12561,193.168808,207.788818,953.496582,86.33638,132.259003,723.229492,172.966873
12.292,107.869812,1223.23291,193.029434,213.240051,952.02002,81.609642,140.990311,720.328674,167.626923
12.3,113.597183,1220.611328,192.584457,218.656143,950.666443,76.918648,149.660477,717.608704,162.173141
12.308,119.224342,1217.838257,191.572235,223.933319,949.193665,72.242905,158.121292,715.095764,156.600006
12.317,125.048187,1215.336182,190.812881,229.296631,948.013,67.563698,166.421448,712.6875,151.067322
12.325,130.872131,1212.776978,189.976517,234.547104,946.859558,63.052101,174.675842,710.426025,145.595535
12.333,136.689285,1210.431396,188.976715,238.684311,945.541504,58.870098,182.492294,708.177979,140.139374
12.342,142.574783,1208.106934,187.869095,243.56488,944.487671,54.516384,190.39566,706.153198,134.786377
12.35,148.331512,1205.901978,186.77449,248.378082,943.400452,50.068489,198.009583,704.087341,129.36116
12.358,154.099228,1203.736084,185.465302,253.17424,942.359741,45.664036,205.683258,702.070068,124.020561
12.367,159.896362,1201.654419,184.173325,257.724243,941.334351,41.360226,213.011276,700.173279,118.654175
12.375,165.720306,1199.531738,182.807297,262.295593,940.31958,36.854328,220.276169,698.36499,113.401428
12.383,171.444,1197.498535,181.238129,266.832458,939.297424,32.55101,227.233124,696.450256,108.125191
12.392,177.237854,1195.610596,179.678024,271.131653,938.263245,28.396357,234.10672,694.943726,102.923393
12.4,183.004211,1193.576172,177.933807,275.392181,937.267334,24.142464,240.942474,693.304932,97.808105
12.408,188.679764,1191.718262,176.147461,279.730103,936.343689,19.724487,247.503159,691.772034,92.820267
12.417,194.493774,1189.990601,174.318176,283.895599,935.317139,15.629137,253.937836,690.265869,87.860039
12.425,200.0327,1188.278198,172.288864,288.039551,934.406555,11.287491,260.301971,688.961243,82.992264
12.433,205.752701,1186.615723,170.340439,292.148254,933.578491,7.029593,266.816376,687.760925,77.90551
12.442,211.323364,1185.016602,168.218231,295.673004,932.460938,3.283166,272.721954,686.296997,73.437637
12.45,217.104034,1183.60083,166.091812,299.500183,931.632263,-0.837679,278.655579,684.812744,68.743622
12.458,222.744125,1182.169678,163.870865,303.306,930.805237,-4.973568,284.680145,683.698914,64.039398
12.467,228.289429,1180.838989,161.620499,307.018188,929.953552,-9.082814,290.47049,682.65802,59.472515
12.475,233.790237,1179.441162,159.308044,310.649048,929.140015,-13.132043,296.169312,681.469849,54.883682
12.483,239.396515,1178.143311,157.003418,314.201935,928.349548,-17.134275,301.720795,680.429688,50.45475
12.492,244.864471,1176.975586,154.668518,317.67395,927.60144,-21.078552,307.111267,679.429321,46.122471
12.5,250.118286,1175.88269,152.235733,320.945099,926.83667,-24.976316,312.43219,678.649841,41.806309
12.508,255.639908,1174.828247,149.853073,324.251526,926.236267,-28.748636,317.62912,677.80188,37.49176
12.517,260.89801,1173.774292,147.456009,327.41983,925.608093,-32.614315,322.713654,676.995178,33.205971
12.525,266.070953,1172.962524,145.067978,330.461517,925.108521,-36.455711,327.623627,676.235413,29.059084
12.533,271.289612,1172.123291,142.681961,333.454041,924.58429,-40.09668,332.495483,675.634155,24.994211
12.542,276.148529,1171.214355,140.213409,336.239868,924.151917,-43.820778,337.245911,675.07782,20.939423
12.55,281.190826,1170.557983,137.839737,339.057556,923.859375,-47.509274,341.707642,674.550903,16.859447
12.558,285.992706,1169.911987,135.459244,341.807526,923.487427,-51.075619,346.268555,674.107117,12.907499
12.567,290.840912,1169.364136,132.998215,344.473541,923.243408,-54.6996,350.279785,673.347839,10.066479
12.575,295.363129,1168.848145,130.540054,347.067596,922.940002,-58.265034,354.60437,673.186279,5.556933
12.583,300.001862,1168.185425,127.960876,349.738434,922.753418,-61.723835,358.712006,672.926208,1.651536
12.592,304.469543,1167.616577,125.433876,352.331299,922.587708,-65.074959,362.66925,672.724976,-1.83579
12.6,308.913666,1167.17981,122.888046,354.779907,922.362,-68.445557,366.53714,672.470581,-5.089715
12.608,313.25119,1166.854736,120.388649,357.273651,922.408569,-71.708878,370.467712,672.377502,-8.42712
12.617,317.540161,1166.557373,117.696434,359.770233,922.358215,-74.881645,374.12146,672.370178,-11.726896
12.625,321.567413,1166.304688,115.04467,362.08548,922.37677,-77.993019,377.598083,672.401489,-14.782701
12.633,325.683411,1166.161011,112.410278,364.360626,922.425964,-80.997894,381.147736,672.508484,-17.800795
12.642,329.808685,1166.304565,109.725639,366.614929,922.540283,-84.005196,384.489532,672.73053,-20.757927
12.65,333.842041,1166.230713,107.07151,368.885529,922.601135,-86.944221,387.850983,672.779358,-23.506382
12.658,337.77829,1166.398193,104.435181,370.9263,922.74115,-89.845711,390.86261,673.001038,-26.220879
12.667,341.763947,1166.642212,101.838669,372.919403,922.827393,-92.791504,393.855164,673.080566,-28.49209
12.675,345.608276,1166.757202,99.269295,374.759155,922.949463,-95.617134,396.83609,673.316895,-31.013371
12.683,349.43042,1167.120728,96.740952,376.453674,922.959045,-98.285568,399.774353,673.493408,-33.561508
12.692,353.024475,1167.187134,94.176659,378.044983,923.075317,-100.980545,402.900604,673.572083,-35.274738
12.7,356.66803,1167.43457,91.683296,379.656525,923.183899,-103.559875,405.75061,674.013733,-38.169888
12.708,360.442596,1167.931152,89.509209,381.06546,923.234436,-106.064804,408.654175,674.194641,-39.954533
12.717,364.606537,1168.628418,87.653175,382.499054,923.403687,-108.404663,411.392303,674.6026,-42.44772
12.725,367.472961,1168.759644,85.114563,383.942657,923.638245,-110.729897,414.170471,674.784241,-44.168999
12.733,370.503357,1169.141113,82.79747,385.200409,923.815613,-112.869308,416.828461,675.297974,-46.480892
12.742,373.602448,1169.558228,80.583672,386.527008,924.081604,-115.071739,419.533691,675.531372,-48.361561
12.75,376.602814,1170.116211,78.398186,387.752228,924.294678,-116.989319,422.182983,676.218445,-50.573776
12.758,379.492676,1170.605957,76.265663,389.026062,924.592041,-118.902077,424.77417,676.739746,-52.538006
12.767,382.297333,1171.234009,74.232185,390.206299,924.934998,-120.696426,427.330719,677.112915,-54.267529
12.775,384.785278,1171.739258,72.108391,391.371307,925.298096,-122.425194,429.722107,677.640869,-56.005615
12.783,387.438843,1172.366333,70.144356,392.558685,925.690369,-124.07399,432.15918,678.190857,-57.592094
12.792,389.946777,1173.115356,68.260757,393.643188,926.039124,-125.67437,434.436859,678.96283,-59.332069
12.8,392.298309,1173.778931,66.379021,394.78183,926.480286,-127.188873,436.656128,679.476562,-60.64455
12.808,394.657318,1174.533569,64.583282,395.905762,926.887939,-128.709564,438.835022,680.017334,-62.10062
12.817,396.761414,1175.268433,62.817158,396.991302,927.310547,-130.079376,440.899445,680.675537,-63.405289
12.825,398.696045,1175.868042,61.193012,398.100311,927.825195,-131.58255,443.049042,681.380554,-64.708733
12.833,400.784515,1176.763062,59.617382,399.135712,928.316711,-132.839233,444.972198,682.122192,-66.069458
12.842,402.557129,1177.366211,58.054527,400.277374,928.894531,-134.252457,446.999634,682.693665,-66.978004
12.85,404.278168,1178.060791,56.616398,401.326538,929.320557,-135.388107,448.932678,683.535278,-68.504204
12.858,405.990906,1178.836304,55.245884,402.489532,929.864136,-136.697815,450.741241,683.920776,-68.969505
12.867,407.406525,1179.402466,53.883762,403.567139,930.343384,-137.856857,452.533508,684.862061,-70.298912
12.875,408.948273,1180.071533,52.696308,404.753357,930.934814,-139.029587,454.29892,685.551025,-71.441711
12.883,410.230774,1180.783203,51.49509,405.87796,931.362793,-140.092178,455.871674,686.100037,-71.88916
12.892,411.342316,1181.352661,50.349873,406.962921,931.904785,-141.18869,457.529877,686.944885,-73.202652
12.9,412.517517,1181.935791,49.314243,408.141693,932.314514,-142.174667,459.059937,687.278076,-73.407974
12.908,413.519043,1182.427246,48.293575,409.197388,932.825928,-143.006653,460.51767,688.03595,-74.371872
12.917,414.486725,1183.083374,47.424473,410.324707,933.286743,-143.966354,461.863373,688.625366,-75.135048
12.925,415.355804,1183.594482,46.555367,411.379364,933.717346,-144.746887,463.227051,688.997681,-75.36187
12.933,416.078278,1183.942017,45.751987,412.450989,934.152405,-145.527466,464.403015,689.611816,-76.065659
12.942,416.819702,1184.408081,45.011669,413.406525,934.453735,-146.060074,465.562836,690.084717,-76.671715
12.95,417.488953,1184.962524,44.259155,414.221039,934.564514,-146.111923,466.765076,690.380615,-76.849167
12.958,417.956757,1185.375732,43.625736,415.155975,934.973755,-147.151581,467.698517,690.668152,-77.197105
12.967,418.345093,1185.673706,42.995792,415.921844,935.178528,-147.471451,468.67865,691.071777,-77.867233
12.975,418.737244,1185.996582,42.478889,416.643646,935.376648,-147.714752,469.557861,691.390259,-78.262611
12.983,419.135803,1186.28418,42.011425,417.298523,935.496643,-148.003006,470.315094,691.291931,-77.849716
12.992,419.384918,1186.590088,41.550793,417.929016,935.615112,-148.180893,470.950317,691.521667,-78.163597
13,419.616455,1186.918091,41.198105,418.476074,935.711304,-148.26088,471.533264,691.774719,-78.507675
13.008,419.858002,1187.356567,40.831482,418.916382,935.807251,-148.303345,472.016022,691.926331,-78.686844
13.017,420.023743,1187.641846,40.559303,419.311157,935.860657,-148.276138,472.354309,692.01709,-78.74929
13.025,420.053406,1187.845581,40.275677,419.686707,935.889099,-148.217758,472.57782,692.059326,-78.789337
13.033,420.086823,1188.004028,40.109589,420.005676,935.846985,-148.081909,472.721924,692.063721,-78.782639
13.042,420.024536,1188.113281,39.972775,420.299652,935.802612,-147.946762,472.769836,692.015015,-78.698578
13.05,419.900085,1188.18103,39.876354,420.556122,935.745178,-147.802673,472.723602,691.926819,-78.591927
13.058,419.672607,1188.191528,39.802456,420.806122,935.634399,-147.630859,472.613342,691.829712,-78.526894
13.067,419.470764,1188.169434,39.817329,420.995941,935.504639,-147.506393,472.402863,691.513184,-78.224915
13.075,419.208557,1188.094238,39.873402,421.117401,935.342041,-147.320114,472.040497,691.261169,-77.932053
13.083,418.877838,1187.965332,39.978058,421.195526,935.121826,-147.065323,471.47583,690.835754,-77.447861
13.092,418.545959,1187.852417,40.105453,421.218811,934.882874,-146.780945,470.873962,690.523987,-77.107948
13.1,418.189362,1187.705078,40.284809,421.195801,934.604675,-146.41925,470.18335,690.22998,-76.789597
13.108,417.727905,1187.405884,40.532532,421.14386,934.30957,-146.090225,469.272491,689.783875,-76.320961
13.117,417.101746,1187.093384,40.820007,421.04248,933.967712,-145.671692,468.208527,689.37793,-75.775436
13.125,416.544891,1186.815796,41.167667,420.907318,933.57373,-145.126755,467.112457,688.904541,-75.067375
13.133,415.967102,1186.595581,41.521339,420.647644,933.074768,-144.569489,465.822968,688.31781,-74.359795
13.142,415.308868,1186.306763,41.886173,420.296631,932.398804,-143.452408,464.396759,687.765869,-73.695992
13.15,414.626678,1185.968872,42.375862,419.979279,931.879517,-142.777496,462.906403,687.224121,-72.793236
13.158,413.976868,1185.581665,42.892242,419.835236,931.648193,-142.803925,461.274567,686.570496,-71.807106
13.167,413.019165,1185.028198,43.390511,419.361877,930.982971,-141.9711,459.391632,685.855591,-70.795654
13.175,412.112885,1184.58252,43.979477,418.830688,930.351074,-141.094284,457.511749,685.167358,-69.662155
13.183,411.157654,1184.173462,44.551826,418.313141,929.7099,-140.34314,455.53653,684.690735,-68.911034
13.192,410.290771,1183.716187,45.197926,417.716705,928.968445,-139.420273,453.303192,683.615417,-67.119469
13.2,409.19516,1183.108032,45.871906,416.930908,928.23761,-138.41423,450.994476,682.841553,-65.980988
13.208,408.153503,1182.54834,46.622219,416.179565,927.479004,-137.38739,448.693573,681.733826,-64.087112
13.217,406.962555,1181.989136,47.391468,415.322266,926.685425,-136.270477,446.186615,681.07312,-63.079624
13.225,405.796631,1181.375732,48.143684,414.335907,925.692627,-135.002487,443.728485,680.062927,-61.134991
13.233,404.425476,1180.709351,48.906384,413.451508,924.786011,-133.798538,441.00528,679.277161,-59.72279
13.242,403.035126,1180.044434,49.787682,412.29541,923.717102,-132.433365,438.230713,678.348389,-57.787727
13.25,401.53772,1179.402954,50.633965,411.251648,922.733337,-131.070801,435.167999,677.268677,-55.617168
13.258,399.951233,1178.828003,51.524487,410.128906,921.663208,-129.573715,432.169128,676.500183,-53.975277
13.267,398.285797,1178.26355,52.453945,408.991516,920.683289,-127.968224,429.074219,675.579102,-51.8335
13.275,396.35144,1177.573975,53.417946,407.766357,919.754761,-126.353012,425.943817,674.6698,-49.46183
13.283,394.576782,1177.219238,54.51416,406.532715,918.697632,-124.616364,422.647461,673.87262,-46.953331
13.292,392.506622,1176.667114,55.590919,405.091309,917.678833,-122.664047,419.284485,672.956238,-44.28299
13.3,390.533447,1176.178223,56.826336,403.724426,916.759705,-120.737434,415.75174,672.185852,-41.71072
13.308,388.402008,1175.903809,57.970505,402.178558,915.910217,-118.734772,411.981995,671.540894,-38.777172
13.317,386.179535,1175.596558,59.240906,400.48996,915.015869,-116.460098,408.304688,671.027954,-35.86031
13.325,383.191376,1174.920288,60.082405,398.853943,914.290039,-114.230576,404.319366,670.511047,-32.565529
13.333,380.732147,1174.763062,61.518906,397.218689,913.611084,-111.883141,400.34259,670.0979,-29.406271
13.342,378.152191,1174.772705,62.842979,395.46225,912.86853,-109.356773,396.296417,669.809509,-26.091084
13.35,375.643707,1174.900635,64.230049,393.700989,912.297791,-106.650383,392.10437,669.7099,-22.444654
13.358,373.069977,1175.200195,65.748978,391.955933,911.877625,-103.89193,388.014282,669.579102,-18.586544
13.367,370.230743,1175.53894,67.186348,390.215454,911.37146,-101.001366,383.748993,669.730591,-14.541424
13.375,367.332947,1175.931396,68.621376,388.414459,911.034058,-97.971436,379.75708,669.813416,-10.689604
13.383,364.3974,1176.547974,70.22683,386.530609,910.731506,-94.755783,375.348816,670.075989,-6.146709
13.392,361.292053,1177.212646,71.813812,384.776611,910.542236,-91.407982,371.154877,670.503906,-1.622925
13.4,358.113708,1177.956787,73.426231,382.955536,910.488464,-87.926498,367.023224,670.974304,2.599302
13.408,354.862732,1178.773682,75.109306,381.20343,910.497131,-84.290909,363.197327,671.723572,6.818115
13.417,351.498474,1179.837646,76.884094,379.42749,910.460083,-80.455742,357.838135,672.277161,12.689573
13.425,348.139313,1181.046387,78.729767,377.568054,910.55072,-76.401024,353.728363,673.311707,16.868624
13.433,344.53949,1182.290039,80.44709,375.650238,910.742432,-72.221764,349.62204,673.542786,21.547028
13.442,340.792755,1183.646606,82.291206,373.69696,911.007019,-67.951157,345.297791,675.467163,26.899244
13.45,336.90097,1185.001587,84.139435,371.579742,911.33606,-63.507019,339.983765,676.692139,32.377457
13.458,332.832977,1186.378174,85.839615,369.489929,911.796936,-59.044666,334.698273,678.000122,37.988419
13.467,328.880829,1188.141235,87.724213,367.15213,912.316406,-54.423676,329.412109,679.724121,43.542473
13.475,324.763824,1189.939087,89.582802,364.751129,912.886292,-49.733475,324.17453,681.121094,49.566914
13.483,320.523285,1191.813232,91.46006,362.294373,913.617432,-45.001423,318.423035,682.903259,55.673473
13.492,316.371948,1193.793213,93.415413,359.596985,914.377441,-40.19091,312.445099,685.042053,61.610245
13.5,311.866272,1195.835571,95.198997,356.949188,915.296204,-35.221336,306.461029,686.919128,67.869934
13.508,307.379761,1197.930786,97.067993,354.111725,916.295105,-30.172306,300.133026,689.219177,74.098831
13.517,302.836395,1200.178589,98.85215,351.058167,917.343018,-25.012247,293.793152,691.826965,80.356865
13.525,298.200714,1202.573975,100.615242,348.031189,918.46283,-19.852448,287.423828,694.371338,86.846931
13.533,293.434113,1204.899902,102.260002,344.813782,919.824585,-14.688009,280.918488,697.260254,93.340996
13.542,288.621063,1207.452759,103.754135,341.73291,921.310364,-9.596299,274.441925,700.091309,99.955559
13.55,283.591522,1210.025024,105.280014,338.158905,922.77124,-4.227347,267.719177,703.200378,106.478287
13.558,278.718231,1212.697754,106.76944,334.411621,924.461914,1.144663,260.945465,706.363953,113.231827
13.567,273.672668,1215.369751,108.075638,330.577728,926.169861,6.395804,254.185165,709.946716,119.971985
13.575,268.574951,1218.226074,109.381081,326.72522,928.055542,11.831804,246.790894,713.181335,127.197861
13.583,263.469055,1221.106567,110.557762,322.730194,929.972412,17.099531,239.922745,717.055115,133.920349
13.592,258.316559,1224.084961,111.585823,318.662994,931.974304,22.771025,232.866745,721.048584,140.81427
13.6,253.04454,1227.099121,112.601677,314.552673,934.20636,28.395414,225.749329,725.195129,147.824966
13.608,247.723343,1230.341431,113.447762,310.299866,936.437988,34.210747,218.593109,729.507385,154.827759
13.617,242.354416,1233.680908,114.176476,306.044373,938.962219,40.086971,211.212433,733.955872,161.92334
13.625,237.018799,1237.036987,114.91143,301.568573,941.542725,46.079418,203.828522,738.609558,169.008499
13.633,231.489441,1240.461304,115.509621,297.587555,944.249512,52.369469,196.302582,743.287415,176.114624
13.642,226.02356,1244.01001,116.098831,292.761383,947.068542,58.37912,188.624557,748.139404,183.370285
13.65,220.314102,1247.590576,116.627983,287.805176,950.025452,64.41787,180.839417,753.239746,190.606491
13.658,214.62764,1251.254639,116.953056,283.19751,952.917664,70.485855,173.018677,758.576294,197.512772
13.667,208.896317,1254.888428,117.348465,277.56604,956.319824,76.807518,164.782028,764.365479,204.822845
13.675,202.937698,1258.545288,117.577843,272.117035,959.635132,83.112,156.728058,770.446411,211.799774
13.683,196.978577,1262.276123,117.686401,266.591888,963.082031,89.596397,148.371796,776.107422,219.120575
13.692,190.997711,1266.067017,117.79644,260.770721,966.756836,96.019547,139.265488,781.81604,226.364227
13.7,184.926147,1269.838867,117.78933,254.889282,970.465454,102.25441,130.786194,787.525452,233.429077
13.708,178.860367,1273.597168,117.695892,248.683075,974.227722,108.419693,122.209496,793.362793,240.486847
13.717,172.611496,1277.299316,117.479607,242.246368,978.239319,114.705757,113.325653,800.184631,247.336395
13.725,166.359375,1280.953491,117.126419,235.659637,982.191711,120.710495,103.965683,805.929626,254.714401
13.733,160.163116,1284.581299,116.678749,228.880219,986.163086,126.752556,94.389671,812.615173,261.597321
13.742,153.903854,1288.139282,116.279526,222.39476,990.454468,133.00386,85.028023,819.38739,268.29184
13.75,147.689102,1291.798828,115.654922,215.309143,994.741028,138.895691,75.144928,826.529663,274.859344
13.758,141.543579,1295.452148,114.957825,208.154388,999.350525,144.710983,64.884766,833.338501,281.039398
13.767,135.414291,1299.132446,114.120636,200.89444,1003.834961,150.523056,55.296364,840.659973,287.362885
13.775,129.425064,1302.83313,113.240768,193.67453,1008.651245,156.145157,45.333809,848.111206,293.519867
13.783,123.46125,1306.511597,112.28685,186.297791,1013.503418,161.673828,35.339046,855.864075,299.516876
13.792,117.550941,1310.22998,111.227066,178.940292,1018.595215,166.998169,25.474079,863.766968,305.342163
13.8,111.63781,1313.925903,110.189133,171.349152,1023.688049,172.277008,15.310522,871.956543,310.936981
13.808,105.752991,1317.643799,108.965843,163.803146,1028.902588,177.161972,5.248554,880.284729,316.289917
13.817,99.914642,1321.338989,107.609528,156.39035,1034.412231,181.867676,-4.87354,888.865601,321.312836
13.825,94.083214,1324.889648,106.183525,149.032593,1039.948853,186.300735,-15.353933,897.449707,326.126495
13.833,88.497063,1328.465576,104.670364,141.300018,1045.46582,190.648407,-25.596535,906.303345,330.810211
13.842,82.996414,1332.057739,103.074623,133.692902,1051.090576,194.874771,-36.175365,914.94751,334.722992
13.85,77.44796,1335.646362,101.456253,126.032875,1056.722046,198.734772,-46.630131,923.610535,338.713684
13.858,71.922829,1339.236572,99.665924,118.606308,1062.416992,202.643402,-57.004852,932.73584,342.389679
13.867,66.514305,1342.723755,97.883629,110.780014,1068.287964,206.311264,-65.580437,943.593018,347.516327
13.875,61.110302,1346.158569,95.989601,103.13829,1074.205811,209.790863,-75.227943,953.361755,351.295868
13.883,55.875801,1349.559448,94.100395,95.533669,1080.246216,213.310516,-85.680626,962.621826,354.437744
13.892,50.734741,1353.075928,91.999077,88.042786,1086.442871,216.584824,-96.23687,971.976257,357.105865
13.9,45.657066,1356.429932,89.820518,80.513306,1092.66333,219.754929,-106.418259,981.649475,359.727966
13.908,40.818253,1359.746582,87.751221,72.994682,1098.963989,222.852142,-116.678146,991.169373,362.009979
13.917,35.902706,1363.057373,85.541817,65.629044,1105.375732,225.748154,-126.750755,1000.949402,364.098206
13.925,31.05854,1366.366577,83.190132,58.283115,1111.816528,228.447937,-136.77063,1010.826721,366.043884
13.933,26.457226,1369.552002,80.907227,50.907326,1118.219116,231.047913,-146.647186,1020.778076,367.86969
13.942,21.673828,1372.63562,78.519539,43.86639,1124.740601,233.434998,-156.410553,1030.687988,369.421326
13.95,17.328197,1375.705933,76.132027,36.728653,1131.145874,235.69162,-166.096939,1040.678345,370.629639
13.958,12.787225,1378.720581,73.707428,29.670982,1137.624268,237.789474,-175.773682,1050.697266,371.894196
13.967,8.576043,1381.71521,71.339195,22.660248,1144.055908,239.691238,-185.074646,1060.916016,372.71582
13.975,4.330281,1384.543701,68.781113,15.678007,1150.471069,241.410645,-194.37616,1071.023315,373.409729
13.983,0.26274,1387.316528,66.356171,8.761707,1156.882935,242.986313,-203.431,1081.328857,373.905701
13.992,-3.710485,1390.120728,63.811279,1.942812,1163.274292,244.43512,-212.469391,1091.455811,374.093292
14,-7.482971,1392.841553,61.329685,-4.874506,1169.723145,245.841354,-221.414612,1101.726562,374.404968
14.008,-11.12171,1395.542969,58.836102,-11.20802,1176.018799,247.060333,-230.076782,1112.05603,374.324799
14.017,-14.79563,1398.166504,56.317032,-18.136789,1182.482178,247.741669,-238.599487,1122.503418,374.171326
14.025,-18.315056,1400.635986,53.872707,-24.100887,1189.12793,249.922592,-246.771744,1132.865601,373.845306
14.033,-21.659254,1403.165161,51.401184,-30.515812,1195.49292,250.466675,-254.728348,1143.409668,373.297424
14.042,-24.776051,1405.697998,48.95874,-36.734116,1202.012695,250.932907,-262.772888,1153.843994,372.587891
14.05,-27.797783,1408.101929,46.499828,-42.63781,1208.39624,251.411621,-270.563293,1164.326172,371.707733
14.058,-30.736227,1410.37793,43.962852,-48.561932,1214.841187,251.705673,-278.084351,1174.612671,370.845581
14.067,-33.507935,1412.671997,41.420876,-54.32505,1221.234619,251.995529,-285.318085,1185.028931,369.624573
14.075,-36.149853,1414.993286,38.870209,-59.69268,1227.661987,252.187668,-292.402466,1195.606323,368.34494
14.083,-38.856895,1417.184937,36.359707,-65.09156,1233.956421,252.12088,-299.357635,1205.99646,366.63855
14.092,-41.44772,1419.22876,33.823521,-70.236717,1240.201538,252.125717,-306.032471,1216.42627,364.871124
14.1,-43.827415,1421.301758,31.326242,-75.359665,1246.514526,251.908127,-312.584991,1226.748901,362.946808
14.108,-46.287819,1423.368286,28.96697,-80.097328,1252.706543,251.816803,-318.721832,1237.112183,360.989105
14.117,-48.518959,1425.244629,26.44894,-84.904243,1258.874756,251.444366,-324.746582,1247.432251,358.909637
14.125,-50.68034,1427.199585,23.952959,-89.592712,1265.034668,251.135025,-330.523834,1257.646851,356.750366
14.133,-52.789215,1429.150024,21.556368,-94.103111,1271.186646,250.635925,-336.071289,1267.848999,354.332916
14.142,-54.772308,1430.922974,19.031446,-98.364532,1277.255005,250.099121,-341.491608,1278.008057,352.171143
14.15,-56.662281,1432.798828,16.517748,-102.534264,1283.418335,249.463791,-346.600342,1288.101807,349.442719
14.158,-58.462547,1434.424072,13.934776,-106.618591,1289.496704,248.793427,-351.55188,1298.086792,346.55069
14.167,-60.147518,1436.208862,11.464837,-110.436661,1295.584229,247.99118,-356.371643,1308.083618,343.12262
14.175,-61.853539,1437.831421,8.911431,-114.120323,1301.60437,247.228333,-360.880859,1318.098389,340.451355
14.183,-63.411274,1439.369263,6.475979,-117.767647,1307.580933,246.336578,-365.041016,1328.127319,338.160095
14.192,-64.767075,1440.914917,4.073328,-121.172867,1313.55127,245.33165,-368.979065,1338.045898,335.377045
14.2,-66.180542,1442.358887,1.638682,-124.377167,1319.494141,244.303635,-372.861389,1347.854248,332.227997
14.208,-67.373795,1443.79895,-0.709767,-127.653282,1325.338745,243.163025,-376.377991,1357.600952,329.03299
14.217,-68.600868,1445.116089,-3.106385,-130.742065,1330.981934,241.878418,-379.805267,1367.299072,325.961823
14.225,-69.636871,1446.479126,-5.418916,-133.733475,1336.682983,240.568008,-382.95343,1376.80127,322.739075
14.233,-70.629898,1447.755737,-7.786526,-136.590363,1342.209106,239.178802,-385.950623,1386.284912,319.507629
14.242,-71.469696,1449.067627,-10.141519,-139.271744,1347.755615,237.744781,-388.712372,1395.732178,316.163025
14.25,-72.384598,1450.290649,-12.423585,-141.800262,1353.106201,236.222137,-391.460815,1405.016602,312.212921
14.258,-73.157074,1451.537598,-14.653555,-144.21315,1358.474609,234.609604,-393.730408,1414.276978,309.322723
14.267,-73.765404,1452.941406,-16.699825,-146.621002,1363.766357,233.070953,-395.81308,1423.462646,306.069611
14.275,-74.420456,1454.02771,-18.837345,-148.872849,1368.992188,231.400192,-397.721497,1432.51123,302.656036
14.283,-75.00827,1455.344116,-20.935791,-150.931763,1374.130249,229.704453,-399.420624,1441.528687,299.263733
14.292,-75.062256,1457.444824,-21.487106,-152.909286,1379.240479,228.020752,-400.985992,1450.467773,295.861633
14.3,-75.565186,1458.591919,-23.495178,-154.754211,1384.197388,226.308182,-402.347992,1459.306274,292.47049
14.308,-76.091461,1459.473267,-26.006769,-156.465149,1389.179565,224.530167,-403.530518,1468.02356,289.031464
14.317,-77.048241,1460.357544,-28.505127,-158.122391,1394.054321,222.633331,-404.558716,1476.66272,285.703644
14.325,-77.415276,1461.355835,-30.939127,-159.601822,1398.98645,221.036011,-405.343018,1485.240356,281.94165
14.333,-77.83062,1461.626587,-32.24794,-160.963898,1403.87561,219.455414,-405.884979,1493.767822,278.556488
14.342,-78.214279,1462.556885,-34.263016,-162.256439,1408.710327,217.693909,-406.451111,1502.29541,275.345367
14.35,-78.556793,1463.598389,-36.657673,-163.372375,1413.343872,215.847549,-406.533844,1510.698975,272.047302
14.358,-78.872078,1463.603027,-37.998974,-164.419952,1418.098389,214.28981,-406.682983,1518.903076,268.73822
14.367,-79.05616,1464.295776,-39.86451,-165.362381,1422.557983,212.599991,-406.514557,1527.118042,265.32428
14.375,-79.364166,1465.003662,-41.651638,-166.208328,1427.162231,210.973145,-406.31781,1535.311401,262.102325
14.383,-79.515808,1465.65686,-43.390968,-166.901459,1431.601685,209.400696,-405.916473,1543.421265,258.832275
14.392,-79.806213,1466.338623,-45.076515,-167.567856,1435.996094,207.748138,-405.232574,1551.232178,255.451736
14.4,-79.707932,1466.954712,-46.728386,-167.968979,1440.367798,206.197098,-404.443756,1559.028564,252.232666
14.408,-79.938766,1467.620483,-48.386856,-168.533936,1444.590576,204.630112,-403.646393,1566.668945,249.091385
14.417,-79.879272,1468.248291,-50.019279,-168.788712,1448.795532,202.976624,-402.60376,1574.189331,245.741989
14.425,-79.836464,1468.908691,-51.601574,-169.022186,1452.902222,201.515869,-401.42804,1581.408813,242.387085
14.433,-80.033394,1469.572632,-53.190311,-169.076477,1456.84436,199.931458,-400.071533,1588.670654,239.61322
14.442,-79.847984,1470.197754,-54.621189,-169.11525,1460.658813,198.415878,-398.187408,1596.127686,238.593704
14.45,-79.705727,1470.782959,-56.077606,-169.069,1464.408325,196.99205,-396.710999,1603.333008,236.324127
14.458,-79.851463,1471.383911,-57.564049,-168.913101,1468.092285,195.613022,-394.962921,1610.109497,233.447708
14.467,-79.6922,1471.98645,-58.904018,-168.680664,1471.614502,194.133835,-393.271759,1616.62146,230.533371
14.475,-79.554901,1472.593872,-60.193779,-168.418106,1474.939941,192.809708,-391.549988,1622.877686,227.720535
14.483,-79.502762,1473.107666,-61.476212,-168.029617,1478.2771,191.379562,-389.532013,1629.068237,224.972092
14.492,-79.375771,1473.693726,-62.658623,-167.675613,1481.476807,190.106842,-387.357422,1635.130737,222.199249
14.5,-79.162422,1474.230347,-63.843491,-167.299454,1484.643188,188.816269,-385.428467,1640.844482,219.439545
14.508,-79.026939,1474.73645,-65.008476,-166.775299,1487.634644,187.419479,-383.381042,1646.362183,216.741104
14.517,-78.940315,1475.128052,-66.147209,-166.306961,1490.53186,186.218445,-381.184113,1651.705444,214.086716
14.525,-78.815208,1475.562988,-67.273888,-165.760025,1493.263428,185.069016,-379.188538,1656.773804,211.451828
14.533,-78.705879,1476.012695,-68.329132,-165.150009,1495.888916,183.963623,-377.106628,1661.676025,208.888245
14.542,-78.503441,1476.405518,-69.308861,-164.508972,1498.352295,182.871078,-374.913666,1666.342773,206.473358
14.55,-78.320778,1476.796509,-70.19873,-163.924393,1500.70752,181.869888,-372.782379,1670.924561,204.138641
14.558,-78.23288,1477.083374,-71.075096,-163.214767,1502.904785,180.883957,-370.395264,1675.413696,201.882019
14.567,-78.161102,1477.331665,-71.921776,-162.623245,1504.985962,179.983459,-368.281097,1679.503906,199.609451
14.575,-78.089897,1477.580322,-72.67244,-161.99292,1506.949829,179.131165,-365.900787,1683.594727,197.553574
14.583,-78.00621,1477.795532,-73.416237,-161.355865,1508.744629,178.322128,-363.856812,1687.312134,195.434799
14.592,-78.001427,1477.978271,-74.083626,-160.782852,1510.345825,177.662338,-361.485901,1691.020874,193.547119
14.6,-77.95591,1478.108887,-74.703552,-160.188507,1511.94812,176.993378,-359.473694,1694.470947,191.545074
14.608,-77.956123,1478.203857,-75.277351,-159.584183,1513.406982,176.340012,-357.179321,1697.816895,189.853668
14.617,-77.98468,1478.264038,-75.75222,-158.989044,1514.846558,175.800034,-355.760254,1700.71875,185.330551
14.625,-77.979454,1478.341919,-76.301193,-158.472794,1516.079102,175.271835,-353.433411,1703.877197,184.490845
14.633,-78.091843,1478.333252,-76.815536,-158.015747,1517.317017,174.748413,-351.216187,1706.789795,184.534286
14.642,-78.176765,1478.338257,-77.219376,-157.599213,1518.366821,174.462875,-349.118256,1709.438354,183.484802
14.65,-78.281906,1478.332764,-77.648148,-157.259995,1519.365479,174.034851,-347.936798,1711.78894,179.75325
14.658,-78.400612,1478.386597,-78.015495,-157.005371,1520.269653,173.577118,-346.232605,1714.050903,178.372162
14.667,-78.515671,1478.416626,-78.271439,-156.717758,1521.085938,173.221115,-344.599091,1716.284912,177.118088
14.675,-78.76664,1478.414062,-78.48793,-156.53685,1521.76123,172.874252,-342.818207,1718.544312,177.797852
14.683,-78.982552,1478.43042,-78.678093,-156.38916,1522.547119,172.502502,-341.358917,1720.535278,176.869659
14.692,-79.270317,1478.375732,-78.880829,-156.312637,1523.245483,172.254898,-339.994598,1722.33374,176.112793
14.7,-79.530853,1478.399902,-79.061172,-156.305634,1523.831787,172.160736,-339.010468,1723.998047,174.919815
14.708,-79.7845,1478.426758,-79.212189,-156.425583,1524.324097,172.07518,-338.493164,1725.428467,172.173874
14.717,-80.061447,1478.44751,-79.283752,-156.567032,1524.716553,171.989761,-337.580353,1726.703247,171.72908
14.725,-80.382118,1478.467407,-79.304398,-156.789078,1525.068848,171.94603,-336.26944,1728.142212,173.180542
14.733,-80.677773,1478.546509,-79.275887,-157.159485,1525.366699,171.915329,-336.110779,1728.983398,170.708298
14.742,-80.929871,1478.563232,-79.194077,-157.638062,1525.574951,171.970123,-335.274109,1730.013794,172.128998
14.75,-81.209373,1478.557495,-79.034035,-158.137192,1525.725952,172.051636,-335.395844,1730.746826,169.904221
14.758,-81.508911,1478.586304,-78.795723,-158.569839,1525.768433,172.228134,-335.233368,1731.283081,169.692108
14.767,-81.807457,1478.618774,-78.521042,-159.001434,1525.742676,172.470276,-335.18985,1731.651123,169.623062
14.775,-82.100586,1478.64502,-78.268158,-159.459,1525.609741,172.801071,-335.247803,1731.918213,169.683029
14.783,-82.389465,1478.672607,-77.958679,-160.031082,1525.483154,173.198273,-335.412811,1732.082153,169.968582
14.792,-82.782867,1478.692383,-77.567337,-160.681351,1525.268799,173.568481,-335.68045,1732.105835,170.301849
14.8,-83.116333,1478.718262,-77.189423,-161.396362,1525.022461,173.90921,-336.113068,1731.994019,170.583542
14.808,-83.51931,1478.722168,-76.754898,-161.945023,1524.633423,174.432297,-336.763458,1731.710449,170.650299
14.817,-83.879486,1478.729248,-76.369019,-162.523758,1524.155273,174.911545,-337.463348,1731.223022,170.891403
14.825,-84.315659,1478.700317,-75.889336,-163.085602,1523.612915,175.583405,-338.137848,1730.580322,171.830826
14.833,-84.736908,1478.647339,-75.446236,-163.649246,1523.085693,176.182037,-338.884277,1729.766968,172.73056
14.842,-85.231018,1478.643188,-75.030571,-164.265549,1522.399536,176.680969,-339.63327,1728.935669,173.769272
14.85,-85.731171,1478.574463,-74.571663,-165.05661,1521.55835,177.250565,-340.853912,1727.794922,174.453064
14.858,-86.272217,1478.501953,-74.082672,-165.778122,1520.767456,177.753479,-341.899811,1726.552368,175.187256
14.867,-86.718361,1478.437378,-73.667961,-166.415619,1519.957397,178.21283,-342.891052,1725.360474,176.971542
14.875,-87.132164,1478.390991,-73.226204,-166.970245,1518.951538,178.840393,-344.033417,1723.993286,178.639008
14.883,-87.549194,1478.344604,-72.714363,-167.602097,1517.968872,179.534317,-345.583862,1722.271729,179.41188
14.892,-87.938782,1478.318115,-72.170982,-168.224808,1516.849121,180.202286,-346.85498,1720.54248,181.149567
14.9,-88.291817,1478.295044,-71.681274,-168.832123,1515.667236,180.817291,-348.135498,1718.60022,183.055161
14.908,-88.6203,1478.25293,-71.106529,-169.5466,1514.442993,181.477692,-349.917694,1716.421875,184.067261
14.917,-88.909409,1478.185791,-70.577003,-170.187103,1513.140869,182.125183,-351.445953,1714.176758,185.789337
14.925,-89.185532,1478.101318,-70.058784,-170.763885,1511.880127,182.68959,-352.929291,1711.865234,187.754333
14.933,-89.449585,1477.994263,-69.504539,-171.183624,1510.397949,183.429947,-354.760162,1709.259888,189.142929
14.942,-89.687172,1477.865112,-68.956314,-171.651108,1509.00293,184.111816,-356.269348,1706.662964,191.256897
14.95,-89.933952,1477.728027,-68.379395,-172.001343,1507.480347,184.909042,-357.817566,1703.990234,193.70929
14.958,-90.19384,1477.57019,-67.754929,-172.302155,1505.953003,185.643921,-359.698334,1701.088623,195.282501
14.967,-90.400261,1477.424561,-67.185577,-172.672867,1504.297363,186.445908,-361.25119,1698.157227,197.678146
14.975,-90.587456,1477.320435,-66.451546,-172.98378,1502.611816,187.347824,-363.031555,1694.842651,199.801712
14.983,-90.837166,1477.168213,-65.812782,-173.284683,1500.881348,188.202469,-364.83963,1691.496826,201.816086
14.992,-91.127563,1476.97168,-65.074356,-173.567642,1498.934448,189.158417,-366.323303,1688.25354,204.515121
15,-91.387978,1476.800293,-64.375839,-173.83609,1496.982666,190.090332,-368.092194,1684.632202,206.754425
15.008,-91.677902,1476.600586,-63.59116,-174.127548,1494.980347,190.984711,-369.856262,1680.926147,208.606598
15.017,-91.955032,1476.43457,-62.845448,-174.478027,1492.83667,192.0224,-371.371857,1677.332031,211.304367
15.025,-92.250053,1476.231812,-62.0028,-174.715393,1490.517334,193.101608,-372.95694,1673.275391,213.843979
15.033,-92.551697,1476.02356,-61.180569,-175.063095,1488.190796,194.177811,-374.737396,1669.374512,216.059509
15.042,-92.84407,1475.83667,-60.273731,-175.2892,1485.741577,195.233795,-376.399414,1665.056152,218.492493
15.05,-93.044579,1475.60437,-59.315102,-175.62117,1483.222046,196.381348,-377.770325,1660.916748,221.356934
15.058,-93.274994,1475.425537,-58.329506,-175.91423,1480.576294,197.535248,-379.140686,1656.547729,223.999695
15.067,-93.459801,1475.266235,-57.277782,-176.103912,1477.851685,198.676788,-380.723755,1651.929932,226.53569
15.075,-93.753983,1475.062988,-56.227364,-176.268784,1475.126221,199.883896,-382.213531,1647.293091,229.457672
15.083,-94.061501,1474.823242,-55.207062,-176.253632,1472.326416,201.090836,-383.585052,1642.731567,232.235916
15.092,-94.392853,1474.565918,-54.194534,-176.287766,1469.472046,202.284103,-385.00238,1637.765503,234.989258
15.1,-94.692062,1474.301636,-53.133247,-176.241776,1466.604126,203.416382,-386.247467,1632.688354,237.803192
15.108,-94.892761,1474.023315,-52.02626,-176.166794,1463.809814,204.783432,-387.524109,1627.608521,241.108002
15.117,-95.049507,1473.814697,-50.888275,-175.954041,1460.893555,206.165787,-388.70813,1622.413696,244.203278
15.125,-95.223816,1473.597656,-49.672604,-175.600479,1457.850464,207.565277,-389.867615,1617.054443,247.327682
15.133,-95.495285,1473.352173,-48.493763,-175.475906,1454.75647,208.797134,-391.001129,1611.566162,250.405365
15.142,-95.767456,1473.129028,-47.276978,-175.341156,1451.599609,210.032318,-392.097656,1605.899292,252.994843
15.15,-95.93055,1472.876221,-46.024319,-174.854324,1448.414673,211.477432,-393.161896,1600.306152,256.395935
15.158,-96.104797,1472.565308,-44.743427,-174.696548,1445.045776,212.581512,-394.235992,1594.537842,259.439148
15.167,-96.194466,1472.332153,-43.439365,-174.491623,1441.765259,213.952744,-395.293274,1588.726807,262.374481
15.175,-96.268623,1472.555908,-42.520439,-174.26062,1438.27832,214.978928,-396.295044,1582.748291,265.086029
15.183,-96.606224,1472.158936,-41.245914,-174.07756,1434.782349,216.02002,-397.302399,1576.736938,267.335144
15.192,-96.979378,1472.017578,-40.194984,-173.87944,1431.230347,217.172134,-398.296204,1570.580811,270.325256
15.2,-97.102974,1471.494019,-38.749886,-173.668259,1427.535034,218.250229,-399.201752,1564.285156,272.996399
15.208,-97.143799,1471.381714,-37.769379,-173.507187,1423.729126,219.231232,-399.918579,1558.043945,275.535583
15.217,-97.302467,1470.837891,-36.415539,-173.384094,1419.85083,220.252792,-400.606293,1551.700562,278.028534
15.225,-97.542267,1470.280518,-34.992542,-172.972824,1415.889282,221.222977,-401.192596,1545.366821,280.604462
15.233,-97.554359,1469.749512,-33.425053,-172.763443,1411.793823,222.182144,-401.621918,1538.883545,283.109161
15.242,-97.750473,1469.173218,-31.972998,-172.491547,1407.661011,223.177933,-401.93454,1532.412354,285.751251
15.25,-97.792999,1468.75,-30.662806,-172.055634,1403.499634,223.695679,-402.253021,1525.961426,288.363922
15.258,-97.727638,1468.237427,-29.098125,-171.687973,1399.308105,224.531311,-402.339813,1519.422852,290.760681
15.267,-97.818695,1467.652588,-27.748472,-171.222626,1395.053223,225.056396,-402.379181,1512.942871,293.391937
15.275,-97.814034,1467.038696,-26.328543,-170.834213,1390.849487,225.787552,-402.362915,1506.351562,295.73584
15.283,-97.626579,1466.402588,-25.039753,-170.10556,1386.736084,226.326004,-402.326721,1499.707153,298.13504
15.292,-97.381393,1465.780396,-23.825727,-169.523163,1382.748291,226.904129,-402.096313,1493.112305,300.458588
15.3,-97.316116,1465.063477,-22.536825,-168.705994,1378.76123,227.424927,-401.858551,1486.618286,302.9328
15.308,-97.065018,1464.361206,-21.286339,-167.824722,1374.683105,227.929291,-401.315857,1479.9375,305.119995
15.317,-96.868416,1463.790527,-20.091516,-166.974945,1370.68396,228.514206,-400.82724,1473.373779,307.379547
15.325,-96.384453,1463.158447,-18.633942,-165.860062,1366.62854,228.989182,-400.284149,1466.817505,309.644653
15.333,-96.113586,1462.390015,-17.433186,-164.889725,1362.662598,229.424484,-399.627838,1460.197754,311.654205
15.342,-95.918015,1461.650391,-16.249084,-163.762558,1358.670654,229.783188,-398.978455,1453.489746,313.639648
15.35,-95.624695,1460.855591,-15.139993,-162.696915,1354.730591,230.050568,-398.208252,1446.754028,315.501862
15.358,-95.381767,1460.172119,-14.019726,-161.449341,1350.874023,230.2966,-397.434845,1440.067139,317.402344
15.367,-95.12632,1459.40564,-13.005737,-160.369904,1347.058105,230.493164,-396.514343,1433.491577,319.33139
15.375,-94.773453,1458.593018,-12.028327,-159.024979,1343.137695,230.680771,-395.625397,1426.876343,321.204498
15.383,-94.498657,1457.875366,-11.01661,-157.816895,1339.275024,230.885803,-394.577179,1420.401489,322.991608
15.392,-94.209229,1457.172974,-9.967564,-156.508301,1335.248291,231.055008,-393.309021,1413.875366,324.615234
15.4,-94.121597,1456.299683,-9.36113,-155.1017,1331.152466,231.161758,-392.058594,1407.290405,326.198212
15.408,-93.693504,1455.571899,-8.253992,-153.691055,1326.969482,231.266708,-390.797607,1400.575928,327.498688
15.417,-93.266106,1454.895142,-7.110663,-152.169769,1322.657471,231.226425,-389.230164,1394.040405,328.841125
15.425,-92.779381,1454.177734,-5.833176,-150.731354,1318.234985,231.128464,-387.506775,1387.547485,330.099792
15.433,-91.895988,1453.402222,-4.184667,-149.042328,1313.824585,231.081497,-385.676178,1381.062622,331.271667
15.442,-91.507767,1452.715576,-3.514454,-147.3526,1309.160767,230.782349,-383.754791,1374.526978,332.313568
15.45,-90.859276,1452.005005,-2.269472,-145.570129,1304.358276,230.505981,-381.617371,1367.850586,332.968933
15.458,-90.117065,1451.061035,-1.352259,-143.412277,1299.60083,230.212173,-379.451294,1361.137695,333.739594
15.467,-89.347992,1450.104126,-0.2503,-141.253616,1294.739868,229.848404,-377.025909,1354.378906,334.461487
15.475,-88.647102,1449.266968,0.826255,-138.820694,1289.870972,229.476624,-374.461487,1347.628418,335.344452
15.483,-87.723412,1448.239014,1.858549,-136.233383,1285.102539,229.0065,-371.588257,1340.669067,336.14444
15.492,-86.817245,1447.473999,2.964489,-133.410736,1280.218628,228.742325,-368.589844,1333.575928,337.105621
15.5,-85.795929,1446.552002,3.981836,-131.325531,1274.752563,226.3815,-365.2948,1326.347046,337.88916
15.508,-84.764481,1445.571533,4.955559,-128.276382,1269.529663,225.557648,-362.060486,1319.020264,338.494904
15.517,-83.510239,1444.686768,6.074541,-125.441444,1264.10022,224.436432,-358.739075,1311.667847,338.938507
15.525,-82.456398,1443.463867,6.522393,-122.393608,1258.739868,223.172958,-355.100983,1304.11438,338.888245
15.533,-81.100876,1442.342896,7.536388,-119.175079,1253.332153,221.764359,-351.766846,1296.558838,339.201965
15.542,-79.700439,1441.205566,8.490879,-116.167488,1248.035034,220.163162,-347.898102,1289.098267,339.149719
15.55,-78.128075,1439.882812,9.379855,-112.7173,1242.983032,218.587555,-344.394043,1281.407715,338.951782
15.558,-76.653755,1438.570312,10.253754,-109.421333,1238.006836,216.994507,-340.481018,1273.837524,338.847473
15.567,-74.935913,1437.336304,11.18753,-105.898476,1233.083008,215.33844,-336.623291,1265.86438,338.523926
15.575,-73.217957,1436.039062,11.965732,-102.437462,1228.096313,213.593857,-332.59671,1257.774902,338.554504
15.583,-71.365669,1434.787476,12.718516,-98.898048,1223.194824,211.673309,-328.216309,1250.341919,339.413422
15.592,-69.562828,1433.476562,13.45101,-95.3498,1218.05957,209.613556,-323.724213,1242.666504,339.759979
15.6,-67.697533,1432.290405,14.179195,-91.784973,1212.81604,207.415146,-319.291595,1234.929199,339.943115
15.608,-65.78196,1430.975586,14.986357,-87.986382,1207.968872,205.621414,-315.695496,1226.35022,336.296417
15.617,-63.978165,1429.637329,15.808385,-84.493286,1202.469849,202.630554,-311.030731,1218.706177,335.799255
15.625,-62.034267,1428.224976,16.562685,-80.936478,1197.299683,199.864899,-306.485779,1210.934937,334.630798
15.633,-60.097271,1426.846436,17.361887,-77.081894,1192.227783,197.113358,-301.997772,1203.170654,333.004547
15.642,-58.106148,1425.442383,18.158173,-73.235512,1187.255859,194.33548,-297.078583,1195.381714,331.740326
15.65,-56.075539,1424.026489,18.979691,-69.272858,1182.318726,191.400192,-291.976074,1187.806152,330.926361
15.658,-53.945145,1422.71936,19.746264,-65.204697,1177.407104,188.430923,-287.006348,1179.863892,328.949036
15.667,-51.784443,1421.375732,20.579826,-61.076344,1172.540771,185.39418,-281.839569,1172.046631,327.259277
15.675,-49.683895,1420.140747,21.258322,-56.934841,1167.624512,182.21907,-276.542938,1164.273926,325.519104
15.683,-47.57217,1418.817383,21.992458,-52.553661,1162.770386,178.91806,-270.943787,1156.487793,323.789246
15.692,-45.452221,1417.566284,22.685688,-48.116955,1158.100586,175.516342,-265.261383,1148.807129,321.944794
15.7,-43.254734,1416.325562,23.27809,-43.866932,1153.520874,171.891571,-259.50528,1141.07019,320.288177
15.708,-41.063267,1415.135254,24.00894,-39.509064,1149.049805,168.304413,-253.622742,1133.598511,318.748779
15.717,-38.80265,1413.863525,24.612455,-35.163059,1144.756226,164.507843,-247.698441,1125.598145,315.444977
15.725,-36.5797,1412.774292,25.219439,-30.809437,1140.50061,160.811249,-241.792953,1118.14624,313.48764
15.733,-34.239422,1411.679321,25.751238,-26.155844,1136.337646,157.201828,-235.828873,1110.607788,311.804504
15.742,-32.084599,1410.389648,26.30831,-22.053917,1132.23938,153.372787,-229.76825,1103.156494,310.174469
15.75,-29.709061,1409.232788,26.689047,-17.877806,1128.259033,149.222046,-223.577255,1095.630859,307.984711
15.758,-27.135048,1408.020874,27.173698,-13.555249,1124.291138,145.117035,-217.283569,1088.312378,305.495758
15.767,-24.676598,1406.719482,27.63451,-9.219771,1120.510254,140.85968,-210.793701,1080.869751,303.145935
15.775,-22.158634,1405.365112,27.974939,-4.874415,1116.918457,136.538651,-204.019577,1073.349121,300.758636
15.783,-19.531235,1403.928955,28.457205,-0.452847,1113.458496,132.235199,-197.146179,1065.980103,298.329865
15.792,-16.852753,1402.413452,28.914848,3.876307,1110.066895,127.796112,-190.271988,1058.610596,295.820801
15.8,-14.030796,1400.901489,29.277744,8.238335,1106.861816,123.498344,-182.917191,1051.060669,294.109955
15.808,-11.210387,1399.407227,29.737354,12.617391,1103.679565,119.234879,-175.791595,1043.584106,291.841431
15.817,-8.212726,1397.647705,30.210236,16.857279,1100.419556,115.031593,-168.137497,1036.918945,289.127106
15.825,-5.047274,1396.082275,30.631027,21.601542,1097.453125,110.689415,-161.017731,1029.759277,286.292236
15.833,-1.864434,1394.354858,31.059967,25.95063,1094.203003,106.671799,-153.564728,1022.59137,283.498688
15.842,1.418061,1392.556396,31.610121,29.896364,1090.684448,102.57708,-146.368179,1015.490051,280.571014
15.85,4.812144,1390.708008,32.148239,34.04306,1087.321655,98.760017,-138.98436,1008.570312,277.479187
15.858,8.290568,1388.900391,32.645973,38.702904,1084.237793,94.543732,-131.536682,1001.714478,274.399475
15.867,11.947373,1386.894897,33.094421,43.170258,1081.065308,90.373573,-124.159561,994.970581,271.197479
15.875,15.597363,1384.880127,33.525742,47.607319,1078.021606,86.198975,-116.644157,988.401245,267.781464
15.883,19.290955,1382.975952,33.94265,52.226139,1075.073364,81.980782,-109.322395,981.736389,264.316467
15.892,23.139545,1380.878784,34.411297,56.839813,1072.065918,77.753387,-101.767708,975.421082,260.831604
15.9,26.987738,1378.885132,34.708569,61.393307,1069.233643,73.576004,-94.006508,969.269714,257.227417
15.908,30.780594,1376.789429,34.97081,66.148003,1066.470337,69.29567,-86.308647,963.343445,253.838593
15.917,34.637814,1374.82605,35.246933,71.018059,1063.706055,65.041328,-77.54335,958.032715,249.988266
15.925,38.541042,1372.744141,35.496395,75.885406,1061.156494,60.912426,-69.727104,952.189636,246.154495
15.933,42.635822,1370.776733,35.759567,80.825455,1058.484009,56.582581,-61.678829,946.50769,242.496399
15.942,46.538239,1368.619263,35.933365,85.683945,1056.069824,52.305691,-54.773521,939.955872,237.836914
15.95,50.548336,1366.671021,36.118378,90.457283,1053.48938,47.93811,-46.935215,933.840088,231.724197
15.958,54.614964,1364.610962,36.314789,95.182487,1051.070923,43.602913,-40.695793,927.084351,230.615738
15.967,58.834026,1362.584351,36.453789,100.127281,1048.711792,39.249111,-35.72504,920.597412,226.684387
15.975,62.817955,1360.537109,36.579681,104.883781,1046.287231,34.718529,-22.506674,919.851746,222.50206
15.983,67.040031,1358.629395,36.620235,108.150459,1044.286743,30.443008,-16.163736,913.859375,218.255402
15.992,71.309464,1356.644287,36.625572,112.463814,1042.320435,26.050699,-9.217633,909.811829,214.170364
16,75.444832,1354.64209,36.650593,116.650398,1040.215576,21.567083,-2.088128,905.620789,209.846909
16.008,79.794594,1352.697998,36.618526,120.82254,1038.454346,17.071659,5.754071,900.810242,205.415817
16.017,83.908875,1350.682861,36.560478,124.872139,1036.619629,12.590243,13.294209,895.973022,201.221817
16.025,88.314941,1348.756836,36.475639,128.927048,1034.818237,8.104484,21.039772,891.572876,196.590332
16.033,92.666069,1346.747437,36.406136,132.989487,1033.172607,3.707592,28.36264,887.134033,191.961624
16.042,97.000496,1344.837769,36.238583,136.853119,1031.550537,-0.60287,36.483135,882.965393,186.122025
16.05,101.439575,1342.983154,36.067322,140.861145,1029.849121,-4.891745,43.583302,878.560669,181.673126
16.058,105.846512,1341.003784,35.984264,145.015823,1028.341431,-9.308628,50.99633,874.380859,176.980652
16.067,110.239487,1339.112549,35.763435,148.427322,1026.944458,-13.140857,58.005589,870.14386,172.21373
16.075,114.576729,1337.129028,35.493286,152.143753,1025.577271,-17.278181,64.308945,865.324585,168.964035
16.083,119.123444,1335.31958,35.303867,156.072281,1024.209106,-21.172609,71.913689,861.940857,163.116821
16.092,123.511063,1333.411621,34.976429,159.871109,1022.882935,-25.289043,78.848595,858.079285,158.024918
16.1,127.864037,1331.467163,34.75972,163.72348,1021.608215,-29.223097,85.769638,854.307861,153.093811
16.108,132.326447,1329.523804,34.453842,167.520752,1020.302429,-33.192474,92.514633,850.427612,148.208832
16.117,136.823853,1327.599365,34.146381,171.210693,1018.961914,-36.996544,99.214554,846.788147,143.056168
16.125,141.219696,1325.601196,33.876022,174.990952,1017.719971,-40.840645,105.845993,842.865112,138.126709
16.133,145.735779,1323.563599,33.52668,178.565796,1016.373657,-44.642853,111.880783,838.890198,134.050812
16.142,150.124542,1321.408691,33.363037,182.203506,1015.082703,-48.244251,118.208176,834.906372,129.415207
16.15,154.697052,1319.38562,32.980721,185.67746,1013.779907,-51.953587,124.750099,831.427734,123.897575
16.158,159.114441,1317.1604,32.690212,189.273315,1012.410645,-55.426334,131.137314,827.914185,118.466423
16.167,163.707397,1314.986084,32.324459,192.504883,1010.968811,-58.869019,137.25827,824.327393,113.306679
16.175,168.132935,1312.671631,31.944036,195.941803,1009.545349,-62.184021,143.11351,820.635986,108.48909
16.183,172.686798,1310.418823,31.529345,199.238983,1008.027649,-65.541504,149.074249,817.072021,103.287994
16.192,177.156952,1308.013306,31.15062,202.485794,1006.492493,-68.816452,154.711624,813.354675,98.49897
16.2,181.766541,1305.659302,30.674599,205.624283,1004.873535,-71.94632,160.307709,809.698792,93.597435
16.208,186.281326,1303.045898,30.237328,208.691818,1003.213501,-74.95784,165.917969,805.989685,88.511337
16.217,191.000931,1300.509521,29.765388,211.709106,1001.568542,-78.0364,171.345566,802.333862,83.586357
16.225,195.518982,1297.862427,29.302282,214.803925,999.86377,-80.908791,176.703491,798.374817,78.806618
16.233,200.134537,1295.207275,28.747696,217.718552,998.057312,-83.87233,181.847366,794.516357,74.18499
16.242,204.736847,1292.453369,28.246073,220.708984,996.146179,-86.703568,187.101654,790.776367,69.210915
16.25,209.326996,1289.635864,27.639914,223.56398,994.192871,-89.564209,191.815872,786.778564,64.908829
16.258,213.799896,1286.864624,27.072023,226.4953,992.167053,-92.250175,196.902618,783.521362,59.253887
16.267,218.386978,1283.961304,26.432659,229.256348,990.214294,-95.049316,201.789719,779.939026,54.064526
16.275,222.828079,1280.963379,25.817472,232.163895,988.20166,-97.58419,205.924927,775.662109,50.55806
16.283,227.378647,1278.126099,25.183319,234.883667,986.253113,-100.313934,210.555237,772.30658,45.402233
16.292,231.654449,1275.050537,24.516441,237.675964,984.095886,-102.780312,215.02153,768.935181,40.108917
16.3,236.197754,1272.01709,23.909863,240.380844,982.048523,-105.570526,219.101822,764.799683,36.347462
16.308,240.508896,1269.070923,23.311699,242.929535,979.819092,-107.830322,223.637985,761.652283,30.764967
16.317,244.840897,1265.973755,22.699699,245.529251,977.761963,-110.653435,228.788528,759.532104,23.165026
16.325,249.036224,1262.810913,22.135115,247.927338,975.774414,-113.502953,232.322525,755.808167,18.985453
16.333,253.362869,1259.764038,21.554089,250.271286,973.681824,-116.275436,235.911469,752.162415,15.269567
16.342,257.58017,1256.62793,21.084921,252.354172,971.63501,-119.289787,239.501022,748.694885,11.276608
16.35,261.715912,1253.294556,20.565857,254.311203,969.396667,-122.050468,243.032501,745.785522,6.84833
16.358,265.866547,1250.049561,20.10607,255.990082,967.235291,-124.83403,246.965485,743.020569,1.644771
16.367,269.94519,1246.788574,19.649469,257.433105,964.927612,-127.370163,249.823425,739.715881,-1.747032
16.375,274.541351,1243.721924,19.471027,258.756256,962.756348,-130.225983,252.83963,736.742615,-5.715101
16.383,278.185181,1240.069702,18.73172,259.851837,960.626404,-132.974533,255.885178,733.856445,-9.744328
16.392,282.542511,1236.842407,18.522709,260.870422,958.479187,-135.622253,258.888489,730.874695,-13.750206
16.4,286.466644,1233.436523,17.944204,261.848389,956.377136,-138.188202,261.72525,727.995117,-17.821913
16.408,289.975708,1229.827026,17.002523,262.914948,954.214172,-140.631516,264.667328,725.170593,-21.901688
16.417,294.278595,1226.615479,16.655521,263.991272,952.026245,-143.036972,267.522461,721.802063,-25.273623
16.425,298.052032,1223.154785,15.898287,265.13681,949.808105,-145.347641,270.229523,718.934021,-29.339808
16.433,301.781677,1219.846069,15.209961,266.324341,947.551758,-147.537003,272.840088,715.934448,-33.195477
16.442,305.57016,1216.447754,14.416569,267.610718,945.286926,-149.669006,275.449402,712.723511,-36.608078
16.45,309.238556,1213.295532,13.60336,268.877197,943.028137,-151.617996,277.940002,709.846741,-40.349785
16.458,312.842896,1210.039795,12.756837,270.228455,940.790161,-153.6492,280.246155,706.990234,-43.76535
16.467,316.423401,1206.958252,11.909941,271.568756,938.547485,-155.370224,282.532562,704.060364,-47.279217
16.475,319.965088,1203.986694,11.052068,273.192169,936.466125,-156.973419,284.789429,701.344421,-50.68285
16.483,323.400421,1200.984741,10.136129,274.56601,934.365234,-158.592621,286.85965,698.523132,-53.625679
16.492,326.792023,1198.15625,9.243907,276.050842,932.255005,-160.211533,288.90567,695.836243,-56.742462
16.5,330.012421,1195.403931,8.365384,277.546661,930.226501,-161.758408,290.827545,693.220764,-59.756191
16.508,333.143005,1192.575684,7.580625,279.106995,928.358704,-163.234329,292.875916,690.637939,-62.937931
16.517,336.155029,1189.75647,6.798863,280.610016,926.39801,-164.72049,294.84845,688.233948,-65.882439
16.525,339.21048,1187.097168,5.985861,282.126312,924.454834,-166.224655,296.566162,685.550659,-68.044502
16.533,342.297485,1184.428955,5.171605,283.747742,922.570068,-167.597214,298.387115,683.150452,-70.842178
16.542,344.957855,1181.8479,4.390326,285.272888,920.67804,-169.029572,300.1539,680.916016,-73.589272
16.55,347.891754,1179.356689,3.656287,286.955811,918.840027,-170.405899,301.607452,678.588562,-75.869644
16.558,350.667145,1176.850342,2.893088,288.52774,916.955811,-171.605927,303.314514,676.401306,-78.45079
16.567,353.354645,1174.471924,2.031868,290.118347,915.19696,-172.935913,304.776642,674.18811,-80.66922
16.575,356.185944,1172.015991,1.137265,291.684296,913.401672,-174.040085,306.287781,671.795593,-82.752182
16.583,358.842529,1169.822632,0.296854,293.232361,911.633911,-175.090271,307.594849,669.577698,-85.009697
16.592,361.442383,1167.569092,-0.672175,294.71579,909.87085,-176.120071,308.989777,667.468079,-87.162758
16.6,364.180908,1165.346924,-1.575323,296.205688,908.03479,-177.040421,310.290619,665.283875,-89.1166
16.608,366.641937,1163.381714,-2.599424,297.628815,906.314758,-177.885239,311.514618,663.187317,-90.900421
16.617,369.059692,1161.295288,-3.540294,298.941711,904.559753,-178.740219,312.578003,661.109192,-92.593262
16.625,371.426788,1159.352173,-4.521363,300.158813,902.712219,-179.354126,313.749695,659.058899,-94.379425
16.633,373.70929,1157.456177,-5.513779,301.418793,900.993835,-180.006744,314.798889,657.047363,-95.987038
16.642,376.003815,1155.685547,-6.522769,302.527466,899.254333,-180.593048,315.766968,655.05603,-97.342972
16.65,378.162048,1154.034424,-7.562682,303.65802,897.582336,-181.049026,316.772491,653.289062,-98.663902
16.658,380.277039,1152.334473,-8.475542,304.768127,895.997803,-181.458038,317.686401,651.40332,-99.870911
16.667,382.516083,1150.888794,-9.479182,305.652161,894.419006,-181.873657,318.483124,649.729126,-101.007416
16.675,384.408264,1149.553955,-10.44496,306.605255,893.012146,-182.188721,319.347809,648.267456,-102.011856
16.683,386.354126,1148.380127,-11.36425,307.515289,891.811218,-182.574036,320.054169,646.945618,-102.785973
16.692,388.069824,1147.108032,-12.274649,308.313873,890.612366,-182.947662,320.781616,645.717407,-103.662254
16.7,390.083496,1146.046509,-13.124151,309.025055,889.542542,-183.298752,321.59787,644.611694,-104.319824
16.708,391.802277,1145.037598,-14.089305,309.633636,888.499573,-183.5784,322.535675,643.445923,-104.849915
16.717,393.674438,1144.229736,-14.985559,310.253876,887.622131,-183.949249,323.396545,642.568909,-105.389458
16.725,395.242645,1143.435669,-15.960217,310.801147,886.760498,-184.253525,324.447906,641.643005,-105.887245
16.733,397.078827,1142.734253,-17.012337,311.359344,885.972046,-184.51651,325.468719,640.950806,-106.306396
16.742,398.345612,1142.100464,-18.019075,311.967468,885.293762,-184.768188,326.724182,640.295654,-106.530434
16.75,399.961487,1141.724609,-19.065866,312.525116,884.636841,-185.009476,328.03476,639.762207,-106.55864
16.758,401.152985,1141.624268,-19.944761,313.056824,883.601135,-184.151749,329.492493,639.361938,-106.556374
16.767,402.479218,1141.449951,-20.965082,313.987793,883.608276,-185.682938,331.049438,639.152771,-106.328049
16.775,403.721375,1141.51001,-21.987053,314.398712,882.724548,-184.624466,332.856354,639.10553,-106.156975
16.783,404.844299,1141.662964,-23.040108,315.28891,882.963684,-186.201752,334.620026,639.280212,-105.633125
16.792,405.995758,1142.067871,-23.990681,315.885468,882.870544,-186.364761,336.608551,639.503601,-104.987686
16.8,407.117798,1142.593018,-25.066681,316.601562,882.947998,-186.67659,338.780487,639.967468,-104.496284
16.808,407.98465,1143.24353,-25.947895,316.963226,882.603027,-185.459549,340.931854,640.666687,-103.590714
16.817,408.904419,1144.06604,-26.806549,317.472595,882.870667,-185.597412,343.360901,641.492615,-102.729607
16.825,409.813812,1144.953369,-27.749374,317.979828,883.324097,-185.874802,345.974426,642.48761,-101.80304
16.833,410.620331,1145.852905,-28.655582,318.386383,883.816223,-186.128418,348.605865,643.679321,-100.700287
16.842,411.169861,1146.853638,-29.589462,318.770264,884.330322,-186.355286,351.426331,645.090515,-99.388985
16.85,412.000641,1148.219727,-30.394306,319.15799,885.209595,-187.028656,354.51355,646.678284,-98.05246
16.858,412.648468,1149.421265,-31.335487,319.947266,886.559631,-189.10611,357.669952,648.566528,-96.595261
16.867,413.043732,1150.721313,-32.278465,320.08609,887.462524,-189.309555,360.947906,650.58429,-94.85376
16.875,413.562073,1152.229614,-33.150761,320.508575,888.397522,-189.878464,364.358429,652.719727,-93.194504
16.883,414.009613,1153.708984,-34.170055,320.75589,889.376709,-190.292419,367.864014,655.165161,-91.431404
16.892,414.394623,1155.312622,-35.159161,321.044708,890.613037,-190.881653,371.527832,657.721252,-89.333633
16.9,414.561768,1157.084473,-36.10981,320.758179,890.946411,-188.90918,375.497498,660.513062,-87.24839
16.908,414.786682,1158.906006,-37.077023,322.025146,892.89386,-192.06395,379.621399,663.598755,-85.082001
16.917,414.953674,1160.796387,-38.076313,321.659119,893.26886,-189.649445,384.028503,666.786865,-82.807579
16.925,415.079468,1162.859619,-39.004013,321.988831,894.431824,-189.731781,388.404816,670.471863,-80.194122
16.933,414.867981,1164.918945,-39.823128,322.366302,895.69696,-189.898438,393.066406,674.246643,-77.627464
16.942,414.925537,1167.057373,-40.656895,322.820099,896.979492,-189.906021,397.871338,678.370422,-74.913155
16.95,414.590912,1169.050537,-41.437916,323.534546,898.388123,-190.068176,402.731323,682.75238,-72.045113
16.958,414.39624,1171.404541,-42.104038,324.17984,899.967346,-190.137573,407.826019,687.384277,-69.047302
16.967,414.035767,1173.901367,-42.698669,325.071381,901.424438,-189.898056,413.134216,692.371826,-65.952705
16.975,413.597595,1176.557251,-43.2654,326.086884,903.075134,-189.899765,418.613861,697.771118,-62.739311
16.983,412.998779,1179.116089,-43.773804,327.33371,904.640137,-189.612793,424.343262,703.373657,-59.479805
16.992,412.510742,1181.828003,-44.380314,328.793091,906.347778,-189.5336,430.318451,709.197205,-56.130089
17,411.778809,1184.684692,-44.908447,330.613983,907.838013,-189.103668,436.558868,715.15155,-52.878117
17.008,411.133667,1187.666504,-45.433044,332.620483,909.570435,-188.893585,442.752838,721.568176,-49.277462
17.017,410.387665,1190.77478,-45.967449,334.693451,911.176758,-188.367661,449.301208,728.16095,-45.625999
17.025,409.587402,1193.822754,-46.487816,337.15744,912.986389,-187.794571,455.626556,734.688049,-41.326931
17.033,408.765289,1197.016113,-46.937801,339.816864,914.629761,-187.017807,462.780579,742.509888,-37.962093
17.042,407.634186,1200.302612,-47.43589,342.762573,916.477234,-186.227768,469.710907,750.159302,-33.656277
17.05,407.199829,1203.867188,-47.84433,345.893524,918.149475,-185.114624,476.677551,758.134277,-29.433294
17.058,406.029694,1207.279175,-48.261169,349.363007,919.989807,-183.862411,483.689087,766.264038,-24.991209
17.067,405.060608,1210.922241,-48.667511,353.018677,921.926575,-182.269958,490.785095,774.722595,-20.52178
17.075,403.743103,1214.548096,-49.028664,356.938049,923.992554,-180.73526,498.012421,783.328247,-16.004992
17.083,402.718079,1218.205688,-49.386024,361.208466,926.292603,-179.292572,505.28009,792.360291,-11.49376
17.092,401.248901,1222.039185,-49.625351,365.576965,928.560364,-177.155884,512.553833,801.606934,-6.830368
17.1,399.773346,1225.859253,-49.873787,370.166687,930.845581,-174.750366,519.7453,811.165405,-1.796888
17.108,398.501709,1229.922852,-50.195,375.112335,933.453796,-172.627762,526.815125,820.634155,3.261073
17.117,397.063385,1233.956055,-50.40638,379.99295,935.972778,-169.747665,533.30249,830.405334,8.613194
17.125,395.428345,1237.891357,-50.607231,385.200653,939.017334,-167.287048,539.705627,840.215027,13.836526
17.133,393.921967,1241.889282,-50.725216,390.883942,942.645752,-166.204346,546.090515,850.056335,19.284428
17.142,392.271179,1245.981567,-50.910553,396.29364,945.82019,-162.866135,552.038574,860.208252,25.024754
17.15,390.402344,1250.026001,-51.003185,402.048187,949.592163,-160.143585,557.569031,870.156433,30.585157
17.158,388.645782,1254.017212,-51.117165,407.561554,953.353821,-156.773651,563.031677,880.60376,35.616959
17.167,386.78775,1258.184814,-51.216839,413.330658,957.562134,-153.399033,568.080444,890.594849,41.749855
17.175,384.85141,1262.303101,-51.292908,418.889832,961.80957,-149.986084,572.552002,900.819153,47.296356
17.183,382.736511,1266.324341,-51.416409,424.511719,966.493652,-146.389099,576.608643,910.6922,53.390743
17.192,380.492676,1270.495483,-51.469913,429.797577,971.356934,-142.458435,579.985962,920.129517,60.064953
17.2,378.362366,1274.686157,-51.495777,435.02063,976.477844,-138.641205,581.860596,928.295898,69.820114
17.208,375.87973,1278.76123,-51.48399,440.048279,981.773499,-134.654129,584.330688,937.42218,76.049347
17.217,373.318176,1282.752441,-51.431099,444.672241,987.123962,-130.505188,587.524048,947.674622,79.019089
17.225,370.772125,1286.56665,-51.330986,448.885376,992.565796,-125.384346,589.28302,956.063232,85.313087
17.233,368.270538,1290.453979,-51.036209,453.459442,998.44043,-122.173782,590.310608,964.122986,92.375732
17.242,365.414001,1293.960571,-50.851494,457.336945,1003.913391,-117.633316,590.585449,971.714294,99.758171
17.25,362.574188,1297.305786,-50.562164,460.987854,1009.658813,-113.178925,590.342224,978.823792,107.126823
17.258,359.811676,1300.637207,-50.07066,464.452759,1015.108093,-108.485977,589.55365,985.424805,114.581482
17.267,356.996735,1303.743408,-49.615158,467.416138,1020.710938,-103.717316,588.273376,991.673523,122.164093
17.275,353.918427,1306.697754,-49.035648,470.118622,1026.383789,-98.897713,586.75946,997.404541,129.437943
17.283,350.944,1309.353516,-48.325775,472.061615,1031.492554,-94.040985,584.631836,1002.732056,136.561401
17.292,347.944336,1311.97876,-47.620171,473.916351,1036.639038,-89.19648,581.99939,1007.39325,143.677444
17.3,345.019806,1314.541138,-46.718563,475.416565,1041.46167,-84.208282,579.051453,1011.744141,150.799744
17.308,342.108521,1316.821289,-45.798309,476.17276,1046.06958,-79.213287,575.786499,1015.36438,157.578079
17.317,339.425476,1318.988647,-44.709419,476.553955,1050.587524,-74.158318,572.13208,1018.51178,164.293808
17.325,336.359467,1320.805664,-43.884056,476.803955,1054.562256,-69.101135,568.055481,1021.170715,170.819885
17.333,333.758057,1322.813232,-42.607941,476.388092,1058.272339,-64.125252,563.853088,1023.499939,177.138901
17.342,330.947357,1324.511597,-41.625916,475.703339,1061.485229,-59.114712,559.24939,1024.974243,183.221802
17.35,328.256775,1326.033203,-40.535149,474.508942,1064.413208,-54.40287,554.299316,1026.235352,189.203079
17.358,325.986115,1327.295898,-39.347176,472.913788,1067.118896,-49.366066,549.150208,1026.83728,194.845779
17.367,323.308105,1328.675171,-38.186157,471.017822,1069.462524,-44.67371,543.664795,1026.904297,200.394623
17.375,320.842621,1329.918213,-37.01202,468.799408,1071.345337,-40.019257,537.91394,1026.625977,205.714081
17.383,318.511505,1330.922974,-35.845264,466.401947,1072.743652,-35.619915,531.949097,1025.7229,210.841293
17.392,316.06015,1331.858887,-34.578152,463.758545,1073.920166,-31.24971,525.626709,1024.758057,215.77478
17.4,313.72934,1332.66333,-33.572174,460.810883,1074.663696,-27.021471,519.268494,1023.154724,220.55423
17.408,311.631073,1333.285889,-32.322887,457.814056,1074.880737,-22.817902,512.513306,1021.359924,225.027954
17.417,309.3172,1333.633179,-31.554024,454.327881,1075.189697,-18.748827,505.473083,1019.267944,229.537521
17.425,307.441467,1334.374268,-29.933434,450.779114,1075.09314,-14.784987,498.230255,1017.111084,233.783417
17.433,305.325012,1334.666504,-28.899794,446.835083,1074.575439,-10.979988,490.767853,1014.884094,237.780838
17.442,303.570953,1334.974731,-27.668255,443.172119,1074.055054,-7.27648,483.412964,1012.584229,241.602997
17.45,301.462799,1335.196777,-26.569324,439.239624,1073.27832,-3.709746,475.978973,1010.406616,245.246078
17.458,299.614685,1335.214355,-25.347488,435.155884,1072.202881,-0.278967,468.476776,1008.257385,248.824829
17.467,297.89801,1335.234863,-24.398382,431.234344,1071.317017,3.005987,460.910187,1005.980164,252.25943
17.475,295.982605,1335.350708,-23.263573,427.23877,1070.210205,6.125453,453.149414,1003.902649,255.522934
17.483,293.994568,1335.378418,-22.08872,423.158997,1069.455444,9.166385,445.338348,1002.036926,258.587128
17.492,292.048157,1335.552979,-21.129414,419.137451,1068.612549,11.882447,437.668457,1000.298157,261.440674
17.5,290.011108,1335.685547,-20.140198,415.08844,1067.964478,14.815882,430.006012,998.916809,264.238678
17.508,287.956848,1335.792969,-19.23831,411.052948,1067.209106,17.544292,422.772461,997.957092,266.640594
17.517,285.808655,1335.944824,-18.403877,406.959778,1066.633057,20.46529,414.604858,996.866211,269.158997
17.525,283.571228,1336.08252,-17.372719,402.83667,1066.225464,22.797888,407.041504,996.17395,272.249207
17.533,281.154694,1336.25708,-16.851881,398.788757,1066.221558,24.738291,399.090393,996.573059,274.545166
17.542,278.652191,1336.639771,-16.471664,394.898071,1066.143799,27.346504,391.290222,996.822388,277.265778
17.55,276.303619,1337.069214,-15.922044,390.75116,1066.289062,29.637905,383.794983,997.334717,279.889587
17.558,273.796326,1337.595093,-15.437567,386.776611,1066.275635,31.996786,375.598969,997.896545,283.786652
17.567,271.258789,1338.213501,-15.100758,382.702789,1066.404663,34.445671,369.202179,999.374634,285.118744
17.575,268.654053,1338.898315,-14.861422,378.599304,1066.532104,36.715076,362.138489,1000.934692,287.759674
17.583,265.990448,1339.726929,-14.648186,374.464691,1066.966675,38.87746,354.246857,1002.664185,291.730103
17.592,263.288391,1340.611206,-14.594801,370.082245,1067.499756,41.082645,348.180389,1005.439148,292.889648
17.6,260.478088,1341.741577,-14.609781,365.835236,1068.211182,43.16074,341.367462,1007.853516,295.789276
17.608,257.686554,1342.804321,-14.77157,361.399628,1069.251587,45.275188,335.323975,1011.317505,298.002472
17.617,254.832718,1344.080566,-15.001735,357.013947,1070.468384,47.265083,328.216034,1015.204102,300.567932
17.625,251.920349,1345.508789,-15.391942,352.649109,1071.939819,49.384892,321.269897,1018.414368,303.170105
17.633,248.933792,1347.052124,-15.738999,348.516785,1073.745972,51.405212,314.197052,1021.748169,305.708313
17.642,245.855652,1348.634277,-16.261482,344.359863,1075.713745,53.448818,307.319977,1025.328247,308.369568
17.65,242.886551,1350.508423,-16.888254,340.458527,1078.038086,55.482147,300.729736,1029.358765,311.05896
17.658,239.758072,1352.377686,-17.590948,336.685791,1080.726318,57.403576,294.583221,1033.921021,313.589996
17.667,236.487396,1354.474609,-18.403854,333.0578,1083.55249,59.36235,296.672211,1045.612671,315.7276
17.675,233.291687,1356.635864,-19.258223,329.652191,1086.676392,61.317257,292.96524,1052.600952,318.111572
17.683,229.959518,1358.844971,-20.226406,326.512939,1090.031494,63.410908,289.614136,1060.834229,322.016296
17.692,226.507217,1361.234009,-21.254942,323.481781,1093.716309,65.435158,286.207031,1068.077637,323.821381
17.7,223.091003,1363.564697,-22.197065,321.065948,1097.311035,67.479149,283.065521,1075.813232,326.033966
17.708,219.571716,1366.089355,-23.398342,318.536011,1101.47168,69.59304,280.027405,1084.094238,328.414215
17.717,216.080246,1368.741943,-24.449051,316.155487,1105.852295,71.706718,277.702209,1092.525513,330.810089
17.725,212.321609,1371.296631,-25.638247,314.076324,1110.488403,73.917236,275.121155,1101.268799,333.043793
17.733,208.59433,1374.094604,-26.797209,312.028076,1115.368408,76.060173,272.591431,1110.30542,335.143677
17.742,204.756516,1376.825439,-28.173018,310.121521,1120.385132,78.353714,270.366852,1119.52417,337.26535
17.75,201.010651,1379.584717,-29.39575,308.342529,1125.684082,80.539055,268.208557,1128.989258,339.315369
17.758,197.100632,1382.388062,-30.728207,306.737976,1131.140503,82.650002,266.200989,1138.561523,341.343842
17.767,193.182312,1385.219238,-32.070656,305.144897,1136.801636,84.726273,264.435455,1148.25354,343.126221
17.775,189.31694,1388.099609,-33.374493,303.687775,1142.613892,86.750763,262.391998,1157.803955,345.008545
17.783,185.350006,1390.929199,-34.787907,302.018311,1148.597046,88.883469,260.853821,1167.245117,347.11618
17.792,181.421478,1393.664185,-36.050541,300.45578,1154.618408,90.676315,260.3349,1178.732666,347.52951
17.8,177.466217,1396.520752,-37.428425,298.92865,1160.811646,92.616737,258.765656,1189.914917,349.052338
17.808,173.494629,1399.271118,-38.806057,297.271576,1166.86377,94.485344,257.223328,1200.465332,350.371094
17.817,169.597443,1401.995605,-40.090153,295.485443,1173.167114,96.215378,255.699036,1211.111328,351.558044
17.825,165.708038,1404.795044,-41.41148,293.789124,1179.37207,97.849129,253.657425,1221.902588,352.413971
17.833,161.825516,1407.430298,-42.546993,292.018951,1185.641846,99.634621,251.698761,1232.628174,353.311066
17.842,157.619232,1409.692871,-43.595467,290.082306,1191.830444,101.210358,249.192902,1243.337769,353.980988
17.85,153.594116,1412.059082,-44.849884,288.211487,1198.201172,102.922974,246.779739,1253.934692,354.647095
17.858,149.455048,1414.418457,-46.080353,286.147766,1204.520996,104.493301,243.925293,1264.417969,355.137787
17.867,145.746857,1416.770996,-47.258648,284.40918,1211.136719,106.09584,240.735672,1274.798218,355.527405
17.875,141.55748,1418.927246,-48.467266,281.983643,1217.157959,107.599419,237.237152,1284.874023,355.75412
17.883,137.529953,1421.049438,-49.576775,279.969543,1223.577515,109.194023,233.471802,1294.58313,356.03418
17.892,133.637619,1423.060303,-50.598572,278.380737,1229.815674,110.668259,229.696609,1304.215576,356.332764
17.9,129.379593,1424.94458,-51.664772,275.983398,1236.219971,112.199921,225.444168,1313.333252,356.469971
17.908,125.098587,1426.643066,-52.829464,273.787689,1242.51062,113.561562,221.203812,1322.258301,356.757202
17.917,121.034264,1428.192017,-53.600258,271.3992,1248.760864,115.041306,216.451981,1330.537842,356.859863
17.925,116.741249,1429.692993,-54.473072,268.92218,1254.845093,116.474701,211.752121,1338.473022,357.40036
17.933,112.213173,1430.970459,-55.533955,266.608368,1260.955566,117.942062,206.666656,1345.929932,357.733887
17.942,108.107788,1432.299927,-56.037971,263.890259,1266.817139,119.032242,201.042206,1352.541382,358.046478
17.95,103.604561,1433.315552,-56.867592,261.294434,1272.540283,119.761467,195.329315,1358.835083,358.413086
17.958,99.259674,1434.25354,-57.394299,258.175049,1277.893066,121.77565,189.542862,1364.506104,358.998322
17.967,94.936111,1434.999512,-58.126511,255.184921,1283.012817,123.24823,183.60881,1369.534424,359.704315
17.975,90.527161,1435.569824,-58.613335,251.467682,1287.986816,124.689758,177.352448,1374.13562,360.575317
17.983,86.259491,1436.030762,-59.18523,247.877472,1292.497314,126.054855,171.026138,1378.094971,361.605591
17.992,81.978287,1436.386963,-59.603031,244.033844,1296.63208,127.477943,164.285263,1381.186646,362.442078
18,77.926987,1436.679688,-59.988865,240.034256,1300.445312,128.926254,156.9534,1383.564453,363.154053
18.008,73.982346,1436.77771,-60.283585,235.807678,1303.68396,130.553024,149.794113,1385.345825,364.085968
18.017,69.965584,1436.783081,-60.562183,231.407761,1306.65918,132.090302,142.466644,1386.66687,365.235382
18.025,66.171669,1436.78894,-60.671585,226.70488,1309.064087,133.764801,135.069473,1387.30835,366.34848
18.033,62.570164,1436.859619,-60.717712,221.800171,1311.055908,135.300354,127.58371,1387.514038,367.362549
18.042,59.024601,1436.885254,-60.670113,216.864136,1312.729614,137.044785,120.189568,1387.272095,368.778381
18.05,55.48547,1436.819336,-60.714199,211.635559,1314.01123,138.6492,113.039261,1386.640381,370.229309
18.058,52.111084,1436.740479,-60.755566,206.395691,1314.827515,140.304062,105.835617,1385.470581,371.778259
18.067,48.867599,1436.854004,-60.616856,200.897156,1315.207886,141.991699,98.64061,1383.918335,373.312866
18.075,45.709198,1436.870239,-60.415253,195.437195,1315.28418,143.58902,91.742798,1382.218262,374.816315
18.083,42.595131,1436.902954,-60.085659,189.896393,1314.933838,145.217209,84.859512,1380.036377,376.095581
18.092,39.579098,1436.939453,-59.693371,184.83046,1314.404419,146.829727,77.628181,1377.366089,377.471161
18.1,36.979855,1437.038818,-59.038242,179.113403,1313.473022,148.41745,70.343964,1374.631348,378.664368
18.108,33.832504,1436.795898,-58.60788,173.650879,1312.232178,149.976501,62.357456,1371.40332,380.076813
18.117,31.060637,1436.71521,-57.955051,168.121323,1310.884399,151.654617,54.941872,1368.307983,381.272797
18.125,28.530012,1436.646118,-57.202251,162.69397,1309.428589,153.328018,47.292183,1364.931274,382.253571
18.133,25.841032,1436.268799,-56.488659,157.345139,1307.810791,155.132996,40.04063,1361.586792,383.439758
18.142,23.486877,1436.156128,-55.584156,152.045624,1306.059937,156.796997,32.76857,1358.165039,384.512756
18.15,21.271669,1436.023682,-54.574963,146.789734,1304.248657,158.68512,25.315012,1354.642456,385.517578
18.158,19.069105,1435.902344,-53.606419,141.761719,1302.458008,160.626602,17.984289,1351.171265,386.488586
18.167,17.16239,1435.807617,-52.581356,136.812958,1300.610718,162.465042,10.680256,1347.7771,387.254669
18.175,15.077762,1435.598267,-51.639553,131.746826,1298.741455,164.134659,3.429177,1344.443237,388.145721
18.183,13.265307,1435.399292,-50.514053,126.933517,1296.92395,165.963562,-3.735652,1341.241577,388.920746
18.192,11.330526,1435.143677,-49.488464,122.167839,1295.029419,167.783035,-10.821864,1338.366821,389.546326
18.2,9.467145,1434.895386,-48.498318,117.448654,1293.213501,169.619354,-17.768955,1335.687012,390.171814
18.208,7.725314,1434.740234,-47.405746,112.873932,1291.512695,171.420898,-24.632044,1333.212036,390.666992
18.217,5.999404,1434.578857,-46.454491,108.330132,1289.952148,173.126007,-31.632229,1330.845093,391.10318
18.225,4.268345,1434.342651,-45.530907,103.742851,1288.486084,174.791534,-38.454384,1328.784424,391.563965
18.233,2.662772,1434.155884,-44.499023,99.332047,1287.182983,176.648209,-45.239403,1327.016113,391.854645
18.242,1.042342,1433.920654,-43.713932,95.024391,1286.060425,178.222534,-52.030308,1325.573242,391.965271
18.25,-0.599125,1433.799683,-42.847614,90.667793,1285.003296,179.812943,-58.655533,1324.61084,392.081177
18.258,-2.170191,1433.715942,-41.964043,86.05545,1283.890015,181.43515,-65.357193,1323.966309,391.98996
18.267,-3.892512,1433.675293,-41.157379,81.647354,1283.077026,182.941437,-71.835243,1323.789673,391.966553
18.275,-5.542622,1433.636475,-40.498589,77.260368,1282.288696,184.42572,-78.157089,1323.907593,391.808685
18.283,-7.312644,1433.556396,-39.856049,72.916161,1281.80603,185.870438,-84.449059,1324.424561,391.744934
18.292,-9.026955,1433.514893,-39.357048,68.412582,1281.40686,187.237671,-90.643211,1325.373535,391.542664
18.3,-10.815896,1433.502686,-39.063507,63.912697,1281.223877,188.484497,-96.717545,1326.580933,391.284149
18.308,-12.548038,1433.500122,-38.804897,59.5495,1281.429565,189.597595,-102.68335,1328.192383,390.943176
18.317,-14.347375,1433.512573,-38.819145,55.235306,1281.867798,190.776672,-108.432571,1330.328247,390.394012
18.325,-15.946152,1433.760986,-38.812073,51.124329,1282.49585,191.703232,-114.214798,1332.883789,389.902679
18.333,-17.863314,1433.917236,-39.06123,47.110176,1283.478516,192.673676,-119.584167,1335.926758,389.324219
18.342,-19.555176,1434.256592,-39.368359,42.909637,1284.561035,193.501587,-124.863586,1339.471436,388.721588
18.35,-21.452768,1434.50415,-39.897995,39.246826,1285.563721,194.100189,-130.000259,1343.389282,387.965302
18.358,-23.320704,1434.931641,-40.392624,35.375648,1287.612549,194.985092,-134.851334,1347.744507,387.213837
18.367,-25.230236,1435.293945,-41.092155,31.519049,1289.525146,195.620193,-139.340652,1352.582153,386.531433
18.375,-27.15682,1435.702026,-41.742867,27.869131,1291.64978,196.238663,-143.771927,1357.640015,385.200897
18.383,-29.108299,1436.109619,-42.670586,24.337128,1294.048096,196.751114,-147.461884,1363.54895,385.081177
18.392,-31.229851,1436.488037,-43.723221,20.969252,1296.842285,197.102539,-151.439331,1369.617188,383.607147
18.4,-33.287457,1436.950195,-44.887169,17.541443,1299.689209,197.674393,-154.85611,1376.115723,382.984161
18.408,-35.477562,1437.39624,-46.103863,14.259433,1302.849365,198.002899,-158.291031,1382.911621,381.459259
18.417,-37.845657,1437.983154,-47.241707,11.218583,1306.358521,198.307419,-161.406296,1390.148193,380.498199
18.425,-40.032665,1438.687012,-48.629181,8.212726,1310.311279,198.742432,-164.177444,1397.628662,379.327362
18.433,-42.288704,1439.32666,-49.915333,5.395184,1314.018066,198.852844,-167.143295,1405.15686,377.684631
18.442,-44.568279,1439.973267,-51.422657,2.653701,1318.303833,199.127441,-169.515762,1413.334595,376.133148
18.45,-46.994942,1440.554443,-52.901962,-0.077901,1322.800293,199.285278,-171.767807,1421.925781,374.494049
18.458,-49.321011,1441.253418,-54.418545,-2.660376,1327.424683,199.32608,-173.809601,1430.562988,372.611511
18.467,-51.786827,1442.087158,-55.990711,-5.132655,1332.198608,199.449783,-175.595596,1439.386597,371.079834
18.475,-54.201134,1442.834473,-57.602318,-7.606062,1337.216064,199.400818,-177.183945,1448.25354,369.644104
18.483,-56.749702,1443.619141,-59.312073,-10.037791,1342.259888,199.216064,-178.742767,1457.393066,367.819489
18.492,-59.37788,1444.368408,-60.969803,-12.451192,1347.46814,198.960022,-180.252289,1466.616333,365.545593
18.5,-61.849117,1445.348389,-62.729797,-14.852901,1352.723511,198.69136,-181.646805,1475.990845,363.108368
18.508,-64.12365,1446.26709,-64.498711,-17.217079,1358.18811,198.182632,-183.041672,1485.452637,360.527832
18.517,-67.002022,1446.973389,-66.155685,-19.460516,1363.611084,197.579697,-184.624969,1494.828735,357.257294
18.525,-69.649963,1447.869507,-67.94442,-21.962992,1369.099243,196.850784,-185.986908,1504.382202,354.14563
18.533,-72.327888,1448.765991,-69.852173,-24.286045,1374.795288,195.891342,-187.526459,1513.852417,350.909607
18.542,-74.909073,1449.705566,-71.714943,-26.417967,1380.407959,195.028961,-189.11116,1523.193115,347.356171
18.55,-77.553902,1450.677246,-73.610588,-29.298737,1386.034546,193.869797,-190.704346,1532.432983,343.736572
18.558,-80.258888,1451.666138,-75.650177,-31.924509,1391.682495,192.673584,-192.300705,1541.679199,339.874542
18.567,-82.913605,1452.720703,-77.621574,-34.109898,1397.395874,191.347137,-194.082977,1550.915771,335.763245
18.575,-85.408943,1453.846924,-79.722145,-36.762501,1403.010254,189.878387,-196.01857,1559.924805,331.499359
18.583,-88.135719,1454.705444,-81.590355,-39.806812,1408.427734,188.584137,-198.106552,1568.616577,327.09491
18.592,-90.824936,1455.826172,-83.56752,-42.625221,1414.143799,186.82074,-200.304718,1576.995239,322.992706
18.6,-93.480148,1456.860474,-85.529648,-45.4147,1419.630737,185.063599,-202.806351,1585.239868,318.302155
18.608,-96.160728,1458.035767,-87.571091,-48.28965,1425.178101,182.972061,-205.335693,1593.219238,313.592224
18.617,-98.67112,1459.19043,-89.699394,-51.146889,1430.651001,180.971146,-208.028076,1601.002197,308.794678
18.625,-101.37693,1459.924561,-91.387421,-54.040737,1436.222534,178.853806,-210.900238,1608.656616,304.023926
18.633,-103.848557,1460.863281,-93.33036,-56.874168,1441.754639,176.638184,-213.848145,1615.983032,299.143036
18.642,-106.200943,1461.804077,-95.371674,-59.652534,1447.264893,174.494034,-216.954865,1623.144165,294.429047
18.65,-108.517105,1462.755127,-97.284111,-62.508396,1452.852905,172.26387,-220.333115,1630.067749,289.548309
18.658,-110.697914,1463.695801,-99.201859,-65.45874,1458.375122,170.130875,-223.683334,1636.704468,284.840027
18.667,-112.951851,1464.622314,-101.071747,-68.452301,1463.866577,167.699478,-227.449081,1643.175049,280.116547
18.675,-115.046333,1465.35083,-102.786972,-71.400345,1469.330688,165.653152,-231.196228,1649.364136,275.420685
18.683,-117.072586,1466.173706,-104.491333,-74.478188,1474.640381,163.18924,-235.22525,1655.333374,270.814392
18.692,-118.956741,1466.976318,-106.225807,-77.688721,1479.961548,160.899521,-239.297104,1661.096069,266.194855
18.7,-120.96508,1467.717896,-107.81543,-80.989449,1485.091431,158.541214,-243.632065,1666.562988,261.630371
18.708,-122.722031,1468.448486,-109.44059,-84.269753,1490.132446,156.029175,-247.963287,1671.671875,257.115936
18.717,-124.470169,1469.164551,-111.080933,-87.830063,1494.937012,153.628265,-252.455444,1676.541138,252.697495
18.725,-126.182419,1469.803711,-112.710854,-91.314598,1499.615601,151.117874,-257.028198,1681.180054,248.302017
18.733,-127.697258,1470.351562,-114.201897,-94.680801,1504.087891,148.599091,-261.605774,1685.406006,243.968521
18.742,-129.250305,1470.892822,-115.637665,-98.157265,1508.463013,146.321259,-266.387512,1689.459839,239.713531
18.75,-130.634628,1471.468628,-117.028076,-101.794281,1512.437134,143.654953,-271.107117,1693.16333,235.633499
18.758,-131.998947,1471.999268,-118.361542,-105.272072,1516.277344,141.060211,-275.856781,1696.58667,231.566925
18.767,-133.176224,1472.540894,-119.600754,-108.668411,1519.851318,138.636978,-280.591614,1699.660522,227.477371
18.775,-134.390137,1473.0802,-120.803841,-112.233658,1523.280762,136.387131,-285.536682,1702.412476,223.652527
18.783,-135.466278,1473.521606,-121.982101,-115.840233,1526.417725,133.929169,-290.395447,1704.914062,219.876419
18.792,-136.546249,1473.983398,-122.918938,-119.171875,1529.399536,131.897858,-295.213593,1707.170166,216.189301
18.8,-137.526337,1474.449341,-123.888741,-122.579773,1532.140747,129.664795,-299.847229,1709.181519,212.639481
18.808,-138.446899,1474.829468,-124.789146,-125.933571,1534.680908,127.495903,-304.638214,1710.977051,209.251724
18.817,-139.389969,1475.171387,-125.584213,-129.286682,1537.074341,125.493156,-309.312836,1712.556885,205.9095
18.825,-140.210892,1475.440674,-126.380127,-132.590637,1539.31189,123.762726,-313.638153,1713.955933,202.906631
18.833,-141.979935,1475.668701,-126.784515,-135.826599,1541.405884,121.909698,-318.097382,1715.050293,199.830261
18.842,-142.830597,1476.012939,-127.425003,-138.890076,1543.240967,120.033661,-322.505676,1716.012451,197.090561
18.85,-143.808167,1476.226562,-128.012726,-141.872742,1545.098633,118.341385,-326.715973,1716.862305,194.386902
18.858,-144.415588,1476.348389,-128.514755,-144.857712,1546.633789,116.567749,-330.611267,1717.56189,191.914795
18.867,-145.031143,1476.46936,-129.097183,-147.67244,1548.079346,115.154549,-334.563995,1717.983643,189.465805
18.875,-145.825714,1476.615723,-129.565063,-150.5186,1549.219849,113.689407,-338.262756,1718.292358,187.244354
18.883,-146.392746,1476.627441,-129.987656,-153.267853,1550.190552,112.304214,-341.755219,1718.443359,185.282272
18.892,-146.755722,1476.669312,-130.505966,-155.890106,1550.904297,111.199196,-345.068573,1718.452515,183.342285
18.9,-147.271713,1476.554932,-130.954315,-158.217697,1551.319214,110.265678,-348.183533,1718.262573,181.516129
18.908,-147.859528,1476.435669,-131.328827,-160.64592,1551.511841,109.403389,-351.189484,1718.021729,179.870239
18.917,-148.309586,1476.311768,-131.68988,-162.899719,1551.484253,108.611336,-354.084564,1717.627563,178.344208
18.925,-148.79567,1476.266235,-132.055679,-165.011307,1551.304688,107.937866,-356.743347,1717.095215,176.949051
18.933,-149.191513,1476.206055,-132.388153,-167.228943,1550.809448,106.721962,-359.28009,1716.488892,175.659912
18.942,-149.616394,1476.057251,-132.667038,-168.671356,1550.747925,107.074348,-361.700104,1715.954834,174.527161
18.95,-149.997482,1475.917969,-132.895218,-170.745529,1550.118286,105.911903,-363.784851,1715.125366,173.559326
18.958,-150.334213,1475.794678,-133.09494,-172.099533,1549.723999,105.761818,-365.85083,1714.366577,172.7453
18.967,-150.728745,1475.703613,-133.278519,-173.371887,1549.255493,105.688309,-367.79892,1713.58667,171.942902
18.975,-151.123779,1475.594116,-133.430801,-174.607285,1548.939819,105.593765,-369.425873,1712.765503,171.407349
18.983,-151.460144,1475.497803,-133.526306,-175.520142,1548.564453,105.58934,-371.134247,1711.956421,170.786789
18.992,-151.716782,1475.429077,-133.580154,-176.348053,1548.18335,105.545647,-372.469116,1711.165649,170.419952
19,-152.028061,1475.332764,-133.612823,-177.098373,1547.879761,105.449852,-373.797485,1710.454224,169.986374
19.008,-152.305099,1475.277344,-133.627625,-177.904602,1547.595703,105.488373,-375.055542,1709.710083,169.851425
19.017,-152.561768,1475.215576,-133.656616,-178.555588,1547.411011,105.653099,-376.10968,1708.974976,169.749756
19.025,-152.809708,1475.14624,-133.686218,-178.95369,1547.123657,105.92289,-377.123779,1708.165527,169.764542
19.033,-153.048599,1475.101929,-133.734055,-179.389389,1546.834351,106.181717,-377.952637,1707.452515,169.799408
19.042,-153.306137,1475.064819,-133.777695,-179.73114,1546.516235,106.41275,-378.604828,1706.714478,170.019257
19.05,-153.51709,1475.043701,-133.80365,-179.959366,1546.136597,106.609947,-379.178833,1705.989624,170.260101
19.058,-153.77475,1475.058838,-133.820114,-180.133102,1545.714111,106.853706,-379.448273,1705.275635,170.705536
19.067,-153.911621,1475.07605,-133.811462,-180.275681,1545.246582,106.85273,-379.682556,1704.592407,171.222687
19.075,-154.01387,1475.120117,-133.806763,-180.360275,1544.786499,106.935341,-379.818268,1704.005005,171.761093
19.083,-154.084381,1475.174438,-133.80455,-180.387024,1544.341309,107.138916,-379.812347,1703.449219,172.404053
19.092,-154.089706,1475.214233,-133.804184,-180.363068,1543.964966,107.321106,-379.700897,1702.870972,173.286438
19.1,-154.062042,1475.264038,-133.814713,-180.289688,1543.632935,107.496956,-379.480225,1702.359497,174.091537
19.108,-154.014526,1475.328125,-133.846237,-180.135193,1543.303711,107.677765,-379.119263,1701.963013,174.979736
19.117,-153.947769,1475.378174,-133.893173,-179.907059,1542.946167,107.894028,-378.538116,1701.507202,176.073685
19.125,-153.872162,1475.426392,-133.933899,-179.539322,1542.590942,108.136604,-377.819092,1701.089844,177.196548
19.133,-153.701691,1475.474487,-134.068192,-179.044724,1542.134888,108.289337,-377.080841,1700.654297,178.286926
19.142,-153.505386,1475.521484,-134.112549,-178.348816,1541.701172,108.49736,-376.136047,1700.265869,179.526611
19.15,-153.261383,1475.572754,-134.180634,-177.689743,1541.362549,108.803749,-374.952698,1699.893921,180.814911
19.158,-152.91713,1475.612549,-134.169846,-176.964066,1540.931396,109.095123,-373.799744,1699.546875,182.026199
19.167,-152.521179,1475.64624,-134.195068,-176.028992,1540.469727,109.427315,-372.26947,1699.40918,183.582642
19.175,-152.193405,1475.714355,-134.19043,-175.022446,1540.059814,109.901833,-370.875793,1699.190918,184.859314
19.183,-151.941757,1475.784058,-134.144913,-174.07399,1539.588379,110.234383,-368.960022,1698.984497,186.479248
19.192,-151.588348,1475.893433,-134.065338,-172.912842,1539.027832,110.563705,-367.070221,1698.873047,188.166946
19.2,-151.208923,1475.953003,-133.972641,-171.447433,1538.480591,111.18119,-364.968628,1698.75415,189.759827
19.208,-150.786636,1475.98999,-133.833298,-170.255432,1537.820923,111.80484,-362.696686,1698.69043,191.521408
19.217,-150.315262,1476.012329,-133.648865,-168.425583,1537.02124,112.791016,-360.243591,1698.509277,193.411346
19.225,-149.854919,1476.018921,-133.504425,-166.93248,1536.089478,113.444588,-357.703522,1698.192749,195.488754
19.233,-149.394669,1476.104492,-133.301041,-165.165573,1535.045166,114.390381,-355.055969,1697.822632,197.459869
19.242,-148.810043,1476.207886,-133.089508,-163.204193,1534.034546,115.55571,-352.264954,1697.423462,199.629761
19.25,-148.173386,1476.29126,-132.895477,-161.383865,1532.769287,116.483971,-349.270996,1696.881714,201.741714
19.258,-147.468246,1476.324707,-132.670761,-159.273331,1531.435059,117.631218,-346.212524,1696.225586,203.979477
19.267,-146.908279,1476.520508,-132.364288,-157.095215,1530.024658,118.678337,-343.113068,1695.383057,206.299606
19.275,-146.003006,1476.542847,-132.085266,-154.97049,1528.518677,119.863457,-339.866241,1694.38501,208.74527
19.283,-145.129318,1476.477051,-131.814102,-152.682709,1526.790894,120.850639,-336.500183,1693.238647,211.233063
19.292,-144.305237,1476.473877,-131.513687,-150.245529,1525.022095,122.132797,-333.164093,1691.87793,213.87944
19.3,-143.290222,1476.369507,-131.202087,-147.846146,1522.929077,123.311974,-329.781158,1690.345703,216.542023
19.308,-142.247025,1476.405884,-130.8862,-145.417038,1520.855957,124.580986,-326.361298,1688.653687,219.27243
19.317,-141.227875,1476.31958,-130.533218,-142.980209,1518.665894,125.922546,-322.77713,1686.723511,222.057907
19.325,-140.121338,1476.246948,-130.082504,-140.395203,1516.133179,127.220108,-319.149689,1684.612305,224.961685
19.333,-139.008575,1476.134521,-129.632721,-137.843552,1513.579102,128.363235,-315.859833,1682.185669,227.706436
19.342,-136.737686,1476.175049,-129.440384,-135.219681,1510.763916,129.637192,-312.377014,1679.692993,230.556641
19.35,-135.569153,1475.94165,-128.952698,-132.594879,1507.873291,130.885208,-308.90097,1676.85498,233.369003
19.358,-134.126587,1475.821411,-128.383698,-129.84642,1504.725586,132.365234,-305.625977,1673.792358,236.059647
19.367,-132.604584,1475.652954,-127.855774,-127.201111,1501.470337,133.35704,-302.286407,1670.434692,238.873276
19.375,-131.114792,1475.44812,-127.245041,-124.492844,1497.986694,134.606842,-299.020081,1666.871826,241.708466
19.383,-129.574951,1475.169678,-126.659927,-121.757126,1494.337402,135.917786,-295.966705,1663.059692,244.333221
19.392,-127.961349,1474.8479,-126.129181,-119.039528,1490.55127,137.184448,-293.028839,1658.8479,247.077545
19.4,-126.34021,1474.469727,-125.414368,-116.28196,1486.567383,138.463455,-290.047119,1654.458252,249.817291
19.408,-124.606766,1474.008545,-124.75032,-113.483902,1482.430664,139.75412,-287.001984,1649.913818,252.478958
19.417,-122.895325,1473.558105,-123.89447,-110.799232,1478.107056,140.889771,-284.053436,1645.009033,255.221848
19.425,-121.169411,1473.055298,-123.229813,-108.156059,1473.620728,142.103928,-280.944885,1640.069336,257.87854
19.433,-119.373947,1472.51123,-122.507866,-105.543571,1468.97168,143.249573,-277.842072,1634.877686,260.694366
19.442,-117.477287,1471.890137,-121.719124,-102.940002,1464.088135,144.394455,-274.828918,1629.494263,263.625519
19.45,-115.507591,1471.333862,-121.031013,-100.299484,1459.202026,145.470337,-271.807831,1623.783081,266.306976
19.458,-113.642006,1470.685669,-120.225166,-97.71801,1454.019775,146.542297,-268.831543,1617.937622,269.102051
19.467,-111.609283,1470.128784,-119.468048,-95.0401,1448.721436,147.576187,-265.900116,1611.784058,271.815399
19.475,-109.6091,1469.453247,-118.663948,-92.480209,1443.218994,148.328659,-263.13916,1605.414429,274.504425
19.483,-107.411186,1468.747803,-117.669052,-89.999863,1437.643921,149.175171,-260.435791,1598.784424,277.125397
19.492,-105.200272,1468.325928,-116.936493,-87.514915,1432.075317,149.944305,-257.748444,1591.969971,279.665955
19.5,-103.020226,1467.61792,-116.047607,-85.073387,1426.367432,150.625687,-255.036926,1585.004272,282.404327
19.508,-100.624901,1466.92041,-115.126022,-82.585022,1420.680664,151.270676,-252.314865,1577.977783,284.978149
19.517,-98.35981,1466.51123,-114.366966,-80.10041,1414.81897,151.839554,-249.736038,1570.729004,287.245117
19.525,-96.155174,1465.650269,-113.481308,-77.784378,1409.000366,152.357849,-247.20224,1563.324585,289.069489
19.533,-93.95063,1464.756592,-112.574654,-75.370354,1403.226196,152.644791,-244.595779,1555.79541,291.576874
19.542,-91.73838,1463.845337,-111.658134,-73.036667,1397.39624,152.865723,-242.047485,1548.25354,293.917145
19.55,-89.621361,1462.9552,-110.788521,-70.657059,1391.674561,152.972351,-239.455414,1540.615112,296.215973
19.558,-87.184074,1462.325073,-109.862701,-68.064125,1385.979492,153.049759,-236.779556,1533.016602,298.593292
19.567,-85.208649,1461.288208,-108.881645,-65.561554,1380.623169,152.645386,-233.998093,1525.327759,300.879547
19.575,-83.088295,1460.231567,-107.891907,-63.02335,1374.9823,152.68602,-231.176208,1517.633301,303.054047
19.583,-80.888222,1459.234375,-106.949661,-60.403858,1369.471313,152.715439,-228.396484,1509.937134,305.068359
19.592,-78.722328,1458.267334,-106.05381,-57.710617,1363.969482,152.528656,-225.576599,1502.123779,306.822876
19.6,-76.48777,1457.288574,-105.142731,-54.978447,1358.405884,152.368942,-222.75386,1494.224854,308.591156
19.608,-74.275238,1456.304565,-104.166534,-52.269779,1352.942993,152.022964,-219.900192,1486.361206,310.168396
19.617,-72.146851,1455.18811,-103.171593,-49.596031,1347.369385,151.695877,-217.114502,1478.542236,311.561523
19.625,-69.758614,1454.216309,-102.149521,-46.597816,1341.945923,151.256531,-214.182602,1470.799561,312.895874
19.633,-67.479416,1453.143555,-101.327415,-43.697899,1336.52356,150.835327,-211.11969,1462.9375,314.104034
19.642,-65.158806,1452.074829,-100.337006,-40.655098,1331.24585,150.265884,-208.107117,1455.222168,315.171692
19.65,-62.693283,1451.160645,-99.41967,-37.528675,1325.888916,149.673874,-205.091187,1447.437622,316.182007
19.658,-60.144215,1450.192749,-98.578102,-34.384422,1320.710083,148.981674,-201.84726,1439.746582,317.180695
19.667,-57.681782,1449.238159,-97.636894,-31.249392,1315.481689,148.213745,-198.605423,1432.017944,318.192505
19.675,-55.086838,1448.20752,-96.678391,-28.008411,1310.27002,147.51181,-195.360611,1424.199219,319.457428
19.683,-52.551311,1447.126343,-95.799713,-24.812132,1305.212402,146.697739,-191.833572,1416.601685,320.568207
19.692,-49.967224,1446.182251,-94.858795,-21.391283,1300.048828,145.893112,-188.159683,1409.415405,321.04538
19.7,-47.411278,1445.155518,-93.86039,-18.094269,1294.971802,145.07962,-184.328079,1402.056274,322.092377
19.708,-44.932129,1443.805908,-92.95636,-14.601089,1290.018066,144.166168,-180.397522,1394.567871,322.852661
19.717,-42.291241,1442.941772,-91.897591,-10.998981,1284.962158,143.278671,-176.43808,1387.251831,323.42981
19.725,-39.701595,1441.956787,-90.938217,-7.450785,1279.930908,142.281326,-172.395111,1379.801147,324.074097
19.733,-37.344028,1440.764893,-90.023689,-3.841909,1275.000854,141.131546,-168.289139,1372.518311,324.345306
19.742,-34.794529,1439.811768,-89.164864,-0.315318,1270.194458,139.93988,-164.370743,1365.054199,324.005096
19.75,-32.314014,1438.963867,-88.375298,3.45299,1265.419312,138.565979,-160.032074,1357.921021,324.401611
19.758,-29.965017,1438.165405,-87.690575,7.251446,1260.945557,137.15744,-156.035217,1350.339966,323.389496
19.767,-27.596649,1437.473755,-86.995407,11.131463,1256.540894,135.699249,-151.641357,1343.016968,323.536743
19.775,-25.213892,1436.770264,-86.288925,15.313931,1252.535522,134.275253,-146.955688,1336.011719,323.828705
19.783,-22.898054,1436.009888,-85.720764,19.480947,1248.724243,132.623291,-142.308273,1329.098389,323.778442
19.792,-20.664009,1435.339233,-85.242935,23.682604,1245.150024,131.028732,-137.580719,1322.370117,323.891846
19.8,-18.232508,1434.799194,-84.675552,27.810184,1241.547241,129.38623,-132.674545,1315.657349,323.840973
19.808,-15.987551,1434.310669,-84.232025,32.195126,1238.317139,127.738312,-127.837997,1309.200562,323.609192
19.817,-13.821161,1433.882568,-83.797623,36.650398,1235.138672,125.97963,-122.782623,1302.808838,323.372467
19.825,-11.717327,1433.463257,-83.48307,41.055798,1232.067383,124.176941,-117.469505,1296.765625,323.094727
19.833,-9.675536,1432.972168,-83.208412,45.406742,1228.989502,122.337181,-112.13456,1290.866089,322.73819
19.842,-7.626444,1432.620728,-82.847389,49.804295,1225.993774,120.328346,-106.886421,1285.0354,321.945221
19.85,-5.571263,1432.299316,-82.527718,54.307064,1223.057373,118.338837,-101.62014,1279.511719,321.137299
19.858,-3.637021,1431.97644,-82.190804,58.886566,1220.12146,116.148369,-96.226357,1273.804321,320.040771
19.867,-1.514127,1431.669189,-81.814209,63.331902,1217.120239,113.974678,-90.83757,1268.190308,318.960083
19.875,0.82349,1431.524292,-81.254013,67.877731,1214.341309,111.630302,-85.582825,1262.513306,317.487061
19.883,2.848389,1431.219482,-80.913963,72.64257,1211.613159,109.283066,-80.18792,1256.870972,316.01236
19.892,4.776236,1430.978271,-80.330566,77.575974,1208.982666,107.042763,-74.394203,1251.539551,314.663116
19.9,6.800714,1430.694702,-79.802773,82.548714,1206.563477,104.735168,-68.725784,1246.230347,313.347931
19.908,8.910298,1430.616455,-79.277527,87.546967,1204.243286,102.427078,-62.96262,1241.002319,312.069702
19.917,10.936946,1430.437256,-78.68457,92.034866,1202.053589,100.005798,-57.307091,1235.960815,310.761871
19.925,12.921885,1430.391235,-78.253227,97.086426,1199.89502,97.796761,-51.624279,1230.847656,309.211609
19.933,14.95794,1430.304199,-77.706017,102.224579,1197.800659,95.555145,-45.633312,1225.864746,307.87738
19.942,16.920025,1430.278198,-77.003967,107.390175,1195.810181,93.158287,-39.801758,1220.652954,306.265015
19.95,18.963169,1430.247192,-76.306313,112.606789,1193.761597,90.718948,-34.109184,1215.616333,304.329254
19.958,20.952343,1430.170288,-75.631332,117.823586,1191.813599,88.252411,-28.481102,1210.704712,302.176666
19.967,22.691153,1430.047241,-75.035126,123.193848,1190.056763,85.652878,-22.830669,1205.891479,299.81192
19.975,24.732864,1430.005371,-74.256264,128.766525,1188.38855,82.454681,-16.879004,1201.114746,297.485962
19.983,26.665606,1429.912842,-73.581985,133.950836,1186.579834,80.218056,-10.82527,1196.44043,295.178101
19.992,28.373718,1429.661133,-72.925362,139.156509,1184.839478,77.470581,-4.822269,1191.892212,292.758331
20,30.387007,1429.792358,-72.203606,144.508255,1183.154419,74.510902,1.016675,1187.278198,290.093872
20.008,32.286228,1429.823975,-71.359261,149.821182,1181.489624,71.321632,7.286164,1182.843994,287.545532
20.017,34.316879,1430.016846,-70.547188,155.176651,1179.80896,67.926407,13.537222,1178.437622,284.89444
20.025,36.613918,1430.49585,-69.588074,160.059555,1178.095581,64.660301,19.683601,1174.364624,282.043701
20.033,38.552616,1430.614014,-68.876038,165.128494,1176.338623,61.039555,25.380556,1169.931396,278.664368
20.042,40.624649,1430.840698,-68.128708,170.137466,1174.628174,57.278305,31.159534,1165.649536,275.342499
20.05,42.654404,1430.99231,-67.496315,176.10965,1172.468384,53.058441,36.999245,1161.514038,271.870819
20.058,44.387882,1430.844482,-66.828857,179.574722,1171.560913,49.558384,42.590084,1157.5896,268.117523
20.067,46.467022,1430.890015,-66.164619,184.116653,1169.90564,45.597237,48.232643,1153.481323,264.391693
20.075,48.605679,1430.949219,-65.580841,188.490799,1168.231934,41.141621,53.478981,1149.372681,260.494812
20.083,50.716381,1430.979004,-64.917397,192.923904,1166.543945,36.618183,59.103661,1145.641846,256.555695
20.092,52.94986,1431.059692,-64.425827,197.128159,1164.817993,31.954636,64.304024,1141.772217,252.43985
20.1,55.175766,1431.171997,-63.824371,201.053055,1163.001465,27.11186,69.305298,1138.089111,247.955978
20.108,57.643497,1431.263306,-63.289986,204.810806,1161.223755,22.17366,74.180229,1134.430054,243.442169
20.117,59.989868,1431.251587,-62.965721,208.366608,1159.390747,17.060268,78.885681,1130.831299,238.852219
20.125,62.402603,1431.122437,-62.639549,211.64679,1157.487061,11.847789,83.287514,1127.306641,234.068222
20.133,64.902924,1430.962402,-62.462944,214.819641,1155.758545,6.515929,87.485367,1123.853882,229.114929
20.142,67.369286,1430.775879,-62.355453,217.466263,1153.58606,1.210522,91.727379,1120.445068,224.163574
20.15,69.818329,1430.481934,-62.18401,220.271255,1151.742065,-4.592985,95.929405,1117.135742,219.242981
20.158,72.343208,1430.193726,-62.113113,222.972626,1149.595215,-10.008111,100.169838,1113.9104,214.316879
20.167,75.299332,1430.148804,-61.993126,225.535767,1147.602295,-15.724301,104.267937,1110.799194,209.272034
20.175,77.919945,1429.868042,-61.823189,227.841522,1145.509766,-21.474312,108.57518,1107.709961,204.504471
20.183,80.573807,1429.486084,-61.967888,229.856659,1143.595459,-27.256134,112.71373,1104.845581,199.672073
20.192,83.347931,1429.242798,-62.068642,231.807693,1141.690796,-32.982159,116.461601,1102.106689,194.969147
20.2,86.127113,1428.844971,-62.401756,233.674133,1139.978882,-38.531567,119.692871,1099.334106,190.17749
20.208,88.493935,1428.282227,-62.80233,235.255127,1138.148315,-44.184273,122.348007,1096.05481,184.291351
20.217,91.47525,1428.205566,-63.146389,236.855774,1136.449829,-49.786121,125.574379,1093.42334,179.369049
20.225,94.079391,1427.863525,-63.543587,238.295837,1134.82666,-55.415165,128.553177,1090.674072,174.361862
20.233,96.643593,1427.482544,-63.937313,239.645325,1133.232178,-61.047764,131.517212,1088.075806,169.272766
20.242,99.1642,1427.135742,-64.500221,240.790359,1131.684326,-66.646667,134.352997,1085.448486,164.473389
20.25,101.704353,1426.692627,-65.10955,241.962769,1130.263306,-72.14566,137.183197,1082.9375,159.594055
20.258,104.283127,1426.373291,-65.676704,242.887009,1128.883301,-77.692726,139.888977,1080.486816,154.582489
20.267,106.828453,1426.040649,-66.276436,243.982452,1127.479492,-82.993927,142.565659,1078.323608,149.95517
20.275,109.280006,1425.675659,-66.991623,244.274338,1125.879761,-87.561066,145.096741,1076.04834,145.373642
20.283,111.808395,1425.256714,-67.685577,244.966202,1124.690186,-92.623192,147.545547,1073.921997,140.696304
20.292,114.258926,1424.941528,-68.314629,245.774536,1123.569092,-97.53933,149.851517,1071.795776,136.240417
20.3,116.630653,1424.578125,-69.106033,246.320435,1122.599609,-102.40667,152.256302,1069.932495,131.861465
20.308,118.972145,1424.257202,-69.909592,246.910736,1121.65918,-107.132751,154.390213,1068.077393,127.648758
20.317,121.333336,1423.880859,-70.565704,247.507416,1120.682129,-111.744362,156.471161,1066.104126,123.39666
20.325,123.540657,1423.560059,-71.517494,247.985352,1119.97583,-116.324715,158.614227,1064.507568,119.379295
20.333,125.862015,1423.250977,-72.264168,248.438522,1119.057495,-120.722382,160.818665,1062.970459,115.455948
20.342,128.021744,1422.869751,-73.102791,248.865524,1118.330322,-125.059456,162.852051,1061.369385,111.574074
20.35,130.156799,1422.647339,-73.873848,249.19072,1117.663696,-129.302917,164.693069,1059.827148,107.705338
20.358,132.329514,1422.34021,-74.70752,249.57605,1116.97644,-133.290909,166.535019,1058.528931,103.931335
20.367,134.319046,1422.109619,-75.679008,249.780746,1116.376465,-137.277435,168.307495,1057.316162,100.427597
20.375,136.316574,1421.74292,-76.464912,250.018799,1115.937256,-141.040619,169.945847,1056.139648,96.956863
20.383,138.141785,1421.498535,-77.455627,250.255768,1115.437012,-144.708435,171.591919,1055.051758,93.525536
20.392,139.972595,1421.213989,-78.288475,250.473343,1115.04541,-148.317078,172.980347,1053.929443,90.054756
20.4,141.787537,1420.859253,-79.353447,250.728851,1114.640259,-151.678925,174.515076,1053.051636,87.099564
20.408,143.350739,1420.635864,-80.395683,251.009949,1114.301514,-155.033279,175.832855,1052.070679,83.803383
20.417,145.061111,1420.416382,-81.355896,251.422256,1114.123291,-158.17395,177.233826,1051.207886,80.918846
20.425,146.499969,1420.21814,-82.423485,251.775208,1113.893555,-161.220551,178.532974,1050.447754,78.009903
20.433,147.975418,1420.053467,-83.570755,252.141983,1113.75354,-164.126831,179.764526,1049.630493,75.176773
20.442,149.443695,1419.975586,-84.637566,252.51973,1113.730713,-166.824081,180.995422,1048.950806,72.499847
20.45,150.765976,1419.940796,-85.773865,252.825653,1113.735718,-169.494568,181.972733,1048.411011,70.012825
20.458,151.965622,1419.924927,-86.910652,253.165359,1113.743896,-171.840195,183.15889,1047.950439,67.562592
20.467,153.131943,1419.937378,-88.03167,253.520844,1113.668457,-174.120438,183.963882,1047.474365,65.21521
20.475,154.170609,1419.950562,-89.160637,253.738678,1113.710571,-176.385788,184.86438,1047.067993,63.149586
20.483,155.269333,1419.990479,-90.392761,254.044739,1113.714722,-178.403519,185.641129,1046.675781,61.162872
20.492,156.153854,1420.03186,-91.463531,254.261169,1113.755615,-180.249207,186.244614,1046.347046,59.265034
20.5,157.086075,1420.066162,-92.575012,254.725037,1114.100098,-183.272369,186.921783,1046.128662,57.436069
20.508,157.854675,1420.081909,-93.651794,254.791138,1113.96106,-184.370834,187.436951,1045.881348,55.72887
20.517,158.592072,1420.192139,-94.795494,255.033081,1113.904297,-185.806015,187.990234,1045.652954,54.160225
20.525,159.255585,1420.315552,-95.934669,255.24614,1113.848389,-187.139511,188.659821,1045.38562,52.688114
20.533,159.805435,1420.397949,-96.989159,255.362274,1113.742554,-188.328979,189.193848,1045.083496,51.433296
20.542,160.35466,1420.431274,-98.017052,255.481415,1113.73645,-189.499222,189.458832,1044.734497,50.064911
20.55,160.865784,1420.486816,-99.075607,255.602036,1113.653442,-190.632248,189.911072,1044.352051,48.726204
20.558,161.343689,1420.529907,-99.9403,255.757416,1113.679077,-191.784607,190.374542,1043.987915,47.532677
20.567,161.755096,1420.508789,-100.821518,255.958832,1113.6698,-192.845749,190.600632,1043.47876,46.26696
20.575,162.126831,1420.492798,-101.586121,256.133972,1113.697266,-193.929962,190.7034,1042.958862,44.978497
20.583,162.427902,1420.439819,-102.292984,256.303345,1113.697144,-194.984756,190.89537,1042.391113,43.891075
20.592,162.649399,1420.395264,-102.947182,256.418396,1113.68335,-196.052399,191.071091,1041.885742,42.579643
20.6,162.876129,1420.311646,-103.609184,256.470062,1113.641113,-197.134308,191.159088,1041.375488,41.257462
20.608,163.092712,1420.179565,-104.135735,256.455658,1113.618286,-198.170578,191.168472,1040.918945,40.152008
20.617,163.305649,1420.01355,-104.685051,256.512573,1113.541382,-199.228668,190.981323,1040.357544,38.853737
20.625,163.491608,1419.833252,-105.142616,256.458862,1113.466919,-200.229843,190.884979,1039.777954,37.629524
20.633,163.676758,1419.569702,-105.571205,256.358368,1113.39209,-201.195679,190.717712,1039.251587,36.532269
20.642,163.819275,1419.337524,-105.974312,256.182556,1113.26416,-202.131668,190.573944,1038.668701,35.395916
20.65,163.959351,1419.117065,-106.406898,255.905151,1113.079834,-202.96254,190.443161,1038.161011,34.50774
20.658,164.080627,1418.911255,-106.840057,255.59256,1112.863892,-203.709503,190.18898,1037.630127,33.586182
20.667,164.17244,1418.714478,-107.169151,255.24971,1112.653564,-204.431885,189.963272,1037.12915,32.928108
20.675,164.264343,1418.512207,-107.484833,254.868835,1112.36145,-205.041016,189.721237,1036.621338,32.333271
20.683,164.37056,1418.283325,-107.785683,254.429489,1112.027954,-205.575287,189.445358,1036.229248,31.715885
20.692,164.473465,1418.0625,-108.08387,253.986084,1111.69397,-205.995316,189.21315,1035.957764,31.348866
20.7,164.556549,1417.817749,-108.426361,253.48172,1111.364136,-206.305252,188.93956,1035.780396,31.07806
20.708,164.608582,1417.668457,-108.789658,252.919373,1111.05603,-206.590302,188.648483,1035.641479,30.936581
20.717,164.619217,1417.578369,-109.090263,252.463013,1110.751099,-206.767395,188.281723,1035.54187,30.858587
20.725,164.609329,1417.523682,-109.321625,252.009308,1110.53418,-206.845367,187.900742,1035.464233,30.874228
20.733,164.578384,1417.486206,-109.526329,251.678711,1110.277832,-206.86618,187.554886,1035.514404,30.956032
20.742,164.517395,1417.474976,-109.711159,251.354248,1110.080688,-206.854294,187.250443,1035.672607,31.12101
20.75,164.43866,1417.502197,-109.871712,251.082367,1109.933228,-206.80426,186.989212,1035.845215,31.207706
20.758,164.336273,1417.53894,-110.040039,250.817276,1109.793945,-206.739471,186.765457,1035.967651,31.313173
20.767,164.190231,1417.622437,-110.203033,250.686325,1109.755615,-206.675369,186.599533,1036.168579,31.488008
20.775,164.049911,1417.722046,-110.348663,250.612762,1109.752808,-206.606964,186.416733,1036.452881,31.642641
20.783,163.905319,1417.807739,-110.445229,250.587585,1109.800049,-206.549988,186.237534,1036.789429,31.790178
20.792,163.742126,1417.927002,-110.505333,250.576889,1109.890625,-206.484726,186.090134,1037.046387,31.80093
20.8,163.562958,1418.037476,-110.602364,250.603165,1110.017212,-206.462128,185.912628,1037.239014,31.788971
20.808,163.368576,1418.140259,-110.640152,250.626236,1110.185791,-206.443497,185.767288,1037.39856,31.781857
20.817,163.213348,1418.267212,-110.712822,250.700241,1110.36084,-206.473358,185.618591,1037.571533,31.750828
20.825,163.05162,1418.385498,-110.783524,250.735336,1110.519531,-206.512604,185.477982,1037.745972,31.685982
20.833,162.888321,1418.49231,-110.876656,250.768982,1110.683838,-206.584122,185.3172,1037.953613,31.603891
20.842,162.748505,1418.557495,-110.956535,250.790085,1110.807007,-206.639893,185.123413,1038.142334,31.460274
20.85,162.615295,1418.651611,-111.043839,250.804749,1110.92334,-206.70575,184.959732,1038.235352,31.283468
20.858,162.501312,1418.697388,-111.118034,250.824188,1111.019531,-206.784424,184.779175,1038.271484,31.090431
20.867,162.382767,1418.738525,-111.226227,250.815399,1111.096802,-206.845871,184.611755,1038.287231,30.913338
20.875,162.263885,1418.765991,-111.31913,250.806778,1111.161621,-206.908203,184.472229,1038.262085,30.774702
20.883,162.172119,1418.776245,-111.390907,250.736679,1111.200195,-206.985397,184.320663,1038.209229,30.664021
20.892,162.061752,1418.737915,-111.507103,250.680359,1111.217041,-207.021774,184.15744,1038.116821,30.60811
20.9,161.93306,1418.703735,-111.560852,250.597031,1111.209106,-207.006668,183.910919,1037.983032,30.56876
20.908,161.789078,1418.647583,-111.650375,250.483459,1111.169678,-206.96463,183.614639,1037.850586,30.517822
20.917,161.630798,1418.585327,-111.716064,250.394012,1111.116333,-206.898438,183.329666,1037.726685,30.493538
20.925,161.474609,1418.520996,-111.777725,250.317902,1111.02832,-206.788925,183.020462,1037.599976,30.505295
20.933,161.321182,1418.438232,-111.893692,250.246521,1110.91272,-206.66394,182.756119,1037.473145,30.591461
20.942,161.170883,1418.35022,-111.983665,250.16835,1110.757446,-206.51442,182.484131,1037.375977,30.658426
20.95,161.007431,1418.246338,-112.085472,250.087418,1110.587891,-206.325287,182.207352,1037.257568,30.761549
20.958,160.873215,1418.15332,-112.167496,250.018661,1110.426514,-206.13324,181.918671,1037.157715,30.870209
20.967,160.733215,1418.07605,-112.213463,249.929077,1110.274414,-205.919083,181.615021,1037.041626,30.997665
20.975,160.593246,1417.976562,-112.226692,249.882339,1110.129761,-205.68837,181.296722,1036.974609,31.174412
20.983,160.460052,1417.894653,-112.236809,249.8255,1110.008057,-205.511002,181.022049,1036.910156,31.282961
20.992,160.329529,1417.82373,-112.249512,249.764862,1109.903809,-205.374084,180.75914,1036.833252,31.402517
21,160.20813,1417.755737,-112.23703,249.688339,1109.822266,-205.283646,180.568512,1036.735718,31.509529
21.008,160.074692,1417.692261,-112.211334,249.574707,1109.743774,-205.233139,180.446808,1036.690674,31.596266
21.017,159.957382,1417.658813,-112.198418,249.46962,1109.682129,-205.157944,180.332672,1036.646484,31.678967
21.025,159.833786,1417.632935,-112.186249,249.365219,1109.644775,-205.092285,180.296951,1036.634521,31.775024
21.033,159.73822,1417.615601,-112.168121,249.277786,1109.626709,-205.038132,180.213104,1036.622925,31.835419
21.042,159.65773,1417.588989,-112.152008,249.221344,1109.630249,-204.998688,180.114532,1036.609619,31.875032
21.05,159.571136,1417.585205,-112.155243,249.190369,1109.647705,-204.958679,180.015671,1036.656494,31.893768
21.058,159.487289,1417.612305,-112.177551,249.174393,1109.670776,-204.916061,179.935577,1036.710693,31.896465
21.067,159.394791,1417.639648,-112.170845,249.181839,1109.722534,-204.877228,179.912445,1036.795044,31.92651
21.075,159.303085,1417.70813,-112.20076,249.195267,1109.791016,-204.846191,179.836807,1036.861206,31.953409
21.083,159.224579,1417.773682,-112.195969,249.208313,1109.864624,-204.828674,179.806595,1036.956543,31.995886
21.092,159.162048,1417.842407,-112.215218,249.219147,1109.94519,-204.791519,179.823624,1037.088745,32.056351
21.1,159.090134,1417.902466,-112.236015,249.260757,1110.023804,-204.735184,179.889511,1037.248535,32.135681
21.108,159.016846,1417.984497,-112.264923,249.351334,1110.094727,-204.636856,179.896957,1037.379517,32.23568
21.117,158.964096,1418.058594,-112.303192,249.435913,1110.157349,-204.554932,179.930481,1037.561523,32.333103
21.125,158.914658,1418.115234,-112.347298,249.557907,1110.224731,-204.439713,180.006653,1037.755493,32.461338
21.133,158.876389,1418.162231,-112.393089,249.711823,1110.269897,-204.290741,180.016556,1037.900757,32.598698
21.142,158.847076,1418.207153,-112.454697,249.891556,1110.311035,-204.140472,180.05455,1038.050781,32.698536
21.15,158.811813,1418.247314,-112.528671,250.093307,1110.355469,-203.997559,180.124374,1038.158691,32.808556
21.158,158.813538,1418.269775,-112.598114,250.295105,1110.396362,-203.8414,180.169525,1038.234131,32.929775
21.167,158.824936,1418.295898,-112.652321,250.503036,1110.439697,-203.707336,180.256866,1038.320923,33.065025
21.175,158.834915,1418.306152,-112.701187,250.725067,1110.46228,-203.523285,180.360489,1038.389893,33.230488
21.183,158.875549,1418.324829,-112.735909,250.930908,1110.47998,-203.386581,180.520569,1038.465088,33.397602
21.192,158.934677,1418.334473,-112.777618,251.125458,1110.461792,-203.234543,180.656448,1038.53833,33.566689
21.2,159.008987,1418.340576,-112.781494,251.337952,1110.440918,-203.09552,180.755692,1038.597656,33.710815
21.208,159.084747,1418.332642,-112.786819,251.55687,1110.405029,-202.976532,180.83786,1038.645386,33.814503
21.217,159.182816,1418.30603,-112.775269,251.773331,1110.372437,-202.875153,180.947495,1038.689331,33.901585
21.225,159.294678,1418.284424,-112.747658,251.96904,1110.338867,-202.788956,181.072464,1038.72644,33.986618
21.233,159.421738,1418.268066,-112.724869,252.165436,1110.301514,-202.693314,181.200363,1038.744873,34.065899
21.242,159.578323,1418.270264,-112.674744,252.375458,1110.280273,-202.617813,181.401642,1038.759155,34.14325
21.25,159.745438,1418.287598,-112.584862,252.618286,1110.335449,-202.549896,181.667007,1038.793457,34.202763
21.258,159.933273,1418.301025,-112.516304,252.834732,1110.357788,-202.471985,181.908691,1038.76355,34.244106
21.267,160.115662,1418.332397,-112.450996,253.120209,1110.39624,-202.391434,182.229935,1038.792236,34.297626
21.275,160.307098,1418.394287,-112.372856,253.3862,1110.478271,-202.312744,182.489227,1038.77002,34.317585
21.283,160.513687,1418.472656,-112.299881,253.702667,1110.560059,-202.215302,182.713837,1038.777588,34.347801
