1.23,,,,,,,,,
,,,,,,,,,
Type,Bone Marker,Bone Marker,Bone Marker,Bone Marker,Bone Marker,Bone Marker,Bone Marker,Bone Marker,Bone Marker
Name,Sammy:LShoulderTop,Sammy:LShoulderTop,Sammy:LShoulderTop,Sammy:LElbowOut,Sammy:LElbowOut,Sammy:LElbowOut,Sammy:LWristOut,Sammy:LWristOut,Sammy:LWristOut
ID,10,10,10,12,12,12,15,15,15
,Position,Position,Position,Position,Position,Position,Position,Position,Position
Time (Seconds),X,Y,Z,X,Y,Z,X,Y,Z
0,194.531021,1414.04834,-0.28831,271.973053,1103.128662,-107.924019,290.399323,882.349731,-8.103264
0.008,194.512833,1414.02478,-0.240181,271.952667,1103.105835,-107.882408,290.382782,882.313354,-8.068586
0.017,194.411148,1414.006836,-0.478501,271.925476,1103.081909,-107.839394,290.351624,882.273682,-8.035142
0.025,194.408279,1413.991089,-0.445029,271.898712,1103.04895,-107.784729,290.320648,882.265198,-8.011031
0.033,194.393631,1413.972534,-0.402499,271.872162,1103.020996,-107.745537,290.297607,882.221069,-7.982535
0.042,194.389893,1413.94812,-0.351657,271.8367,1102.972412,-107.66172,290.257935,882.184326,-7.930302
0.05,194.373001,1413.931641,-0.313813,271.82019,1102.942627,-107.616501,290.227203,882.176453,-7.862207
0.058,194.365326,1413.91394,-0.2886,271.801086,1102.929199,-107.572624,290.195282,882.165588,-7.803525
0.067,194.358566,1413.917358,-0.243002,271.779175,1102.914185,-107.529839,290.165649,882.136841,-7.73593
0.075,194.345139,1413.911621,-0.216628,271.773285,1102.899658,-107.465492,290.125092,882.148438,-7.639913
0.083,194.329163,1413.90686,-0.184303,271.757294,1102.870483,-107.410271,290.095825,882.145386,-7.556922
0.092,194.311111,1413.901733,-0.161926,271.74646,1102.860352,-107.362068,290.048248,882.143738,-7.469647
0.1,194.298767,1413.898193,-0.134765,271.74649,1102.848389,-107.2938,290.028564,882.136292,-7.379661
0.108,194.290894,1413.896606,-0.094368,271.744232,1102.829712,-107.220932,290.00589,882.163757,-7.272023
0.117,194.2798,1413.887207,-0.057312,271.732666,1102.828491,-107.155708,289.972534,882.174194,-7.157375
0.125,194.256653,1413.894897,-0.018912,271.729248,1102.820557,-107.087585,289.936005,882.159119,-7.046779
0.133,194.248428,1413.895752,0.021324,271.736298,1102.814331,-107.029099,289.893707,882.153625,-6.927729
0.142,194.236237,1413.889526,0.068593,271.735046,1102.814209,-106.950806,289.859497,882.14801,-6.818145
0.15,194.218292,1413.877319,0.140199,271.734283,1102.81311,-106.891312,289.82608,882.167053,-6.698514
0.158,194.205917,1413.874146,0.198252,271.739166,1102.809814,-106.819893,289.801483,882.152405,-6.607433
0.167,194.197647,1413.879761,0.237482,271.746277,1102.790283,-106.761528,289.778717,882.146179,-6.528974
0.175,194.183121,1413.876099,0.292869,271.737213,1102.792847,-106.689781,289.772156,882.184021,-6.419735
0.183,194.17099,1413.873291,0.353776,271.737,1102.776245,-106.616577,289.746613,882.171997,-6.337436
0.192,194.158524,1413.875488,0.428801,271.733124,1102.768555,-106.554352,289.733429,882.161133,-6.256959
0.2,194.140137,1413.871338,0.493927,271.73291,1102.755859,-106.478416,289.723053,882.144409,-6.173997
0.208,194.146057,1413.86792,0.593175,271.734344,1102.750366,-106.415779,289.707916,882.138489,-6.118746
0.217,194.135132,1413.851929,0.663986,271.713135,1102.73877,-106.346657,289.698547,882.120972,-6.059785
0.225,194.121979,1413.837891,0.771482,271.713867,1102.726807,-106.273613,289.704437,882.119385,-6.01819
0.233,194.11232,1413.831909,0.860551,271.706818,1102.721069,-106.216377,289.684143,882.102173,-5.973202
0.242,194.10965,1413.820435,0.967439,271.712006,1102.710083,-106.141434,289.670807,882.087708,-5.930475
0.25,194.101456,1413.808716,1.075426,271.718201,1102.716309,-106.086563,289.657166,882.077148,-5.890594
0.258,194.091202,1413.790649,1.201512,271.724518,1102.709717,-106.03196,289.642975,882.064819,-5.868985
0.267,194.091278,1413.766968,1.304629,271.726837,1102.714355,-105.98085,289.625885,882.053284,-5.85488
0.275,194.089798,1413.745728,1.438721,271.721283,1102.717651,-105.93177,289.612671,882.03949,-5.835886
0.283,194.072723,1413.731934,1.572279,271.724152,1102.717651,-105.879967,289.604614,882.02832,-5.836192
0.292,194.067841,1413.703003,1.72626,271.716553,1102.721924,-105.84919,289.583221,882.016846,-5.838737
0.3,194.071915,1413.695312,1.847443,271.723419,1102.746216,-105.826256,289.56189,882.006958,-5.84966
0.308,194.082489,1413.679932,1.996661,271.709351,1102.748535,-105.779633,289.539398,881.98291,-5.858893
0.317,194.088882,1413.640991,2.125218,271.695709,1102.748047,-105.754387,289.522095,881.971985,-5.869174
0.325,194.082703,1413.612793,2.302347,271.691284,1102.762451,-105.728302,289.508575,881.943481,-5.901711
0.333,194.11377,1413.575317,2.493672,271.694824,1102.769287,-105.712173,289.496552,881.92804,-5.94866
0.342,194.116165,1413.550781,2.684946,271.674072,1102.774292,-105.695267,289.475128,881.879028,-6.018243
0.35,194.148361,1413.498169,2.892834,271.673279,1102.78418,-105.694725,289.432495,881.831116,-6.076574
0.358,194.157837,1413.450928,3.124879,271.661163,1102.787354,-105.681374,289.416687,881.801453,-6.129963
0.367,194.193176,1413.387451,3.353537,271.648407,1102.789673,-105.677231,289.384125,881.745117,-6.189771
0.375,194.204758,1413.310425,3.5903,271.637665,1102.815918,-105.690636,289.369263,881.722595,-6.276517
0.383,194.231155,1413.251343,3.829436,271.640717,1102.826782,-105.706932,289.35733,881.69635,-6.382046
0.392,194.266342,1413.201538,4.078754,271.63031,1102.855347,-105.730118,289.335754,881.673279,-6.480372
0.4,194.272888,1413.154663,4.353331,271.629242,1102.895508,-105.752136,289.300781,881.656189,-6.59955
0.408,194.312164,1413.109253,4.62533,271.641968,1102.946411,-105.795197,289.283875,881.624573,-6.722277
0.417,194.361115,1413.075073,4.939917,271.647766,1103.00415,-105.823074,289.277252,881.621399,-6.857897
0.425,194.434494,1413.013184,5.23592,271.68515,1103.088745,-105.872505,289.265808,881.623535,-7.016897
0.433,194.479034,1412.945801,5.596469,271.740631,1103.173584,-105.932671,289.334473,881.623108,-7.220913
0.442,194.510513,1412.897217,5.913553,271.800415,1103.270386,-106.000351,289.362885,881.662231,-7.409631
0.45,194.518524,1412.835205,6.283183,271.862732,1103.386841,-106.072205,289.359772,881.736206,-7.586558
0.458,194.516083,1412.777466,6.559311,271.939697,1103.516968,-106.178032,289.406677,881.798035,-7.765489
0.467,194.580124,1412.742676,6.83563,272.030426,1103.687256,-106.289566,289.478119,881.896301,-7.988348
0.475,194.648499,1412.713379,7.087146,272.145203,1103.870605,-106.396935,289.571655,881.98938,-8.222004
0.483,194.74144,1412.663086,7.399135,272.297485,1104.05481,-106.523094,289.652863,882.093994,-8.467639
0.492,194.840424,1412.630615,7.787982,272.443024,1104.248413,-106.667,289.726501,882.182678,-8.756262
0.5,194.915192,1412.600586,8.208336,272.59845,1104.41333,-106.812363,289.81897,882.265625,-9.013683
0.508,194.941925,1412.525146,8.672634,272.750244,1104.567627,-106.933952,289.935089,882.345825,-9.247472
0.517,194.972672,1412.49231,9.252807,272.911224,1104.724731,-107.04258,290.053497,882.399109,-9.479751
0.525,195.042252,1412.430298,9.676944,273.088318,1104.871826,-107.155464,290.214111,882.445801,-9.737236
0.533,195.131241,1412.344971,10.113203,273.266144,1105.005493,-107.238968,290.428711,882.498291,-10.006429
0.542,195.213577,1412.239014,10.5577,273.448547,1105.136963,-107.343132,290.606171,882.494751,-10.257653
0.55,195.304031,1412.118774,11.031046,273.606354,1105.25,-107.448425,290.736938,882.486633,-10.479656
0.558,195.428909,1411.998413,11.552694,273.751038,1105.364136,-107.506218,290.895935,882.486328,-10.798836
0.567,195.578873,1411.860596,12.219631,273.901245,1105.451294,-107.570518,291.037689,882.422607,-11.088137
0.575,195.723419,1411.716187,12.737661,274.046295,1105.538452,-107.577454,291.161072,882.3396,-11.342929
0.583,195.841263,1411.542847,13.281781,274.15686,1105.579956,-107.573112,291.288055,882.238708,-11.626904
0.592,195.958832,1411.375366,13.916513,274.239899,1105.608643,-107.526619,291.436432,882.10907,-11.9477
0.6,196.045868,1411.179688,14.542959,274.318909,1105.641724,-107.446678,291.590302,881.976135,-12.226425
0.608,196.126923,1410.994751,15.286257,274.385773,1105.658325,-107.329247,291.657715,881.895203,-12.438086
0.617,196.246872,1410.753296,15.958419,274.453613,1105.688354,-107.192322,291.826569,881.726196,-12.656307
0.625,196.374313,1410.532104,16.696686,274.554199,1105.715942,-107.039772,291.966278,881.617554,-12.854368
0.633,196.468079,1410.301758,17.476833,274.672394,1105.74646,-106.844048,292.120605,881.514221,-12.983261
0.642,196.582977,1410.061279,18.284002,274.805359,1105.768799,-106.627792,292.324707,881.396118,-13.027657
0.65,196.690704,1409.801514,19.193384,274.977142,1105.769775,-106.352364,292.535217,881.336121,-13.020562
0.658,196.792007,1409.526123,20.085749,275.192383,1105.763428,-106.054741,292.716492,881.248596,-12.9431
0.667,196.902863,1409.241089,21.112106,275.422913,1105.77478,-105.67865,292.93866,881.138428,-12.813755
0.675,197.025162,1408.979614,22.155397,275.678528,1105.803101,-105.278824,293.202179,881.027588,-12.604737
0.683,197.108749,1408.720703,23.249096,275.972168,1105.84082,-104.83448,293.487183,880.96051,-12.347079
0.692,196.811478,1407.743896,23.630976,276.273529,1105.880737,-104.337463,293.822845,880.900818,-12.040465
0.7,196.881744,1407.5354,24.717812,276.524567,1105.962769,-103.752663,294.145599,880.792908,-11.651798
0.708,196.927795,1407.225586,25.881523,276.906067,1105.933472,-103.030251,294.595764,880.686157,-11.126919
0.717,196.930115,1406.881714,27.109213,277.24527,1105.950806,-102.304405,294.941833,880.575562,-10.674864
0.725,196.9702,1406.628052,28.360886,277.545532,1105.984131,-101.512917,295.299408,880.472839,-10.220348
0.733,197.005615,1406.352539,29.56328,277.855255,1106.030762,-100.643669,295.782257,880.386353,-9.634467
0.742,197.107574,1406.167114,30.991045,278.269409,1106.043091,-99.623093,296.397949,880.275635,-8.844792
0.75,197.158722,1405.954956,32.382492,278.592773,1106.069824,-98.619255,296.892914,880.17395,-7.956258
0.758,197.126266,1405.670044,33.910652,278.903473,1106.02832,-97.547195,297.500946,880.098328,-7.01438
0.767,197.161209,1405.292847,35.599319,279.226196,1105.973877,-96.342529,298.270355,880.096924,-5.874227
0.775,197.205902,1404.95459,37.23526,279.566223,1105.959839,-95.078201,298.849121,880.088867,-4.665619
0.783,197.232224,1404.653564,38.918621,279.844482,1105.875122,-93.804802,299.408051,879.986389,-3.450727
0.792,197.301636,1404.325806,40.750912,280.297791,1105.768311,-92.312294,300.1026,879.872192,-2.030874
0.8,197.225754,1403.897949,42.648434,280.636353,1105.646118,-90.857002,300.515167,879.707642,-0.719768
0.808,197.193665,1403.378052,44.666889,281.012543,1105.537598,-89.258408,301.184052,879.52478,0.855845
0.817,197.220718,1402.972046,46.609116,281.410065,1105.312622,-87.617828,301.644958,879.265564,2.347666
0.825,197.144882,1402.459839,48.688698,281.809875,1105.081909,-85.882484,302.163727,879.013184,3.920763
0.833,197.148529,1401.839355,50.826614,282.215485,1104.795898,-84.094292,302.68869,878.695618,5.541305
0.842,197.110107,1401.239136,53.006382,282.589691,1104.536865,-82.29068,303.080444,878.357361,7.244214
0.85,196.954956,1400.596558,55.255852,283.074524,1104.096558,-80.32431,303.55188,877.908813,9.100526
0.858,196.847458,1399.839233,57.586868,283.417236,1103.726685,-78.49131,303.839722,877.480713,10.812388
0.867,196.681564,1399.105103,59.908752,283.89151,1103.260864,-76.501404,304.30127,876.954285,12.762623
0.875,196.449493,1398.240356,62.363209,284.26181,1102.795654,-74.546028,304.615295,876.439514,14.623963
0.883,196.318298,1397.365723,64.815659,284.793915,1102.310913,-72.425041,305.010254,875.886719,16.568323
0.892,196.064941,1396.42627,67.221001,285.212708,1101.7677,-70.415535,305.34436,875.309021,18.561285
0.9,195.913345,1395.433716,69.654793,285.794312,1101.126465,-68.202866,305.630371,874.695129,20.598608
0.908,195.6465,1394.360474,72.167908,286.22995,1100.493652,-66.098442,306.089569,874.00354,22.783424
0.917,195.345886,1393.342529,74.60025,286.865234,1099.782715,-63.860752,306.403717,873.308838,24.908581
0.925,195.075226,1392.192871,77.182495,287.415955,1099.07666,-61.615688,306.90686,872.542297,27.23238
0.933,194.758789,1391.069946,79.618378,287.950897,1098.262085,-59.360466,307.211517,871.786926,29.483589
0.942,194.463226,1389.763916,82.054062,288.543579,1097.455811,-57.024647,307.721954,870.870483,31.845123
0.95,194.21492,1388.521118,84.439812,288.992279,1096.573486,-54.760307,308.081238,869.991272,34.145855
0.958,193.845291,1387.215454,86.926826,289.585938,1095.567749,-52.366714,308.467987,868.951233,36.599075
0.967,193.563232,1385.887817,89.313164,290.137604,1094.502686,-50.05526,308.907867,867.957703,38.986721
0.975,193.304932,1384.432861,91.651367,290.57074,1093.491333,-47.745861,309.237854,866.849365,41.373306
0.983,192.927551,1382.898438,94.100899,291.088379,1092.29541,-45.337196,309.525513,865.741821,43.861355
0.992,192.588684,1381.516113,96.38958,291.673096,1091.172607,-43.154541,309.829041,864.526489,46.237839
1,192.288895,1379.949951,98.732086,292.125854,1089.90625,-40.805988,309.998962,863.233154,48.667622
1.008,191.894669,1378.332153,101.033852,292.419891,1088.6521,-38.675755,310.211273,861.920288,51.131962
1.017,191.157547,1376.559326,103.149323,292.934753,1087.378296,-36.639587,310.294922,860.511963,53.512886
1.025,190.78598,1374.880371,105.35244,293.113922,1085.998535,-34.546787,310.468048,859.125977,55.967098
1.033,190.453094,1373.200073,107.568642,293.050018,1084.270142,-31.278252,310.475342,857.618896,58.308193
1.042,189.959473,1371.536377,109.798882,293.187531,1082.755493,-29.109753,310.638062,856.131958,60.826321
1.05,189.616379,1369.758301,112.002792,293.375275,1081.141479,-26.630526,310.574036,854.61261,63.202469
1.058,189.269012,1367.956421,114.345291,293.28653,1079.55249,-24.449617,310.486755,853.001465,65.599014
1.067,188.804062,1366.12207,116.597015,293.285706,1077.84314,-22.066603,310.498535,851.396729,68.098274
1.075,188.479355,1364.199341,118.92289,293.113007,1076.078125,-19.872889,310.290344,849.604126,70.375008
1.083,188.186218,1362.369507,121.190552,293.022858,1074.365356,-17.666462,310.206818,847.877014,72.779259
1.092,187.825363,1360.324341,123.483856,292.907166,1072.451294,-15.381117,309.960663,845.974915,75.138138
1.1,187.378754,1358.260254,125.830185,292.660248,1070.58374,-13.179206,309.620514,844.065369,77.356506
1.108,187.031906,1356.042847,128.121155,292.510284,1068.652466,-10.922812,309.235626,842.013123,79.628799
1.117,186.623932,1353.835571,130.399475,292.461456,1066.526123,-8.701984,308.993683,839.970398,82.012985
1.125,186.308212,1351.615479,132.711334,292.225281,1064.484131,-6.544441,308.559296,837.755676,84.308777
1.133,186.029404,1349.307495,134.959946,292.106995,1062.200684,-4.285278,308.085571,835.530884,86.581177
1.142,185.639999,1346.909912,137.199142,291.82843,1059.9552,-2.059679,307.709442,833.30426,88.94371
1.15,185.268616,1344.437256,139.468063,291.618256,1057.563721,-0.00784,307.309601,830.876831,91.395699
1.158,184.958023,1341.838501,141.693161,291.578735,1055.213501,2.158656,306.829987,828.466858,93.769402
1.167,184.64592,1339.240356,143.986115,291.354584,1052.668457,4.313078,306.335663,825.878235,96.108406
1.175,184.314713,1336.587769,146.247223,291.084686,1050.068481,6.520959,305.834045,823.255127,98.534615
1.183,184.056519,1333.845337,148.442459,291.054108,1047.442627,8.702847,305.413849,820.592163,100.877869
1.192,183.735016,1331.081909,150.577835,290.831421,1044.681152,10.850182,304.865082,817.929138,103.264015
1.2,183.420959,1328.251465,152.724335,290.709167,1041.964844,13.092976,304.223755,815.167786,105.507217
1.208,183.192017,1325.401855,154.813843,290.656097,1039.200073,15.364395,303.620026,812.37262,107.86203
1.217,182.902466,1322.534668,156.902786,290.413544,1036.304932,17.553362,303.212311,809.513062,110.212105
1.225,182.710953,1319.65271,159.014343,290.420349,1033.370361,19.819397,302.45697,806.560913,112.51001
1.233,182.46109,1316.717407,161.10643,290.184845,1030.617798,22.024744,301.866882,803.7547,114.791618
1.242,182.140091,1313.782349,163.222855,289.88327,1027.645386,24.181181,301.0383,800.751465,117.153625
1.25,181.923706,1310.869019,165.220474,289.751923,1024.772095,26.320368,300.545197,797.930969,119.382584
1.258,181.601074,1307.994995,167.253601,289.473541,1021.882324,28.415583,299.998047,795.099609,121.615593
1.267,181.288986,1305.128174,169.294296,289.095245,1018.937012,30.501621,299.395721,792.149414,123.819489
1.275,180.989532,1302.196655,171.093384,288.907837,1016.054504,32.597736,298.656067,789.312866,125.975189
1.283,180.674805,1299.35083,173.066559,288.645111,1013.106689,34.572849,298.000061,786.318726,128.109451
1.292,180.089615,1295.950684,173.293655,288.361877,1010.260925,36.579308,297.207886,783.389832,130.40686
1.3,179.920624,1293.049561,174.999908,288.054413,1007.360107,38.545605,296.601685,780.421204,132.571335
1.308,179.63446,1290.088379,176.467102,287.892761,1004.394409,40.541473,296.089294,777.488708,134.906876
1.317,179.518768,1287.236572,177.971558,287.586884,1001.45459,42.429081,295.712555,774.708313,136.926102
1.325,179.319061,1284.311157,179.282898,287.281342,998.55896,44.283138,295.193146,771.652832,139.233032
1.333,179.022949,1281.423462,180.618439,287.000671,995.58667,46.269611,294.980042,768.935242,141.298431
1.342,178.80603,1278.560669,181.898849,286.715851,992.583191,48.080006,294.083221,765.867188,143.691956
1.35,178.568848,1275.681152,183.048126,286.456085,989.577881,49.892204,293.572754,763.029785,146.051819
1.358,178.386017,1272.931396,184.208481,286.055054,986.796265,51.825935,293.166534,760.205383,148.30098
1.367,178.322342,1270.194458,185.321945,285.827209,983.798279,53.676208,292.523804,757.305847,150.557175
1.375,178.187775,1267.477051,186.293289,285.516724,980.858765,55.52383,292.054596,754.61261,152.702927
1.383,177.997086,1264.833496,187.283844,285.188995,978.091858,57.372635,291.498535,751.908264,154.977158
1.392,177.889999,1262.199097,188.269638,284.877747,975.356506,59.20496,290.949249,749.327087,157.001282
1.4,177.736115,1259.675537,189.136093,284.560455,972.63208,61.152672,290.200012,746.66803,158.999634
1.408,177.572388,1257.262695,189.971603,284.262787,970.080994,63.037067,289.607361,744.208435,160.956696
1.417,177.470718,1254.86499,190.737411,283.863342,967.538269,64.81192,288.954712,741.63385,162.840942
1.425,177.346176,1252.536011,191.476578,283.309814,964.990845,66.765541,288.382294,739.153198,164.853104
1.433,177.261017,1250.261841,192.109711,282.832153,962.532593,68.739632,288.023499,736.685059,166.823547
1.442,177.196289,1248.118896,192.826706,282.349426,960.086609,70.769608,287.524353,734.236084,168.864517
1.45,176.95871,1245.945679,193.359375,281.708557,957.693848,72.753281,287.176849,731.872559,170.616806
1.458,176.818832,1243.888428,193.94664,281.078583,955.463501,74.353523,286.80191,729.521423,172.571304
1.467,176.649246,1242.003784,194.503738,280.320343,953.244873,76.201248,286.384308,727.241943,174.435364
1.475,176.420609,1239.990479,194.887573,279.556793,950.984131,78.141724,286.008636,725.031067,176.045898
1.483,176.268585,1238.230957,195.555603,278.742889,948.992798,80.134979,285.690735,722.976074,177.621536
1.492,176.077209,1236.353271,195.855881,279.101837,947.344177,81.638618,285.272858,720.906799,179.07811
1.5,176.049301,1234.738037,196.414963,277.735168,945.295288,83.615082,284.938721,718.958191,180.470688
1.508,175.929993,1232.990112,196.673264,277.633209,943.753784,85.004501,284.5672,717.057495,181.735458
1.517,175.838287,1231.442627,197.247589,276.017731,941.796082,86.92836,284.084595,715.16156,183.029465
1.525,175.749557,1229.903809,197.51442,275.571442,940.15271,88.359566,283.756683,713.514038,184.314789
1.533,175.748398,1228.536133,198.03389,274.404907,938.450989,90.175545,283.457764,711.778076,185.349075
1.542,175.62175,1227.080688,198.247162,274.028473,936.958862,91.790413,283.049805,710.224548,186.554276
1.55,175.664337,1225.870728,198.806046,272.924164,935.318726,93.257454,282.711182,708.812927,187.758499
1.558,175.60672,1224.583984,198.942978,272.380341,933.902893,94.645348,282.447632,707.478149,188.924286
1.567,175.767258,1223.61377,199.736069,271.383423,932.652344,95.82428,282.171112,706.165527,189.919006
1.575,175.716858,1222.400757,199.593552,270.9534,931.442139,97.289246,281.878326,704.977539,191.031815
1.583,175.841782,1221.493896,200.103546,269.900848,930.266479,98.058189,281.51889,703.841614,192.056702
1.592,175.897232,1220.564941,200.310226,269.483337,929.354126,98.990547,281.268311,702.902344,192.992447
1.6,175.362885,1218.728882,198.441513,268.888489,928.381042,100.139046,281.032349,702.066895,193.906372
1.608,175.426819,1217.953857,198.721313,268.434784,927.569214,100.971558,280.713135,701.20929,194.864822
1.617,176.387451,1218.536499,201.714569,268.046265,926.667175,102.103668,280.55127,700.532837,195.738098
1.625,176.206329,1217.250244,200.822052,267.277283,925.968323,102.9496,280.373322,699.837891,196.650024
1.633,176.642929,1217.42041,202.339645,266.82959,925.254883,103.69548,280.186951,699.181885,197.609711
1.642,176.054291,1215.496948,200.082458,266.179077,924.383972,104.455864,280.041931,698.599243,198.41246
1.65,176.612579,1215.552612,201.313782,265.533386,923.775696,105.153419,279.989288,698.111206,199.246414
1.658,176.857056,1215.370117,202.542007,265.281921,923.212585,105.781654,280.025787,697.696411,199.99614
1.667,176.901733,1214.866455,202.760208,264.842743,922.716797,106.372566,280.087524,697.22345,200.843185
1.675,177.108978,1214.50647,203.246078,264.732635,922.126526,107.114044,280.087219,696.671753,201.660126
1.683,177.246277,1214.005249,203.27681,264.108734,921.578674,107.638992,280.286285,696.273193,202.406158
1.692,177.36705,1213.647461,203.567276,263.778717,921.081909,108.160164,280.365692,695.885193,203.012924
1.7,177.477081,1213.030396,203.430161,262.318909,920.205444,108.886986,280.441528,695.437927,203.717285
1.708,177.696533,1212.643677,203.814804,262.001373,919.675842,109.605507,280.575989,695.022705,204.346298
1.717,177.790649,1212.102661,203.840576,261.658478,919.152771,110.03418,280.77536,694.667603,205.034851
1.725,177.969208,1211.753906,204.229645,261.3815,918.537781,110.455681,280.946533,694.307556,205.749832
1.733,178.10083,1211.2854,204.304611,261.08548,918.063721,110.775368,281.135468,694.006592,206.309113
1.742,178.359894,1210.964722,204.677597,260.804718,917.589294,111.187683,281.304657,693.735535,206.934921
1.75,177.639923,1209.440796,202.257736,260.543396,917.075256,111.517754,281.453064,693.427551,207.421097
1.758,177.766037,1209.064941,202.344406,260.317566,916.637756,112.016823,281.65448,693.160217,207.886139
1.767,177.952011,1208.665283,202.423355,260.110779,916.247437,112.27903,281.876434,692.881592,208.335861
1.775,178.922836,1209.37854,204.912827,259.867157,915.88031,112.687859,282.222382,692.595093,208.773117
1.783,178.177094,1207.893311,202.579849,259.642334,915.447937,113.09304,282.460785,692.333984,209.092896
1.792,178.297318,1207.560791,202.655167,259.517395,915.106873,113.277313,282.650726,692.128723,209.375275
1.8,178.403229,1207.20874,202.737946,259.389893,914.760681,113.566368,282.754669,691.896729,209.728714
1.808,178.521622,1206.894409,202.789612,259.324921,914.404724,113.729362,282.889984,691.741516,210.022446
1.817,178.62944,1206.604736,202.830063,259.299316,914.118652,113.887611,283.010498,691.574463,210.256592
1.825,178.740677,1206.314453,202.868164,259.270386,913.874084,114.061142,283.12735,691.319458,210.400223
1.833,178.861633,1206.099609,202.938217,259.28064,913.64917,114.232155,283.225433,691.142395,210.518707
1.842,178.957504,1205.928589,203.001129,259.367004,913.448792,114.38829,283.33905,690.967407,210.600555
1.85,179.015564,1205.775146,203.04837,259.401855,913.32959,114.554466,283.453461,690.83844,210.689331
1.858,179.035965,1205.652466,203.091263,259.470276,913.21875,114.698349,283.57251,690.740906,210.780502
1.867,179.076218,1205.573608,203.169418,259.576599,913.13855,114.843895,283.713104,690.66626,210.860886
1.875,179.074463,1205.510498,203.281586,259.713593,913.08783,115.003281,283.853058,690.626709,210.997208
1.883,179.04953,1205.476074,203.400131,259.810547,913.107971,115.196297,284.064789,690.608582,211.159943
1.892,178.983353,1205.451294,203.513824,260.009979,913.140015,115.433655,284.270111,690.640564,211.291153
1.9,178.82724,1205.430786,203.642029,260.168091,913.207275,115.623749,284.511047,690.725708,211.410217
1.908,178.733704,1205.458008,203.785889,260.288788,913.337219,115.79808,284.780396,690.796387,211.538605
1.917,178.602493,1205.49585,203.934433,260.455841,913.465637,116.05909,285.02774,690.883423,211.660339
1.925,178.44986,1205.553223,204.087723,260.622345,913.625183,116.216209,285.303223,690.987,211.743179
1.933,178.279129,1205.575806,204.212891,260.800018,913.765137,116.369865,285.597656,691.084473,211.814911
1.942,178.113037,1205.628418,204.324753,260.947571,913.952148,116.502167,285.892883,691.176697,211.933014
1.95,177.959747,1205.682129,204.419785,261.117493,914.110779,116.643799,286.176117,691.329407,212.105438
1.958,177.791962,1205.741333,204.538956,261.298737,914.294861,116.736893,286.481873,691.474426,212.287903
1.967,177.631989,1205.796387,204.641296,261.496216,914.444824,116.812416,286.81781,691.637024,212.463455
1.975,177.452255,1205.850586,204.74202,261.66153,914.592285,116.933929,287.130676,691.813171,212.606369
1.983,177.259247,1205.904541,204.819672,261.805847,914.759338,117.084633,287.519165,692.035034,212.766251
1.992,177.019958,1205.933716,204.854095,261.963837,914.898926,117.314079,287.905884,692.277771,212.890289
2,176.828873,1205.991455,204.9048,262.109924,915.100952,117.381012,288.299591,692.499084,212.992111
2.008,176.625885,1206.046021,204.93222,262.310303,915.202332,117.559242,288.742126,692.70697,213.095184
2.017,176.384567,1206.087402,204.988922,262.418579,915.368896,117.739601,289.126251,692.866882,213.20401
2.025,176.194351,1206.137939,205.069992,262.562531,915.517883,117.853554,289.55368,693.022156,213.371277
2.033,175.982941,1206.184814,205.134399,262.714905,915.645386,117.995758,290.055084,693.226013,213.576508
2.042,175.758209,1206.238647,205.19429,262.863831,915.845764,118.139496,290.510132,693.410828,213.821579
2.05,175.513016,1206.28772,205.251373,263.06839,915.984741,118.320015,290.937256,693.569275,214.067444
2.058,175.30722,1206.310669,205.306503,263.23349,916.161194,118.493904,291.447174,693.722351,214.318268
2.067,175.112671,1206.330688,205.402924,263.52829,916.228149,118.669434,291.916931,693.836792,214.497253
2.075,174.924942,1206.324829,205.464355,263.809662,916.343323,118.908241,292.459564,693.936218,214.73172
2.083,174.753708,1206.324829,205.522705,264.081329,916.496582,119.038216,292.990448,694.053162,214.911636
2.092,174.564682,1206.314453,205.538315,264.367401,916.606567,119.145645,293.459015,694.205933,215.124634
2.1,174.347397,1206.320312,205.539383,264.649261,916.725464,119.22213,293.878845,694.370361,215.368301
2.108,174.081421,1206.330322,205.500763,264.999084,916.840576,119.33799,294.29364,694.472717,215.622849
2.117,173.791595,1206.315796,205.427078,265.285553,916.905823,119.601692,294.80069,694.540588,215.930511
2.125,173.405914,1206.284912,205.288742,265.599457,917.010864,119.66626,295.326202,694.615112,216.232544
2.133,173.097931,1206.288452,205.175446,265.997009,917.076599,119.784302,295.889252,694.653625,216.603043
2.142,172.750717,1206.298218,205.033707,266.833008,917.329773,119.722473,296.350342,694.733093,217.070343
2.15,172.47998,1206.345093,204.86763,267.462036,917.546753,119.662125,296.775421,694.777954,217.501282
2.158,172.222061,1206.435913,204.66185,267.954193,917.632935,119.734177,297.212738,694.870667,217.923523
2.167,172.075699,1206.53064,204.521942,268.371094,917.709656,119.807541,297.738861,695.014465,218.313034
2.175,171.959457,1206.680542,204.398087,268.832458,917.833618,119.857559,298.151703,695.196899,218.608353
2.183,171.895126,1206.872803,204.257553,269.290649,918.051392,119.841515,298.453339,695.440125,218.795227
2.192,171.848038,1207.184326,204.111664,269.719025,918.425476,119.810265,298.72287,695.800354,218.889038
2.2,171.797745,1207.641602,204.001434,270.176605,918.908691,119.774963,299.022034,696.308105,218.96077
2.208,171.69722,1208.253418,203.81041,270.617676,919.612061,119.591347,299.357727,696.946594,218.935471
2.217,171.562225,1208.850952,203.63266,271.115448,920.356506,119.367744,299.713654,697.666931,218.963776
2.225,171.379135,1209.472656,203.456619,271.638855,921.102356,119.042404,300.092896,698.380249,218.778976
2.233,171.116074,1210.192383,203.293381,272.239716,922.045105,118.645081,300.471161,699.088806,218.582474
2.242,170.697311,1210.92041,203.047195,273.030396,923.08783,118.211235,300.986725,699.930786,218.2164
2.25,170.373627,1211.768921,202.717148,273.938751,924.309509,117.692848,301.458954,700.831848,217.760529
2.258,170.099915,1212.494263,202.479126,274.844635,925.484009,116.923973,301.860291,701.84613,217.417023
2.267,169.897934,1213.326782,202.21994,275.83078,926.741211,116.065865,302.364746,702.923523,216.755646
2.275,169.897141,1214.263306,201.855865,277.033508,928.115479,115.110504,302.796936,703.918945,216.145248
2.283,169.884933,1215.201416,201.581436,278.374603,929.394348,114.13031,303.247894,705.0979,215.530548
2.292,169.884567,1215.997314,201.258636,279.751007,930.760437,112.727219,303.696594,706.362305,214.907593
2.3,169.913971,1216.92334,200.826172,281.217621,932.129456,111.356995,304.149963,707.551514,214.17601
2.308,169.967361,1217.87793,200.480179,282.894775,933.547607,110.124115,304.567749,708.831848,213.335541
2.317,170.073135,1218.774902,200.125,284.575989,935.076599,108.464912,304.997253,710.144226,212.391312
2.325,170.198792,1219.65332,199.683197,286.401794,936.534668,107.036911,305.310577,711.608093,211.539185
2.333,170.282303,1220.559937,199.253143,288.213715,938.145142,105.282425,305.779236,713.114685,210.373734
2.342,170.380035,1221.529419,198.780273,290.159973,939.773438,103.354813,306.187714,714.740112,209.251724
2.35,171.321609,1223.717285,200.910187,292.192963,941.569397,101.279442,306.623535,716.459595,208.27092
2.358,171.163528,1224.128662,199.366989,294.160217,943.454773,99.227737,307.058533,718.28241,207.109467
2.367,171.561493,1225.452026,199.777466,296.120239,945.227295,96.952858,307.528351,720.190308,206.003937
2.375,171.430176,1226.119141,198.741013,298.069061,947.134521,94.898308,308.102875,722.343689,204.757095
2.383,171.743637,1227.476685,198.667847,299.992035,949.263672,92.607857,308.697144,724.5047,203.419861
2.392,171.64592,1228.17688,197.833847,301.815613,951.329529,89.944405,309.217316,726.835449,202.09314
2.4,171.939255,1229.435181,197.874619,303.682098,953.577393,86.993095,309.931519,729.179504,200.494125
2.408,172.000351,1230.398438,197.093689,305.584167,956.003052,84.311302,310.504425,731.82251,198.846344
2.417,172.061798,1231.468262,196.910278,307.286316,958.407166,81.45211,311.069702,734.505859,197.027283
2.425,172.272995,1232.563721,196.508301,309.292603,960.970642,78.352165,311.767548,737.331055,195.050629
2.433,172.421661,1233.696411,195.995529,311.248596,963.792236,75.148773,312.319031,740.366516,193.097885
2.442,172.565155,1234.78479,195.778717,313.350006,966.663513,72.169121,312.9216,743.418762,190.930008
2.45,172.759735,1235.930908,195.381973,315.481018,969.732544,69.049385,313.468719,746.59729,188.638123
2.458,172.914413,1237.012817,195.155899,317.631622,972.822693,65.66317,314.003326,749.992004,186.281113
2.467,173.032074,1238.061523,194.999374,319.925018,976.200073,62.439156,314.699219,753.405518,183.832977
2.475,173.286896,1239.135376,194.619385,322.230988,979.49469,59.192432,315.197693,756.947327,181.331558
2.483,173.441177,1240.076294,194.312576,324.60849,982.8573,56.076237,315.768982,760.553101,178.81485
2.492,173.613373,1241.073608,194.266724,327.277496,986.410583,52.890709,316.397186,764.313538,176.262695
2.5,173.847046,1242.049072,194.027878,329.926147,989.970093,49.704063,317.000275,768.223816,173.677628
2.508,174.058655,1242.914551,193.681213,332.581207,993.668518,46.519981,317.650604,772.290161,170.858734
2.517,174.301193,1243.841187,193.614365,335.413605,997.485718,43.33971,318.279297,776.144348,168.047928
2.525,174.531815,1244.78418,193.500046,338.063812,1001.497009,40.170147,318.925842,780.392334,165.002914
2.533,174.787247,1245.630615,193.093933,340.615234,1005.534546,37.180439,319.428802,784.514282,161.990341
2.542,174.899429,1246.522705,193.076187,343.313324,1009.749084,34.004807,319.971771,788.773743,158.801544
2.55,174.960709,1247.476318,193.062622,345.825684,1013.99884,30.801849,320.6203,793.021851,155.369659
2.558,175.10527,1248.327515,192.825928,348.216309,1018.392212,27.909431,321.35498,797.375305,151.78157
2.567,175.120224,1249.154175,192.62178,350.760895,1023.154968,24.461929,321.921814,801.771912,148.152466
2.575,175.028168,1250.019531,192.650604,352.8638,1027.493164,21.789757,322.396545,806.066956,144.703094
2.583,175.03421,1250.897583,192.726593,355.098175,1032.120483,18.992249,322.84137,810.44989,141.152634
2.592,175.053665,1251.663086,192.516266,357.200653,1036.896729,16.043941,323.293915,814.876831,137.45813
2.6,174.991302,1252.531616,192.4104,359.274994,1041.735352,13.043399,323.600616,819.346802,133.945435
2.608,174.797028,1253.313721,192.499664,361.24411,1046.694092,10.07249,324.000305,824.068726,130.089874
2.617,174.787537,1254.173584,192.767761,363.127289,1051.609863,7.362433,324.226746,828.647949,126.527145
2.625,174.774796,1254.964233,192.752609,364.933044,1056.708984,4.504481,324.334229,833.47876,122.536163
2.633,174.601654,1255.818726,192.586761,366.754944,1061.84436,1.857247,324.267517,838.156555,118.620972
2.642,174.494324,1256.602661,192.733185,368.413696,1066.994507,-0.85383,324.217285,842.920593,114.668877
2.65,174.437408,1257.320312,192.898178,370.017426,1072.401489,-3.558022,323.985413,847.887634,110.622887
2.658,174.370651,1258.115479,192.769852,371.489746,1077.552734,-6.201557,323.620361,852.836121,106.77388
2.667,174.286179,1258.859619,192.565552,372.89447,1082.859619,-8.838617,323.152435,857.769348,102.927628
2.675,174.231537,1259.576904,192.417526,374.089905,1088.230957,-11.515818,322.692047,862.913635,99.143753
2.683,174.230469,1260.217163,192.368134,375.286804,1093.458862,-14.079284,322.093292,868.022827,95.511948
2.692,174.17659,1260.848267,192.236725,376.36377,1098.792725,-16.7111,321.348297,873.104248,91.807541
2.7,174.151962,1261.5177,191.923721,377.198975,1104.034302,-19.196548,320.495178,878.316772,88.112923
2.708,174.133087,1262.17981,191.671967,378.02179,1109.296753,-21.660908,319.563873,883.333252,84.435944
2.717,173.957611,1262.817749,191.500076,378.705414,1114.626831,-24.160067,318.540253,888.387451,80.746185
2.725,173.679626,1263.380249,191.276474,379.280823,1119.78772,-26.404755,317.443726,893.462341,77.012856
2.733,173.419525,1263.979614,191.054825,379.786194,1125.02063,-28.587585,316.306671,898.502747,73.550354
2.742,173.1828,1264.688599,190.875473,380.068115,1130.317017,-30.718346,315.237732,903.515503,70.098022
2.75,173.051514,1265.517578,190.815659,380.110687,1135.422119,-32.986351,314.155762,908.464539,66.681931
2.758,172.945114,1266.349854,190.740356,380.149536,1140.483276,-35.146343,313.021545,913.38501,63.321209
2.767,172.729675,1267.089478,190.550049,379.989197,1145.606812,-37.304722,311.924713,918.320923,60.150204
2.775,172.617477,1267.885986,190.443451,379.810699,1150.48938,-39.523834,310.87442,923.105408,56.973293
2.783,172.55307,1268.763672,190.341843,379.518555,1155.421631,-41.517902,309.739166,927.734863,53.773071
2.792,172.357025,1269.549072,190.080276,378.910919,1160.392578,-43.597256,308.620605,932.260925,50.624996
2.8,172.143692,1270.186035,189.852463,378.446503,1164.908203,-45.528805,307.596893,936.715271,47.594639
2.808,171.961365,1270.864014,189.6492,377.803741,1169.671387,-47.617859,306.551788,941.191833,44.583611
2.817,171.833282,1271.562866,189.454681,377.292755,1174.206909,-49.483856,305.553955,945.414124,41.786781
2.825,171.721634,1272.293457,189.258545,376.531952,1178.552002,-51.486305,304.524506,949.607483,39.104382
2.833,171.621796,1272.903687,188.954498,375.78302,1182.976196,-53.416813,303.628906,953.66449,36.001122
2.842,171.550446,1273.466797,188.716171,374.804199,1187.451782,-55.206127,302.683136,957.667786,33.175671
2.85,171.486862,1274.066162,188.598755,373.974792,1191.683594,-57.023445,301.800415,961.554993,30.889761
2.858,171.475937,1274.699463,188.433319,372.867523,1195.771118,-59.011387,301.040833,965.40863,28.067297
2.867,171.498062,1275.348145,188.177368,371.794037,1200.142456,-60.873077,300.291626,969.203979,25.105324
2.875,171.502243,1275.980591,187.888245,370.685089,1204.207886,-62.748581,299.468536,972.926636,22.717276
2.883,171.48053,1276.490479,187.688416,369.585022,1208.334473,-64.418877,298.752594,976.558105,20.154362
2.892,171.413712,1276.923584,187.431931,368.274719,1212.577637,-66.212166,297.990936,980.226868,17.443182
2.9,171.413635,1277.454834,187.159698,367.096008,1216.473511,-67.735031,297.352936,983.810425,14.885913
2.908,171.444031,1278.022949,186.811417,366.057709,1220.451416,-69.359543,296.747986,987.376404,12.693652
2.917,171.480255,1278.574341,186.534866,364.940796,1224.354858,-70.922974,296.070801,990.800781,10.627965
2.925,171.473618,1278.988403,186.230042,363.842133,1228.254639,-72.511559,295.488617,994.210632,8.199189
2.933,171.403427,1279.313843,185.793579,362.858887,1231.720337,-73.661285,294.84494,997.594788,6.009486
2.942,171.379868,1279.625732,185.46225,361.744934,1235.408936,-75.122284,294.320221,1000.868103,4.084304
2.95,171.408539,1279.977661,185.164795,360.697296,1238.951416,-76.411507,293.714081,1004.043457,2.132885
2.958,171.263626,1280.204956,184.598648,359.768555,1242.418091,-77.613235,293.171509,1007.197021,0.355121
2.967,171.300507,1280.6427,184.19812,358.906372,1245.591797,-78.817581,292.572693,1010.271179,-1.396909
2.975,171.287598,1281.016357,183.833008,357.832916,1248.840576,-80.018517,292.018433,1013.368103,-3.017059
2.983,171.284943,1281.393799,183.521439,356.84613,1252.015137,-81.079857,291.390442,1016.219116,-4.572292
2.992,171.218277,1281.706665,183.117065,355.836273,1255.003174,-82.251259,290.888489,1018.92926,-5.986005
3,171.162994,1282.047485,182.785355,354.845093,1257.903687,-83.261932,290.401947,1021.672974,-7.415187
3.008,171.079544,1282.352539,182.500854,353.832886,1260.764282,-84.26091,289.896393,1024.229614,-8.653516
3.017,170.938477,1282.690918,182.220428,352.658447,1263.397827,-85.10836,289.312103,1026.649658,-9.978915
3.025,170.733871,1282.915039,181.852768,351.572723,1266.107544,-85.944077,288.873566,1028.989258,-11.218184
3.033,170.616974,1283.166992,181.539917,350.627411,1268.513428,-86.850937,288.442169,1031.327759,-12.418709
3.042,170.616379,1283.477417,181.330551,349.698853,1270.735352,-87.612762,287.908142,1033.444702,-13.57753
3.05,170.552185,1283.681641,181.092361,348.70813,1272.987183,-88.485809,287.330109,1035.552856,-14.569771
3.058,170.510315,1283.869141,180.793854,347.711151,1275.149292,-89.353378,286.738434,1037.583984,-15.718401
3.067,170.443497,1284.030151,180.438446,346.769958,1277.053467,-90.026352,286.180511,1039.389771,-16.716019
3.075,170.435745,1284.172974,180.185272,345.872498,1278.937866,-90.779984,285.505096,1041.127075,-17.735851
3.083,170.412766,1284.283813,179.952637,344.799652,1280.663086,-91.483406,284.896271,1042.76355,-18.837381
3.092,170.388718,1284.396484,179.733139,344.140289,1282.291504,-92.102219,284.249695,1044.294189,-19.75165
3.1,170.358047,1284.516968,179.475113,343.161957,1283.767334,-92.885307,283.566528,1045.70459,-20.681559
3.108,170.308289,1284.637207,179.16449,342.391357,1285.201782,-93.495888,282.861328,1046.91272,-21.47393
3.117,170.274521,1284.739502,178.892273,341.607971,1286.431152,-94.202972,282.063873,1048.119263,-22.280464
3.125,170.225082,1284.865112,178.660263,340.805573,1287.461914,-94.826958,281.3284,1049.24646,-23.071911
3.133,170.16362,1285.01062,178.414322,339.954956,1288.536255,-95.555077,280.600464,1050.178223,-23.606916
3.142,170.088074,1285.172729,178.122162,339.112457,1289.627197,-96.678665,279.735657,1051.113403,-24.372456
3.15,169.992493,1285.331177,177.741074,338.477356,1290.209473,-97.059296,278.987305,1051.808838,-24.954988
3.158,169.867691,1285.565552,177.347443,337.815918,1290.762451,-97.780296,278.292694,1052.528564,-25.499069
3.167,169.802292,1285.846436,176.88002,337.237671,1291.133667,-98.488327,277.669464,1053.047974,-25.97381
3.175,169.69812,1286.085815,176.366608,336.718262,1291.394775,-99.249069,277.131012,1053.389648,-26.460804
3.183,169.641815,1286.27124,175.963013,336.174835,1291.525269,-99.994156,276.667297,1053.666748,-26.889959
3.192,169.68187,1286.424561,175.517365,335.787994,1291.556274,-100.720612,276.397522,1053.803467,-27.334887
3.2,169.694336,1286.470337,174.989868,335.410339,1291.531494,-101.394096,276.259583,1053.7854,-27.833521
3.208,169.746597,1286.477905,174.625961,334.993347,1291.470093,-102.198875,276.302734,1053.61853,-28.303968
3.217,169.826523,1286.426636,174.219147,334.51416,1291.149414,-102.891167,276.510193,1053.32251,-28.767527
3.225,169.971207,1286.35437,173.871719,334.168488,1290.820557,-103.519203,276.841705,1052.89563,-29.248224
3.233,170.147537,1286.226196,173.496246,333.990509,1290.408081,-104.135117,277.323181,1052.305786,-29.73262
3.242,170.364212,1286.060791,173.124115,333.879456,1289.910889,-104.656281,277.94873,1051.708984,-30.099173
3.25,170.577835,1285.896973,172.835159,333.878387,1289.133423,-105.121971,278.632477,1050.941406,-30.588287
3.258,170.809006,1285.732788,172.50856,334.056824,1288.376953,-105.409538,279.332642,1050.013672,-30.959295
3.267,170.983856,1285.561646,172.22113,334.351715,1287.578125,-105.724831,280.009766,1049.155273,-31.165726
3.275,171.120621,1285.366455,171.915314,334.878754,1286.58667,-105.878914,280.724457,1048.107178,-31.198874
3.283,171.221985,1285.19458,171.544281,335.443451,1285.571167,-105.955719,281.499817,1047.06604,-31.096447
3.292,171.308212,1285.036621,171.258423,336.172424,1284.458252,-105.976166,282.184448,1046.020874,-30.979755
3.3,171.382156,1284.895874,171.048172,336.907043,1283.316528,-105.901466,282.831512,1044.810547,-30.847282
3.308,171.435989,1284.71814,170.81337,337.529266,1282.022339,-105.842552,283.532379,1043.742188,-30.305767
3.317,171.472,1284.563721,170.62941,338.215912,1280.725342,-105.796074,284.160522,1042.459351,-29.884838
3.325,171.501953,1284.401245,170.475876,338.888153,1279.384277,-105.657211,284.859375,1041.241577,-29.270863
3.333,171.502609,1284.229736,170.326233,339.48703,1277.82959,-105.554848,285.621826,1039.956543,-28.571527
3.342,171.473114,1283.989014,170.183731,340.068298,1276.42627,-105.494026,286.230865,1038.551147,-27.993181
3.35,171.481522,1283.793091,170.005188,340.67215,1274.69397,-105.318802,286.95813,1037.177979,-27.168173
3.358,171.49559,1283.60437,169.834442,341.247192,1273.121338,-105.318031,287.80603,1035.677246,-26.317524
3.367,171.519943,1283.4021,169.679565,341.949402,1271.318726,-105.183258,288.563599,1034.192261,-25.364956
3.375,171.549377,1283.190552,169.478516,342.598999,1269.433594,-105.069046,289.395111,1032.472534,-24.388094
3.383,171.566727,1282.979614,169.254166,343.280426,1267.359985,-104.965591,290.278503,1030.791992,-23.303543
3.392,171.605087,1282.763794,169.009476,343.836395,1265.30542,-104.969696,291.128448,1028.953979,-22.161034
3.4,171.636154,1282.55603,168.782211,344.650604,1262.904663,-104.773552,291.934723,1027.044189,-21.043518
3.408,171.712357,1282.354126,168.502686,345.479889,1260.452393,-104.63044,292.887329,1024.935913,-19.702061
3.417,171.771866,1282.133179,168.182465,346.215668,1257.967529,-104.700035,293.75647,1022.805237,-18.274521
3.425,172.008942,1282.037231,168.008881,347.076996,1255.179565,-104.524971,294.72644,1020.645752,-16.678202
3.433,171.866165,1281.603516,167.278427,347.934601,1252.30603,-104.356178,295.688812,1018.381836,-14.853404
3.442,171.91069,1281.406738,166.832489,348.729126,1249.28064,-104.254547,296.607483,1015.987183,-12.827944
3.45,172.157471,1281.362549,166.578613,349.537323,1246.132568,-104.139984,297.621094,1013.650879,-10.580317
3.458,172.270493,1281.220459,166.054565,350.333893,1243.046265,-104.26757,298.545502,1011.358887,-8.144621
3.467,172.357056,1281.070068,165.464722,351.255035,1239.736206,-104.059349,299.513153,1009.011719,-5.646211
3.475,172.537857,1280.942505,164.978348,352.04306,1236.537354,-104.068886,300.249207,1006.837463,-3.03928
3.483,172.840927,1280.797729,164.537247,352.547333,1233.629028,-104.684479,301.098022,1004.681824,-0.258471
3.492,173.074112,1280.576782,164.054001,353.679169,1230.120117,-103.967545,301.872528,1002.595215,2.650994
3.5,173.310776,1280.272461,163.650482,354.304504,1226.959473,-103.912155,302.645996,1000.473999,4.94145
3.508,173.439743,1279.967407,163.257111,355.830841,1223.019897,-102.329468,303.326904,998.24939,7.873123
3.517,173.533569,1279.719971,162.871445,356.900665,1219.480957,-101.686691,303.869019,995.927917,10.878555
3.525,173.618759,1279.480225,162.396408,357.919495,1215.938232,-100.857094,304.622772,993.529724,13.579022
3.533,173.698227,1279.277222,161.961456,359.04953,1212.339478,-99.866989,305.321899,991.110474,16.213057
3.542,173.789627,1279.142944,161.613754,360.179291,1208.741089,-98.997513,305.975189,988.467529,19.053381
3.55,173.918915,1279.070801,161.24675,361.293823,1205.087891,-97.973053,306.699554,985.851624,21.88607
3.558,174.040298,1279.041504,160.945175,362.326385,1201.556519,-96.844124,307.359863,983.181274,24.408245
3.567,174.128204,1278.997925,160.659958,363.182831,1198.091675,-95.700539,308.033539,980.419006,26.616655
3.575,174.203812,1278.927734,160.46524,364.005524,1194.645264,-94.444336,308.579681,977.736145,29.204399
3.583,174.177261,1278.817261,160.295166,364.673065,1191.269409,-93.165451,309.196808,974.96991,31.695724
3.592,174.103729,1278.687988,160.133179,365.346588,1187.855469,-91.789825,309.681366,972.153625,33.796719
3.6,174.027084,1278.544922,160.009583,365.997864,1184.383057,-90.305237,310.005035,969.407104,36.232216
3.608,173.946564,1278.369141,159.847214,366.679016,1180.859619,-88.834122,310.421783,966.501892,38.552135
3.617,173.882233,1278.199463,159.623947,367.358459,1177.289307,-87.290886,310.877747,963.367126,41.129246
3.625,173.882477,1278.036011,159.368912,368.039917,1173.682617,-85.659294,311.147369,960.271301,43.472687
3.633,173.944199,1277.901855,159.16008,368.718323,1170.011841,-84.030968,311.541107,957.221069,45.789051
3.642,174.073532,1277.735718,158.980301,369.3396,1166.376099,-82.468559,311.8414,953.946533,47.944633
3.65,174.193481,1277.522827,158.843048,369.921417,1162.686646,-80.780235,312.235992,950.713013,50.113976
3.658,174.29071,1277.311768,158.738068,370.282898,1159.041626,-79.186958,312.365143,947.320251,51.981564
3.667,174.400375,1277.106689,158.690491,370.678375,1155.405029,-77.469528,312.697968,943.961365,54.036343
3.675,174.483383,1276.867432,158.667755,370.838867,1151.739258,-75.800179,312.818237,940.407043,55.82692
3.683,174.494461,1276.593872,158.615402,371.004303,1147.940918,-74.096825,313.028107,936.828857,57.767563
3.692,174.578796,1276.297852,158.577362,371.012421,1144.102295,-72.364044,313.191284,933.32019,59.815628
3.7,174.544342,1275.903564,158.5383,370.959808,1140.294312,-70.720016,313.502197,929.78949,62.099064
3.708,174.545074,1275.501465,158.49646,370.730286,1136.394897,-68.991119,313.752594,926.247253,64.615593
3.717,174.594177,1275.049438,158.520157,370.446259,1132.585449,-67.449509,313.982422,922.647644,67.021286
3.725,174.632645,1274.579468,158.545776,370.029327,1128.685547,-65.892044,314.077332,919.117676,69.424232
3.733,174.685974,1274.103516,158.555634,369.518372,1124.782104,-64.429352,314.248047,915.548401,71.848366
3.742,174.815689,1273.65979,158.48642,368.975433,1120.966797,-62.878265,314.072754,912.083557,74.089447
3.75,174.960861,1273.166504,158.415817,368.38916,1117.078613,-61.252113,313.749329,908.682434,76.310593
3.758,175.165649,1272.497925,158.395645,367.890717,1113.236084,-59.67709,313.366669,905.421692,78.80629
3.767,175.249527,1271.80188,158.298615,367.424896,1109.269653,-58.000645,312.828369,902.02417,81.117645
3.775,175.322983,1271.052246,158.205612,367.013763,1105.254272,-56.294224,312.095001,898.534119,83.481812
3.783,175.54129,1270.328003,158.051636,366.692261,1101.321777,-54.615696,311.380005,895.197388,85.945709
3.792,175.737228,1269.612549,157.795197,366.360046,1097.359131,-52.740067,310.64212,892.027588,88.682259
3.8,175.910233,1268.922607,157.601028,366.056885,1093.392334,-50.812347,309.974609,888.822754,91.222572
3.808,176.140579,1268.198242,157.503189,365.674072,1089.484131,-48.935658,309.173035,885.615051,93.896957
3.817,176.287888,1267.437378,157.350449,365.245819,1085.61145,-46.956902,308.350555,882.461914,96.603951
3.825,176.436157,1266.730225,157.165665,364.891479,1081.740967,-44.832558,307.54007,879.137695,99.158821
3.833,176.564438,1266.150391,157.020996,364.425262,1077.922363,-42.691525,306.778412,875.743103,101.78051
3.842,176.718246,1265.593994,156.883194,363.878448,1074.201782,-40.483582,305.995514,872.382812,104.294685
3.85,176.822662,1265.004639,156.706345,363.278198,1070.620117,-38.352386,305.253632,869.149048,106.838699
3.858,176.825272,1264.410034,156.608948,362.663666,1067.073486,-36.133358,304.700165,865.761658,109.149559
3.867,176.772964,1263.825684,156.549789,361.948029,1063.76709,-33.984783,304.146149,862.565186,111.440475
3.875,176.727692,1263.290649,156.5737,361.174347,1060.591675,-31.835861,303.577728,859.498352,113.819191
3.883,176.712463,1262.819946,156.707047,360.287048,1057.440674,-29.689224,303.140961,856.368652,115.909302
3.892,176.730652,1262.323364,156.871445,359.403198,1054.530151,-27.540472,302.679382,853.293518,117.893539
3.9,176.721329,1261.756226,156.982956,358.51825,1051.812134,-25.592409,302.218903,850.376953,119.983147
3.908,176.61795,1261.069092,157.115005,357.67923,1048.962769,-23.495132,301.885406,847.336426,121.723816
3.917,176.495056,1260.299683,157.306137,357.018646,1046.295044,-21.213713,301.541504,844.279663,123.456818
3.925,176.403656,1259.660156,157.462784,356.398895,1043.536987,-18.841301,301.16217,841.221191,125.228523
3.933,176.339508,1259.074341,157.568466,355.845245,1040.890991,-16.710743,300.706451,838.231384,127.119659
3.942,176.178574,1258.299683,157.584366,355.291504,1038.267334,-14.25756,300.399933,835.120117,128.85141
3.95,175.978958,1257.43457,157.644318,355.025146,1035.466675,-11.649395,300.112274,832.109985,130.843353
3.958,175.87883,1256.698975,157.727463,354.639069,1032.821167,-9.092732,299.721283,829.1427,132.925049
3.967,175.811874,1256.083252,157.703415,354.336365,1030.174316,-6.555878,299.416718,826.209229,135.082748
3.975,175.703415,1255.481812,157.595917,354.145905,1027.624023,-3.844766,299.104187,823.230164,137.119827
3.983,175.489578,1254.84375,157.571106,353.761902,1025.14563,-1.005996,298.814392,820.362061,139.289764
3.992,175.32579,1254.305908,157.647568,353.300934,1022.451416,1.844886,298.481506,817.509277,141.399261
4,175.07756,1253.827881,157.619278,352.93222,1020.149597,4.491596,298.098572,814.695618,143.459106
4.008,174.87587,1253.447876,157.600922,352.365662,1017.835388,7.189443,297.835144,812.190979,145.579956
4.017,174.724365,1253.105103,157.587418,351.662018,1015.62738,9.958287,297.487183,809.584656,147.788269
4.025,174.557602,1252.772461,157.554123,351.100189,1013.603821,12.697543,297.082916,807.262085,149.983765
4.033,174.379669,1252.474365,157.564468,350.381195,1011.76001,14.855878,296.68161,805.199402,152.073669
4.042,174.206345,1252.172729,157.643707,349.577179,1009.784241,17.318056,296.224243,803.050537,154.177231
4.05,174.027283,1251.853882,157.803558,348.673462,1008.035767,19.884865,295.782806,801.039124,156.549774
4.058,173.82518,1251.520264,157.911301,347.748535,1006.264343,22.477253,295.400879,798.881836,158.565811
4.067,173.600266,1251.18689,158.007431,346.817627,1004.492859,24.751804,294.797241,796.913574,160.755646
4.075,173.413406,1250.873535,158.124939,345.845825,1002.831604,27.049112,294.236023,794.899536,162.793243
4.083,173.207275,1250.600342,158.237061,344.961731,1001.044617,29.691523,293.6716,792.777405,164.934143
4.092,173.020126,1250.364014,158.306747,343.934143,999.328369,32.477634,293.194092,790.731506,167.012314
4.1,172.899597,1250.169189,158.407883,342.946838,997.642883,34.956341,292.728577,788.764771,169.173889
4.108,172.707397,1249.942505,158.427856,341.955231,995.924866,37.305199,292.251801,786.759094,171.140411
4.117,172.549698,1249.730347,158.442856,340.870667,994.333496,39.625969,291.911163,784.830872,173.056839
4.125,172.365479,1249.526855,158.473297,339.723938,992.723633,42.402756,291.273102,782.942993,175.159378
4.133,172.134293,1249.331421,158.583679,338.473541,991.134399,45.135761,290.886597,780.875549,176.995911
4.142,171.921494,1249.213623,158.781219,337.313507,989.737183,47.585453,290.344635,778.920959,178.903488
4.15,171.639587,1249.094849,159.000427,335.934021,988.38324,49.99157,289.824677,776.983704,180.534668
4.158,171.313812,1248.965698,159.221497,334.538849,987.002014,52.445217,289.270813,774.913086,182.280945
4.167,171.024033,1248.897461,159.472656,333.111115,985.658508,55.093433,288.75827,772.992676,183.995178
4.175,170.714783,1248.779297,159.625198,331.594727,984.424561,57.579365,288.246399,771.329651,185.637695
4.183,170.351669,1248.696899,159.813843,330.066406,983.157898,59.950081,287.598114,769.363953,187.327606
4.192,170.085083,1248.658569,160.077316,328.539246,982.043396,61.853527,287.063385,767.796692,188.981552
4.2,169.802505,1248.547729,160.285721,326.835541,980.758789,64.219124,286.417267,766.158203,190.655304
4.208,169.555954,1248.504761,160.619751,325.091248,979.636658,66.179581,285.822357,764.638794,192.170013
4.217,169.319229,1248.425781,160.838821,323.326324,978.515869,68.339668,285.209961,763.000488,193.706253
4.225,169.105621,1248.381836,161.099243,321.471832,977.328735,70.570618,284.449951,761.449646,195.184174
4.233,168.905594,1248.341675,161.387161,319.663788,976.254517,72.5112,283.739807,760.02179,196.498444
4.242,168.745712,1248.275391,161.565598,317.814484,975.194763,74.164833,282.926086,758.361938,197.825531
4.25,168.578064,1248.21582,161.776505,315.99942,974.116028,76.080772,282.177155,757.041504,199.019058
4.258,168.416656,1248.159546,162.022919,314.082672,973.087036,77.927963,281.421356,755.602844,200.434982
4.267,168.260544,1248.078491,162.290924,312.079712,971.982361,79.835526,280.721558,754.388428,201.655502
4.275,168.133347,1248.036255,162.646439,310.170746,971.019226,81.596199,279.899628,752.915466,202.970444
4.283,167.959839,1247.927734,162.94516,308.210449,969.985413,83.546211,279.147491,751.633911,204.110016
4.292,167.843719,1247.918213,163.449112,306.051025,969.064514,85.244339,278.233795,750.237854,205.324615
4.3,167.683472,1247.794312,163.596649,304.118622,968.218567,87.02951,277.472198,749.186401,206.365021
4.308,167.537506,1247.746338,163.957855,302.189575,967.380432,88.720177,276.579285,747.814941,207.518295
4.317,167.326019,1247.625488,164.270569,300.193024,966.564697,90.209808,275.778656,746.708496,208.337051
4.325,167.104141,1247.495605,164.709763,298.276428,965.801025,91.971169,274.925598,745.426575,209.319977
4.333,166.917267,1247.33606,165.137604,296.493134,965.032288,93.529655,274.153809,744.416504,210.170471
4.342,166.051804,1246.076172,163.026047,294.624969,964.313354,94.925941,273.230713,743.351807,211.034607
4.35,165.876587,1245.908936,163.36174,292.784241,963.582947,96.550064,272.292175,742.32135,211.811295
4.358,165.680328,1245.713989,163.614151,291.031036,962.838501,97.86573,271.364655,741.358459,212.546478
4.367,165.535889,1245.497314,163.882324,289.229858,962.107178,99.140961,270.592865,740.324646,213.161255
4.375,165.394943,1245.257935,164.204758,287.406555,961.425842,100.408752,269.768158,739.379028,213.937851
4.383,165.271469,1244.978638,164.570862,285.738342,960.763245,101.699837,269.033447,738.563171,214.446823
4.392,165.13945,1244.717041,164.904312,283.932251,960.050537,102.820732,268.289764,737.678833,215.023483
4.4,165.038788,1244.473022,165.166534,282.362152,959.383301,104.032555,267.447815,736.86731,215.648285
4.408,164.928375,1244.185791,165.509338,280.770294,958.738831,105.074364,266.609192,736.03064,216.123749
4.417,164.86792,1243.901245,165.90947,279.118896,958.119019,105.976959,265.830017,735.225769,216.394653
4.425,164.734772,1243.530396,166.197937,277.728088,957.458984,106.843102,265.082092,734.370789,216.819244
4.433,164.685196,1243.255371,166.520813,276.078552,956.802673,107.643486,264.508179,733.717041,217.167221
4.442,164.684753,1242.958984,166.818298,274.59256,956.126587,108.297844,263.823853,732.997498,217.567642
4.45,164.768127,1242.681885,167.216492,273.152466,955.488831,108.98185,263.072693,732.370178,217.859085
4.458,164.797821,1242.384766,167.491821,271.542755,954.869019,109.536072,262.347504,731.72345,218.250778
4.467,164.849243,1242.112061,167.693832,270.174683,954.317078,110.176964,261.643127,731.203247,218.546448
4.475,164.903809,1241.818726,167.883469,268.774963,953.78595,110.66774,260.955994,730.697449,218.851227
4.483,164.971024,1241.523438,168.108353,267.343994,953.238953,111.226929,260.259857,730.249817,219.165665
4.492,164.974747,1241.219116,168.358612,266.326019,952.81311,111.70929,259.450714,729.811523,219.50238
4.5,164.960953,1240.963013,168.556885,265.368958,952.331909,112.244492,258.518036,729.247375,219.852814
4.508,164.949722,1240.698486,168.717529,264.271301,951.890259,112.671753,257.681213,728.793823,220.250076
4.517,164.962433,1240.498291,168.904663,263.493927,951.44928,113.159271,256.821533,728.381958,220.601746
4.525,164.958282,1240.305786,169.07576,262.761932,951.05304,113.56015,256.02832,728.02887,220.89592
4.533,164.933731,1240.095825,169.263184,262.136658,950.641907,113.934334,255.107346,727.634399,221.093002
4.542,164.946213,1239.922241,169.473724,261.6362,950.251709,114.317726,254.243164,727.237366,221.294235
4.55,164.947723,1239.730103,169.689392,261.135254,949.945374,114.647278,253.44136,726.78949,221.411713
4.558,164.91716,1239.535034,169.881622,260.611542,949.637817,114.944138,252.744202,726.356323,221.515457
4.567,164.880081,1239.318237,170.018524,260.21701,949.34021,115.228989,252.062256,726.007629,221.503006
4.575,164.835907,1239.11499,170.141586,259.934692,949.042053,115.454414,251.374512,725.725525,221.531219
4.583,164.830948,1238.852905,170.305252,259.765808,948.799072,115.599297,250.625702,725.445129,221.56842
4.592,164.83786,1238.664185,170.440231,259.718658,948.579407,115.691101,249.987854,725.142029,221.507889
4.6,164.855148,1238.436401,170.558746,259.715179,948.353394,115.725113,249.432312,724.817139,221.420258
4.608,164.952469,1238.277344,170.718567,259.74881,948.152039,115.722908,248.895264,724.401184,221.317703
4.617,165.080399,1238.126221,170.847122,259.858856,947.926819,115.764381,248.442245,724.058044,221.32048
4.625,165.182129,1237.963745,170.936523,259.900146,947.758972,115.769676,248.06424,723.797485,221.319046
4.633,165.352341,1237.855469,170.988113,259.939819,947.619934,115.80867,247.775406,723.547302,221.301025
4.642,165.505096,1237.782349,171.040039,259.965027,947.529602,115.893883,247.620056,723.378723,221.261765
4.65,165.634766,1237.726074,171.083511,259.983276,947.457764,115.996506,247.541351,723.291443,221.302795
4.658,165.727341,1237.673462,171.113052,260.020966,947.410706,116.107407,247.521164,723.208984,221.368668
4.667,165.819397,1237.640625,171.154739,260.068542,947.366333,116.203232,247.593719,723.145447,221.399078
4.675,165.875916,1237.598999,171.208008,260.146301,947.338379,116.286934,247.723022,723.075317,221.378723
4.683,165.907043,1237.536621,171.270538,260.254822,947.29303,116.320091,247.927689,722.985352,221.304184
4.692,165.929031,1237.448242,171.332184,260.513947,947.249512,116.344841,248.177567,722.900024,221.205002
4.7,165.951355,1237.360718,171.38269,260.681274,947.190247,116.315681,248.427414,722.827759,221.152313
4.708,165.996964,1237.275757,171.425583,260.89859,947.156189,116.291054,248.696854,722.758179,221.143707
4.717,166.083023,1237.218994,171.458023,261.147766,947.115173,116.278839,248.997086,722.72052,221.158432
4.725,166.19046,1237.169434,171.502106,261.431702,947.090881,116.286842,249.290573,722.726196,221.200668
4.733,166.316391,1237.131836,171.521835,261.83847,947.100952,116.352524,249.590775,722.78009,221.325256
4.742,166.462357,1237.115723,171.549393,262.205261,947.138733,116.391472,250.013138,722.856506,221.474869
4.75,166.621841,1237.105103,171.569702,262.607513,947.211487,116.439125,250.481628,722.929321,221.575546
4.758,166.828156,1237.140381,171.624634,263.004059,947.271667,116.425034,250.938507,722.997986,221.68161
4.767,166.987778,1237.15979,171.638321,263.462433,947.345764,116.380577,251.349716,723.053406,221.676376
4.775,167.104446,1237.188599,171.641281,263.884552,947.476013,116.261932,251.756577,723.128662,221.554337
4.783,167.217178,1237.213135,171.643768,264.415161,947.566528,116.168869,252.156311,723.214661,221.436554
4.792,167.299942,1237.247559,171.651703,264.89621,947.690552,116.048935,252.547119,723.297607,221.310547
4.8,167.400101,1237.296265,171.664368,265.451233,947.837341,115.938324,252.942627,723.414551,221.212387
4.808,167.462784,1237.368652,171.634171,266.019745,947.997559,115.748894,253.422409,723.619019,221.096619
4.817,167.55072,1237.456909,171.612625,266.704468,948.238525,115.444313,253.887833,723.874817,220.969986
4.825,167.639511,1237.548096,171.55397,267.420197,948.450623,115.152718,254.270676,724.104919,220.87204
4.833,167.746307,1237.644531,171.496307,268.397217,948.674194,114.779953,254.642731,724.332947,220.747482
4.842,167.871368,1237.817017,171.413864,269.282501,948.954224,114.388168,255.021927,724.638428,220.629105
4.85,168.046753,1238.011719,171.329819,270.308319,949.278503,113.856651,255.348923,725.007263,220.389557
4.858,168.237701,1238.279053,171.218262,271.475952,949.747498,113.173286,255.633179,725.542358,220.114655
4.867,168.417953,1238.614014,171.075439,272.795074,950.211365,112.479202,255.889084,726.050903,219.840286
4.875,168.62767,1238.876953,170.928116,274.180664,950.813477,111.715454,256.278412,726.751343,219.407593
4.883,168.772705,1239.176514,170.779114,275.740967,951.395142,110.847649,256.640747,727.40271,218.940018
4.892,169.000793,1239.547607,170.600403,277.331757,952.163025,109.998146,257.038055,728.070374,218.512909
4.9,169.210663,1239.912964,170.385208,279.170105,953.039978,109.135078,257.567291,728.953247,217.76741
4.908,169.372345,1240.284668,170.202103,281.004608,954.050903,108.153793,258.103973,729.846436,216.95401
4.917,169.626724,1240.763306,170.076248,283.041046,955.082153,107.142616,258.773987,730.770447,216.04718
4.925,169.937592,1241.33313,169.924255,285.076355,956.173645,105.911377,259.620941,731.861755,214.984833
4.933,170.174591,1241.789917,169.743011,287.172363,957.280396,104.68544,260.503052,732.90448,213.93367
4.942,170.467133,1242.24939,169.585892,289.292297,958.526062,103.435059,261.53006,733.955261,212.823578
4.95,170.747406,1242.677612,169.413589,291.420685,959.68634,101.907524,262.561127,735.112671,211.492554
4.958,171.078018,1243.109619,169.255783,293.631195,960.847656,100.436478,263.637573,736.179382,210.151581
4.967,171.414536,1243.570801,169.1008,295.771851,962.048889,98.841675,264.881073,737.463989,208.78891
4.975,171.760666,1244.146729,168.984726,297.982422,963.249268,97.279572,266.049011,738.66272,207.39801
4.983,172.098404,1244.677002,168.886307,300.136658,964.601868,95.482071,267.326965,740.026367,205.844055
4.992,172.413803,1245.172974,168.739517,302.320984,965.942444,93.690002,268.660065,741.421448,204.292908
5,172.729736,1245.58667,168.568527,304.547821,967.241211,91.797127,270.175079,742.73761,202.539978
5.008,172.980896,1245.947998,168.379288,306.619293,968.732056,89.923027,271.609741,744.198242,200.655746
5.017,174.175232,1247.711426,170.967194,308.799957,970.273621,88.128258,272.974884,745.502625,198.999298
5.025,174.14917,1247.748169,169.477112,310.877472,971.813904,86.25428,274.53952,747.072815,196.989471
5.033,174.767426,1248.707275,170.239899,312.99646,973.248657,84.307571,276.009186,748.666321,195.144104
5.042,174.892975,1248.90979,169.331329,315.149872,974.835449,82.360756,277.480438,750.276917,193.405212
5.05,175.279358,1249.641113,169.883041,317.329437,976.561157,80.146156,279.03244,751.989014,191.608795
5.058,175.437164,1249.776733,169.289108,319.431,978.356018,77.854195,280.5289,753.844849,189.58522
5.067,175.860168,1250.456299,169.603882,321.695709,980.001526,75.879143,281.944672,755.653564,187.659622
5.075,175.993607,1250.823853,169.093338,323.751404,981.833801,73.632759,283.300507,757.538025,185.613525
5.083,176.392853,1251.449341,169.304184,325.963654,983.786133,71.10247,284.730591,759.630493,183.470078
5.092,176.628067,1251.849487,169.014404,328.21106,985.801514,68.889549,285.842621,761.728271,181.351776
5.1,176.925507,1252.282349,169.003067,330.654083,987.943298,66.36808,287.030457,764.157349,179.209305
5.108,177.11705,1252.667114,168.930679,332.890472,990.084351,63.932381,288.254333,766.523987,177.023651
5.117,177.382706,1253.149414,169.046143,335.457031,992.403198,61.813156,289.334564,769.110291,174.885849
5.125,177.681274,1253.716553,169.095596,337.901428,994.7323,59.29562,290.371582,771.809326,172.738708
5.133,177.935089,1254.235229,168.925552,340.48291,997.247559,56.854622,291.414642,774.771851,170.499237
5.142,178.197891,1254.780029,168.858673,343.073547,999.939148,54.362675,292.14856,777.744019,168.29747
5.15,178.406586,1255.195068,168.782898,345.557281,1002.695068,51.732571,292.89801,780.75885,166.059555
5.158,178.66571,1255.789185,169.087128,348.258881,1005.418274,49.704315,293.728455,783.937744,163.582825
5.167,178.834824,1256.317383,169.044174,350.805359,1008.488525,46.975506,294.575989,787.224182,161.05304
5.175,179.067703,1257.003418,169.166809,353.434235,1011.569397,44.32629,295.284515,790.632324,158.590591
5.183,179.324249,1257.576294,169.124664,355.886505,1014.719971,41.760471,296.147827,794.129761,155.9534
5.192,179.647629,1258.162476,169.341965,358.383759,1017.932068,39.27692,296.888855,797.842041,153.173294
5.2,179.966309,1258.92627,169.756973,360.817596,1021.422974,36.558403,297.570404,801.652161,150.35675
5.208,180.135986,1259.629639,170.019257,363.242554,1024.952026,33.737267,298.344727,805.458679,147.628464
5.217,180.286728,1260.300171,170.253723,365.449097,1028.617065,31.012941,299.156738,809.445312,144.758118
5.225,180.46315,1260.924683,170.375687,367.666138,1032.328979,28.212267,299.92688,813.519165,141.760284
5.233,180.639252,1261.567017,170.488892,369.805664,1035.986084,25.49276,300.70224,817.416138,138.577469
5.242,180.745163,1262.25061,170.742798,372.006958,1039.949341,22.450703,301.471436,821.544067,135.373901
5.25,180.826355,1262.829468,170.990723,373.981506,1043.808105,19.940617,302.140228,825.508179,132.382309
5.258,180.889725,1263.354004,171.186737,375.838776,1047.837769,17.035864,302.800659,829.638,129.196518
5.267,180.965134,1263.986816,171.404312,377.550262,1051.88208,14.138452,303.514465,833.836365,126.012642
5.275,180.987167,1264.675293,171.673615,379.204193,1055.99646,11.138605,304.144104,837.987122,122.72155
5.283,181.094284,1265.329224,171.933151,380.733734,1060.098877,8.38236,304.685944,842.217041,119.35981
5.292,181.196625,1265.831177,172.088379,382.180573,1064.31311,5.264909,305.302826,846.442322,115.985275
5.3,181.30011,1266.351074,172.305511,383.464417,1068.529663,2.348829,305.777863,850.668884,112.450356
5.308,181.470886,1267.070801,172.798584,384.678345,1072.829224,-0.500068,306.218048,854.900757,108.987228
5.317,181.53685,1267.646729,172.967773,385.735321,1077.144165,-3.515943,306.676666,859.285278,105.538795
5.325,181.576843,1268.138916,172.750244,386.619873,1081.607422,-6.528805,306.987091,863.615051,102.177734
5.333,181.692444,1268.782104,172.79454,387.469604,1085.9198,-9.356282,307.289764,868.02478,98.77874
5.342,181.708359,1269.358765,172.761642,388.136688,1090.36084,-12.300121,307.491577,872.343079,95.353951
5.35,181.670197,1269.940552,172.719193,388.580475,1094.800415,-15.209313,307.77066,876.669983,91.903038
5.358,181.765152,1270.659912,172.753891,389.048615,1099.306641,-18.074825,307.953949,880.94397,88.397667
5.367,181.804718,1271.475586,172.879547,389.394745,1103.897339,-20.779215,308.048065,885.052002,84.7957
5.375,181.820114,1272.256592,172.983337,389.626648,1108.545776,-23.617542,308.184143,889.328613,81.338593
5.383,181.696198,1272.855103,172.969589,390.086334,1112.916016,-26.285643,308.158813,893.526245,78.0401
5.392,181.639755,1273.460571,172.968109,390.048706,1117.674561,-29.138966,308.168213,897.841187,74.76693
5.4,181.672836,1274.248291,172.968521,390.111359,1122.256348,-31.771612,307.917603,902.087158,71.64373
5.408,181.793869,1275.150513,172.970642,390.045929,1126.755859,-34.580738,307.609283,906.48999,68.397102
5.417,181.762924,1275.883179,172.940933,389.846405,1131.350098,-37.196796,307.263733,910.834045,65.243362
5.425,181.755234,1276.517212,173.001266,389.703003,1136.01062,-39.740059,306.78302,915.166992,62.090736
5.433,181.719574,1277.222046,173.031723,389.264221,1140.403564,-42.158676,306.297668,919.493347,58.920685
5.442,181.671188,1278.028687,172.860733,389.098724,1144.869751,-44.575611,305.660583,923.75415,55.94183
5.45,181.729752,1278.817383,172.839783,388.906128,1149.31311,-46.904041,305.08725,928.106934,53.054352
5.458,181.746628,1279.546021,172.896378,388.67215,1153.886719,-49.018063,304.38269,932.434143,50.246418
5.467,181.629562,1280.204834,172.824219,388.305298,1158.319214,-51.18597,303.620514,936.777588,47.436535
5.475,181.614014,1280.956665,172.683014,388.090149,1162.845215,-53.124519,302.907135,941.261902,44.722248
5.483,181.639221,1281.802002,172.709381,387.525848,1167.397949,-55.367645,302.251678,945.597351,42.176842
5.492,181.641953,1282.49292,172.706284,387.05365,1171.836914,-57.421295,301.4245,949.849182,39.84219
5.5,181.546204,1283.078003,172.694977,386.451324,1176.186646,-59.205296,300.770111,954.154968,36.916676
5.508,181.443481,1283.685303,172.680466,385.809692,1180.705078,-61.184589,300.111176,958.32959,34.417118
5.517,181.392776,1284.393188,172.687164,385.402374,1184.797729,-62.836185,299.424316,962.342896,32.363541
5.525,181.300629,1285.078491,172.70575,384.520355,1189.098145,-64.812668,298.831421,966.389709,30.083563
5.533,181.216156,1285.730957,172.683853,383.688568,1193.282349,-66.406837,298.293732,970.353455,27.705139
5.542,181.100372,1286.302124,172.625107,382.756714,1197.489136,-68.309097,297.747528,974.197021,25.485535
5.55,180.979645,1286.81543,172.576141,381.947754,1201.300537,-69.902489,297.203827,977.935059,23.754492
5.558,180.907776,1287.375732,172.505447,381.029663,1205.265747,-71.509079,296.687134,981.511353,22.054012
5.567,180.885437,1288.05249,172.552063,379.85199,1209.169922,-73.183296,296.253845,985.143066,19.905899
5.575,180.94075,1288.650024,172.677994,378.667847,1212.932007,-75.035873,295.880005,988.626587,17.981077
5.583,180.982574,1289.246338,172.733276,377.522552,1216.452515,-76.452148,295.395599,991.935059,16.352068
5.592,180.920547,1289.784668,172.691147,376.041473,1220.296021,-78.221489,295.05246,995.143555,14.779133
5.6,180.852554,1290.251099,172.696213,374.97171,1223.758423,-79.664772,294.742279,998.285339,13.274459
5.608,180.794403,1290.773193,172.73848,373.520538,1227.278076,-81.395088,294.330383,1001.330383,11.571896
5.617,180.702713,1291.328979,172.782913,372.284851,1230.389893,-82.572182,293.925476,1004.263611,10.172658
5.625,180.668839,1291.87085,172.741013,370.9552,1233.687744,-83.950363,293.586121,1007.147461,8.521051
5.633,180.489044,1292.33667,172.60495,369.600983,1236.869995,-85.190666,293.329193,1009.902344,7.016733
5.642,180.346909,1292.767578,172.541626,368.19101,1240.091187,-86.557938,292.919495,1012.588501,5.474037
5.65,180.19104,1293.186035,172.538284,366.823273,1242.985474,-87.534859,292.485016,1015.197144,3.940895
5.658,180.02478,1293.530762,172.554764,365.241364,1246.245972,-89.064316,292.111572,1017.731689,2.497796
5.667,179.888397,1293.844116,172.534882,364.119751,1248.755127,-89.928215,291.632782,1020.148254,0.7356
5.675,179.681076,1294.139038,172.396042,362.614166,1251.705811,-91.297684,291.115479,1022.589233,-0.724618
5.683,179.559677,1294.44043,172.237701,361.24826,1254.273193,-92.27697,290.549286,1024.895142,-2.301045
5.692,179.494278,1294.768921,172.131989,359.730133,1257.073364,-93.52887,289.984589,1027.230469,-3.819664
5.7,179.453384,1295.135864,172.044312,358.271667,1259.468994,-94.677086,289.228149,1029.459473,-5.275193
5.708,179.397156,1295.517822,171.93515,356.585724,1262.117676,-96.008759,288.589233,1031.587524,-6.759346
5.717,179.320953,1295.908325,171.834854,355.070923,1264.329956,-96.978607,287.879761,1033.706421,-8.165826
5.725,179.247467,1296.328125,171.761169,353.289551,1266.644043,-98.330566,287.148987,1035.683472,-9.474832
5.733,179.085983,1296.765747,171.640167,351.76947,1268.903809,-99.368126,286.333405,1037.543945,-10.759969
5.742,178.982315,1297.26416,171.510391,350.218903,1270.710938,-100.493484,285.661804,1039.331177,-11.98357
5.75,178.875381,1297.798584,171.403488,348.539978,1272.680176,-101.705894,284.923126,1041.030396,-13.177403
5.758,178.826706,1298.357056,171.27742,347.057861,1274.418457,-102.648735,284.160248,1042.564209,-14.276245
5.767,178.733444,1299.005371,171.157669,345.440552,1276.236938,-103.793526,283.448425,1044.05957,-15.337401
5.775,178.565277,1299.581543,171.07019,343.894867,1277.70813,-104.622086,282.919006,1045.37439,-16.358418
5.783,178.326233,1300.115723,170.965881,342.593506,1279.238647,-105.465729,282.254913,1046.687744,-17.281475
5.792,178.153046,1300.611206,170.93013,341.348816,1280.654175,-106.230171,281.651337,1047.871338,-18.214197
5.8,177.968811,1301.115723,170.87294,340.034119,1281.796265,-106.933891,281.201416,1048.905151,-18.926359
5.808,177.805847,1301.562012,170.786209,338.741119,1283.0979,-107.627289,280.754578,1049.933472,-19.606417
5.817,177.615036,1302.063354,170.699753,337.908569,1284.047974,-108.106911,280.356964,1050.890625,-20.126713
5.825,177.476761,1302.452637,170.573196,337.040375,1285.00061,-108.550163,280.086395,1051.715088,-20.620895
5.833,177.387329,1302.806885,170.47757,336.325195,1285.917969,-109.056122,279.819275,1052.473999,-20.820581
5.842,177.330963,1303.138916,170.383392,335.764679,1286.586548,-109.417938,279.602509,1053.192139,-20.915085
5.85,177.238708,1303.427124,170.30925,335.247772,1287.171509,-109.686562,279.447845,1053.843872,-21.01693
5.858,177.12146,1303.714355,170.2379,334.786377,1287.725342,-109.90934,279.35791,1054.366821,-21.06966
5.867,177.018768,1304.043945,170.176514,334.479065,1288.155884,-110.010002,279.34201,1054.831055,-21.056011
5.875,176.900894,1304.281616,170.117233,334.22818,1288.499878,-110.113678,279.337158,1055.218384,-21.017614
5.883,176.790314,1304.488159,170.049347,334.073914,1288.746826,-110.16555,279.341522,1055.520752,-20.909796
5.892,176.631897,1304.669434,169.983597,333.989807,1288.921265,-110.18042,279.380127,1055.744995,-20.718983
5.9,176.525558,1304.828369,169.962997,333.967682,1288.99707,-110.148804,279.47171,1055.857544,-20.563559
5.908,176.422363,1304.918945,169.947403,334.013,1289.008057,-110.08947,279.584595,1055.870605,-20.422821
5.917,176.353851,1304.971802,169.943634,334.112274,1288.943726,-109.981239,279.756226,1055.769165,-20.305832
5.925,176.283966,1305.001709,169.961884,334.304993,1288.820435,-109.867393,279.960938,1055.574219,-20.259501
5.933,176.235947,1304.9823,169.968124,334.54483,1288.607666,-109.684006,280.142944,1055.29187,-20.256878
5.942,176.192978,1304.939819,169.991943,334.910004,1288.317139,-109.427574,280.324768,1054.950317,-20.246813
5.95,176.165588,1304.858154,170.021683,335.256836,1288.018921,-109.194435,280.521332,1054.582275,-20.204525
5.958,176.159164,1304.77478,170.063553,335.606262,1287.589111,-108.964531,280.74826,1054.130737,-20.123268
5.967,176.193771,1304.684692,170.115479,336.051971,1287.126465,-108.711128,280.932556,1053.6073,-19.97983
5.975,176.218979,1304.531006,170.198013,336.603516,1286.571411,-108.398415,281.128326,1053.030029,-19.772369
5.983,176.224884,1304.373169,170.241699,337.025421,1285.872559,-108.023392,281.374023,1052.432373,-19.52689
5.992,176.254044,1304.216919,170.280029,337.424561,1285.221191,-107.759506,281.674774,1051.800781,-19.270096
6,176.296371,1304.055664,170.33548,337.944977,1284.406494,-107.471184,281.907715,1051.179321,-18.874575
6.008,176.393951,1303.855225,170.401123,338.31488,1283.695068,-107.257645,282.196442,1050.40564,-18.405931
6.017,176.446198,1303.675537,170.459198,338.782166,1282.77417,-106.963127,282.613861,1049.542114,-17.98325
6.025,176.535797,1303.465942,170.54567,339.371429,1281.694336,-106.604385,283.073608,1048.613037,-17.407219
6.033,176.610016,1303.258667,170.618851,339.716949,1280.796143,-106.401222,283.474915,1047.781006,-16.957428
6.042,176.662872,1303.064697,170.68045,340.256042,1279.716064,-106.125076,283.875702,1046.730957,-16.423641
6.05,176.739578,1302.845459,170.751633,340.76593,1278.524536,-105.826103,284.324493,1045.664062,-15.930033
6.058,176.805008,1302.628662,170.834671,341.203674,1277.407837,-105.603394,284.965881,1044.671265,-15.274592
6.067,176.907104,1302.425781,170.95256,341.741364,1276.164917,-105.305618,285.557739,1043.558838,-14.551091
6.075,176.985367,1302.189209,171.059128,342.320435,1274.935059,-104.985428,286.077545,1042.374146,-13.941543
6.083,177.084534,1301.921265,171.123474,342.957611,1273.570557,-104.62693,286.686951,1041.211426,-13.292674
6.092,177.20108,1301.624634,171.160873,343.474823,1272.241699,-104.309151,287.154846,1039.879761,-12.61801
6.1,177.296494,1301.310791,171.162949,344.15921,1270.707764,-103.848442,287.788208,1038.601318,-12.08265
6.108,177.387268,1301.018311,171.142914,344.777954,1269.317139,-103.622658,288.428894,1037.224609,-11.25975
6.117,177.542297,1300.759033,171.153992,345.484711,1267.76709,-103.184196,288.984894,1035.739624,-10.674741
6.125,177.693802,1300.482422,171.171463,346.143707,1266.224487,-102.782951,289.48703,1034.315552,-10.022469
6.133,177.821716,1300.20813,171.182266,346.98642,1264.407471,-102.25782,290.144501,1032.681641,-9.223968
6.142,177.970825,1299.916748,171.175522,347.668884,1262.634888,-102.048431,290.753082,1031.145142,-8.397571
6.15,178.168579,1299.592407,171.152252,348.451294,1260.710571,-101.481964,291.258606,1029.390503,-7.570555
6.158,178.318359,1299.168091,171.132721,349.121185,1258.752319,-101.235695,291.942078,1027.71875,-6.623048
6.167,178.601364,1298.800903,171.05484,349.7948,1256.487305,-100.743584,292.555847,1025.807373,-5.579695
6.175,178.786407,1298.385742,171.035141,350.431458,1254.278076,-100.400452,293.299744,1023.829834,-4.365242
6.183,178.931824,1298.001831,170.927399,351.081512,1251.941284,-100.082275,293.967346,1021.723877,-3.249809
6.192,179.090652,1297.679199,170.758224,351.703186,1249.44043,-99.74073,294.756317,1019.554504,-1.798626
6.2,179.293167,1297.425537,170.636765,352.492676,1246.785156,-99.271454,295.514557,1017.341492,-0.342633
6.208,179.499039,1297.247803,170.533005,353.329132,1244.38855,-99.082329,296.37262,1015.180603,1.366487
6.217,179.729309,1297.092773,170.40979,354.191284,1241.585693,-98.401802,297.278046,1012.883911,2.953232
6.225,179.878464,1296.941895,170.269501,354.882782,1239.068237,-97.829865,298.149689,1010.585815,4.689347
6.233,179.926239,1296.777588,170.120911,355.580719,1236.771973,-97.814468,299.000824,1008.300293,6.32206
6.242,179.947037,1296.598511,170.006699,357.179718,1233.234497,-95.354561,299.869324,1005.843872,7.88868
6.25,179.896652,1296.402222,169.874084,358.133911,1230.514893,-94.327423,300.726379,1003.260986,9.38552
6.258,179.869247,1296.194702,169.713516,359.141998,1227.732056,-93.067375,301.642822,1000.670288,10.835628
6.267,179.825073,1295.960205,169.554749,360.165558,1224.776855,-91.921196,302.651703,998.007629,12.423025
6.275,179.758728,1295.712769,169.400009,361.384644,1221.799683,-90.543434,303.685333,995.243713,13.97406
6.283,179.733536,1295.449097,169.255066,362.586426,1218.907227,-89.107346,304.725708,992.478577,15.571947
6.292,179.709869,1295.161255,169.09758,363.970337,1215.794922,-87.597641,305.757751,989.745728,17.661808
6.3,179.784073,1294.873169,168.918427,365.298859,1212.679932,-86.080772,306.838013,986.881592,19.851574
6.308,179.807083,1294.566772,168.769318,366.684509,1209.485107,-84.501366,307.681122,983.906433,21.853722
6.317,179.803528,1294.258789,168.674423,367.869537,1206.385132,-82.792839,308.610901,980.920288,23.76116
6.325,179.872375,1293.816895,168.56955,369.155975,1203.259277,-81.00843,309.374268,977.98761,25.3284
6.333,179.844009,1293.388916,168.39238,370.391418,1199.994263,-79.23587,309.993561,974.901917,27.171364
6.342,179.840591,1292.983765,168.251099,371.558868,1196.710205,-77.45208,310.674042,971.77948,29.161669
6.35,179.879425,1292.604492,168.14682,372.630066,1193.578857,-75.615211,311.166046,968.720154,31.043417
6.358,179.943817,1292.265137,168.055908,373.78125,1190.223267,-73.794289,311.755524,965.667297,33.133942
6.367,180.04155,1291.899536,167.967468,374.855499,1186.844238,-71.963943,312.193115,962.734558,35.158352
6.375,180.11235,1291.529785,167.905563,375.708984,1183.451172,-70.306427,312.644623,959.73761,37.654087
6.383,180.102264,1291.133911,167.819626,376.484558,1180.208008,-68.361748,313.053223,956.77594,40.040943
6.392,180.121567,1290.673096,167.688873,377.124146,1176.914917,-66.652084,313.327209,953.761658,42.164009
6.4,180.103836,1290.075928,167.515427,377.876404,1173.484375,-64.919235,313.537445,950.736694,44.415287
6.408,180.208847,1289.540405,167.441895,378.628723,1170.061768,-63.210979,313.592926,947.556152,46.381962
6.417,180.484833,1288.941772,167.378616,379.167572,1166.624023,-61.477364,313.653412,944.365417,48.305756
6.425,180.724701,1288.299927,167.235519,379.960968,1162.980225,-59.661079,313.729065,941.099365,50.213284
6.433,181.073563,1287.547974,167.160919,380.717041,1159.332642,-57.89547,313.760345,937.882141,52.19352
6.442,181.462021,1286.699097,167.109619,381.283356,1155.665527,-56.181374,313.832855,934.687744,54.224361
6.45,181.83403,1285.733276,167.066681,381.742493,1152.07666,-54.39109,313.88208,931.34967,56.442204
6.458,182.210373,1284.910889,167.031296,382.121826,1148.439453,-52.69627,314.024689,928.023071,58.725441
6.467,182.560623,1284.062378,167.016373,382.622894,1144.496826,-50.829617,314.172546,924.666809,61.102749
6.475,182.768295,1283.027954,166.978928,382.947571,1140.734741,-49.045471,314.331451,921.199402,63.405067
6.483,183.00856,1281.918701,167.054535,383.202057,1136.938843,-47.344669,314.493256,917.701538,65.802132
6.492,183.435577,1280.923828,166.982056,383.510193,1132.931763,-45.588993,314.676361,914.120178,68.175217
6.5,183.714584,1279.871704,166.726334,383.811432,1128.98291,-43.850964,314.971741,910.563049,70.719452
6.508,183.933578,1278.530151,166.591995,384.095581,1124.965698,-42.087097,315.044067,906.976257,73.294235
6.517,184.085098,1277.415894,166.387314,384.438843,1120.964844,-40.457214,315.232697,903.443298,76.009438
6.525,184.277435,1276.272461,166.082306,384.785156,1116.868408,-38.591278,315.444305,900.049377,78.679176
6.533,184.469345,1275.023315,165.907578,385.037201,1112.948608,-36.955353,315.541016,896.483154,81.233612
6.542,184.707336,1273.877686,165.679611,385.34021,1108.962769,-34.918865,315.554108,893.014709,83.579849
6.55,185.004089,1272.888428,165.328552,385.541534,1105.189941,-33.13818,315.636688,889.592957,86.067421
6.558,185.23671,1271.864014,165.146362,385.725189,1101.391479,-31.107195,315.606201,886.267334,88.399292
6.567,185.227753,1270.820435,164.978912,385.842255,1097.840942,-29.135902,315.614502,883.081482,90.87867
6.575,185.313187,1269.929321,164.792007,385.857117,1094.33728,-27.099613,315.517731,879.830261,93.155075
6.583,185.395126,1269.123291,164.663116,385.844025,1091.040405,-25.214417,315.287689,876.594421,95.391098
6.592,185.361404,1268.206787,164.476608,385.707947,1087.78418,-23.267515,315.161163,873.535034,97.606422
6.6,185.293045,1267.316528,164.46431,385.505585,1084.664673,-21.288471,314.963501,870.597534,99.707909
6.608,185.333221,1266.52356,164.46846,385.327148,1081.734131,-19.592022,314.689362,867.579712,101.740486
6.617,185.355362,1265.794678,164.390244,384.918854,1078.655884,-17.806248,314.487061,864.81665,103.629242
6.625,185.317322,1264.942139,164.363876,384.491425,1075.764771,-15.947506,314.205841,862.046082,105.508034
6.633,185.258301,1264.110229,164.425217,384.090729,1072.997925,-14.231119,313.734344,859.164429,107.231781
6.642,185.189423,1263.337158,164.474976,383.603485,1070.054688,-12.456412,313.268951,856.400024,109.008987
6.65,185.16185,1262.673706,164.388275,383.089203,1067.282593,-10.916876,312.746521,853.727966,110.845657
6.658,185.116135,1261.991333,164.337982,382.491882,1064.638794,-9.173882,312.282471,851.046509,112.489487
6.667,184.992157,1261.213379,164.385468,381.92218,1061.956177,-7.58097,311.631256,848.459839,114.270805
6.675,184.907562,1260.635864,164.460938,381.247162,1059.399902,-6.028469,311.017334,845.920959,115.863983
6.683,184.805862,1260.098022,164.475143,380.425476,1056.902588,-4.60591,310.464447,843.657715,117.529152
6.692,184.723877,1259.645874,164.486588,379.577271,1054.512817,-3.158353,309.870422,841.330261,118.980453
6.7,184.678864,1259.223145,164.470215,378.660797,1052.188843,-1.903134,309.196014,839.074341,120.493614
6.708,184.661011,1258.836792,164.445969,377.662292,1049.935059,-0.741581,308.560577,836.848511,121.970497
6.717,184.639008,1258.336792,164.458405,376.720398,1047.714111,0.470734,307.885406,834.643433,123.50106
6.725,184.567307,1257.842041,164.447922,375.646698,1045.386963,1.644759,307.243378,832.447571,124.895363
6.733,184.504349,1257.35498,164.387527,374.568787,1043.14502,2.852127,306.488037,830.317322,126.414078
6.742,184.455444,1256.852295,164.305878,373.515442,1040.926514,4.022852,305.796722,828.139648,127.868576
6.75,184.429886,1256.399658,164.229279,372.577728,1038.752075,5.19364,305.157898,826.244141,129.428223
6.758,184.432816,1255.948364,164.16658,371.582397,1036.613281,6.258548,304.464996,824.179504,130.898605
6.767,184.452545,1255.519043,164.133469,370.575684,1034.572266,7.228748,303.795197,822.201782,132.433243
6.775,184.384247,1255.032959,164.08165,369.617645,1032.542114,8.514951,303.398926,820.406738,133.671021
6.783,184.285904,1254.522827,164.044601,368.530792,1030.539429,9.597825,302.839325,818.360657,134.925476
6.792,184.181519,1254.134399,163.96167,367.494263,1028.612549,10.852711,302.414581,816.45697,136.197281
6.8,184.066788,1253.776367,163.902695,366.380157,1026.803467,12.032712,301.88681,814.320557,137.245911
6.808,183.845093,1253.429565,163.851456,365.285461,1024.870239,13.230046,301.36499,812.472534,138.544998
6.817,183.675919,1253.145508,163.803894,364.202209,1023.107544,14.524812,300.911591,810.362244,139.908401
6.825,183.487595,1252.831055,163.711319,362.964905,1021.080261,15.709601,300.563904,808.658997,141.262924
6.833,183.350449,1252.57373,163.67128,361.849304,1019.314392,16.846516,300.107208,806.85675,142.871872
6.842,183.191452,1252.317383,163.569473,360.729523,1017.490723,18.168344,299.672638,804.915771,144.43544
6.85,183.05304,1252.052368,163.510956,359.540863,1015.708679,19.538513,299.363007,803.225403,145.939041
6.858,182.87738,1251.793335,163.467728,358.413452,1014.028687,21.035007,298.959167,801.285645,147.643005
6.867,182.721237,1251.567749,163.444016,357.280914,1012.25946,22.685457,298.785553,799.449463,149.040207
6.875,182.474548,1251.32312,163.401428,356.167572,1010.615723,24.113445,298.541718,797.811279,150.490707
6.883,182.245224,1251.117676,163.353088,355.052612,1009.061218,25.729179,298.150208,795.820312,152.017624
6.892,182.051086,1250.931519,163.291595,354.029266,1007.532471,27.213459,297.99707,794.153931,153.476776
6.9,181.839264,1250.754761,163.246353,352.900085,1005.9104,28.786892,297.74649,792.515259,155.023315
6.908,181.601593,1250.637329,163.265686,351.915436,1004.430298,30.555288,297.291565,790.798218,156.842743
6.917,181.353973,1250.444336,163.318649,350.800751,1002.96582,32.457054,297.049805,789.386719,158.609421
6.925,181.126343,1250.325073,163.338577,349.786743,1001.543396,34.131008,296.781464,787.921692,160.450851
6.933,180.904266,1250.196289,163.322891,348.759735,1000.094177,35.920818,296.34613,786.548584,162.333298
6.942,180.656555,1250.069336,163.258392,347.795593,998.85498,37.585155,295.924713,785.077026,164.165375
6.95,180.416428,1249.947144,163.242828,346.805908,997.593384,39.416187,295.44986,783.615967,166.049591
6.958,180.177673,1249.870117,163.220596,345.83609,996.358948,41.312649,295.118988,782.251404,167.805008
6.967,179.97084,1249.783569,163.215622,344.740662,995.033997,43.327438,294.61557,780.803711,169.652206
6.975,179.759659,1249.703247,163.217224,343.72171,993.803345,45.282253,294.178741,779.514343,171.491638
6.983,179.539856,1249.622314,163.223465,342.614868,992.407593,47.211422,293.812866,778.173767,173.423859
6.992,179.346939,1249.530396,163.200043,341.460083,991.167297,48.948967,293.377625,776.89093,175.275757
7,179.173065,1249.419067,163.114197,340.315613,989.966736,50.714214,292.835815,775.478271,177.369003
7.008,179.008377,1249.283936,163.057327,339.0755,988.670654,52.544292,292.327728,774.273682,179.30574
7.017,178.801514,1249.115234,163.045532,337.75943,987.295715,54.445396,291.744598,772.884399,181.287933
7.025,178.602936,1248.957031,163.066391,336.505615,986.069275,56.35672,291.112915,771.597595,183.169861
7.033,178.354279,1248.749146,163.113281,335.250702,984.804199,58.182617,290.390076,770.244202,185.087921
7.042,178.133636,1248.624756,163.239166,333.986511,983.569031,59.967888,289.666504,768.770935,186.962708
7.05,177.889511,1248.443359,163.275696,332.691803,982.437683,61.395615,289.072815,767.687134,188.579025
7.058,177.649643,1248.299438,163.335831,331.377045,981.197571,63.359409,288.277893,766.347778,190.397507
7.067,177.355667,1248.204468,163.38858,329.9198,980.125793,65.23407,287.691956,765.19574,192.067566
7.075,177.119537,1248.03479,163.474228,328.577515,978.964355,67.018593,286.980194,764.038757,193.82196
7.083,176.893204,1247.859619,163.430023,327.044434,977.935303,68.713509,286.311462,762.917358,195.466675
7.092,176.685959,1247.72229,163.42836,325.593384,976.891174,70.517845,285.546265,761.684814,197.222672
7.1,176.526535,1247.586548,163.450562,324.287933,975.916077,72.12973,284.809723,760.662415,198.801437
7.108,176.350021,1247.433105,163.442078,322.819153,974.918335,73.752792,284.020599,759.487305,200.368362
7.117,176.20607,1247.302368,163.500641,321.449677,973.983582,75.170349,283.30249,758.435791,201.757278
7.125,176.060043,1247.157715,163.518723,320.009521,972.981628,76.892052,282.583405,757.361816,203.21048
7.133,175.900604,1247.001221,163.50827,318.688477,972.111084,78.489288,281.93866,756.343689,204.562042
7.142,175.750671,1246.842529,163.506592,317.364899,971.148987,80.042625,281.243744,755.366699,205.888672
7.15,175.598358,1246.645874,163.565262,316.061157,970.29657,81.560806,280.547516,754.216309,207.312134
7.158,175.466751,1246.452637,163.683289,314.81427,969.382812,83.002625,279.903198,753.378296,208.467331
7.167,175.326309,1246.254883,163.770523,313.435913,968.567993,84.505066,279.195679,752.362793,209.743057
7.175,175.206589,1246.073486,163.913467,312.200928,967.810486,85.680099,278.588806,751.445068,210.879608
7.183,175.051407,1245.921387,164.051666,310.921722,967.05957,86.861252,277.921082,750.717712,211.799301
7.192,174.89212,1245.791748,164.25618,309.614197,966.427856,88.10276,277.189301,749.669739,212.842834
7.2,174.674789,1245.621582,164.422012,308.268524,965.69989,89.373131,276.605255,748.863953,213.568008
7.208,174.515991,1245.52356,164.583099,306.930267,965.097717,90.528618,275.988464,748.039551,214.375656
7.217,174.29718,1245.372192,164.628815,305.424927,964.525391,91.613472,275.379822,747.154846,215.17865
7.225,174.122345,1245.306152,164.86116,304.167084,963.889038,92.806618,274.815979,746.419495,215.98671
7.233,173.905289,1245.165405,164.91362,302.707642,963.30481,93.911095,274.350372,745.714172,216.80864
7.242,173.740158,1245.108765,165.062057,301.295654,962.756958,94.776001,273.709534,744.899536,217.793427
7.25,173.514496,1244.983643,165.037308,299.918396,962.158752,95.852074,273.221558,744.310181,218.600464
7.258,173.387405,1244.926514,165.189667,298.586121,961.641235,96.751259,272.641022,743.643799,219.45105
7.267,173.230957,1244.808228,165.211578,297.204132,961.122986,97.662361,272.2724,743.038513,220.114212
7.275,173.109177,1244.723267,165.286591,295.824219,960.594971,98.538628,271.769684,742.282227,220.852325
7.283,172.972687,1244.588013,165.334747,294.392914,960.106384,99.413582,271.39856,741.670959,221.527481
7.292,172.876785,1244.479248,165.465973,293.091675,959.667603,100.368271,271.146332,741.194885,222.100464
7.3,172.729187,1244.366943,165.516678,291.603699,959.230835,101.144333,270.842285,740.690857,222.771271
7.308,172.596512,1244.251953,165.633545,290.241302,958.812012,102.148994,270.571533,740.100525,223.520111
7.317,171.708435,1243.194702,163.53331,288.852325,958.401001,103.060677,270.354492,739.617249,224.216019
7.325,171.550644,1243.049438,163.577286,287.540771,957.97644,103.982193,270.190948,739.193481,225.047195
7.333,171.376907,1242.884277,163.628479,286.173706,957.596008,104.845459,270.039948,738.809631,225.777359
7.342,171.16893,1242.675537,163.707275,285.02594,957.250183,105.715179,269.906403,738.429443,226.550781
7.35,170.92868,1242.460083,163.765472,283.838074,956.898376,106.701538,269.748871,737.999634,227.262802
7.358,170.691818,1242.217285,163.844223,282.719604,956.564758,107.536087,269.629791,737.641418,227.940323
7.367,170.496521,1242.037842,163.919724,281.617249,956.200073,108.373833,269.554382,737.334351,228.581375
7.375,170.308716,1241.873413,163.990463,280.617981,955.93512,109.25425,269.499329,737.094604,229.166641
7.383,170.167572,1241.731812,164.059387,279.612061,955.632019,110.112709,269.478149,736.919312,229.890747
7.392,170.020752,1241.601196,164.146896,278.653046,955.387146,111.055389,269.539856,736.796875,230.678879
7.4,169.868179,1241.461426,164.212708,277.827484,955.102661,111.888519,269.53064,736.679443,231.493851
7.408,169.719711,1241.331787,164.284912,277.00473,954.833557,112.725647,269.505157,736.561218,232.31514
7.417,169.541931,1241.173096,164.381348,276.156403,954.670349,113.469589,269.475372,736.395203,233.119446
7.425,169.377258,1241.006348,164.496887,275.45459,954.414429,114.241409,269.443695,736.226379,233.932388
7.433,169.188416,1240.830688,164.608307,274.865112,954.208374,114.970039,269.497467,736.130188,234.62468
7.442,169.038376,1240.668091,164.715332,274.326599,953.976074,115.663933,269.56839,736.010986,235.260056
7.45,168.898239,1240.49292,164.831131,273.849823,953.726868,116.374344,269.634521,735.914795,235.776505
7.458,168.786346,1240.317383,164.948013,273.412384,953.535522,116.926857,269.725647,735.8078,236.269669
7.467,168.632446,1240.066162,165.037766,273.055176,953.333374,117.420052,269.862732,735.743713,236.802094
7.475,168.556259,1239.866577,165.120102,272.729706,953.126038,117.884674,269.941406,735.698975,237.278458
7.483,168.355011,1239.596924,165.15683,272.250458,952.966064,118.263458,270.029083,735.665466,237.731323
7.492,168.342987,1239.447266,165.210175,271.91214,952.803345,118.556221,270.099335,735.632568,238.107773
7.5,168.389603,1239.33374,165.309784,271.649689,952.677795,118.869644,270.163971,735.613403,238.481079
7.508,168.431244,1239.222656,165.373825,271.426941,952.537903,119.130302,270.207977,735.556458,238.821991
7.517,168.497406,1239.115479,165.449921,271.271179,952.430054,119.391205,270.26825,735.521118,239.065002
7.525,168.524414,1239.031006,165.52916,271.146667,952.341553,119.57325,270.324432,735.451538,239.255127
7.533,168.545319,1238.959839,165.620651,271.077484,952.272339,119.737862,270.360199,735.377869,239.391006
7.542,168.590195,1238.915527,165.748978,270.991699,952.175293,119.880051,270.409454,735.307922,239.49614
7.55,168.620117,1238.872192,165.857239,270.989166,952.111572,119.962555,270.473114,735.257812,239.559601
7.558,168.655029,1238.825928,165.955765,271.001831,952.055725,119.991142,270.524048,735.19635,239.601883
7.567,168.690598,1238.778564,166.061432,271.065765,952.009888,120.009048,270.577454,735.072388,239.621933
7.575,168.735367,1238.742065,166.14624,271.125732,951.961365,120.001213,270.618347,734.999634,239.585068
7.583,168.757874,1238.699951,166.232224,271.233795,951.934448,119.985741,270.670197,734.943665,239.541916
7.592,168.814789,1238.678833,166.352539,271.385864,951.935852,119.973389,270.700745,734.86615,239.49173
7.6,168.834595,1238.640381,166.43634,271.55249,951.950562,119.947922,270.753326,734.790833,239.409195
7.608,168.879715,1238.602051,166.532761,271.728516,951.96106,119.919044,270.803894,734.710632,239.28418
7.617,168.93335,1238.5896,166.604614,271.958557,952.006775,119.854691,270.886932,734.633545,239.110107
7.625,168.95752,1238.550903,166.666153,272.29776,952.070801,119.75547,270.998322,734.566406,238.895798
7.633,169.007294,1238.532715,166.734375,272.521271,952.103516,119.662865,271.121674,734.49646,238.639618
7.642,169.054764,1238.517212,166.796051,272.755035,952.137024,119.523529,271.336945,734.434448,238.337509
7.65,169.139023,1238.525024,166.875412,272.980377,952.155029,119.339973,271.545593,734.384705,238.01268
7.658,169.213928,1238.526489,166.964737,273.224152,952.180908,119.139122,271.768188,734.361938,237.62468
7.667,169.321838,1238.52063,167.060455,273.415283,952.183594,118.89151,272.011932,734.285645,237.243149
7.675,169.409103,1238.5177,167.126358,273.616974,952.182617,118.588524,272.242096,734.229858,236.839691
7.683,169.49826,1238.502441,167.18399,273.842316,952.170959,118.260918,272.500488,734.170227,236.423904
7.692,169.601791,1238.511108,167.2379,274.099518,952.176697,117.905273,272.729858,734.11853,236.03331
7.7,169.709747,1238.507812,167.286179,274.353149,952.210754,117.565964,273.001801,734.050232,235.668167
7.708,169.822983,1238.510498,167.34404,274.624329,952.252136,117.163391,273.290222,733.989014,235.257248
7.717,169.953674,1238.519409,167.400574,274.9664,952.303711,116.731339,273.564819,733.980774,234.905441
7.725,170.067505,1238.549683,167.47374,275.332123,952.363464,116.286369,273.890533,733.979065,234.461456
7.733,170.185654,1238.594971,167.559906,275.66333,952.417908,115.824219,274.284515,734.018555,233.877289
7.742,170.287506,1238.670288,167.672958,276.039764,952.45105,115.310707,274.672058,734.059509,233.229248
7.75,170.386124,1238.775879,167.789062,276.440521,952.592896,114.702843,275.023315,734.095642,232.614899
7.758,170.480759,1238.876709,167.907516,276.893585,952.760071,114.039658,275.398987,734.193481,231.99704
7.767,170.590942,1238.980835,168.031723,277.389282,952.888062,113.341919,275.801849,734.373535,231.373459
7.775,170.736633,1239.098877,168.154877,277.945404,953.126282,112.584732,276.188232,734.645813,230.751617
7.783,170.897675,1239.234253,168.263748,278.528717,953.340088,111.782257,276.536499,734.902283,230.112549
7.792,171.128143,1239.404419,168.409119,279.231323,953.608582,110.947693,276.852173,735.15448,229.44928
7.8,171.320129,1239.574463,168.527557,280.072968,953.953369,110.113937,277.152588,735.462097,228.783768
7.808,171.547577,1239.746826,168.64801,280.963898,954.335388,109.249344,277.438263,735.756104,228.123917
7.817,171.786041,1239.938843,168.747925,281.972504,954.748962,108.45507,277.723999,736.115723,227.402542
7.825,172.067657,1240.17981,168.836151,283.09491,955.176147,107.568771,278.054016,736.564758,226.795776
7.833,173.229706,1241.510376,171.366791,284.31073,955.671082,106.625633,278.319641,737.077148,226.119583
7.842,173.159027,1241.279419,170.483398,285.578339,956.23938,105.585602,278.587189,737.603455,225.435303
7.85,173.708206,1241.923096,171.507492,286.994171,956.770569,104.640388,278.848602,738.249207,224.73233
7.858,173.767212,1241.869019,170.947433,288.445282,957.426514,103.444839,279.135956,738.892212,223.926163
7.867,174.254654,1242.352417,171.473495,289.987061,958.132812,102.17672,279.470123,739.701355,222.952026
7.875,174.431671,1242.460571,171.283401,291.607269,958.915771,100.870682,279.842743,740.408081,221.908752
7.883,174.758636,1242.889282,171.776779,293.351868,959.796204,99.492317,280.100983,741.246521,220.843246
7.892,174.865646,1242.993042,171.641449,295.147675,960.668213,98.137299,280.358154,742.272705,219.754807
7.9,175.145721,1243.365601,172.103561,296.944611,961.62207,96.491432,280.574677,743.338074,218.703918
7.908,175.325745,1243.5448,172.245544,298.955841,962.548523,94.682297,280.894226,744.5224,217.463654
7.917,175.584915,1243.808228,172.623871,300.916687,963.637878,92.692329,281.076294,745.695435,216.20195
7.925,175.776855,1243.972168,172.815247,302.994202,964.747009,90.671928,281.308167,747.064819,214.769531
7.933,175.99765,1244.223267,173.121735,305.084625,965.828125,88.760185,281.447205,748.4646,213.437866
7.942,176.190094,1244.470337,173.450653,307.210602,967.16803,86.803032,281.619385,750.025879,211.874329
7.95,176.407806,1244.753296,173.790421,309.355408,968.470581,84.726219,281.730743,751.439636,210.286636
7.958,176.657242,1244.9375,173.900955,311.620361,969.845093,82.526001,282.103943,753.268005,208.429108
7.967,176.913071,1245.155884,173.999222,313.778717,971.324707,80.179977,282.330505,755.003967,206.647827
7.975,177.247726,1245.432129,174.140961,315.994537,972.823425,77.659843,282.538574,756.807556,204.826035
7.983,177.616058,1245.744873,174.504272,318.199158,974.452026,75.448174,282.813202,758.678162,202.982712
7.992,178.046753,1246.026001,174.590454,320.404816,975.963806,73.41095,283.181183,760.720154,201.136185
8,178.415497,1246.352417,174.799622,322.47226,977.6427,71.008064,283.494812,762.649048,199.175354
8.008,178.791336,1246.608276,175.056549,324.710388,979.532227,68.714775,283.830048,764.730469,197.115112
8.017,179.157959,1246.9375,175.381805,326.724487,981.308167,66.269394,284.331604,766.946533,194.96936
8.025,179.446701,1247.220215,175.536835,328.761993,983.278809,63.500874,284.825348,769.275513,192.569885
8.033,179.697189,1247.530396,175.677704,330.701508,985.223511,61.107353,285.328705,771.409607,190.276276
8.042,179.932648,1247.891113,175.807541,332.550781,987.321472,58.874084,285.738281,773.6651,187.982697
8.05,180.176743,1248.349609,176.096924,334.530701,989.401428,56.323277,286.176514,775.960999,185.470078
8.058,180.299866,1248.766357,176.325256,336.276123,991.595825,53.699348,286.696014,778.437988,182.996048
8.067,180.456192,1249.156128,176.654022,338.100983,993.865845,51.287376,287.26474,780.805847,180.533997
8.075,180.603851,1249.52478,176.842957,339.851685,996.060913,48.87767,287.774963,783.341248,178.018173
8.083,180.827316,1249.946899,177.244537,341.639771,998.479858,46.292389,288.29129,785.842346,175.501755
8.092,181.024963,1250.293701,177.419861,343.304047,1000.873657,43.73423,288.835022,788.385742,172.86618
8.1,181.230408,1250.688477,177.655991,344.991272,1003.348694,41.215492,289.452454,791.137878,170.158051
8.108,181.40155,1251.091675,177.847351,346.63443,1005.858154,38.945004,289.992462,793.543762,167.466385
8.117,181.566574,1251.552002,178.010452,348.245697,1008.328796,36.607182,290.404541,795.99646,164.757202
8.125,181.726822,1252.005981,178.086258,349.859222,1010.994202,34.036621,291.029053,798.538208,161.938126
8.133,181.857727,1252.353882,177.961288,351.352081,1013.610229,31.283117,291.773651,801.155823,159.071487
8.142,182.013184,1252.68396,177.922684,352.777313,1016.210938,28.716564,292.513611,803.803589,156.305115
8.15,182.17276,1252.94873,177.844666,354.247803,1018.837952,26.185966,293.428925,806.527466,153.242172
8.158,182.290863,1253.21582,177.964264,355.763031,1021.710999,23.479254,294.068146,809.276733,150.52861
8.167,182.374527,1253.44104,178.01004,357.081299,1024.518433,20.658148,294.876648,812.02301,147.621719
8.175,182.433975,1253.66748,178.11528,358.484436,1027.487671,18.052368,295.698914,814.957581,144.847855
8.183,182.505264,1253.88501,178.18425,360.043396,1030.663696,15.400306,296.486511,817.81897,141.834274
8.192,182.597153,1254.139038,178.294495,361.403229,1033.5625,12.697143,297.196716,820.908142,138.82457
8.2,182.695053,1254.37561,178.369873,362.844482,1036.72522,9.95761,297.973938,823.978394,135.663361
8.208,182.909622,1254.692993,178.595718,364.235687,1040.068115,7.429277,298.610046,827.152405,132.733093
8.217,183.109375,1255.052246,178.700485,365.573486,1043.312012,4.730307,299.2742,830.408691,129.506302
8.225,183.376541,1255.368774,178.842102,366.85199,1046.755493,1.962953,299.939392,833.757324,126.331642
8.233,183.602722,1255.667603,178.786392,368.060028,1050.205444,-0.777466,300.549469,837.073914,123.167053
8.242,183.896027,1256.059204,179.040329,369.087769,1053.718628,-3.371025,301.17038,840.295593,119.817917
8.25,184.110184,1256.426758,179.350037,370.099854,1057.345093,-6.015895,301.846985,843.639954,116.561539
8.258,184.276535,1256.719849,179.535065,371.064575,1061.015747,-8.731915,302.493134,846.942139,113.194672
8.267,184.422379,1257.019653,179.74086,371.878998,1064.665161,-11.322012,303.092926,850.3255,109.850952
8.275,184.583817,1257.334717,180.025864,372.708405,1068.414917,-14.014896,303.703583,853.803162,106.578896
8.283,184.768356,1257.696167,180.418228,373.300385,1072.277222,-16.840509,304.204315,857.229675,103.220123
8.292,184.919281,1258.026978,180.706039,373.943695,1076.173462,-19.555655,304.706177,860.821655,100.021103
8.3,185.145309,1258.407593,180.90979,374.486328,1080.152588,-22.195175,305.16217,864.651917,96.713509
8.308,185.317581,1258.766846,181.032547,374.974701,1084.206177,-24.94545,305.396729,868.396545,93.438721
8.317,185.532562,1259.163696,181.332184,375.390747,1088.324951,-27.668749,305.615112,872.233643,90.256744
8.325,185.750122,1259.53418,181.582245,375.841644,1092.380249,-30.282887,305.615601,876.193665,86.917465
8.333,186.046814,1259.908569,181.752808,376.075256,1096.575806,-32.897209,305.593079,880.137573,83.859665
8.342,186.265579,1260.30188,181.929367,376.442047,1100.756592,-35.419235,305.515228,884.135071,80.908691
8.35,186.472672,1260.740845,182.265762,376.577026,1104.977783,-37.893475,305.335175,888.319946,77.905731
8.358,186.602463,1261.164307,182.551041,376.723816,1109.318848,-40.358906,305.199219,892.47229,75.18
8.367,186.763687,1261.653076,182.762253,376.714172,1113.55542,-42.779205,304.90329,896.608887,72.366753
8.375,187.031693,1262.275635,182.908005,376.584717,1117.854614,-45.077301,304.644836,900.85022,69.649132
8.383,187.193359,1262.874756,183.022995,376.384979,1122.203857,-47.509407,304.305664,904.906433,66.879128
8.392,187.379578,1263.477661,183.194077,376.142639,1126.476685,-49.758293,303.962555,908.956787,64.043221
8.4,187.505112,1264.060181,183.301102,375.698456,1130.715088,-52.068466,303.711395,913.046143,61.285034
8.408,187.679733,1264.653687,183.498535,375.359283,1134.915649,-54.169258,303.317108,916.930298,58.547165
8.417,187.799454,1265.237183,183.556152,374.891266,1139.138794,-56.37553,303.010925,920.76062,55.776329
8.425,187.934387,1265.89502,183.543121,374.315887,1143.289551,-58.414215,302.578705,924.583008,53.179981
8.433,188.145554,1266.605469,183.609116,373.742615,1147.422363,-60.514957,302.060394,928.426819,50.459599
8.442,188.338104,1267.24292,183.743881,373.001648,1151.521973,-62.541798,301.551361,932.178345,47.965729
8.45,188.419907,1267.758423,183.835663,372.269836,1155.558228,-64.50676,301.007874,935.866699,45.465824
8.458,188.476501,1268.300659,183.931778,371.418152,1159.547363,-66.329079,300.31192,939.53302,42.987049
8.467,188.597122,1268.984131,183.94899,370.490387,1163.571167,-68.357414,299.709259,943.162476,40.644604
8.475,188.713577,1269.664673,183.968735,369.568237,1167.429077,-70.07177,298.950226,946.738525,38.485859
8.483,188.85379,1270.276489,184.012177,368.667206,1171.234497,-71.709457,298.164886,950.280151,35.931927
8.492,188.880417,1270.839844,184.058029,367.798004,1174.963989,-73.336136,297.485443,953.757019,33.576214
8.5,188.855392,1271.328491,184.086487,366.957184,1178.61145,-74.941605,296.463531,956.953796,31.408205
8.508,188.873047,1271.875366,184.036362,366.061218,1182.067383,-76.365486,295.638092,960.024719,29.325649
8.517,188.984924,1272.560425,183.975723,365.078186,1185.515015,-77.820641,294.715332,963.105286,26.879265
8.525,189.130386,1273.157104,183.900803,364.091034,1188.826294,-79.230934,293.939362,966.010376,24.568008
8.533,189.28775,1273.768677,183.806015,363.015076,1192.111572,-80.693893,292.959229,968.801636,22.279295
8.542,189.329788,1274.248535,183.815994,361.835388,1195.334473,-82.146393,291.959991,971.54364,20.157368
8.55,189.281281,1274.692627,183.824738,360.604156,1198.466187,-83.654472,291.103699,974.390686,18.009697
8.558,189.331619,1275.223267,183.800507,359.360138,1201.602905,-85.077751,290.208252,977.074524,15.776282
8.567,189.455429,1275.770508,183.734619,357.666718,1205.578003,-88.006844,289.337555,979.771851,13.813798
8.575,189.636734,1276.272827,183.62413,356.495056,1207.907837,-88.272675,288.376648,982.441406,12.072988
8.583,189.723892,1276.728271,183.518402,355.00058,1211.080566,-89.973915,287.426453,984.989746,10.376333
8.592,189.812149,1277.14917,183.430908,353.96344,1213.722778,-91.043396,286.527985,987.392761,8.284326
8.6,189.822159,1277.546875,183.276978,352.614044,1216.77771,-93.150124,285.69574,989.807861,6.471105
8.608,189.833023,1277.969482,183.142914,351.271729,1219.047241,-93.899803,284.900146,991.986145,4.572794
8.617,189.922745,1278.454224,183.037231,349.849609,1221.924438,-95.514862,283.994629,994.177246,2.58583
8.625,190.058731,1278.953369,182.90184,348.523651,1224.035767,-96.101425,283.261383,996.182373,0.795099
8.633,190.209976,1279.406616,182.773544,347.044891,1226.454834,-97.297836,282.502991,998.186646,-1.099083
8.642,190.340286,1279.799683,182.621658,345.622803,1228.863281,-98.706184,281.791138,1000.133057,-2.694138
8.65,190.437225,1280.148804,182.429031,344.295197,1230.914551,-99.663811,281.132507,1002.002808,-4.225493
8.658,190.489487,1280.432617,182.223984,342.896088,1233.053711,-100.813057,280.562347,1003.86499,-5.569957
8.667,190.56398,1280.69873,182.062164,341.561829,1235.009888,-101.835609,279.785919,1005.61261,-6.894158
8.675,190.643036,1280.942505,181.904007,340.369049,1236.940308,-102.819458,279.184448,1007.452271,-8.121742
8.683,190.765854,1281.257202,181.71347,339.267181,1238.759277,-103.797386,278.421356,1009.142639,-9.228461
8.692,190.875809,1281.539062,181.53183,338.059326,1240.45813,-104.787712,277.631531,1010.750793,-10.257501
8.7,191.080002,1281.75415,181.362534,336.868347,1242.124023,-105.698746,276.747437,1012.3172,-11.127016
8.708,191.248337,1281.972168,181.160355,335.804413,1243.52478,-106.599854,276.022766,1013.808716,-11.95621
8.717,191.441406,1282.187134,180.93045,334.783356,1245.023682,-107.547089,275.175812,1015.240784,-12.808009
8.725,191.583984,1282.350952,180.763779,333.827271,1246.187622,-108.245468,274.311005,1016.529541,-13.545298
8.733,191.730331,1282.505615,180.606262,332.737305,1247.805664,-109.897606,273.586212,1017.732727,-14.193786
8.742,191.825607,1282.640869,180.465591,331.980438,1248.702271,-110.159317,272.69281,1018.787048,-14.948591
8.75,191.919708,1282.750977,180.321381,331.179871,1249.639771,-110.737724,271.887268,1019.790527,-15.571129
8.758,191.973267,1282.872192,180.217163,330.355194,1250.55188,-111.157898,271.098999,1020.738708,-16.302641
8.767,192.008606,1282.982422,180.107224,329.754181,1251.514648,-111.770592,270.441223,1021.50177,-16.936953
8.775,192.055679,1283.099609,179.996338,329.213409,1252.243164,-112.179939,269.72644,1022.290955,-17.618757
8.783,192.057404,1283.205078,179.879715,328.655762,1252.986084,-112.548042,268.977142,1022.993774,-18.363464
8.792,192.0858,1283.281372,179.765579,328.316467,1253.635986,-112.785324,268.309753,1023.567444,-19.090429
8.8,192.083954,1283.341187,179.622238,327.964996,1254.248291,-113.052452,267.734314,1024.105957,-19.742504
8.808,192.099625,1283.381592,179.491852,327.619049,1254.903809,-113.340729,267.144623,1024.571899,-20.608921
8.817,192.146973,1283.399292,179.3992,327.380341,1255.426392,-113.531601,266.596832,1024.989258,-21.333422
8.825,192.181076,1283.370728,179.313522,327.188904,1255.86853,-113.761513,266.108307,1025.3573,-22.065138
8.833,192.209564,1283.298584,179.235306,326.985748,1256.258057,-114.002647,265.656403,1025.609741,-22.686195
8.842,192.27417,1283.240723,179.169113,326.791687,1256.554321,-114.21109,265.298615,1025.814819,-23.361792
8.85,192.361145,1283.151123,179.068665,326.592651,1256.790894,-114.380379,265.042969,1025.940796,-23.920675
8.858,192.422089,1283.063232,178.994141,326.435059,1256.945801,-114.547699,264.845978,1025.992188,-24.396856
8.867,192.495453,1282.985962,178.929672,326.29071,1257.040771,-114.706757,264.716736,1026.014893,-24.80743
8.875,192.540222,1282.918579,178.848816,326.179565,1257.065552,-114.854904,264.637512,1025.990234,-25.075634
8.883,192.578354,1282.857056,178.758011,326.104614,1257.032471,-114.998108,264.618195,1025.934204,-25.280226
8.892,192.608566,1282.8125,178.682678,326.046753,1256.94043,-115.129379,264.594666,1025.82605,-25.387199
8.9,192.641113,1282.74939,178.599579,326.015167,1256.78479,-115.241783,264.602997,1025.707031,-25.399981
8.908,192.643555,1282.703369,178.528259,326.018188,1256.585815,-115.367012,264.636932,1025.547119,-25.318644
8.917,192.671921,1282.650146,178.447144,326.037109,1256.325928,-115.459511,264.680359,1025.380005,-25.156536
8.925,192.677597,1282.587036,178.374664,326.077606,1256.017456,-115.506104,264.743835,1025.154297,-24.918261
8.933,192.698639,1282.529907,178.305908,326.164276,1255.611938,-115.495239,264.820343,1024.894897,-24.631819
8.942,192.702057,1282.468384,178.263,326.308289,1255.210571,-115.480988,264.886047,1024.602539,-24.397163
8.95,192.721176,1282.410034,178.215744,326.492706,1254.734619,-115.481171,264.981201,1024.224609,-24.203791
8.958,192.729156,1282.346436,178.180862,326.735382,1254.256714,-115.408676,265.109375,1023.758423,-23.973068
8.967,192.729172,1282.275391,178.163132,326.992554,1253.630371,-115.227646,265.259094,1023.290649,-23.736019
8.975,192.699646,1282.196899,178.138412,327.252258,1253.14978,-115.123756,265.42395,1022.751099,-23.561338
8.983,192.689606,1282.115967,178.112015,327.570312,1252.611816,-115.052498,265.664856,1022.23645,-23.385729
8.992,192.662216,1282.030029,178.093109,327.921173,1252.000244,-114.915543,265.904175,1021.661865,-23.305292
9,192.631638,1281.905762,178.08374,328.269196,1251.39978,-114.774101,266.189667,1020.987732,-23.182625
9.008,192.593597,1281.777344,178.07486,328.642639,1250.79248,-114.580116,266.445496,1020.366455,-23.001995
9.017,192.589127,1281.637451,178.072906,328.870178,1250.112549,-114.373444,266.737854,1019.674194,-22.796675
9.025,192.588257,1281.477051,178.047287,329.231445,1249.401855,-114.307503,267.044098,1019.053101,-22.668827
9.033,192.601913,1281.297119,178.028412,329.535034,1248.732544,-114.282379,267.357513,1018.354431,-22.524958
9.042,192.630875,1281.097412,177.998779,329.851105,1248.056274,-114.307053,267.67572,1017.475708,-22.357531
9.05,192.635681,1280.873901,177.93573,330.240753,1247.191284,-114.217438,268.008789,1016.591309,-22.073748
9.058,192.638184,1280.652588,177.884171,330.535248,1245.703857,-113.442444,268.385284,1015.66217,-21.865076
9.067,192.664078,1280.453125,177.827515,330.772064,1244.705811,-113.505745,268.716583,1014.566528,-21.657076
9.075,192.690109,1280.241333,177.747589,331.169403,1243.493164,-113.419914,269.122284,1013.375061,-21.322187
9.083,192.747131,1280.009277,177.707916,331.434357,1242.015259,-113.318619,269.594696,1012.088196,-20.919283
9.092,192.819504,1279.845215,177.627258,331.690033,1240.638672,-113.363907,270.185852,1010.664673,-20.419722
9.1,192.924896,1279.682129,177.568665,331.960236,1238.910889,-113.246918,270.687042,1009.245544,-19.79114
9.108,193.049988,1279.473999,177.488922,332.166962,1237.312256,-113.247452,271.168762,1007.564087,-19.26696
9.117,193.129059,1279.287231,177.393448,332.394867,1235.394653,-113.11808,271.766327,1005.951294,-18.47727
9.125,193.199783,1279.095825,177.304092,332.602936,1233.549316,-113.227669,272.386627,1004.075623,-17.748161
9.133,193.272125,1278.88623,177.202103,332.923462,1231.500977,-113.040543,272.845398,1002.195618,-16.949455
9.142,193.345779,1278.688232,177.078781,333.264374,1229.238281,-112.903946,273.34491,1000.190002,-16.133688
9.15,193.445465,1278.498413,176.906906,333.666168,1227.054932,-112.917793,273.754761,998.096924,-15.354985
9.158,193.543106,1278.316772,176.696106,334.170197,1224.703857,-112.782639,274.190796,996.014587,-14.396928
9.167,193.61116,1278.101929,176.484924,334.409668,1222.12207,-112.476753,274.736023,993.865662,-13.277857
9.175,193.686951,1277.891357,176.30246,334.717041,1219.192749,-111.774704,275.148987,991.685425,-12.025286
9.183,193.754089,1277.677124,176.136276,335.159882,1216.494873,-111.394257,275.535278,989.33728,-10.742825
9.192,193.79422,1277.435059,175.940369,335.630798,1213.77832,-111.034309,275.987549,987.083557,-9.403546
9.2,193.816696,1277.141968,175.761261,336.096985,1210.904785,-110.625084,276.279449,984.770813,-8.018511
9.208,193.847336,1276.825928,175.633682,336.554413,1207.842896,-110.206749,276.565796,982.257385,-6.416333
9.217,193.86528,1276.495361,175.442368,337.011566,1204.769653,-109.797012,276.730988,979.700989,-4.89404
9.225,193.95462,1276.178833,175.307083,337.490509,1201.585815,-109.295258,276.866852,977.082031,-3.15753
9.233,193.992233,1275.827271,175.130417,337.904694,1198.286865,-108.777687,277.133514,974.441956,-1.390022
9.242,194.068253,1275.50708,174.977463,338.263367,1194.946289,-108.302834,277.3461,971.87146,0.056446
9.25,194.113129,1275.246338,174.788345,338.55957,1191.578613,-107.674927,277.637543,969.240723,2.183998
9.258,194.15152,1275.013306,174.63147,338.803894,1188.146851,-107.02195,277.800781,966.330627,4.200579
9.267,194.166122,1274.746948,174.447098,338.991364,1184.619019,-106.349762,278.017578,963.424927,6.383339
9.275,194.180252,1274.480347,174.269516,339.095673,1180.995483,-105.691925,278.147064,960.498779,8.19416
9.283,194.189835,1274.199829,174.10141,339.238525,1177.292358,-104.934799,278.282959,957.465515,9.875303
9.292,194.212845,1273.960693,173.946457,339.212311,1173.515747,-104.147537,278.412598,954.225464,11.862232
9.3,194.208572,1273.661255,173.768127,339.080963,1169.716919,-103.405701,278.421753,950.878845,14.033669
9.308,194.19841,1273.380981,173.600525,338.919952,1165.907959,-102.597519,278.681854,947.566467,15.984246
9.317,194.193726,1273.090454,173.44075,338.753693,1162.062622,-101.657021,278.772156,944.197571,17.617937
9.325,194.214722,1272.785767,173.295013,338.525299,1158.222656,-100.686302,278.937195,940.827087,19.588455
9.333,194.219421,1272.49585,173.184692,338.335663,1154.354614,-99.667992,279.116882,937.399658,21.668331
9.342,194.193146,1272.075073,173.033722,338.088593,1150.506714,-98.611359,279.336548,934.018372,23.931477
9.35,194.151031,1271.615234,172.908966,337.821869,1146.564209,-97.471329,279.562775,930.652039,25.913252
9.358,194.115463,1271.096069,172.726486,337.702606,1142.697754,-96.321236,279.686035,927.072937,27.995886
9.367,194.090546,1270.606323,172.591003,337.511749,1138.628906,-95.012833,279.819672,923.475891,30.297405
9.375,194.101471,1270.119873,172.447357,337.419434,1134.603882,-93.715942,279.940582,919.876282,32.394032
9.383,194.068893,1269.61145,172.300903,337.301147,1130.519165,-92.31765,280.16861,916.221191,34.59425
9.392,194.057373,1269.093872,172.143341,337.259216,1126.493408,-90.899536,280.224548,912.583496,36.549603
9.4,193.957932,1268.51355,171.996429,337.128296,1122.49939,-89.279022,280.330383,908.832336,38.770607
9.408,193.770279,1267.990601,171.954666,336.979034,1118.522461,-87.702499,280.364868,905.068604,40.684647
9.417,193.586273,1267.553101,171.88356,336.830475,1114.598267,-86.012764,280.469055,901.289917,42.628239
9.425,193.377686,1267.108643,171.76059,336.667816,1110.71875,-84.179924,280.644348,897.511108,44.650002
9.433,193.27626,1266.676147,171.572723,336.454742,1106.851196,-82.370956,280.65567,893.797363,46.713989
9.442,193.186371,1266.269287,171.39238,336.434143,1102.964722,-80.435036,280.921021,890.057556,49.076134
9.45,193.140488,1265.733765,171.158783,336.137848,1098.965942,-78.230804,281.041382,886.33667,51.354141
9.458,193.021851,1265.188843,170.983078,336.253906,1095.201294,-76.433403,281.141815,882.564819,53.878025
9.467,192.798676,1264.620483,170.940674,336.070282,1091.271362,-74.192131,281.178833,879.075134,56.216988
9.475,192.59726,1264.129761,170.955475,336.145203,1087.735474,-72.194656,281.349274,875.63208,58.539371
9.483,192.289307,1263.653076,170.932968,336.034149,1084.202515,-70.093246,281.350281,872.159302,60.782413
9.492,192.068085,1263.252197,170.900284,335.839539,1080.796631,-67.86039,281.4086,868.740601,62.956326
9.5,191.814011,1262.846191,170.781311,335.555939,1077.523071,-65.622169,281.430756,865.324951,65.025757
9.508,191.633652,1262.458862,170.776047,335.397247,1074.162109,-63.212692,281.344849,862.010864,66.995903
9.517,191.466248,1262.059326,170.792831,335.113708,1070.888672,-60.966476,281.371765,858.757568,69.316299
9.525,191.284363,1261.530762,170.763214,334.890961,1067.713623,-58.576221,281.301514,855.52771,71.394424
9.533,191.089325,1260.991455,170.681946,334.760345,1064.457886,-56.1395,281.019684,852.204651,73.63475
9.542,190.928528,1260.442383,170.632629,334.691498,1061.286133,-53.732738,280.927002,848.933838,76.083565
9.55,190.798294,1259.879517,170.543701,334.751343,1057.999634,-51.139477,280.73233,845.83783,78.568481
9.558,190.624527,1259.309204,170.51091,334.659302,1054.793335,-48.731384,280.602783,842.676514,81.130768
9.567,190.352386,1258.727417,170.467041,334.763336,1051.589966,-46.023354,280.407654,839.625061,83.581818
9.575,190.024887,1258.140381,170.537949,334.737305,1048.535645,-43.42062,280.066772,836.660767,86.080894
9.583,189.71019,1257.616943,170.681137,334.737732,1045.604736,-40.729042,279.706512,833.644348,88.354668
9.592,189.451965,1257.171387,170.739151,334.474426,1042.689575,-38.353252,279.233337,830.639771,90.422516
9.6,189.180481,1256.758545,170.707855,334.337708,1039.879639,-35.700729,278.690918,827.870178,92.594627
9.608,189.007675,1256.323242,170.714905,334.031006,1037.182739,-33.109638,278.24234,825.063721,94.604988
9.617,188.869019,1255.774292,170.7836,333.580017,1034.423706,-30.674864,277.723297,822.391907,96.957726
9.625,188.708466,1255.276489,170.909393,333.238586,1031.854248,-28.282269,277.335052,819.773193,99.18821
9.633,188.528244,1254.823853,171.010422,332.705078,1029.237671,-25.76115,276.914398,817.388977,101.611397
9.642,188.291809,1254.300293,171.112671,332.17511,1026.677979,-23.281307,276.444061,814.882812,103.98774
9.65,188.040176,1253.896851,171.252609,331.662354,1024.312866,-21.077732,276.237549,812.5802,106.647758
9.658,187.779907,1253.485596,171.43808,331.212402,1022.025085,-18.805389,275.779846,810.122253,109.02533
9.667,187.537582,1253.050537,171.711456,330.321503,1019.523132,-16.038792,275.601166,807.844727,111.206535
9.675,187.210815,1252.544312,171.996414,329.672882,1017.318237,-13.553856,274.892853,805.456543,113.754654
9.683,186.850479,1252.082764,172.260742,328.990021,1015.08844,-11.002632,274.459229,803.056213,115.84877
9.692,186.411667,1251.636841,172.555954,328.403229,1012.911926,-8.474735,273.930176,800.785583,117.941231
9.7,186.120865,1251.363403,172.828354,327.673187,1010.874268,-5.96732,273.360718,798.299866,120.030319
9.708,185.781387,1251.136719,173.148972,326.957062,1008.792786,-3.287638,273.245148,796.17041,121.935371
9.717,185.447113,1250.948242,173.530411,326.244598,1006.754639,-0.498937,272.903748,793.873962,124.293968
9.725,185.102173,1250.825073,173.894882,325.585327,1004.897827,2.246162,272.725159,791.819519,126.434448
9.733,184.723114,1250.681763,174.21109,324.767853,1003.0401,5.023884,272.67865,789.897095,128.756332
9.742,184.33403,1250.597778,174.46669,323.939026,1001.297974,7.933531,272.522369,787.776917,131.129654
9.75,183.903671,1250.536133,174.656189,323.157013,999.646851,10.810005,272.343292,785.580261,133.621506
9.758,183.442352,1250.508667,174.889694,322.447754,998.036499,13.844028,272.155975,783.888672,135.863785
9.767,182.829895,1250.467651,175.138367,321.71637,996.552124,16.562721,272.004639,781.90741,138.23555
9.775,182.189621,1250.406494,175.393204,320.979584,995.096436,19.487005,271.85379,779.852417,140.449966
9.783,181.70636,1250.412231,175.642502,320.191925,993.664978,22.384413,271.721588,777.950378,142.730713
9.792,181.270203,1250.383179,175.724396,319.55191,992.133301,25.216778,271.699951,776.127747,144.825089
9.8,180.922821,1250.369263,175.786911,318.760376,990.570374,27.816288,271.518799,774.001892,146.969498
9.808,180.531479,1250.301514,175.739624,317.945068,989.097656,30.459192,271.316833,772.337952,148.963654
9.817,180.181168,1250.245483,175.805435,317.009705,987.545166,33.285721,271.217957,770.392212,151.048325
9.825,179.82843,1250.12085,175.80069,316.055084,986.094788,35.868221,271.103485,768.542908,152.989182
9.833,179.491837,1250.038452,175.840393,315.076447,984.563354,38.321938,271.158997,766.828979,154.864105
9.842,179.178284,1249.92688,175.857834,314.073151,983.117065,40.724731,270.964905,765.065369,156.984283
9.85,178.87291,1249.842407,175.901871,312.907593,981.641846,43.244865,270.748016,763.303894,159.029968
9.858,178.565552,1249.716553,176.00174,311.682129,980.069519,45.530098,270.817749,761.649719,160.845261
9.867,178.309662,1249.590942,176.10083,310.373871,978.684143,47.824154,270.462067,759.942749,162.968018
9.875,178.036438,1249.442871,176.168243,308.984711,977.372803,49.884705,270.27179,758.267639,164.922546
9.883,177.802979,1249.30481,176.288834,307.557648,976.02002,51.848763,270.044708,756.538208,166.726059
9.892,177.556427,1249.09729,176.29953,306.088135,974.634277,54.098942,269.880096,754.864929,168.380936
9.9,177.325745,1248.924316,176.317352,304.630981,973.278992,56.315937,269.636963,753.217529,170.012024
9.908,177.119125,1248.638184,176.327713,303.112549,971.966248,58.369923,269.241272,751.552673,171.723541
9.917,176.948303,1248.447632,176.382828,301.55719,970.642273,60.434055,268.978668,749.937073,173.176544
9.925,176.787827,1248.186035,176.346375,299.937561,969.281677,62.158981,268.649414,748.326477,174.750534
9.933,176.648056,1247.971802,176.339584,298.275177,967.986755,63.955791,268.312103,746.914978,176.290863
9.942,176.501404,1247.71106,176.323349,296.492706,966.696777,65.743187,267.807281,745.307129,177.871399
9.95,176.356644,1247.433716,176.347183,294.841492,965.472717,67.546272,267.506958,743.919678,179.308319
9.958,176.213989,1247.11731,176.305237,293.112335,964.254822,69.321136,266.973358,742.586548,180.863403
9.967,176.052261,1246.783447,176.373108,291.322205,963.084961,70.934502,266.471558,741.312622,182.394791
9.975,175.9142,1246.415771,176.553253,289.667969,961.970581,72.61232,265.979645,739.963928,183.859177
9.983,175.767426,1246.015747,176.689682,287.987701,960.877869,74.178818,265.451416,738.753967,185.29686
9.992,175.581543,1245.546265,176.757065,286.349609,959.865479,75.633881,264.850555,737.436096,186.57489
10,175.409866,1245.119263,176.895966,284.75061,958.782776,77.329483,264.257355,736.247314,187.749435
10.008,175.238113,1244.756958,177.089661,283.087494,957.708557,78.849747,263.516846,735.059143,189.069504
10.017,175.083923,1244.425903,177.319916,281.624207,956.756226,80.406853,262.783386,734.049377,190.200089
10.025,174.902481,1244.012939,177.416824,280.156525,955.795532,81.990303,261.957214,732.928162,191.348633
10.033,174.693848,1243.649048,177.713776,278.668427,954.863342,83.352257,261.212585,732.04071,192.351562
10.042,174.469757,1243.138916,177.81636,277.223083,954.020874,84.588921,260.377716,731.00885,193.483292
10.05,174.278824,1242.725708,178.175323,275.851929,953.221863,85.916183,259.620087,730.098877,194.469376
10.058,174.111115,1242.349243,178.477371,274.363434,952.472168,87.270088,258.849884,729.280151,195.363831
10.067,173.942139,1242.049927,178.723618,272.952789,951.70636,88.628792,257.934662,728.276245,196.27475
10.075,173.205521,1240.801636,177.015884,271.461823,951.051086,89.769157,257.129913,727.504639,197.135788
10.083,173.045181,1240.407227,177.157272,270.097107,950.376404,91.009125,256.393677,726.759277,197.940598
10.092,172.845688,1239.99353,177.313171,268.803772,949.716675,92.270622,255.624741,725.906677,198.69014
10.1,172.717102,1239.642944,177.475052,267.329987,949.066895,93.451004,254.933746,725.193848,199.364532
10.108,172.554337,1239.242065,177.65567,266.015564,948.476013,94.446281,254.171585,724.369019,199.998276
10.117,172.384552,1238.873901,177.84317,264.686707,947.851929,95.598892,253.505081,723.713379,200.658585
10.125,172.282425,1238.505859,178.032776,263.464233,947.239685,96.604301,252.832001,722.933289,201.262054
10.133,172.157303,1238.199585,178.195526,262.040985,946.593018,97.608292,252.147995,722.323242,201.693375
10.142,172.057465,1237.87915,178.31926,260.84491,946.065063,98.345169,251.588638,721.706665,202.162842
10.15,171.965286,1237.528687,178.451416,259.580536,945.514099,99.140579,251.003052,721.038574,202.716766
10.158,171.919662,1237.197754,178.591507,258.542664,945.028076,99.860107,250.419083,720.485229,203.149292
10.167,171.80455,1236.871094,178.757568,257.398163,944.475708,100.533142,249.898972,719.947083,203.607162
10.175,171.710815,1236.584839,178.951843,256.348145,944.002686,101.06665,249.341751,719.420959,204.031815
10.183,171.671326,1236.160034,179.143829,255.402267,943.538452,101.552811,248.790115,718.950745,204.392105
10.192,171.516678,1235.700562,179.256042,254.616257,943.087524,102.068604,248.152756,718.46344,204.712601
10.2,171.487381,1235.412231,179.33873,253.871567,942.574951,102.561668,247.486374,717.967224,204.997375
10.208,171.448715,1235.11731,179.403717,253.343399,942.113281,102.880539,246.855789,717.464355,205.260605
10.217,171.425125,1234.784058,179.492065,252.89682,941.680115,103.129166,246.317245,717.000793,205.461258
10.225,171.338562,1234.430542,179.548431,252.530457,941.214722,103.264259,245.7845,716.551758,205.583878
10.233,171.306198,1234.071533,179.594788,252.313995,940.791687,103.445335,245.20224,716.196411,205.7323
10.242,171.326553,1233.737671,179.636688,252.088242,940.421204,103.536858,244.645355,715.847961,205.828064
10.25,171.460144,1233.476196,179.712402,251.906189,940.052246,103.620949,243.999496,715.458313,205.848312
10.258,171.434708,1233.134277,179.675262,251.815048,939.736755,103.594162,243.451355,715.135925,205.800507
10.267,171.530014,1232.810425,179.707016,251.650543,939.463745,103.537148,243.04599,714.845398,205.727615
10.275,171.583496,1232.599365,179.676224,251.55899,939.230591,103.446945,242.732941,714.625916,205.594559
10.283,171.649155,1232.384277,179.659943,251.482071,939.039856,103.330589,242.481873,714.441284,205.38002
10.292,171.738647,1232.258545,179.607819,251.318512,938.883606,103.174133,242.246063,714.262207,205.163666
10.3,171.838669,1232.146606,179.554474,251.236618,938.742371,102.964455,242.078094,714.047546,204.873413
10.308,171.938461,1232.045044,179.495453,251.151001,938.63501,102.729729,241.948807,713.872559,204.477036
10.317,172.014023,1231.972046,179.411346,251.075531,938.548767,102.486038,241.911789,713.761475,204.082352
10.325,172.094299,1231.911865,179.330505,251.023468,938.479492,102.170616,241.827255,713.610596,203.504364
10.333,172.143555,1231.874878,179.257706,250.997452,938.447998,101.801102,241.816238,713.497864,203.022781
10.342,172.213989,1231.854126,179.199387,250.984787,938.47113,101.443268,241.886917,713.433044,202.461441
10.35,172.259262,1231.84729,179.123611,251.002106,938.509766,101.050972,241.990875,713.403259,201.918137
10.358,172.312714,1231.857056,179.048096,251.023941,938.554565,100.662048,242.129715,713.367188,201.402328
10.367,172.357147,1231.88269,178.972733,251.073059,938.632751,100.234512,242.298035,713.361877,200.87265
10.375,172.411911,1231.901733,178.90863,251.158264,938.712463,99.854446,242.526688,713.406128,200.310806
10.383,172.475357,1231.961426,178.823166,251.359528,938.820312,99.415054,242.810654,713.48938,199.744217
10.392,172.518982,1232.017578,178.730362,251.524414,938.943237,99.052994,243.084229,713.528992,199.286606
10.4,172.585983,1232.129028,178.622726,251.720871,939.070618,98.71801,243.428085,713.566345,198.803436
10.408,172.613022,1232.190552,178.515442,251.910355,939.228638,98.345688,243.773285,713.619324,198.363541
10.417,172.688904,1232.277954,178.364441,252.196289,939.379578,97.97303,244.177567,713.712524,197.920731
10.425,172.757904,1232.388062,178.236725,252.513351,939.526672,97.6408,244.608887,713.839661,197.469025
10.433,172.828506,1232.500732,178.08844,252.823822,939.693054,97.319984,244.997452,714.02063,197.056137
10.442,172.910278,1232.647339,177.954697,253.181519,939.88446,96.949974,245.389771,714.161316,196.715851
10.45,172.989273,1232.789185,177.779648,253.513519,940.082214,96.613739,245.814835,714.287781,196.318298
10.458,173.070374,1232.924438,177.58847,253.886337,940.289551,96.236069,246.259064,714.493286,195.933548
10.467,173.15239,1233.079224,177.419861,254.246201,940.482544,95.872536,246.809708,714.680664,195.535187
10.475,173.249084,1233.239624,177.25705,254.603394,940.685547,95.546242,247.305496,714.922546,195.209991
10.483,173.333954,1233.407349,177.097229,254.968735,940.941345,95.172867,247.76651,715.127014,194.932831
10.492,173.444214,1233.563599,176.94136,255.374466,941.21344,94.740837,248.252197,715.364319,194.592682
10.5,173.535751,1233.712036,176.771011,255.732773,941.477478,94.324699,248.760345,715.765503,194.228592
10.508,173.627274,1233.865479,176.572937,256.076172,941.720581,93.962234,249.252884,716.060669,193.996033
10.517,173.682861,1234.010498,176.332489,256.402893,941.972046,93.608345,249.677902,716.319763,193.80751
10.525,173.753601,1234.132935,176.0569,256.740265,942.24353,93.207405,250.146896,716.632385,193.632538
10.533,173.82309,1234.296143,175.798111,257.168488,942.520935,92.781143,250.672913,717.004395,193.420502
10.542,173.91037,1234.480469,175.599701,257.62439,942.778625,92.30101,251.216766,717.384888,193.236679
10.55,174.044601,1234.71875,175.38501,258.062256,943.079773,91.768532,251.652145,717.731689,193.063995
10.558,174.19368,1234.997925,175.08699,258.562592,943.35376,91.149841,252.07576,718.228271,192.782547
10.567,174.343536,1235.262573,174.718872,259.090668,943.627563,90.559006,252.478775,718.758667,192.496841
10.575,174.526566,1235.515381,174.442947,259.642853,943.894714,89.88559,252.839798,719.254578,192.297119
10.583,174.72966,1235.755249,174.208801,260.205292,944.309326,89.091499,253.124054,719.74823,192.039185
10.592,174.875107,1236.005371,173.996414,260.701019,944.720947,88.215363,253.443573,720.350891,191.66658
10.6,175.01683,1236.251465,173.757462,261.250702,945.129028,87.324432,253.671921,721.075867,191.275589
10.608,175.194855,1236.548218,173.488281,261.788574,945.533569,86.39872,253.914688,721.686462,190.808472
10.617,175.398117,1236.89563,173.29451,262.450409,946.066895,85.344696,254.132294,722.392517,190.339615
10.625,175.640198,1237.348022,173.141296,263.078674,946.63739,84.195877,254.401123,723.097961,189.847107
10.633,175.796967,1237.778076,173.01001,263.896637,947.260193,82.890251,254.63327,723.992004,189.087952
10.642,175.934097,1238.182861,172.941666,264.738098,947.922668,81.514877,254.769058,724.841248,188.463104
10.65,176.093246,1238.641235,172.907043,265.623413,948.660461,79.980164,254.941284,725.786255,187.838181
10.658,176.280884,1239.08374,172.868164,266.674011,949.476929,78.294807,255.173538,727.086121,187.093201
10.667,176.467484,1239.50769,172.851349,267.786774,950.406311,76.478889,255.366959,728.142456,186.147736
10.675,176.68251,1239.924438,172.838089,269.040802,951.348389,74.550949,255.598373,729.324097,185.217194
10.683,177.012146,1240.473999,172.858521,270.334686,952.454956,72.684349,255.902496,730.686157,184.203323
10.692,177.42482,1241.090454,172.830444,271.739716,953.539001,70.730095,256.115448,732.072021,183.181808
10.7,177.742233,1241.602661,172.797699,273.317657,954.69165,68.538361,256.407623,733.46991,182.118057
10.708,178.080765,1242.026245,172.761566,274.965668,955.910767,66.286789,256.84436,734.988098,180.925354
10.717,178.460693,1242.434204,172.706604,276.733002,957.05896,64.087738,257.29361,736.639832,179.742859
10.725,178.875305,1242.850464,172.624008,278.58017,958.40332,61.788658,257.795441,738.398926,178.467987
10.733,179.407104,1243.445801,172.561783,280.493103,959.728271,59.527138,258.383636,740.029236,177.16568
10.742,179.897888,1243.987061,172.494003,282.585327,961.18689,57.022369,259.045502,742.017456,175.799622
10.75,181.233353,1245.599731,174.713181,284.614258,962.68219,54.465363,259.72821,743.902344,174.268814
10.758,181.547974,1245.616577,173.752075,286.877289,964.341248,51.796116,260.450348,745.888855,172.753601
10.767,182.254242,1246.350098,174.464951,288.962616,965.94989,49.068218,261.228912,748.020142,171.126221
10.775,182.724655,1246.581665,173.898788,291.373383,967.793762,46.475269,262.108887,750.17627,169.306458
10.783,183.35965,1247.314941,174.056915,293.670593,969.715088,43.915279,263.109711,752.536865,167.379074
10.792,183.715347,1247.830933,173.789536,296.031921,971.70697,41.043022,263.955353,754.938599,165.416885
10.8,184.134094,1248.293335,173.698105,298.415985,973.790649,38.174015,264.765869,757.451538,163.470261
10.808,184.574112,1248.730835,173.611908,300.677094,975.907532,35.284393,265.47348,759.862488,161.465622
10.817,185.03537,1249.262939,173.743393,303.195007,978.100342,32.570168,266.568359,762.632812,159.259583
10.825,185.573074,1249.749146,173.638397,305.510773,980.528076,29.576759,267.447571,765.334229,156.984711
10.833,186.059814,1250.35376,173.593903,307.89032,982.920959,26.301369,268.414612,768.230652,154.756607
10.842,186.457047,1250.837524,173.385422,310.152771,985.384338,23.227808,269.4086,771.148865,152.31926
10.85,186.847427,1251.245239,173.401901,312.680023,988.045715,20.293989,270.191254,774.306274,150.111588
10.858,187.215622,1251.602295,173.291534,314.902313,990.553406,17.102997,270.96051,777.237549,147.793533
10.867,187.648636,1252.046875,173.212219,317.122192,993.25354,14.03697,271.975067,780.607849,145.227066
10.875,188.130951,1252.567627,173.139771,319.229156,995.935486,10.772867,272.660461,783.920593,142.827682
10.883,188.558075,1253.011108,172.957642,321.272339,998.706909,7.353256,273.433777,787.273315,140.055405
10.892,189.0289,1253.546143,172.982101,323.174347,1001.704834,3.639005,274.164124,790.788269,137.370102
10.9,189.533798,1253.99707,173.069107,324.911987,1004.668823,0.08202,274.982819,794.685913,134.487991
10.908,190.01825,1254.370972,173.058899,326.582153,1007.908447,-3.623761,275.595032,798.546143,131.522369
10.917,190.54039,1254.803589,172.95607,328.027496,1011.157166,-7.543664,275.952362,802.287354,128.728134
10.925,191.132156,1255.315063,172.855347,329.440125,1014.600891,-11.516973,276.590942,806.307617,125.618401
10.933,191.660568,1255.762573,172.662918,330.741089,1018.15509,-15.325871,277.234436,810.317322,122.455002
10.942,192.093994,1256.216064,172.524796,332.091034,1021.685852,-19.2003,277.802338,814.371582,119.185852
10.95,192.511307,1256.642944,172.468689,333.51358,1025.441772,-22.896914,278.312927,818.641663,116.018723
10.958,192.947311,1257.040405,172.407745,334.641205,1029.472412,-26.717783,278.767334,822.793091,112.727211
10.967,193.379395,1257.477539,172.271835,335.85199,1033.224609,-30.18059,279.283997,827.100403,109.392838
10.975,193.838547,1257.849609,172.07489,337.232239,1037.308105,-33.792648,279.711182,831.305603,105.996643
10.983,194.331009,1258.291504,171.949875,338.540161,1041.465576,-37.376389,280.309235,835.677429,102.491394
10.992,194.862244,1258.742554,171.839157,339.827942,1045.68103,-40.83239,280.865356,839.884766,99.025436
11,195.309738,1259.141724,171.820221,341.041748,1050.026733,-44.269169,281.371979,844.345703,95.389969
11.008,195.685181,1259.525391,171.912064,342.212036,1054.45105,-47.535801,281.82785,848.758423,91.805336
11.017,196.034668,1259.911743,171.950363,343.329773,1058.968994,-50.782181,282.236298,853.195435,88.237221
11.025,196.388855,1260.329468,171.95015,344.296295,1063.5271,-54.132874,282.927124,857.842346,84.653305
11.033,196.660049,1260.681641,171.856415,345.260834,1068.174438,-57.309849,283.37326,862.319885,81.024269
11.042,196.899078,1261.04834,171.912491,346.172882,1072.942261,-60.304806,283.76532,866.841919,77.483398
11.05,197.113602,1261.417358,172.075363,346.933136,1077.765381,-63.220486,284.030792,871.326294,73.979858
11.058,197.294022,1261.849487,172.210022,347.666321,1082.589844,-66.048683,284.446716,875.860046,70.725822
11.067,197.467636,1262.248901,172.378876,348.372589,1087.46167,-68.771584,284.837952,880.475586,67.337959
11.075,197.642944,1262.646484,172.577347,349.054504,1092.35144,-71.297096,285.250763,884.925659,64.147537
11.083,197.811523,1263.035034,172.751083,349.59259,1097.235596,-73.822021,285.587524,889.463074,60.898216
11.092,197.992462,1263.467285,172.915573,350.175079,1102.114136,-76.122009,285.908875,893.912781,57.914474
11.1,198.143555,1263.860474,173.042007,350.675568,1107.039062,-78.358086,286.274536,898.374023,54.871391
11.108,198.304352,1264.298096,173.18837,351.008118,1111.924316,-80.432076,286.636078,902.75238,52.023262
11.117,198.434311,1264.779907,173.338501,351.321136,1116.7948,-82.463715,286.946625,907.221313,49.197334
11.125,198.519028,1265.351807,173.553146,351.607635,1121.683716,-84.508362,287.264069,911.503906,46.410667
11.133,198.538071,1265.866821,173.680618,351.622437,1126.463989,-86.328171,287.489075,915.798523,43.646904
11.142,198.549835,1266.362183,173.771988,351.724243,1131.237793,-88.041946,287.55896,920.020935,41.006626
11.15,198.619354,1266.949219,173.963104,351.683624,1135.998535,-89.766899,287.773682,924.159546,38.40807
11.158,198.702835,1267.526489,174.106033,351.610168,1140.663452,-91.398537,287.743225,928.209839,35.901627
11.167,198.758087,1268.139282,174.174103,351.391998,1145.243164,-92.938538,287.86969,932.25769,33.508293
11.175,198.775009,1268.697021,174.215347,351.124481,1149.896606,-94.493576,287.720032,936.216064,30.878111
11.183,198.777817,1269.323242,174.316345,350.762421,1154.347778,-95.834869,287.64444,940.014954,28.631479
11.192,198.786148,1269.877563,174.502045,350.306854,1158.792236,-97.273148,287.512115,943.796082,26.208857
11.2,198.783875,1270.457764,174.628769,349.840424,1163.192627,-98.584343,287.392426,947.48645,23.751104
11.208,198.762512,1271.03772,174.687714,349.234985,1167.468018,-99.948196,287.089447,951.049438,21.212135
11.217,198.778488,1271.570435,174.78154,348.661285,1171.62207,-101.079079,286.838104,954.577942,19.157434
11.225,198.759811,1272.16333,174.93071,347.953613,1175.742798,-102.29776,286.604156,958.05072,16.979986
11.233,198.729279,1272.702393,175.094604,347.265564,1179.810547,-103.449821,286.327454,961.471985,14.811063
11.242,198.692993,1273.1427,175.203796,346.468048,1183.745239,-104.519661,285.919983,964.830688,12.634027
11.25,198.649368,1273.584717,175.340942,345.627472,1187.616699,-105.553558,285.68454,968.10022,10.967377
11.258,198.631866,1274.054932,175.485657,344.745087,1191.289673,-106.53215,285.190002,971.250977,9.113218
11.267,198.71553,1274.494995,175.589279,343.799896,1194.950806,-107.497543,284.750641,974.306458,7.420732
11.275,198.80249,1274.89209,175.678909,342.926697,1198.518799,-108.464226,284.357117,977.320129,5.426794
11.283,198.856964,1275.261719,175.767639,341.976501,1202.044189,-109.44838,283.886627,980.219421,3.477953
11.292,198.91304,1275.630737,175.809525,341.089417,1205.393799,-110.27243,283.264618,983.095642,1.7325
11.3,199.002121,1275.957031,175.846634,340.165619,1208.618652,-110.858551,282.802124,985.934998,0.458267
11.308,199.069565,1276.252808,175.912689,339.428619,1211.735229,-111.614014,282.168701,988.65979,-1.12813
11.317,199.105316,1276.535034,176.031128,338.605133,1214.812744,-112.373322,281.552429,991.318726,-2.611589
11.325,199.133835,1276.7677,176.14798,337.80191,1217.838745,-113.026169,280.927673,993.972229,-4.054508
11.333,199.137024,1277.007935,176.3022,336.98407,1220.762207,-113.589745,280.401855,996.555969,-5.192094
11.342,199.137085,1277.236084,176.442795,336.1586,1223.995239,-114.59182,279.725983,999.104797,-6.438046
11.35,199.104568,1277.462769,176.597397,335.241333,1226.74646,-115.093536,279.139099,1001.50177,-7.538852
11.358,199.106445,1277.682739,176.714005,334.404877,1229.398926,-115.550331,278.534973,1003.836609,-8.625021
11.367,199.086945,1277.898682,176.837112,333.574646,1231.842041,-115.777191,277.941956,1006.108765,-9.700501
11.375,199.025543,1278.145508,176.955734,332.581909,1234.27124,-116.157112,277.416901,1008.183228,-10.822052
11.383,198.987564,1278.385498,177.068192,331.74649,1236.737549,-116.534103,276.835327,1010.2099,-11.917784
11.392,198.918671,1278.642456,177.208115,330.782135,1239.123413,-117.027565,276.352631,1012.173889,-12.873724
11.4,198.844513,1278.862915,177.335571,329.92099,1241.204712,-117.205376,275.880798,1013.991333,-13.772882
11.408,198.765137,1279.061523,177.438828,329.04953,1243.371338,-117.485359,275.45752,1015.796082,-14.715023
11.417,198.684921,1279.245239,177.497086,328.101105,1245.232544,-117.759735,274.981873,1017.546509,-15.57527
11.425,198.599365,1279.44458,177.549515,327.12085,1247.536377,-118.999741,274.515472,1019.132385,-16.364283
11.433,198.534317,1279.608154,177.62056,326.486145,1249.022461,-118.721451,274.018372,1020.699158,-17.070518
11.442,198.430756,1279.742432,177.675278,325.715149,1250.760376,-119.041397,273.593231,1022.137512,-17.685659
11.45,198.355423,1279.874268,177.706497,324.977264,1252.266724,-119.238037,273.138092,1023.528687,-18.232346
11.458,198.311157,1279.99292,177.737946,324.27771,1253.614258,-119.482651,272.573547,1024.837524,-18.798052
11.467,198.269409,1280.138184,177.762573,323.558319,1255.037842,-119.719131,271.96933,1026.072266,-19.355515
11.475,198.235062,1280.243164,177.771271,322.991638,1256.182373,-119.905739,271.40625,1027.222656,-19.740389
11.483,198.191772,1280.346802,177.780716,322.343781,1257.475708,-120.223709,270.734619,1028.305786,-20.289772
11.492,198.200958,1280.433594,177.802689,321.772888,1258.404419,-120.351692,270.109894,1029.335815,-20.634127
11.5,198.164856,1280.48877,177.82312,321.220215,1259.314697,-120.446754,269.407074,1030.360474,-20.965015
11.508,198.134384,1280.554565,177.882401,320.755951,1260.134521,-120.52861,268.723938,1031.143188,-21.135931
11.517,198.087219,1280.607422,177.952087,320.246887,1260.890381,-120.641174,267.989594,1031.958374,-21.36937
11.525,198.020844,1280.644043,178.045822,319.912079,1261.577148,-120.656952,267.357819,1032.722412,-21.533287
11.533,197.939987,1280.687378,178.150024,319.536926,1262.091064,-120.655228,266.811768,1033.349609,-21.615524
11.542,197.862946,1280.732788,178.273636,319.082031,1262.635498,-120.74366,266.246765,1033.934448,-21.716185
11.55,197.771057,1280.77417,178.389999,318.750885,1262.964844,-120.71669,265.733063,1034.46228,-21.743229
11.558,197.704758,1280.788818,178.49881,318.541626,1263.251099,-120.699615,265.13205,1034.997925,-21.614279
11.567,197.668533,1280.826538,178.588501,318.33905,1263.500122,-120.736969,264.463959,1035.447021,-21.403542
11.575,197.654999,1280.8302,178.630524,318.187225,1263.664673,-120.732727,263.941437,1035.813843,-21.185337
11.583,197.653793,1280.827881,178.682755,318.061157,1263.752075,-120.734657,263.487793,1036.178345,-20.925774
11.592,197.628464,1280.804443,178.712143,317.957947,1263.793457,-120.734222,263.102051,1036.474731,-20.670565
11.6,197.619766,1280.788208,178.762283,317.828094,1263.789307,-120.733505,262.775848,1036.69751,-20.484497
11.608,197.593475,1280.75708,178.809174,317.704041,1263.741577,-120.752319,262.45816,1036.819458,-20.360428
11.617,197.560684,1280.712036,178.84024,317.581665,1263.622681,-120.808769,262.162781,1036.812988,-20.325747
11.625,197.50766,1280.669678,178.848557,317.450928,1263.447144,-120.856232,261.924103,1036.697144,-20.371347
11.633,197.443329,1280.616455,178.825714,317.364716,1263.220215,-120.919998,261.730408,1036.508057,-20.453508
11.642,197.377335,1280.537476,178.782501,317.257507,1262.939453,-121.008484,261.602905,1036.250977,-20.615721
11.65,197.321899,1280.4646,178.71579,317.1745,1262.620239,-121.145782,261.459503,1035.849121,-20.77409
11.658,197.251572,1280.369873,178.633072,317.09259,1262.258179,-121.278969,261.293457,1035.36853,-20.989765
11.667,197.258942,1280.259644,178.510818,317.046417,1261.891968,-121.398705,261.18573,1034.929443,-21.194828
11.675,197.276215,1280.122314,178.364838,316.993591,1261.487793,-121.622757,261.107422,1034.506104,-21.39201
11.683,197.300034,1279.97644,178.21962,317.005157,1260.923096,-121.740082,261.002991,1034.007935,-21.657272
11.692,197.322708,1279.834351,178.078781,317.117523,1260.406982,-121.793266,260.836731,1033.515991,-21.817894
11.7,197.355148,1279.685669,177.95723,317.205719,1259.981812,-121.898026,260.701172,1033.013794,-21.982784
11.708,197.302322,1279.485962,177.848862,317.304932,1259.536255,-121.982582,260.586731,1032.601562,-22.073868
11.717,197.328705,1279.341919,177.747314,317.520233,1258.987915,-121.829193,260.494537,1032.216431,-22.063784
11.725,197.350372,1279.19519,177.656021,317.687347,1258.526001,-121.895462,260.436188,1031.762939,-22.031979
11.733,197.441132,1279.078857,177.568756,317.863586,1258.012695,-121.887978,260.394928,1031.32019,-22.005684
11.742,197.415939,1278.915405,177.53717,318.005188,1257.556885,-121.87159,260.381348,1030.878906,-21.87845
11.75,197.376572,1278.772339,177.547653,318.113708,1257.054199,-121.831459,260.447876,1030.402588,-21.771076
11.758,197.259583,1278.579224,177.587296,318.319855,1256.553223,-121.702072,260.599457,1029.868652,-21.621906
11.767,197.143738,1278.421753,177.621017,318.601898,1255.943115,-121.623367,260.782471,1029.290649,-21.439695
11.775,197.065842,1278.262573,177.637177,318.974823,1255.344482,-121.501366,261.010925,1028.65686,-21.310112
11.783,196.955307,1278.121216,177.682755,319.268066,1254.7146,-121.357025,261.337067,1027.911987,-21.140556
11.792,196.877396,1278.002075,177.667664,319.561462,1253.852539,-121.103996,261.819611,1027.062256,-20.885738
11.8,196.807205,1277.890015,177.681641,319.99649,1252.915771,-120.887787,262.368286,1026.194092,-20.546808
11.808,196.765778,1277.76416,177.671463,320.375305,1251.949951,-120.768738,262.975555,1025.166504,-20.39938
11.817,196.727341,1277.628296,177.636398,320.803375,1250.916992,-120.62899,263.585052,1024.014648,-20.020664
11.825,196.704544,1277.475708,177.617737,321.25,1249.557861,-120.3256,264.272919,1022.800781,-19.559231
11.833,196.70192,1277.330688,177.594711,321.742889,1248.268677,-120.161003,264.974548,1021.471497,-18.998131
11.842,196.700989,1277.175171,177.545761,322.43045,1246.720947,-119.909836,265.610443,1020.034546,-18.435953
11.85,196.740784,1276.992188,177.498932,323.03067,1245.022095,-119.725883,266.308838,1018.508301,-17.746502
11.858,196.749237,1276.80542,177.415634,323.837555,1243.224854,-119.5299,266.873016,1016.843201,-17.080141
11.867,196.783325,1276.591797,177.370712,324.746063,1241.202881,-119.262405,267.408813,1015.119568,-16.350946
11.875,196.805313,1276.404297,177.285767,325.723114,1239.073975,-118.949623,267.878571,1013.29126,-15.459064
11.883,196.839859,1276.22168,177.219193,326.658386,1236.994263,-118.984512,268.19873,1011.417053,-14.630892
11.892,196.87468,1276.013794,177.160736,327.841888,1234.510132,-117.735748,268.490845,1009.574158,-13.665379
11.9,196.917114,1275.836426,177.110764,328.629913,1232.288452,-117.333115,268.836182,1007.597229,-12.587494
11.908,196.966507,1275.632446,177.046188,329.548187,1229.989014,-116.772621,269.136383,1005.693298,-11.503093
11.917,197.006271,1275.418213,176.992477,330.288147,1227.655518,-116.304062,269.397766,1003.706909,-10.522303
11.925,196.994781,1275.198364,176.987686,330.956024,1225.30603,-115.761314,269.5979,1001.707092,-9.356407
11.933,196.911896,1274.940308,177.022247,331.556335,1222.85083,-115.23275,269.861023,999.689148,-8.155377
11.942,196.870117,1274.71521,177.050751,332.224274,1220.047607,-114.315163,269.971863,997.593384,-7.036978
11.95,196.831879,1274.491821,177.064545,332.699585,1217.561768,-113.858131,270.132507,995.479248,-5.890509
11.958,196.816299,1274.261841,177.087051,333.201904,1215.039551,-113.315674,270.334839,993.201843,-4.801028
11.967,196.823761,1274.00708,177.097794,333.759552,1212.419189,-112.729088,270.50293,990.988342,-3.667723
11.975,196.838654,1273.749512,177.09108,334.216309,1209.832031,-112.226654,270.650177,988.693726,-2.659574
11.983,196.868256,1273.439819,177.08168,334.653656,1207.142944,-111.698601,270.925629,986.27771,-1.601368
11.992,196.871964,1273.161377,177.037857,335.044922,1204.505371,-111.060898,271.163513,983.904297,-0.437295
12,196.837158,1272.821533,176.973724,335.451416,1201.768799,-110.788963,271.39505,981.449646,0.696035
12.008,196.792297,1272.52417,176.939056,335.839874,1199.002808,-110.19902,271.595734,978.97345,1.890784
12.017,196.74144,1272.269165,176.856018,336.292572,1196.080078,-109.335564,271.916229,976.471802,3.000741
12.025,196.682022,1272.038574,176.717804,336.700012,1193.123535,-108.696198,272.205566,973.802185,4.245624
12.033,196.632446,1271.844482,176.561188,337.026581,1190.156616,-108.130074,272.568176,970.976074,5.405088
12.042,196.591202,1271.634033,176.343964,337.297363,1187.123291,-107.488159,272.883972,968.090454,6.58306
12.05,196.573349,1271.426514,176.186417,337.556366,1184.015381,-106.833199,273.272736,965.125793,7.558536
12.058,196.58548,1271.226074,176.067001,337.758881,1180.954956,-106.196381,273.796753,962.197266,8.753984
12.067,196.590027,1271.006104,175.938522,337.870636,1177.935425,-105.657379,274.289795,959.316284,9.488958
12.075,196.652008,1270.772217,175.856689,337.860901,1174.964111,-105.075356,274.898346,956.394043,10.691764
12.083,196.693924,1270.498657,175.785934,337.870087,1171.978394,-104.325653,275.589172,953.579651,12.130552
12.092,196.718597,1270.182251,175.698456,337.798462,1168.979858,-103.626656,276.220459,950.646973,13.608829
12.1,196.766205,1269.901123,175.665405,337.717651,1165.918945,-102.875977,276.98584,947.769897,15.107968
12.108,196.763458,1269.622803,175.70871,337.635101,1162.859863,-102.090401,277.700531,944.824036,16.506699
12.117,196.73877,1269.366699,175.711594,337.389252,1159.776611,-101.250488,278.320068,941.868835,17.876743
12.125,196.720016,1269.105347,175.712921,337.246918,1156.629028,-100.405396,278.986237,938.913513,19.243898
12.133,196.676041,1268.787598,175.672394,337.245209,1153.412231,-99.414719,279.642456,935.968262,20.982027
12.142,196.650497,1268.493042,175.619064,337.265472,1150.198975,-98.406097,280.295776,932.880676,22.832657
12.15,196.606155,1268.191284,175.545593,337.248352,1147.012695,-97.457138,280.842041,929.878235,24.481321
12.158,196.572083,1267.901855,175.487564,337.214294,1143.7854,-96.512283,281.491699,926.995239,26.443588
12.167,196.534592,1267.51416,175.3638,337.230042,1140.535889,-95.488716,281.980347,924.152161,28.485353
12.175,196.513321,1267.161987,175.261169,337.250366,1137.22522,-94.367798,282.538086,921.328369,30.494368
12.183,196.508224,1266.813354,175.17569,337.191772,1133.867065,-93.246605,282.939301,918.408386,32.459839
12.192,196.53862,1266.455811,175.041672,337.159332,1130.478271,-92.111595,283.306335,915.569946,34.766983
12.2,196.547058,1266.019653,174.896561,337.138977,1127.019653,-90.915092,283.513397,912.639282,36.922749
12.208,196.541153,1265.546143,174.735901,337.15271,1123.452881,-89.539246,283.751587,909.609436,39.187805
12.217,196.533981,1264.960693,174.545563,337.157257,1119.932007,-88.269173,283.926117,906.641541,41.408463
12.225,196.505539,1264.479614,174.393768,337.187408,1116.440308,-86.985619,284.207611,903.667542,43.891762
12.233,196.484085,1264.043579,174.305023,337.038727,1112.694702,-85.25428,284.322754,900.523743,46.188572
12.242,196.467422,1263.553223,174.167999,336.959076,1109.217896,-83.784721,284.572601,897.500183,48.576122
12.25,196.431992,1263.117065,174.014679,336.87793,1105.729736,-82.338913,284.81073,894.53363,50.913334
12.258,196.391312,1262.667358,173.803192,336.863739,1102.138794,-80.555504,285.19342,891.470764,53.37566
12.267,196.339279,1262.185425,173.59259,336.801971,1098.660278,-78.830582,285.361633,888.361084,55.784767
12.275,196.264969,1261.696777,173.502289,336.758179,1095.089111,-77.027863,285.660339,885.356201,58.434849
12.283,196.128036,1261.157837,173.259415,336.849915,1091.506958,-75.178299,285.818665,882.157104,60.902103
12.292,196.010544,1260.563232,172.968124,336.986938,1087.855103,-73.257782,286.002289,879.066406,63.508667
12.3,195.916321,1260.008423,172.803848,337.172363,1084.302246,-71.285385,286.028595,875.935303,66.244286
12.308,195.792023,1259.509888,172.547333,337.279297,1080.671875,-69.182938,286.201233,872.728577,68.930511
12.317,195.659103,1259.062378,172.309738,337.466492,1077.180664,-67.087166,286.081451,869.68634,71.510269
12.325,195.524368,1258.572876,172.132935,337.485626,1073.753052,-64.901268,286.056885,866.783813,74.130989
12.333,195.43367,1258.129761,172.04213,337.543274,1070.473999,-62.779537,285.962158,863.877075,76.570686
12.342,195.262589,1257.685181,171.874802,337.454102,1067.224365,-60.546722,285.92691,861.016174,79.30883
12.35,195.118408,1257.227539,171.732651,337.408447,1063.995605,-58.432888,285.80722,858.274902,81.974403
12.358,194.961243,1256.715088,171.536514,337.334198,1060.684692,-56.091988,285.527344,855.368286,84.564049
12.367,194.86557,1256.236816,171.349304,337.18808,1057.497681,-53.824623,285.22168,852.67511,87.388237
12.375,194.761963,1255.758911,171.194962,337.215607,1054.28479,-51.432941,284.727203,849.720703,90.009972
12.383,194.628113,1255.246948,171.03035,337.097076,1051.144043,-49.11705,284.37027,847.027649,93.019943
12.392,194.457352,1254.700684,170.86647,337.055908,1048.027344,-46.669086,284.093811,844.309204,95.820885
12.4,194.221527,1254.211792,170.813446,336.844086,1044.98877,-44.103355,283.688141,841.687073,98.779091
12.408,193.938522,1253.757202,170.79393,336.5784,1042.037964,-41.604263,283.511047,839.078308,101.559654
12.417,193.645752,1253.272705,170.743958,336.376617,1039.21582,-39.316357,283.000458,836.476746,104.320412
12.425,193.33873,1252.801758,170.685394,335.934875,1036.402588,-36.768284,282.66626,833.83606,106.860336
12.433,193.119324,1252.418945,170.678635,335.672241,1033.516235,-34.156895,282.264587,831.249878,109.422249
12.442,192.9207,1252.000732,170.677231,335.238464,1030.869751,-31.555258,281.701294,828.482544,111.806641
12.45,192.696411,1251.522949,170.619354,334.999329,1028.205688,-29.383862,281.150848,825.864807,114.178833
12.458,192.386383,1251.05127,170.49353,334.593414,1025.561768,-26.807585,280.576324,823.030029,116.447403
12.467,192.039978,1250.581421,170.345154,334.359314,1022.859192,-24.117889,280.057068,820.34613,118.870529
12.475,191.786972,1250.07373,170.235779,334.073853,1020.373352,-22.046354,279.481476,817.536621,121.326157
12.483,191.550507,1249.616089,170.086899,333.303009,1017.340088,-18.897203,278.978638,814.799377,123.883965
12.492,191.338821,1249.197266,169.931564,332.87616,1014.523865,-16.136566,278.447021,811.987671,126.478958
12.5,191.130814,1248.768311,169.828079,332.26123,1011.867859,-13.264865,277.954926,809.267395,129.220612
12.508,190.930069,1248.27417,169.695267,331.674622,1009.042236,-10.507763,277.277344,806.368958,131.754456
12.517,190.679413,1247.785034,169.548889,331.05069,1006.35553,-7.753043,276.796844,803.588196,134.224075
12.525,190.483521,1247.363525,169.447495,330.285645,1003.579468,-4.769687,276.232391,800.746155,136.591599
12.533,190.264236,1246.905884,169.26738,329.554504,1000.975281,-1.907536,275.519623,797.934692,139.094223
12.542,190.057251,1246.504028,169.049805,328.710052,998.330078,0.950217,274.733948,794.990173,141.415726
12.55,189.840439,1246.100586,168.798203,327.824585,995.842773,3.646943,273.84024,792.03302,143.908798
12.558,189.599228,1245.720947,168.650299,326.815186,993.338867,6.549894,273.029022,789.539795,146.204208
12.567,189.363373,1245.297363,168.580673,325.760986,991.11499,9.263089,272.176331,786.85022,148.635117
12.575,189.105988,1244.869873,168.459015,324.679474,988.760498,11.792178,271.35498,784.408325,150.868195
12.583,188.864426,1244.486328,168.341171,323.487305,986.621399,14.358459,270.827667,782.194031,153.033234
12.592,188.63974,1244.165894,168.319916,322.287628,984.545776,17.150997,269.985565,779.636658,155.393173
12.6,188.397461,1243.831299,168.342621,321.073212,982.560364,19.76059,269.294403,777.498474,157.639008
12.608,188.098145,1243.534546,168.422867,319.82486,980.702087,22.240475,268.552246,775.177429,159.532928
12.617,187.794495,1243.225708,168.489273,318.60611,978.813232,24.896385,267.550812,772.862488,161.801208
12.625,187.466965,1242.949097,168.549103,317.320007,977.075623,27.465948,266.628021,770.594421,163.821976
12.633,187.207748,1242.710205,168.635818,316.028351,975.263794,30.179663,265.651398,768.332703,165.617416
12.642,186.972656,1242.436157,168.712616,314.694305,973.538757,32.645111,264.841583,766.180542,167.294113
12.65,186.684174,1242.137329,168.839478,313.24527,971.821167,35.20491,264.102234,763.947876,168.834335
12.658,186.399948,1241.783325,168.99736,311.790436,970.179749,37.573109,263.145142,761.804871,170.854431
12.667,186.123077,1241.471069,169.141922,310.17572,968.590393,40.04512,262.368073,759.756165,172.676178
12.675,185.865585,1241.157837,169.184418,308.63739,966.941833,42.577106,261.606934,757.804749,174.574921
12.683,185.661819,1240.849365,169.24559,307.050079,965.420776,44.959412,260.819885,755.794434,176.563141
12.692,185.460815,1240.616089,169.256241,305.486084,963.915466,47.184994,260.150116,753.940735,178.451172
12.7,185.287201,1240.42395,169.271332,303.850281,962.513489,49.388737,259.449677,751.947449,180.117569
12.708,185.108078,1240.291138,169.339676,302.185547,961.159912,51.842968,258.796387,750.183411,181.687103
12.717,184.912399,1240.154541,169.405319,300.52771,959.936035,54.134186,258.042999,748.399353,183.078903
12.725,184.762115,1240.06311,169.484238,298.878693,958.763184,56.481003,257.30838,746.574585,184.491348
12.733,184.590195,1239.938965,169.539017,297.129974,957.719238,58.491024,256.658417,744.973999,185.719681
12.742,184.427383,1239.860962,169.660416,295.439484,956.72998,60.416985,255.982422,743.428467,187.064117
12.75,184.282959,1239.744507,169.800751,293.761719,955.730225,62.543297,255.319031,741.841431,188.212784
12.758,184.117813,1239.629028,170.011658,292.09726,954.887085,64.479568,254.694946,740.427002,189.44519
12.767,183.95517,1239.486328,170.22435,290.37616,953.961365,66.561539,254.08754,739.1745,190.671661
12.775,183.762421,1239.388428,170.444916,288.636627,953.192871,68.316498,253.292862,738.003296,191.858139
12.783,183.568237,1239.269531,170.741974,287.006805,952.455811,70.181953,252.647339,736.836243,193.001846
12.792,183.325958,1239.164673,171.104919,285.357086,951.800354,71.977959,251.874023,735.760559,194.041855
12.8,183.14389,1239.091064,171.445755,283.766022,951.179443,73.534485,251.044418,734.703552,194.908081
12.808,182.975388,1239.050537,171.785767,282.147644,950.597046,75.056755,250.200516,733.681396,195.820984
12.817,182.825821,1239.027466,172.104218,280.620422,950.017029,76.559738,249.181961,732.78241,196.685196
12.825,182.726791,1238.960205,172.371658,279.097229,949.480835,78.158806,248.164597,731.882324,197.426926
12.833,182.5495,1238.886963,172.614059,277.602692,948.886841,79.71785,247.06778,731.105042,198.191544
12.842,182.429749,1238.845459,172.86087,276.08078,948.358215,81.233551,245.94722,730.329224,199.018127
12.85,182.273987,1238.783936,173.04863,274.610962,947.856689,82.78363,244.969604,729.716003,200.009476
12.858,182.112122,1238.775024,173.198029,273.180725,947.440063,84.308098,243.968903,729.201233,201.137604
12.867,181.924576,1238.739746,173.26535,271.761383,947.039734,85.745567,243.11908,728.762512,202.645538
12.875,181.737839,1238.760254,173.35701,270.167725,946.775452,87.438858,242.458786,728.397827,204.35051
12.883,181.52832,1238.755615,173.386505,268.752411,946.571167,89.376671,241.833649,728.123596,206.065369
12.892,181.332733,1238.78833,173.450378,267.298706,946.2677,91.376732,241.197647,727.746155,207.863037
12.9,181.110397,1238.843506,173.525192,265.896118,946.047974,93.303345,240.555267,727.431396,209.546158
12.908,180.850967,1238.916748,173.612244,264.796722,945.89624,95.322838,239.922134,727.180359,210.914505
12.917,180.597794,1238.9729,173.728333,263.563049,945.757141,97.321693,239.276566,726.972351,212.192764
12.925,180.33255,1239.039185,173.980026,262.333588,945.594299,99.048203,238.623932,726.634888,213.246445
12.933,179.271179,1238.221558,172.294785,261.176453,945.402222,100.580925,237.919861,726.132141,214.23378
12.942,178.984039,1238.208618,172.453888,260.094849,945.212036,101.894096,237.200943,725.835754,214.946899
12.95,178.648392,1238.183228,172.615692,258.671234,944.986816,103.121262,236.443634,725.593933,215.549072
12.958,178.350235,1238.126343,172.801651,257.373962,944.871704,104.16851,235.584,725.256958,216.119446
12.967,178.046967,1238.011597,172.976929,256.072327,944.65863,105.105835,234.81424,724.956848,216.604294
12.975,177.765305,1237.880127,173.128571,254.805145,944.488464,106.027863,234.057571,724.59259,217.082306
12.983,177.537933,1237.758545,173.282883,253.681213,944.298035,106.806076,233.249619,724.2547,217.55658
12.992,177.338303,1237.624878,173.401016,252.609879,944.204651,107.419922,232.527466,724.083313,217.985565
13,177.183655,1237.516479,173.49527,251.694916,944.051208,108.051804,231.767761,723.910583,218.390839
13.008,177.085312,1237.442993,173.549042,250.896606,943.925354,108.681046,231.021652,723.738708,218.915527
13.017,176.992065,1237.370483,173.58931,250.183578,943.760864,109.295647,230.392792,723.656799,219.434967
13.025,176.928436,1237.303589,173.602386,248.781403,943.582947,110.099251,229.757462,723.588257,220.022766
13.033,176.876907,1237.270874,173.588058,247.817993,943.417053,110.640182,229.240692,723.384766,220.717407
13.042,176.77594,1237.156738,173.548904,247.030579,943.289185,111.286446,228.762558,723.365295,221.284515
13.05,176.706772,1237.117432,173.50528,246.379898,943.266907,111.947388,228.284668,723.491699,221.896286
13.058,176.521454,1237.05188,173.401642,245.64061,943.291748,112.547386,227.81575,723.484619,222.549088
13.067,176.413498,1237.016602,173.344543,245.008026,943.293945,113.138512,227.463196,723.511414,223.139343
13.075,176.248825,1236.998779,173.294403,244.382462,943.238586,113.658707,227.092422,723.504639,223.68042
13.083,176.070496,1236.937744,173.252426,243.91037,943.187073,114.152794,226.726837,723.509705,224.136017
13.092,175.883713,1236.851074,173.222778,243.594025,943.120422,114.544868,226.329651,723.469299,224.520691
13.1,175.688156,1236.755249,173.179459,243.22258,943.033203,114.921333,225.897324,723.393066,224.794922
13.108,175.50119,1236.62146,173.127853,242.92955,942.900146,115.123711,225.393341,723.270569,225.061478
13.117,175.344543,1236.468506,173.082596,242.712204,942.760254,115.346794,224.82988,723.197632,225.251038
13.125,175.184479,1236.297852,173.026886,242.58168,942.593567,115.510712,224.298294,723.085815,225.516113
13.133,175.105103,1236.117676,172.944244,242.504395,942.433777,115.646011,223.851974,723.020447,225.772827
13.142,175.05899,1235.94751,172.859985,242.469498,942.301392,115.732521,223.444122,722.968445,226.016327
13.15,175.068375,1235.78418,172.734711,242.467285,942.178528,115.790215,223.056046,722.945007,226.306229
13.158,175.107315,1235.646484,172.604736,242.450623,942.083618,115.863899,222.662628,722.964783,226.661713
13.167,175.142349,1235.525024,172.470749,242.398148,941.99115,115.924828,222.302521,723.007568,227.021378
13.175,175.203217,1235.423828,172.340851,242.372513,941.92157,116.028419,222.021103,723.09137,227.365723
13.183,175.233307,1235.353516,172.233505,242.317413,941.857422,116.086899,221.762039,723.226257,227.71936
13.192,175.259415,1235.267578,172.134354,242.258911,941.77533,116.143112,221.602234,723.257019,227.935562
13.2,175.239792,1235.203491,172.075287,242.200821,941.709351,116.179443,221.462128,723.275574,228.061371
13.208,175.205063,1235.122925,172.042511,242.140305,941.640015,116.2033,221.369156,723.208923,228.16037
13.217,175.14064,1235.064453,172.042542,242.097672,941.562683,116.228119,221.324982,723.156494,228.163727
13.225,175.086426,1234.998291,172.068649,242.071884,941.50293,116.246017,221.321487,723.075073,228.130188
13.233,175.022369,1234.927612,172.11676,242.080124,941.449768,116.24292,221.390656,723.014038,228.058823
13.242,174.934509,1234.860229,172.173615,242.108795,941.39447,116.253571,221.481827,722.889771,227.906601
13.25,174.871063,1234.792725,172.228424,242.177017,941.386108,116.234886,221.647141,722.798523,227.824188
13.258,174.819641,1234.734131,172.28801,242.335968,941.398743,116.255264,221.821426,722.728027,227.751556
13.267,174.79628,1234.681396,172.347687,242.447495,941.365479,116.248116,222.058685,722.678284,227.668518
13.275,174.786499,1234.654297,172.411865,242.61409,941.379211,116.218102,222.31398,722.636475,227.602631
13.283,174.789185,1234.619507,172.450592,242.78627,941.402771,116.17305,222.586731,722.604614,227.536789
13.292,174.790192,1234.615479,172.487991,242.97847,941.430969,116.13192,222.899704,722.635193,227.427612
13.3,174.794388,1234.599609,172.505859,243.181717,941.457336,116.06546,223.211273,722.673096,227.293503
13.308,174.804092,1234.587769,172.532684,243.405685,941.513733,115.996872,223.489838,722.708374,227.191666
13.317,174.821732,1234.596313,172.545929,243.60997,941.511414,115.86718,223.791901,722.7453,227.070816
13.325,174.847244,1234.601196,172.55722,243.837555,941.566895,115.727478,224.111176,722.729858,226.961746
13.333,174.85231,1234.602783,172.569595,244.081512,941.598511,115.559006,224.412552,722.722839,226.757401
13.342,174.890244,1234.620605,172.577866,244.33046,941.629272,115.332664,224.777206,722.755737,226.503815
13.35,174.929077,1234.630493,172.600784,244.559509,941.661377,115.11483,225.124847,722.736572,226.269089
13.358,174.960052,1234.645386,172.599655,244.809097,941.695435,114.809029,225.428802,722.746887,225.943329
13.367,175.009308,1234.685181,172.612762,245.084793,941.759583,114.476151,225.759308,722.788391,225.575516
13.375,175.068604,1234.716431,172.622314,245.475174,941.836182,114.098961,226.071182,722.876221,225.141464
13.383,175.113937,1234.757935,172.617096,245.774826,941.942444,113.696815,226.390808,722.919434,224.714874
13.392,175.191757,1234.828613,172.624786,246.088379,942.035339,113.262169,226.693649,722.917786,224.247375
13.4,175.265305,1234.894409,172.621231,246.438278,942.18512,112.795639,226.96788,722.956787,223.732849
13.408,175.316559,1234.953125,172.619553,246.800751,942.341187,112.276688,227.296936,723.007324,223.229919
13.417,175.38028,1235.012939,172.623764,247.340546,942.498596,111.696739,227.61203,723.114075,222.678604
13.425,175.449432,1235.099365,172.59848,248.01944,942.696106,110.947815,227.931534,723.294373,222.047546
13.433,175.496124,1235.172485,172.547653,248.862198,942.885803,110.148438,228.272339,723.518616,221.317764
13.442,175.542496,1235.259766,172.476028,250.32634,943.199402,108.916908,228.534439,723.834229,220.567093
13.45,175.581909,1235.370728,172.360992,251.134033,943.532166,107.839561,228.814651,724.250244,219.683105
13.458,175.637161,1235.495117,172.224396,252.09314,943.824097,106.686806,229.06337,724.725281,218.877045
13.467,175.727905,1235.666992,172.081192,253.250183,944.331116,105.371788,229.377274,725.243652,217.824783
13.475,175.873642,1235.863892,171.872696,254.438095,944.932678,103.859352,229.808395,726.129333,216.692978
13.483,176.060287,1236.138428,171.613251,255.915558,945.573181,102.278702,230.259979,726.90387,215.49324
13.492,176.290192,1236.457031,171.4216,257.448517,946.351379,100.543549,230.759415,727.762085,214.179352
13.5,176.667725,1236.964844,171.235703,258.973145,947.266418,98.735641,231.319504,728.847961,212.674042
13.508,177.037552,1237.520874,171.007278,260.664581,948.220154,96.786613,231.968948,729.858215,211.357941
13.517,177.470627,1238.054688,170.877228,262.306335,949.241333,94.745605,232.786697,731.174622,209.801941
13.525,177.858078,1238.579224,170.682617,263.943848,950.331116,92.59095,233.668549,732.289856,208.416855
13.533,178.22229,1239.1521,170.424347,265.837311,951.472168,90.32959,234.558197,733.672668,206.885529
13.542,178.636536,1239.880493,170.231796,267.712158,952.718262,88.033035,235.586884,735.273621,205.489487
13.55,179.007919,1240.613281,170.071777,269.700195,954.013977,85.526443,236.54953,736.82196,203.953537
13.558,179.298325,1241.235229,169.955933,271.677002,955.434082,83.047203,237.57547,738.607056,202.277649
13.567,179.478348,1241.833374,169.84082,273.853699,956.93866,80.481812,238.492188,740.543884,200.692871
13.575,179.794022,1242.643433,169.745575,276.142212,958.541626,77.917633,239.524307,742.308716,199.227203
13.583,180.04274,1243.504272,169.584396,278.483246,960.199646,75.26947,240.533615,744.508911,197.351562
13.592,180.163132,1244.212402,169.546616,280.996674,962.098511,72.610283,241.521072,746.758179,195.606766
13.6,180.283752,1244.789429,169.548386,283.594116,963.907349,70.089203,242.502884,748.902161,193.683273
13.608,180.491455,1245.563965,169.536896,286.266052,965.933777,67.482941,243.427872,751.179321,191.655487
13.617,180.712006,1246.381226,169.600555,289.055389,967.926758,64.882568,244.258789,753.50824,189.576019
13.625,180.888,1247.108643,169.597504,291.752014,969.883545,62.419388,245.09137,755.846497,187.307037
13.633,181.014084,1247.621948,169.677963,294.64389,971.907349,59.982761,245.996689,758.401367,185.142059
13.642,181.238876,1248.230957,169.752563,297.313049,974.094788,57.547268,246.898941,760.751221,182.826569
13.65,181.469833,1248.892334,169.806213,300.016754,976.324829,54.846874,248.067734,763.1828,180.410751
13.658,181.734924,1249.63623,169.922012,302.745819,978.549866,52.332542,248.960739,765.911438,178.027756
13.667,181.953537,1250.380859,170.039352,305.162384,980.910339,50.150665,249.985519,768.488831,175.510361
13.675,182.028503,1250.994019,170.196625,307.707428,983.254272,47.588943,250.737701,771.072266,173.326141
13.683,182.089233,1251.650757,170.300323,309.976898,985.706421,45.015049,251.737869,773.71051,170.649979
13.692,182.144516,1252.356323,170.430283,312.278046,988.324036,42.334766,252.811676,776.348022,167.963959
13.7,182.253876,1253.127197,170.520859,314.332489,990.800232,39.783684,253.903244,778.998535,165.022858
13.708,182.333954,1253.839722,170.640579,316.460052,993.425903,37.36507,255.018707,781.39801,162.129364
13.717,182.457672,1254.513672,170.790726,318.376831,996.00116,34.655807,256.197784,784.321777,159.060349
13.725,182.507401,1255.157227,170.960312,320.128235,998.608521,31.776953,257.160797,786.675232,156.1651
13.733,182.52861,1255.866089,171.149368,321.843353,1001.246826,29.08057,258.136536,789.408142,153.181107
13.742,182.630219,1256.662476,171.311447,323.406494,1004.054688,26.320839,259.346588,792.106567,149.872238
13.75,182.806976,1257.441284,171.506363,324.984131,1006.928711,23.302746,260.411591,794.817627,146.650269
13.758,182.916992,1258.144775,171.746597,326.425323,1009.908447,20.10424,261.786163,797.778076,143.51059
13.767,182.970596,1258.796021,172.015762,327.873871,1012.819641,17.176905,262.814087,800.713745,140.453674
13.775,183.688156,1260.864502,174.945389,329.194366,1015.880493,14.34906,263.867432,803.768616,137.465927
13.783,183.622894,1261.161255,174.072922,330.452148,1019.253723,10.974158,264.962372,806.921143,134.250931
13.792,184.00032,1262.345581,175.131348,331.694305,1022.63269,7.694478,266.055298,810.297974,130.950562
13.8,183.979156,1262.812256,174.873672,332.912048,1026.137573,4.753238,267.186035,813.776855,127.511368
13.808,184.175812,1263.772461,175.864899,334.210815,1029.843506,1.694086,268.265411,817.187683,124.204147
13.817,184.204147,1264.446533,175.768524,335.515991,1033.487061,-1.501359,269.225525,820.765198,120.894829
13.825,184.386063,1265.336548,176.064987,336.91333,1037.365479,-4.663513,270.113525,824.361023,117.338402
13.833,184.517471,1266.100708,176.343399,338.038696,1041.291382,-7.769344,271.099884,828.114197,113.896011
13.842,184.543915,1266.839111,176.713547,339.180603,1045.373901,-10.869423,272.129211,832.081787,110.377533
13.85,184.609512,1267.729248,177.337296,340.331207,1049.662354,-13.988802,272.938416,836.061157,106.775986
13.858,184.690002,1268.591675,177.521805,341.457306,1053.999268,-17.109779,273.894653,840.022339,103.054161
13.867,184.759155,1269.387451,177.720428,342.544586,1058.469482,-20.162125,274.862549,844.186462,99.35601
13.875,184.786911,1270.091675,178.172333,343.434326,1062.927368,-23.271246,275.614227,848.331665,95.672997
13.883,184.649612,1270.723145,178.599564,344.478577,1067.566772,-26.33116,276.519043,852.576904,92.063507
13.892,184.560226,1271.419067,179.076675,345.486145,1072.176392,-29.215,277.277283,856.798218,88.326088
13.9,184.526505,1272.112305,179.403717,346.439819,1076.861084,-32.069805,278.228699,861.05719,84.588852
13.908,184.496918,1272.682129,179.538834,347.356171,1081.702148,-35.054211,279.05896,865.481445,80.988472
13.917,184.551727,1273.306763,179.898926,348.255493,1086.396851,-37.749649,279.732788,869.657532,77.282898
13.925,184.528137,1273.952515,180.314377,349.143463,1091.279907,-40.406361,280.382294,874.002319,73.626251
13.933,184.486038,1274.507446,180.591629,349.960846,1096.173828,-43.018108,280.909332,878.308044,70.005859
13.942,184.520905,1275.046631,180.938995,350.566833,1101.035034,-45.742489,281.519958,882.688782,66.472694
13.95,184.591751,1275.676392,181.282211,351.15036,1105.909668,-48.269501,281.967255,887.088989,62.697865
13.958,184.649292,1276.258667,181.353577,351.71698,1110.714478,-50.760067,282.312927,891.404663,59.270214
13.967,184.693314,1276.800781,181.353027,352.001434,1115.511597,-53.315411,282.558136,895.725159,55.638016
13.975,184.816177,1277.468994,181.61235,352.300568,1120.229492,-55.665234,282.764648,899.955139,52.341175
13.983,184.896149,1278.000488,181.740784,352.437195,1124.936523,-58.125992,282.976318,904.134521,48.934151
13.992,184.971649,1278.536377,181.915451,352.438141,1129.497681,-60.341118,283.174072,908.281067,45.793312
14,185.002869,1279.085693,181.878296,352.443695,1134.076294,-62.671364,283.235992,912.287964,42.623623
14.008,185.197937,1279.752808,181.885727,352.350739,1138.463257,-64.876633,283.219635,916.279907,39.631638
14.017,185.271774,1280.401489,181.772995,352.044098,1142.929565,-67.031113,283.189972,920.244385,36.546982
14.025,185.301361,1281.145142,181.81723,351.690277,1147.296021,-69.03405,282.938507,924.004517,33.555027
14.033,185.343384,1281.714844,181.844162,351.176117,1151.56604,-71.157265,282.647156,927.763489,30.631655
14.042,185.445953,1282.394775,181.791153,350.646149,1155.82251,-73.153015,282.226318,931.56311,27.474421
14.05,185.581024,1283.116455,181.554993,349.940796,1160.025269,-75.155807,281.67392,935.198853,24.704874
14.058,185.728317,1283.830933,181.4487,349.067902,1164.218628,-77.302116,281.153595,938.986389,21.768118
14.067,185.742569,1284.514771,181.441818,348.089783,1168.362183,-79.221153,280.596313,942.694153,18.89163
14.075,185.831757,1285.180176,181.46553,347.041718,1172.362305,-81.190567,280.008636,946.337952,16.43351
14.083,186.025375,1285.940063,181.280792,345.95578,1176.363159,-83.157669,279.49765,949.888184,13.985742
14.092,186.032425,1286.521973,181.148499,344.741608,1180.244385,-85.068161,278.931763,953.381958,11.423193
14.1,186.207413,1287.157715,181.102081,343.486755,1184.058594,-86.834831,278.296692,956.851868,9.107469
14.108,186.255905,1287.735107,181.09787,342.236206,1187.813843,-88.57563,277.735443,960.126343,7.194376
14.117,186.365967,1288.312988,181.060013,341.063782,1191.481567,-90.281578,277.153564,963.361511,4.917498
14.125,186.444214,1288.899292,180.95018,339.880005,1195.015381,-91.912605,276.606445,966.620544,2.712553
14.133,186.517715,1289.490967,180.839859,338.676361,1198.490601,-93.506325,276.102448,969.775085,0.582607
14.142,186.677872,1290.046265,180.758865,337.458374,1201.932495,-94.948288,275.476196,972.772705,-1.394576
14.15,186.760864,1290.583374,180.68779,336.273041,1205.308472,-96.458717,274.852325,975.795288,-3.035916
14.158,186.822403,1291.092041,180.648438,335.137054,1208.62561,-97.755348,274.161255,978.755859,-4.883812
14.167,186.917587,1291.596313,180.606476,334.030884,1211.839355,-98.860596,273.501465,981.720764,-6.633502
14.175,187.05983,1292.10022,180.557129,333.092407,1214.93689,-99.889465,272.765472,984.639099,-8.245043
14.183,187.166534,1292.616333,180.533585,332.017944,1217.93811,-100.88533,272.114624,987.396729,-9.705523
14.192,187.325836,1293.084351,180.55899,331.025299,1220.901123,-101.792664,271.440247,990.061096,-11.150275
14.2,187.377747,1293.515991,180.59375,330.124359,1223.721924,-102.542,270.787079,992.639099,-12.436518
14.208,187.378235,1293.966309,180.691055,329.308716,1226.459106,-103.271629,270.074982,995.081177,-13.668011
14.217,187.342239,1294.377075,180.78006,328.511475,1229.123535,-103.864777,269.311066,997.502258,-15.13271
14.225,187.336288,1294.830078,180.844635,327.855072,1231.715332,-104.362206,268.450287,999.724792,-16.525888
14.233,187.311417,1295.290283,180.890121,327.227997,1234.236572,-104.840355,267.462585,1001.963379,-17.926931
14.242,187.2948,1295.734131,180.905975,326.720001,1236.633423,-105.154755,266.568604,1004.130859,-19.376398
14.25,187.283127,1296.148682,180.901382,326.353424,1239.194824,-105.647705,265.529388,1006.176453,-20.834854
14.258,187.251129,1296.599609,180.939499,325.942444,1241.579712,-105.97699,264.520599,1008.184204,-22.226059
14.267,187.201462,1297.015747,180.973404,325.391449,1243.766846,-106.206802,263.56308,1010.205872,-23.623343
14.275,187.11113,1297.410645,181.072937,325.00174,1245.793823,-106.183693,262.509613,1011.99353,-24.953537
14.283,187.009064,1297.793091,181.156586,324.575165,1247.843384,-106.285309,261.525909,1013.851501,-26.108284
14.292,186.963074,1298.21521,181.244705,324.074799,1250.059204,-106.771515,260.621124,1015.520691,-27.278028
14.3,186.901016,1298.583618,181.332916,323.540253,1251.680054,-106.712852,259.892181,1017.195007,-28.152229
14.308,186.787003,1299.037598,181.462845,322.996033,1253.482056,-106.998283,259.098236,1018.736938,-29.141544
14.317,186.680161,1299.440063,181.528244,322.409058,1255.080078,-107.184624,258.429688,1020.246643,-29.845415
14.325,186.581116,1299.841064,181.558868,321.735229,1256.531128,-107.41507,257.778137,1021.517395,-30.511024
14.333,186.500626,1300.226685,181.584564,321.012848,1257.893066,-107.605675,257.059448,1022.805908,-31.078192
14.342,186.402924,1300.600952,181.578995,320.240051,1259.103271,-107.937164,256.491669,1024.065674,-31.703434
14.35,186.299316,1300.997314,181.544357,319.283691,1260.393555,-108.397858,255.960159,1025.16748,-32.013092
14.358,186.143127,1301.361328,181.548126,318.414612,1261.4021,-108.826736,255.544983,1026.18457,-32.419014
14.367,185.960907,1301.783569,181.51944,317.49823,1262.379395,-109.219711,255.165543,1027.144653,-32.769901
14.375,185.813095,1302.158081,181.504593,316.433716,1263.472778,-109.754738,254.947281,1028.009155,-32.932327
14.383,185.66272,1302.579712,181.472595,315.393402,1264.318726,-110.245552,254.801239,1028.862427,-33.109493
14.392,185.569733,1302.958252,181.422119,314.281586,1265.226562,-110.709496,254.670166,1029.681396,-33.300983
14.4,185.509583,1303.343872,181.313263,313.282043,1266.027588,-111.21994,254.525391,1030.441162,-33.590179
14.408,185.457458,1303.686768,181.174835,312.364014,1266.981201,-111.84005,254.371399,1031.115601,-33.842896
14.417,185.43898,1304.009521,181.008072,311.528473,1267.838501,-112.407066,254.206772,1031.835449,-34.125988
14.425,185.417648,1304.243408,180.856247,310.697754,1268.575317,-112.851059,254.036301,1032.551147,-34.419201
14.433,185.328918,1304.461304,180.723541,309.86734,1269.290283,-113.270264,253.765015,1033.279053,-34.852806
14.442,185.274109,1304.66748,180.622208,309.205017,1270.035156,-113.617638,253.481918,1033.919434,-35.382088
14.45,185.273697,1304.766357,180.527206,308.696106,1270.797363,-113.981987,253.155075,1034.483643,-35.717171
14.458,185.318939,1304.864868,180.429031,308.261047,1271.318726,-114.260498,252.801712,1035.023926,-36.163681
14.467,185.363541,1304.888672,180.357712,307.818329,1271.834717,-114.571884,252.462738,1035.499146,-36.637173
14.475,185.424194,1304.879883,180.277512,307.414154,1272.219727,-114.775543,252.055054,1035.877808,-37.147491
14.483,185.490921,1304.847656,180.165314,307.145142,1272.506958,-114.984543,251.692795,1036.134644,-37.645535
14.492,185.617279,1304.762817,180.059036,306.943176,1272.689819,-115.187454,251.367722,1036.290283,-38.065926
14.5,185.738617,1304.714844,179.962997,306.771332,1272.766846,-115.383385,251.049576,1036.320435,-38.44408
14.508,185.873489,1304.655273,179.87178,306.605011,1272.743042,-115.572357,250.759903,1036.259644,-38.791515
14.517,186.051392,1304.556885,179.783417,306.507233,1272.639038,-115.729767,250.518173,1036.163452,-39.089039
14.525,186.185486,1304.441772,179.707611,306.460449,1272.43457,-115.891594,250.300018,1035.974854,-39.236401
14.533,186.331543,1304.345703,179.619522,306.446411,1272.143311,-116.021011,250.155029,1035.748535,-39.23241
14.542,186.483444,1304.213867,179.506241,306.461945,1271.779907,-116.159691,250.035263,1035.47522,-39.10743
14.55,186.670517,1304.079346,179.423477,306.538757,1271.307983,-116.269966,249.885773,1035.141846,-38.954353
14.558,186.827103,1303.925537,179.313873,306.646942,1270.798706,-116.415413,249.789673,1034.767944,-38.65239
14.567,187.016769,1303.768555,179.227936,306.772186,1270.178345,-116.470856,249.665558,1034.334961,-38.389355
14.575,187.201096,1303.568115,179.132507,307.066223,1269.484009,-116.469696,249.48761,1033.916504,-38.124386
14.583,187.408417,1303.34729,179.028992,307.362762,1268.855591,-116.475037,249.278381,1033.449829,-37.799358
14.592,187.559723,1303.124634,178.969574,307.665497,1268.220093,-116.492752,249.108246,1033.022095,-37.509247
14.6,187.680801,1302.908325,178.925644,308.00769,1267.622559,-116.45076,248.914505,1032.584961,-37.281387
14.608,187.811325,1302.688843,178.89003,308.294006,1267.083496,-116.411636,248.695221,1032.170288,-37.070599
14.617,187.940384,1302.446533,178.885468,308.536591,1266.451904,-116.276634,248.477615,1031.767822,-36.884674
14.625,188.056641,1302.153687,178.872589,308.873016,1265.905396,-116.152359,248.289673,1031.385986,-36.726395
14.633,188.160278,1301.909546,178.851761,309.148499,1265.474609,-116.104897,248.074905,1031.005249,-36.706734
14.642,188.263046,1301.635986,178.882889,309.360046,1265.124023,-116.041,247.900345,1030.739746,-36.7616
14.65,188.333191,1301.399292,178.926941,309.532959,1264.852051,-115.968811,247.758652,1030.539795,-36.870934
14.658,188.42366,1301.150391,178.955948,309.685059,1264.677734,-115.91893,247.585098,1030.343506,-37.050201
14.667,188.511261,1300.924194,178.979431,309.822662,1264.564941,-115.880409,247.454437,1030.187622,-37.26627
14.675,188.579895,1300.652466,179.009918,309.922424,1264.503174,-115.851364,247.336533,1030.105713,-37.52607
14.683,188.675705,1300.454468,179.030899,310.027039,1264.488159,-115.831337,247.222305,1030.010254,-37.840855
14.692,188.750565,1300.291382,179.02301,310.120209,1264.48291,-115.823662,247.11911,1029.97644,-38.125359
14.7,188.855621,1300.13855,179.003372,310.222992,1264.486938,-115.793549,247.044495,1029.96936,-38.371731
14.708,188.905579,1300.015869,178.981857,310.34967,1264.512817,-115.729538,246.989014,1029.965942,-38.59499
14.717,188.954468,1299.924805,178.972107,310.409882,1264.536011,-115.706131,246.927887,1029.969727,-38.817314
14.725,189.016434,1299.822021,178.974426,310.449799,1264.544434,-115.671814,246.898041,1029.959229,-38.967484
14.733,189.022858,1299.772827,178.997009,310.467743,1264.535278,-115.629814,246.887085,1029.934204,-39.053997
14.742,189.028702,1299.7229,179.022568,310.477997,1264.480469,-115.577675,246.901749,1029.865112,-39.071461
14.75,189.021484,1299.687744,179.067673,310.467712,1264.423462,-115.527588,246.958618,1029.75061,-39.078396
14.758,189.014313,1299.666992,179.10965,310.511475,1264.322998,-115.461472,247.059174,1029.634888,-39.014786
14.767,189.008102,1299.666504,179.163696,310.598969,1264.178833,-115.349678,247.169998,1029.470093,-38.901749
14.775,188.971375,1299.648315,179.214935,310.768311,1264.016846,-115.202606,247.288696,1029.273926,-38.732445
14.783,188.937546,1299.652344,179.268097,311.022461,1263.739014,-114.994858,247.442978,1029.044312,-38.538292
14.792,188.916763,1299.642822,179.349472,311.292908,1263.476318,-114.784233,247.637466,1028.789062,-38.303387
14.8,188.858932,1299.597778,179.403351,311.655151,1263.155518,-114.478302,247.868713,1028.542114,-38.057831
14.808,188.796707,1299.546143,179.474777,311.948517,1262.744751,-114.140266,248.122925,1028.298584,-37.734505
14.817,188.751755,1299.469971,179.531235,312.268951,1262.384277,-113.861618,248.48378,1027.971069,-37.286308
14.825,188.690369,1299.370239,179.565353,312.660583,1261.966553,-113.58297,248.960403,1027.588257,-36.746941
14.833,188.655151,1299.291138,179.593643,313.080048,1261.48877,-113.341972,249.546097,1027.21582,-36.140457
14.842,188.562622,1299.152588,179.643188,313.489227,1260.932495,-113.137077,250.146545,1026.668701,-35.614998
14.85,188.530533,1299.047119,179.645798,313.971802,1260.25647,-112.810722,250.932068,1026.05835,-34.853947
14.858,188.525833,1298.958252,179.630966,314.400848,1259.565186,-112.687569,251.626694,1025.326416,-34.164356
14.867,188.573212,1298.857056,179.642151,314.707703,1258.749634,-112.530045,252.297073,1024.598877,-33.432106
14.875,188.607071,1298.754639,179.623627,315.078308,1257.881348,-112.427711,253.14856,1023.805359,-32.577278
14.883,188.634918,1298.645386,179.605377,315.450226,1256.928467,-112.338806,253.907379,1022.84491,-31.807222
14.892,188.660995,1298.519897,179.573792,315.799622,1255.813965,-112.176315,254.890625,1021.89563,-30.970388
14.9,188.69548,1298.390991,179.557785,316.346527,1254.632568,-112.063599,255.713547,1020.733826,-30.109354
14.908,188.734421,1298.280273,179.548431,316.825165,1253.236572,-111.854591,256.601776,1019.461304,-28.977209
14.917,188.811935,1298.135254,179.535614,317.38913,1251.63269,-111.657013,257.429779,1018.171204,-27.965992
14.925,188.882568,1298.026978,179.518051,318.209564,1249.789062,-111.064285,258.203461,1016.69873,-26.830097
14.933,188.96991,1297.907471,179.523117,318.873962,1247.929932,-110.756371,258.906891,1015.125977,-25.645861
14.942,189.079834,1297.759399,179.493195,319.856262,1245.828491,-110.18026,259.482788,1013.346558,-24.641201
14.95,189.182602,1297.591675,179.478409,320.927246,1243.763672,-109.802513,260.043671,1011.491638,-23.506023
14.958,189.255844,1297.375244,179.49852,321.953308,1241.029053,-108.656525,260.516174,1009.452942,-22.532207
14.967,189.311768,1297.177734,179.490646,322.960327,1238.540771,-107.922142,261.066345,1007.233643,-21.483828
14.975,189.352875,1296.948853,179.497726,324.047333,1235.952393,-107.025139,261.591705,1004.814026,-20.403782
14.983,189.409485,1296.665527,179.528336,325.131561,1233.104736,-106.044174,262.084625,1002.179504,-19.422777
14.992,189.465424,1296.377441,179.58374,326.202301,1230.191895,-105.028099,262.717316,999.273804,-18.292774
15,189.524643,1296.076782,179.667938,327.379333,1227.044922,-103.8535,263.219604,996.201355,-17.410696
15.008,189.520264,1295.709595,179.745651,328.527557,1223.804443,-102.746223,263.832153,993.012085,-16.336983
15.017,189.526718,1295.312866,179.903397,329.706909,1220.4198,-101.527863,264.375763,989.653931,-15.350831
15.025,189.520569,1294.805298,180.014496,330.94632,1216.909058,-100.221161,264.912292,986.137024,-14.330222
15.033,189.523071,1294.230103,180.138092,332.096741,1213.367798,-98.862648,265.400879,982.656067,-13.27312
15.042,189.589508,1293.672119,180.195175,333.170105,1209.766357,-97.564507,265.81839,979.011963,-12.390692
15.05,189.670273,1293.081787,180.234146,334.238342,1206.181519,-96.2714,266.161835,975.353699,-11.390931
15.058,189.708237,1292.484253,180.332153,335.322327,1202.348389,-94.793106,266.457184,971.616516,-10.437855
15.067,189.755096,1291.756958,180.468704,336.346405,1198.466919,-93.132484,266.722931,967.831299,-9.289824
15.075,189.787018,1290.929077,180.614471,337.340668,1194.530762,-91.672752,267.109253,964.03009,-7.910712
15.083,189.898438,1290.175781,180.662964,338.286346,1190.541748,-90.059311,267.42395,960.155334,-6.57434
15.092,190.052307,1289.473267,180.642197,339.197906,1186.43396,-88.464684,267.746429,956.266602,-5.495857
15.1,190.12558,1288.649048,180.641876,340.162994,1182.332397,-86.93895,268.086761,952.251099,-3.754716
15.108,190.223511,1287.735596,180.730927,341.124054,1178.090454,-85.213287,268.4263,948.168945,-1.915135
15.117,190.304077,1286.946533,180.805664,342.005524,1173.862549,-83.472412,268.912506,944.116882,0.073223
15.125,190.442871,1286.242676,180.869965,342.831116,1169.697632,-81.821083,269.306793,940.16156,2.201551
15.133,190.488358,1285.450562,180.866791,343.615021,1165.457886,-79.915169,269.718414,936.189087,3.839726
15.142,190.484299,1284.665649,180.994919,344.344727,1161.440308,-78.157761,269.970428,932.204285,6.006138
15.15,190.445877,1283.897217,181.096863,344.913666,1157.373535,-76.239365,270.248749,928.330688,7.98096
15.158,190.429901,1283.232544,181.123352,345.549042,1153.415405,-74.342705,270.557007,924.499695,9.891755
15.167,190.386108,1282.506836,181.05545,345.934418,1149.428223,-72.499207,270.904938,920.728394,11.869625
15.175,190.344284,1281.740967,181.148148,346.429443,1145.492065,-70.677551,271.162476,916.881042,13.938078
15.183,190.277756,1280.927002,181.259796,346.741394,1141.527832,-68.829163,271.454651,913.106689,16.091429
15.192,190.24733,1280.174072,181.220245,347.216553,1137.617676,-66.8694,271.936737,909.352478,18.439358
15.2,190.321106,1279.418823,181.080795,347.563171,1133.716675,-64.974243,272.377869,905.707886,20.631786
15.208,190.385452,1278.62793,181.113251,347.981873,1129.849731,-63.043648,273.019958,901.984192,23.215731
15.217,190.388901,1277.84082,181.147949,348.353851,1126.070068,-61.160759,273.489044,898.359924,25.612926
15.225,190.406647,1277.033447,181.158173,348.66452,1122.251221,-59.177719,273.878571,894.67926,28.038935
15.233,190.48761,1276.3396,181.125732,348.945953,1118.629761,-57.26038,274.392029,891.130493,30.531937
15.242,190.591064,1275.657349,181.198135,349.143127,1114.974365,-55.216564,274.826385,887.671326,32.811508
15.25,190.577637,1274.8302,181.274078,349.344452,1111.356323,-53.282581,275.184937,884.25769,35.092388
15.258,190.534088,1273.970581,181.366287,349.584381,1107.711182,-51.273026,275.364105,880.810913,37.297665
15.267,190.644745,1273.189453,181.327698,349.69043,1104.073364,-49.438885,275.722839,877.34906,39.622391
15.275,190.732483,1272.419067,181.318207,349.809174,1100.458252,-47.461617,275.778625,873.835632,41.680672
15.283,190.798141,1271.594849,181.424133,349.75351,1096.835449,-45.679577,275.92099,870.236755,43.871593
15.292,190.841125,1270.698242,181.473633,349.600739,1093.101562,-43.834347,275.862518,866.610352,46.007534
15.3,191.059296,1269.847656,181.492752,349.402954,1089.434204,-42.088314,275.889679,863.076416,48.101715
15.308,191.36174,1269.070923,181.466934,348.937347,1085.712036,-40.33287,275.835663,859.513306,50.027912
15.317,191.597916,1268.179321,181.434219,348.413361,1081.996826,-38.721695,275.658905,855.901611,51.809818
15.325,191.800735,1267.078491,181.403214,347.793762,1078.311646,-37.158234,275.325134,852.216309,53.390369
15.333,192.017822,1266.098022,181.310287,347.125732,1074.576416,-35.556236,275.113739,848.513062,54.891617
15.342,192.244492,1265.099365,181.30603,346.478699,1070.893921,-33.936108,274.587067,844.695007,56.312878
15.35,192.407425,1263.82312,181.399094,345.791565,1067.200928,-32.226418,274.059357,840.899231,57.533028
15.358,192.603409,1262.666748,181.445633,345.079956,1063.455811,-30.474884,273.555664,837.099121,58.895546
15.367,192.938995,1261.41333,181.376724,344.334778,1059.806396,-28.742071,272.943817,833.308655,60.281662
15.375,193.008759,1260.01062,181.413788,343.55542,1056.085083,-26.890808,272.45578,829.55542,61.606682
15.383,193.065125,1258.713135,181.370331,342.792786,1052.367188,-25.008528,271.890747,825.759583,62.842167
15.392,193.06694,1257.354614,181.448105,342.021088,1048.696045,-23.09856,271.345886,821.802368,64.323997
15.4,192.869507,1255.972412,181.401108,341.262177,1044.978516,-20.996109,270.86496,817.880432,65.779739
15.408,192.766342,1254.769653,181.398071,340.585419,1041.262207,-18.846363,270.2724,814.033752,67.285065
15.417,192.483932,1253.369995,181.359116,339.861603,1037.625,-16.659531,269.659332,810.251038,68.799805
15.425,192.322128,1252.196777,181.424118,339.038605,1034.120483,-14.811378,269.087494,806.573792,70.146782
15.433,192.063965,1251.009766,181.466766,338.148834,1030.713501,-12.766572,268.557251,802.960876,71.608299
15.442,191.835098,1249.65979,181.586212,337.156006,1027.293945,-10.659285,267.997528,799.489746,73.012062
15.45,191.680984,1248.637207,181.596283,336.255249,1024.046387,-8.721448,267.135406,796.049194,74.650566
15.458,191.337219,1247.39502,181.699463,335.425446,1020.978577,-6.98927,266.740875,792.572083,75.969116
15.467,191.115723,1246.247559,181.728149,334.172974,1017.614258,-4.627875,266.096497,789.22876,77.529655
15.475,190.914703,1245.292358,181.78569,333.173523,1014.417542,-2.520437,265.37442,785.806824,79.459152
15.483,190.546005,1244.092163,181.650101,332.222778,1011.242859,-0.267723,264.781006,782.622986,81.277176
15.492,190.339691,1243.095825,181.808273,331.336884,1008.180237,1.815091,264.220551,779.449097,83.342369
15.5,190.029892,1242.195068,181.6521,330.411438,1005.208252,3.784366,263.704498,776.375916,85.314178
15.508,189.780151,1241.286865,181.693192,329.485046,1002.344604,6.085361,263.006195,773.417969,87.641457
15.517,189.50592,1240.331665,181.685501,328.446655,999.430603,8.360441,262.72226,770.6745,89.639038
15.525,189.30188,1239.586548,181.682602,327.476837,996.858398,10.551055,262.339905,767.973389,91.640846
15.533,189.131989,1238.98938,181.662643,326.41156,994.33844,12.464277,261.852997,765.30365,93.696297
15.542,188.91925,1238.362793,181.685791,325.365875,992.039856,14.56636,261.412415,762.750916,95.419922
15.55,188.631241,1237.709839,181.776031,324.243073,989.760315,16.690477,260.951447,760.474548,97.27063
15.558,188.35817,1237.072388,181.881424,323.107574,987.511475,19.041739,260.525085,757.85376,99.216385
15.567,188.16394,1236.585449,182.117523,321.996124,985.378662,21.090549,260.109467,755.649536,101.193756
15.575,187.905441,1236.09314,182.234741,320.819061,983.397888,23.060703,259.667633,753.327576,103.015465
15.583,187.64772,1235.655518,182.510468,319.664062,981.43042,25.084211,259.393738,751.198608,105.068611
15.592,187.302933,1235.105835,182.634354,318.388367,979.50061,27.12867,259.140717,748.903076,107.32048
15.6,187.017395,1234.686279,182.938431,317.128235,977.654724,29.344522,258.904297,746.86615,109.267227
15.608,186.596985,1234.270874,183.158783,315.861633,975.799072,31.583513,258.715424,744.871582,111.37722
15.617,186.212601,1234.02063,183.517136,314.482635,974.109192,33.594711,258.549469,742.984619,113.533028
15.625,185.778748,1233.750244,183.542877,313.106445,972.472351,35.659782,258.567291,740.984375,115.391426
15.633,185.370514,1233.608521,183.669296,311.754852,970.837708,37.621685,258.641846,739.209656,117.161324
15.642,184.989731,1233.462158,183.675415,310.152588,969.306702,39.812553,258.515472,737.395508,118.996826
15.65,184.656464,1233.355225,183.847519,308.718597,967.837036,41.90292,258.375458,735.583557,120.716492
15.658,184.313446,1233.203369,183.994415,307.232391,966.518616,44.04393,258.130646,733.912537,122.557671
15.667,183.984756,1233.065308,184.252106,305.679962,965.140808,46.231071,257.962189,732.304077,124.369789
15.675,183.664368,1232.966187,184.433685,304.212311,963.901489,47.946674,257.862427,730.841431,126.077057
15.683,183.331863,1232.814697,184.483948,302.683716,962.63916,49.868797,257.751007,729.268616,127.789528
15.692,182.979141,1232.677979,184.564178,301.075714,961.386169,51.920876,257.746094,727.819153,129.57486
15.7,182.576813,1232.543335,184.707321,299.48407,960.227539,53.758244,257.62146,726.603088,131.237076
15.708,182.175995,1232.451172,184.889267,297.947906,959.115784,55.718136,257.508575,725.267883,133.000488
15.717,181.803421,1232.312256,184.962418,296.381348,958.124512,57.580959,257.431885,724.157166,134.77388
15.725,181.435577,1232.277466,185.137939,294.829498,957.160095,59.112263,257.306335,722.958679,136.462448
15.733,181.122269,1232.216675,185.180817,293.207336,956.177979,60.891953,257.135345,721.804321,137.988831
15.742,180.859436,1232.215332,185.332733,291.544159,955.245361,62.573986,256.992889,720.689148,139.552139
15.75,180.615158,1232.17981,185.413498,289.87619,954.390442,64.390221,256.886749,719.620422,141.176559
15.758,180.40921,1232.157349,185.470764,288.173218,953.521851,66.318405,256.85968,718.729187,142.658752
15.767,180.182632,1232.160645,185.480133,286.352905,952.759644,68.309044,256.846069,717.704346,144.219086
15.775,179.943909,1232.172119,185.434525,284.43808,952.011658,70.26368,256.878784,716.809448,145.586182
15.783,179.646835,1232.22937,185.442139,282.708038,951.314148,72.233902,256.974335,715.859741,147.069427
15.792,179.325272,1232.24292,185.381989,280.817963,950.612488,74.247864,257.118134,714.912354,148.455078
15.8,179.024536,1232.223267,185.332153,278.962463,949.909912,76.2313,257.167877,714.087769,149.768509
15.808,178.087234,1231.365356,183.448471,277.08606,949.282776,78.213905,257.230804,713.20282,151.059586
15.817,177.738556,1231.331909,183.395233,275.383942,948.680908,80.301865,257.215057,712.331238,152.388687
15.825,177.355896,1231.264648,183.327621,273.65033,948.069885,82.371155,257.302032,711.747559,153.634125
15.833,176.899963,1231.158203,183.237488,272.012299,947.542603,84.206978,257.247406,711.207397,155.017548
15.842,176.540756,1231.057739,183.202698,270.401215,947.042908,85.785072,257.161682,710.769348,156.398331
15.85,176.21434,1230.948975,183.229233,268.78244,946.657715,87.175674,256.971313,710.419983,157.798431
15.858,175.923691,1230.843872,183.286087,267.394684,946.30719,88.61512,256.720886,710.059814,159.065933
15.867,175.612701,1230.705933,183.352875,265.76416,945.843567,89.788139,256.355347,709.841919,160.067123
15.875,175.241714,1230.515381,183.439682,264.475769,945.451233,90.725601,255.85025,709.563171,161.08786
15.883,174.823547,1230.232422,183.530914,263.518433,945.089722,91.623131,255.25769,709.245911,161.941299
15.892,174.471542,1229.980469,183.620728,262.447266,944.749634,92.365509,254.575546,708.933105,162.693558
15.9,174.214005,1229.757935,183.676102,261.576935,944.354736,93.075394,253.933044,708.586853,163.44487
15.908,174.00618,1229.523682,183.715759,260.900696,944.013489,93.575661,253.259216,708.341125,164.045044
15.917,173.910248,1229.345337,183.746902,260.35376,943.641846,93.891983,252.456818,708.084961,164.667648
15.925,173.91539,1229.193604,183.783325,259.860809,943.278259,94.138023,251.63623,707.841858,165.287262
15.933,173.973114,1229.041748,183.792084,259.465179,942.965576,94.374321,250.909454,707.525391,165.794815
15.942,174.077286,1228.895142,183.8004,259.147522,942.638184,94.5243,250.15387,707.230164,166.212784
15.95,174.172623,1228.757202,183.770447,258.636383,942.302307,94.727806,249.459473,706.96991,166.580704
15.958,174.26947,1228.641602,183.731796,258.381287,942.046997,94.84317,248.872498,706.801208,166.842285
15.967,174.36792,1228.525146,183.66803,258.129669,941.832581,94.968124,248.350403,706.6604,167.090546
15.975,174.436417,1228.423828,183.616074,257.922119,941.642334,95.037056,247.871765,706.500244,167.328796
15.983,174.524307,1228.340698,183.548264,257.746063,941.492554,95.089943,247.464523,706.37323,167.503769
15.992,174.556,1228.253296,183.504761,257.618988,941.386719,95.13578,247.124008,706.289185,167.700134
16,174.579117,1228.161377,183.45192,257.537598,941.285583,95.18853,246.833786,706.225159,167.887558
16.008,174.577789,1228.07019,183.379349,257.48761,941.198486,95.231956,246.575836,706.132141,168.118225
16.017,174.602005,1228.003784,183.322128,257.496368,941.116516,95.280251,246.37883,706.083862,168.358643
16.025,174.608353,1227.934448,183.262238,257.534302,941.031616,95.328392,246.182297,706.016541,168.637222
16.033,174.630463,1227.866699,183.183319,257.660065,940.950684,95.430382,246.025162,705.923706,168.969727
16.042,174.670959,1227.827026,183.10466,257.757599,940.902588,95.508522,245.905212,705.88208,169.293228
16.05,174.719864,1227.800049,183.012772,257.87561,940.881531,95.637863,245.855469,705.867065,169.586685
16.058,174.745483,1227.77063,182.912476,257.976532,940.835205,95.736649,245.819702,705.853821,169.851593
16.067,174.80397,1227.755737,182.815613,258.089172,940.799561,95.848564,245.839874,705.803711,170.136017
16.075,174.82756,1227.740356,182.718842,258.200836,940.774963,95.957596,245.888733,705.816223,170.370743
16.083,174.85463,1227.7229,182.624924,258.291992,940.752014,96.05899,245.962463,705.823364,170.637512
16.092,174.864029,1227.700439,182.568878,258.520752,940.722595,96.139748,246.054794,705.889221,170.947632
16.1,174.866287,1227.66687,182.50145,258.586395,940.695801,96.235527,246.183228,705.92511,171.241623
16.108,174.861298,1227.622925,182.441467,258.712982,940.665283,96.347649,246.354935,705.981506,171.555923
16.117,174.858139,1227.589966,182.364288,258.771027,940.678833,96.483902,246.539474,706.035278,171.842636
16.125,174.8703,1227.565186,182.316559,258.905212,940.686829,96.595299,246.742935,706.124146,172.160233
16.133,174.878006,1227.544678,182.265259,259.035919,940.703308,96.697823,246.95787,706.186523,172.434372
16.142,174.902969,1227.52478,182.191345,259.202759,940.703979,96.757759,247.217499,706.234009,172.862366
16.15,174.922958,1227.500488,182.133408,259.362274,940.700867,96.839973,247.424759,706.264832,173.175858
16.158,174.96669,1227.495361,182.066086,259.537384,940.690247,96.886421,247.559113,706.285889,173.2883
16.167,175.007874,1227.495972,181.995697,259.6987,940.700684,96.927185,247.749664,706.32843,173.505768
16.175,175.05423,1227.49707,181.925491,259.889374,940.698792,96.953125,247.94902,706.394165,173.695419
16.183,175.108353,1227.508057,181.848022,260.004242,940.73822,96.986107,248.191559,706.46582,173.876297
16.192,175.15065,1227.534546,181.770401,260.201141,940.768188,96.978836,248.415695,706.539978,174.109283
16.2,175.185516,1227.538574,181.690887,260.40918,940.809204,96.939857,248.61908,706.582947,174.269836
16.208,175.229263,1227.554688,181.599701,260.630188,940.859741,96.874229,248.772964,706.64624,174.396088
16.217,175.260849,1227.569702,181.506088,260.928711,940.907715,96.74778,248.884064,706.715088,174.4944
16.225,175.303513,1227.596069,181.409485,261.213226,940.963257,96.627861,248.98999,706.822693,174.581192
16.233,175.373154,1227.645996,181.306259,261.526428,941.06073,96.541458,249.096191,706.955872,174.616638
16.242,175.449173,1227.742554,181.205856,261.892303,941.169495,96.357178,249.185883,707.11145,174.565277
16.25,175.555725,1227.856934,181.072708,262.163727,941.306946,96.20134,249.262711,707.364258,174.466568
16.258,175.688889,1228.030762,180.889175,262.571075,941.509705,95.971985,249.340302,707.684998,174.172424
16.267,175.829529,1228.308716,180.717789,262.926941,941.817749,95.647667,249.435959,708.060608,174.015335
16.275,176.013123,1228.799805,180.564178,263.214111,942.185852,95.394783,249.583252,708.497253,174.08107
16.283,176.201675,1229.357422,180.416534,263.52066,942.569763,95.122765,249.690628,708.893921,173.969849
16.292,176.338715,1229.921387,180.221283,263.774719,943.171997,94.860809,249.725815,709.339355,173.664597
16.3,176.482819,1230.533203,179.987793,264.132355,943.807373,94.57193,249.837646,709.947876,173.422043
16.308,176.572098,1231.172974,179.720734,264.463654,944.470032,94.267693,249.959,710.699524,173.112366
16.317,176.747665,1232.043213,179.505981,264.895477,945.256042,93.920868,250.093872,711.464294,172.941772
16.325,176.869934,1233.080811,179.197632,265.305176,946.076172,93.562424,250.199738,712.311462,172.663284
16.333,176.919983,1233.979004,178.841553,265.723785,947.065186,93.219734,250.280594,713.25116,172.539734
16.342,177.177643,1235.11853,178.490005,266.218781,948.178284,92.824974,250.433472,714.351318,172.176865
16.35,177.338394,1236.377319,178.049057,266.648102,949.213257,92.46962,250.626541,715.509583,171.90097
16.358,177.499161,1237.527222,177.570007,267.177734,950.415039,92.117783,250.766098,716.62738,171.874466
16.367,177.7771,1239.07605,177.134705,267.782654,951.687988,91.66684,250.938507,718.005188,171.573837
16.375,177.979324,1240.406494,176.557098,268.408875,953.002625,91.30088,251.156784,719.384766,171.520477
16.383,178.296219,1242.080322,175.989899,269.107178,954.410583,90.738831,251.283173,720.838257,171.363617
16.392,178.419235,1243.574097,175.428772,269.80545,955.879456,90.334824,251.567657,722.544006,171.254547
16.4,178.789917,1245.493896,174.748779,270.53949,957.484619,89.610435,251.758484,724.266479,171.180328
16.408,179.075684,1247.282837,174.161713,271.318695,959.240601,88.934822,251.872635,726.085815,170.902466
16.417,179.259628,1249.179932,173.426163,272.182617,961.057068,88.125481,252.122375,728.117065,170.605316
16.425,180.293396,1252.518066,175.103516,273.14502,963.08075,87.243019,252.263611,730.24823,170.211578
16.433,180.152695,1254.051025,173.144974,274.18866,965.156372,86.33815,252.534988,732.532043,169.64502
16.442,180.675644,1256.755249,173.287033,275.423523,967.418518,85.384186,252.684326,734.820007,169.266388
16.45,180.729904,1258.872925,171.398041,276.614288,969.814514,84.353378,252.91658,737.349731,168.733459
16.458,181.12944,1261.747437,170.917862,277.999756,972.383423,83.178101,253.209137,740.036316,167.991913
16.467,181.407104,1264.150757,169.233459,279.359497,975.104065,82.003349,253.477417,742.899597,167.142975
16.475,181.830734,1266.970947,168.297913,281.086639,978.012085,80.756523,253.720459,745.931702,166.331787
16.483,182.168777,1269.685425,166.860107,282.914062,980.942566,79.361595,254.045181,749.056458,165.405258
16.492,182.518402,1272.448364,165.752579,284.77121,984.046814,77.899216,254.367523,752.27301,164.512512
16.5,182.871323,1275.394897,164.117767,286.873444,987.235291,76.253922,254.72438,755.783508,163.427841
16.508,183.323898,1278.434692,162.300903,289.189514,990.626526,74.6166,255.213745,759.366455,162.120804
16.517,183.76059,1281.659302,160.807526,291.562256,994.150391,72.6922,255.706512,763.135193,160.799301
16.525,184.169144,1284.845581,159.192673,294.164337,997.723083,70.729752,256.233521,767.16803,159.293228
16.533,184.675613,1288.120972,157.663666,296.77771,1001.522522,68.546227,256.817139,771.130676,157.797852
16.542,185.208908,1291.43457,156.023346,299.618774,1005.462158,66.358276,257.430756,775.503479,156.014893
16.55,185.803864,1294.892822,154.433121,302.469788,1009.497498,63.960022,258.076569,779.971252,154.040863
16.558,186.414917,1298.467651,152.765503,305.501648,1013.735413,61.425507,258.506134,784.538269,152.029831
16.567,187.171692,1302.148438,150.9245,308.599976,1018.098022,58.548878,259.124756,789.305298,149.555511
16.575,187.883728,1305.793091,149.06041,311.642944,1022.652527,55.651264,259.806793,794.358276,146.811539
16.583,188.580109,1309.459595,147.125656,314.81543,1027.311401,52.391174,260.503662,799.526733,143.990067
16.592,189.343521,1313.234009,145.061218,317.925903,1032.17041,48.914459,261.224213,804.889099,140.90509
16.6,190.122559,1317.108765,142.820557,321.219513,1037.148315,45.324509,261.787415,810.27063,137.647659
16.608,190.831146,1320.928955,140.638901,324.324127,1042.210693,41.574436,262.75592,815.83075,134.013824
16.617,192.001862,1325.325684,139.032974,327.307007,1047.356201,37.611042,263.595673,821.47345,130.239517
16.625,192.677811,1329.101074,136.296997,330.397003,1052.463501,33.56813,264.483978,827.247498,126.446564
16.633,193.495071,1333.038574,133.695343,333.199219,1057.669067,29.319397,265.331421,832.928528,122.479858
16.642,194.233627,1336.926147,130.8806,335.818542,1062.799561,24.985432,266.386658,838.524231,118.473251
16.65,194.994766,1340.880981,127.951859,338.344452,1067.994141,20.511429,267.543121,844.210266,114.456017
16.658,195.811951,1344.825806,124.904381,340.61969,1073.196167,15.96098,268.737823,849.725037,110.342224
16.667,196.609787,1348.858643,121.873695,342.705505,1078.291138,11.380083,270.160431,855.191711,106.180664
16.675,197.462646,1352.814453,118.634918,344.570282,1083.253296,6.584494,271.649506,860.454407,101.991928
16.683,198.199707,1356.63562,115.292503,346.272156,1088.200562,1.81919,273.061981,865.539429,97.738464
16.692,199.102737,1360.643066,111.863907,347.79422,1093.038574,-3.080724,274.615448,870.513733,93.43412
16.7,199.890808,1364.401001,108.387718,348.970551,1097.726929,-8.096401,276.281525,875.241577,89.181763
16.708,200.811081,1368.307373,104.787247,350.21579,1102.361328,-13.503475,278.006775,879.795288,84.957787
16.717,201.559036,1371.996948,101.289993,350.81366,1106.621094,-17.975924,279.563416,884.045898,80.428383
16.725,202.303482,1375.562378,97.633316,351.460114,1110.839111,-23.02713,281.093903,888.024719,76.00975
16.733,203.042084,1379.079224,93.874748,351.729095,1114.628418,-27.983686,282.624695,891.837646,71.757759
16.742,203.844345,1382.431885,90.094048,352.012329,1118.365723,-32.871407,284.161804,895.289124,67.453682
16.75,204.568924,1385.669922,86.286041,351.832886,1121.771729,-37.784966,285.583405,898.655518,63.035568
16.758,205.247421,1388.804077,82.413086,351.59082,1124.940186,-42.711262,287.078125,901.719482,58.70668
16.767,205.907364,1391.601196,78.408524,351.014038,1127.781372,-47.675251,288.477325,904.352112,54.506256
16.775,206.512238,1394.229736,74.484146,350.190155,1130.427124,-52.615242,289.749512,906.835449,50.330223
16.783,207.079056,1396.805908,70.627045,348.920258,1132.617676,-57.346489,291.010193,909.026733,46.207458
16.792,207.711182,1399.051392,66.699348,347.692383,1134.670288,-62.065773,292.137665,910.929749,42.247433
16.8,208.23967,1401.345093,62.839867,346.237,1136.382202,-66.823074,293.230835,912.469727,38.150864
16.808,208.795853,1403.358887,58.935387,344.502991,1137.852661,-71.500092,294.368042,913.795471,34.319397
16.817,209.319992,1405.209717,55.043713,342.56485,1138.99231,-76.031242,295.303467,914.777588,30.5422
16.825,209.797104,1406.824097,51.376522,340.335297,1139.812134,-80.567245,296.387604,915.591797,26.975027
16.833,210.247986,1408.185303,47.628529,338.001404,1140.411621,-84.918655,297.206146,916.103394,23.337677
16.842,210.668457,1409.458984,43.925732,335.480591,1140.667603,-89.149178,298.129395,916.287048,19.861958
16.85,211.086609,1410.460938,40.342728,332.711853,1140.658936,-93.286919,298.946411,916.248718,16.63785
16.858,211.440063,1411.300049,36.732609,329.92749,1140.293457,-97.145386,299.737701,916.024353,13.372907
16.867,211.799759,1411.922729,33.340302,326.923218,1139.698242,-100.998405,300.195831,915.439026,10.259697
16.875,212.164886,1412.321655,29.944347,323.592194,1138.807861,-104.374374,300.825867,914.722412,7.160172
16.883,212.531769,1412.638306,26.658075,320.341614,1137.750366,-107.688492,301.397766,913.630798,4.224616
16.892,212.789383,1412.890259,23.503382,316.965088,1136.511597,-110.771965,301.681519,912.394592,1.198617
16.9,213.121384,1412.987183,20.505468,313.527832,1135.170898,-113.696625,302.023865,910.890564,-1.643999
16.908,213.391068,1412.912964,17.508825,310.063385,1133.602539,-116.315483,302.270874,909.274597,-4.436822
16.917,213.656677,1412.792847,14.67421,306.458374,1131.922363,-118.824371,302.398956,907.604431,-7.17831
16.925,213.980484,1412.696777,12.033557,302.874054,1130.070801,-120.988914,302.439819,905.771301,-9.685336
16.933,214.243774,1412.418457,9.426506,299.15976,1128.220581,-122.991356,302.433411,903.993896,-12.111519
16.942,214.554306,1412.162842,6.956084,295.447357,1126.34021,-124.747017,302.367401,902.287781,-14.363966
16.95,214.838882,1411.806641,4.762038,291.717316,1124.402344,-126.244484,302.417389,900.471924,-16.455528
16.958,214.991089,1411.373169,2.6928,288.144562,1122.490112,-127.446533,302.309998,898.625,-18.509346
16.967,215.202362,1410.921509,0.753931,284.68161,1120.589355,-128.454239,302.058777,896.862183,-20.548716
16.975,215.379242,1410.42627,-1.007009,281.440369,1118.728027,-129.129837,301.859955,894.911194,-22.359795
16.983,215.49295,1409.998657,-2.605189,278.483307,1116.852905,-129.520111,301.432373,893.139648,-24.193344
16.992,215.549561,1409.536987,-4.154076,275.972504,1115.159546,-129.648956,300.855347,891.286072,-25.759335
17,215.627457,1409.152588,-5.51183,273.734406,1113.566772,-129.552216,300.462341,889.615051,-27.329943
17.008,215.662766,1408.712524,-6.872102,271.889893,1112.112427,-129.219894,299.975281,887.919678,-28.86068
17.017,215.727036,1408.386719,-8.004034,270.53775,1110.719849,-128.736725,299.81723,886.319458,-30.158718
17.025,215.695267,1408.078979,-9.119754,269.698486,1109.417725,-128.067413,299.605316,884.77655,-31.311296
17.033,215.631012,1407.788208,-10.214309,269.227814,1108.227783,-127.256203,299.307861,883.304016,-32.373653
17.042,215.530045,1407.548828,-11.170295,269.257385,1107.188354,-126.416,298.889618,881.939636,-33.639362
17.05,215.33046,1407.36438,-12.101398,269.69458,1106.387085,-125.394539,298.335175,880.661438,-34.659653
17.058,215.127335,1407.225098,-12.887126,270.47699,1105.668823,-124.255676,297.71225,879.328491,-35.666325
17.067,214.86824,1407.091797,-13.572724,271.507538,1105.112061,-123.095154,296.861389,878.270874,-36.770363
17.075,214.522995,1406.991943,-14.321573,272.857819,1104.715576,-121.85247,296.05545,877.227417,-37.767773
17.083,214.232147,1406.921753,-14.894052,274.278564,1104.484619,-120.671028,294.890747,876.377502,-38.745277
17.092,213.930939,1406.847046,-15.241492,275.69458,1104.379639,-119.540848,293.523224,875.646301,-39.238472
17.1,213.645447,1406.859863,-15.720778,277.098969,1104.312988,-118.535851,292.185577,875.075928,-39.80336
17.108,213.375732,1406.918701,-16.096413,278.16626,1104.232666,-117.705132,291.033356,874.745728,-39.954773
17.117,213.158188,1406.996094,-16.37641,278.916504,1104.135132,-117.11808,289.894287,874.469421,-39.794415
17.125,212.992966,1407.101318,-16.608553,279.182648,1104.027832,-116.743553,289.104431,874.458496,-39.588837
17.133,212.88205,1407.161499,-16.761511,279.141876,1103.897217,-116.511566,288.607635,874.477295,-39.036934
17.142,212.821793,1407.241943,-16.886322,278.802856,1103.771851,-116.365509,288.345123,874.487122,-38.265755
17.15,212.760742,1407.339355,-16.99086,278.30188,1103.640259,-116.252853,288.262482,874.4646,-37.316925
17.158,212.749222,1407.407959,-17.095718,277.561188,1103.508423,-116.236656,288.167023,874.483521,-36.26421
17.167,212.776505,1407.528687,-17.268539,276.736633,1103.353271,-116.289711,287.96579,874.471802,-35.302402
17.175,212.790497,1407.614868,-17.452179,275.952271,1103.143433,-116.263702,287.630859,874.600647,-34.404522
17.183,212.819229,1407.717773,-17.706562,275.225952,1102.934204,-116.17128,287.271362,874.678223,-33.494835
17.192,212.872482,1407.801636,-17.948677,274.533508,1102.778809,-116.153725,287.011414,874.778076,-32.644436
17.2,212.931381,1407.872314,-18.205814,273.896637,1102.626831,-116.106544,286.840668,874.854614,-31.857428
17.208,212.991898,1407.898804,-18.425827,273.423798,1102.496094,-115.971085,286.724731,874.920532,-31.028408
17.217,213.044037,1407.917236,-18.656355,273.121796,1102.361938,-115.78466,286.66275,875.003906,-30.315126
17.225,213.07663,1407.893188,-18.863392,272.959137,1102.23645,-115.578575,286.705048,875.083435,-29.562304
17.233,213.077591,1407.880615,-18.997732,272.967712,1102.13501,-115.286659,286.80072,875.14209,-29.022627
17.242,213.047028,1407.853027,-19.084604,273.118591,1102.063354,-114.972092,286.986755,875.145264,-28.40744
17.25,212.982437,1407.823608,-19.11582,273.468506,1101.971924,-114.53582,287.167603,875.110229,-27.88846
17.258,212.909225,1407.777222,-19.106096,273.928375,1101.898193,-114.019577,287.340851,875.060608,-27.445755
17.267,212.79306,1407.738037,-19.020359,274.429291,1101.843018,-113.520668,287.593628,875.030029,-27.086487
17.275,212.677612,1407.674683,-18.911072,274.943726,1101.818115,-113.040138,287.894226,874.924194,-26.611887
17.283,212.548981,1407.611572,-18.744474,275.589661,1101.819214,-112.435326,288.228699,874.871948,-26.12488
17.292,212.421417,1407.570435,-18.565865,276.12616,1101.789795,-111.851967,288.594666,874.819336,-25.627859
17.3,212.324463,1407.498535,-18.373228,276.598663,1101.762817,-111.284805,288.9552,874.767944,-25.040947
17.308,212.206894,1407.433228,-18.146936,277.049805,1101.751465,-110.733917,289.211456,874.69043,-24.475975
17.317,212.108795,1407.388794,-17.916536,277.452393,1101.670166,-110.102562,289.41687,874.600525,-23.937569
17.325,211.995117,1407.352051,-17.707609,277.72818,1101.652344,-109.556419,289.776733,874.591248,-23.541687
17.333,211.886963,1407.316772,-17.462299,277.9422,1101.609253,-109.036552,289.926666,874.547302,-22.968414
17.342,211.793625,1407.334229,-17.25563,278.101044,1101.603149,-108.495941,290.056793,874.508423,-22.354956
17.35,211.7323,1407.357422,-17.083294,278.17691,1101.614624,-108.040253,290.132721,874.552063,-21.754322
17.358,211.703873,1407.419189,-16.874266,278.214661,1101.574463,-107.59903,290.168701,874.581543,-21.131794
17.367,211.650925,1407.464233,-16.680164,278.19931,1101.528442,-107.205872,290.116089,874.598999,-20.582355
17.375,211.615997,1407.560547,-16.528843,278.157623,1101.507324,-106.792229,290.017456,874.637573,-20.018208
17.383,211.578964,1407.607666,-16.337908,278.105957,1101.497925,-106.399376,289.875671,874.732544,-19.425453
17.392,211.524307,1407.675415,-16.149548,278.062317,1101.49353,-106.046539,289.725983,874.822998,-18.933723
17.4,211.474106,1407.725098,-15.998654,278.013855,1101.52124,-105.727852,289.624237,874.89325,-18.449697
17.408,211.420914,1407.77356,-15.852358,277.989685,1101.550537,-105.374657,289.495636,875.00354,-17.981878
17.417,211.352081,1407.822266,-15.684116,278.007751,1101.608765,-105.059898,289.371704,875.040771,-17.553654
17.425,211.297668,1407.875,-15.55197,278.011536,1101.63269,-104.752167,289.265198,875.10553,-17.162575
17.433,211.237045,1407.92334,-15.399384,278.014648,1101.640259,-104.465828,289.164185,875.152161,-16.800018
17.442,211.206848,1407.990356,-15.285085,278.018005,1101.657471,-104.180367,289.102753,875.201538,-16.466202
17.45,211.160248,1408.047974,-15.160769,278.026245,1101.675903,-103.926353,289.082703,875.258423,-16.152739
17.458,211.139374,1408.096436,-15.037074,278.018066,1101.677002,-103.667862,289.097198,875.287048,-15.867718
17.467,211.101303,1408.139038,-14.913495,278.022949,1101.688599,-103.426186,289.117889,875.319153,-15.651435
17.475,211.077591,1408.19104,-14.764445,277.99826,1101.704224,-103.224945,289.163574,875.33667,-15.43834
17.483,211.062027,1408.230957,-14.620105,277.983887,1101.713745,-103.037804,289.206848,875.379272,-15.250608
17.492,211.025558,1408.268311,-14.466206,277.964569,1101.72583,-102.843216,289.209351,875.348206,-15.064154
17.5,210.979294,1408.286499,-14.311791,277.940704,1101.734375,-102.677704,289.229584,875.357971,-14.931664
17.508,210.947052,1408.299316,-14.131485,277.931671,1101.757812,-102.51815,289.221466,875.347473,-14.789646
17.517,210.912857,1408.329468,-13.948772,277.944672,1101.814819,-102.333122,289.269867,875.357971,-14.622124
17.525,210.887955,1408.375732,-13.703856,277.92865,1101.848999,-102.16188,289.262177,875.386292,-14.500559
17.533,210.840073,1408.408447,-13.450062,277.926575,1101.903076,-102.010704,289.25058,875.428284,-14.360494
17.542,210.810928,1408.449707,-13.200949,277.917084,1101.95752,-101.844841,289.22052,875.494751,-14.250064
17.55,210.757629,1408.503052,-12.923638,277.910522,1102.038452,-101.681747,289.197906,875.552429,-14.121966
17.558,210.688934,1408.568481,-12.643696,277.905792,1102.123047,-101.511093,289.167694,875.624695,-13.980925
17.567,210.626663,1408.659546,-12.40379,277.902283,1102.212036,-101.296829,289.158325,875.695374,-13.849484
17.575,210.5672,1408.729736,-12.141928,277.861328,1102.343018,-101.085907,289.162292,875.774597,-13.717811
17.583,210.500488,1408.810791,-11.843752,277.894592,1102.395264,-100.835434,289.178619,875.843567,-13.57706
17.592,210.440735,1408.890747,-11.564137,277.922302,1102.497925,-100.589951,289.188721,875.945923,-13.399485
17.6,210.397476,1408.953491,-11.236847,277.948334,1102.603394,-100.329178,289.194366,875.985779,-13.255598
17.608,210.332336,1409.047241,-10.899564,277.970764,1102.731323,-100.016716,289.218353,876.067078,-13.096294
17.617,210.279953,1409.121948,-10.58953,278.020142,1102.824219,-99.688507,289.255524,876.133423,-12.900482
17.625,210.22905,1409.204712,-10.275509,278.072815,1102.96521,-99.406082,289.288361,876.204895,-12.706285
17.633,210.180649,1409.293945,-9.914805,278.117706,1103.061646,-99.114906,289.301544,876.270752,-12.524015
17.642,210.121323,1409.366577,-9.578892,278.186401,1103.165039,-98.837334,289.313629,876.311584,-12.347112
17.65,210.05983,1409.460938,-9.286403,278.24939,1103.326172,-98.523552,289.323944,876.394165,-12.169913
17.658,209.990723,1409.545166,-8.996214,278.332886,1103.478271,-98.194839,289.334625,876.464233,-11.970708
17.667,209.899017,1409.628296,-8.717756,278.419403,1103.587524,-97.871826,289.365906,876.554626,-11.783381
17.675,209.824768,1409.711914,-8.423635,278.485962,1103.700806,-97.562981,289.412842,876.603333,-11.593455
17.683,209.742477,1409.785767,-8.128358,278.563843,1103.862549,-97.298569,289.481812,876.658264,-11.37905
17.692,209.667679,1409.865967,-7.892781,278.675812,1103.935547,-97.001221,289.581451,876.719238,-11.15688
17.7,209.621033,1409.956177,-7.636865,278.861267,1104.019653,-96.659706,289.69519,876.7995,-10.939335
17.708,209.564972,1410.011353,-7.419662,279.008972,1104.090942,-96.354996,289.804871,876.874207,-10.69686
17.717,209.508606,1410.052979,-7.213628,279.173706,1104.174194,-96.054504,289.899658,876.935608,-10.446197
17.725,209.465622,1410.095215,-7.027265,279.281097,1104.223633,-95.792595,290.059631,877.020508,-10.151221
17.733,209.41864,1410.107544,-6.847841,279.371796,1104.251953,-95.544083,290.213593,877.08374,-9.884707
17.742,209.378448,1410.13916,-6.691699,279.444885,1104.303955,-95.328766,290.378448,877.161499,-9.608449
17.75,209.37442,1410.148682,-6.51826,279.498627,1104.322754,-95.101486,290.537354,877.236023,-9.33252
17.758,209.353683,1410.169556,-6.373823,279.539124,1104.340332,-94.872467,290.658783,877.300049,-9.075002
17.767,209.349411,1410.203247,-6.246005,279.566223,1104.348633,-94.699875,290.767273,877.389465,-8.765659
17.775,209.353653,1410.22644,-6.124696,279.580597,1104.362427,-94.543228,290.846649,877.407715,-8.50888
17.783,209.283264,1410.278198,-6.265274,279.581787,1104.37854,-94.391891,290.893494,877.449585,-8.268881
17.792,209.277649,1410.295776,-6.147021,279.593811,1104.372681,-94.22477,290.928528,877.478821,-8.042674
17.8,209.290359,1410.323364,-6.011043,279.618347,1104.371582,-94.065094,290.921631,877.485107,-7.81563
17.808,209.271866,1410.343506,-5.886198,279.624634,1104.379517,-93.933029,290.910065,877.483765,-7.595447
17.817,209.262787,1410.356323,-5.757385,279.629425,1104.393921,-93.788872,290.893494,877.493408,-7.440068
17.825,209.246201,1410.361084,-5.62279,279.634888,1104.397339,-93.654816,290.840057,877.479065,-7.278069
17.833,209.216385,1410.376221,-5.467225,279.65741,1104.410645,-93.483109,290.785461,877.484863,-7.141478
17.842,209.207733,1410.384155,-5.321629,279.67395,1104.419434,-93.34185,290.731842,877.483643,-7.024198
17.85,209.192184,1410.376953,-5.119655,279.694519,1104.442993,-93.18644,290.658508,877.495911,-6.937384
