1.23,,,,,,,,,
,,,,,,,,,
Type,Bone Marker,Bone Marker,Bone Marker,Bone Marker,Bone Marker,Bone Marker,Bone Marker,Bone Marker,Bone Marker
Name,Sammy:LShoulderTop,Sammy:LShoulderTop,Sammy:LShoulderTop,Sammy:LElbowOut,Sammy:LElbowOut,Sammy:LElbowOut,Sammy:LWristOut,Sammy:LWristOut,Sammy:LWristOut
ID,10,10,10,12,12,12,15,15,15
,Position,Position,Position,Position,Position,Position,Position,Position,Position
Time (Seconds),X,Y,Z,X,Y,Z,X,Y,Z
0,185.013733,1416.175537,146.308197,279.43869,1112.411865,33.588661,282.608246,892.309631,126.855759
0.008,185.031677,1416.154297,146.355194,279.418243,1112.386841,33.602665,282.587128,892.281067,126.857285
0.017,185.060959,1416.126953,146.39621,279.40332,1112.36731,33.614826,282.571686,892.264221,126.858521
0.025,185.080566,1416.102295,146.453781,279.396912,1112.345459,33.637325,282.563782,892.231384,126.875206
0.033,185.094955,1416.08313,146.497131,279.393036,1112.324097,33.650089,282.562256,892.210693,126.898827
0.042,185.121414,1416.059937,146.531113,279.400055,1112.311768,33.667603,282.55307,892.190857,126.905205
0.05,185.148926,1416.040039,146.586456,279.389984,1112.291016,33.672272,282.546265,892.186218,126.928596
0.058,185.173752,1416.016113,146.62056,279.39093,1112.264648,33.692757,282.543304,892.15625,126.957581
0.067,185.204834,1416.003174,146.647629,279.410858,1112.241089,33.714355,282.545227,892.145813,126.982269
0.075,185.239426,1415.989868,146.681549,279.417175,1112.222534,33.738148,282.544342,892.125671,127.004982
0.083,185.276566,1415.979492,146.705048,279.427521,1112.198975,33.755264,282.556732,892.110413,127.039421
0.092,185.306229,1415.959351,146.73085,279.427643,1112.181641,33.765556,282.55722,892.109497,127.056541
0.1,185.314621,1415.939941,146.761566,279.423767,1112.16626,33.777035,282.559296,892.078247,127.058609
0.108,185.345795,1415.924438,146.788803,279.412079,1112.132935,33.787327,282.56134,892.061523,127.077713
0.117,185.333572,1415.873291,146.870117,279.406433,1112.126099,33.79253,282.544556,892.037842,127.085403
0.125,185.341263,1415.849243,146.895081,279.403351,1112.117676,33.80619,282.531189,892.026245,127.108086
0.133,185.404724,1415.821533,146.94696,279.388336,1112.093506,33.827122,282.505219,892.006775,127.113609
0.142,185.431992,1415.813232,146.976944,279.372131,1112.066406,33.830795,282.48999,891.977234,127.144608
0.15,185.455353,1415.786865,147.012955,279.357971,1112.052856,33.836723,282.460114,891.968872,127.157852
0.158,185.493652,1415.772461,147.031158,279.337158,1112.030151,33.854733,282.428314,891.963684,127.179352
0.167,185.523849,1415.771362,147.063049,279.327972,1112.011963,33.865509,282.415405,891.942505,127.210724
0.175,185.548233,1415.747192,147.098206,279.323059,1111.995239,33.889065,282.40625,891.939026,127.231506
0.183,185.572418,1415.744141,147.137497,279.315033,1111.978638,33.910824,282.38623,891.911316,127.263306
0.192,185.593216,1415.734863,147.15921,279.305084,1111.973022,33.935577,282.371826,891.886108,127.285439
0.2,185.61113,1415.720703,147.193085,279.294189,1111.959839,33.977577,282.378479,891.892822,127.318352
0.208,185.636566,1415.710815,147.222473,279.285461,1111.952148,34.018848,282.377014,891.869141,127.359238
0.217,185.664703,1415.703125,147.264984,279.288666,1111.949097,34.06897,282.398804,891.844421,127.409142
0.225,185.681091,1415.689819,147.305771,279.292206,1111.933594,34.140327,282.44397,891.818665,127.465546
0.233,185.704422,1415.671265,147.363449,279.302246,1111.939331,34.214283,282.488312,891.805603,127.534958
0.242,185.732147,1415.643555,147.40065,279.315948,1111.930054,34.292763,282.548279,891.792358,127.635971
0.25,185.749741,1415.617065,147.452499,279.320679,1111.910034,34.376499,282.605103,891.765625,127.737312
0.258,185.77507,1415.605835,147.49472,279.331207,1111.896362,34.461033,282.695892,891.767578,127.829193
0.267,185.781052,1415.579712,147.537109,279.357483,1111.894897,34.543053,282.765778,891.748291,127.940002
0.275,185.79982,1415.560425,147.578934,279.376465,1111.892578,34.641914,282.868744,891.736206,128.044083
0.283,185.804489,1415.535522,147.621277,279.404602,1111.878174,34.73835,282.965942,891.718262,128.162552
0.292,185.812454,1415.509399,147.639252,279.426849,1111.879028,34.836002,283.087219,891.713867,128.264389
0.3,185.802551,1415.471802,147.666183,279.454712,1111.873047,34.936871,283.209808,891.707886,128.388382
0.308,185.787598,1415.444458,147.686218,279.46875,1111.878784,35.030506,283.396057,891.730042,128.51973
0.317,185.775314,1415.417358,147.711151,279.495911,1111.885254,35.115891,283.613098,891.768188,128.700455
0.325,185.75618,1415.368164,147.733963,279.520233,1111.901855,35.189648,283.874359,891.828918,128.901001
0.333,185.746155,1415.350464,147.745361,279.552399,1111.912354,35.257736,284.195343,891.893433,129.168854
0.342,185.73085,1415.330444,147.764389,279.588043,1111.949951,35.299667,284.506195,891.96936,129.376221
0.35,185.72052,1415.294067,147.753906,279.642151,1111.994385,35.352062,284.784729,892.040649,129.539886
0.358,185.717484,1415.286987,147.774658,279.719421,1112.053467,35.388474,285.05188,892.118042,129.666687
0.367,185.706009,1415.259033,147.788818,279.806366,1112.11084,35.41526,285.35144,892.21228,129.776321
0.375,185.705383,1415.25415,147.781601,279.897186,1112.199097,35.420864,285.654846,892.312256,129.899078
0.383,185.69986,1415.238037,147.776566,279.97168,1112.266968,35.426056,285.927856,892.380554,130.0578
0.392,185.697952,1415.228027,147.77951,280.02475,1112.329956,35.389004,286.233887,892.457581,130.201675
0.4,185.694473,1415.208374,147.762619,280.064148,1112.411377,35.321663,286.574921,892.527344,130.42247
0.408,185.682312,1415.191528,147.748062,280.066467,1112.479614,35.233963,287.00824,892.659058,130.674225
0.417,185.67952,1415.147095,147.719391,280.066193,1112.553345,35.127277,287.381836,892.878601,130.862732
0.425,185.662735,1415.085327,147.699265,280.063568,1112.635254,35.03038,287.769531,893.123901,131.091553
0.433,185.658401,1414.978027,147.675171,280.015991,1112.706055,34.88419,288.249359,893.37439,131.313309
0.442,185.659683,1414.889893,147.622971,279.965363,1112.748169,34.747044,288.77948,893.609802,131.53212
0.45,185.6595,1414.785034,147.564072,279.899323,1112.774414,34.595726,289.4823,893.878052,131.894165
0.458,185.638916,1414.665161,147.50676,279.802002,1112.760742,34.464561,290.203583,894.151245,132.358322
0.467,185.631897,1414.552368,147.434738,279.710724,1112.76062,34.326668,290.908203,894.336975,132.758194
0.475,185.62262,1414.405518,147.330109,279.617706,1112.730469,34.193623,291.982666,894.641663,133.293549
0.483,185.618484,1414.250732,147.201721,279.569946,1112.713379,34.072681,293.02066,894.941956,133.798172
0.492,185.582123,1414.118164,147.083939,279.554688,1112.722412,33.931847,294.210083,895.42749,134.431793
0.5,185.528778,1414.038452,146.962448,279.616333,1112.787476,33.76635,295.473267,896.040588,135.213501
0.508,185.473083,1413.975464,146.863785,279.79068,1112.947998,33.489685,296.855194,896.757629,135.907562
0.517,185.415237,1413.915649,146.75943,280.147919,1113.223755,33.051197,298.329895,897.617188,136.788376
0.525,185.378342,1413.885742,146.644424,280.637787,1113.609741,32.469711,299.912842,898.855103,137.839417
0.533,185.347534,1413.845947,146.528564,281.292267,1114.071167,31.754129,301.350555,900.152771,138.887695
0.542,185.336441,1413.828491,146.439835,282.20755,1114.676636,30.750315,303.002228,901.82312,140.161194
0.55,185.318329,1413.844238,146.383331,283.252045,1115.401611,29.655825,304.528656,903.597107,141.693588
0.558,185.301743,1413.839355,146.333374,284.603729,1116.15686,28.435331,305.937622,905.639526,143.254166
0.567,185.307892,1413.864136,146.321793,286.183136,1117.033203,26.950022,307.638702,908.048584,145.202972
0.575,185.330215,1413.914917,146.306137,287.808014,1118.07605,25.349033,309.296143,910.766113,147.438507
0.583,185.359329,1413.96582,146.28688,289.668732,1119.130981,23.666197,311.179718,913.897461,149.90213
0.592,185.388947,1414.051392,146.252182,291.713409,1120.368286,21.947027,313.128357,917.192017,152.919098
0.6,185.433365,1414.151733,146.195129,293.706451,1121.550659,20.210495,315.15863,921.003723,155.622498
0.608,185.483719,1414.26416,146.095245,295.868988,1122.888184,18.496597,317.304474,925.044739,158.652405
0.617,185.527664,1414.414795,145.984329,297.978577,1124.389038,16.865444,319.315887,929.449707,161.989273
0.625,185.556458,1414.5979,145.864288,300.261169,1125.86853,15.105473,321.25885,934.046143,165.804596
0.633,185.554825,1414.832886,145.676712,302.528595,1127.42041,13.573813,323.233124,938.974243,169.552246
0.642,185.556564,1415.090332,145.51445,304.772369,1128.989746,12.095816,325.2117,944.382751,173.047058
0.65,185.555206,1415.361694,145.303406,307.064484,1130.584229,10.762371,327.321564,950.069458,177.024353
0.658,185.59465,1415.725098,145.085007,309.17926,1132.137085,9.508261,329.339783,956.128967,181.486298
0.667,185.613678,1416.025146,144.913986,311.491608,1133.718384,8.484343,331.516571,962.356262,185.971481
0.675,185.619095,1416.327271,144.731583,313.591492,1135.227661,7.615233,333.825073,969.16687,190.480576
0.683,185.588837,1416.633423,144.562637,315.869049,1136.658325,7.012931,336.243896,976.335754,195.398544
0.692,185.549896,1416.962402,144.355118,318.084961,1138.074707,6.731804,338.744263,983.884583,200.477722
0.7,185.468994,1417.271484,144.174316,320.32019,1139.508301,6.563512,341.648468,991.955688,205.8452
0.708,185.373871,1417.613647,143.926453,322.762207,1140.831543,6.773176,344.556519,1000.545593,211.68074
0.717,185.234909,1418.008057,143.588806,325.175934,1142.221069,7.446802,347.882446,1009.827759,217.67099
0.725,185.048996,1418.530396,143.190002,327.884064,1143.570557,8.272985,350.804199,1019.502869,223.964813
0.733,184.764862,1419.025024,142.834076,330.768585,1145.006836,9.535873,354.101746,1029.93103,230.38475
0.742,184.429581,1419.53833,142.439865,333.85907,1146.335815,11.288619,357.094452,1040.690063,236.974045
0.75,184.013138,1420.073364,141.926086,336.962769,1147.891846,13.253129,360.257324,1051.958496,243.599213
0.758,183.553329,1420.70813,141.374741,340.243317,1149.50769,15.771694,363.238403,1063.919922,250.386322
0.767,183.075409,1421.475708,140.675949,343.669617,1151.148193,18.706329,366.357971,1076.119629,257.044647
0.775,182.718964,1422.360474,139.937698,347.265045,1152.89502,22.080736,369.624298,1088.817017,263.804291
0.783,182.221588,1423.223755,139.179565,350.954132,1154.805054,25.798203,372.530243,1101.773804,270.308044
0.792,181.513519,1424.217407,138.349411,354.935333,1157.021362,30.040653,375.683777,1115.074707,276.828552
0.8,180.920715,1425.395996,137.354874,358.775482,1159.380615,34.527382,378.834778,1128.787354,283.19632
0.808,180.280167,1426.497192,136.35939,362.836243,1162.128662,39.411808,382.036499,1142.738403,289.57724
0.817,179.477966,1427.715332,135.347794,367.113953,1165.087402,44.914444,385.052246,1156.905029,295.734985
0.825,178.567764,1429.005371,134.215347,371.621246,1168.477905,50.691597,388.119904,1171.297974,301.784607
0.833,177.752197,1430.154419,133.099777,376.001556,1172.153809,56.726162,391.238953,1185.732178,307.523285
0.842,176.878662,1431.493774,131.931168,380.634491,1176.373657,63.063591,394.36438,1200.500366,313.078522
0.85,175.889816,1432.859497,130.712387,385.354797,1181.174194,69.578056,397.291748,1215.240234,318.620514
0.858,174.914398,1434.199463,129.374771,390.185028,1186.231689,76.39856,400.333801,1230.220459,323.827148
0.867,173.830978,1435.634644,128.14122,394.66571,1192.085205,83.280289,403.153748,1245.287354,328.921509
0.875,172.698303,1437.033081,126.831993,399.198639,1198.28479,90.459167,405.889374,1260.296997,333.89975
0.883,171.606064,1438.644653,125.4683,403.387695,1204.921021,97.74926,408.414948,1275.137817,338.588501
0.892,170.337189,1440.062866,124.20105,407.527222,1212.14978,104.843864,410.915863,1290.165405,343.170807
0.9,169.215271,1441.695435,122.830444,411.512909,1219.740234,111.727066,413.349426,1304.965698,347.662567
0.908,167.815277,1443.13855,121.574173,414.924591,1227.704346,118.708054,415.398499,1319.397339,351.991608
0.917,166.565094,1444.726196,120.245041,418.067352,1236.008301,125.171646,417.289093,1333.93689,356.183807
0.925,165.049057,1446.144287,118.969917,420.867889,1244.675049,131.732742,419.033173,1348.140137,360.255554
0.933,163.655548,1447.706787,117.70623,423.250244,1253.551025,138.261734,420.635925,1362.065674,364.49295
0.942,162.033554,1449.164795,116.484497,425.250549,1262.808228,144.195862,422.128723,1376.066284,368.272644
0.95,160.467529,1450.666016,115.30645,426.826599,1272.17627,150.143234,423.468872,1389.986694,372.110107
0.958,158.719147,1452.103638,114.068527,427.829926,1281.931519,156.56694,424.503204,1403.646973,375.839142
0.967,156.891739,1453.603882,113.061462,428.442505,1291.773438,162.163132,425.312683,1417.151489,379.387421
0.975,154.950912,1455.050049,111.815269,428.780334,1301.712036,167.467468,425.797546,1430.45874,382.802917
0.983,152.892044,1456.442627,110.817406,428.706451,1311.698242,172.436844,426.059296,1443.533081,386.103333
0.992,150.630203,1457.766113,109.778725,428.183899,1321.600952,177.145401,426.113678,1456.207642,389.361603
1,148.44751,1459.072876,108.698441,427.349274,1331.546509,181.729965,425.994965,1468.6073,392.581635
1.008,146.15979,1460.2323,107.714806,426.133514,1341.467529,185.986298,425.673309,1480.713745,395.617889
1.017,143.800873,1461.443604,106.85968,424.585144,1351.25769,190.077744,424.964844,1492.638184,398.374786
1.025,141.371246,1462.415894,106.057983,422.655701,1360.961914,193.885376,424.121948,1504.428101,400.967407
1.033,138.937027,1463.287231,105.19062,420.578644,1370.575806,197.419312,423.09613,1516.060303,403.2612
1.042,136.457047,1464.260376,104.337097,418.201538,1380.042969,200.897156,421.835724,1527.49353,405.290192
1.05,133.907227,1464.976318,103.612801,415.408386,1389.421265,203.948944,420.251556,1538.709473,407.217499
1.058,131.430954,1465.681641,102.963654,412.541534,1398.538574,206.814697,418.542664,1549.751465,408.743774
1.067,129.00325,1466.273804,102.299713,409.420044,1407.467285,209.441071,416.531525,1560.335083,410.258911
1.075,126.56675,1466.828857,101.651588,406.047455,1416.212524,211.878418,414.359955,1570.509399,411.556702
1.083,124.14698,1467.369141,101.032288,402.559021,1424.616333,214.100418,412.029846,1580.342529,412.911346
1.092,121.810089,1467.845703,100.529007,398.77536,1432.747559,216.232132,409.590546,1589.734009,414.107086
1.1,119.635101,1468.295166,99.887115,394.920685,1440.524536,218.232132,406.945007,1598.723755,415.195282
1.108,117.481186,1468.716553,99.251724,390.855835,1447.963501,220.170364,404.045502,1607.46582,416.18576
1.117,115.335625,1469.117432,98.661316,386.701355,1455.122314,221.955582,401.140076,1616.014404,416.958527
1.125,113.507599,1469.499146,98.063278,382.429962,1461.96814,223.673935,398.07666,1624.180176,417.499573
1.133,111.553337,1469.796753,97.474113,378.167297,1468.493408,225.244995,394.865784,1632.12915,417.929169
1.142,109.761192,1470.188965,96.819771,373.731873,1474.604248,226.893967,391.407349,1639.932739,418.107788
1.15,107.970612,1470.506714,96.182411,369.337372,1480.407593,228.337982,387.913574,1647.331787,418.148773
1.158,106.47937,1470.866089,95.555649,364.834167,1485.828979,229.677933,384.147919,1654.563477,418.062592
1.167,104.832123,1471.192017,94.832672,360.346802,1491.039673,230.982742,380.269623,1661.452271,417.838623
1.175,103.57193,1471.469116,94.268372,356.697754,1495.844849,232.210602,376.239594,1667.953247,417.672638
1.183,102.043274,1471.727905,93.530937,351.999329,1500.472168,233.440948,371.993683,1674.028931,417.490356
1.192,100.852951,1471.938232,92.911659,347.468628,1504.845825,234.546555,367.738159,1679.795166,417.352142
1.2,99.587364,1472.216553,92.133957,342.575928,1508.934937,235.78154,363.46402,1685.201538,417.193939
1.208,98.323463,1472.382446,91.40538,337.968933,1512.91626,236.939865,359.370941,1690.171387,417.216095
1.217,97.305008,1472.549561,90.738808,333.391174,1516.559204,238.076492,355.128021,1694.907349,417.22287
1.225,96.082489,1472.64978,89.910011,328.98233,1519.994141,239.19458,350.566589,1699.147705,417.326019
1.233,95.030312,1472.785645,89.355347,324.458801,1523.296021,240.122009,346.06015,1703.183228,417.372559
1.242,93.981247,1472.876953,88.489716,320.190155,1526.329102,241.15097,341.406891,1707.10022,417.443634
1.25,93.102921,1473.057251,87.868637,316.100037,1529.180054,242.130371,336.903931,1710.610962,417.504761
1.258,92.180298,1473.239014,87.240067,311.935425,1531.745972,243.104599,332.205261,1714.05896,417.595612
1.267,91.296089,1473.419922,86.555519,307.920746,1534.181519,244.020599,327.961304,1717.298218,417.864349
1.275,90.495209,1473.669067,85.936172,304.051544,1536.5177,244.932266,323.226929,1720.412109,417.932159
1.283,89.699669,1473.866821,85.365067,300.316376,1538.702271,245.79332,318.04541,1723.3479,418.041473
1.292,88.879288,1474.02478,84.702705,296.740265,1540.820435,246.597519,313.046387,1726.108765,418.169769
1.3,88.092026,1474.255615,84.197868,293.146851,1542.829834,247.424133,307.997162,1728.748901,418.232452
1.308,87.376534,1474.463013,83.704124,289.78775,1544.673462,248.162613,303.006195,1731.274536,418.340271
1.317,86.671005,1474.646973,83.122322,286.510162,1546.516113,248.794373,298.080688,1733.617432,418.394104
1.325,86.127075,1474.893066,82.722244,283.39151,1548.164307,249.405823,293.076508,1735.884033,418.382324
1.333,85.544174,1475.072266,82.309532,280.389893,1549.720337,249.956406,287.74118,1737.883057,418.258698
1.342,84.847824,1475.137451,81.869545,277.564545,1551.154785,250.473343,282.64563,1739.763306,418.26358
1.35,84.280846,1475.193604,81.316467,274.717621,1552.515503,250.871353,278.030243,1741.666504,418.389435
1.358,83.648048,1475.388916,80.963974,272.040649,1553.867188,251.300003,273.29953,1743.167725,418.46814
1.367,83.199402,1475.384644,80.657898,269.417297,1555.138184,251.735306,268.987183,1744.652344,418.750916
1.375,82.586449,1475.484497,80.203758,266.885498,1556.300293,252.09317,264.801025,1746.072266,418.951874
1.383,81.948593,1475.538208,79.802902,264.418884,1557.393677,252.503006,260.805176,1747.290161,419.090912
1.392,81.327011,1475.593994,79.445961,262.06662,1558.400757,252.796234,257.016144,1748.458862,419.2258
1.4,80.974907,1475.592773,79.047836,259.978119,1559.517822,253.227921,253.42041,1749.637817,419.299164
1.408,80.510941,1475.776001,78.59211,257.897156,1560.367798,253.632523,250.016663,1750.726807,419.318726
1.417,81.055748,1474.982178,79.327148,255.825424,1561.336304,253.954803,246.788147,1751.874756,419.209503
1.425,80.73912,1475.130127,78.75618,253.975632,1562.298828,254.218155,243.924164,1752.959351,419.108124
1.433,80.426132,1475.258301,78.533203,252.257736,1563.021484,254.613464,241.190933,1754.049561,418.962677
1.442,80.121208,1475.390625,78.378731,250.568634,1563.873901,254.771317,238.697479,1755.05835,418.820709
1.45,79.825882,1475.52478,78.257027,248.994507,1564.669067,255.094971,236.305099,1756.009399,418.735504
1.458,79.645042,1475.662354,78.083336,247.684586,1565.35498,255.20993,234.27597,1756.909546,418.601715
1.467,79.443901,1475.812988,78.010323,246.517639,1566.091431,255.449234,232.421616,1757.697266,418.545654
1.475,79.28846,1475.956055,77.932152,245.387878,1566.760132,255.587692,230.610931,1758.591309,418.411163
1.483,79.130867,1476.101562,77.833633,244.510925,1567.318481,255.920822,229.081207,1759.254517,418.339081
1.492,79.035889,1476.214233,77.776207,243.728088,1567.944214,256.024841,227.690125,1759.80603,418.352142
1.5,78.976151,1476.311768,77.767334,243.127853,1568.373779,256.109436,226.397705,1760.261475,418.471619
1.508,78.959297,1476.397583,77.814529,242.713516,1568.755005,256.265045,225.242004,1760.796997,418.515564
1.517,78.976036,1476.494629,77.93605,242.387344,1568.986694,256.267395,224.310272,1761.070312,418.697937
1.525,79.058739,1476.50708,77.968384,242.157684,1569.175781,256.436035,223.291534,1761.201416,418.951294
1.533,79.136215,1476.515625,77.95462,241.975647,1569.247192,256.495209,222.390778,1761.251465,419.184509
1.542,79.244507,1476.504028,77.969879,241.837433,1569.289429,256.531769,221.647614,1761.227173,419.518097
1.55,79.330704,1476.489746,77.983978,241.707733,1569.283569,256.673431,220.987488,1761.029785,419.989899
1.558,79.368828,1476.469604,78.039375,241.584091,1569.197021,256.806122,220.484863,1760.818115,420.377441
1.567,79.393234,1476.440918,78.072166,241.453064,1569.11377,256.94165,220.050812,1760.655762,420.80423
1.575,79.399788,1476.433838,78.117958,241.258224,1569.00293,257.354828,219.62355,1760.505859,421.219666
1.583,79.385902,1476.420166,78.170273,241.00676,1568.90332,257.434692,219.3526,1760.342651,421.575867
1.592,79.340439,1476.420776,78.313492,240.8237,1568.834961,257.763306,219.150162,1760.156616,421.971222
1.6,79.301003,1476.431519,78.412323,240.618591,1568.817627,257.815826,218.978638,1759.982178,422.372955
1.608,79.25676,1476.452271,78.515991,240.431717,1568.731445,258.093781,218.85025,1759.826782,422.718689
1.617,79.217216,1476.48584,78.628403,240.240356,1568.734009,258.226715,218.806107,1759.66333,423.154144
1.625,79.175819,1476.52832,78.780594,240.048889,1568.740356,258.393555,218.814133,1759.511475,423.595123
1.633,79.132637,1476.549438,78.9627,239.935608,1568.689697,258.832947,218.833755,1759.353882,424.012115
1.642,79.121933,1476.566528,79.107338,239.833923,1568.671143,258.860107,218.813721,1759.243042,424.476349
1.65,79.111015,1476.575806,79.320496,239.782928,1568.633545,258.930023,218.747498,1759.130493,424.904999
1.658,79.135078,1476.580933,79.543434,239.741959,1568.57666,259.247955,218.638718,1759.009521,425.263397
1.667,79.178787,1476.575073,79.767693,239.695724,1568.540771,259.460785,218.493149,1758.938965,425.664307
1.675,79.251404,1476.5802,79.938744,239.679276,1568.484375,259.726501,218.331985,1758.933472,425.964508
1.683,79.28006,1476.592163,80.102013,239.693008,1568.481201,259.93457,218.069809,1758.945801,426.272644
1.692,79.042274,1477.208374,78.997017,239.649323,1568.525513,260.351837,217.810913,1758.952637,426.476837
1.7,78.73597,1477.860352,78.697075,239.621246,1568.602539,260.442322,217.573303,1759.015625,426.648621
1.708,78.903374,1477.616577,78.935532,239.580078,1568.693848,260.644409,217.416031,1759.165161,426.789764
1.717,79.35228,1476.652222,80.677925,239.522766,1568.84314,260.707214,217.307129,1759.317139,426.87384
1.725,79.427872,1476.700684,80.656746,239.476624,1569.02002,260.835297,217.214386,1759.495239,426.983521
1.733,79.385506,1476.712646,80.826904,239.408157,1569.192749,260.97229,217.064896,1759.744873,427.017548
1.742,79.378624,1476.753662,80.944435,239.316238,1569.425415,260.81311,217.000153,1760.001099,427.012634
1.75,79.364914,1476.800781,81.034744,239.257187,1569.628174,261.057831,216.978806,1760.300659,426.963013
1.758,79.334099,1476.838013,81.207031,239.265762,1569.825684,261.133698,216.993011,1760.669678,426.955475
1.767,79.331711,1476.878052,81.344025,239.256546,1570.040161,261.127808,217.08728,1760.951904,426.900574
1.775,79.342628,1476.942871,81.461784,239.307587,1570.155151,261.193512,217.183517,1761.200562,426.856628
1.783,79.363121,1477.005981,81.613686,239.395279,1570.249756,261.262848,217.320541,1761.390015,426.807526
1.792,79.423515,1477.119507,81.657669,239.534286,1570.31189,261.342499,217.567642,1761.537109,426.742401
1.8,79.412727,1477.182617,81.836639,239.693161,1570.360352,261.419586,217.840454,1761.675293,426.689301
1.808,79.394165,1477.276855,81.960945,239.871552,1570.401611,261.404724,218.265289,1761.774536,426.620361
1.817,79.344658,1477.374146,82.017426,240.10289,1570.457153,261.3255,218.689667,1761.871338,426.602264
1.825,79.289574,1477.460205,82.102737,240.339172,1570.542114,261.22406,219.140198,1761.921265,426.571838
1.833,79.214966,1477.561035,82.131409,240.671738,1570.599731,261.061737,219.600281,1761.970459,426.529358
1.842,79.102318,1477.721558,82.150528,241.052856,1570.737061,260.811279,220.075012,1762.039429,426.513519
1.85,78.982613,1477.883789,82.205154,241.482651,1570.86792,260.512268,220.730438,1762.065308,426.483795
1.858,78.837906,1478.044434,82.49939,242.02919,1570.957764,260.16925,221.610504,1762.010498,426.400787
1.867,78.728325,1478.197632,82.59742,242.526779,1571.111084,259.926483,222.451859,1762.105225,426.252411
1.875,78.640587,1478.315674,82.759247,243.104355,1571.318115,259.422546,223.251114,1762.188599,426.120361
1.883,78.565369,1478.414795,82.880577,243.769684,1571.51416,259.124329,224.421875,1762.207031,425.863708
1.892,78.519737,1478.507446,83.009758,244.502045,1571.635864,258.86261,225.555084,1762.325806,425.560394
1.9,78.47538,1478.602783,83.203156,245.394135,1571.835571,258.343384,226.834656,1762.396973,425.219482
1.908,78.501671,1478.682739,83.333321,246.300934,1571.90271,257.854187,228.22673,1762.412109,424.864075
1.917,78.531998,1478.745605,83.529716,247.073822,1571.930664,257.184357,229.653702,1762.526123,424.365051
1.925,78.592064,1478.785278,83.761902,248.346375,1571.927002,256.582855,231.211334,1762.490723,423.865326
1.933,78.733261,1478.815674,84.142067,249.675293,1571.872681,255.96666,232.676392,1762.734131,423.11145
1.942,78.896172,1478.831177,84.434624,251.168137,1571.733765,255.288391,234.347183,1762.855225,422.423035
1.95,79.139618,1478.853882,84.716644,252.85051,1571.67981,254.393936,236.183304,1762.985474,421.48941
1.958,78.961327,1478.733276,85.944054,254.65184,1571.604858,253.356842,238.071167,1763.104614,420.575928
1.967,79.177856,1478.730713,86.148064,256.360809,1571.559814,252.365616,240.108261,1763.379028,419.462799
1.975,79.441483,1478.714966,86.281281,258.119904,1571.540405,251.274384,242.472336,1763.568115,418.328766
1.983,79.798622,1478.690918,86.306953,259.820892,1571.615845,250.114441,244.942657,1763.959717,417.015259
1.992,80.19751,1478.696289,86.273827,261.726074,1571.800903,248.776566,247.578598,1764.46814,415.519623
2,80.489449,1478.65979,86.671997,263.624359,1571.961304,247.443954,250.398483,1764.928955,414.034302
2.008,80.800301,1478.625,87.107231,265.736359,1572.102539,246.118408,252.94516,1765.245972,412.2995
2.017,81.150757,1478.562744,87.482307,268.13324,1572.251221,244.611145,255.649063,1765.82312,410.540588
2.025,81.548508,1478.546997,87.992851,270.8862,1572.413818,243.086121,258.445984,1766.373779,408.666077
2.033,82.019218,1478.513672,88.683914,273.89566,1572.438354,241.430771,261.031006,1766.997803,406.649078
2.042,82.547653,1478.45752,89.510727,277.169128,1572.538696,239.619324,263.470734,1767.534424,404.498413
2.05,83.136665,1478.341919,90.065178,280.69873,1572.532104,237.666779,265.668396,1768.190796,402.03009
2.058,83.878204,1478.248779,90.882568,284.260132,1572.522705,235.608673,267.897827,1768.794312,399.498749
2.067,84.65242,1478.126831,91.778763,288.041168,1572.425659,233.407425,270.14035,1769.279541,396.751648
2.075,85.331757,1477.909546,92.339325,291.73642,1572.187256,230.994217,272.374115,1769.410522,394.173035
2.083,86.103409,1477.764526,93.188622,295.678375,1571.975464,228.552414,274.560638,1769.426514,391.461517
2.092,87.030876,1477.633057,93.814346,299.627472,1571.454712,225.970825,276.790588,1769.232666,388.677063
2.1,87.832054,1477.440796,94.52581,303.887604,1570.829956,223.350403,279.636719,1768.879028,386.28479
2.108,88.639389,1477.277832,95.391792,308.184448,1570.046387,220.603104,282.21582,1768.148804,383.598663
2.117,89.411385,1477.163086,95.928665,312.702179,1569.045288,217.879929,284.45343,1767.230103,380.658417
2.125,90.254364,1477.059326,96.864349,317.167786,1567.924561,215.05452,286.861298,1766.169922,377.750427
2.133,91.153221,1476.90271,97.626488,321.458466,1566.631592,212.211243,289.281158,1764.908691,374.58606
2.142,92.19677,1476.734497,98.396439,325.664215,1565.210083,209.224594,291.814514,1763.424805,371.673981
2.15,93.05175,1476.521729,99.04187,329.546661,1563.615601,206.457748,294.571655,1761.600952,368.743683
2.158,94.060478,1476.291626,99.902679,333.608002,1561.94751,203.514145,297.363434,1759.595581,365.644897
2.167,95.107697,1476.068481,100.723129,337.553528,1560.043701,200.789108,300.498962,1757.560791,362.775574
2.175,95.894218,1476.503784,101.068756,341.708923,1557.9021,197.952118,303.727417,1755.006592,359.958832
2.183,96.342918,1477.248779,101.557442,346.003052,1555.536255,195.076996,306.983124,1752.235962,357.138916
2.192,97.448074,1476.610596,102.126549,349.990997,1552.797119,192.481171,310.286377,1749.448853,354.31424
2.2,98.416206,1476.466553,102.81366,354.080353,1549.963745,189.597336,313.806244,1746.399048,351.427826
2.208,99.423286,1475.943848,103.391502,357.884094,1546.983276,186.954956,317.548248,1743.364746,348.845032
2.217,100.411896,1475.513184,104.088997,361.580719,1543.936768,184.351517,321.271454,1740.266724,346.179138
2.225,101.536346,1475.059937,104.773697,365.283203,1540.766602,181.665237,325.038086,1736.907227,343.535309
2.233,102.474426,1474.631348,105.332291,368.870209,1537.483398,179.107986,328.768127,1733.590332,340.971344
2.242,103.323341,1474.326172,105.850334,372.476105,1534.05542,176.456253,332.807159,1729.997437,338.219788
2.25,104.275925,1474.092773,106.431351,376.093964,1530.438965,173.807205,336.475037,1726.32019,335.573761
2.258,105.200256,1473.951782,106.958618,379.681183,1526.693359,171.264709,340.126251,1722.342041,332.715088
2.267,106.15683,1473.971313,107.660912,383.283081,1522.856201,168.646271,343.672241,1718.428345,330.033661
2.275,107.124512,1473.779297,108.31105,386.708588,1518.911987,166.09375,347.256287,1714.56311,327.477417
2.283,108.230309,1473.669189,108.942696,389.851318,1514.956421,163.54332,350.646454,1710.388062,324.805847
2.292,109.12925,1473.500854,109.419174,392.928833,1510.981689,160.983231,354.056488,1706.22644,322.291901
2.3,110.094841,1473.285767,110.010033,395.94458,1506.926636,158.602264,357.083191,1702.033447,319.751617
2.308,111.163208,1472.993408,110.571777,398.724304,1502.785156,156.295929,360.242401,1697.801514,317.170471
2.317,112.299683,1472.681274,111.180183,400.578094,1498.571533,154.505096,363.050293,1693.483521,314.076843
2.325,113.458549,1472.246216,111.746994,403.345093,1494.259277,152.104294,365.529846,1689.180176,311.12149
2.333,114.612549,1471.889282,112.528633,405.978516,1489.902954,149.573929,368.091827,1684.650635,308.217133
2.342,115.706573,1471.515747,113.041946,408.582397,1485.431763,146.989822,370.497437,1680.130981,305.353485
2.35,116.77002,1471.100464,113.803909,411.066254,1480.968262,144.401306,372.569153,1675.400146,302.422241
2.358,117.771271,1470.637207,114.415436,413.379517,1476.501465,141.793472,374.501953,1670.917969,299.524109
2.367,118.892555,1470.171875,115.100372,415.492584,1472.076294,139.166046,376.715057,1666.303589,296.642487
2.375,119.990784,1469.736816,115.831978,417.618256,1467.637939,136.477585,378.39798,1661.696777,293.388947
2.383,121.155495,1469.206543,116.450218,419.590332,1463.11853,133.768753,380.185059,1657.097778,290.263885
2.392,122.360771,1468.702881,117.191093,421.414673,1458.578613,131.009155,382.243561,1652.602905,287.332642
2.4,123.488174,1468.22876,117.970734,423.250397,1454.104492,128.305466,383.80188,1647.93103,283.968872
2.408,124.546913,1467.717651,118.64959,425.039062,1449.5271,125.460686,385.484161,1643.319336,280.713623
2.417,125.73008,1467.24292,119.459892,426.659973,1444.888306,122.630783,387.392883,1638.636597,277.632294
2.425,126.661865,1466.814697,120.174164,428.165924,1440.292358,119.653404,388.833038,1633.80127,274.034485
2.433,127.782242,1466.433228,120.873138,429.478668,1435.616089,116.65094,390.349945,1628.938477,271.157349
2.442,128.797592,1466.064941,121.593491,430.831421,1430.89624,113.279373,392.061737,1624.03418,268.089966
2.45,129.801071,1465.657349,122.160713,431.973724,1426.158203,110.251297,393.452148,1619.127319,264.75412
2.458,131.004013,1465.223999,122.792839,432.957123,1421.424561,107.280121,394.953705,1614.19043,261.623657
2.467,132.051315,1464.85437,123.25856,433.854736,1416.58252,104.259209,396.413666,1609.369019,258.488373
2.475,133.144531,1464.472656,123.834213,434.661957,1411.791016,101.213318,397.554962,1604.427368,255.285049
2.483,134.241898,1464.047729,124.196877,435.29068,1407.06604,98.1968,399.03894,1599.569458,252.329681
2.492,135.266037,1463.656128,124.740974,435.786926,1402.224243,95.223457,400.144287,1594.677124,249.161987
2.5,136.242096,1463.276245,125.069412,436.274536,1397.389893,92.242355,401.474182,1589.712646,246.174088
2.508,137.38063,1462.855835,125.68058,436.480225,1392.563232,89.196045,402.697723,1584.893677,243.108475
2.517,138.318878,1462.365845,126.102715,436.702484,1387.729492,86.203247,403.68985,1579.812012,240.095551
2.525,139.150314,1461.812988,126.674324,436.758698,1382.956909,83.214104,404.838959,1575.025513,237.223633
2.533,140.243469,1461.369385,127.148987,436.71347,1378.144897,80.257698,405.880615,1570.280029,234.315979
2.542,141.098831,1460.931152,127.606842,436.5896,1373.317017,77.342949,406.590637,1565.434814,231.157608
2.55,141.944153,1460.517212,128.076355,436.331146,1368.590698,74.388474,407.212402,1560.792725,227.967361
2.558,142.878571,1460.13855,128.638428,435.991089,1363.838013,71.515472,407.708191,1556.118652,224.765854
2.567,143.900757,1459.818237,129.013306,435.473236,1359.240356,68.607155,407.902588,1551.617188,221.463211
2.575,144.747757,1459.317261,129.622391,434.862152,1354.618408,65.825844,408.299713,1547.134033,218.337814
2.583,145.655762,1458.822632,130.048798,434.153076,1350.108643,63.111141,408.55484,1542.849854,215.350418
2.592,146.74881,1458.523193,130.663254,433.40271,1345.848877,60.448284,408.996063,1538.571045,212.619507
2.6,147.462311,1457.953857,130.97319,432.563141,1341.621826,57.914646,409.481537,1534.465088,209.817551
2.608,148.175598,1457.529297,131.42247,431.752411,1337.429077,55.400787,409.894257,1530.532471,207.12233
2.617,148.939331,1457.213867,131.900665,430.811401,1333.338501,52.961193,410.125519,1526.674805,204.311798
2.625,149.741913,1456.905029,132.162781,429.899445,1329.317871,50.580521,410.352966,1522.94165,201.297897
2.633,150.528259,1456.62439,132.604446,428.970612,1325.324829,48.275654,410.460754,1519.345337,198.248001
2.642,151.301483,1456.347168,133.03743,427.858978,1321.374878,45.950493,410.621277,1515.813354,195.367691
2.65,152.037415,1456.069946,133.424545,426.692047,1317.472412,43.702614,410.860077,1512.168945,192.653091
2.658,152.807281,1455.799316,133.891998,425.459686,1313.598633,41.504463,411.03006,1508.672485,189.924179
2.667,153.661682,1455.538208,134.180847,424.122498,1309.868164,39.369869,411.178406,1505.214233,187.342911
2.675,154.405029,1455.288208,134.589951,422.74707,1306.187866,37.282188,411.34848,1501.820557,184.839981
2.683,155.024979,1455.004883,134.882233,421.28714,1302.544067,35.29784,411.522552,1498.563721,182.25145
2.692,155.729507,1454.765503,135.127121,419.760895,1298.893555,33.367653,411.788635,1495.321289,179.728516
2.7,156.489853,1454.535767,135.399002,418.295074,1295.349365,31.4716,412.075043,1492.045532,177.445709
2.708,157.159729,1454.270874,135.644669,416.695526,1291.835571,29.616283,412.205261,1488.7771,175.11615
2.717,157.842087,1453.962158,135.848709,415.104553,1288.386719,27.868622,412.240234,1485.600586,172.886887
2.725,158.529739,1453.686768,136.098206,413.339844,1285.020142,26.049471,412.217957,1482.480103,170.667862
2.733,159.220062,1453.406494,136.185287,411.706757,1281.742065,24.300694,412.133484,1479.424194,168.437866
2.742,159.849426,1453.123291,136.280197,409.992584,1278.620972,22.520191,411.917786,1476.498657,166.315872
2.75,160.399841,1452.845093,136.436737,408.221191,1275.668823,20.780792,411.660309,1473.606323,164.328537
2.758,160.974289,1452.539551,136.56311,406.471893,1272.824219,19.02137,411.315125,1470.79834,162.297714
2.767,161.528397,1452.28833,136.645935,404.757294,1269.98938,17.278479,410.889221,1468.035278,160.438812
2.775,162.07489,1452.01001,136.628494,402.920349,1267.395386,15.501412,410.461243,1465.317505,158.497345
2.783,162.513077,1451.749146,136.656158,401.121307,1264.877686,13.749518,409.952209,1462.764648,156.593796
2.792,162.953171,1451.552979,136.733658,399.269135,1262.472778,11.966941,409.491486,1460.362183,154.70192
2.8,163.413666,1451.354858,136.896194,397.467133,1260.254761,10.23185,408.980133,1458.016846,152.845627
2.808,163.827927,1451.204224,137.079147,395.667877,1258.083984,8.461032,408.577911,1455.776855,150.981186
2.817,164.14534,1451.061279,137.143463,393.821625,1256.059326,6.693589,408.115326,1453.721436,149.051987
2.825,164.414337,1450.954346,137.217712,391.94455,1254.189575,4.970154,407.691162,1451.731445,147.125595
2.833,164.693115,1450.883789,137.277863,390.243805,1252.39502,3.168126,407.251099,1449.882568,145.185791
2.842,165.016602,1450.785522,137.32341,388.361969,1250.695435,1.498191,406.746918,1448.13562,143.340576
2.85,165.265305,1450.697021,137.364395,386.552795,1249.133545,-0.199065,406.271973,1446.440674,141.398193
2.858,165.460464,1450.588135,137.386673,384.740845,1247.61792,-1.920327,405.670441,1444.903687,139.528198
2.867,165.647339,1450.494507,137.411392,382.976257,1246.272339,-3.577727,405.088226,1443.44043,137.812683
2.875,165.79837,1450.424438,137.416229,381.171112,1245.000854,-5.181245,404.615479,1441.984009,136.101685
2.883,165.938599,1450.383789,137.450729,379.466858,1243.844971,-6.843225,404.09845,1440.668579,134.506729
2.892,166.095978,1450.312622,137.487961,377.79892,1242.753662,-8.435493,403.557465,1439.302002,132.846313
2.9,166.189468,1450.273438,137.526276,376.343536,1241.569946,-10.050584,403.144775,1438.080933,131.418549
2.908,166.286972,1450.223267,137.578613,374.683197,1240.622925,-11.621655,402.678772,1436.90686,129.864777
2.917,166.370392,1450.144287,137.655319,373.017975,1239.727539,-13.107672,402.254089,1435.770752,128.327682
2.925,166.452179,1450.077026,137.662949,371.516449,1238.909424,-14.520464,401.833527,1434.743164,127.029373
2.933,166.552444,1450.023315,137.653946,369.896515,1238.241455,-15.848443,401.465637,1433.696533,125.660721
2.942,166.644745,1449.950195,137.665848,368.513763,1237.505005,-17.089672,401.055542,1432.766113,124.423615
2.95,166.695908,1449.899048,137.648926,367.273315,1236.956177,-18.263966,400.74646,1432.010376,123.28344
2.958,166.737732,1449.869995,137.650482,366.095856,1236.326172,-19.261251,400.516144,1431.253906,122.275978
2.967,166.763824,1449.867188,137.652588,365.010529,1236.012085,-20.256968,400.3237,1430.708496,121.066383
2.975,166.793106,1449.880615,137.675232,364.007721,1235.680298,-21.047272,400.159424,1430.189575,120.186188
2.983,166.810196,1449.904785,137.686188,363.209503,1235.433838,-21.75267,400.086426,1429.826782,119.452431
2.992,166.796967,1449.948975,137.68634,362.525574,1235.160278,-22.372356,400.039978,1429.572021,118.741394
3,166.786942,1450.011353,137.698517,361.862915,1235.168213,-22.953375,400.072174,1429.435547,118.161812
3.008,166.753448,1450.096802,137.710861,361.478912,1235.099609,-23.380192,400.109039,1429.41748,117.615677
3.017,166.702789,1450.217285,137.707932,361.247162,1235.130127,-23.736027,400.226288,1429.465698,117.238914
3.025,166.617065,1450.328857,137.693741,361.041412,1235.416016,-23.992817,400.385559,1429.588989,116.997124
3.033,166.521637,1450.421997,137.693359,361.057648,1235.607788,-24.104334,400.600281,1429.781494,116.91925
3.042,166.440308,1450.525391,137.671936,361.157379,1235.811523,-24.18573,400.860779,1430.037598,116.937859
3.05,166.376892,1450.658813,137.645981,361.406494,1236.171997,-24.183939,401.143036,1430.350708,117.071632
3.058,166.311584,1450.798096,137.628006,361.775452,1236.771606,-24.049387,401.508575,1430.799561,117.330681
3.067,166.256653,1450.940308,137.641556,362.271729,1237.301758,-23.778336,401.858215,1431.199585,117.755722
3.075,166.205017,1451.08728,137.64032,362.891144,1237.809326,-23.580347,402.249115,1431.661133,118.284668
3.083,166.161697,1451.253906,137.656555,363.445404,1238.586426,-23.277834,402.651794,1432.200684,119.075935
3.092,166.109482,1451.412842,137.67189,364.146271,1239.262329,-22.727131,403.106628,1432.815186,119.77021
3.1,166.077789,1451.5896,137.684113,365.013519,1240.049194,-22.231871,403.540375,1433.487793,120.470749
3.108,166.000641,1451.738037,137.71814,365.931641,1240.893921,-21.693277,404.094177,1434.210815,121.371109
3.117,165.907852,1451.861084,137.732681,367.055145,1241.748413,-20.924208,404.605164,1435.035156,122.335251
3.125,165.789459,1451.989502,137.756256,368.266113,1242.673218,-20.079176,405.135651,1435.927979,123.48764
3.133,165.703766,1452.086914,137.745285,369.679565,1243.732178,-19.217794,405.675507,1436.879028,124.816643
3.142,165.61409,1452.18042,137.734909,371.179749,1244.963867,-18.082024,406.268372,1437.923584,126.19828
3.15,165.542435,1452.284546,137.715942,372.759521,1246.157837,-16.92943,406.949554,1439.084595,127.778961
3.158,165.428085,1452.423828,137.70575,374.52948,1247.351318,-15.795471,407.573486,1440.345825,129.344742
3.167,165.34024,1452.582031,137.697098,376.340088,1248.64563,-14.407304,408.400848,1441.687744,131.080719
3.175,165.243851,1452.816406,137.683823,378.241547,1250.14502,-12.981467,409.107849,1443.203247,132.769196
3.183,165.122147,1453.03064,137.697662,380.106964,1251.799683,-11.502194,409.895721,1444.812622,134.539612
3.192,164.987305,1453.290894,137.767426,382.118286,1253.381348,-9.912179,410.668518,1446.590698,136.307938
3.2,164.839676,1453.606567,137.754517,384.285217,1255.215942,-8.205953,411.647705,1448.510742,138.209473
3.208,164.676758,1453.918579,137.691238,386.358948,1257.246216,-6.234755,412.607758,1450.538086,140.2173
3.217,164.498962,1454.200684,137.609924,388.684662,1259.335205,-4.248707,413.588501,1452.770142,142.427902
3.225,164.286209,1454.516113,137.526367,390.846313,1261.546387,-2.188667,414.692383,1455.128296,144.781021
3.233,164.044937,1454.880615,137.431625,393.44632,1263.980957,0.042406,415.79306,1457.610596,147.249023
3.242,163.744034,1455.260742,137.339111,396.036163,1266.577271,2.470442,416.942688,1460.334717,149.738953
3.25,163.377625,1455.699951,137.191269,398.765869,1269.232178,4.871526,418.148834,1463.211548,152.350098
3.258,163.076004,1456.086304,136.982346,401.467804,1272.166992,7.397031,419.211456,1466.214355,155.045471
3.267,162.611557,1456.415771,136.761429,404.251587,1275.135254,9.997536,420.304901,1469.365967,157.958801
3.275,162.276505,1456.834473,136.572906,407.130219,1278.340454,12.643734,421.393341,1472.627197,160.790207
3.283,161.964096,1457.254395,136.354736,409.875305,1281.721802,15.383351,422.436829,1476.018799,163.767853
3.292,161.586685,1457.671021,136.0504,412.628479,1285.177979,18.309425,423.442963,1479.530884,166.965927
3.3,161.152588,1458.140015,135.7883,415.388672,1288.785522,21.257008,424.443848,1483.111816,170.284073
3.308,160.669571,1458.470215,135.463821,418.160828,1292.516724,24.41958,425.478241,1486.740967,173.782196
3.317,160.127518,1458.870605,135.11702,420.901611,1296.450439,27.612219,426.559418,1490.444946,177.511337
3.325,159.652756,1459.344116,134.592712,423.595978,1300.440552,30.987083,427.628418,1494.348633,181.420334
3.333,159.156357,1459.670166,134.118988,426.249786,1304.555786,34.439255,428.566315,1498.265991,185.249084
3.342,158.687561,1460.105225,133.598663,428.830383,1308.798096,37.850582,429.337646,1502.393066,189.131546
3.35,158.222992,1460.459106,133.251801,431.31781,1313.117798,41.326672,430.033539,1506.578003,192.897461
3.358,157.660645,1460.833252,132.741486,433.602081,1317.565796,44.816154,430.576416,1510.752686,196.668167
3.367,156.998703,1461.187256,132.311523,435.836731,1321.983521,48.292988,431.051208,1515.011353,200.494781
3.375,156.416595,1461.518921,132.059952,437.797394,1326.443604,51.760029,431.660034,1519.245117,204.402328
3.383,155.806305,1461.843262,131.689499,439.666504,1330.896973,55.264378,432.137909,1523.410645,208.232819
3.392,155.036179,1462.182983,131.316772,441.2612,1335.382568,58.724689,432.63504,1527.485718,212.379517
3.4,154.305771,1462.529175,130.990311,442.748138,1339.856445,62.157959,433.038605,1531.471191,216.400009
3.408,153.495544,1462.893799,130.645447,444.089569,1344.210693,65.594215,433.412018,1535.44043,220.423355
3.417,152.811218,1463.278687,130.271225,445.204132,1348.538696,69.026535,433.618958,1539.484741,224.26387
3.425,152.031509,1463.709595,129.851257,446.120911,1352.806885,72.380058,433.710693,1543.511719,227.869522
3.433,151.305618,1464.105225,129.571747,446.93219,1356.97937,75.767471,433.690491,1547.656982,231.488388
3.442,150.438644,1464.442383,129.209442,447.622498,1361.058716,79.117531,433.511688,1551.830811,234.853607
3.45,149.729996,1464.789062,128.79155,448.132568,1365.141602,82.443726,433.253967,1555.940674,238.247269
3.458,148.979187,1465.134399,128.446899,448.590668,1369.201538,85.757088,432.868622,1560.020386,241.740219
3.467,148.210876,1465.417847,128.073242,448.872528,1373.160767,89.064827,432.462067,1564.060791,245.064606
3.475,147.41188,1465.736938,127.626297,449.054657,1377.179443,92.321312,432.18985,1568.019531,248.444199
3.483,146.666138,1466.072021,127.312096,449.151978,1381.094849,95.581421,431.718109,1572.037109,251.762573
3.492,145.860046,1466.380981,126.785561,449.097198,1384.920532,98.787506,431.324371,1575.930908,255.165512
3.5,144.961411,1466.728516,126.363579,449.013,1388.74585,102.021347,430.823914,1579.747681,258.367401
3.508,144.123398,1467.137329,126.018867,448.704529,1392.471802,105.181854,430.288269,1583.630127,261.559998
3.517,143.19397,1467.55188,125.441643,448.456573,1396.142334,108.387627,429.618805,1587.504883,264.54007
3.525,142.383987,1467.978516,125.06321,448.043976,1399.672607,111.593063,428.900085,1591.419922,267.580811
3.533,141.439438,1468.355469,124.609589,447.521454,1403.334229,114.781128,428.239716,1595.241211,270.571869
3.542,140.562912,1468.677124,124.162697,446.889069,1406.846313,117.926735,427.458771,1598.89624,273.804138
3.55,139.706192,1469.012817,123.668686,446.235901,1410.340088,121.096817,426.703583,1602.555664,276.958252
3.558,138.823395,1469.311646,123.224098,445.35553,1413.817627,124.245964,425.88681,1606.141602,280.238983
3.567,137.854584,1469.607788,122.868141,444.451538,1417.347534,127.34407,425.092072,1609.64917,283.457947
3.575,136.974701,1469.947998,122.368759,443.415955,1420.828491,130.480774,424.221222,1613.253662,286.563629
3.583,136.066177,1470.115723,121.94976,442.327515,1424.265503,133.769241,423.377533,1616.897461,289.665314
3.592,135.166122,1470.373047,121.572563,441.117371,1427.712036,136.746292,422.314972,1620.677124,292.52301
3.6,134.211212,1470.654541,121.194443,439.944611,1431.180786,139.630341,421.28302,1624.35376,295.411804
3.608,133.278625,1470.837158,120.802856,438.727081,1434.601562,142.449097,420.138489,1627.967041,298.252289
3.617,132.42836,1471.101685,120.433525,437.318237,1438.056396,145.200943,418.764252,1631.564819,300.921661
3.625,131.44986,1471.285156,120.117447,435.904388,1441.564697,147.898376,417.632263,1635.143799,303.83136
3.633,130.579605,1471.449463,119.808609,434.450104,1444.954102,150.433975,416.355133,1638.701782,306.58963
3.642,129.776337,1471.632568,119.410889,432.873108,1448.45166,152.965439,414.989807,1642.359863,308.49292
3.65,128.919281,1471.763062,119.060493,431.292175,1451.981323,155.368912,413.563995,1645.994629,311.341522
3.658,128.00647,1471.91272,118.786362,429.549011,1455.367554,157.750473,412.280304,1649.498413,313.859985
3.667,127.174736,1472.049316,118.469582,427.817993,1458.802002,160.125168,410.914337,1653.058472,316.279449
3.675,126.328064,1472.159546,118.088478,426.178894,1462.167114,162.381927,409.485535,1656.715332,318.459869
3.683,125.537109,1472.302979,117.825294,424.297882,1465.445435,164.645691,408.059967,1660.275269,320.5672
3.692,124.594208,1472.44812,117.571465,422.378265,1468.721313,166.8591,406.668549,1663.705933,322.832031
3.7,123.821144,1472.598145,117.172531,420.547882,1471.926636,169.017868,405.17392,1667.140137,324.990631
3.708,123.082329,1472.757568,116.940285,418.558289,1475.122314,171.098831,403.835144,1670.411621,327.070526
3.717,122.343224,1472.915771,116.74218,417.42691,1478.14209,172.660629,402.416382,1673.676025,329.119446
3.725,121.407303,1473.086914,116.358711,415.884827,1481.065308,174.406311,401.205048,1676.864014,331.172302
3.733,120.614883,1473.302368,116.055267,413.531036,1484.220093,176.385025,399.794159,1680.100464,333.190857
3.742,119.977051,1473.461426,115.812798,411.458374,1487.242554,178.296692,398.456848,1683.339966,335.050629
3.75,119.245293,1473.651489,115.583435,409.231598,1490.076416,180.238754,397.08728,1686.465332,336.815826
3.758,118.255066,1473.835571,115.132118,406.99231,1492.890503,182.365921,395.7211,1689.443481,338.699921
3.767,117.53759,1474.03833,114.91803,404.73999,1495.507202,184.175522,394.309509,1692.401978,340.381531
3.775,116.888008,1474.245728,114.686569,402.441101,1498.029785,186.21608,392.900452,1695.372192,341.994232
3.783,116.114571,1474.459106,114.294945,400.021057,1500.625366,188.157196,391.433899,1698.192871,343.65271
3.792,115.328804,1474.665894,113.967163,397.75177,1503.220215,189.995956,390.014313,1701.009033,345.352722
3.8,114.576469,1474.893311,113.660667,395.278564,1505.751343,191.702179,388.71701,1703.867065,346.948761
3.808,113.888451,1475.093506,113.256607,392.968018,1508.261719,193.484467,387.392731,1706.650146,348.56662
3.817,113.177673,1475.314453,112.914619,390.481537,1510.768066,195.168121,385.885284,1709.409424,350.236572
3.825,112.354568,1475.496582,112.634018,388.012268,1513.269531,196.872452,384.511719,1712.019165,351.858948
3.833,111.534111,1475.681274,112.243736,385.615601,1515.773438,198.459137,382.935669,1714.593994,353.499481
3.842,110.807999,1475.893066,111.915146,383.23822,1518.177734,199.975479,381.341919,1716.989136,355.126617
3.85,110.115425,1476.070801,111.698631,380.945038,1520.549683,201.562073,379.709259,1719.414917,356.690796
3.858,109.386162,1476.248779,111.354431,378.549316,1522.752808,203.08609,377.885864,1721.848755,358.24353
3.867,108.61216,1476.404297,111.05024,376.172424,1524.982788,204.612823,376.003296,1724.089722,359.7388
3.875,107.965981,1476.552979,110.842323,373.734467,1527.054688,206.195648,374.13327,1726.376099,361.168884
3.883,107.372147,1476.665039,110.670753,371.296021,1529.089355,207.601852,372.110413,1728.495483,362.627014
3.892,106.643097,1476.796753,110.395119,368.885132,1531.177734,209.159927,369.935974,1730.621948,364.045135
3.9,105.983322,1476.892822,110.164848,366.385284,1533.230957,210.511017,367.825562,1732.723389,365.428345
3.908,105.278076,1477.040649,109.896355,363.778168,1535.264771,211.887512,365.820953,1734.946533,366.72879
3.917,104.6408,1477.171265,109.64753,361.278961,1537.284302,213.329025,363.794556,1736.973999,368.162292
3.925,103.950523,1477.280396,109.313965,358.682343,1539.289062,214.664688,361.608368,1738.786621,369.571777
3.933,103.302917,1477.409668,108.962852,356.063507,1541.202637,216.006775,359.380371,1740.694946,370.979034
3.942,102.701973,1477.576416,108.690086,353.612366,1542.992554,217.31897,357.116425,1742.517578,372.31308
3.95,101.991211,1477.7146,108.412766,351.037842,1544.687134,218.670731,354.896698,1744.109863,373.697052
3.958,101.354218,1477.876343,108.071266,349.596344,1546.291626,219.702698,352.710449,1745.828125,374.950287
3.967,100.727036,1478.027588,107.753632,346.800293,1547.905396,221.228043,350.418976,1747.546753,376.252625
3.975,100.148285,1478.200928,107.507294,344.72998,1549.505615,222.386673,348.179718,1749.133179,377.631348
3.983,99.511116,1478.354248,107.149742,341.740662,1550.896973,223.823288,345.816406,1750.764404,378.846008
3.992,98.934731,1478.536133,106.81279,339.360657,1552.275146,225.035858,343.439758,1752.349243,379.979919
4,98.305252,1478.694946,106.540314,336.651031,1553.800293,226.420898,340.902588,1753.87085,381.063782
4.008,97.731674,1478.931519,106.385902,333.998413,1555.247559,227.636017,338.328369,1755.508545,382.118195
4.017,97.286057,1479.011475,105.973076,331.271973,1556.647095,228.868362,335.675415,1757.067627,383.139221
4.025,96.623413,1479.368286,105.586922,328.672363,1558.111938,230.120438,332.833496,1758.569702,384.093597
4.033,95.98333,1479.535278,105.27755,325.951691,1559.632324,231.232635,330.016632,1759.907715,385.052856
4.042,95.335625,1479.81665,105.017502,323.305267,1560.999756,232.394501,327.476685,1761.175781,386.144196
4.05,94.690582,1480.011597,104.808006,320.652618,1562.358276,233.498169,325.061188,1762.649292,387.121887
4.058,94.275208,1478.796631,104.801926,318.142242,1563.768799,234.603577,322.550751,1763.896118,388.178375
4.067,93.680222,1478.865723,104.700317,315.572632,1564.974731,235.633545,319.8909,1765.2771,389.184845
4.075,93.1483,1478.928589,104.605766,313.008087,1566.24353,236.72963,317.25058,1766.389771,390.266266
4.083,92.621368,1478.992798,104.39846,310.505188,1567.501831,237.834442,314.536011,1767.69165,391.197418
4.092,92.038719,1479.077637,104.124168,307.862152,1568.615479,238.885483,311.862976,1768.755981,392.158813
4.1,91.440369,1479.078247,103.686195,305.270996,1569.816528,239.896851,309.182831,1769.975586,393.037109
4.108,91.008759,1479.140259,103.51413,302.771423,1570.890747,240.951813,306.506744,1770.988403,393.93338
4.117,90.613602,1479.25061,103.157524,300.283234,1572.005981,241.978653,303.882965,1772.086914,394.774963
4.125,90.14959,1479.332397,102.920937,297.748901,1572.985962,243.008835,301.278046,1773.005249,395.686554
4.133,89.657364,1479.390869,102.528641,295.245605,1573.927246,243.968857,298.702759,1773.920654,396.552002
4.142,89.203903,1479.462524,102.313461,292.829803,1574.783203,245.011185,296.159424,1774.76062,397.393829
4.15,88.718262,1479.53833,102.133675,290.36264,1575.51416,246.064178,293.657654,1775.420776,398.248444
4.158,88.256165,1479.609009,101.859375,288.013275,1576.198853,247.106232,291.175659,1776.012939,399.159698
4.167,87.81575,1479.669067,101.64315,285.683411,1576.799194,248.124359,288.619507,1776.557983,400.023224
4.175,87.430862,1479.747314,101.348022,283.401489,1577.350586,249.073868,286.273132,1777.124634,400.835297
4.183,87.086197,1479.817993,101.019211,281.306,1577.786133,250.184921,283.847076,1777.565552,401.718231
4.192,86.77047,1479.903687,100.819588,279.271362,1578.275879,251.137939,281.331757,1778.033936,402.57312
4.2,86.497589,1480.012329,100.654152,277.286682,1578.710938,252.102249,278.760742,1778.62207,403.314514
4.208,86.214737,1480.08728,100.5327,275.422363,1579.098999,252.970123,276.187897,1779.021729,404.081879
4.217,85.940735,1480.120361,100.379402,273.651611,1579.488159,253.872299,273.63562,1779.375122,404.852234
4.225,85.63076,1480.155273,100.211166,271.961517,1579.820312,254.883316,271.139282,1779.675903,405.611969
4.233,85.41227,1480.154541,100.046425,270.304504,1580.166626,255.692627,268.716461,1779.879517,406.381592
4.242,85.190132,1480.145996,99.833328,268.688599,1580.463013,256.403748,266.322479,1780.090698,407.113739
4.25,84.98317,1480.134644,99.675102,267.175842,1580.754517,257.104706,264.115021,1780.416504,407.695587
4.258,84.767181,1480.14209,99.504692,265.707184,1581.093872,257.412964,261.90155,1780.571411,408.398254
4.267,84.578476,1480.115234,99.437073,264.302826,1581.411133,257.894012,259.708557,1780.693115,409.023407
4.275,84.404907,1480.095093,99.429756,263.055084,1581.682617,258.511932,257.626495,1780.696777,409.667511
4.283,84.230736,1480.093994,99.431519,261.761658,1581.897217,258.822296,255.75,1780.827148,410.173004
4.292,84.086952,1480.096802,99.413643,260.634491,1582.101318,259.135162,253.916031,1780.797363,410.820038
4.3,83.942474,1480.117065,99.427925,259.618011,1582.312988,259.660828,252.200958,1780.806885,411.335632
4.308,83.821564,1480.156982,99.40461,258.596069,1582.438965,259.94577,250.638214,1780.830688,411.739868
4.317,83.702324,1480.216431,99.417503,257.683289,1582.491577,260.188568,249.154907,1780.835571,412.257538
4.325,83.581665,1480.288452,99.408607,256.726074,1582.638672,260.432526,247.853577,1780.840698,412.640442
4.333,83.462364,1480.335571,99.445488,255.994385,1582.674805,261.039795,246.626389,1780.773193,413.172821
4.342,83.36705,1480.423706,99.481926,255.272568,1582.641479,261.417023,245.551712,1780.702393,413.598724
4.35,83.551895,1480.599365,98.719467,254.627411,1582.670654,261.657501,244.669128,1780.483032,414.07251
4.358,83.490814,1480.671509,98.730949,253.994675,1582.591797,262.032104,243.867172,1780.29248,414.482117
4.367,83.465485,1480.782593,98.708405,253.565933,1582.481812,262.32605,243.189743,1780.104248,414.916351
4.375,83.440018,1480.905518,98.639778,253.222229,1582.303833,262.720093,242.638962,1779.885132,415.280029
4.383,83.395882,1481.018433,98.66436,252.949478,1582.090576,262.990265,242.084961,1779.713745,415.718231
4.392,83.371201,1481.126343,98.697052,252.735199,1581.901611,263.211212,241.741272,1779.439209,416.214355
4.4,83.281776,1481.245483,98.725204,252.60144,1581.740601,263.497711,241.537064,1779.121094,416.709412
4.408,83.281776,1481.394409,98.724312,252.572861,1581.605347,263.844971,241.343826,1778.863525,417.119659
4.417,83.277458,1481.513916,98.782806,252.586456,1581.493652,264.09967,241.17923,1778.586182,417.57486
4.425,83.281677,1481.62085,98.85302,252.625763,1581.396606,264.298004,241.150024,1778.304321,417.918182
4.433,83.29789,1481.694824,98.921028,252.715973,1581.308716,264.490875,241.119812,1778.093994,418.28598
4.442,83.306213,1481.741577,99.143379,252.78685,1581.1604,264.715515,241.121964,1777.867554,418.6008
4.45,83.30545,1481.750732,99.255562,252.863586,1581.015625,264.873383,241.176514,1777.643921,418.837341
4.458,83.322067,1481.75,99.338699,252.949539,1580.808838,265.048157,241.360764,1777.39209,419.070465
4.467,83.343277,1481.74353,99.420708,253.023087,1580.644897,265.206818,241.696442,1777.08606,419.29599
4.475,83.390915,1481.746704,99.465858,253.164139,1580.423828,265.30896,242.063797,1776.771118,419.468536
4.483,83.471527,1481.739624,99.493942,253.371811,1580.167114,265.387421,242.469711,1776.276123,419.747559
4.492,83.577759,1481.720215,99.55056,253.634659,1579.905151,265.462097,242.916046,1775.965942,419.777527
4.5,83.677368,1481.714478,99.558685,253.916443,1579.580811,265.523224,243.431534,1775.768921,419.791077
4.508,83.795242,1481.724731,99.518402,254.209106,1579.337036,265.49823,243.9254,1775.602539,419.790009
4.517,83.90609,1481.735229,99.529831,254.484329,1579.163818,265.541931,244.535477,1775.460205,419.670166
4.525,84.006393,1481.745972,99.527306,254.761215,1579.012573,265.418884,245.118546,1775.293335,419.708038
4.533,84.051064,1481.728638,99.658493,255.110031,1578.895874,265.318024,245.698502,1775.195923,419.655243
4.542,84.12513,1481.719116,99.70385,255.374283,1578.870239,265.194427,246.336777,1775.125366,419.548157
4.55,83.784981,1481.538208,100.691505,255.668579,1578.848389,265.072662,246.87709,1775.087402,419.428925
4.558,83.820084,1481.5448,100.790932,255.915222,1578.869263,264.921539,247.584991,1775.129639,419.199463
4.567,83.83329,1481.545532,100.920685,256.144257,1578.931152,264.83551,248.282196,1775.118164,419.120209
4.575,83.848381,1481.553345,101.036819,256.447754,1579.002441,264.642334,248.940826,1775.173218,418.898926
4.583,83.894234,1481.549561,101.12603,256.708771,1579.041504,264.488281,249.510315,1775.297729,418.644592
4.592,83.904778,1481.543945,101.245087,257.01297,1579.087891,264.354492,250.200928,1775.480469,418.274719
4.6,83.943634,1481.52832,101.33564,257.275452,1579.133179,264.15271,250.822998,1775.539551,418.096649
4.608,83.977646,1481.510254,101.452972,257.552246,1579.219238,263.986023,251.40152,1775.687622,417.776978
4.617,84.029915,1481.490479,101.55014,257.879303,1579.227783,263.756531,251.960342,1775.887329,417.432281
4.625,84.081039,1481.43689,101.662849,258.132294,1579.312012,263.545532,252.549088,1776.071899,417.061371
4.633,84.145042,1481.388428,101.760719,258.426086,1579.333374,263.336914,253.153595,1776.325928,416.57373
4.642,84.197319,1481.347168,101.882126,258.709503,1579.388184,263.128662,253.784393,1776.522339,416.24176
4.65,84.291733,1481.294434,101.94516,258.898285,1579.473755,262.84317,254.420547,1776.675659,415.904114
4.658,84.361145,1481.255859,102.002655,259.297546,1579.530884,262.591248,255.256088,1776.851929,415.434875
4.667,84.434067,1481.212036,102.074173,259.805573,1579.548584,262.333679,255.887924,1777.133179,415.028595
4.675,84.512451,1481.16333,102.151917,260.215363,1579.661743,262.023651,256.618591,1777.337158,414.556335
4.683,84.56443,1481.109985,102.255394,260.653107,1579.724609,261.699127,257.494141,1777.470337,414.072449
4.692,84.63604,1481.075928,102.402489,261.135925,1579.790405,261.401489,258.439026,1777.75708,413.439941
4.7,84.70723,1481.025024,102.438461,261.607941,1579.864258,261.05542,259.423065,1777.986084,412.986725
4.708,84.754623,1480.954834,102.492889,262.158356,1579.969116,260.623199,260.673798,1778.106689,412.439331
4.717,84.807838,1480.885864,102.576904,262.778351,1580.00354,260.082458,261.807648,1778.236694,411.888489
4.725,84.849022,1480.816406,102.667465,263.473816,1580.04248,259.691498,263.207428,1778.352539,411.253021
4.733,84.892036,1480.732788,102.798256,264.197723,1580.103394,259.268005,264.631531,1778.597534,410.57959
4.742,84.926994,1480.660156,102.932236,265.012207,1580.126343,258.791229,266.26239,1778.729736,409.838928
4.75,84.946274,1480.572266,103.139648,265.962677,1580.107178,258.366028,267.975769,1778.982422,409.027313
4.758,84.986099,1480.463745,103.377007,266.858215,1580.077759,257.835907,269.697937,1779.085083,408.228394
4.767,85.01722,1480.354736,103.642509,267.763977,1580.074951,257.498962,271.632202,1779.371826,407.301361
4.775,85.031929,1480.207153,104.021935,268.870209,1580.126221,256.857758,273.686768,1779.622559,406.235016
4.783,85.093285,1480.092651,104.296791,270.028839,1580.088989,256.436157,275.87384,1779.844482,405.183685
4.792,85.196808,1479.988525,104.68441,271.195038,1580.193481,255.55896,278.15744,1780.156006,404.023804
4.8,85.325874,1479.872681,105.128883,272.549286,1580.089844,254.916199,280.548187,1780.345215,402.829468
4.808,85.448624,1479.769287,105.506393,273.941376,1580.075562,253.798157,282.984772,1780.530029,401.61911
4.817,85.576416,1479.661499,105.891068,275.475098,1579.974243,252.951385,285.557007,1780.815674,400.235962
4.825,85.743484,1479.584717,106.406258,277.16687,1579.857666,252.005188,288.229858,1780.986816,398.929291
4.833,85.894821,1479.470825,106.656807,278.985352,1579.681885,251.029251,290.927368,1781.168457,397.541656
4.842,86.052979,1479.418823,107.051094,281.007294,1579.48291,249.963928,293.652924,1781.308716,396.130829
4.85,86.261909,1479.37915,107.447327,283.290863,1579.180054,248.847107,296.408203,1781.369995,394.696411
4.858,86.606926,1479.303223,107.987671,285.772003,1578.799316,247.615356,299.224976,1781.380859,393.315155
4.867,86.965088,1479.184204,108.461411,288.165283,1578.400757,246.341248,302.192932,1781.293945,391.862885
4.875,87.424553,1479.054443,108.843384,290.546539,1578.112549,245.039398,305.309967,1781.14209,390.321716
4.883,87.734856,1478.898926,109.11454,292.727478,1577.776123,243.562973,308.598907,1780.980103,388.687164
4.892,88.01413,1478.775269,109.357483,294.999756,1577.394287,242.009247,312.021637,1780.647461,387.14093
4.9,88.328621,1478.625732,109.672653,297.36499,1577.067505,240.434021,315.476624,1780.176147,385.581787
4.908,88.739899,1478.475586,110.085953,299.751099,1576.482666,238.936005,319.279419,1779.550293,384.021271
4.917,89.128784,1478.325928,110.493004,302.286133,1575.858765,237.438736,322.823425,1778.905396,382.549683
4.925,89.516563,1478.194092,110.715126,304.861694,1575.169312,235.788193,326.48526,1778.044312,381.12323
4.933,89.873459,1478.102539,110.866028,307.682983,1574.380859,234.005493,330.294037,1777.125977,379.690796
4.942,90.332222,1478.012817,111.187256,310.520142,1573.401611,232.32756,333.922363,1776.049316,378.378479
4.95,90.874619,1478.002808,111.784073,313.522156,1572.450684,230.403488,337.517761,1774.856323,376.96701
4.958,91.427925,1477.988281,112.270203,316.688904,1571.429199,228.375473,341.052063,1773.704102,375.508972
4.967,92.142273,1477.767944,112.165092,319.953339,1570.324951,226.33252,344.499664,1772.502686,373.930634
4.975,92.849541,1477.627197,112.845833,323.240173,1569.153442,224.176758,347.730927,1771.321411,372.237488
4.983,93.59819,1477.49585,113.244881,326.411957,1567.846802,221.851669,351.122284,1769.98999,370.48291
4.992,94.347145,1477.330566,113.492317,329.570587,1566.607788,219.567825,354.449097,1768.647217,368.622467
5,95.20591,1477.101318,114.00798,332.531433,1565.217896,217.349243,357.725922,1767.265259,366.671173
5.008,96.375557,1477.229126,114.546547,335.935455,1563.767944,214.981918,360.914032,1765.682251,364.714691
5.017,97.137733,1477.01123,115.006111,339.335083,1562.195312,212.582413,364.402557,1764.162964,362.626404
5.025,97.963493,1476.890625,115.529007,342.531952,1560.480347,210.156296,367.753143,1762.234985,360.759552
5.033,98.44632,1478.007324,115.513206,345.868866,1558.592773,207.921509,371.104919,1760.208252,358.827637
5.042,99.415924,1477.611572,115.872513,349.276245,1556.621338,205.610565,374.556793,1758.121338,356.797455
5.05,100.172623,1477.60791,116.237648,352.697632,1554.618652,203.34613,377.994446,1756.03186,354.693695
5.058,101.083115,1477.196533,116.649094,355.906525,1552.445679,201.078537,381.481323,1753.945312,352.513855
5.067,101.923767,1476.925415,116.987404,359.022278,1550.197021,198.883698,384.91153,1751.751465,350.310181
5.075,102.836632,1476.623535,117.313576,362.274536,1547.854004,196.68309,388.435028,1749.491943,347.959625
5.083,103.639435,1476.346313,117.646957,365.493805,1545.381592,194.408005,391.793579,1747.166626,345.551819
5.092,104.406708,1476.115356,117.937454,368.66452,1542.808594,192.149155,395.113007,1744.743774,343.06366
5.1,105.310135,1475.960693,118.317924,371.71048,1540.131714,189.749619,398.580688,1742.195557,340.541718
5.108,106.203232,1475.885742,118.752869,374.849548,1537.394531,187.397186,401.790833,1739.662109,338.070221
5.117,106.959854,1475.752319,118.959854,378.005005,1534.534058,184.924805,404.700684,1736.807007,335.462524
5.125,107.780617,1475.637695,119.183006,380.923584,1531.557373,182.414139,407.694305,1733.947754,332.935883
5.133,108.69883,1475.500122,119.507744,383.896698,1528.479614,179.827545,410.680786,1731.003906,330.426819
5.142,109.564743,1475.294189,119.721237,387.007233,1525.366455,177.231659,413.557861,1727.834229,327.732391
5.15,110.486588,1475.12793,119.981331,390.085052,1522.151489,174.481567,416.107788,1724.761719,325.099731
5.158,111.684662,1475.119751,120.308434,392.970673,1518.771362,171.797745,418.457733,1721.503906,322.300659
5.167,112.676567,1474.894897,120.660492,395.902008,1515.37793,169.091858,420.546051,1718.082764,319.505066
5.175,113.651085,1474.669189,121.09388,398.817078,1511.837769,166.246277,422.597351,1714.536255,316.565491
5.183,114.637543,1474.414185,121.440475,401.63855,1508.264648,163.436172,424.582123,1710.926147,313.662781
5.192,115.539978,1474.263428,121.952553,404.373077,1504.696167,160.532272,426.229156,1707.322388,310.722992
5.2,116.400932,1474.10376,122.358871,407.064575,1501.078125,157.686554,428.117828,1703.642578,307.689728
5.208,117.370979,1473.900024,122.698097,409.633698,1497.401855,154.829025,430.082092,1699.768433,304.811401
5.217,118.276955,1473.682739,123.224312,412.27887,1493.678589,151.802032,431.908478,1695.945801,301.776794
5.225,119.233025,1473.447388,123.57885,414.727448,1489.909912,148.859222,433.323425,1692.054321,298.712952
5.233,120.254692,1473.19873,124.049202,417.185425,1486.021362,145.826721,434.738007,1687.995972,295.577667
5.242,121.239624,1472.954468,124.518166,419.516815,1482.123291,142.709167,436.296295,1683.92334,292.366211
5.25,122.129654,1472.644775,124.971901,421.682129,1478.112671,139.644699,437.386871,1679.807495,289.167145
5.258,123.162796,1472.345703,125.493568,423.836884,1474.068359,136.530548,438.601074,1675.449829,285.863068
5.267,124.171768,1472.036133,125.919044,425.845398,1469.909302,133.392853,439.575409,1671.172974,282.530945
5.275,125.097115,1471.760498,126.466911,427.757935,1465.686768,130.308624,440.584869,1666.944214,279.304657
5.283,126.168701,1471.435059,126.741501,429.45816,1461.401489,127.247871,441.623352,1662.506714,275.936005
5.292,127.208534,1471.177124,127.066643,431.053253,1457.146362,124.192337,442.224792,1658.274292,272.578186
5.3,128.32962,1470.895752,127.289742,432.623444,1452.942261,121.227737,442.782593,1653.894165,269.338196
5.308,129.290207,1470.601196,127.43428,434.059021,1448.682495,118.167061,443.308136,1649.519775,266.346832
5.317,130.384766,1470.310425,127.561409,435.453064,1444.529907,115.168945,443.701813,1645.242798,263.214569
5.325,131.277588,1470.095459,127.73867,436.574554,1440.204224,112.309402,444.138641,1640.835083,260.07724
5.333,132.286865,1469.768677,127.92614,437.723419,1435.852661,109.420631,444.541107,1636.384644,256.862122
5.342,133.32634,1469.432861,128.162308,438.674377,1431.40271,106.424782,444.775665,1631.871216,253.867325
5.35,134.22937,1469.064209,128.330673,439.589386,1426.899414,103.696236,445.081207,1627.356445,250.886261
5.358,135.126831,1468.70166,128.532333,440.299957,1422.430054,101.029213,445.525208,1622.95105,247.826935
5.367,136.234695,1468.271118,128.815903,441.05722,1417.931274,98.454323,445.785248,1618.445679,244.978348
5.375,137.107422,1467.930908,128.96756,441.625397,1413.497559,95.917854,446.000458,1614.108887,241.975357
5.383,137.965118,1467.60022,129.020737,442.22287,1409.003784,93.464058,446.230957,1609.704468,238.98761
5.392,138.985733,1467.337891,129.298843,442.684692,1404.471191,91.046494,446.447083,1605.312866,235.916885
5.4,139.990036,1467.01062,129.496887,443.077637,1399.915771,88.667046,446.40094,1601.053955,232.894272
5.408,140.866425,1466.680176,129.659698,443.369324,1395.337891,86.371162,446.189178,1596.651855,229.896484
5.417,141.995209,1466.287842,129.88179,443.645752,1390.787354,84.124771,446.020996,1592.263794,226.999344
5.425,143.039734,1465.858276,130.086121,443.800415,1386.259277,81.924355,445.800873,1587.970581,224.157959
5.433,144.064362,1465.418457,130.285873,443.856628,1381.766113,79.708656,445.555481,1583.495117,221.475906
5.442,145.121002,1464.914185,130.386826,443.843231,1377.298462,77.546242,445.260162,1579.102051,218.928482
5.45,146.089752,1464.403931,130.509628,443.78598,1372.810913,75.417953,444.985809,1574.701904,216.454468
5.458,147.052094,1463.886719,130.75235,443.646332,1368.516968,73.29586,444.673279,1570.231934,214.110809
5.467,148.092209,1463.406738,130.765701,443.433716,1364.118408,71.136276,444.238251,1565.787842,211.902481
5.475,149.133575,1462.828003,130.801117,443.161499,1359.824829,69.102821,443.898376,1561.386353,209.643982
5.483,150.118301,1462.365112,130.937027,442.81073,1355.500366,67.010071,443.524719,1556.98877,207.389252
5.492,151.182877,1461.766602,131.059479,442.461853,1351.212158,64.898109,443.026001,1552.600708,205.274612
5.5,152.176956,1461.161621,131.151413,442.088562,1347.029663,62.826672,442.481873,1548.316528,203.075623
5.508,153.198471,1460.516602,131.202515,441.599823,1342.892334,60.741951,441.915009,1543.899292,201.031693
5.517,154.140106,1459.917236,131.243683,441.101807,1338.755615,58.626331,441.276459,1539.532227,198.928268
5.525,155.122482,1459.29895,131.448273,440.579498,1334.644531,56.534142,440.66861,1535.229126,196.85878
5.533,156.093582,1458.677612,131.534103,439.876282,1330.620728,54.433811,439.950806,1530.917603,194.840607
5.542,157.078262,1458.023804,131.482224,439.076569,1326.629761,52.315979,439.324249,1526.695923,192.795044
5.55,157.941132,1457.419922,131.483521,438.181824,1322.752075,50.214825,438.616699,1522.50708,190.855667
5.558,158.795395,1456.797607,131.623154,437.260529,1318.900391,48.131123,437.773682,1518.305298,188.987122
5.567,159.672516,1456.179443,131.736786,436.212799,1315.035278,46.066147,437.059906,1514.185425,187.163345
5.575,160.481476,1455.621338,131.8172,435.194702,1311.260498,43.98354,436.446869,1509.991455,185.319305
5.583,161.274323,1455.037842,131.975189,434.064056,1307.437378,41.941978,435.834442,1505.99707,183.415207
5.592,162.083542,1454.452148,132.135513,432.8367,1303.682251,39.90583,435.207703,1502.021729,181.482895
5.6,162.83847,1453.899658,132.206757,431.533264,1299.923218,37.967018,434.526459,1498.094849,179.57608
5.608,163.64772,1453.323486,132.295578,430.202911,1296.262085,36.040844,433.839325,1494.244507,177.619263
5.617,164.364151,1452.758057,132.391098,428.828522,1292.667847,34.117767,433.08139,1490.53418,175.748367
5.625,165.131775,1452.290894,132.471237,427.313507,1289.108887,32.275814,432.307922,1486.862549,173.862915
5.633,165.842804,1451.820557,132.558075,425.808929,1285.635498,30.409746,431.59024,1483.24353,171.981232
5.642,166.525192,1451.449219,132.616547,424.292938,1282.206665,28.632002,430.834717,1479.732788,170.061005
5.65,167.157883,1450.989136,132.609161,422.76358,1278.787598,26.908279,430.099152,1476.275024,168.168167
5.658,167.844864,1450.586914,132.624649,421.111115,1275.421875,25.163975,429.348511,1472.897217,166.334579
5.667,168.500015,1450.197876,132.684097,419.475006,1272.17688,23.448507,428.611908,1469.588623,164.530685
5.675,169.144318,1449.821289,132.835693,417.786835,1269.067017,21.80476,427.738037,1466.377686,162.808044
5.683,169.669922,1449.415771,132.968155,416.036621,1266.062622,20.22138,426.991943,1463.340088,161.242661
5.692,170.25206,1448.99939,132.957428,414.423126,1263.249268,18.73082,426.259918,1460.348145,159.64682
5.7,170.865326,1448.573242,132.96402,412.77182,1260.412842,17.283041,425.626984,1457.425903,158.185211
5.708,171.405899,1448.255249,132.938263,411.164368,1257.778076,15.816159,424.960205,1454.635864,156.706879
5.717,171.949219,1447.946533,132.887924,409.542694,1255.197998,14.433171,424.280487,1451.913452,155.35759
5.725,172.398636,1447.654297,132.829086,408.072357,1252.66333,13.098597,423.574677,1449.263916,153.867508
5.733,172.821304,1447.360718,132.787628,406.444397,1250.313965,11.764745,422.703979,1446.785522,152.5439
5.742,173.243622,1447.055786,132.749359,404.888702,1248.004395,10.456714,421.963165,1444.353516,151.296387
5.75,173.680801,1446.727051,132.671432,403.315247,1245.831055,9.201186,421.297485,1441.98291,149.971054
5.758,174.112366,1446.395142,132.61998,401.788696,1243.653564,7.956565,420.760162,1439.645996,148.919434
5.767,174.472595,1446.084595,132.630386,400.07074,1241.664429,6.673391,420.211823,1437.299927,147.865158
5.775,174.80661,1445.77356,132.633972,398.433594,1239.561646,5.383482,419.765991,1434.985596,146.844498
5.783,175.134308,1445.484131,132.615402,396.883698,1237.677734,4.244462,419.41745,1432.735107,145.846085
5.792,175.401352,1445.213623,132.63562,395.294312,1235.771484,3.096269,418.978455,1430.588745,144.733963
5.8,175.649811,1444.944336,132.650421,393.593567,1233.810181,1.869857,418.583557,1428.408813,143.585297
5.808,175.896591,1444.617798,132.699371,391.893372,1231.990234,0.651424,418.139435,1426.403442,142.391556
5.817,176.150253,1444.366455,132.735611,390.227203,1230.100098,-0.549119,417.801239,1424.415527,141.243805
5.825,176.452698,1444.113403,132.753555,388.389862,1228.497192,-1.709131,417.463928,1422.509399,139.928711
5.833,176.699829,1443.859619,132.759384,386.740814,1226.973755,-2.788453,417.143036,1420.648315,138.604935
5.842,176.974167,1443.607422,132.793274,384.950897,1225.398071,-3.936369,416.96225,1418.996948,137.290314
5.85,177.282166,1443.351685,132.855835,383.439331,1224.020874,-4.982865,416.712708,1417.452393,136.023544
5.858,177.527985,1443.089966,132.882401,381.92688,1222.81311,-6.027648,416.403137,1416.015259,134.822174
5.867,177.764313,1442.860352,132.8853,380.64566,1221.6875,-6.944147,416.201416,1414.767944,133.7379
5.875,177.920258,1442.636353,132.865448,379.482941,1220.686768,-7.860215,415.986725,1413.643921,132.723221
5.883,178.057129,1442.405273,132.834442,378.440521,1219.692505,-8.732778,415.813965,1412.7229,131.748337
5.892,178.168488,1442.197754,132.805298,377.639862,1218.993896,-9.593095,415.543365,1411.863647,130.855606
5.9,178.240891,1442.028809,132.753571,376.823273,1218.383667,-10.340166,415.299316,1411.123779,130.098633
5.908,178.318405,1441.889648,132.709412,376.116272,1217.851685,-11.070301,415.131287,1410.555786,129.33049
5.917,178.383453,1441.785156,132.658829,375.547089,1217.473999,-11.68506,415.013611,1410.046143,128.673889
5.925,178.430481,1441.699097,132.625183,375.011993,1217.171143,-12.20745,414.88089,1409.636719,128.179871
5.933,178.467499,1441.647583,132.564926,374.598114,1216.927856,-12.637479,414.754028,1409.339722,127.685669
5.942,178.515244,1441.63269,132.50827,374.304749,1216.791016,-13.003594,414.721527,1409.15271,127.333282
5.95,178.549774,1441.615601,132.424988,374.12439,1216.760986,-13.211287,414.79425,1409.062622,127.125069
5.958,178.588715,1441.645386,132.371979,374.062653,1216.80188,-13.311849,414.973633,1409.054199,127.029526
5.967,178.615143,1441.724121,132.332138,374.133698,1216.886108,-13.302795,415.245544,1409.147095,127.03653
5.975,178.630768,1441.775879,132.274948,374.332886,1217.010132,-13.146144,415.622284,1409.398071,127.139999
5.983,178.654648,1441.853394,132.249603,374.654785,1217.264526,-12.923389,415.963013,1409.675415,127.300606
5.992,178.681763,1441.938843,132.230072,375.088745,1217.501953,-12.534818,416.335358,1410.031616,127.465736
6,178.698868,1442.037231,132.238586,375.677856,1217.823853,-12.092353,416.856567,1410.48999,127.813339
6.008,178.740356,1442.155518,132.268234,376.2276,1218.187622,-11.623186,417.410614,1410.980103,128.275208
6.017,178.783646,1442.276001,132.303085,377.04657,1218.714355,-11.078182,417.957611,1411.575928,128.752792
6.025,178.803085,1442.403442,132.363281,377.829834,1219.169678,-10.3319,418.506042,1412.262085,129.25766
6.033,178.821594,1442.547974,132.412903,378.675446,1219.730103,-9.650214,419.163025,1412.889526,129.992065
6.042,178.848846,1442.684326,132.472168,379.61911,1220.341675,-8.783983,419.818878,1413.616333,130.715012
6.05,178.869446,1442.823364,132.550278,380.669891,1220.987183,-7.976452,420.442352,1414.443726,131.560272
6.058,178.896561,1442.940674,132.624863,381.716339,1221.676514,-7.102604,421.013855,1415.152588,132.485626
6.067,178.912445,1443.045166,132.705994,382.728088,1222.41687,-6.194789,421.614807,1416.003906,133.539413
6.075,178.918991,1443.170654,132.810059,383.845001,1223.124512,-5.381507,422.188568,1416.80188,134.498276
6.083,178.91687,1443.30188,132.934174,384.996979,1223.9104,-4.472635,422.816162,1417.608765,135.539017
6.092,178.904816,1443.428833,133.065201,386.060059,1224.627441,-3.524641,423.338013,1418.433716,136.584122
6.1,178.870193,1443.546143,133.184723,387.115753,1225.419067,-2.603819,423.808441,1419.306152,137.902771
6.108,178.840729,1443.679199,133.344559,388.235504,1226.309082,-1.640788,424.41275,1420.118896,138.976349
6.117,178.804337,1443.814331,133.455902,389.337921,1227.011963,-0.679472,425.026367,1420.899536,140.030655
6.125,178.773849,1443.997192,133.575577,390.328674,1227.969604,0.365343,425.565674,1421.769775,141.297638
6.133,178.749161,1444.164307,133.684479,391.463623,1228.873291,1.36159,426.171997,1422.662842,142.582687
6.142,178.692551,1444.372681,133.769653,392.617523,1229.86731,2.48263,426.766815,1423.63147,143.872116
6.15,178.624146,1444.584229,133.806946,393.783142,1230.930054,3.647266,427.529358,1424.669922,145.138763
6.158,178.557022,1444.808472,133.818863,394.972137,1232.093506,4.827155,428.147522,1425.938965,146.424652
6.167,178.455978,1445.033569,133.820374,396.467896,1233.354736,6.168308,428.901031,1427.2948,147.804642
6.175,178.341812,1445.255859,133.781525,397.837341,1234.696533,7.533922,429.662018,1428.780151,149.189026
6.183,178.182938,1445.477295,133.722443,399.41214,1236.178101,8.976435,430.492401,1430.420776,150.65918
6.192,178.017456,1445.727051,133.670578,400.94043,1237.808228,10.385315,431.328644,1432.181519,152.086868
6.2,177.806061,1445.992798,133.638031,402.762604,1239.498535,11.857498,432.128754,1434.102295,153.623489
6.208,177.563828,1446.287842,133.590118,404.43866,1241.343262,13.366174,433.055573,1436.057983,155.104385
6.217,177.275986,1446.592773,133.543091,406.18689,1243.234619,14.892135,434.003723,1438.113525,156.71228
6.225,176.86055,1446.946411,133.499359,407.922485,1245.146606,16.481667,435.006378,1440.2323,158.320053
6.233,176.563797,1447.237549,133.476349,409.743835,1247.217285,18.051281,436.062012,1442.447021,159.894318
6.242,176.274979,1447.520508,133.422424,411.466583,1249.224609,19.729769,437.133087,1444.732544,161.478287
6.25,175.965637,1447.819092,133.383942,413.190948,1251.330566,21.412457,438.137177,1447.081055,163.030273
6.258,175.691864,1448.102295,133.226685,414.890656,1253.384399,23.103163,439.266083,1449.504272,164.567581
6.267,175.385498,1448.453125,133.071609,416.52597,1255.487427,24.850029,440.634644,1451.911865,165.973755
6.275,174.928986,1448.785889,132.909348,418.168732,1257.616333,26.547014,441.929413,1454.286743,167.540436
6.283,174.449631,1449.122437,132.720917,419.766388,1259.737427,28.38098,443.510071,1456.615723,169.115494
6.292,173.993317,1449.414551,132.515671,421.36322,1261.861938,30.273184,445.23764,1459.04541,170.725082
6.3,173.593842,1449.719238,132.195496,422.874451,1264.056274,32.135994,447.048004,1461.396973,172.357574
6.308,173.167511,1450.071655,131.93721,424.340424,1266.244141,34.017803,448.950562,1463.845337,173.972885
6.317,172.799377,1450.360596,131.717636,425.830597,1268.563477,35.956402,450.856445,1466.38269,175.628632
6.325,172.377869,1450.6698,131.360565,427.253174,1270.890747,37.893448,452.84433,1468.953125,177.272217
6.333,171.937424,1451.031006,131.028931,428.698792,1273.310303,39.87397,454.654114,1471.63269,178.970352
6.342,171.490509,1451.363037,130.751755,430.148224,1275.73291,41.903687,456.542328,1474.341187,180.585663
6.35,170.975021,1451.780273,130.393219,431.653168,1278.308716,43.957703,458.273529,1477.14563,182.454102
6.358,170.570831,1452.228149,130.028809,433.059204,1280.922363,46.092491,460.04068,1480.000244,184.322678
6.367,170.142365,1452.605713,129.571899,434.542542,1283.562256,48.265228,461.686523,1482.857544,186.344986
6.375,169.764267,1452.979126,129.099915,436.022522,1286.242554,50.533691,463.182404,1485.846069,188.411148
6.383,169.350052,1453.347656,128.728851,437.474548,1289.127563,52.823929,464.654724,1488.87439,190.543976
6.392,168.96109,1453.666504,128.273361,438.875397,1291.975708,55.185825,465.933868,1492.068848,192.705658
6.4,168.447403,1454.00061,127.740952,440.323639,1294.925049,57.602818,467.158783,1495.229126,194.937164
6.408,167.907379,1454.352051,127.347153,441.607697,1297.890015,60.13298,468.383942,1498.504395,197.225327
6.417,167.508575,1454.777954,126.860664,442.909668,1300.955811,62.63855,469.54245,1501.838867,199.486099
6.425,167.104462,1455.173828,126.645592,444.13736,1304.100098,65.227097,470.558838,1505.264771,201.880142
6.433,166.541229,1455.623291,126.069916,445.354187,1307.355225,67.869614,471.520782,1508.720947,204.356293
6.442,166.025085,1456.032715,125.6866,446.398407,1310.623779,70.562332,472.433197,1512.223755,206.813828
6.45,165.363541,1456.438965,125.253349,447.369965,1313.93042,73.240532,473.366211,1515.826416,209.40564
6.458,164.777435,1456.834473,124.793312,448.304718,1317.371216,75.956207,474.321899,1519.412842,211.949585
6.467,164.169189,1457.175781,124.32505,449.187988,1320.86438,78.757683,475.29483,1523.054321,214.61441
6.475,163.517838,1457.60376,123.866562,449.922577,1324.383545,81.492439,476.033905,1526.812256,217.269257
6.483,162.803223,1458.057617,123.409294,450.64093,1327.970215,84.294556,476.600128,1530.654663,219.930573
6.492,161.98671,1458.504517,122.789017,451.220764,1331.649902,87.140221,477.104004,1534.528687,222.627151
6.5,161.288498,1458.964233,122.318291,451.788391,1335.422852,89.979332,477.496704,1538.503418,225.255157
6.508,160.596603,1459.429565,121.660477,452.237183,1339.253296,92.860474,477.973267,1542.510376,228.072845
6.517,159.725098,1459.850464,121.141212,452.617554,1343.112305,95.759392,478.340363,1546.605957,230.821457
6.525,158.882309,1460.254517,120.533043,452.905151,1347.038818,98.609367,478.724976,1550.652832,233.805862
6.533,158.056137,1460.620728,119.941887,453.172729,1351.038818,101.562347,478.762482,1554.763794,236.781784
6.542,157.292572,1461.023926,119.280724,453.197205,1355.012085,104.480263,478.736816,1558.894043,239.770432
6.55,156.455154,1461.443237,118.793381,453.306244,1359.002319,107.407097,478.722778,1563.02356,242.662796
6.558,155.484482,1461.832397,118.176888,453.241119,1363.071411,110.354622,478.517761,1567.157715,245.52211
6.567,154.682877,1462.22644,117.59864,452.947021,1367.113281,113.296791,477.898926,1571.449219,248.43457
6.575,153.793793,1462.63855,117.010445,452.671387,1371.088989,116.260323,477.301483,1575.68103,251.276321
6.583,152.924896,1463.030029,116.485504,452.25827,1375.155518,119.209259,476.731537,1579.877563,254.083908
6.592,151.989304,1463.402832,115.97374,451.733032,1379.253662,122.065247,475.853607,1584.188232,257.100494
6.6,150.965988,1463.749268,115.335724,451.029663,1383.368164,124.948807,475.178497,1588.39917,260.124725
6.608,150.088409,1464.065674,114.863243,450.370514,1387.484009,127.793205,474.266174,1592.55603,263.278778
6.617,148.981812,1464.396973,114.27726,449.559906,1391.622925,130.574936,473.321106,1596.734741,266.34375
6.625,148.056152,1464.798462,113.762466,448.581146,1395.792114,133.349854,472.193237,1600.932983,269.47168
6.633,147.063049,1465.136841,113.179153,447.637085,1399.951904,136.046463,471.106018,1605.065674,272.507141
6.642,145.990051,1465.473877,112.708298,446.552704,1404.190063,138.747787,469.798187,1609.17041,275.620697
6.65,144.97522,1465.769775,112.203041,445.400879,1408.468628,141.289642,468.423431,1613.297607,278.678528
6.658,143.99025,1466.080933,111.677719,444.102509,1412.599487,143.913239,467.078522,1617.312378,281.637024
6.667,142.877441,1466.365356,111.280655,442.624664,1416.773926,146.818527,465.444305,1621.393433,284.627441
6.675,141.772339,1466.626587,110.759674,441.165558,1420.852905,149.317078,463.868042,1625.412109,287.597626
6.683,140.90509,1466.858032,110.411972,439.72049,1425.0896,151.734451,462.413757,1629.392944,290.573669
6.692,139.850372,1467.138184,109.932526,438.087982,1429.111206,154.181107,460.759308,1633.21582,293.627655
6.7,138.774445,1467.362427,109.517998,436.414154,1433.21582,156.550354,458.982422,1637.203491,296.711334
6.708,137.893417,1467.622192,109.107567,434.670166,1437.192749,158.932388,457.193756,1640.952881,299.550232
6.717,136.871872,1467.837646,108.628326,432.75354,1441.203369,161.311768,455.514801,1644.773071,302.399353
6.725,135.809357,1468.122192,108.302307,430.94751,1445.067993,163.637131,453.63089,1648.505981,304.67572
6.733,134.817291,1468.33313,107.806305,428.944641,1448.903931,165.909225,451.661346,1652.404297,307.510925
6.742,133.859894,1468.558594,107.43119,426.892059,1452.669678,168.10051,449.743317,1656.074585,310.079102
6.75,132.83316,1468.833862,107.182152,424.807434,1456.352539,170.331741,447.957703,1659.839844,312.472595
6.758,131.873413,1469.075684,106.64917,422.685516,1460.002075,172.48558,446.071564,1663.680908,314.706879
6.767,130.96611,1469.270996,106.399643,420.437531,1463.529175,174.66069,444.094666,1667.264404,316.9646
6.775,129.995605,1469.457642,106.045616,419.0354,1467.021362,176.06282,442.047516,1670.80957,319.195923
6.783,129.083267,1469.664185,105.690475,417.003601,1470.398804,178.006714,440.183807,1674.377808,321.365784
6.792,128.231934,1469.880005,105.462181,414.531433,1473.908203,179.935776,438.284149,1677.954956,323.420807
6.8,127.252533,1470.052612,105.111214,412.178986,1477.419312,181.947601,436.203217,1681.424683,325.456696
6.808,126.371902,1470.307617,104.72448,409.576996,1480.828857,183.698959,433.991058,1684.931763,327.347473
6.817,125.554634,1470.504883,104.479401,407.059662,1484.270874,185.506744,431.79541,1688.449341,329.021576
6.825,124.691971,1470.669922,104.076454,404.465668,1487.641235,187.311401,429.686951,1692.0448,330.56839
6.833,123.783836,1470.891357,103.703796,401.837311,1491.013428,188.872955,427.412018,1695.600098,332.109772
6.842,122.872475,1471.084229,103.415329,399.335358,1494.365479,190.470825,425.091919,1699.035522,333.557892
6.85,121.984428,1471.255249,103.031036,396.713043,1497.702637,192.017853,422.782104,1702.420288,334.98291
6.858,121.138069,1471.454102,102.654205,394.016632,1500.9104,193.402924,420.787354,1705.86145,336.332581
6.867,120.233772,1471.630615,102.344543,391.398376,1504.198242,194.805786,418.741425,1709.157715,337.660095
6.875,119.32991,1471.800903,102.022186,388.779297,1507.285767,196.207657,416.373566,1712.27478,339.00943
6.883,118.545197,1471.936035,101.688576,386.075958,1510.300171,197.480515,413.844604,1715.317505,340.311188
6.892,117.658516,1472.13916,101.314117,383.464905,1513.266968,198.753769,411.216736,1718.337036,341.450653
6.9,116.755646,1472.310791,100.968834,380.932861,1516.101318,199.968521,408.56897,1721.446289,342.4328
6.908,115.954163,1472.482422,100.680733,378.241364,1518.892456,201.18718,405.754974,1724.560913,343.31604
6.917,115.095329,1472.61145,100.209869,375.468445,1521.695801,202.33197,402.98175,1727.564697,344.170929
6.925,114.267403,1472.823242,99.83091,372.685944,1524.47583,203.405624,400.335144,1730.503052,345.031067
6.933,113.459084,1472.975464,99.551155,369.871338,1527.214111,204.414276,397.836884,1733.422485,345.873474
6.942,112.687256,1473.137451,99.124985,367.159241,1529.90918,205.394196,395.14447,1736.267944,346.709991
6.95,111.801216,1473.297852,98.730034,364.442719,1532.553711,206.31633,392.344086,1739.044067,347.522919
6.958,111.049751,1473.539551,98.379684,362.664948,1535.128784,207.07756,389.469482,1741.689331,348.175995
6.967,110.253845,1473.726318,97.872826,359.828186,1537.732178,207.931107,386.561707,1744.316162,348.900452
6.975,109.483826,1473.943726,97.529045,357.080963,1540.200806,208.780182,383.616364,1746.826538,349.613159
6.983,108.719238,1474.18689,97.096329,354.35199,1542.523193,209.57019,380.658173,1749.314209,350.234467
6.992,107.962143,1474.383301,96.536201,351.552795,1544.789185,210.380447,377.764923,1751.72168,350.825195
7,107.264313,1474.606201,96.204254,348.900208,1547.062744,211.146713,374.858063,1754.099365,351.454956
7.008,106.518227,1474.85498,95.908234,345.941742,1549.219727,211.996292,371.909027,1756.379028,352.018219
7.017,105.71524,1475.102539,95.416603,343.300873,1551.319946,212.716904,368.897156,1758.663208,352.477509
7.025,105.060417,1475.4104,94.989418,340.529297,1553.38623,213.478668,365.892059,1760.901001,352.995514
7.033,104.343109,1475.898682,94.865837,337.92392,1555.417603,214.157578,362.900421,1763.114136,353.401245
7.042,103.75988,1476.025269,94.378197,335.263794,1557.447632,214.859558,359.954193,1765.277222,353.930298
7.05,102.887314,1476.598633,93.928352,332.606262,1559.339722,215.656433,357.045807,1767.292725,354.450043
7.058,102.217407,1476.836792,93.587105,329.941437,1561.283081,216.372177,354.079559,1769.294556,354.934845
7.067,101.3983,1477.3396,93.234764,327.326752,1563.168213,217.010056,351.101776,1771.164429,355.4953
7.075,101.043251,1476.255615,93.427513,324.719604,1565.050049,217.628586,348.179474,1773.025879,356.073914
7.083,100.273186,1476.505981,92.985641,322.187958,1566.842651,218.257828,345.292908,1774.706909,356.646912
7.092,99.507698,1476.745361,92.765587,319.519928,1568.571533,218.894058,342.514465,1776.373535,357.177216
7.1,98.782402,1476.944336,92.493683,316.897919,1570.243652,219.587585,339.635376,1778.140869,357.677277
7.108,98.047874,1477.208862,91.872017,314.284363,1571.86145,220.240143,336.578766,1779.738281,358.164154
7.117,97.296021,1477.463745,91.639778,311.770477,1573.401489,220.877533,333.592651,1781.307373,358.523254
7.125,96.575386,1477.680054,91.356094,309.301666,1574.826904,221.561279,330.524109,1782.876953,358.949188
7.133,95.845795,1477.860229,90.909683,306.861786,1576.244385,222.194443,327.518036,1784.226318,359.369812
7.142,95.204956,1478.027344,90.601875,304.34549,1577.54248,222.834076,324.44458,1785.64502,359.823792
7.15,94.572411,1478.162231,90.624496,301.975281,1578.821411,223.435287,321.411957,1787.077271,360.236481
7.158,93.941994,1478.329468,90.476395,299.664673,1580.042236,224.101212,318.411591,1788.185669,360.788422
7.167,93.373169,1478.477295,90.0849,297.370148,1581.164062,224.674225,315.449158,1789.475708,361.192963
7.175,92.802208,1478.616699,89.811798,295.046631,1582.194824,225.405029,312.499725,1790.431519,361.709869
7.183,92.314003,1478.749146,89.650856,292.898743,1583.238159,226.017105,309.582306,1791.668091,362.113342
7.192,91.810074,1478.898071,89.504837,290.818726,1584.116211,226.699142,306.741638,1792.652222,362.57193
7.2,91.268112,1479.020142,89.286781,288.719574,1585.026978,227.2603,303.870239,1793.764771,362.954193
7.208,90.751549,1479.134277,89.116158,286.703827,1586.013916,227.820526,301.005737,1794.676758,363.328186
7.217,90.305832,1479.237915,89.030014,284.728821,1586.848877,228.366943,298.031738,1795.636475,363.718842
7.225,89.9207,1479.367065,88.836044,282.849396,1587.65979,228.932022,295.249237,1796.592407,364.033295
7.233,89.534302,1479.524902,88.683762,281.02179,1588.550903,229.440964,292.501465,1797.346069,364.475311
7.242,89.125717,1479.675903,88.33696,279.271301,1589.196167,229.926483,289.750793,1798.22644,364.854584
7.25,88.772812,1479.850952,88.105545,277.528748,1589.853882,230.318939,287.036591,1798.867798,365.371582
7.258,88.440155,1480.03418,87.844788,275.86908,1590.585571,230.868362,284.371582,1799.516479,365.834473
7.267,88.067955,1480.206909,87.569145,274.320465,1591.12561,231.422241,281.754242,1800.193848,366.289795
7.275,87.760208,1480.338989,87.323395,272.781494,1591.575317,231.907593,279.193329,1800.711548,366.768951
7.283,87.460335,1480.448486,87.097084,271.337067,1592.039917,232.472366,276.827423,1801.177734,367.219788
7.292,87.145988,1480.572754,86.82592,270.057068,1592.523315,232.973221,274.397095,1801.654541,367.788086
7.3,86.892761,1480.708862,86.578133,268.772858,1592.945068,233.382126,271.851166,1802.17749,368.255707
7.308,86.647415,1480.796997,86.35939,267.354675,1593.402466,233.823135,269.350342,1802.538696,368.738495
7.317,86.417603,1480.924561,86.120964,266.168671,1593.806152,234.250519,267.00174,1802.833374,369.315247
7.325,86.203072,1481.048462,85.899925,264.820465,1594.165771,234.685532,264.866547,1803.089355,369.891693
7.333,86.01004,1481.158936,85.665703,263.746277,1594.49646,235.157196,262.884094,1803.236084,370.497437
7.342,85.768654,1481.253418,85.491508,262.637543,1594.703613,235.642319,260.807068,1803.423218,371.194977
7.35,85.56855,1481.338623,85.382477,261.528198,1594.968872,236.074768,258.663788,1803.640869,371.780334
7.358,85.363091,1481.376709,85.229904,260.657745,1595.185425,236.501785,256.877106,1803.883301,372.181732
7.367,85.191307,1481.406372,85.121346,259.750732,1595.320068,236.909729,254.988129,1803.925415,372.841217
7.375,85.050735,1481.429443,85.056877,258.773438,1595.549683,237.218994,253.128174,1803.973999,373.332458
7.383,84.910759,1481.426147,85.001228,258.053558,1595.758423,237.474274,251.590042,1804.059448,373.767242
7.392,84.778725,1481.412964,85.0214,257.410767,1595.97522,237.714432,250.00238,1804.160645,374.305023
7.4,84.647408,1481.402832,85.077446,256.777374,1596.200073,238.0298,248.715378,1804.344116,374.629578
7.408,84.514587,1481.371948,85.194695,256.121338,1596.394897,238.222458,247.3022,1804.539307,375.092377
7.417,84.414383,1481.32605,85.343346,255.57959,1596.626221,238.473129,246.223495,1804.772217,375.307739
7.425,84.351196,1481.297363,85.494896,255.101883,1596.93042,238.721405,245.162491,1805.143555,375.575409
7.433,84.310204,1481.302368,85.60228,254.695618,1597.224731,238.959442,244.259491,1805.389771,375.889465
7.442,84.293304,1481.319458,85.685905,254.357071,1597.522461,239.181305,243.574585,1805.66626,376.015808
7.45,84.279869,1481.370483,85.804459,254.043671,1597.776489,239.321518,242.986313,1805.941162,376.186554
7.458,84.283546,1481.43689,85.924927,253.756851,1597.996948,239.54538,242.37825,1806.100342,376.384308
7.467,84.293762,1481.510254,85.99157,253.458954,1598.180664,239.620575,241.827682,1806.242188,376.469208
7.475,84.309387,1481.55481,86.055489,253.279892,1598.285889,239.777664,241.376114,1806.406006,376.496948
7.483,84.314568,1481.599609,86.096085,253.118423,1598.335571,239.93689,241.042511,1806.551758,376.506592
7.492,84.320213,1481.644165,86.122238,253.016113,1598.380981,240.009415,240.80217,1806.68335,376.533112
7.5,84.344315,1481.67041,86.146278,252.922928,1598.434937,240.009003,240.621078,1806.78418,376.541626
7.508,84.354553,1481.69519,86.127014,252.871567,1598.527832,239.965179,240.490616,1806.909302,376.491425
7.517,84.36264,1481.727661,86.126595,252.836975,1598.615967,239.9133,240.391998,1807.018433,376.414825
7.525,84.363647,1481.764526,86.143661,252.841354,1598.716309,239.819443,240.318176,1807.158081,376.298553
7.533,84.357826,1481.794678,86.133255,252.84877,1598.83606,239.739212,240.294998,1807.240356,376.191498
7.542,84.358101,1481.810181,86.148201,252.883499,1598.94751,239.626251,240.315643,1807.329834,376.084167
7.55,84.336311,1481.846069,86.18084,252.917343,1599.02002,239.522217,240.366882,1807.356689,376.017151
7.558,84.323303,1481.855591,86.187042,252.975311,1599.086304,239.445786,240.46402,1807.421509,375.929718
7.567,84.315018,1481.874512,86.184998,253.061981,1599.131592,239.357162,240.523392,1807.548096,375.842743
7.575,84.310234,1481.892944,86.23642,253.148056,1599.156616,239.301025,240.644043,1807.628662,375.736481
7.583,84.297791,1481.898193,86.261543,253.275299,1599.181885,239.217056,240.814743,1807.778442,375.583923
7.592,84.282791,1481.911011,86.30574,253.380386,1599.209229,239.169235,241.006012,1807.871216,375.471771
7.6,84.276794,1481.89209,86.347961,253.504807,1599.241821,239.095871,241.27066,1808.007812,375.288605
7.608,84.272476,1481.883789,86.414352,253.648544,1599.272217,239.017548,241.612671,1808.137451,375.109192
7.617,84.262047,1481.866821,86.468536,253.777649,1599.301147,238.917297,242.090637,1808.297607,374.814362
7.625,84.236191,1481.829834,86.572411,253.926575,1599.293091,238.85881,242.506073,1808.372681,374.666626
7.633,84.224968,1481.775391,86.617928,254.183533,1599.239136,238.800598,242.963318,1808.421509,374.489868
7.642,84.204254,1481.727295,86.733978,254.425552,1599.196167,238.719147,243.476334,1808.471802,374.26886
7.65,84.208847,1481.625732,86.855873,254.725372,1599.132446,238.617569,244.073288,1808.566772,373.877075
7.658,84.213562,1481.51123,86.993141,255.089813,1599.129517,238.455505,244.858719,1808.72937,373.380219
7.667,84.242973,1481.343384,87.148148,255.498764,1599.080811,238.317184,245.727875,1808.905273,372.957367
7.675,84.273727,1481.174805,87.341843,256.070465,1599.053345,238.076782,246.776337,1809.15564,372.427795
7.683,84.271561,1481.03894,87.551956,256.741211,1599.057251,237.798691,247.977417,1809.388794,371.74707
7.692,84.255348,1480.877441,87.786583,257.569885,1599.06958,237.360718,249.562149,1809.618896,371.017365
7.7,84.248611,1480.780518,87.998878,258.342255,1599.087769,236.879501,251.114731,1809.92627,370.343536
7.708,84.253334,1480.673706,88.340508,259.221008,1599.088623,236.43251,253.047073,1810.245117,369.41568
7.717,84.247772,1480.565552,88.715828,260.383667,1599.108032,235.999496,255.206497,1810.468872,368.394196
7.725,84.269302,1480.460815,89.077675,261.568787,1599.020508,235.423279,257.594025,1810.646606,367.436432
7.733,84.312485,1480.394409,89.336876,262.835938,1598.901489,234.889679,260.159973,1810.77356,366.428986
7.742,84.378525,1480.326538,89.570908,264.35144,1598.576538,234.31369,262.834869,1810.817627,365.363098
7.75,84.470909,1480.271606,89.865593,265.95166,1598.234009,233.714981,265.624207,1810.845337,364.290436
7.758,84.632011,1480.25,90.125832,267.649933,1597.750977,233.056595,268.480896,1810.730103,363.188324
7.767,84.807594,1480.204712,90.404816,269.748535,1597.216187,232.128525,271.272797,1810.651123,361.958344
7.775,84.973053,1480.183594,90.7173,271.936493,1596.593262,231.478241,274.239166,1810.469604,360.899658
7.783,85.234306,1480.172119,91.069054,274.373749,1595.863525,230.752151,277.184479,1810.200684,359.739105
7.792,85.427422,1480.129272,91.457733,276.921356,1595.060181,229.927338,280.15387,1809.686279,358.730194
7.8,85.655281,1480.074219,91.723701,279.460907,1594.317261,228.835251,283.163971,1809.224976,357.551483
7.808,85.959923,1479.973145,91.966942,282.0401,1593.500244,227.860519,286.338226,1808.787354,356.390533
7.817,86.313721,1479.862793,92.314705,284.535553,1592.687256,226.837723,289.607666,1808.264771,355.057739
7.825,86.638695,1479.742798,92.64624,287.054871,1591.919189,225.689392,292.947937,1807.492188,353.801331
7.833,86.928337,1479.64209,93.013405,289.51123,1590.919312,224.498444,296.204987,1806.79248,352.477478
7.842,87.289825,1479.536011,93.421501,292.137238,1589.949341,223.333481,299.571899,1805.984131,351.18927
7.85,87.563515,1479.415649,93.675903,294.750732,1588.896362,222.063309,302.996735,1805.033813,349.794403
7.858,87.859398,1479.302856,93.984764,297.432526,1587.778076,220.807938,306.514648,1804.112183,348.331787
7.867,88.131012,1479.209229,94.332466,300.229797,1586.607544,219.481537,309.92865,1802.960449,347.032013
7.875,88.422981,1479.090576,94.85495,303.026764,1585.299683,218.167786,313.414001,1801.967163,345.657135
7.883,88.707558,1478.97168,95.297386,305.871704,1584.063477,216.726151,317.275055,1800.703979,344.27356
7.892,89.005524,1478.852661,95.6726,308.549957,1582.785522,215.330368,320.930298,1799.564331,342.962891
7.9,89.309639,1478.719971,95.948097,311.213013,1581.577637,213.840393,324.636322,1798.239136,341.572235
7.908,89.657852,1478.568848,96.282021,313.774628,1580.316772,212.300964,328.591675,1796.995728,339.997742
7.917,90.050453,1478.456299,96.785454,316.446442,1578.973755,210.757446,332.421326,1795.510742,338.556549
7.925,90.442619,1478.330811,97.175156,319.074341,1577.440796,209.247238,336.436493,1794.077759,336.905762
7.933,90.813698,1478.179688,97.460533,321.838989,1575.920166,207.618851,340.398804,1792.525757,335.385162
7.942,91.315384,1478.096802,97.636574,324.619324,1574.155151,206.062805,344.298065,1790.775391,333.904083
7.95,91.809021,1478.002563,97.843971,327.438507,1572.314453,204.440231,348.228577,1788.887329,332.327301
7.958,92.373833,1477.956055,98.322998,330.394989,1570.315063,202.756638,351.97818,1787.120483,330.766449
7.967,92.982773,1477.844849,98.649887,333.430573,1568.124756,201.117722,355.833984,1785.180176,329.07843
7.975,93.677284,1477.776245,99.042503,336.693817,1565.949341,199.266434,359.441162,1783.103516,327.425201
7.983,94.207947,1478.791138,98.900314,340.024628,1563.674561,197.388855,362.788635,1780.935547,325.734222
7.992,95.012878,1478.594482,99.340385,343.327606,1561.300049,195.444748,366.101379,1778.755981,323.869995
8,95.782379,1478.498535,99.793671,346.504181,1558.881714,193.546661,369.497528,1776.545044,321.913422
8.008,96.519363,1478.303345,100.411041,349.843475,1556.426514,191.524185,372.717773,1774.274536,319.971436
8.017,97.366013,1477.911987,100.633736,353.236664,1553.923828,189.297913,375.694366,1771.762451,318.04129
8.025,98.233673,1477.698608,100.861588,356.600555,1551.39856,187.023193,378.65271,1769.172852,316.088501
8.033,98.990982,1477.417969,101.2397,359.797882,1548.770386,184.73587,381.636566,1766.457764,314.16272
8.042,99.798302,1477.194092,101.799011,362.980255,1546.127319,182.5513,384.620239,1763.641479,312.203918
8.05,100.496696,1476.922852,102.178925,366.174866,1543.332397,180.243927,387.673218,1760.666382,310.199738
8.058,101.264236,1476.689331,102.554527,369.347168,1540.45813,177.852814,390.986938,1757.484375,308.182373
8.067,102.180946,1476.538696,103.197502,372.396484,1537.510742,175.543732,394.026367,1754.35437,306.269592
8.075,102.859444,1476.330322,103.513168,375.357452,1534.351685,173.322449,396.934113,1751.109619,304.174713
8.083,103.467361,1476.177979,103.912979,378.26413,1531.15979,171.094574,399.757843,1747.758911,301.991486
8.092,104.243454,1476.036499,104.473396,381.162567,1527.782715,168.815231,402.511292,1744.270874,299.79361
8.1,105.150238,1475.849121,104.843132,384.078278,1524.445801,166.516251,405.313171,1740.749268,297.516937
8.108,105.932251,1475.660645,105.324112,386.91626,1520.966431,164.203125,408.035248,1737.224365,295.163879
8.117,106.73159,1475.428101,105.877655,389.700226,1517.368286,161.801315,410.600647,1733.63623,292.747345
8.125,107.496201,1475.164307,106.302383,392.438263,1513.700073,159.529984,413.102814,1729.831909,290.27298
8.133,108.414001,1474.90625,106.833023,395.169647,1509.935181,157.107117,415.442352,1726.11731,287.743927
8.142,109.31414,1474.64209,107.327499,397.948242,1506.115601,154.622574,417.615723,1722.188232,285.039764
8.15,110.06884,1474.270874,107.910385,400.570923,1502.029541,152.147415,419.827606,1718.095337,282.354614
8.158,111.06871,1474.048828,108.493034,403.081329,1497.980469,149.58934,421.720276,1714.058594,279.743591
8.167,112.025307,1473.775635,109.012001,405.576019,1493.853638,147.11499,423.332123,1709.905518,277.00174
8.175,112.806244,1473.543457,109.432755,407.893341,1489.60022,144.520691,425.264404,1705.733643,274.264313
8.183,113.810829,1473.297485,109.937813,410.080475,1485.476807,142.076431,427.305756,1701.635864,271.564087
8.192,114.726273,1473.04541,110.244225,412.203735,1481.34729,139.536804,429.320953,1697.524292,268.752991
8.2,115.582825,1472.853149,110.488701,414.316925,1477.270264,136.999344,430.844116,1693.37085,265.939575
8.208,116.386116,1472.570557,110.83522,416.3302,1473.178223,134.359085,432.46637,1689.136353,263.097656
8.217,117.265182,1472.328857,111.232079,418.281708,1469.007935,131.64624,434.16095,1684.868164,260.076752
8.225,118.195961,1472.127808,111.566132,420.052917,1464.700806,128.926697,435.496887,1680.459595,257.126129
8.233,119.054802,1471.766602,112.035545,421.812347,1460.3927,126.157478,436.751282,1676.021362,254.093292
8.242,119.830811,1471.471924,112.400932,423.515839,1456.011108,123.375923,438.087189,1671.639404,250.991318
8.25,120.596031,1471.212158,112.878441,424.982941,1451.587036,120.526733,439.074402,1667.103638,247.770035
8.258,121.446884,1470.959961,113.351456,426.391571,1447.288208,117.691856,440.078796,1662.791748,244.323105
8.267,122.276505,1470.65625,113.700371,427.604156,1442.955078,114.801826,440.917206,1658.406128,241.482162
8.275,123.190544,1470.366943,114.29493,428.743439,1438.842529,111.808983,441.979584,1654.200317,238.227295
8.283,123.940247,1470.047241,114.635452,429.776764,1434.655029,108.660858,442.605316,1650.005981,235.043152
8.292,124.792648,1469.738647,114.930756,430.751617,1430.651978,105.687454,443.497284,1645.812134,231.740738
8.3,125.662178,1469.480225,115.406158,431.639893,1426.560791,102.595901,443.788666,1641.518555,228.372681
8.308,126.316978,1469.176758,115.76651,432.457489,1422.551758,99.579239,444.225464,1637.241211,225.072784
8.317,127.005249,1468.865479,116.110313,433.12854,1418.289795,96.547035,444.796814,1632.88623,221.654449
8.325,127.855095,1468.572021,116.618958,433.753174,1414.138794,93.472572,445.108215,1628.53125,218.415329
8.333,128.631744,1468.227417,116.949188,434.319763,1409.808472,90.474945,445.437988,1624.170776,215.078842
8.342,129.371628,1467.870605,117.30043,434.605499,1405.471924,87.439438,445.859924,1619.801514,211.651077
8.35,130.096176,1467.560059,117.665756,434.948669,1401.098633,84.458832,445.985535,1615.436523,208.37088
8.358,130.864822,1467.242188,117.888199,434.993134,1396.774292,81.53582,446.064484,1611.123657,204.993774
8.367,131.640488,1466.858032,118.154144,435.051239,1392.389404,78.639183,446.439819,1606.77771,201.536865
8.375,132.412796,1466.564697,118.414894,434.967865,1387.982666,75.77626,446.537079,1602.418457,198.197845
8.383,133.04039,1466.318237,118.576576,434.800049,1383.509888,72.905952,446.526062,1598.02063,194.854309
8.392,133.812897,1466.084229,118.703232,434.601593,1378.918457,70.103752,446.660492,1593.52124,191.469559
8.4,134.619522,1465.841187,118.930923,434.16922,1374.269531,67.309975,446.863495,1588.949463,188.08049
8.408,135.455322,1465.587402,119.252068,433.733215,1369.512207,64.588722,446.937317,1584.212036,184.80957
8.417,136.147598,1465.204956,119.355019,433.154144,1364.696777,61.924675,447.020752,1579.50061,181.586868
8.425,136.987289,1464.86377,119.456772,432.452911,1359.86499,59.322704,447.062164,1574.851318,178.394623
8.433,137.898544,1464.554932,119.686485,431.668945,1355.097168,56.813709,447.106354,1570.18457,175.18251
8.442,138.643921,1464.160522,119.82476,430.762238,1350.306274,54.308544,447.220123,1565.572754,172.029388
8.45,139.355057,1463.749512,119.841209,429.751251,1345.648071,51.832756,447.102386,1560.961426,168.953644
8.458,140.087097,1463.308594,119.848541,428.762482,1340.973145,49.316574,447.077362,1556.340576,165.968369
8.467,140.915695,1462.832642,119.918427,427.638611,1336.286377,46.797001,446.843048,1551.627441,163.018051
8.475,141.667221,1462.510254,119.8591,426.422638,1331.57605,44.299854,446.736755,1546.831299,160.142487
8.483,142.383804,1462.132446,119.883606,425.247864,1326.768799,41.857174,446.57901,1541.910034,157.286896
8.492,143.816467,1461.747925,119.977333,423.870331,1321.986084,39.426861,446.363708,1536.912354,154.618561
8.5,144.990906,1461.316895,120.097168,422.368011,1317.135498,36.986317,446.144531,1531.877686,151.973175
8.508,145.919815,1460.785645,120.139801,420.783112,1312.285889,34.553379,445.776184,1526.830078,149.477295
8.517,147.030457,1460.149902,120.177292,419.100311,1307.619385,32.139755,445.35968,1521.82019,147.052353
8.525,147.975845,1459.574829,120.212555,417.388641,1302.972046,29.728924,444.881683,1516.831543,144.781082
8.533,148.980316,1458.966187,120.30648,415.548798,1298.342529,27.397118,444.348816,1511.783936,142.531876
8.542,149.954712,1458.405151,120.389465,413.654938,1293.667847,25.092024,443.929382,1506.710449,140.404617
8.55,150.884003,1457.82019,120.306847,411.669037,1289.081909,22.772299,443.320557,1501.630737,138.330246
8.558,151.941727,1457.255981,120.300407,409.698334,1284.573486,20.488998,442.766418,1496.486694,136.209534
8.567,152.908264,1456.716919,120.33342,407.537231,1280.020752,18.270596,442.073639,1491.376343,134.298889
8.575,153.788773,1456.110474,120.398346,405.323883,1275.48584,16.15667,441.365967,1486.415894,132.306046
8.583,154.92981,1455.44397,120.531319,403.035431,1271.029053,14.064807,440.653717,1481.427246,130.40419
8.592,155.843857,1454.888306,120.566765,400.632751,1266.634766,12.002209,439.986725,1476.552856,128.522552
8.6,156.566727,1454.294556,120.438774,398.261383,1262.348267,10.089817,439.263702,1471.749756,126.713631
8.608,157.531509,1453.753784,120.513145,395.767639,1258.138794,8.185223,438.520752,1467.026489,124.759705
8.617,158.389633,1453.31665,120.538734,393.283295,1253.939331,6.445476,437.687469,1462.344971,122.843277
8.625,159.131287,1452.961426,120.551834,390.651306,1249.715088,4.743519,436.810822,1457.705444,120.908691
8.633,159.905853,1452.675293,120.634712,387.994385,1245.466797,3.154941,435.812714,1453.040283,118.912827
8.642,160.819504,1452.402954,120.770493,385.067413,1241.166016,1.640575,434.835541,1448.446167,116.994858
8.65,161.629883,1452.150757,120.844894,382.026184,1237.072144,0.268247,433.781952,1443.838013,114.961113
8.658,162.31189,1451.906982,120.979904,378.800293,1232.676392,-1.070085,432.531281,1439.287354,112.870819
8.667,163.082397,1451.643799,121.241425,375.537537,1228.294678,-2.301836,431.262207,1434.656494,110.735458
8.675,163.99173,1451.286377,121.278847,372.269318,1223.919678,-3.248379,429.960724,1430.050537,108.799484
8.683,164.691833,1450.969849,121.38839,368.497528,1219.592163,-4.314968,428.54126,1425.549316,107.003937
8.692,165.401535,1450.634399,121.472435,364.709778,1215.770508,-5.175709,427.018982,1421.121826,105.205261
8.7,166.182404,1450.265625,121.58271,360.952332,1211.8302,-5.929214,425.440948,1416.826782,103.523872
8.708,166.994202,1449.931152,121.604713,357.317383,1207.998413,-6.826703,423.828033,1412.645752,101.992813
8.717,167.758575,1449.582397,121.58741,353.679596,1204.42688,-7.594878,422.108093,1408.623413,100.599533
8.725,168.335251,1449.252441,121.516518,350.256287,1200.905884,-8.323815,420.404358,1404.780273,99.229393
8.733,168.91301,1448.878784,121.515015,346.88855,1197.705444,-9.02991,418.606293,1401.029663,97.992744
8.742,169.488251,1448.530396,121.467896,343.601746,1194.473145,-9.793572,416.972961,1397.398071,96.858093
8.75,170.115311,1448.160522,121.409027,340.531189,1191.611816,-10.395144,415.328094,1393.95105,95.814827
8.758,170.599152,1447.776978,121.382408,337.536102,1188.771484,-10.970783,413.814575,1390.642944,94.834435
8.767,171.006119,1447.393555,121.439049,334.693359,1186.230591,-11.514868,411.986359,1387.707153,93.858871
8.775,171.469009,1446.966064,121.48867,331.969116,1183.832397,-12.003601,410.640442,1384.758789,93.100487
8.783,171.831451,1446.548218,121.63176,329.473877,1181.539917,-12.438428,409.450928,1381.998657,92.401123
8.792,172.140717,1446.162109,121.79081,327.090729,1179.572266,-12.8119,408.458405,1379.405518,91.779793
8.8,172.52803,1445.841064,121.795471,324.701996,1177.577271,-13.176859,407.488403,1376.838989,91.224991
8.808,172.809967,1445.613037,121.826157,322.511688,1175.720825,-13.432187,406.559967,1374.502441,90.664749
8.817,173.114746,1445.390869,121.885506,320.34903,1173.973145,-13.654167,405.741302,1372.2948,90.19989
8.825,173.388046,1445.184326,121.897652,318.222382,1172.281006,-13.538245,404.916504,1370.155029,89.750587
8.833,173.646423,1444.968018,121.907257,316.181366,1170.679932,-13.524427,404.087128,1368.118286,89.313797
8.842,173.858185,1444.75415,121.941574,314.423096,1169.097412,-13.544651,403.376892,1366.306274,89.03904
8.85,174.077072,1444.490479,121.970039,312.690247,1167.731445,-13.293945,402.653656,1364.49707,88.815033
8.858,174.281708,1444.24646,122.066483,311.127228,1166.477539,-13.220195,402.027039,1363.065186,88.678635
8.867,174.451111,1443.964111,122.092514,309.874634,1165.379639,-13.12079,401.325256,1361.744385,88.618698
8.875,174.652695,1443.720825,122.162338,309.004578,1164.508423,-13.110534,400.77002,1360.654907,88.608948
8.883,174.815887,1443.503174,122.240326,308.05542,1163.784668,-12.967346,400.177002,1359.654785,88.769905
8.892,174.969147,1443.307251,122.321304,307.462646,1163.187622,-13.091928,399.648193,1359.017822,88.799789
8.9,175.10643,1443.158081,122.37999,307.092651,1162.647827,-12.889884,399.155914,1358.564575,88.83403
8.908,175.247406,1442.98938,122.466248,306.885986,1162.197266,-12.72679,398.668396,1358.145874,88.849991
8.917,175.343262,1442.873779,122.550667,306.836639,1161.748535,-12.338562,398.28714,1357.885986,88.809036
8.925,175.416153,1442.800293,122.655586,306.812927,1161.361572,-11.951919,398.016907,1357.749146,88.774445
8.933,175.435043,1442.731201,122.777649,306.832001,1160.94519,-11.542369,397.836151,1357.66687,88.747757
8.942,175.478119,1442.70166,122.878181,306.838745,1160.541992,-10.944878,397.733521,1357.608887,88.694183
8.95,175.520706,1442.667725,122.983253,306.912811,1160.168335,-10.100002,397.706421,1357.541382,88.649368
8.958,175.573303,1442.636597,123.099228,306.876282,1159.755371,-9.580958,397.777802,1357.435059,88.595253
8.967,175.683929,1442.618164,123.198738,306.704346,1159.467285,-8.808936,397.937347,1357.321655,88.589714
8.975,175.793228,1442.573364,123.288315,306.621552,1159.087891,-8.374843,398.171295,1357.181641,88.64328
8.983,175.933929,1442.50708,123.406891,306.529449,1158.907593,-7.635372,398.464691,1357.059204,88.717293
8.992,176.036346,1442.448364,123.484413,306.770691,1158.764771,-6.980125,398.964813,1357.037598,88.949463
9,176.129791,1442.407104,123.57341,306.967682,1158.725342,-6.303757,399.537628,1357.044189,89.228004
9.008,176.209106,1442.385376,123.648788,307.449432,1158.815796,-5.592813,400.053101,1357.151367,89.570518
9.017,176.264252,1442.37561,123.741737,308.034485,1158.971069,-5.081889,400.652008,1357.421265,89.917999
9.025,176.338242,1442.387451,123.8815,308.706421,1159.294067,-4.660414,401.3638,1357.881836,90.279793
9.033,176.383148,1442.400635,124.035561,309.716919,1159.798584,-4.036273,402.142151,1358.488281,90.69986
9.042,176.43364,1442.46106,124.161095,310.781494,1160.344116,-3.563183,402.892181,1359.220825,91.184616
9.05,176.466141,1442.562256,124.324432,312.127625,1161.161499,-2.897425,403.688324,1360.236938,91.80751
9.058,176.486786,1442.682373,124.490776,313.468292,1162.070068,-2.463715,404.560425,1361.404907,92.361244
9.067,176.470505,1442.854492,124.687088,315.12027,1163.088257,-1.807683,405.420471,1362.914551,92.965073
9.075,176.440414,1443.047241,124.820534,316.95575,1164.303101,-1.122621,406.338806,1364.488892,93.740746
9.083,176.396927,1443.23645,124.953735,318.940887,1165.626953,-0.473231,407.290588,1366.269165,94.436989
9.092,176.363556,1443.508057,125.114799,321.068634,1166.99707,0.213333,408.250397,1368.240723,95.234146
9.1,176.31073,1443.753174,125.302505,323.395905,1168.356201,0.878214,409.300781,1370.405151,95.954651
9.108,176.206299,1444.042603,125.508263,325.774109,1169.919312,1.65815,410.350067,1372.574585,96.821144
9.117,176.125092,1444.349976,125.696091,328.104401,1171.725464,2.56824,411.409729,1374.910034,97.632584
9.125,176.039459,1444.658203,125.855026,330.595459,1173.458618,3.179556,412.562378,1377.322144,98.382118
9.133,175.886124,1444.993652,126.032265,333.115509,1175.390503,4.00421,413.692535,1379.820435,99.200653
9.142,175.764404,1445.371704,126.227692,335.523438,1177.296997,4.795902,415.200195,1382.276855,100.022881
9.15,175.634293,1445.772827,126.437439,338.036926,1179.349243,5.563711,416.582123,1384.82959,100.891754
9.158,175.471863,1446.170044,126.638947,340.472015,1181.441284,6.349789,417.718994,1387.453491,101.858116
9.167,175.239029,1446.561401,126.763191,343.000336,1183.636963,7.08314,419.071686,1389.952515,102.735107
9.175,175.025894,1446.949219,126.875893,345.495972,1185.741211,7.986314,420.847534,1392.425781,103.634712
9.183,174.832626,1447.348511,126.930908,347.546661,1188.012695,8.484691,422.598297,1394.896729,104.743446
9.192,174.596207,1447.733398,127.032188,349.990936,1190.299438,9.304201,423.921906,1397.390015,105.711258
9.2,174.318985,1448.072754,127.091125,352.404083,1192.541626,10.004605,425.761322,1399.81958,106.844841
9.208,174.012177,1448.469116,127.222061,354.796509,1194.834839,10.704648,427.653534,1402.328247,107.957329
9.217,173.647324,1448.797485,127.315147,357.008148,1197.179077,11.251981,429.203674,1404.836182,109.061707
9.225,173.280396,1449.079346,127.323929,359.219086,1199.622437,11.610922,431.172028,1407.31604,110.188065
9.233,172.93071,1449.313599,127.345413,361.41333,1202.125,12.010397,432.996307,1409.710693,111.369049
9.242,172.560349,1449.508667,127.439857,363.606506,1204.678833,12.468491,434.531036,1412.2854,112.534683
9.25,172.176376,1449.722778,127.466187,365.770294,1207.279907,12.832216,436.564911,1414.702148,113.884911
9.258,171.726593,1449.945312,127.468468,367.871429,1210.031982,13.18799,438.239532,1417.220581,115.177361
9.267,171.227432,1450.182983,127.471893,369.991974,1212.828247,13.548803,440.281372,1419.675171,116.606277
9.275,170.707367,1450.463745,127.533348,372.162384,1215.626221,13.940325,442.234436,1422.193726,118.06955
9.283,170.252411,1450.686157,127.576981,374.364014,1218.283813,14.250002,443.797668,1424.724854,119.627068
9.292,169.780945,1450.973755,127.531212,376.511536,1221.265015,14.666011,445.786713,1427.234863,121.18515
9.3,169.351257,1451.290771,127.422226,378.658844,1224.103149,15.249186,447.547546,1429.759277,122.969582
9.308,168.848145,1451.602539,127.344948,380.396851,1227.062744,15.634392,449.137665,1432.414917,124.562218
9.317,168.235214,1451.990479,127.330078,382.520599,1230.087036,16.237751,450.587097,1435.202026,125.998573
9.325,167.678223,1452.410645,127.293411,384.510468,1233.11499,16.984369,451.821228,1438.068237,127.31765
9.333,167.148911,1452.88562,127.315048,386.506622,1236.133911,17.704817,453.005096,1441.081177,128.872238
9.342,166.677185,1453.317871,127.298622,388.451141,1239.115967,18.433907,454.129059,1444.130981,130.354279
9.35,166.162811,1453.736328,127.24942,390.390717,1242.301147,19.385075,455.161743,1447.39209,131.906982
9.358,165.567413,1454.164307,127.019493,392.306213,1245.566528,20.358583,456.210999,1450.698364,133.593842
9.367,164.917938,1454.582031,126.942513,394.298615,1248.876831,21.380968,457.148193,1454.107788,135.341599
9.375,164.34021,1455.016968,126.892776,396.297668,1252.219849,22.538893,457.998901,1457.61731,137.083038
9.383,163.7939,1455.47522,127.033737,398.418213,1255.619385,23.732279,458.731171,1461.222778,138.917496
9.392,163.165756,1455.910645,126.883522,400.412292,1259.116821,25.03009,459.331543,1464.861694,140.747513
9.4,162.467667,1456.429688,126.686172,402.493622,1262.649048,26.453018,459.813721,1468.683472,142.513809
9.408,161.826736,1456.923584,126.548958,404.609894,1266.14856,27.984169,460.344971,1472.56189,144.321503
9.417,161.233353,1457.429565,126.463516,406.623993,1269.789551,29.601894,460.622681,1476.623169,146.259918
9.425,160.526443,1458.004883,126.244919,408.616272,1273.437256,31.401239,460.750977,1480.74231,148.157257
9.433,159.924103,1458.623169,125.973106,410.62207,1277.17041,33.304077,460.896179,1484.941406,150.217285
9.442,159.12587,1459.19873,125.782791,412.610382,1281.019043,35.349487,461.025085,1489.230835,152.394989
9.45,158.43837,1459.747925,125.468674,414.56485,1284.942871,37.440197,461.11557,1493.638672,154.74292
9.458,157.723846,1460.289307,125.064316,416.401703,1288.954102,39.639679,461.104797,1498.059692,157.164078
9.467,156.91832,1460.942383,124.83709,418.315552,1293.013794,41.955154,460.968018,1502.521851,159.697159
9.475,156.103729,1461.559082,124.45063,420.11142,1297.211548,44.343159,460.802673,1507.13147,162.247025
9.483,155.314285,1462.1698,124.087769,421.875824,1301.463867,46.785812,460.619446,1511.821533,164.74971
9.492,154.607452,1462.747681,123.841675,423.490631,1305.769287,49.334755,460.294769,1516.57312,167.317902
9.5,153.633453,1463.369385,123.458275,425.194489,1310.192383,51.93314,459.602844,1521.450195,169.992981
9.508,152.787064,1463.929199,123.180855,426.72348,1314.621094,54.614777,459.072357,1526.327881,172.553864
9.517,151.998672,1464.442627,122.779694,428.212921,1319.137451,57.310635,458.507477,1531.345825,175.109085
9.525,151.124741,1464.980469,122.41906,429.626648,1323.782227,60.11208,457.780334,1536.363281,177.880432
9.533,150.148239,1465.627563,122.037743,430.957733,1328.41333,62.882088,457.127747,1541.442383,180.663071
9.542,149.376404,1466.250244,121.688271,432.209595,1333.172241,65.671516,456.474976,1546.43689,183.427734
9.55,148.439911,1466.760376,121.256149,433.303833,1337.918335,68.405418,455.557159,1551.471069,186.346832
9.558,147.37735,1467.267334,120.907043,434.268127,1342.678223,71.18354,454.656677,1556.569824,189.105515
9.567,146.440659,1467.73877,120.567284,435.154236,1347.497192,73.995216,453.801239,1561.63562,191.812149
9.575,145.493164,1468.186768,120.197769,435.915741,1352.210327,76.821877,452.688263,1566.817383,194.481369
9.583,144.461411,1468.712402,119.916824,436.569183,1357.084961,79.628105,451.590942,1571.917236,197.134201
9.592,143.452377,1469.190063,119.591057,437.168152,1361.889404,82.41552,450.301941,1576.969971,199.908875
9.6,142.543884,1469.708496,119.233437,437.592651,1366.791748,85.203194,449.206635,1582.11792,202.41095
9.608,141.515961,1470.100098,118.939583,437.932861,1371.612061,88.009583,448.02182,1587.176392,205.260452
9.617,140.428131,1470.538208,118.598404,438.119049,1376.490967,90.812401,447.067657,1592.213013,208.008698
9.625,139.532181,1470.969482,118.272385,438.259064,1381.285278,93.584122,445.963287,1597.111328,210.961273
9.633,138.338257,1471.343872,117.935402,438.182281,1386.084473,96.28315,445.066711,1602.042114,213.779099
9.642,137.322556,1471.751465,117.645782,438.05127,1390.791748,98.975952,443.93985,1606.935303,216.709015
9.65,136.347473,1472.103516,117.250931,437.859131,1395.577759,101.691551,442.958191,1611.747314,219.50618
9.658,135.150879,1472.498413,116.895302,437.541504,1400.312866,104.382156,441.747253,1616.548462,222.384613
9.667,134.182251,1472.842285,116.444008,437.15799,1404.931641,107.078041,440.707855,1621.187866,225.06366
9.675,133.156815,1473.182983,115.997604,436.552063,1409.51416,109.778023,439.406464,1625.912476,227.951157
9.683,132.205017,1473.526489,115.552292,435.941986,1414.041138,112.474266,438.294403,1630.499023,230.760162
9.692,131.090729,1473.881348,115.062851,435.11557,1418.513916,115.137093,436.959015,1634.995728,233.712311
9.7,130.121399,1474.215576,114.652168,434.305267,1422.844482,117.749039,435.656189,1639.373901,236.636734
9.708,129.062042,1474.521973,114.062111,433.305725,1427.184937,120.320107,434.411987,1643.762573,239.690674
9.717,127.996056,1474.82312,113.642265,432.295563,1431.495361,123.085899,433.061432,1647.953247,242.72876
9.725,127.047333,1475.168457,113.161118,431.06781,1435.628174,125.593033,431.819031,1652.01123,245.688644
9.733,125.905586,1475.39502,112.641495,429.896606,1439.80835,128.015381,430.335693,1656.090088,248.777618
9.742,124.897461,1475.725342,112.111,428.538727,1443.821777,130.328613,428.820587,1660.089233,251.890564
9.75,123.966095,1475.937134,111.613647,427.149048,1447.889526,132.631546,427.332062,1664.023315,254.632736
9.758,122.900002,1476.180542,111.000793,425.604218,1451.862183,134.927597,425.675507,1667.875977,257.271454
9.767,121.861496,1476.364136,110.530037,424.098328,1455.88916,137.112473,423.987518,1671.690552,260.145111
9.775,120.975914,1476.564209,109.912834,422.446045,1459.772095,139.213623,422.238312,1675.296143,263.044922
9.783,119.979897,1476.789673,109.396477,420.835815,1463.683105,141.230606,420.676819,1678.864868,265.929565
9.792,118.938126,1476.919189,108.785301,419.060913,1467.498047,143.273575,418.935242,1682.379639,268.800964
9.8,118.077141,1477.065674,108.272728,417.297272,1471.224365,145.185837,417.059387,1685.877563,271.670197
9.808,117.033417,1477.174927,107.699257,415.485229,1474.949951,147.116043,415.169952,1689.274536,274.45578
9.817,116.174362,1477.31604,107.182198,413.62674,1478.543701,148.934738,413.348541,1692.61084,277.242615
9.825,115.258194,1477.400391,106.712997,411.660614,1482.084473,150.848221,411.541382,1695.833984,279.885712
9.833,114.358101,1477.509399,106.073685,409.706543,1485.593872,152.59407,409.592377,1699.03894,282.497284
9.842,113.525291,1477.599121,105.692101,407.689545,1488.985229,154.443924,407.578552,1702.214722,284.983459
9.85,112.674889,1477.672241,105.018784,405.526825,1492.287964,156.193939,405.52124,1705.290405,287.453308
9.858,111.89872,1477.697021,104.529625,404.381012,1495.561157,157.500412,403.473969,1708.258789,289.892822
9.867,111.111931,1477.757446,103.883781,402.680878,1498.522949,158.941986,401.828156,1711.372314,292.157806
9.875,110.328552,1477.822388,103.23642,400.313049,1501.767944,160.789276,400.163055,1714.356323,294.499573
9.883,109.67424,1477.905762,102.687538,398.007446,1504.706543,162.537155,398.131073,1717.15686,296.803162
9.892,108.95768,1477.972046,102.082634,395.729248,1507.560791,164.40863,396.045532,1719.89209,299.070892
9.9,108.132011,1478.053833,101.419792,393.269745,1510.416138,166.241867,393.964081,1722.553345,301.298431
9.908,107.458015,1478.171143,100.809792,390.974518,1513.139771,168.084869,391.917725,1725.198853,303.459564
9.917,106.760666,1478.245117,100.340637,388.439819,1515.677002,169.793823,389.832062,1727.823242,305.436859
9.925,106.021965,1478.259399,99.607765,386.045868,1518.174072,171.625427,387.718658,1730.318481,307.376495
9.933,105.2967,1478.309692,99.06871,383.603607,1520.608521,173.284744,385.502991,1732.858887,309.221405
9.942,104.541161,1478.374878,98.430092,381.139893,1523.023193,174.945358,383.129883,1735.157959,311.069305
9.95,103.87291,1478.397705,97.883064,378.687927,1525.433838,176.547012,380.83963,1737.5896,312.899689
9.958,103.184013,1478.427246,97.247932,376.170685,1527.791138,178.116562,378.514557,1739.890137,314.696655
9.967,102.379601,1478.430908,96.589783,373.653717,1530.105835,179.679443,376.212616,1742.269775,316.421356
9.975,101.718475,1478.457397,95.860535,371.14209,1532.381714,181.197891,373.841766,1744.474487,318.092743
9.983,101.077805,1478.505005,95.335014,368.550079,1534.616577,182.592514,371.568634,1746.765991,319.749664
9.992,100.367989,1478.564331,94.698166,365.983154,1536.78186,184.124222,369.395905,1748.917236,321.420624
10,99.697319,1478.671631,94.113068,363.43573,1538.950562,185.571228,367.163025,1750.953613,323.085114
10.008,99.099846,1478.788574,93.587723,360.743683,1541.028931,186.977264,364.766876,1752.957886,324.630096
10.017,98.579269,1478.922119,93.07177,358.09082,1543.057373,188.369339,362.416992,1754.910645,326.198181
10.025,98.024551,1479.029785,92.531708,355.419495,1545.009155,189.832199,360.066528,1756.831421,327.712341
10.033,97.435898,1479.161743,91.980156,352.766144,1547.00354,191.1548,358.250397,1758.7229,329.344086
10.042,96.8237,1479.340942,91.484604,350.010559,1548.889404,192.474594,355.925964,1760.554443,330.747711
10.05,96.237564,1479.529053,91.104095,348.353912,1550.687134,193.54834,353.504059,1762.404419,331.992828
10.058,95.688438,1479.656616,90.49308,345.453827,1552.607422,194.714478,351.256592,1763.994873,333.286926
10.067,95.125618,1479.85498,90.049706,343.299774,1554.443604,195.605087,348.766235,1765.64978,334.485962
10.075,94.544006,1480.014404,89.557091,340.050415,1556.182129,196.939026,346.001343,1767.28418,335.436493
10.083,93.955544,1480.182617,89.026016,337.66983,1557.986572,197.792984,343.43512,1768.744751,336.502228
10.092,93.34201,1480.389526,88.572235,334.507751,1559.576294,199.031845,340.980927,1770.32666,337.535217
10.1,92.751442,1480.57251,88.12429,332.051971,1561.330078,199.92778,338.631958,1771.682495,338.597839
10.108,92.153648,1480.773438,87.592911,329.14212,1562.850098,200.948929,336.353333,1773.240723,339.564911
10.117,91.577515,1480.97998,87.083656,326.502747,1564.319092,201.878845,334.223114,1774.535889,340.577087
10.125,90.972923,1481.254639,86.589172,323.934326,1565.78479,202.886536,331.869781,1775.969116,341.535034
10.133,90.413612,1481.427368,86.087822,321.437866,1567.147949,203.838547,329.408783,1777.209717,342.467407
10.142,89.691551,1481.846069,85.787506,318.93634,1568.458374,204.701416,327.040894,1778.424316,343.376648
10.15,89.209839,1481.752441,85.266701,316.471985,1569.775146,205.698914,324.818024,1779.699707,344.209442
10.158,89.16024,1481.076294,85.376144,314.095093,1571.102173,206.543365,322.713013,1780.88208,345.043335
10.167,88.650818,1481.236938,85.107834,311.621277,1572.299194,207.452393,320.564423,1781.848511,345.958527
10.175,88.166786,1481.365479,84.826767,309.265869,1573.526245,208.313766,318.325684,1782.958862,346.80304
10.183,87.603676,1481.496704,84.430984,306.931366,1574.677979,209.189117,316.133606,1783.869751,347.658142
10.192,87.116432,1481.640259,84.101967,304.672241,1575.767578,210.036682,314.130463,1784.843994,348.426178
10.2,86.722176,1481.789307,83.911171,302.460724,1576.771606,210.772446,312.149628,1785.698975,349.277435
10.208,86.277382,1481.91272,83.661705,300.316986,1577.74231,211.628326,310.118652,1786.419678,350.224762
10.217,85.835655,1482.040405,83.459244,298.197021,1578.59668,212.322113,308.137451,1787.284912,351.01059
10.225,85.357994,1482.148926,83.080963,296.223328,1579.525513,213.176682,306.295929,1787.999878,351.792114
10.233,84.965027,1482.251587,82.821053,294.240753,1580.25293,213.971298,304.306,1788.675903,352.669556
10.242,84.599991,1482.328613,82.611458,292.362732,1581.056519,214.733017,302.32312,1789.337402,353.407898
10.25,84.288902,1482.403931,82.49501,290.501587,1581.859375,215.452057,300.506378,1790.102051,353.999573
10.258,83.970825,1482.483887,82.312759,288.645355,1582.497681,216.233154,298.58374,1790.594727,354.847717
10.267,83.64547,1482.592651,82.080345,286.836548,1583.145874,217.006516,296.59903,1791.077637,355.555267
10.275,83.270126,1482.691772,81.685501,285.065369,1583.831177,217.657654,294.913361,1791.574829,356.115875
10.283,82.844566,1482.7677,81.329956,283.338745,1584.403931,218.260361,293.11792,1792.118164,356.790497
10.292,82.510689,1482.821167,81.183632,281.742767,1584.975586,218.907501,291.217957,1792.51123,357.415161
10.3,82.165497,1482.901245,81.06234,280.082336,1585.518799,219.535797,289.577026,1792.989624,357.914398
10.308,81.828079,1483.036011,80.848167,278.487152,1586.073853,220.098282,287.849457,1793.389771,358.546722
10.317,81.446915,1483.121338,80.588234,277.0242,1586.698853,220.537704,286.185333,1793.922119,358.998383
10.325,81.120171,1483.174194,80.365112,275.542816,1587.180664,221.040802,284.595276,1794.496216,359.374023
10.333,80.777611,1483.259399,80.043846,274.101532,1587.75647,221.415482,282.943085,1794.86792,359.80481
10.342,80.472145,1483.406006,79.871338,272.77359,1588.249146,221.841339,281.39682,1795.260376,360.135681
10.35,80.126884,1483.534302,79.630356,271.487549,1588.817383,222.153244,279.829803,1795.669678,360.495209
10.358,79.836685,1483.660522,79.496811,270.248871,1589.327515,222.501968,278.451172,1795.993896,360.797821
10.367,79.523216,1483.800171,79.368935,269.011292,1589.681763,222.972412,276.951141,1796.358887,361.221802
10.375,79.161133,1483.957275,79.319916,267.836334,1590.030273,223.261612,275.648285,1796.581055,361.560791
10.383,78.795227,1484.143066,79.252068,266.731415,1590.311646,223.569016,274.356445,1796.689575,362.035004
10.392,78.424568,1484.293579,79.080261,265.579865,1590.594604,223.933151,273.240906,1796.743286,362.500336
10.4,78.06543,1484.435669,78.930534,264.534424,1590.884399,224.221756,272.171082,1796.745728,363.013184
10.408,77.659927,1484.569092,78.85125,263.478821,1591.079102,224.495529,271.16214,1796.686157,363.519684
10.417,77.261703,1484.694702,78.69799,262.663361,1591.275269,224.67244,270.300354,1796.655029,363.947205
10.425,76.923668,1484.820435,78.679489,261.883545,1591.440552,224.774353,269.386932,1796.647095,364.454742
10.433,76.674683,1484.916748,78.608627,261.095764,1591.675049,224.903305,268.510925,1796.632446,364.829865
10.442,76.441177,1485.012085,78.494675,260.414093,1591.830811,224.956757,267.699799,1796.597656,365.11142
10.45,76.260239,1485.06665,78.395424,259.934021,1592.009644,224.955078,266.854248,1796.533813,365.433533
10.458,76.127037,1485.121704,78.294022,259.562317,1592.175659,224.870728,266.046539,1796.549316,365.667389
10.467,76.017426,1485.153809,78.209671,259.260132,1592.363037,224.819656,265.385834,1796.532349,365.904724
10.475,75.934105,1485.149902,78.064873,259.067719,1592.441406,224.611145,264.807648,1796.476562,366.138031
10.483,75.882317,1485.129517,78.039131,258.968658,1592.497559,224.512482,264.198395,1796.362549,366.446533
10.492,75.847847,1485.107788,77.945358,258.894318,1592.486816,224.414627,263.697418,1796.198853,366.725342
10.5,75.841972,1485.086182,77.879623,258.834259,1592.474365,224.382919,263.362762,1796.03833,366.953278
10.508,75.826561,1485.037354,77.835571,258.789398,1592.394775,224.36586,263.243073,1795.822876,367.191132
10.517,75.837952,1485.017456,77.72879,258.771057,1592.255981,224.35968,263.222504,1795.522827,367.472809
10.525,75.878799,1485.009644,77.663498,258.779327,1592.069092,224.402023,263.313354,1795.047119,367.841827
10.533,75.927864,1485.02356,77.55938,258.795288,1591.878784,224.500824,263.416016,1794.626343,368.15094
10.542,75.978386,1485.018799,77.525696,258.847809,1591.634644,224.603958,263.707733,1794.240234,368.398407
10.55,76.032959,1485.030151,77.474953,258.970215,1591.332764,224.71579,264.130371,1793.841431,368.684326
10.558,76.091484,1485.049438,77.427055,259.115997,1591.036865,224.904816,264.539734,1793.428711,368.976257
10.567,76.167236,1485.052734,77.391533,259.251373,1590.638916,224.980087,265.066559,1792.968384,369.239716
10.575,76.25164,1485.060547,77.3414,259.491852,1590.248901,225.059006,265.615692,1792.533203,369.501099
10.583,76.369171,1485.067505,77.348824,259.78717,1589.924316,225.134079,266.313293,1792.068115,369.732788
10.592,76.471916,1485.069336,77.409592,260.081482,1589.62439,225.191925,266.81897,1791.714355,370.008972
10.6,76.584114,1485.039917,77.41214,260.398438,1589.379517,225.234375,267.311615,1791.383423,370.110748
10.608,76.698158,1485.024658,77.47348,260.750214,1589.2229,225.228531,267.842621,1791.037354,370.247009
10.617,76.837265,1484.995605,77.517006,261.158264,1589.04187,225.151291,268.321625,1790.665161,370.366913
10.625,76.97168,1484.960327,77.580528,261.507599,1588.854736,225.116653,268.894745,1790.331299,370.453949
10.633,77.091248,1484.908447,77.663376,261.935913,1588.652588,225.097076,269.675568,1789.963745,370.498352
10.642,77.225204,1484.852539,77.732651,262.307678,1588.409302,224.958557,270.300354,1789.69458,370.588013
10.65,77.376007,1484.772217,77.820183,262.740875,1588.14624,224.883194,270.84198,1789.43042,370.582611
10.658,77.548508,1484.71106,77.907036,263.174286,1587.858276,224.838806,271.382904,1789.136841,370.583923
10.667,77.745445,1484.652466,78.059975,263.56955,1587.612183,224.773941,272.019867,1788.909546,370.520996
10.675,77.910103,1484.584473,78.117531,264.131531,1587.371826,224.631042,272.871948,1788.789551,370.294098
10.683,78.081924,1484.508423,78.207626,264.687927,1587.092041,224.506256,273.645874,1788.559448,370.237213
10.692,78.238365,1484.422485,78.362267,265.309906,1586.906128,224.353165,274.314514,1788.366333,370.046417
10.7,78.388367,1484.317993,78.560341,265.934296,1586.726074,224.177612,275.22403,1788.276123,369.707092
10.708,78.521019,1484.172852,78.771912,266.579742,1586.569214,223.833542,276.290131,1788.148315,369.25528
10.717,78.646667,1484.035767,79.141808,267.327881,1586.48584,223.408218,277.280151,1788.172119,368.821716
10.725,78.778427,1483.866943,79.373306,268.089203,1586.453735,222.947311,278.575714,1788.239014,368.111511
10.733,78.951515,1483.728271,79.652008,268.931366,1586.395752,222.398483,279.794189,1788.42395,367.455658
10.742,79.120644,1483.588135,79.983467,269.850403,1586.435059,221.770874,281.383545,1788.576294,366.593903
10.75,79.311386,1483.443604,80.176628,270.800568,1586.447144,221.197342,282.987427,1788.755615,365.790833
10.758,79.465363,1483.264893,80.598839,271.898071,1586.349731,220.607147,284.661865,1788.897583,364.81485
10.767,79.70018,1483.183594,80.929459,273.127411,1586.303101,219.941803,286.700043,1789.146118,363.728943
10.775,80.043205,1483.129028,81.238289,274.343048,1586.207153,219.256989,288.791931,1789.388794,362.604614
10.783,80.385048,1483.078247,81.690041,275.804565,1586.084595,218.561859,290.9841,1789.568237,361.434326
10.792,80.692039,1483.096191,82.055099,277.321198,1585.90686,217.880753,293.124207,1789.758301,360.269165
10.8,81.055527,1483.046875,82.352356,278.999115,1585.66748,217.075348,295.350739,1789.944946,359.013336
10.808,81.472748,1482.996582,82.755882,280.851929,1585.41333,216.268097,297.646057,1790.09375,357.734955
10.817,81.875877,1482.922852,83.202545,282.672546,1585.120972,215.37149,300.002319,1790.225586,356.33252
10.825,82.314125,1482.866821,83.675369,284.763489,1584.826904,214.510742,302.499115,1790.414185,354.899261
10.833,82.882423,1482.779541,84.337799,286.810242,1584.480225,213.506836,305.015228,1790.480713,353.408691
10.842,83.337013,1482.673706,84.782181,289.004913,1584.091309,212.409454,307.498352,1790.56604,351.820618
10.85,83.777077,1482.592285,85.292786,291.2435,1583.540283,211.39949,310.07547,1790.595825,350.257416
10.858,84.245941,1482.520752,85.829514,293.586578,1583.013184,210.262207,312.6651,1790.511108,348.57959
10.867,84.736801,1482.459351,86.454956,296.01297,1582.324585,209.062286,315.296356,1790.376831,346.857727
10.875,85.278435,1482.333984,87.040665,298.541626,1581.645752,207.704071,318.056427,1790.123779,345.098938
10.883,85.753761,1482.220825,87.550476,301.106201,1580.898682,206.398376,320.889923,1789.79895,343.260956
10.892,86.232849,1482.091797,88.175438,303.749847,1580.040894,205.057892,323.658661,1789.421631,341.476959
10.9,86.787315,1481.998779,88.77047,306.477417,1579.166992,203.551254,326.381592,1788.958496,339.652832
10.908,87.421593,1481.838501,89.325615,309.250092,1578.094849,202.107925,329.202362,1788.287598,337.89032
10.917,88.124443,1481.69043,89.930023,312.144531,1577.036987,200.625336,332.048065,1787.38147,336.256073
10.925,88.804543,1481.514282,90.470139,315.013702,1575.861328,199.045074,334.971527,1786.498047,334.569519
10.933,89.434021,1481.296631,90.966171,317.916168,1574.585449,197.357773,338.108765,1785.346558,332.956879
10.942,90.167877,1481.028076,91.566833,320.874939,1573.259521,195.574173,341.368347,1784.151855,331.240143
10.95,90.875618,1480.728394,92.086098,323.754425,1571.825439,193.766602,344.512299,1782.743164,329.598633
10.958,91.516174,1480.583252,92.310944,326.78302,1570.366333,191.806305,347.502411,1781.384277,327.872925
10.967,92.284698,1480.483887,92.798561,329.963837,1568.848389,189.749557,350.517761,1779.716675,326.225067
10.975,93.044601,1480.327759,93.325989,333.078461,1567.185913,187.621109,353.43454,1778.05835,324.516876
10.983,93.730034,1480.151245,93.524826,336.079224,1565.418335,185.467285,356.308563,1776.266113,322.704956
10.992,94.504204,1480.027588,94.058868,339.345276,1563.52417,183.317368,359.242798,1774.408691,320.863525
11,95.027382,1480.755981,93.670868,342.664673,1561.604248,180.962646,362.224365,1772.460815,318.937653
11.008,95.668907,1480.643311,94.129181,345.968597,1559.547852,178.588882,365.212097,1770.437012,316.932281
11.017,96.4319,1480.320435,94.607735,349.33078,1557.400391,176.298874,367.982178,1768.213867,315.085846
11.025,97.285194,1480.020386,95.113976,352.611084,1555.185181,174.027817,370.697449,1765.728394,313.239899
11.033,98.048813,1479.717896,95.553352,355.846497,1552.817871,171.658371,373.450195,1763.177002,311.444092
11.042,98.790215,1479.401489,95.945671,358.992126,1550.380737,169.261032,376.151672,1760.535522,309.609375
11.05,99.551468,1479.169189,96.470215,362.154968,1547.934814,166.869522,378.862976,1757.840454,307.83963
11.058,100.38224,1479.020386,96.970772,365.31842,1545.441284,164.608978,381.528992,1754.988525,306.036621
11.067,101.10096,1478.834229,97.287796,368.510986,1542.758545,162.10611,384.09137,1752.082031,304.119171
11.075,101.858704,1478.651367,97.753593,371.44516,1539.905029,159.714737,386.452362,1749.028076,302.166901
11.083,102.656204,1478.485962,98.212723,374.337769,1536.967651,157.802689,388.866638,1745.873657,300.141937
11.092,103.535194,1478.324951,98.650024,376.968628,1533.70166,155.889832,391.229065,1742.517212,298.21106
11.1,104.379761,1478.158325,99.174393,379.883118,1530.564209,153.685791,393.515625,1739.098999,296.210693
11.108,105.252724,1477.983643,99.559776,382.689514,1527.248535,151.610992,395.7854,1735.787476,294.11557
11.117,106.103058,1477.771851,100.023529,385.401093,1523.925781,149.443192,398.072388,1732.452393,291.961548
11.125,107.04023,1477.636841,100.408218,388.049622,1520.631958,147.201218,400.199371,1729.033569,289.811829
11.133,107.869881,1477.437134,100.65847,390.650421,1517.265991,145.007278,402.274628,1725.587036,287.586029
11.142,108.681,1477.223755,100.977295,393.142792,1513.87146,142.865341,404.128937,1722.018433,285.383667
11.15,109.595718,1477.034302,101.441223,395.654846,1510.35437,140.696304,406.029236,1718.435547,283.070099
11.158,110.424797,1476.849365,101.668808,398.099396,1506.756592,138.50885,407.985626,1714.732422,280.775726
11.167,111.310211,1476.653809,102.046928,400.457916,1503.058716,136.289764,409.640625,1710.77478,278.493561
11.175,112.29287,1476.394653,102.581474,402.893066,1499.137695,134.205307,411.133087,1706.882812,276.22345
11.183,113.104431,1476.160278,102.834862,405.102356,1495.196411,131.982422,412.893433,1702.838867,273.903351
11.192,113.980286,1476.013916,103.20739,407.428528,1491.142334,129.803406,414.707275,1698.765991,271.595856
11.2,114.963554,1475.844238,103.626091,409.614532,1487.07312,127.625404,416.10791,1694.622314,269.301483
11.208,115.910263,1475.6604,103.807907,411.722778,1482.934082,125.475677,417.642303,1690.358521,266.947266
11.217,116.80162,1475.535889,104.120537,413.762054,1478.753662,123.34864,418.840149,1686.166748,264.603668
11.225,117.772736,1475.351807,104.40834,415.705414,1474.598633,121.18882,420.172485,1681.790894,262.188416
11.233,118.881737,1475.135498,104.686523,417.567719,1470.30835,119.00042,421.300171,1677.44519,259.823334
11.242,119.853935,1474.951294,105.035156,419.270569,1466.039673,116.807709,422.522736,1672.952637,257.4552
11.25,120.83622,1474.674072,105.369568,421.010834,1461.723511,114.537376,423.616516,1668.455811,255.186081
11.258,121.979912,1474.48877,105.813377,422.599304,1457.311279,112.245728,424.827454,1663.768799,253.074829
11.267,122.869919,1474.222534,106.109566,424.170868,1452.959961,109.858086,425.773041,1659.043457,250.741241
11.275,123.77906,1474.025146,106.515778,425.616272,1448.496948,107.574989,426.881439,1654.166016,248.335083
11.283,124.755295,1473.861084,106.890572,427.031494,1443.975708,105.137131,427.579834,1649.274536,246.106735
11.292,125.638245,1473.691772,107.13028,428.239655,1439.425537,102.561241,428.310883,1644.423584,243.767868
11.3,126.582726,1473.518066,107.561035,429.468811,1434.801147,100.259163,429.040771,1639.420044,241.277466
11.308,127.54364,1473.270752,107.888062,430.512207,1430.13269,97.906136,429.517242,1634.629761,238.855057
11.317,128.505646,1472.962891,108.089729,431.471039,1425.530029,95.496681,429.957947,1629.697144,236.41095
11.325,129.530869,1472.603882,108.574585,432.345856,1420.906616,93.077721,430.363861,1624.808838,233.899063
11.333,130.500992,1472.286865,108.875259,433.126312,1416.229736,90.714424,430.780548,1619.890503,231.384125
11.342,131.601761,1471.830933,109.289566,433.740997,1411.484497,88.341438,430.978363,1614.930298,228.894928
11.35,132.599045,1471.447632,109.691483,434.332489,1406.734497,85.893265,431.10498,1609.915527,226.376343
11.358,133.698761,1471.03479,110.009628,434.77002,1401.954712,83.476868,431.228455,1604.943115,223.764725
11.367,134.803314,1470.66687,110.502106,435.088623,1397.104248,81.094971,431.266479,1599.986694,221.112076
11.375,135.759506,1470.304199,110.75116,435.40686,1392.233765,78.69223,431.215271,1594.977173,218.382339
11.383,136.86615,1469.939819,111.194122,435.532135,1387.365601,76.250801,431.12262,1589.98938,215.608917
11.392,137.84758,1469.615112,111.550804,435.621887,1382.425659,73.826424,430.865601,1584.988892,212.665634
11.4,138.756775,1469.287354,111.881813,435.625183,1377.432251,71.458961,430.432892,1580.055176,209.650742
11.408,139.747482,1468.991333,112.363403,435.589813,1372.387085,69.099937,429.987244,1575.101807,206.415268
11.417,140.773819,1468.642822,112.745712,435.423279,1367.166992,66.768822,429.416748,1570.190308,203.298782
11.425,141.890091,1468.199951,113.23748,435.083557,1362.047485,64.441223,428.936829,1565.18396,200.110306
11.433,142.895187,1467.733765,113.729225,434.670868,1356.814331,62.156738,428.381287,1560.213379,197.088776
11.442,144.126251,1467.315674,114.153732,434.020325,1351.693481,59.858105,427.904541,1555.203979,194.058838
11.45,145.169846,1466.890381,114.51178,433.335938,1346.554443,57.580879,427.334473,1550.226196,191.231018
11.458,146.312943,1466.468506,114.822342,432.537903,1341.375732,55.337994,426.727936,1545.190796,188.192551
11.467,147.455978,1466.161987,115.150108,431.578064,1336.266724,53.20364,426.007019,1540.198975,185.251831
11.475,148.474976,1465.817993,115.408539,430.606842,1331.031494,51.08316,425.217438,1535.282471,182.122849
11.483,149.507736,1465.527832,115.685944,429.461853,1325.858887,49.100311,424.207306,1530.444824,178.972885
11.492,150.571274,1465.152222,115.809349,428.212738,1320.568726,47.167458,423.006805,1525.629028,175.81546
11.5,151.469376,1464.788452,116.04187,426.786896,1315.4021,45.25832,421.755341,1520.96106,172.618698
11.508,152.487274,1464.331299,116.226227,425.306335,1310.295898,43.423843,420.558167,1516.346802,169.448944
11.517,153.448608,1463.864502,116.270287,423.712585,1305.27832,41.649982,419.36911,1511.867676,166.371338
11.525,154.337921,1463.418457,116.424332,421.876495,1300.39502,39.856743,418.187439,1507.485352,163.272614
11.533,155.243942,1462.972534,116.664223,420.147675,1295.555908,38.169273,416.950867,1503.112793,160.358307
11.542,156.085876,1462.603271,116.750984,418.298492,1290.786133,36.528313,415.501465,1498.841553,157.575974
11.55,157.000748,1462.23877,116.797256,416.439117,1286.179932,34.885841,414.263245,1494.604614,154.731903
11.558,157.821732,1461.796265,116.949913,414.480621,1281.57959,33.326015,413.07254,1490.456543,151.904251
11.567,158.53746,1461.463623,117.059113,412.50708,1277.061035,31.825867,411.802979,1486.334961,149.168518
11.575,159.414856,1461.099854,117.148605,410.518372,1272.629272,30.369425,410.444611,1482.171021,146.550781
11.583,160.318558,1460.743774,117.266418,408.401154,1268.206665,28.960987,409.138855,1478.11084,143.967438
11.592,161.13913,1460.332031,117.292824,406.233276,1263.853882,27.649515,407.905212,1474.10144,141.508896
11.6,161.928391,1459.823608,117.322777,404.095367,1259.611694,26.232983,406.667114,1470.243042,139.239532
11.608,162.857574,1459.384155,117.34639,401.839417,1255.528076,24.88151,405.258972,1466.295776,137.163269
11.617,163.690002,1458.964478,117.366432,399.581299,1251.597778,23.573807,403.98114,1462.492432,135.313416
11.625,164.369827,1458.529175,117.391167,397.337036,1247.792969,22.202679,402.856262,1458.693359,133.528397
11.633,165.106949,1458.118286,117.304787,395.158112,1243.994263,20.854553,401.537872,1454.926758,131.860413
11.642,166.034042,1457.700562,117.191216,392.813934,1240.277466,19.57267,400.221802,1451.198853,130.477142
11.65,166.72728,1457.345581,117.102379,390.459412,1236.66272,18.243917,399.129608,1447.465454,128.970612
11.658,167.38562,1456.963379,117.023499,388.080536,1233.271729,16.893188,397.952423,1443.82251,127.615707
11.667,168.080597,1456.599731,116.95858,385.782227,1229.876221,15.513393,396.754272,1440.255371,126.466629
11.675,168.911026,1456.219116,117.001244,383.133179,1226.591797,13.994924,395.641174,1436.782349,125.15609
11.683,169.578827,1455.786865,117.031639,380.783783,1223.466919,12.618382,394.579041,1433.314697,124.019768
11.692,170.132339,1455.363403,117.062462,378.512604,1220.66272,11.167173,393.430511,1429.978394,122.89994
11.7,170.718704,1454.945312,117.052872,376.05249,1217.93335,9.629547,392.413147,1426.821899,121.914093
11.708,171.411026,1454.539795,117.119942,373.558899,1215.509644,8.068775,391.343994,1423.688843,121.020386
11.717,172.114929,1454.16626,117.127953,371.322052,1212.984985,6.52404,390.236542,1420.749756,120.118011
11.725,172.612915,1453.820923,117.110893,369.285645,1210.84375,4.939764,389.063477,1418.025391,119.220154
11.733,173.078079,1453.417725,117.080917,367.123962,1208.796875,3.392786,388.044189,1415.423828,118.48912
11.742,173.481613,1453.038574,117.04113,365.436615,1206.824707,1.725529,386.910095,1412.973022,117.631706
11.75,173.899048,1452.634033,116.928314,363.517365,1205.143311,0.081972,385.83963,1410.607544,116.908661
11.758,174.413391,1452.295776,116.897385,361.776184,1203.579224,-1.529311,384.606262,1408.449951,116.045296
11.767,174.823669,1451.962402,116.8974,359.94046,1202.16626,-3.218751,383.401489,1406.362793,115.282043
11.775,175.251236,1451.658936,116.891701,358.313873,1200.651123,-4.853538,382.146637,1404.429077,114.41523
11.783,175.572556,1451.366943,116.868347,356.594025,1199.401489,-6.43736,380.982178,1402.625122,113.640358
11.792,175.847824,1451.074219,116.855545,354.973846,1198.15625,-8.037374,379.887177,1400.914795,112.690071
11.8,176.077866,1450.74707,116.825432,353.233154,1196.952393,-9.686858,378.766632,1399.310913,111.850761
11.808,176.224747,1450.45459,116.556534,351.78241,1195.799194,-11.170094,377.714233,1397.759766,111.00705
11.817,176.393784,1450.208862,116.437668,350.141327,1194.801147,-12.725213,376.818024,1396.302368,110.125511
11.825,176.584183,1449.968872,116.298409,348.441925,1193.878662,-14.272215,375.955902,1394.854492,109.245293
11.833,176.7099,1449.763184,116.150856,346.958496,1192.927246,-15.644804,375.171783,1393.490234,108.363815
11.842,176.822113,1449.568848,116.026527,345.242126,1191.927368,-17.096588,374.51651,1392.109863,107.462234
11.85,176.936691,1449.374023,115.910202,343.633972,1190.978516,-18.423296,373.933197,1390.753052,106.63311
11.858,177.038177,1449.21106,115.800102,341.966431,1190.092041,-19.791735,373.396515,1389.453125,105.838608
11.867,177.121246,1449.035522,115.678841,340.571503,1189.276001,-20.937185,372.928925,1388.168701,105.132591
11.875,177.198654,1448.833252,115.549492,339.12146,1188.460083,-22.061991,372.551758,1386.980835,104.454147
11.883,177.263092,1448.61731,115.435089,337.735413,1187.645874,-22.780176,372.206512,1385.752563,103.854218
11.892,177.347992,1448.381714,115.304138,336.545593,1186.844604,-23.923834,371.939026,1384.543823,103.407707
11.9,177.424973,1448.159668,115.237961,335.25354,1186.084595,-24.434883,371.682678,1383.347046,103.013466
11.908,177.525208,1447.978149,115.1325,334.321289,1185.32666,-24.995636,371.459717,1382.348145,102.701874
11.917,177.625778,1447.802124,115.050331,333.368622,1184.573608,-25.472723,371.258423,1381.372192,102.369514
11.925,177.728455,1447.608154,114.973183,332.613922,1183.876465,-26.081772,371.035889,1380.499634,102.034966
11.933,177.825287,1447.427856,114.899391,331.945221,1183.130005,-26.182989,370.786652,1379.624878,101.886169
11.942,177.899643,1447.250122,114.87249,331.399261,1182.334717,-26.127439,370.547607,1378.88208,101.773605
11.95,177.987564,1447.101685,114.818611,330.888824,1181.596069,-26.02178,370.460999,1378.194214,101.639938
11.958,178.100189,1446.968384,114.791695,330.490997,1180.774902,-25.76235,370.448029,1377.571289,101.470955
11.967,178.267792,1446.822876,114.801704,330.006836,1179.884644,-24.975552,370.497833,1376.997314,101.309166
11.975,178.443268,1446.718018,114.789986,329.624756,1179.015015,-24.664606,370.507538,1376.390991,101.142517
11.983,178.618439,1446.580078,114.734123,329.235382,1178.104126,-24.06093,370.590179,1375.853027,100.896683
11.992,178.786118,1446.443604,114.626923,328.829498,1177.180298,-23.452711,370.807404,1375.320679,100.630188
12,178.976379,1446.276367,114.486008,328.434113,1176.380737,-22.877218,371.036041,1374.805908,100.43483
12.008,179.144226,1446.16333,114.374634,327.989899,1175.520508,-21.967857,371.218384,1374.389771,100.31118
12.017,179.328232,1446.062866,114.228004,327.778381,1174.960815,-21.837276,371.328613,1373.989502,100.217453
12.025,179.452744,1445.963623,114.132378,327.547455,1174.447998,-21.440083,371.416199,1373.625977,100.161232
12.033,179.569244,1445.856445,114.07917,327.445068,1174.018311,-21.097504,371.468048,1373.287231,100.167198
12.042,179.677902,1445.753174,114.064301,327.396545,1173.663818,-20.878157,371.513947,1372.989868,100.219597
12.05,179.763382,1445.614746,114.137344,327.42569,1173.397461,-20.717569,371.523163,1372.683228,100.365143
12.058,179.858093,1445.493896,114.234428,327.437164,1173.160889,-20.255835,371.551514,1372.43396,100.545876
12.067,179.944916,1445.374878,114.342209,327.582092,1173.025757,-20.101931,371.677979,1372.246826,100.7668
12.075,180.032684,1445.281494,114.469643,327.779938,1172.883179,-19.909733,371.808136,1372.143799,100.932808
12.083,180.104935,1445.208984,114.558205,328.003357,1172.80249,-19.669865,371.960327,1372.130737,101.067917
12.092,180.205414,1445.153809,114.716858,328.343842,1172.744019,-19.680429,372.140869,1372.198608,101.193909
12.1,180.304565,1445.115601,114.846931,328.712158,1172.707031,-19.322392,372.362335,1372.339478,101.286331
12.108,180.399094,1445.082764,114.942451,329.159241,1172.684692,-18.844276,372.624176,1372.541016,101.392349
12.117,180.485718,1445.072144,115.008972,329.655457,1172.68689,-18.266964,372.952576,1372.79248,101.595589
12.125,180.602722,1445.072144,115.093788,330.193268,1172.780884,-17.695646,373.288605,1373.118042,101.808029
12.133,180.699982,1445.10022,115.162231,330.873199,1172.859009,-16.967869,373.717163,1373.550659,102.129898
12.142,180.78981,1445.122314,115.249672,331.628876,1172.986328,-15.820587,374.157227,1374.040283,102.484856
12.15,180.897705,1445.161377,115.306839,332.514435,1173.242065,-15.08504,374.527039,1374.570801,102.873451
12.158,180.986801,1445.203369,115.373886,333.639252,1173.475952,-14.086507,374.949585,1375.217896,103.370911
12.167,181.07576,1445.227783,115.439316,334.803253,1173.90332,-13.394574,375.46814,1375.94043,104.07061
12.175,181.175064,1445.282227,115.513626,336.180511,1174.341431,-12.381399,375.987244,1376.743164,104.777451
12.183,181.250977,1445.357788,115.597321,337.694305,1174.969849,-11.236029,376.521729,1377.727539,105.560692
12.192,181.320236,1445.456177,115.658218,339.282257,1175.658203,-10.1406,377.048279,1378.795166,106.504814
12.2,181.398773,1445.59314,115.704163,341.052185,1176.463745,-8.933864,377.650299,1380.023315,107.458084
12.208,181.444458,1445.771606,115.7939,342.965485,1177.463623,-7.643782,378.290405,1381.378906,108.435417
12.217,181.493607,1446.024292,115.871109,344.984467,1178.640625,-6.338146,379.069366,1382.92334,109.644516
12.225,181.497681,1446.316162,116.008415,347.19397,1179.940796,-4.921649,379.851349,1384.573364,110.68026
12.233,181.480515,1446.598633,116.133804,349.453674,1181.297852,-3.480899,380.75705,1386.451904,111.857613
12.242,181.407928,1446.899414,116.287529,351.821747,1182.758667,-2.137464,381.690857,1388.410278,112.958908
12.25,181.296478,1447.215942,116.394135,354.383942,1184.557129,-0.673463,382.682068,1390.587891,114.170074
12.258,181.197205,1447.488281,116.500404,356.73053,1186.415771,0.791381,383.788544,1392.868408,115.26992
12.267,181.070328,1447.781128,116.648575,359.44751,1188.514648,2.2875,384.958282,1395.273071,116.570801
12.275,180.949951,1448.123779,116.790367,362.207062,1190.582642,3.822744,386.120972,1397.775635,117.703384
12.283,180.803619,1448.526978,116.939125,365.197296,1192.924927,5.504639,387.364166,1400.376831,119.15567
12.292,180.634155,1448.904297,117.068123,367.919739,1195.288818,7.014479,388.648346,1403.165161,120.457085
12.3,180.443146,1449.26355,117.169853,370.94397,1197.775269,8.762115,389.959778,1406.017578,121.93428
12.308,180.222885,1449.649658,117.166679,373.876923,1200.424805,10.596953,391.328339,1408.915649,123.608696
12.317,179.918533,1450.102783,117.158936,376.917297,1203.134399,12.436621,392.765747,1411.904907,125.15123
12.325,179.709045,1450.491577,117.274406,379.945801,1206.008545,14.379884,394.1745,1414.989014,126.858429
12.333,179.469879,1450.94165,117.279602,383.073212,1208.805908,16.299505,395.522919,1418.245239,128.614609
12.342,179.214615,1451.367554,117.26123,386.242615,1211.712402,18.345266,396.949524,1421.528931,130.376862
12.35,178.907089,1451.821777,117.138733,389.235382,1214.796509,20.38858,398.193207,1424.947388,132.309021
12.358,178.535797,1452.272705,117.069069,392.202789,1218.049072,22.540726,399.448456,1428.351685,134.146362
12.367,178.094543,1452.746216,116.972961,395.26651,1221.293945,24.698425,400.841644,1432.007446,136.174255
12.375,177.601044,1453.210083,116.913193,398.136963,1224.649292,26.929188,402.217712,1435.571899,138.226349
12.383,177.038513,1453.740601,116.854553,401.057281,1228.168579,29.170065,403.52594,1439.193237,140.437866
12.392,176.625305,1454.266968,116.806702,403.856842,1231.781738,31.553198,404.848969,1442.934448,142.710419
12.4,176.18924,1454.750122,116.752052,406.779449,1235.463013,33.878883,406.197327,1446.72583,145.088669
12.408,175.731628,1455.295288,116.569061,409.542236,1239.261353,36.302467,407.656372,1450.684937,147.626633
12.417,175.105713,1455.863647,116.465942,412.327057,1243.182983,38.788029,409.056122,1454.779053,150.080902
12.425,174.397232,1456.387695,116.378281,415.155457,1247.220337,41.306545,410.245209,1458.860962,152.534286
12.433,173.832794,1456.87207,116.322151,417.773773,1251.319092,43.863586,411.43808,1463.062134,155.038254
12.442,173.323563,1457.317261,116.180664,420.394592,1255.570435,46.45195,412.585815,1467.336304,157.67688
12.45,172.756607,1457.785156,115.988899,423.006714,1259.908569,49.070198,413.790833,1471.680664,160.380432
12.458,171.975952,1458.372192,115.762238,425.481995,1264.279053,51.781849,414.930603,1476.102539,163.168747
12.467,171.298004,1458.921509,115.646927,427.738068,1268.742065,54.479412,416.072418,1480.571899,166.038635
12.475,170.645432,1459.423096,115.408775,430.074127,1273.304077,57.250351,417.244812,1485.124634,168.937805
12.483,169.914993,1459.85376,115.182899,432.201233,1277.846924,60.061722,418.378174,1489.665405,171.895828
12.492,169.031586,1460.355835,115.029144,434.262512,1282.386353,63.03986,419.64093,1494.25415,174.89502
12.5,168.249298,1460.801758,114.901917,436.104401,1287.206421,65.689758,420.790253,1498.931152,177.874405
12.508,167.458893,1461.362061,114.736298,437.8591,1291.959473,68.432533,421.832123,1503.690918,180.693802
12.517,166.647964,1461.848999,114.536018,439.644257,1296.560547,71.19809,422.836151,1508.466553,183.606689
12.525,165.722229,1462.38147,114.42791,441.133575,1301.341309,73.950172,423.745026,1513.289673,186.48674
12.533,164.915085,1462.962036,114.176208,442.530975,1306.208252,76.692451,424.786865,1518.064941,189.509995
12.542,163.990646,1463.47522,113.86348,443.816528,1311.037964,79.459763,425.751404,1522.876099,192.641296
12.55,163.076019,1463.990967,113.694748,445.051239,1315.883179,82.229042,426.625458,1527.679199,195.782318
12.558,162.138885,1464.463379,113.389847,446.039795,1320.791138,85.032806,427.394409,1532.519287,199.012375
12.567,161.207306,1464.946167,113.07547,447.028992,1325.670044,87.751129,428.039764,1537.313599,202.31546
12.575,160.318588,1465.370117,112.886734,447.759369,1330.615723,90.572525,428.648132,1542.176147,205.575882
12.583,159.221237,1465.80127,112.441246,448.606171,1335.527832,93.372032,429.054718,1547.052856,208.69133
12.592,158.342682,1466.267944,112.157173,449.215027,1340.525757,96.17366,429.319122,1552.051147,211.776047
12.6,157.363144,1466.684082,111.866829,449.707062,1345.480713,98.989342,429.614136,1557.119507,214.838547
12.608,156.250519,1467.119751,111.38195,450.072021,1350.577637,101.782417,429.878357,1562.205688,218.017502
12.617,155.323898,1467.518921,110.982719,450.268402,1355.631104,104.581497,430.169922,1567.239502,221.221848
12.625,154.217407,1467.913574,110.459892,450.41098,1360.688721,107.386597,430.405304,1572.253784,224.500916
12.633,153.093628,1468.327881,110.060318,450.381287,1365.813232,110.210335,430.686615,1577.332031,227.860535
12.642,152.050385,1468.709351,109.457939,450.281586,1370.841064,113.053482,430.779114,1582.259521,230.844833
12.65,150.973679,1469.074585,109.039528,450.013947,1375.860596,116.029762,430.630219,1587.180786,234.402878
12.658,149.745682,1469.415161,108.385689,449.61795,1380.824829,119.088539,430.286835,1592.042114,237.720657
12.667,148.712036,1469.605347,107.850876,449.199493,1385.723389,122.108498,429.798767,1596.969238,240.932632
12.675,147.613205,1469.761108,107.172974,448.584473,1390.553589,125.204865,429.016876,1601.807495,244.249817
12.683,146.530884,1469.921265,106.589096,447.777924,1395.343628,128.480316,428.220337,1606.700195,247.528015
12.692,145.601425,1470.057983,105.863831,446.89502,1400.079102,131.70491,427.212952,1611.506226,251.055359
12.7,144.521225,1470.117188,105.157417,445.784119,1404.775513,134.965286,426.285034,1616.23584,254.629974
12.708,143.454941,1470.258057,104.519737,444.584991,1409.426758,138.158844,425.096039,1620.873535,258.389862
12.717,142.450943,1470.384644,103.82151,443.202454,1414.034302,141.37117,423.835754,1625.493286,261.995392
12.725,141.465012,1470.474243,103.111633,441.639984,1418.477417,145.097946,422.444672,1630.034424,265.5242
12.733,140.345169,1470.56311,102.504814,440.015381,1422.999512,148.254501,420.796143,1634.536743,269.030884
12.742,139.290268,1470.671265,101.951309,438.399384,1427.405273,151.358994,419.093506,1638.95166,272.468719
12.75,138.198959,1470.727905,101.361496,436.576935,1431.73645,154.418427,417.416809,1643.351318,275.827332
12.758,137.057663,1470.837646,100.912041,435.42868,1436.0625,156.884567,415.799957,1647.625488,279.235748
12.767,135.925568,1470.932495,100.512581,433.938202,1440.068237,159.531586,414.044678,1651.826538,282.25
12.775,134.806961,1470.983276,100.03904,431.553223,1444.297974,162.502335,412.236023,1656.012817,285.652863
12.783,133.73465,1471.102661,99.664551,429.226929,1448.404419,165.27124,410.525391,1659.979004,289.039246
12.792,132.63121,1471.179565,99.298409,426.782806,1452.454102,167.915039,408.944458,1663.994141,292.384521
12.8,131.631714,1471.243774,98.955734,424.27298,1456.362061,170.517853,407.302643,1667.85791,295.597565
12.808,130.520737,1471.348999,98.568794,421.731689,1460.243164,173.214005,405.478821,1671.740845,298.686523
12.817,129.519257,1471.392334,98.336205,419.040436,1463.984619,175.646118,403.55011,1675.465576,301.735992
12.825,128.529129,1471.439941,98.003304,416.493622,1467.791382,177.982971,401.60434,1679.259277,304.677521
12.833,127.516312,1471.546143,97.597252,413.774658,1471.483398,180.155869,399.717377,1682.900146,307.560822
12.842,126.635864,1471.575806,97.33326,411.122375,1475.255249,182.37085,397.794769,1686.446899,310.409332
12.85,125.67289,1471.647095,96.881958,408.40329,1478.955322,184.313141,395.966217,1689.968506,313.163513
12.858,124.761055,1471.716797,96.552399,405.563354,1482.558838,186.236542,394.085999,1693.388306,315.91983
12.867,123.871323,1471.802124,96.240105,402.835297,1486.189453,188.074249,392.086029,1696.766479,318.583099
12.875,122.874802,1471.869385,95.85228,400.052612,1489.718872,189.864777,390.127167,1700.16394,321.100433
12.883,122.00106,1472.001099,95.480003,397.274872,1493.228638,191.523972,388.217133,1703.369995,323.562073
12.892,121.131325,1472.160034,95.143364,394.464478,1496.529785,193.213348,386.638916,1706.574097,325.780609
12.9,120.315193,1472.309937,94.822533,391.718292,1499.682495,194.850967,384.776672,1709.74646,327.946411
12.908,119.385201,1472.431152,94.496582,389.000488,1502.751221,196.342728,382.586823,1712.719482,329.876312
12.917,118.583557,1472.584839,94.188675,386.324432,1505.754395,197.764694,380.230774,1715.501831,331.75177
12.925,117.816269,1472.6698,93.929626,383.687439,1508.585449,199.146591,377.844147,1718.286011,333.531036
12.933,117.076469,1472.775269,93.775146,381.060547,1511.351074,200.426865,375.425812,1721.00415,335.219391
12.942,116.232086,1472.820801,93.546852,378.393646,1514.089966,201.579208,373.007172,1723.639648,336.746735
12.95,115.394859,1472.890015,93.179428,375.665283,1516.763306,202.713089,370.672638,1726.271484,338.264404
12.958,114.725418,1472.932251,92.958549,372.873871,1519.390869,203.823822,368.41214,1728.866089,339.64917
12.967,114.037407,1472.983887,92.743965,370.206543,1521.963745,204.97316,366.035889,1731.404785,341.01239
12.975,113.187088,1473.080322,92.379402,367.471802,1524.491943,206.057831,363.540924,1733.79126,342.312195
12.983,112.360924,1473.187866,92.027122,366.161774,1526.828857,206.941513,361.587891,1736.290039,343.702332
12.992,111.692085,1473.320679,91.828644,362.689453,1529.325195,208.093124,359.306213,1738.669556,344.810638
13,110.93383,1473.4104,91.585991,360.587708,1531.628784,209.02243,357.016663,1740.953613,345.895325
13.008,110.08522,1473.519165,91.296654,357.225983,1533.94873,210.144424,354.835724,1743.255493,346.891083
13.017,109.395561,1473.706909,91.000397,354.780853,1536.227539,210.955841,352.635651,1745.519409,347.921783
13.025,108.730995,1473.859863,90.838799,351.663757,1538.395874,211.960953,350.396027,1747.734131,348.905121
13.033,108.017548,1474.002441,90.554169,348.948212,1540.60437,212.8423,348.115662,1749.817505,349.843018
13.042,107.272842,1474.204346,90.220078,346.136261,1542.710938,213.777313,345.960327,1751.94458,350.688751
13.05,106.556137,1474.383789,89.895073,343.384491,1544.729614,214.63736,343.931,1753.964355,351.52829
13.058,105.847107,1474.572266,89.629974,340.672699,1546.824707,215.451309,341.580505,1755.97644,352.337067
13.067,105.153351,1474.798828,89.310738,338.016235,1548.803589,216.178223,339.306061,1758.008667,353.15802
13.075,104.346748,1475.038452,89.098198,335.372406,1550.795776,216.85675,337.021515,1759.821777,353.925568
13.083,103.708832,1475.313721,88.779167,332.736938,1552.682617,217.486557,334.912994,1761.682129,354.641541
13.092,102.938553,1475.504517,88.333549,330.084625,1554.579468,218.116623,332.098267,1763.341431,355.242981
13.1,102.205032,1475.811279,88.074196,327.517487,1556.294556,218.74704,329.450623,1764.994995,355.888947
13.108,101.49057,1476.115479,87.836578,324.97641,1557.995239,219.460876,327.072571,1766.546021,356.644043
13.117,100.682251,1476.372437,87.567856,322.380676,1559.718506,220.023804,324.862915,1768.192261,357.325531
13.125,99.969818,1476.451416,87.083458,319.833282,1561.388306,220.63855,322.775635,1769.612305,358.087524
13.133,99.144852,1476.853027,86.659142,317.289368,1562.899292,221.234436,320.434052,1771.120972,358.807281
13.142,98.370773,1476.992065,86.403168,314.743561,1564.454712,221.81749,318.036499,1772.566406,359.431183
13.15,97.423218,1477.392944,86.278687,312.25647,1565.928223,222.535751,315.678802,1773.808472,360.126282
13.158,97.237625,1476.221069,86.568283,309.804138,1567.384033,223.000137,313.567749,1775.158813,360.704346
13.167,96.57811,1476.339966,86.416367,307.311615,1568.67395,223.592819,311.313416,1776.25647,361.497681
13.175,95.977577,1476.386719,86.035347,304.982452,1570.015869,224.14563,308.997284,1777.382324,362.197144
13.183,95.309288,1476.424072,85.634064,302.576996,1571.160156,224.783981,306.737274,1778.400635,362.88324
13.192,94.758888,1476.433594,85.432762,300.179932,1572.352661,225.298004,304.594452,1779.398315,363.474243
13.2,94.23645,1476.453979,85.274811,297.812042,1573.289673,225.884628,302.549896,1780.401367,364.016144
13.208,93.740211,1476.431885,84.921043,295.384308,1574.317871,226.460449,300.395508,1781.1698,364.60553
13.217,93.20784,1476.426758,84.463562,293.063232,1575.164429,227.04776,298.294495,1781.998169,365.09137
13.225,92.6073,1476.491699,84.062469,290.718323,1575.88562,227.729462,296.36084,1782.688965,365.551361
13.233,92.051743,1476.517334,83.998405,288.518951,1576.612549,228.384018,294.324249,1783.20813,366.207336
13.242,91.523994,1476.559937,83.714073,286.400665,1577.209473,229.058716,292.281891,1783.688477,366.836884
13.25,91.061661,1476.591187,83.327179,284.231567,1577.690308,229.88829,290.408142,1784.171387,367.454193
13.258,90.610542,1476.650635,82.931595,282.273163,1578.13208,230.774673,288.515991,1784.611206,368.1698
13.267,90.210579,1476.776611,82.660706,280.38031,1578.441528,231.588669,286.542877,1784.920288,369.013397
13.275,89.80349,1476.873047,82.525208,278.686584,1578.814087,232.48996,284.598145,1785.137329,369.812439
13.283,89.523529,1476.950073,82.443115,277.070435,1579.141724,233.304718,282.769745,1785.393799,370.573547
13.292,89.228409,1477.013184,82.293121,275.685944,1579.477905,234.188202,280.733795,1785.598145,371.43222
13.3,88.918945,1477.052856,82.112694,274.17157,1579.780884,234.917648,278.593781,1785.872192,372.123505
13.308,88.599449,1477.104858,81.947723,272.564575,1580.097168,235.586349,276.427521,1786.203247,372.763489
13.317,88.300072,1477.158813,81.655373,271.020325,1580.466187,236.283844,274.375641,1786.561768,373.331299
13.325,88.009666,1477.212769,81.474464,269.540314,1580.843018,236.877792,272.187134,1786.792603,374.057312
13.333,87.758598,1477.244141,81.345627,267.949432,1581.321289,237.408127,269.927002,1787.053101,374.754944
13.342,87.502251,1477.257812,81.278862,266.479095,1581.727661,237.763535,267.645782,1787.270508,375.368439
13.35,87.252586,1477.321289,81.150871,264.881653,1582.178955,238.119415,265.446472,1787.463989,375.994659
13.358,86.951057,1477.375977,81.088005,263.452759,1582.597046,238.653,263.38382,1787.643066,376.621063
13.367,86.658562,1477.422241,80.981178,261.960602,1583.012085,239.139542,261.14502,1788.012207,377.242615
13.375,86.331573,1477.480225,80.772026,260.591339,1583.345459,239.560303,258.822418,1788.237549,377.884033
13.383,85.934372,1477.536621,80.715248,259.166962,1583.700562,240.006348,256.486298,1788.395386,378.491852
13.392,85.596642,1477.576904,80.725388,257.89389,1584.00061,240.402664,254.36824,1788.529785,379.05188
13.4,85.24749,1477.569336,80.785019,256.663208,1584.263428,240.735764,252.337784,1788.671387,379.629089
13.408,84.956741,1477.595337,80.808907,255.368652,1584.5979,240.949631,250.287949,1788.778442,380.252991
13.417,84.68541,1477.676636,80.810532,254.287598,1584.795898,241.328552,248.354263,1788.718262,380.933044
13.425,84.364418,1477.753052,80.87767,253.130463,1585.031738,241.640793,246.720947,1788.670654,381.52121
13.433,84.370934,1477.90271,80.062675,252.121292,1585.233887,241.87178,244.962387,1788.5979,382.287964
13.442,84.081268,1478.025269,80.090462,251.199631,1585.454346,242.130692,243.373459,1788.558472,382.940369
13.45,83.825172,1478.10022,80.135033,250.393036,1585.701904,242.319168,241.864563,1788.467041,383.574036
13.458,83.556732,1478.200684,80.178734,249.590927,1585.988403,242.307404,240.373245,1788.385132,384.118225
13.467,83.308929,1478.250366,80.247887,248.987274,1586.217529,242.331604,239.060028,1788.299683,384.544006
13.475,83.148232,1478.294678,80.306129,248.405319,1586.437622,242.318283,237.71521,1788.30896,384.903503
13.483,83.03154,1478.318481,80.363304,247.871231,1586.599854,242.440079,236.534134,1788.234985,385.235107
13.492,82.97522,1478.325317,80.374115,247.364777,1586.741577,242.372314,235.665375,1788.22644,385.490143
13.5,82.979485,1478.367798,80.37027,246.937561,1586.824463,242.461258,234.714828,1788.103271,385.897186
13.508,83.004234,1478.426758,80.322571,246.544586,1586.853882,242.424835,233.933792,1787.939453,386.153381
13.517,83.035194,1478.475464,80.321838,246.228989,1586.837036,242.508698,233.390625,1787.699097,386.422516
13.525,83.082573,1478.52002,80.251549,245.967468,1586.787476,242.729599,232.950012,1787.624512,386.619385
13.533,83.128448,1478.564575,80.197334,245.781387,1586.689453,242.954239,232.48761,1787.540894,386.934601
13.542,83.180435,1478.606689,80.137527,245.646469,1586.564209,243.092865,232.213058,1787.452637,387.152863
13.55,83.207138,1478.654663,80.120461,245.586273,1586.501465,243.255112,232.022842,1787.380859,387.326324
13.558,83.268036,1478.721802,80.054352,245.560181,1586.459961,243.384293,231.908081,1787.346558,387.447174
13.567,83.31044,1478.794067,80.045631,245.57457,1586.438477,243.426254,231.891525,1787.309326,387.547791
13.575,83.368729,1478.865479,80.004379,245.64209,1586.443359,243.44397,231.913879,1787.278076,387.635742
13.583,83.40847,1478.967285,80.041901,245.704178,1586.486084,243.444733,231.979385,1787.25,387.699646
13.592,83.440292,1479.027222,80.085251,245.800186,1586.493042,243.431595,232.10498,1787.200439,387.761322
13.6,83.466141,1479.074829,80.102669,245.944748,1586.477539,243.383591,232.220535,1787.145264,387.795837
13.608,83.495186,1479.104858,80.111382,246.093842,1586.527222,243.249695,232.352646,1787.080811,387.812103
13.617,83.506813,1479.117676,80.148247,246.228394,1586.502808,243.103073,232.526901,1787.024292,387.798309
13.625,83.533287,1479.119629,80.151947,246.404175,1586.467529,242.877533,232.720779,1786.988525,387.784973
13.633,83.554466,1479.123657,80.158813,246.591553,1586.466187,242.843307,232.966248,1786.892456,387.789673
13.642,83.574814,1479.136719,80.169937,246.784698,1586.450928,242.700439,233.234344,1786.835571,387.755066
13.65,83.669823,1479.16687,80.135353,247.010696,1586.436035,242.511703,233.666687,1786.787231,387.644379
13.658,83.740944,1479.192139,80.125748,247.262161,1586.380249,242.429626,234.020615,1786.698364,387.613739
13.667,83.808327,1479.217773,80.083839,247.513229,1586.311279,242.395721,234.386002,1786.581543,387.57962
13.675,83.860435,1479.203247,80.084061,247.779846,1586.209595,242.088699,234.804199,1786.443359,387.54007
13.683,83.923187,1479.172729,80.046143,248.109116,1586.028564,242.130356,235.203445,1786.296265,387.523346
13.692,83.973785,1479.158447,80.170227,248.399475,1585.908936,242.00206,235.798447,1786.121338,387.476685
13.7,84.016808,1479.161255,80.156998,248.687378,1585.821533,241.871445,236.58316,1785.958984,387.399658
13.708,84.047272,1479.151245,80.219032,249.001587,1585.720337,241.926254,237.219055,1785.896362,387.344208
13.717,84.072075,1479.154785,80.264244,249.298965,1585.691284,241.672501,237.812241,1785.895752,387.219421
13.725,84.114006,1479.179321,80.306755,249.700943,1585.69519,241.534546,238.545944,1785.866211,387.091431
13.733,84.159355,1479.218262,80.347931,250.097519,1585.674194,241.48114,239.501831,1785.888062,386.858093
13.742,84.203171,1479.259644,80.429779,250.50914,1585.638062,241.249512,240.285065,1785.872681,386.730408
13.75,84.249565,1479.260132,80.479523,251.095093,1585.574829,241.194946,241.067703,1785.852783,386.561584
13.758,83.962402,1479.256226,81.448158,251.644852,1585.482056,240.840607,242.012756,1785.866455,386.322418
13.767,84.001472,1479.252563,81.554588,252.158432,1585.445801,240.398148,242.990143,1785.832397,386.09726
13.775,84.076408,1479.227661,81.584579,252.719757,1585.324341,240.39209,243.987274,1785.76062,385.907715
13.783,84.13662,1479.226318,81.652908,253.381424,1585.162476,240.031342,245.185791,1785.710938,385.503937
13.792,84.222443,1479.190674,81.710289,254.104828,1584.974121,239.912186,246.296585,1785.737793,385.147949
13.8,84.332794,1479.167236,81.747253,254.77829,1584.843628,239.691833,247.573944,1785.776245,384.700714
13.808,84.459915,1479.142212,81.783867,255.482971,1584.709839,239.462479,248.914703,1785.791382,384.184235
13.817,84.580574,1479.107544,81.865196,256.263794,1584.582764,239.057388,250.454132,1785.830566,383.624725
13.825,84.714737,1479.077148,81.943016,257.244354,1584.461182,238.69397,251.935242,1785.787231,383.191742
13.833,84.84243,1479.036499,81.998154,258.191864,1584.327637,238.464813,253.632034,1785.840698,382.633026
13.842,84.962524,1479.006348,82.008362,258.99408,1584.125488,238.069,255.362,1785.815918,382.180115
13.85,85.086639,1478.993774,82.101364,260.143799,1583.935303,237.713074,257.255737,1785.720947,381.652313
13.858,85.231934,1478.980957,82.217949,261.298065,1583.695801,237.466446,259.286224,1785.671997,381.074585
13.867,85.338196,1478.956909,82.430206,262.49353,1583.396973,237.073303,261.31781,1785.557861,380.531067
13.875,85.468689,1478.925049,82.642166,263.663361,1583.203735,236.541,263.431427,1785.475708,379.950684
13.883,85.598045,1478.914795,82.971779,265.014008,1582.84668,236.156372,265.710052,1785.307129,379.361969
13.892,85.74662,1478.915161,83.188538,266.433167,1582.500488,235.642319,268.044647,1785.114868,378.701782
13.9,85.968773,1478.91394,83.43203,267.911957,1582.214478,235.012253,270.494202,1784.928833,378.105377
13.908,86.171768,1478.887939,83.670311,269.548157,1581.876099,234.571091,272.94458,1784.776611,377.451538
13.917,86.382484,1478.84729,83.942139,271.134155,1581.380615,234.091156,275.284149,1784.529297,376.872925
13.925,86.583244,1478.785645,84.167244,272.925262,1580.878662,233.570618,277.730133,1784.255981,376.220184
13.933,86.790359,1478.710327,84.406937,274.769806,1580.377319,233.031143,280.284912,1783.897827,375.55423
13.942,86.999733,1478.612671,84.741554,276.683044,1579.900391,232.385117,282.86969,1783.410889,374.960907
13.95,87.247681,1478.528931,85.236198,278.717865,1579.247925,231.835938,285.500854,1783.042114,374.274567
13.958,87.50724,1478.430908,85.688065,280.887543,1578.492432,231.213058,288.14917,1782.61145,373.50412
13.967,87.818024,1478.319946,86.126358,283.178467,1577.74707,230.554825,290.838318,1782.097046,372.794342
13.975,88.179733,1478.175415,86.492935,285.607788,1576.92749,229.83226,293.460663,1781.385498,372.078094
13.983,88.557793,1478.00415,86.922424,288.100189,1576.003418,229.073349,296.068359,1780.831909,371.24411
13.992,88.980515,1477.897461,87.410088,290.653625,1575.06897,228.143829,298.762085,1780.180908,370.378876
14,89.411789,1477.744019,87.835052,293.322296,1574.137573,227.328369,301.545471,1779.225708,369.561951
14.008,89.91024,1477.572876,88.250061,295.989563,1573.025879,226.381851,304.295441,1778.465332,368.635864
14.017,90.455925,1477.36084,88.617607,298.677917,1572.016357,225.340515,307.239075,1777.368286,367.791748
14.025,91.04808,1477.201782,89.210182,301.352631,1570.791504,224.255112,310.146942,1776.321777,366.933411
14.033,91.659958,1476.994751,89.61261,304.107056,1569.615845,223.179474,313.22702,1775.026123,366.098633
14.042,92.224922,1476.828003,90.052795,306.900665,1568.249146,222.227844,316.255829,1773.776245,365.221985
14.05,92.846375,1476.667603,90.436813,309.782043,1566.796753,221.119705,319.379944,1772.274536,364.405273
14.058,93.101303,1477.746582,90.12706,312.686432,1565.139404,220.033066,322.48465,1770.846436,363.485748
14.067,94.116989,1477.46228,90.802513,315.790833,1563.528442,218.931,325.611755,1769.26709,362.540375
14.075,94.732994,1477.611328,91.075859,318.943054,1561.805542,217.773743,328.734772,1767.762329,361.452515
14.083,95.612076,1477.279053,91.68557,321.985931,1560.022583,216.636292,331.871582,1766.275757,360.265472
14.092,96.519836,1477.112061,92.067429,324.877441,1558.247314,215.540558,335.169189,1764.677856,359.069824
14.1,97.344986,1476.888184,92.563957,327.77298,1556.600464,214.300476,338.565277,1763.154053,357.782043
14.108,98.068634,1476.665161,92.980774,330.268219,1554.907104,213.023422,342.684845,1761.670532,356.762848
14.117,98.752426,1476.30188,93.119789,332.753265,1553.374268,211.75856,346.43396,1760.028931,355.524017
14.125,99.439583,1476.061523,93.31234,335.267975,1551.828979,210.391479,350.066833,1758.399292,354.145416
14.133,100.218567,1475.891602,93.677322,337.611115,1550.254639,209.004898,353.491638,1756.63855,352.697113
14.142,100.928101,1475.738159,94.02227,340.107269,1548.670776,207.536774,357.219147,1754.774902,351.367798
14.15,101.493927,1475.601685,94.276031,342.546295,1547.069824,206.210587,361.291321,1752.921875,350.025146
14.158,102.006561,1475.486084,94.631401,345.119171,1545.428711,204.738785,365.111877,1751.210205,348.637634
14.167,102.597641,1475.352417,95.094894,347.435638,1543.671143,203.379211,369.18811,1749.502319,347.050751
14.175,103.38102,1475.275024,95.618584,350.106293,1541.848877,201.889572,373.008179,1747.647705,345.588562
14.183,104.017845,1475.199951,96.0149,352.758514,1539.964355,200.428955,376.616791,1745.745361,343.881378
14.192,104.65876,1475.141357,96.619217,355.47171,1538.012207,198.791016,380.322113,1743.988159,341.963074
14.2,105.357735,1475.071167,97.107635,358.35321,1536.008667,197.209946,383.79657,1742.085693,340.150818
14.208,106.132751,1474.974121,97.676231,361.30838,1533.905396,195.522934,387.058197,1740.005615,338.250458
14.217,106.930588,1474.890747,98.167404,364.146088,1531.703003,193.714096,390.231415,1737.955078,336.243439
14.225,107.765274,1474.837646,98.660126,367.048645,1529.44165,191.87149,393.424347,1735.870239,334.10379
14.233,108.471375,1474.708496,99.14045,370.037476,1527.015259,190.000824,396.405334,1733.785522,331.985504
14.242,109.362724,1474.588379,99.551689,373.002686,1524.580078,188.010956,399.155334,1731.477173,329.74472
14.25,110.285767,1474.494751,99.96373,375.926453,1522.088013,185.944504,401.870239,1729.128296,327.491913
14.258,111.162834,1474.382446,100.317986,378.817657,1519.507324,183.825424,404.424255,1726.626465,325.244049
14.267,112.144196,1474.282959,100.77562,381.836273,1516.900391,181.709351,406.951904,1724.108398,322.946716
14.275,112.971367,1474.111328,101.008354,384.756866,1514.093872,179.4319,409.3797,1721.412476,320.56012
14.283,113.833748,1473.963257,101.355957,387.587738,1511.234497,177.249207,411.746246,1718.621094,318.105286
14.292,114.732773,1473.7854,101.698875,390.253662,1508.171265,175.268875,414.144653,1715.686157,315.707306
14.3,115.502708,1473.706909,102.006752,392.906891,1504.994263,173.176361,416.485779,1712.543945,313.287048
14.308,116.200912,1473.713013,102.285797,395.559753,1501.683228,171.106445,418.802765,1709.259766,310.848236
14.317,117.063171,1473.813721,102.697716,397.883209,1498.15625,169.361938,420.785767,1705.79895,308.38205
14.325,117.948898,1473.947876,103.020691,400.444244,1494.460571,167.248276,422.958649,1702.082275,305.922302
14.333,118.820831,1474.009399,103.312218,403.096405,1490.526611,165.297684,425.068207,1698.199463,303.499176
14.342,119.763962,1474.06958,103.705406,405.679504,1486.42981,163.339188,427.119446,1694.271606,300.993042
14.35,120.589394,1474.07666,104.002098,408.169159,1482.057617,161.450302,429.125153,1690.027588,298.464203
14.358,121.583328,1474.069702,104.302719,410.584686,1477.548828,159.571701,431.039886,1685.865845,295.668152
14.367,122.57238,1474.019775,104.646667,412.991852,1472.785156,157.616928,432.668457,1681.446533,292.972412
14.375,123.49202,1473.956299,104.881432,415.237335,1467.860474,155.801071,434.155365,1676.977417,290.223999
14.383,124.555206,1473.803101,105.291916,417.326752,1462.837524,153.969223,435.751526,1672.414795,287.383911
14.392,125.587746,1473.617798,105.539925,419.230225,1457.853271,152.160751,437.072449,1667.978149,284.669464
14.4,126.497536,1473.354858,105.825096,421.145538,1452.963257,150.251617,438.395813,1663.359497,281.863525
14.408,127.576653,1473.07666,106.163834,422.882629,1447.937012,148.483322,439.865936,1658.853271,279.383331
14.417,128.579041,1472.77063,106.362183,424.505371,1442.97937,146.576218,441.055237,1654.201172,276.92746
14.425,129.518417,1472.535034,106.516098,426.13382,1437.990845,144.590485,442.261139,1649.626831,273.864197
14.433,130.436523,1472.300659,106.916351,427.72699,1432.992065,142.618713,443.10495,1644.727295,271.152313
14.442,131.404358,1472.088257,107.195557,429.152161,1427.968506,140.586746,444.117859,1639.896484,268.249786
14.45,132.233978,1471.908203,107.513435,430.565033,1422.821411,138.46553,444.850708,1634.90979,265.306396
14.458,133.143173,1471.797363,107.996712,431.893494,1417.645874,135.972107,445.470398,1629.816528,262.337524
14.467,134.108902,1471.667603,108.425362,433.094849,1412.417969,133.758713,446.11734,1624.810669,259.306549
14.475,135.104141,1471.481323,108.922752,434.093597,1407.244263,131.578949,446.456543,1619.696533,256.32489
14.483,136.038773,1471.251587,109.334244,434.94162,1401.963135,129.464294,446.702515,1614.643555,253.335114
14.492,137.107742,1470.998901,109.682129,435.775513,1396.882324,127.244476,446.975128,1609.677368,250.318649
14.5,138.276138,1470.695557,110.115112,436.426727,1391.732056,125.102623,447.110931,1604.693726,247.273621
14.508,139.239914,1470.308838,110.336472,436.902771,1386.627441,122.949921,447.081024,1599.891479,244.352829
14.517,140.380722,1469.988403,110.737892,437.416626,1381.675415,120.877411,446.907623,1594.98291,241.42514
14.525,141.411438,1469.662354,111.042244,437.746368,1376.609985,118.694321,446.68927,1590.210083,238.4785
14.533,142.4319,1469.340576,111.343956,437.96875,1371.619019,116.571213,446.420776,1585.381958,235.496796
14.542,143.412292,1469.008057,111.697922,438.196747,1366.737183,114.359749,446.003204,1580.526123,232.548065
14.55,144.430145,1468.590088,112.063065,438.276154,1361.73938,112.170128,445.625671,1575.646729,229.548096
14.558,145.360413,1468.251587,112.483368,438.23999,1356.817383,109.936287,445.168945,1570.842529,226.666595
14.567,146.24646,1467.87207,112.909508,438.075623,1351.865967,107.656013,444.65387,1565.971436,223.740112
14.575,147.130295,1467.480347,113.280266,437.829346,1347.012695,105.394035,444.049194,1561.119507,220.895248
14.583,148.058609,1467.170654,113.64444,437.413116,1342.135376,103.210236,443.492126,1556.273193,217.985062
14.592,148.857376,1466.837158,113.929382,436.868744,1337.278442,101.031242,442.839417,1551.404053,215.144684
14.6,149.760696,1466.519043,114.299408,436.290741,1332.283936,98.922806,442.284485,1546.633545,212.331451
14.608,150.694107,1466.166138,114.491806,435.540863,1327.411499,96.898781,441.681122,1541.776611,209.664185
14.617,151.573029,1465.763184,114.767128,434.779083,1322.500854,94.860535,441.102966,1536.995239,206.946426
14.625,152.544724,1465.421631,115.123329,433.763275,1317.605225,92.941551,440.46759,1532.215332,204.374588
14.633,153.556702,1465.075195,115.329315,432.69342,1312.686523,90.98024,439.903687,1527.460083,201.736877
14.642,154.467773,1464.765259,115.706673,431.638062,1307.847168,89.049179,439.233337,1522.679199,199.357758
14.65,155.447449,1464.488403,116.063293,430.355194,1303.181274,87.101425,438.640259,1517.868164,196.888657
14.658,156.43837,1464.291138,116.283615,428.999573,1298.334473,85.221596,437.972473,1513.036499,194.62616
14.667,157.492996,1464.06665,116.635765,427.594696,1293.510742,83.375885,437.22406,1508.121826,192.431442
14.675,158.355194,1463.776733,116.931351,426.017242,1288.757935,81.658424,436.287811,1503.269653,190.306458
14.683,159.26152,1463.504272,117.115784,424.40271,1284.10083,79.896851,435.384583,1498.380371,188.292252
14.692,160.253159,1463.186157,117.329605,422.59137,1279.301514,78.256264,434.471161,1493.562866,186.309235
14.7,161.120712,1462.793579,117.5019,420.655396,1274.633667,76.720268,433.497589,1488.690796,184.463364
14.708,161.952759,1462.37146,117.621941,418.674316,1269.93689,75.220215,432.381287,1483.781372,182.948074
14.717,162.845551,1461.924194,117.752068,416.600708,1265.321411,73.786461,431.331268,1478.907349,181.461761
14.725,163.762573,1461.453003,117.826065,414.501556,1260.760498,72.379463,430.349762,1474.09436,180.084351
14.733,164.532425,1460.877686,117.969864,412.307739,1256.208374,71.059189,429.10791,1469.254272,178.921936
14.742,165.341049,1460.201904,118.114799,410.143127,1251.688721,69.607231,428.07196,1464.493408,177.794235
14.75,166.272232,1459.571167,118.199638,407.913055,1247.227539,68.338181,426.78183,1459.7677,176.682556
14.758,167.034851,1458.982422,118.177299,405.707245,1242.842651,67.017029,425.48941,1455.033447,175.578583
14.767,167.761948,1458.444702,118.33905,403.349915,1238.555908,65.773537,424.295227,1450.460815,174.272858
14.775,168.641434,1457.866943,118.565453,400.959869,1234.339966,64.406876,422.867798,1445.917358,173.001663
14.783,169.530823,1457.193237,118.600945,398.599457,1230.21167,63.009365,421.623077,1441.501343,171.635529
14.792,170.234573,1456.58606,118.855621,396.210205,1226.190796,61.517452,420.193268,1437.098389,170.411804
14.8,171.048157,1455.891968,119.317314,393.741272,1222.321167,59.961349,418.888092,1432.808716,168.90654
14.808,171.945236,1455.191528,119.528175,391.261993,1218.516235,58.290897,417.716644,1428.612915,167.459976
14.817,172.82251,1454.464478,119.700089,388.659119,1214.90918,56.484776,416.378021,1424.536133,165.958649
14.825,173.608185,1453.790649,120.071228,386.194702,1211.571777,54.521248,415.188446,1420.543945,164.502136
14.833,174.500519,1453.054321,120.315979,383.678528,1208.293579,52.468735,414.047089,1416.711914,162.837067
14.842,175.251663,1452.265503,120.575089,381.375793,1205.037964,50.314987,412.702881,1412.923218,161.351868
14.85,176.037643,1451.483154,120.525856,378.906403,1202.153564,48.070118,411.471741,1409.291992,159.696869
14.858,176.805817,1450.829102,120.619026,376.471985,1199.283569,45.751003,410.35791,1405.80835,157.964493
14.867,177.732971,1450.098999,120.651062,374.169739,1196.463135,43.467995,409.041901,1402.351929,156.329956
14.875,178.53891,1449.382935,120.759445,372.031036,1193.686768,41.161034,407.80777,1399.027466,154.7061
14.883,179.305542,1448.692261,120.758705,369.870148,1191.060181,38.939766,406.634338,1395.861084,152.912323
14.892,180.139618,1447.995361,120.706642,367.48822,1188.473877,36.5928,405.5271,1392.88562,151.125961
14.9,180.920624,1447.22998,120.638657,365.307037,1186.17041,34.338242,404.430359,1389.976685,149.537277
14.908,181.604019,1446.497803,120.733871,363.088928,1183.821289,32.085308,403.241089,1387.227783,147.887848
14.917,182.230042,1445.891846,120.782127,361.033325,1181.745117,29.904989,402.187958,1384.537842,146.252747
14.925,182.948471,1445.254395,120.667168,358.88324,1179.900635,27.815229,401.165924,1382.023193,144.587753
14.933,183.530304,1444.608276,120.619774,356.836548,1178.040894,25.701632,400.120026,1379.642944,142.890579
14.942,184.073288,1444.065796,120.58165,354.824493,1176.387695,23.579172,399.015503,1377.363159,141.459076
14.95,184.577972,1443.534424,120.567604,352.894135,1174.738647,21.643442,397.938019,1375.185425,140.007416
14.958,185.011307,1443.039795,120.520935,351.106293,1173.053955,19.822952,397.036896,1373.102539,138.594131
14.967,185.530533,1442.438232,120.456322,349.334076,1171.505737,18.045555,396.164978,1371.085449,137.18248
14.975,185.956741,1441.862183,120.387428,347.524689,1170.027344,16.388136,395.198151,1369.114258,135.956299
14.983,186.367111,1441.311523,120.371513,345.775787,1168.690674,14.664734,394.222046,1367.187622,134.778137
14.992,186.742828,1440.85498,120.293327,344.114716,1167.368286,13.083707,393.419434,1365.397583,133.650208
15,187.101273,1440.381348,120.249115,342.527039,1166.105103,11.551957,392.623047,1363.634521,132.568573
15.008,187.409241,1439.896484,120.106094,340.904297,1164.954346,10.117806,391.876434,1362.063843,131.585388
15.017,187.761826,1439.475342,119.982681,339.403992,1163.820312,8.656322,391.16861,1360.393433,130.273529
15.025,187.99556,1439.06311,119.936279,337.830231,1162.768188,7.280515,390.348419,1358.825684,129.409332
15.033,188.263962,1438.746216,119.841194,336.403687,1161.733521,5.946192,389.615784,1357.3396,128.52066
15.042,188.499985,1438.391357,119.804932,334.981506,1160.713623,4.754285,388.83667,1355.849365,127.60408
15.05,188.738373,1438.064941,119.765724,333.562744,1159.796509,3.584214,388.180817,1354.601074,126.908768
15.058,188.919373,1437.758911,119.73996,332.194214,1158.99585,2.374687,387.604919,1353.244873,126.212402
15.067,189.078461,1437.466675,119.683876,330.834961,1158.144043,1.360869,386.956879,1351.966675,125.571732
15.075,189.229919,1437.210083,119.647446,329.55896,1157.407959,0.465078,386.295044,1350.772949,125.014069
15.083,189.372513,1436.988892,119.663208,328.434448,1156.692383,-0.507508,385.666779,1349.72876,124.536674
15.092,189.494675,1436.770264,119.695969,327.30072,1155.992676,-1.371955,385.061005,1348.656982,123.973938
15.1,189.627869,1436.572266,119.727745,326.213623,1155.397217,-2.139911,384.406525,1347.731201,123.496719
15.108,189.782272,1436.368408,119.770248,325.314514,1154.796753,-2.824459,383.885956,1346.885986,123.051559
15.117,189.950073,1436.185303,119.836037,324.504974,1154.240967,-3.441866,383.31015,1346.127808,122.6063
15.125,190.104019,1436.006714,119.879196,323.627869,1153.681396,-4.036873,382.71814,1345.462524,122.173668
15.133,190.208069,1435.840942,119.902519,323.006195,1153.328735,-4.510398,382.153473,1344.873779,121.901451
15.142,190.26535,1435.662842,119.956612,322.444641,1152.941284,-5.006547,381.674866,1344.383301,121.653564
15.15,190.304794,1435.479858,120.038979,321.94693,1152.648193,-5.536018,381.298584,1344.021484,121.380501
15.158,190.318024,1435.34314,120.11235,321.577881,1152.502075,-5.990772,380.886597,1343.747437,121.0336
15.167,190.285446,1435.188599,120.243492,321.263458,1152.390137,-6.398889,380.535522,1343.624512,120.597252
15.175,190.27977,1435.089478,120.337509,321.039337,1152.279541,-6.716158,380.298676,1343.618042,120.067139
15.183,190.257706,1435.008423,120.446182,320.827637,1152.204956,-7.033469,380.136475,1343.733276,119.452026
15.192,190.234665,1434.960693,120.534676,320.634613,1152.138062,-7.316288,380.102783,1343.880737,118.802834
15.2,190.205734,1434.975952,120.626625,320.468567,1152.12793,-7.583943,380.203949,1344.124023,118.102867
15.208,190.167358,1435.02832,120.688576,320.304138,1152.153076,-7.804791,380.396088,1344.340332,117.40493
15.217,190.111832,1435.111816,120.751709,320.139587,1152.224976,-8.044538,380.603668,1344.567139,116.694855
15.225,190.083923,1435.224731,120.808739,319.970886,1152.323975,-8.32921,380.871521,1344.820312,116.115227
15.233,190.061737,1435.337769,120.837143,319.74118,1152.487061,-8.349016,381.110504,1344.984009,115.545273
15.242,190.093246,1435.46936,120.878777,319.68277,1152.791504,-9.049491,381.342407,1345.134277,115.175484
15.25,190.110641,1435.559204,120.957336,319.700073,1153.050049,-9.326518,381.539581,1345.285522,114.957199
15.258,190.139359,1435.631714,121.08429,319.83493,1153.358032,-9.601364,381.774841,1345.424805,114.836853
15.267,190.193405,1435.665405,121.234077,320.083649,1153.670776,-9.803662,382.050964,1345.599121,114.87162
15.275,190.261749,1435.689331,121.401512,320.446075,1154.022217,-9.907445,382.343842,1345.741821,115.047256
15.283,190.326447,1435.701782,121.556984,320.941345,1154.431885,-9.850541,382.651978,1345.909546,115.350227
15.292,190.391129,1435.722168,121.713707,321.542877,1154.873901,-9.749715,383.095459,1346.123779,115.88192
15.3,190.436783,1435.740234,121.871445,322.223755,1155.254639,-9.541612,383.605103,1346.437012,116.410294
15.308,190.471008,1435.788208,122.018929,323.128662,1155.71106,-9.132488,384.156525,1346.839111,116.966972
15.317,190.500748,1435.831055,122.181358,324.067047,1156.182129,-8.583752,384.757355,1347.330566,117.590881
15.325,190.538864,1435.910034,122.370056,325.036987,1156.660645,-7.919756,385.488586,1347.90332,118.2407
15.333,190.55278,1436.001587,122.574883,326.281952,1157.16748,-7.070225,386.183655,1348.659668,118.850548
15.342,190.558929,1436.095093,122.777847,327.485229,1157.717773,-6.182255,386.953369,1349.551147,119.471741
15.35,190.566238,1436.197876,122.969261,328.840271,1158.217529,-5.128116,387.769073,1350.599609,120.14827
15.358,190.542053,1436.32373,123.132668,330.415619,1158.913574,-4.095663,388.614532,1351.727051,120.803032
15.367,190.535309,1436.438232,123.292168,331.936127,1159.629028,-3.027493,389.382935,1352.922607,121.545303
15.375,190.513077,1436.543091,123.431351,333.667908,1160.452515,-1.834126,390.230957,1354.253174,122.316437
15.383,190.472885,1436.671753,123.571777,335.443573,1161.32373,-0.576494,391.049713,1355.756104,123.215408
15.392,190.389206,1436.858276,123.757133,337.390472,1162.329346,0.72275,391.97171,1357.26062,124.118675
15.4,190.304672,1437.039917,123.910767,339.364899,1163.452148,2.004254,392.737091,1358.986694,125.08242
15.408,190.202103,1437.245728,124.015869,341.484711,1164.721558,3.34196,393.603149,1360.848022,126.218529
15.417,190.089478,1437.452148,124.105408,343.703339,1166.121582,4.79748,394.520325,1362.727417,127.309395
15.425,189.969681,1437.675537,124.157608,346.026398,1167.610962,6.261966,395.474243,1364.780518,128.541718
15.433,189.819473,1437.931763,124.210281,348.555969,1169.168213,7.799943,396.572937,1366.950928,129.884567
15.442,189.644104,1438.19751,124.209396,351.293182,1170.943237,9.388273,397.788269,1369.229492,131.390335
15.45,189.396774,1438.503174,124.253662,353.941132,1172.919556,10.985786,398.982422,1371.630127,133.151138
15.458,189.119904,1438.904053,124.240791,356.760864,1175.043701,12.663959,400.335327,1374.16333,134.757675
15.467,188.800995,1439.333862,124.19722,359.656799,1177.203003,14.333989,401.854187,1376.852783,136.428787
15.475,188.45784,1439.764648,124.098289,362.742798,1179.558716,16.174719,403.395691,1379.653442,138.27243
15.483,188.152893,1440.234131,123.872566,365.874603,1182.162109,18.041824,405.029694,1382.637939,140.021027
15.492,187.715851,1440.702515,123.646736,369.044708,1184.877686,19.935749,406.71991,1385.708496,141.910706
15.5,187.297089,1441.187866,123.496925,372.482544,1187.568237,21.977308,408.38913,1388.986328,143.85405
15.508,186.911667,1441.673218,123.297867,375.947113,1190.37146,24.043367,410.185089,1392.35022,145.821228
15.517,186.481216,1442.267578,123.027321,379.353302,1193.577759,26.238365,411.926453,1395.970703,147.990433
15.525,185.931335,1442.884644,122.771317,382.71167,1196.843384,28.4321,413.702148,1399.627563,150.04364
15.533,185.335587,1443.506348,122.431831,385.921112,1200.282471,30.916945,415.413757,1403.544189,152.069946
15.542,184.806168,1444.119141,122.083015,389.429321,1203.876343,33.103649,417.042755,1407.482056,154.235947
15.55,184.254822,1444.791992,121.904434,392.857513,1207.485229,35.597385,418.404205,1411.48877,156.684586
15.558,183.7388,1445.435425,121.546455,396.098541,1211.12915,38.000317,419.825256,1415.69519,159.003204
15.567,183.05954,1446.081177,121.186043,399.407837,1215.076172,40.643124,421.1008,1420.05896,161.369751
15.575,182.338684,1446.761963,120.862488,402.653564,1219.086914,43.26498,422.384613,1424.54895,163.824173
15.583,181.740341,1447.536377,120.533516,405.844208,1223.274902,46.042042,423.628265,1429.209961,166.264908
15.592,181.012802,1448.270142,120.199768,408.942383,1227.592651,48.823723,424.588318,1433.970093,168.712402
15.6,180.295151,1449.023315,119.747566,411.948486,1231.960815,51.675522,425.371887,1438.838867,171.183563
15.608,179.434677,1449.762329,119.471458,414.810059,1236.471924,54.483398,426.083588,1443.862793,173.558487
15.617,178.622147,1450.511108,119.038445,417.687378,1241.098755,57.31208,426.693878,1448.913208,176.006439
15.625,177.830917,1451.276978,118.891388,420.400665,1245.755371,60.25843,427.299774,1454.124268,178.460815
15.633,176.848755,1451.995239,118.489243,422.997253,1250.525635,63.09063,427.745758,1459.262817,180.962296
15.642,175.959183,1452.835571,118.072395,425.439209,1255.430176,65.924805,428.151733,1464.447144,183.580582
15.65,175.054932,1453.590332,117.771538,427.786591,1260.427856,68.696579,428.450714,1469.70459,186.193222
15.658,173.92749,1454.30542,117.344635,429.997833,1265.357178,71.485054,428.7258,1475.030762,188.708405
15.667,173.045364,1455.059814,117.013863,432.0979,1270.433228,74.1894,428.952515,1480.338989,191.088074
15.675,172.099854,1455.964478,116.649292,434.027496,1275.633667,76.857903,429.110565,1485.720215,193.471848
15.683,170.870926,1456.729126,116.337486,435.809814,1280.82019,79.369026,429.30423,1491.222046,195.727951
15.692,169.915146,1457.49353,115.966057,437.468109,1286.168091,81.784409,429.465973,1496.592285,197.942459
15.7,168.720154,1458.246582,115.728065,438.840637,1291.412231,84.094963,429.639832,1502.017334,200.271942
15.708,167.483841,1459.007446,115.434395,440.22522,1296.82666,86.249695,429.926147,1507.465454,202.609406
15.717,166.334839,1459.81604,115.097015,441.473785,1302.191162,88.292175,430.258911,1512.744629,205.05513
15.725,165.023697,1460.549927,114.933029,442.483795,1307.630737,90.239166,430.600739,1517.998169,207.642975
15.733,163.761551,1461.287964,114.647362,443.513489,1312.994873,92.045601,431.042389,1523.151733,210.261002
15.742,162.45517,1461.951782,114.605209,444.40683,1318.427856,93.824432,431.636688,1528.228882,213.030273
15.75,161.092072,1462.525879,114.365532,445.165924,1323.823242,95.489456,431.84137,1533.374512,215.229858
15.758,159.902924,1463.261108,114.205505,445.841797,1329.214478,97.17791,432.0578,1538.512817,217.466949
15.767,158.565445,1463.887573,114.018631,446.412537,1334.560669,98.826172,432.162659,1543.815796,219.396317
15.775,157.415604,1464.597778,113.798241,446.9328,1339.869263,100.466293,432.226837,1548.999268,221.337418
15.783,156.121231,1465.176025,113.570961,447.308167,1345.115234,102.103539,432.249634,1554.128662,223.269653
15.792,154.808105,1465.771973,113.370644,447.530365,1350.302368,103.763802,432.240448,1559.263672,225.223419
15.8,153.55275,1466.342529,113.157478,447.603668,1355.518677,105.383118,432.294312,1564.277344,227.351791
15.808,152.234558,1466.868774,112.778923,447.670868,1360.593262,107.099495,432.452911,1569.344604,229.513367
15.817,150.990448,1467.345459,112.520958,447.580963,1365.651001,108.813652,432.5784,1574.307495,231.834213
15.825,149.616837,1467.782349,112.0383,447.347839,1370.754883,110.483162,432.732971,1579.218384,234.050247
15.833,148.359818,1468.247681,111.768227,447.117798,1375.728149,112.232689,432.772766,1584.145874,236.267532
15.842,146.977676,1468.589844,111.278633,446.683197,1380.713013,114.039574,432.811127,1589.12085,238.296768
15.85,145.645721,1468.925171,110.848579,446.213318,1385.644653,115.823593,432.749908,1594.097412,240.443069
15.858,144.365387,1469.206543,110.311409,445.585083,1390.521973,117.633026,432.679657,1599.033691,242.530655
15.867,142.976547,1469.494141,109.763054,444.853699,1395.367188,119.463387,432.432922,1603.938354,244.821381
15.875,141.76619,1469.759521,109.244049,444.078003,1400.197266,121.181427,432.244171,1608.793579,246.948624
15.883,140.43605,1469.999512,108.707382,443.209991,1405.072998,122.894989,432.061401,1613.514526,249.266953
15.892,139.20433,1470.277954,108.195053,442.050781,1409.747681,124.617828,431.935028,1618.12439,251.702454
15.9,137.922897,1470.500244,107.658127,441.05542,1414.395264,126.358284,431.817474,1622.639404,254.166367
15.908,136.605896,1470.79834,107.182365,439.80542,1419.042236,128.016754,431.551514,1626.97937,256.825684
15.917,135.399231,1471.064941,106.599442,438.420074,1423.485962,129.963348,431.108337,1631.237793,259.420105
15.925,134.208649,1471.32251,106.097954,437.178864,1427.893311,131.620865,430.635162,1635.427124,261.699768
15.933,132.957047,1471.545044,105.458122,435.75946,1432.118652,133.467087,429.982056,1639.663208,263.910522
15.942,131.862717,1471.813843,105.028214,434.320221,1436.223022,135.078842,428.870026,1643.901001,265.884979
15.95,130.69754,1472.050415,104.385971,432.768219,1440.226929,136.826218,427.846344,1647.903076,268.12265
15.958,129.562424,1472.296509,103.912918,431.305725,1444.100098,138.50119,426.470642,1651.820557,270.180511
15.967,128.540237,1472.550537,103.385529,429.695007,1447.830566,140.069778,425.087524,1655.599854,271.938416
15.975,127.325668,1472.744019,102.953445,428.030609,1451.485718,141.522171,423.529419,1659.191284,273.918274
15.983,126.288277,1473.001221,102.501076,426.338837,1454.986938,143.112289,421.973602,1662.521606,276.257477
15.992,125.209076,1473.137207,102.098839,424.473267,1458.418213,144.53125,420.564178,1665.680176,278.579926
16,124.091347,1473.373901,101.645218,422.761536,1461.87561,145.910172,419.003357,1668.771606,281.027008
16.008,123.036842,1473.547852,101.127014,420.834381,1465.120605,147.492661,417.341064,1671.740967,283.470001
16.017,121.965599,1473.704102,100.770317,418.987213,1468.399902,148.973007,415.773376,1674.629395,285.721008
16.025,120.835312,1473.890381,100.198418,417.082611,1471.414062,150.543381,413.950256,1677.647705,287.830933
16.033,119.896835,1473.99353,99.783463,415.145538,1474.441772,152.199661,411.8974,1680.652344,289.766785
16.042,118.760864,1474.051514,99.204887,413.22821,1477.355591,153.852875,409.809601,1683.65625,291.591797
16.05,117.773506,1474.157227,98.71051,411.099335,1480.225952,155.591843,407.807037,1686.700928,293.365479
16.058,116.859116,1474.225464,98.149536,408.978485,1483.075806,157.390198,405.776611,1689.65332,295.21228
16.067,115.838821,1474.28772,97.44265,406.742828,1485.862061,159.062332,403.667358,1692.51709,297.196198
16.075,114.896118,1474.359985,96.890175,404.597015,1488.593994,160.826859,401.628326,1695.320068,299.209229
16.083,113.929565,1474.430786,96.237732,402.261536,1491.353638,162.465912,399.649475,1698.099854,301.244171
16.092,112.938522,1474.529663,95.578674,400.968445,1493.889648,163.669098,397.846619,1700.801758,303.357269
16.1,111.971291,1474.573364,94.950813,398.520782,1496.575928,165.339722,395.924591,1703.477173,305.532166
16.108,111.112015,1474.678955,94.437187,396.11908,1499.310791,166.974747,393.96463,1706.155273,307.661072
16.117,110.202316,1474.720581,93.814888,393.428619,1501.978271,168.878906,392.24057,1708.714722,309.910156
16.125,109.213219,1474.726318,93.218346,390.833313,1504.598755,170.543655,390.433411,1711.322998,312.079773
16.133,108.367935,1474.751709,92.707031,388.195618,1507.196777,172.378906,388.592682,1713.88855,314.212494
16.142,107.524513,1474.787964,92.271469,385.599579,1509.797852,174.019943,386.568726,1716.473877,316.271729
16.15,106.609589,1474.744385,91.766922,382.931671,1512.452148,175.644272,384.336334,1719.063477,318.171997
16.158,105.761856,1474.715942,91.319199,380.276703,1515.099487,177.187927,382.174591,1721.588013,320.031342
16.167,104.929787,1474.635498,90.944786,377.565491,1517.774536,178.715927,380.012665,1724.276489,321.826569
16.175,104.036324,1474.552002,90.544647,374.866272,1520.476074,180.046661,377.815765,1726.840942,323.632141
16.183,103.282494,1474.492554,90.204361,372.16098,1523.249023,181.304428,375.677063,1729.473877,325.327881
16.192,102.427086,1474.42749,89.858017,369.482086,1526.028687,182.551987,373.389343,1731.981934,327.084625
16.2,101.690674,1474.344116,89.571144,366.800049,1528.791626,183.788422,371.040039,1734.512329,328.790863
16.208,101.024307,1474.261841,89.29464,364.026367,1531.503784,184.93045,368.715668,1736.946045,330.525818
16.217,100.255531,1474.218994,88.849442,361.183533,1534.155884,186.095383,366.391937,1739.262329,332.267609
16.225,99.526802,1474.187866,88.513359,358.417145,1536.826782,187.383698,363.953918,1741.518921,333.963104
16.233,98.911339,1474.170288,88.304962,355.655518,1539.3125,188.630096,362.151123,1743.757446,335.930511
16.242,98.24958,1474.178101,88.0765,352.874176,1541.754761,189.863129,359.755737,1745.757812,337.665131
16.25,97.574112,1474.233643,87.59153,350.086456,1544.084473,191.083878,357.536469,1747.952515,339.302216
16.258,97.04097,1474.383667,87.230675,347.235107,1546.300415,192.377853,354.945831,1750.010376,340.702179
16.267,96.529655,1474.530396,87.025002,344.567993,1548.385742,193.733795,352.427612,1752.026367,342.181122
16.275,96.071632,1474.71106,86.828987,341.873169,1550.369873,195.066498,350.174469,1753.837402,343.522278
16.283,95.56221,1474.881104,86.653625,339.153229,1552.304321,196.307816,347.395935,1755.701416,344.887909
16.292,95.018555,1475.067383,86.362366,337.35498,1554.187622,197.294846,344.819641,1757.737305,346.085815
16.3,94.415047,1475.305908,86.207268,334.664276,1555.975342,198.520355,342.260651,1759.434204,347.259888
16.308,94.030136,1475.369873,85.72628,331.867126,1557.776123,199.685181,339.55896,1761.12793,348.453766
16.317,93.422363,1475.768433,85.46669,329.140442,1559.524048,200.746811,336.568878,1762.945557,349.347412
16.325,93.036201,1475.799683,85.220505,326.21933,1561.224976,201.861206,333.79715,1764.386475,350.3508
16.333,92.416496,1476.176147,84.879105,323.415436,1562.935913,202.96048,331.179352,1765.939575,351.405182
16.342,91.918365,1476.301392,84.655663,320.585754,1564.435547,204.153091,328.57489,1767.514038,352.458282
16.35,91.859856,1475.359741,84.737656,317.760834,1566.006958,205.199753,326.024353,1769.022949,353.431427
16.358,91.422409,1475.525269,84.416138,314.786041,1567.463013,206.310226,323.483276,1770.453491,354.374664
16.367,90.960045,1475.626099,83.908775,311.83905,1568.986572,207.400162,321.148529,1771.754883,355.306213
16.375,90.500587,1475.726929,83.444878,308.862854,1570.336304,208.449371,318.621277,1773.196289,356.173309
16.383,90.043655,1475.84668,83.133339,305.912872,1571.753662,209.414215,316.124115,1774.354858,357.019806
16.392,89.495171,1475.965942,82.695465,302.893707,1573.079834,210.416611,313.554291,1775.692383,357.768372
16.4,88.840759,1476.078369,82.315704,299.878754,1574.385254,211.421616,311.075745,1776.823486,358.540985
16.408,88.175102,1476.209839,81.813591,296.684204,1575.661255,212.422119,308.616119,1778.00415,359.219025
16.417,87.577728,1476.368774,81.482307,293.622864,1576.901855,213.350571,306.194061,1779.08728,359.818695
16.425,87.020958,1476.518799,81.022697,290.542755,1578.036621,214.269165,303.793823,1780.263428,360.219086
16.433,86.3592,1476.643311,80.403122,287.612396,1579.199707,215.135834,301.247223,1781.242065,360.647552
16.442,85.776718,1476.853149,79.904404,284.751678,1580.068359,215.986816,298.485779,1782.348999,360.965576
16.45,85.123894,1477.01709,79.642883,282.131134,1581.02832,216.777756,295.628326,1783.215698,361.341614
16.458,84.560074,1477.122437,79.25666,279.696533,1581.775757,217.590057,292.729248,1784.203003,361.693665
16.467,84.019081,1477.166016,78.703407,277.454376,1582.440796,218.284561,289.784851,1784.963745,362.186493
16.475,83.602608,1477.239746,78.406631,275.447052,1583.11731,218.855865,286.871613,1785.616211,362.73996
16.483,83.218971,1477.300537,78.272133,273.592773,1583.650879,219.527618,284.005768,1786.328613,363.329834
16.492,82.828423,1477.301025,78.175377,271.892975,1584.164185,220.094971,281.212158,1786.810547,363.97937
16.5,82.48896,1477.331177,77.902184,270.346863,1584.680176,220.566025,278.486847,1787.216064,364.658569
16.508,82.12915,1477.364868,77.674622,268.846222,1585.223022,220.979324,275.920227,1787.597778,365.215942
16.517,81.785736,1477.378174,77.413475,267.44632,1585.719971,221.298615,273.485992,1788.024292,365.673035
16.525,81.522301,1477.39209,77.230743,266.132599,1586.144531,221.636917,271.324097,1788.435547,366.036743
16.533,81.297356,1477.414673,77.084122,264.84436,1586.577637,221.962662,269.220337,1788.651001,366.532837
16.542,81.111938,1477.436035,76.960442,263.742279,1586.92688,222.282074,267.181641,1788.783936,366.984833
16.55,80.915741,1477.451538,76.862991,262.668976,1587.157104,222.544785,265.587738,1788.932495,367.30658
16.558,80.744583,1477.488525,76.764664,261.593994,1587.375854,222.704315,263.999054,1788.97168,367.86795
16.567,80.555656,1477.535645,76.569115,260.799286,1587.509277,222.996902,262.800018,1788.971558,368.233765
16.575,80.305954,1477.60083,76.387024,260.028656,1587.641357,223.352921,261.500031,1788.932739,368.758698
16.583,80.145218,1477.70813,76.213615,259.453186,1587.657349,223.663956,260.585663,1788.924194,369.12674
16.592,80.035049,1477.820923,76.094147,258.88327,1587.601807,224.026154,259.696442,1788.853149,369.568909
16.6,79.946976,1477.94458,75.922508,258.475494,1587.520996,224.369095,258.820862,1788.694702,369.965973
16.608,79.850838,1478.045166,75.726204,258.167511,1587.344116,224.682281,258.169952,1788.579834,370.272247
16.617,79.791298,1478.131592,75.581024,257.939545,1587.195923,225.02095,257.748383,1788.418701,370.630096
16.625,79.743675,1478.223633,75.431236,257.782471,1587.028564,225.304504,257.195343,1788.211426,371.173737
16.633,79.711273,1478.30542,75.275566,257.608704,1586.887085,225.533493,256.72821,1787.968384,371.545502
16.642,79.678352,1478.390869,75.15509,257.486359,1586.782227,225.66156,256.409698,1787.763916,371.862152
16.65,79.669472,1478.487427,75.022217,257.379242,1586.718628,225.750992,256.194641,1787.572388,372.188324
16.658,79.657097,1478.57666,74.969383,257.303253,1586.675781,225.744064,256.018585,1787.369507,372.468109
16.667,79.656677,1478.654541,74.853561,257.242828,1586.616455,225.832993,255.858368,1787.193848,372.70105
16.675,79.659653,1478.70874,74.783714,257.193604,1586.562378,225.759689,255.742706,1787.019409,372.885834
16.683,79.648865,1478.759888,74.736725,257.188843,1586.522217,225.772766,255.707825,1786.662109,373.145691
16.692,79.64856,1478.792725,74.699112,257.216125,1586.453369,225.748322,255.659424,1786.459351,373.38385
16.7,79.68354,1478.876953,74.589828,257.278107,1586.407715,225.785568,255.487198,1786.299805,373.609955
16.708,79.695412,1478.894043,74.537437,257.330322,1586.318848,225.75296,255.426727,1786.038208,373.801147
16.717,79.712585,1478.918945,74.515533,257.422211,1586.225098,225.783157,255.512482,1785.84082,373.99881
16.725,79.734459,1478.950073,74.457062,257.502319,1586.158691,225.756882,255.66304,1785.66272,374.165771
16.733,79.758766,1478.954346,74.43438,257.601044,1586.035767,225.800415,255.970535,1785.489502,374.268707
16.742,79.813599,1478.956787,74.382248,257.698669,1585.906616,225.840683,256.168335,1785.308472,374.396545
16.75,79.860588,1478.965088,74.317131,257.822693,1585.755249,225.921341,256.35379,1785.116943,374.47821
16.758,79.938423,1478.967041,74.306969,257.992401,1585.539673,225.958862,256.578247,1784.893311,374.593384
16.767,80.01889,1478.928711,74.253052,258.196777,1585.393188,225.988571,256.841003,1784.643921,374.734589
16.775,80.10347,1478.921509,74.217697,258.390686,1585.192627,225.994476,257.021637,1784.326904,374.961578
16.783,80.181419,1478.897461,74.189201,258.59967,1584.987915,225.978073,257.339142,1784.027466,375.069031
16.792,80.254784,1478.849243,74.165031,258.874939,1584.730347,226.076721,257.595642,1783.80188,375.255188
16.8,80.338623,1478.828125,74.207687,259.139343,1584.595825,226.030365,257.818298,1783.589478,375.369202
16.808,80.435974,1478.807251,74.190887,259.386871,1584.494507,226.041748,258.083527,1783.39624,375.453735
16.817,80.527618,1478.794067,74.210518,259.610382,1584.386597,226.018982,258.381622,1783.230591,375.512299
16.825,80.634094,1478.782104,74.221802,259.822052,1584.307861,225.946121,258.729309,1783.098511,375.576385
16.833,80.734573,1478.792847,74.217239,260.024292,1584.224487,225.881775,259.103149,1783.006714,375.582642
16.842,80.826416,1478.806396,74.244209,260.270264,1584.193359,225.832657,259.483459,1782.937134,375.565613
16.85,80.950584,1478.828003,74.340324,260.477722,1584.159424,225.839905,259.92572,1782.906128,375.501923
16.858,81.086571,1478.840942,74.350464,260.6828,1584.103027,225.921875,260.308075,1782.831909,375.529663
16.867,81.202408,1478.859131,74.324005,260.929321,1584.049927,225.778198,260.601898,1782.723145,375.59314
16.875,81.288063,1478.891602,74.306488,261.187744,1583.991455,225.8694,260.896118,1782.677368,375.588715
16.883,81.38549,1478.921509,74.31385,261.506958,1583.94043,225.824463,261.184784,1782.637329,375.585449
16.892,81.492538,1478.95874,74.30751,261.791718,1583.882324,225.825592,261.494019,1782.600586,375.590302
16.9,81.588692,1478.968018,74.325096,262.013824,1583.833496,225.764389,261.767487,1782.569946,375.605957
16.908,81.673973,1478.96875,74.342865,262.193329,1583.809326,225.770218,262.024841,1782.536255,375.582825
16.917,81.77359,1478.972534,74.311348,262.391235,1583.745117,225.664093,262.295441,1782.525269,375.527496
16.925,81.860756,1478.959473,74.336441,262.540436,1583.732666,225.678375,262.566681,1782.549561,375.431183
16.933,81.918655,1478.932007,74.33931,262.683807,1583.708008,225.7034,262.811371,1782.555664,375.328491
16.942,81.968468,1478.911133,74.35807,262.816193,1583.678711,225.625916,263.173706,1782.619873,375.135437
16.95,82.006195,1478.873779,74.365837,262.95929,1583.675415,225.508621,263.443634,1782.605347,375.071167
16.958,82.07093,1478.831543,74.397011,263.088135,1583.679932,225.451324,263.727966,1782.601685,374.963135
16.967,82.115555,1478.820801,74.427368,263.242737,1583.693726,225.411484,264.042572,1782.622681,374.832275
16.975,82.187714,1478.840088,74.453056,263.420715,1583.691772,225.365814,264.338226,1782.667969,374.687836
16.983,82.271385,1478.873413,74.456329,263.606445,1583.692139,225.236206,264.66626,1782.723633,374.530701
16.992,82.364441,1478.936523,74.396927,263.805206,1583.72168,225.180634,265.054688,1782.776367,374.383911
17,82.433807,1478.991211,74.413475,264.04184,1583.732666,224.895874,265.555664,1782.86084,374.164429
17.008,82.50634,1479.03186,74.442787,264.313995,1583.696289,224.847641,265.905121,1782.883057,374.109863
17.017,82.596512,1479.076416,74.427567,264.60968,1583.646118,224.790726,266.220337,1782.835938,374.053162
17.025,82.66584,1479.10144,74.463707,264.93692,1583.56189,224.780197,266.497986,1782.767944,374.024933
17.033,82.725571,1479.11377,74.470917,265.197052,1583.478516,224.782898,266.781311,1782.702271,374.014648
17.042,82.77343,1479.114258,74.528259,265.491821,1583.382935,224.748077,267.073181,1782.62085,374.012756
17.05,82.829124,1479.103149,74.617546,265.773529,1583.240601,224.729019,267.396606,1782.497681,373.999481
17.058,82.877487,1479.064331,74.65847,266.057648,1583.081421,224.65892,267.827728,1782.328979,373.986786
17.067,82.942223,1479.012695,74.691025,266.331451,1582.944824,224.585846,268.256378,1782.229126,373.917694
17.075,83.022697,1478.953857,74.807961,266.60379,1582.849487,224.512146,268.854095,1782.099243,373.765747
17.083,83.107826,1478.895264,74.862793,266.868561,1582.765259,224.40831,269.342621,1781.973511,373.675079
17.092,83.210938,1478.816895,74.964561,267.21167,1582.661011,224.267334,269.843262,1781.88208,373.501221
17.1,83.307655,1478.723755,75.067345,267.768829,1582.463379,224.137466,270.510651,1781.778442,373.303436
17.108,83.438492,1478.63501,75.272873,268.357208,1582.250732,223.9879,271.464508,1781.598877,373.077545
17.117,83.555618,1478.572021,75.395203,269.001068,1581.991455,223.801788,272.285278,1781.382446,373.02182
17.125,83.682083,1478.497925,75.552528,269.672791,1581.712524,223.673126,273.255035,1781.119507,372.896667
17.133,83.780228,1478.369995,75.809311,270.753662,1581.296875,223.51944,274.464539,1780.819092,372.667603
17.142,83.913696,1478.27771,75.984772,271.820526,1580.778931,223.38707,275.616608,1780.203979,372.714935
17.15,84.144455,1478.186157,76.236526,273.133759,1580.120239,223.307007,276.698486,1779.648804,372.688446
17.158,84.356125,1478.102905,76.43119,274.779816,1579.269287,223.208099,278.005798,1779.027466,372.569092
17.167,84.583984,1478.033813,76.606171,276.620972,1578.273926,223.149765,279.185425,1778.257202,372.556335
17.175,84.927963,1477.946777,76.851883,278.682617,1577.061157,223.026184,280.34549,1777.360718,372.475739
17.183,85.388626,1477.871582,77.236832,281.073883,1575.828857,222.769608,281.66806,1776.473999,372.326935
17.192,85.844978,1477.7771,77.561592,283.479889,1574.572632,222.671829,283.093353,1775.505615,372.188629
17.2,86.304535,1477.677124,77.889862,285.877747,1573.321777,222.380783,284.684204,1774.495972,371.826691
17.208,86.812698,1477.535278,78.087746,288.240234,1572.020386,221.97258,286.366943,1773.546509,371.414856
17.217,87.326912,1477.42749,78.346214,290.580139,1570.794434,221.388229,288.325836,1772.476685,370.938965
17.225,87.85743,1477.359863,78.692162,292.81131,1569.600952,220.822662,290.604156,1771.378174,370.407837
17.233,88.460754,1477.281372,78.855339,295.031189,1568.468994,220.165146,293.179474,1770.006836,370.043976
17.242,89.069809,1477.142212,79.097664,297.223236,1567.284424,219.443283,295.704529,1768.805786,369.583801
17.25,89.559669,1477.003662,79.328018,299.455994,1566.206909,218.718262,298.624878,1767.4552,369.123444
17.258,89.603378,1477.832642,79.071541,301.398987,1565.049561,217.877151,301.735779,1766.116455,368.637421
17.267,90.153015,1477.480835,79.468216,303.436371,1563.845337,217.110977,305.155518,1764.730591,368.096558
17.275,90.454681,1477.523071,79.766922,305.59082,1562.686157,216.186844,308.640167,1763.115234,367.637421
17.283,91.031334,1477.122437,80.223557,307.681549,1561.443115,215.391418,312.126526,1761.710449,366.967133
17.292,91.457916,1477.018311,80.609375,309.985138,1560.159302,214.432907,315.704773,1760.080444,366.204651
17.3,91.986168,1476.744385,81.176598,312.427979,1558.683716,213.344788,319.423065,1758.454102,365.26236
17.308,92.590981,1476.491821,81.6558,315.070221,1557.096313,212.293823,323.948486,1756.918701,364.580261
17.317,93.180084,1476.251465,82.230873,318.073975,1555.324951,211.208313,327.77774,1755.060547,363.525482
17.325,93.832458,1475.961792,82.546577,321.234009,1553.24707,210.082382,331.652954,1753.004883,362.384827
17.333,94.482101,1475.743652,83.051796,324.634949,1550.911865,208.85257,335.586395,1750.88147,361.122437
17.342,95.189575,1475.547974,83.719986,328.392792,1548.320557,207.549286,339.280334,1748.340698,359.787964
17.35,96.008659,1475.450562,84.337929,332.566589,1545.388428,206.242233,343.099243,1745.729248,358.301636
17.358,96.873772,1475.325073,85.08107,336.789795,1542.093628,204.980087,346.763641,1742.741211,356.729034
17.367,97.732544,1475.192017,85.709862,341.575409,1538.563354,203.365036,350.258575,1739.428467,355.088867
17.375,98.895454,1475.141479,86.471581,346.421814,1534.717285,201.86116,353.696289,1735.902588,353.211395
17.383,100.03231,1475.072876,87.163216,351.525269,1530.634521,200.047623,357.01651,1732.032715,351.297607
17.392,101.475922,1475.028198,87.820229,356.69342,1526.327515,198.156815,359.720062,1727.61499,348.959534
17.4,102.943275,1474.964111,88.399834,361.832367,1521.655396,196.048431,362.597168,1722.93811,346.64502
17.408,104.477295,1474.859741,89.030838,367.140411,1516.782104,193.775574,365.529907,1717.793091,344.363373
17.417,106.056198,1474.767578,89.63884,372.512848,1511.565063,191.262482,368.309113,1712.117188,341.956635
17.425,107.719391,1474.647583,90.283653,377.880859,1505.89563,188.820984,371.035126,1705.937744,339.320862
17.433,109.351013,1474.596924,90.857826,383.178406,1499.751465,186.147171,373.364655,1699.038696,336.772552
17.442,111.216949,1474.538208,91.640831,388.461151,1493.125732,183.506104,375.923706,1691.699463,334.022461
17.45,112.993973,1474.413696,92.226501,393.696442,1486.010986,180.724304,378.374756,1683.81897,331.333069
17.458,115.171288,1474.156616,92.992378,398.674713,1478.4021,178.083496,380.977539,1675.301758,328.799591
17.467,117.346069,1473.830566,93.813011,403.527374,1470.314575,175.117554,383.518829,1666.371216,326.054291
17.475,119.507309,1473.435547,94.513718,408.113007,1461.905884,172.088974,385.955872,1656.945435,323.285156
17.483,121.852364,1472.947998,95.210861,412.502319,1453.044678,168.954926,388.498291,1647.137207,320.602936
17.492,124.179253,1472.335571,95.942329,416.580841,1443.776733,165.588058,390.895966,1636.817261,317.985779
17.5,126.472923,1471.692017,96.496445,420.351715,1434.137939,162.144592,392.959534,1625.925781,314.990143
17.508,128.748871,1470.926392,97.133934,423.63269,1424.010376,158.634705,395.24411,1614.569458,312.012573
17.517,131.181992,1469.986084,97.956268,426.856537,1413.490601,154.727982,397.182892,1602.819092,308.989349
17.525,133.703613,1469.121338,98.805489,429.700958,1402.586548,150.713516,399.244843,1590.513672,305.973572
17.533,136.27951,1468.125244,99.763153,432.080658,1391.325562,146.453491,401.344025,1577.876465,302.978699
17.542,138.838379,1466.860107,100.710075,434.043274,1379.729248,141.970551,403.155304,1564.805542,299.836578
17.55,141.5224,1465.456055,101.808067,435.468872,1367.763794,137.252472,405.288208,1551.352905,296.997711
17.558,144.344589,1463.946411,102.72438,436.538208,1355.760986,132.533096,407.02536,1537.499634,294.031372
17.567,147.191513,1462.374756,103.665733,436.978821,1343.522827,127.354416,409.000275,1523.107544,291.432648
17.575,150.09671,1460.599121,104.549553,437.040009,1331.244995,121.45681,410.74295,1508.305298,288.806793
17.583,153.091568,1458.727417,105.415169,436.416992,1318.898315,115.87571,412.551758,1493.146118,286.530518
17.592,156.129456,1456.835938,106.263733,435.215332,1306.622681,109.886711,414.21463,1477.552856,284.131287
17.6,159.170471,1454.740234,107.188194,433.516754,1294.395874,103.692871,415.879822,1461.671143,281.932892
17.608,162.126602,1452.654175,107.986755,431.200348,1282.29126,97.214882,417.334808,1445.383911,279.587128
17.617,165.000305,1450.434814,108.828384,428.375916,1270.305176,90.555565,418.990997,1428.963135,277.211639
17.625,167.810837,1448.162231,109.526588,424.829132,1258.448364,83.824669,420.441589,1412.239258,274.705566
17.633,170.905792,1446.03418,110.428009,420.856842,1246.929688,76.877815,422.003571,1395.335327,272.075775
17.642,173.622208,1443.810669,111.236855,416.130341,1235.671387,70.003029,423.378967,1378.077148,269.406433
17.65,176.173004,1441.696899,112.009491,410.80072,1224.81311,62.839619,424.769714,1360.556274,266.60437
17.658,178.665482,1439.726318,112.75663,404.97879,1214.522217,55.703659,426.250183,1342.502808,264.010559
17.667,180.915741,1437.648682,113.666443,398.5849,1204.741943,48.629669,427.559326,1324.375244,261.077728
17.675,183.098816,1435.83667,114.65799,391.652832,1195.525879,41.674225,428.951782,1305.914795,258.072479
17.683,185.136902,1433.861328,115.917923,384.296417,1187.226562,34.766174,430.002747,1287.001831,254.958328
17.692,187.201157,1432.12146,117.072746,376.525452,1179.363159,28.279036,430.780518,1267.804443,251.622528
17.7,189.094437,1430.414795,118.418465,368.211609,1172.456909,22.142014,431.491791,1248.64209,247.950455
17.708,190.67981,1428.843018,119.739342,359.948456,1165.787842,16.410309,431.508301,1229.410522,243.777359
17.717,192.225616,1427.35791,121.082558,351.498779,1159.677979,11.217761,431.082825,1210.383789,239.117828
17.725,193.411484,1426.133423,122.185555,342.902435,1154.273926,6.445119,430.203796,1191.614746,234.371506
17.733,194.458557,1425.098877,123.391769,334.178741,1149.577759,2.162062,429.033752,1173.480469,228.898987
17.742,195.278183,1424.174683,124.456482,325.677124,1145.583618,-1.625489,427.086761,1155.606812,223.658371
17.75,195.956421,1423.616333,125.367325,317.29007,1142.091919,-4.921744,424.902008,1138.316162,218.138
17.758,196.5392,1423.109863,126.039818,309.349701,1139.157227,-7.718283,422.150757,1121.573486,212.442566
17.767,197.310562,1422.805176,126.656982,301.960327,1136.650024,-9.963766,418.731995,1105.488892,206.758942
17.775,197.883224,1422.509766,127.123085,295.13681,1134.443726,-11.715118,414.683807,1090.024658,201.223297
17.783,198.348526,1422.322754,127.472374,289.135986,1132.450439,-13.086171,410.317993,1075.279785,195.86554
17.792,198.900818,1422.321655,127.919807,283.868195,1130.886719,-14.033892,405.664368,1061.178589,190.801773
17.8,199.219986,1422.246338,128.165939,279.561554,1129.559814,-14.741107,400.297211,1047.624268,186.043701
17.808,199.467102,1422.192261,128.372391,276.234528,1128.608032,-15.156678,394.797638,1034.848755,181.577606
17.817,199.683121,1422.130615,128.587036,273.995728,1127.879395,-15.318986,389.277954,1022.18927,177.284683
17.825,199.950226,1422.185181,128.826691,272.566406,1127.484253,-15.177141,383.339203,1010.507202,173.422318
17.833,200.027618,1422.209473,128.970123,272.064911,1127.166138,-14.804103,377.42511,999.510071,169.263809
17.842,200.143219,1422.321533,129.240234,272.182129,1126.895996,-14.190526,372.090332,989.321533,165.263885
17.85,200.200607,1422.450928,129.468201,272.674835,1126.50769,-13.325696,366.646454,980.050659,161.483139
17.858,200.231583,1422.622681,129.684631,273.297852,1126.195312,-12.189607,361.874817,971.380859,157.390549
17.867,200.353943,1422.842896,130.029404,274.068359,1125.878052,-10.945089,357.60849,963.555298,153.172775
17.875,200.323853,1422.960449,130.234955,274.897797,1125.602783,-9.465764,353.889191,956.371277,148.771561
17.883,200.410126,1423.134644,130.529587,275.574799,1125.31604,-7.700498,350.627502,949.41449,144.544464
17.892,200.290009,1423.172729,130.668243,276.341431,1125.100098,-5.70805,347.73999,942.932861,140.456711
17.9,200.155334,1423.142212,130.773514,277.022675,1124.751099,-3.468134,345.111542,936.887817,136.281937
17.908,200.208282,1423.1698,131.054703,277.84082,1124.373169,-1.013916,342.81311,931.194336,132.096893
17.917,200.039703,1423.023071,131.203018,278.944031,1123.925659,1.595233,340.496307,925.708618,128.237274
17.925,199.886871,1422.803467,131.369186,280.19873,1123.344849,4.447907,338.274353,920.675049,124.430954
17.933,199.719513,1422.520874,131.544174,281.68808,1122.682007,7.406052,336.056641,916.139832,120.783539
17.942,199.531021,1422.206787,131.699982,283.316315,1122.055908,10.394657,333.906616,911.998596,117.385818
17.95,199.482712,1421.946289,132.033844,284.92099,1121.339355,13.391872,331.706268,908.281372,114.155067
17.958,199.296524,1421.55127,132.160934,286.582581,1120.672485,16.314631,329.46875,905.184692,111.008034
17.967,199.275345,1421.188599,132.412186,288.092194,1120.165527,19.073872,327.187775,902.519836,108.185471
17.975,199.308197,1420.927979,132.82193,289.54129,1119.779175,21.3916,324.675964,900.089783,105.719414
17.983,199.257492,1420.550049,133.225632,290.824585,1119.405762,23.962917,322.250854,898.059509,103.797279
17.992,199.171402,1420.19104,133.737228,291.901733,1119.133301,26.146151,320.21347,896.745056,101.81588
18,198.975372,1419.734375,134.343369,292.811249,1118.949707,27.964722,318.16803,895.703674,100.418999
18.008,198.681168,1419.315796,135.070389,293.692535,1118.790039,29.752085,316.158478,894.993591,99.54129
18.017,198.447815,1418.989868,135.780319,294.170227,1118.593872,31.104622,314.26358,894.449646,99.157181
18.025,198.345749,1418.727295,136.574905,294.305847,1118.396484,32.03228,312.848602,894.23053,99.252525
18.033,198.343445,1418.598755,137.436188,294.087341,1118.16394,32.653374,311.145813,893.853821,99.785095
18.042,198.072144,1418.317017,138.050156,293.987213,1118.087769,32.629917,309.252625,893.576782,100.688522
18.05,198.038147,1418.098389,138.562607,293.50412,1117.925659,32.481171,306.810791,893.258057,101.548119
18.058,197.939285,1417.981323,138.974228,292.838226,1117.903687,32.07737,304.306915,893.012573,102.699066
18.067,197.954651,1417.958252,139.192688,292.027893,1117.791626,31.626514,301.445831,892.892456,103.632484
18.075,197.980545,1417.955078,139.225906,291.129272,1117.658813,31.029612,298.48642,892.884583,104.75515
18.083,198.1577,1418.013306,139.187775,290.323822,1117.4646,30.550638,295.475006,892.791504,105.915039
18.092,198.162613,1418.036499,138.941589,289.140503,1117.196411,30.105244,293.038391,892.9422,107.303268
18.1,198.285736,1418.158081,138.65889,288.372955,1116.89209,29.595966,291.089905,893.114624,108.702522
18.108,198.205795,1418.109619,138.161133,287.783691,1116.548706,29.150761,289.021118,893.295776,109.935921
18.117,198.356705,1418.13916,137.796036,287.073669,1116.175293,28.85759,287.367218,893.420532,111.030617
18.125,198.325531,1418.106323,137.387161,286.392242,1115.736084,28.613934,286.463165,893.584229,112.107086
18.133,198.390732,1418.006958,136.981369,285.807556,1115.320679,28.60125,286.241852,893.657837,113.19326
18.142,198.211731,1417.793579,136.5112,285.450745,1114.953003,28.692945,286.46994,893.642456,114.610779
18.15,198.050476,1417.47644,136.04541,285.243805,1114.494751,28.968233,287.0383,893.398743,116.238274
18.158,197.954651,1417.124023,135.702255,285.296112,1114.000732,29.451986,287.979767,893.211914,118.121872
18.167,197.854889,1416.862549,135.514145,285.67392,1113.432251,30.104332,289.048462,892.95282,120.119804
18.175,197.786575,1416.381836,135.259689,286.434967,1112.834473,31.022423,290.11087,892.655212,122.110565
18.183,197.490158,1415.992432,134.923874,287.334503,1112.296265,31.93264,291.305511,892.410889,124.256279
18.192,197.329971,1415.602051,134.671982,288.464294,1111.720703,33.059315,292.467438,892.336121,126.489204
18.2,197.225235,1415.179199,134.394958,289.772827,1111.215698,34.245434,293.640991,892.339844,128.690216
18.208,197.16037,1414.838135,134.196518,291.132477,1110.745728,35.45285,294.968872,892.334351,130.896698
18.217,197.014221,1414.483521,133.993103,292.531433,1110.385254,36.764717,296.281372,892.294006,133.146347
18.225,196.946838,1414.225098,133.875122,293.87326,1110.05896,38.026649,297.574402,892.444336,135.366699
18.233,196.702667,1413.880615,133.6492,295.225037,1109.752563,39.239971,298.623657,892.677795,137.527878
18.242,196.563477,1413.622681,133.539993,296.63562,1109.598877,40.23447,299.809387,892.921326,139.624298
18.25,196.400421,1413.391357,133.467712,297.646851,1109.516479,41.208229,300.891663,893.236877,141.700317
18.258,196.206024,1413.136963,133.49588,298.485901,1109.391602,42.208881,301.831146,893.707581,143.701614
18.267,196.051422,1412.954956,133.44165,299.143677,1109.324707,43.014805,302.765442,894.042236,145.741409
18.275,195.912552,1412.793335,133.439148,299.685791,1109.259766,43.705204,303.457184,894.404846,147.540726
18.283,195.802979,1412.669189,133.456665,300.094269,1109.203247,44.280071,304.23703,894.907593,149.422226
18.292,195.734711,1412.561157,133.506546,300.392761,1109.11438,44.808468,304.761017,895.169495,150.959427
18.3,195.69371,1412.463745,133.575882,300.586182,1108.998657,45.253998,305.277557,895.463318,152.513245
18.308,195.704651,1412.360962,133.637268,300.687561,1108.864624,45.609066,305.48291,895.756775,153.918808
18.317,195.763153,1412.249268,133.721512,300.652039,1108.619263,45.976696,305.58844,895.995056,155.197113
18.325,195.846298,1412.157104,133.78363,300.595978,1108.385742,46.224457,305.618591,896.108154,156.418747
18.333,195.954193,1412.062744,133.820145,300.453949,1108.083496,46.412354,305.62677,896.183899,157.511215
18.342,196.084564,1411.982666,133.861862,300.199768,1107.726196,46.636486,305.453918,896.234131,158.504059
18.35,196.195908,1411.898071,133.902191,299.541412,1107.241455,47.105339,305.228973,896.263123,159.401886
18.358,196.324249,1411.841187,133.957321,299.115082,1106.860718,47.233402,304.958038,896.273743,160.222076
18.367,196.446976,1411.784668,134.007309,298.63147,1106.488525,47.336708,304.660645,896.214661,160.901596
18.375,196.582275,1411.719238,134.067764,298.03302,1106.129883,47.390217,304.269104,896.106567,161.580078
18.383,196.72139,1411.673706,134.10791,297.458496,1105.805786,47.538956,303.758575,895.96283,162.205231
18.392,196.853714,1411.614502,134.156723,296.869049,1105.42334,47.782928,303.294495,895.799133,162.739883
18.4,196.995331,1411.562866,134.24086,296.249268,1105.022095,47.93478,302.874847,895.627014,163.286453
18.408,197.14476,1411.516724,134.332123,295.692474,1104.673706,48.094311,302.430359,895.430664,163.698502
18.417,197.289429,1411.458496,134.434357,295.110931,1104.279907,48.297882,302.029694,895.255859,164.115326
18.425,197.437241,1411.413818,134.557129,294.488312,1103.948486,48.449249,301.584351,895.054077,164.543518
18.433,197.572113,1411.354858,134.723389,293.912262,1103.641724,48.678493,301.149902,894.8255,165.017929
18.442,197.693207,1411.439453,134.960312,293.407623,1103.305054,48.988064,300.769775,894.628174,165.432755
18.45,197.761215,1411.27002,135.000778,292.975891,1103.025146,49.331532,300.442139,894.478882,165.792313
18.458,197.84761,1411.262451,135.154007,292.596283,1102.781982,49.644768,300.137024,894.342773,166.089233
18.467,197.904953,1411.236694,135.343231,292.289642,1102.56958,49.923538,299.859924,894.169373,166.442322
18.475,197.967758,1411.221802,135.534805,292.008728,1102.361206,50.242432,299.623413,894.024536,166.73613
18.483,198.018906,1411.210938,135.722031,291.825256,1102.228516,50.608387,299.40387,893.897095,167.0215
18.492,198.036575,1411.205811,135.904053,291.679718,1102.128906,50.984688,299.206848,893.773804,167.259598
18.5,198.058411,1411.222778,136.107071,291.574463,1102.046143,51.34227,298.986328,893.646301,167.475174
18.508,198.063629,1411.248291,136.302444,291.531281,1102.04187,51.675755,298.812592,893.558472,167.696869
18.517,198.04483,1411.352417,136.509628,291.540375,1102.070679,51.989792,298.677155,893.498413,167.870819
18.525,198.037643,1411.336914,136.689713,291.618256,1102.155273,52.287254,298.58197,893.479675,168.027359
18.533,198.014633,1411.450195,136.955704,291.725159,1102.244751,52.580982,298.512878,893.460938,168.161789
18.542,197.987534,1411.466309,137.159698,291.827881,1102.342896,52.78764,298.483246,893.456665,168.264481
18.55,197.93631,1411.511353,137.417572,291.976959,1102.467163,52.972084,298.467743,893.471069,168.359665
18.558,197.92366,1411.492065,137.675751,292.127777,1102.619385,53.099709,298.479218,893.466553,168.400146
18.567,197.845062,1411.495728,137.892365,292.377472,1102.705811,53.319004,298.528564,893.506836,168.437317
18.575,197.805481,1411.567505,138.184387,292.603149,1102.819946,53.420654,298.572968,893.531921,168.463577
18.583,197.764557,1411.52002,138.406494,292.833069,1102.928955,53.498264,298.654175,893.593933,168.436768
18.592,197.717972,1411.495239,138.613068,293.062042,1103.057983,53.554546,298.763306,893.679993,168.405991
18.6,197.653091,1411.476685,138.806839,293.263306,1103.157349,53.607632,298.898041,893.7771,168.374481
18.608,197.639862,1411.468262,138.996613,293.458801,1103.256714,53.63768,299.052887,893.894897,168.324234
18.617,197.583679,1411.474121,139.190369,293.658813,1103.383789,53.673306,299.191376,894.028992,168.26442
18.625,197.567245,1411.523804,139.428925,293.831696,1103.474121,53.670708,299.304535,894.17572,168.202927
18.633,197.525116,1411.487427,139.615845,293.994019,1103.564453,53.696133,299.413361,894.361206,168.13414
18.642,197.446838,1411.457031,139.789566,294.139557,1103.672363,53.741398,299.52832,894.549927,168.058533
18.65,197.426407,1411.437866,139.975983,294.278595,1103.756348,53.816639,299.649231,894.71759,167.930527
18.658,197.353149,1411.486694,140.182404,294.38797,1103.873291,53.894619,299.795807,894.841675,167.756073
18.667,197.292664,1411.485596,140.394836,294.479279,1103.971924,53.993645,299.963928,894.907532,167.493149
18.675,197.262772,1411.501587,140.555603,294.520508,1104.072266,54.078121,300.126801,894.880127,167.216858
18.683,197.185272,1411.497803,140.688889,294.522064,1104.176514,54.162788,300.281769,894.834167,166.898514
18.692,197.191299,1411.53479,140.869186,294.490509,1104.2771,54.235981,300.450928,894.765564,166.556976
18.7,197.161026,1411.611328,141.031799,294.448456,1104.407349,54.308762,300.618378,894.683594,166.177902
18.708,197.096313,1411.631104,141.145935,294.36377,1104.518921,54.368931,300.835785,894.573853,165.810745
18.717,197.053787,1411.782593,141.402802,294.297638,1104.631104,54.42395,301.033936,894.487671,165.4272
18.725,196.94339,1411.791992,141.531631,294.239471,1104.774902,54.505608,301.246338,894.43512,164.976486
18.733,196.964142,1411.916382,141.715668,294.205383,1104.899292,54.564445,301.416718,894.388855,164.545715
18.742,196.83461,1411.860718,141.879089,294.179626,1104.996338,54.639492,301.584259,894.359619,164.13623
18.75,196.781677,1411.948242,142.094681,294.139435,1105.149902,54.663692,301.785034,894.279541,163.783859
18.758,196.714874,1411.992065,142.317307,294.146423,1105.272217,54.728321,301.950867,894.190552,163.427826
18.767,196.644287,1412.013428,142.468628,294.181488,1105.410767,54.788017,302.146637,894.141235,163.105957
18.775,196.581848,1412.139038,142.737869,294.222626,1105.523315,54.857288,302.319214,894.077271,162.776184
18.783,196.548325,1412.084717,142.825439,294.274506,1105.66333,54.898281,302.517761,894.060608,162.501343
18.792,196.421204,1412.182129,143.023621,294.353058,1105.789429,54.934441,302.724457,894.073181,162.251709
18.8,196.327499,1412.203369,143.203384,294.43988,1105.953247,54.971153,302.909149,894.094421,162.047943
18.808,196.334915,1412.281616,143.448349,294.588409,1106.075073,55.070217,303.102417,894.108521,161.853592
18.817,196.160599,1412.317017,143.589981,294.709106,1106.251099,55.092159,303.308105,894.131531,161.681
18.825,196.056076,1412.370972,143.792038,294.849945,1106.409912,55.15292,303.566589,894.16864,161.546616
18.833,195.978806,1412.428223,144.005569,294.975464,1106.580933,55.175446,303.77179,894.240234,161.401489
18.842,195.895493,1412.465576,144.196869,295.115479,1106.77356,55.190392,303.969635,894.336792,161.279861
18.85,195.834198,1412.503784,144.389496,295.238708,1106.916992,55.187565,304.142273,894.44989,161.18158
18.858,195.666702,1412.546021,144.58194,295.343048,1107.057495,55.181278,304.290558,894.566101,161.117096
18.867,195.62764,1412.605591,144.765793,295.458282,1107.20752,55.164722,304.440125,894.677124,161.05217
18.875,195.504166,1412.589844,144.859695,295.554901,1107.359985,55.159409,304.57547,894.806396,161.006561
18.883,195.494263,1412.700562,145.090988,295.637665,1107.538086,55.149628,304.69754,894.940002,160.983841
18.892,195.338013,1412.78418,145.25647,295.727814,1107.692993,55.178982,304.775391,895.06781,160.969757
18.9,195.343475,1412.746338,145.36142,295.801117,1107.844849,55.179565,304.853424,895.198608,160.989456
18.908,195.317169,1412.911255,145.620743,295.866302,1107.997192,55.201069,304.934448,895.343018,161.030914
18.917,195.134857,1412.931274,145.727615,295.87854,1108.161865,55.224163,305.021301,895.464233,161.091522
18.925,195.076996,1413.075562,145.941833,295.894012,1108.290039,55.261215,305.106537,895.586609,161.185852
18.933,194.992233,1413.082275,146.008011,295.891541,1108.432617,55.323772,305.187866,895.732178,161.285889
18.942,195.090057,1413.090454,146.125641,295.855988,1108.543335,55.376736,305.238129,895.839355,161.381302
18.95,195.054367,1413.239746,146.272781,295.811554,1108.651611,55.442528,305.266846,895.96106,161.463959
18.958,195.016235,1413.354492,146.375671,295.758942,1108.74707,55.533054,305.279877,896.082092,161.571152
18.967,194.968994,1413.483887,146.420471,295.667389,1108.845703,55.64851,305.281586,896.192383,161.675354
18.975,195.064056,1413.5448,146.49765,295.57666,1108.907349,55.771698,305.244507,896.308838,161.82341
18.983,194.946106,1413.693604,146.568741,295.463715,1108.963623,55.875198,305.198029,896.404602,161.97081
18.992,195.007538,1413.777588,146.670914,295.352386,1108.996826,56.013794,305.147186,896.50647,162.130737
19,194.929169,1413.88208,146.738785,295.229858,1109.019409,56.155251,305.084564,896.579285,162.334167
19.008,194.902618,1413.95813,146.791733,295.093994,1109.026367,56.307667,305.020905,896.645813,162.544769
19.017,194.825256,1414.062866,146.89888,294.961395,1109.033203,56.498947,304.950439,896.684021,162.789703
19.025,194.8703,1414.137817,147.02713,294.838348,1109.065674,56.690651,304.851624,896.720093,163.087769
19.033,194.738617,1414.231689,147.126862,294.71701,1109.063843,56.87442,304.755035,896.773926,163.416031
19.042,194.84169,1414.291382,147.297897,294.579071,1109.033447,57.141438,304.642029,896.820435,163.744781
19.05,194.612656,1414.33728,147.347977,294.471771,1109.034668,57.36887,304.516663,896.860046,164.034653
19.058,194.720184,1414.431152,147.562057,294.347076,1109.026978,57.608082,304.374725,896.905212,164.392609
19.067,194.486237,1414.429199,147.621353,294.220978,1109.007935,57.848629,304.2034,896.898376,164.797485
19.075,194.510223,1414.432373,147.757294,294.098175,1108.99585,58.067074,304.052094,896.930237,165.204453
19.083,194.411331,1414.439209,147.869583,293.967102,1108.958374,58.322273,303.887573,897.020508,165.613815
19.092,194.29689,1414.510864,148.046265,293.832062,1108.904541,58.555733,303.668854,897.087585,165.994049
19.1,194.325775,1414.507568,148.224854,293.679749,1108.882446,58.788467,303.48999,897.118347,166.353851
19.108,194.201141,1414.483032,148.310852,293.548737,1108.825317,58.98455,303.285217,897.155518,166.750595
19.117,194.269592,1414.448364,148.460022,293.404022,1108.730957,59.162994,303.066559,897.16449,167.105835
19.125,194.165024,1414.436157,148.561325,293.282623,1108.661377,59.306583,302.828705,897.165894,167.451553
19.133,194.173477,1414.42981,148.680649,293.152557,1108.566528,59.455292,302.553589,897.140015,167.814972
19.142,194.126968,1414.372314,148.751389,293.038422,1108.469482,59.612617,302.235291,897.129822,168.131546
19.15,194.092407,1414.380859,148.886261,292.898071,1108.391113,59.739044,301.929382,897.107239,168.51297
