Time,Bone_Marker_Sammy:HeadTop_D_Position_X,Bone_Marker_Sammy:HeadTop_D_Position_Y,Bone_Marker_Sammy:HeadTop_D_Position_Z,Bone_Marker_Sammy:HeadFront_E_Position_X,Bone_Marker_Sammy:HeadFront_E_Position_Y,Bone_Marker_Sammy:HeadFront_E_Position_Z,Bone_Marker_Sammy:HeadSide_F_Position_X,Bone_Marker_Sammy:HeadSide_F_Position_Y,Bone_Marker_Sammy:HeadSide_F_Position_Z,Bone_Marker_Sammy:BackTop_9_Position_X,Bone_Marker_Sammy:BackTop_9_Position_Y,Bone_Marker_Sammy:BackTop_9_Position_Z,Bone_Marker_Sammy:BackLeft_A_Position_X,Bone_Marker_Sammy:BackLeft_A_Position_Y,Bone_Marker_Sammy:BackLeft_A_Position_Z,Bone_Marker_Sammy:BackRight_B_Position_X,Bone_Marker_Sammy:BackRight_B_Position_Y,Bone_Marker_Sammy:BackRight_B_Position_Z,Bone_Marker_Sammy:Chest_C_Position_X,Bone_Marker_Sammy:Chest_C_Position_Y,Bone_Marker_Sammy:Chest_C_Position_Z,Bone_Marker_Sammy:LShoulderBack_11_Position_X,Bone_Marker_Sammy:LShoulderBack_11_Position_Y,Bone_Marker_Sammy:LShoulderBack_11_Position_Z,Bone_Marker_Sammy:LShoulderTop_10_Position_X,Bone_Marker_Sammy:LShoulderTop_10_Position_Y,Bone_Marker_Sammy:LShoulderTop_10_Position_Z,Bone_Marker_Sammy:LUArmHigh_13_Position_X,Bone_Marker_Sammy:LUArmHigh_13_Position_Y,Bone_Marker_Sammy:LUArmHigh_13_Position_Z,Bone_Marker_Sammy:LElbowOut_12_Position_X,Bone_Marker_Sammy:LElbowOut_12_Position_Y,Bone_Marker_Sammy:LElbowOut_12_Position_Z,Bone_Marker_Sammy:LWristOut_15_Position_X,Bone_Marker_Sammy:LWristOut_15_Position_Y,Bone_Marker_Sammy:LWristOut_15_Position_Z,Bone_Marker_Sammy:LWristIn_16_Position_X,Bone_Marker_Sammy:LWristIn_16_Position_Y,Bone_Marker_Sammy:LWristIn_16_Position_Z,Bone_Marker_Sammy:LHandOut_14_Position_X,Bone_Marker_Sammy:LHandOut_14_Position_Y,Bone_Marker_Sammy:LHandOut_14_Position_Z,Bone_Marker_Sammy:RShoulderBack_18_Position_X,Bone_Marker_Sammy:RShoulderBack_18_Position_Y,Bone_Marker_Sammy:RShoulderBack_18_Position_Z,Bone_Marker_Sammy:RShoulderTop_17_Position_X,Bone_Marker_Sammy:RShoulderTop_17_Position_Y,Bone_Marker_Sammy:RShoulderTop_17_Position_Z,Bone_Marker_Sammy:RUArmHigh_1A_Position_X,Bone_Marker_Sammy:RUArmHigh_1A_Position_Y,Bone_Marker_Sammy:RUArmHigh_1A_Position_Z,Bone_Marker_Sammy:RElbowOut_19_Position_X,Bone_Marker_Sammy:RElbowOut_19_Position_Y,Bone_Marker_Sammy:RElbowOut_19_Position_Z,Bone_Marker_Sammy:RWristOut_1C_Position_X,Bone_Marker_Sammy:RWristOut_1C_Position_Y,Bone_Marker_Sammy:RWristOut_1C_Position_Z,Bone_Marker_Sammy:RWristIn_1D_Position_X,Bone_Marker_Sammy:RWristIn_1D_Position_Y,Bone_Marker_Sammy:RWristIn_1D_Position_Z,Bone_Marker_Sammy:RHandOut_1B_Position_X,Bone_Marker_Sammy:RHandOut_1B_Position_Y,Bone_Marker_Sammy:RHandOut_1B_Position_Z,Bone_Marker_Sammy:WaistLFront_5_Position_X,Bone_Marker_Sammy:WaistLFront_5_Position_Y,Bone_Marker_Sammy:WaistLFront_5_Position_Z,Bone_Marker_Sammy:WaistLBack_7_Position_X,Bone_Marker_Sammy:WaistLBack_7_Position_Y,Bone_Marker_Sammy:WaistLBack_7_Position_Z,Bone_Marker_Sammy:WaistRBack_8_Position_X,Bone_Marker_Sammy:WaistRBack_8_Position_Y,Bone_Marker_Sammy:WaistRBack_8_Position_Z,Bone_Marker_Sammy:WaistRFront_6_Position_X,Bone_Marker_Sammy:WaistRFront_6_Position_Y,Bone_Marker_Sammy:WaistRFront_6_Position_Z
0.0,22.883192,1694.866577,47.942135,31.73494,1660.731934,150.731644,-56.984169,1627.537231,74.149529,16.633926,1428.844238,-51.707237,60.215454,1249.584839,-105.137268,-48.162285,1249.744995,-95.842957,18.487652,1324.301025,173.783173,148.582718,1330.30835,-99.919273,208.850632,1416.102173,41.397797,240.615417,1229.503906,-94.986816,291.477081,1127.894409,-108.442719,295.767853,949.789185,71.357864,219.659378,987.433655,116.813187,281.446991,889.170532,93.636696,-124.968956,1330.052368,-59.27459,-113.591728,1430.926758,80.982307,-226.50827,1304.39563,144.429871,-238.52005,1249.138062,295.649902,-201.630692,1337.998657,537.343994,-125.754875,1375.867554,506.430573,-206.614136,1405.714478,576.611389,167.463211,1051.744019,125.763031,162.01947,1084.508057,-70.350258,-108.485275,1094.058594,-65.922989,-97.033356,1061.14856,145.24472
0.008,23.199076,1693.546143,48.978413,32.171253,1658.73999,151.510559,-56.402649,1626.109741,75.128342,16.504526,1427.891724,-52.220287,59.560131,1248.56189,-106.013252,-49.055473,1248.96582,-96.203773,19.90686,1322.877319,173.273102,148.160629,1329.062622,-101.028328,209.215729,1414.598999,40.123585,240.955322,1228.081787,-96.402519,291.536865,1126.366089,-109.956947,295.886108,948.676208,70.75383,219.915192,986.524719,115.81012,281.690155,888.242981,92.959213,-125.63591,1329.32666,-58.681782,-112.287682,1429.844238,81.56282,-224.75975,1304.993042,146.922348,-234.054443,1251.216919,298.481384,-199.417068,1332.175537,542.573425,-123.122704,1371.18103,514.720581,-204.609909,1397.411865,585.351807,168.065414,1050.88916,124.350449,161.585312,1083.239502,-71.856354,-108.783661,1092.859253,-66.421066,-96.565674,1060.199097,145.017303
0.017,23.631969,1692.375,50.050713,32.459126,1656.502197,152.237,-55.900875,1624.572754,75.859612,16.378565,1426.67334,-52.841698,58.799339,1247.436035,-107.027252,-49.84613,1247.963257,-96.601074,21.442842,1321.425659,172.82196,147.7267,1327.770508,-102.224014,209.616745,1412.985718,38.782547,241.122421,1226.406372,-97.905136,291.710419,1124.655029,-111.431587,296.244568,947.621155,69.947838,220.209595,985.531128,114.83712,282.018097,887.256226,92.294807,-126.264435,1328.440308,-58.207138,-111.260323,1428.699463,81.933075,-222.993805,1305.375,149.194305,-229.605148,1253.211548,300.925385,-197.224747,1325.814087,547.032166,-120.458359,1365.918457,522.330688,-203.041306,1388.214233,593.965576,168.651047,1049.975464,122.977905,161.191605,1081.781128,-73.31205,-109.108299,1091.381348,-66.829147,-96.240219,1059.114014,144.717758
0.025,24.161299,1690.892456,51.216385,33.011578,1654.247559,153.053131,-55.529259,1622.959839,76.299263,16.09749,1425.373779,-53.387409,58.147739,1246.17749,-107.902931,-50.607018,1246.83313,-96.97966,22.718639,1319.949097,172.320404,147.213791,1326.213501,-103.400414,209.962936,1411.35083,37.295837,241.389679,1224.719727,-99.334,291.81543,1122.801514,-112.889618,296.545105,946.504395,68.960922,220.540817,984.600525,113.843819,282.359528,886.230713,91.749886,-126.864555,1327.407227,-57.868233,-109.947189,1427.221069,82.204369,-221.154739,1305.642578,151.432236,-225.211441,1254.870605,303.122131,-195.332428,1319.058838,550.985229,-117.927139,1359.986816,529.440796,-201.602295,1377.671509,602.083557,169.199463,1048.867676,121.640594,160.653549,1080.269165,-75.061592,-109.420418,1089.943726,-67.381744,-95.895172,1058.068604,144.404129
0.033,24.686062,1689.476196,52.182205,33.613914,1651.996704,153.813324,-55.147549,1621.270996,76.337395,15.904999,1423.916992,-53.959183,57.401432,1244.652832,-108.862114,-51.392033,1245.542603,-97.306114,24.125328,1318.149902,171.726852,146.758926,1324.618042,-104.627151,210.277039,1409.603271,35.815662,241.606964,1222.862671,-100.912361,291.87674,1120.932861,-114.398003,296.969788,945.236023,68.28994,220.871124,983.533325,112.81356,282.715881,885.054077,91.086143,-127.482101,1326.151611,-57.430309,-108.876274,1425.768066,82.39389,-218.756088,1305.619507,153.636246,-221.104462,1256.671265,304.904449,-193.503159,1312.108765,553.968872,-115.514229,1353.490723,535.687988,-200.000427,1365.779663,609.721802,169.909164,1047.917969,120.165977,160.293716,1078.475342,-76.494057,-109.784615,1088.273071,-67.793465,-95.63765,1056.829346,144.086746
0.042,25.202139,1687.803833,53.234962,34.03479,1649.581787,154.530838,-54.571518,1619.546631,77.028664,15.685022,1422.396851,-54.474594,56.674633,1243.135498,-109.746811,-52.212933,1244.135376,-97.69101,25.156055,1316.430786,171.10817,146.202789,1322.859009,-105.85022,210.539246,1407.782227,34.285294,241.676056,1220.802002,-102.276642,292.001251,1118.903076,-115.833336,297.261566,943.87323,67.733345,221.316452,982.292969,111.943733,283.211884,883.838806,90.571503,-127.987083,1324.783569,-57.004562,-107.63958,1424.024536,82.552902,-217.066986,1305.293823,155.404617,-216.962936,1258.178101,306.464569,-191.70401,1305.215698,556.226196,-112.506035,1346.69751,542.151001,-198.887756,1352.988647,616.683899,170.565979,1046.64502,118.729271,159.824738,1076.774536,-77.999718,-110.124527,1086.505981,-68.166245,-95.328224,1055.359009,143.836395
0.05,25.735573,1686.20874,54.128479,34.55172,1647.070312,155.134521,-53.95013,1617.866943,77.748177,15.380595,1420.732056,-55.064297,55.989468,1241.396362,-110.575516,-52.862492,1242.570312,-98.089752,26.256588,1314.506836,170.401718,145.660461,1321.068115,-106.947746,210.95195,1405.91748,32.724552,241.722382,1218.793457,-103.798233,292.133972,1116.778809,-117.225327,297.733673,942.582947,66.828262,221.717697,980.994141,111.107353,283.706909,882.600952,89.897804,-128.52858,1323.210693,-56.677685,-106.660706,1422.31665,82.735924,-214.93425,1305.131104,157.368118,-213.062454,1259.772827,307.856049,-189.832077,1297.84082,557.725647,-109.822685,1339.401123,547.125854,-198.069962,1339.313721,622.384644,171.221359,1045.224487,117.372986,159.418564,1074.820679,-79.582191,-110.435616,1084.614014,-68.593864,-94.997215,1053.824707,143.466339
0.058,26.42594,1684.4375,55.068119,35.071468,1644.716309,155.740372,-53.482929,1616.043091,78.47879,14.993257,1419.026245,-55.53569,55.322021,1239.719238,-111.419403,-53.550003,1240.86438,-98.362274,27.421604,1312.515625,169.785645,145.109711,1319.145264,-108.098221,211.242905,1404.057617,31.167896,241.665527,1216.577026,-105.187431,292.18222,1114.703613,-118.553268,298.311768,941.174255,66.172615,222.247177,979.685059,110.262985,284.253021,881.176819,89.298996,-129.084061,1321.574341,-56.305649,-105.637085,1420.559814,83.042221,-212.850266,1304.399414,159.165222,-209.202469,1261.287964,309.183655,-188.206848,1291.199829,559.19928,-107.188354,1330.758911,552.13739,-196.808151,1325.082764,626.057373,171.736359,1043.697998,115.968857,159.049728,1072.793823,-80.984192,-110.790474,1082.68689,-69.187431,-94.670525,1052.150146,143.228638
0.067,26.941965,1682.762451,55.83572,35.769333,1642.45105,156.328873,-53.161888,1614.39978,78.573051,14.743865,1417.341187,-55.894192,54.604355,1237.885376,-112.163803,-54.220058,1239.162598,-98.611336,28.393785,1310.419067,169.136887,144.479889,1317.212036,-109.14518,211.482666,1402.186646,29.780518,241.590454,1214.329102,-106.559258,292.197571,1112.598145,-119.84919,298.793793,939.636658,65.546272,222.876648,978.436707,109.519302,284.800079,879.759705,88.987961,-129.55632,1319.849365,-56.011311,-104.648849,1418.788086,83.176094,-211.398865,1303.5625,160.746307,-205.32135,1262.487549,310.413239,-187.30217,1284.121704,560.47052,-104.822113,1321.256348,555.907043,-196.607239,1311.114624,628.369141,172.343109,1042.059204,114.728699,158.651642,1070.754639,-82.397385,-111.140076,1080.603271,-69.436211,-94.354652,1050.380371,142.929001
0.075,27.375799,1681.043823,56.450584,36.271553,1640.1427,156.788544,-52.786743,1612.625244,78.705643,14.356931,1415.671997,-56.189457,54.008095,1236.190918,-112.830772,-54.871075,1237.396729,-98.798019,29.353769,1308.299072,168.490509,143.808838,1315.293823,-110.088814,211.698196,1400.366089,28.399111,241.369598,1212.075684,-107.908997,292.227722,1110.387695,-121.114357,299.415405,938.186584,64.78373,223.469925,976.850586,108.824249,285.451477,878.243225,88.452637,-130.089355,1318.154053,-55.642113,-103.859001,1417.108032,83.507599,-209.826584,1302.775146,162.385574,-201.293884,1263.031738,311.733551,-187.984772,1278.147461,562.39447,-102.237328,1311.248657,559.279724,-197.184433,1298.296631,629.206055,172.932999,1040.487183,113.414154,158.235947,1068.677246,-83.929237,-111.51976,1078.592285,-69.817108,-94.042992,1048.429077,142.651581
0.083,27.786268,1679.364868,56.947643,36.639771,1638.065308,157.130661,-52.410542,1611.026733,79.377968,13.991178,1413.953735,-56.466934,53.271057,1234.422852,-113.482864,-55.518158,1235.784912,-98.995049,30.456776,1306.170898,167.807617,143.178574,1313.42334,-110.844124,211.955704,1398.393799,27.153872,241.15535,1209.770264,-109.013947,292.27597,1108.274048,-122.202629,300.133453,936.618469,64.38018,224.21814,975.444031,108.166397,286.169922,876.855042,88.048073,-130.609161,1316.532837,-55.233742,-103.028343,1415.360107,83.79538,-207.346588,1302.236938,163.866974,-197.481369,1262.846558,312.809937,-188.23111,1272.68811,563.146851,-100.076706,1301.058716,561.766907,-197.639435,1286.968384,628.450134,173.402618,1038.774902,112.230049,157.983505,1066.573486,-85.182533,-111.887276,1076.467041,-70.140419,-93.71244,1046.423096,142.437592
0.092,28.088196,1677.72229,57.353878,37.020325,1636.20813,157.393036,-51.984047,1609.30896,80.007294,13.538508,1412.6073,-56.974514,52.671021,1232.737915,-113.968445,-56.078449,1234.21875,-99.008812,31.237383,1303.940063,167.243256,142.617737,1311.634521,-111.63446,212.176743,1396.624268,25.984274,240.913467,1207.498535,-110.084503,292.260559,1106.265625,-123.202927,300.827179,935.17041,63.777828,224.846786,974.133911,107.541893,286.91217,875.365295,87.502388,-131.073761,1315.105347,-54.854778,-101.978256,1413.158203,84.277748,-204.977402,1301.065308,165.664352,-194.305283,1261.693726,313.619049,-183.555984,1264.372559,558.959595,-98.049088,1291.192017,563.07959,-197.565277,1277.284668,626.995544,173.800537,1037.085083,111.017563,157.656845,1064.528198,-86.32756,-112.276611,1074.447144,-70.456619,-93.403885,1044.380737,142.17038
0.1,28.36706,1676.104248,57.652763,37.462566,1634.383667,157.60907,-51.811539,1607.74646,80.194908,13.274967,1411.310059,-57.286942,51.957535,1231.29895,-114.390167,-56.707954,1232.833862,-99.000961,32.126926,1301.738037,166.660599,142.011902,1309.953369,-112.24337,212.346954,1394.763794,25.111176,240.557388,1205.377686,-110.993866,292.33017,1104.324341,-124.0737,301.641327,933.895996,63.440136,225.501892,972.601135,107.011368,287.748322,874.033264,87.151131,-131.486282,1313.910645,-54.379311,-101.262657,1411.447998,85.028877,-203.017517,1299.806396,166.717209,-191.395554,1259.138916,314.344055,-181.664932,1258.884644,557.906189,-95.979172,1282.310059,563.593994,-197.04274,1269.625366,625.348999,174.342239,1035.427246,109.970482,157.185654,1062.777588,-87.547844,-112.621613,1072.409058,-70.713997,-93.147301,1042.182129,142.009415
0.108,28.545835,1674.641113,57.926723,37.761024,1632.917358,157.726013,-51.566826,1606.040039,80.245483,12.966613,1410.041382,-57.126019,51.356327,1229.927124,-114.726547,-57.359142,1231.679932,-98.931694,32.930389,1299.464966,166.258606,141.460724,1308.449707,-112.737495,212.599075,1393.138916,24.330372,240.289291,1203.413086,-111.661263,292.458099,1102.50708,-124.774574,302.468475,932.532349,63.000389,226.353561,971.304932,106.62043,288.497437,872.555725,86.863945,-131.946304,1312.94873,-53.750656,-100.510696,1409.534912,85.954468,-201.991028,1298.627686,168.301559,-188.857758,1255.55896,314.591736,-179.832855,1253.692505,557.54187,-93.804428,1275.056152,563.612671,-195.956497,1263.081543,623.970215,174.72049,1033.921875,109.024345,156.86969,1061.068604,-88.64341,-113.050171,1070.670044,-70.954262,-92.9039,1040.178589,141.864777
0.117,28.561621,1673.210571,57.853779,37.93961,1631.439453,157.777054,-51.372551,1604.5354,80.46283,12.83148,1408.955444,-56.839092,50.852882,1228.853027,-115.085052,-57.941124,1230.712402,-98.889046,33.67078,1297.298462,166.017136,141.051132,1307.143921,-113.096298,212.830933,1391.498779,23.89105,240.096115,1201.479736,-112.247269,292.656494,1100.793457,-125.337082,303.312531,931.315186,62.850319,227.240692,970.104309,106.373962,289.336517,871.367004,86.770088,-132.276306,1312.227417,-53.28455,-99.915031,1407.674438,87.354546,-201.078232,1297.042603,169.471008,-187.392548,1251.629517,314.633392,-177.592316,1248.315308,557.290344,-91.490616,1268.722046,563.357361,-194.306091,1256.958862,623.110474,175.075989,1032.570557,108.116959,156.49411,1059.480103,-89.535278,-113.369453,1068.927734,-70.976799,-92.707062,1038.246338,141.770309
0.125,28.636665,1671.936768,57.900646,37.99435,1630.315186,157.796814,-51.334023,1603.011597,80.124023,12.878937,1408.044312,-56.485149,50.3409,1227.971436,-115.318863,-58.39819,1229.998291,-98.926483,34.295319,1295.114624,165.94397,140.77179,1305.983643,-113.279869,213.18222,1389.852905,23.56951,239.920746,1199.79541,-112.542862,292.89801,1099.300171,-125.697464,304.208099,930.107971,62.896191,227.978699,968.922852,106.273819,290.198456,870.226501,86.50174,-132.518555,1311.609497,-52.848633,-99.500008,1405.808716,88.579926,-200.794083,1294.661499,170.2108,-186.107193,1247.328857,314.285095,-175.687775,1242.579468,557.225891,-89.398849,1263.309326,562.965271,-192.058304,1250.721191,622.97937,175.345383,1031.457275,107.342522,156.144028,1058.206787,-90.348724,-113.804626,1067.540161,-71.181458,-92.556068,1036.568726,141.657852
0.133,28.616379,1670.72229,57.635014,38.050266,1629.302002,157.696884,-51.205292,1601.861816,79.9291,12.984699,1407.236328,-56.035439,49.915627,1227.247314,-115.580589,-58.693764,1229.383667,-98.952477,34.646206,1292.926025,165.956665,140.610687,1305.053345,-113.358376,213.501694,1388.437866,23.650391,240.011948,1198.171997,-112.677513,293.392975,1097.968262,-125.892479,305.034821,929.144592,62.943199,228.684143,967.787231,106.214241,291.015717,869.267273,86.479042,-132.653107,1311.035767,-52.535484,-99.346359,1403.927612,89.784256,-200.569183,1291.555908,170.226822,-185.637772,1243.333984,313.835602,-173.963165,1236.712646,557.431152,-87.753891,1258.483276,562.18988,-189.306854,1244.633301,623.50177,175.584778,1030.516113,106.698318,155.696289,1057.154785,-91.193405,-114.202766,1066.305786,-71.305473,-92.436485,1034.991577,141.54454
0.142,28.54719,1669.71167,57.37561,38.019951,1628.43811,157.532455,-51.111729,1600.700684,79.630394,13.138709,1406.608521,-55.743603,49.79237,1226.661743,-115.721329,-58.859215,1228.815674,-99.063171,34.99234,1290.969238,166.110062,140.677429,1304.337158,-113.187187,213.753372,1386.970581,24.115623,240.191177,1196.891357,-112.527084,294.139343,1096.878906,-125.827652,305.921356,928.268066,63.128464,229.76062,967.179321,106.631142,291.824005,868.447449,86.56295,-132.63121,1310.544312,-52.379433,-99.4104,1402.337891,90.672844,-200.653763,1288.269775,170.072739,-185.23996,1239.134155,313.197662,-172.467331,1231.27832,557.867432,-86.025238,1254.484619,561.330139,-186.242599,1239.415527,624.720581,175.789444,1029.75415,106.104195,155.241028,1056.353149,-91.932281,-114.439804,1065.258301,-71.382103,-92.491005,1033.776733,141.265472
0.15,28.610184,1668.891357,57.163811,38.014946,1627.852173,157.378754,-51.08461,1599.861694,79.611603,13.256278,1406.111694,-55.338207,49.8437,1226.205444,-115.794426,-58.88348,1228.372803,-99.18045,35.276909,1289.078613,166.310013,140.86467,1303.837769,-112.858902,213.962311,1385.897339,24.79347,240.642151,1195.788574,-112.197838,295.1203,1096.047485,-125.458733,306.819824,927.542236,63.65633,230.684967,966.683716,107.0942,292.5383,867.756836,86.657135,-132.53595,1309.983521,-52.206886,-99.747612,1400.88147,91.692032,-200.011047,1284.710327,168.870422,-185.281982,1235.33313,312.482635,-170.720169,1227.256958,558.423523,-84.563873,1250.864258,560.263977,-183.503494,1235.631592,626.367004,175.903412,1029.234131,105.723907,155.016342,1055.764648,-92.422829,-114.684555,1064.48999,-71.520958,-92.471092,1032.844727,141.087631
0.158,28.71797,1668.309814,56.831322,38.030388,1627.522339,157.185547,-51.035389,1599.421875,79.485153,13.373652,1405.680176,-54.894157,49.931252,1225.929321,-115.829391,-58.811901,1228.017212,-99.256958,35.342525,1287.597656,166.550476,141.25914,1303.508667,-112.345169,214.072327,1384.719482,25.814423,241.236206,1194.937866,-111.53038,296.395264,1095.519653,-124.814354,307.675598,927.063049,64.278297,231.508789,966.323303,107.609344,293.194214,867.313416,86.839653,-132.475082,1309.5448,-52.203102,-100.18763,1399.586304,92.385834,-199.887527,1281.484009,168.265991,-185.38446,1231.912842,312.017212,-169.635971,1223.904907,558.601135,-82.839012,1247.741699,559.305481,-180.949936,1233.126465,627.606934,175.877579,1028.721924,105.488022,154.856262,1055.3396,-92.837059,-114.838539,1063.977417,-71.633499,-92.549805,1032.174438,140.796387
0.167,28.82666,1667.924561,56.431015,38.058754,1627.415894,156.898743,-51.036087,1599.243774,79.270302,13.42558,1405.372925,-54.472637,50.105579,1225.823853,-115.759361,-58.654701,1227.725952,-99.256134,35.201244,1286.370483,166.847488,141.711426,1303.324463,-111.613091,214.062408,1383.950317,26.913332,242.033508,1194.429565,-110.639389,297.941864,1095.315674,-123.828049,308.579559,926.798584,65.249763,232.291733,966.106628,108.471596,293.799988,867.062256,87.228737,-132.465866,1309.08728,-52.214325,-100.73716,1398.339111,93.058411,-199.716583,1278.854126,167.760574,-185.690506,1229.244751,311.77063,-166.469635,1220.823608,557.39209,-81.163193,1245.241089,558.513611,-178.588959,1231.283203,628.225159,175.797607,1028.443115,105.424927,154.726456,1055.088623,-93.12925,-114.986366,1063.671631,-71.797752,-92.661217,1031.694702,140.619202
0.175,28.927803,1667.724121,55.977425,38.067245,1627.526245,156.540665,-51.09259,1599.285645,79.027977,13.384096,1405.264282,-53.99725,50.304207,1225.8927,-115.570297,-58.517899,1227.569458,-99.292862,34.88406,1285.611572,167.238861,142.16156,1303.364624,-110.835045,213.951218,1383.437622,28.260605,243.226761,1194.161987,-109.477097,299.926422,1095.404785,-122.43605,309.397278,926.75,66.414803,233.031738,966.159973,109.49913,294.446533,867.054871,87.776581,-132.505493,1308.779053,-52.332531,-101.354065,1397.584839,93.609207,-199.41629,1276.876587,167.520279,-186.25267,1227.450439,311.610413,-164.253372,1218.812012,556.626526,-79.615242,1243.425781,557.958008,-176.590347,1229.516724,628.486328,175.638367,1028.269897,105.468407,154.650223,1055.079468,-93.255508,-115.112671,1063.484375,-71.986305,-92.884972,1031.429932,140.47464
0.183,28.953232,1667.768677,55.456821,38.053555,1627.89502,156.184479,-51.249001,1599.578491,78.881157,13.275358,1405.36084,-53.58849,50.54501,1226.123047,-115.284279,-58.367817,1227.588379,-99.22702,34.375488,1285.172974,167.58519,142.498444,1303.607056,-109.929123,213.697235,1383.2146,29.654449,244.608734,1194.203003,-108.009293,302.215485,1095.902832,-120.716202,310.257172,927.019531,68.001869,233.810257,966.457703,110.949387,295.008667,867.314941,88.399353,-132.660751,1308.610718,-52.368118,-102.266312,1397.247925,94.031815,-199.381256,1275.835449,167.418991,-186.622192,1226.834351,311.524994,-162.791672,1217.446899,556.725464,-78.115616,1241.995483,557.658325,-175.065598,1227.726562,628.34552,175.346558,1028.222168,105.59462,154.650162,1055.310425,-93.22068,-115.155251,1063.498779,-72.227295,-93.200531,1031.32312,140.367752
0.192,28.914076,1668.037476,54.849323,38.026325,1628.647705,155.776627,-51.472988,1600.071411,78.797859,13.087142,1405.648315,-53.170082,50.769043,1226.606445,-114.996155,-58.216873,1227.797852,-99.110138,33.730114,1285.155884,167.967804,142.896591,1304.030518,-108.946396,213.311981,1383.302856,31.033085,246.20871,1194.520996,-106.283707,304.909332,1096.717285,-118.55146,311.06311,927.568481,69.940468,234.405197,967.07666,112.639633,295.508209,867.964478,89.441383,-132.863037,1308.654663,-52.463673,-103.190903,1397.170166,94.161743,-199.350082,1275.352539,167.50737,-186.628265,1226.889526,311.595703,-162.356537,1216.595703,557.090027,-77.151398,1240.903564,557.529724,-173.948486,1225.993164,628.130798,174.927734,1028.234131,105.720963,154.675552,1055.846436,-93.087502,-115.136002,1063.716431,-72.35733,-93.603264,1031.44397,140.303329
0.2,28.759842,1668.513306,54.241673,37.875774,1629.610596,155.227676,-51.723099,1600.890015,78.330307,12.855056,1406.165894,-52.745895,50.939774,1227.294312,-114.643166,-58.095089,1228.22522,-98.932571,32.976849,1285.443481,168.430222,143.16127,1304.6427,-107.84314,212.75499,1383.785034,32.458092,248.019501,1195.186768,-104.331505,307.941559,1097.913086,-115.966484,312.052673,928.657959,72.369682,234.889267,968.084351,114.654167,296.066772,869.102844,90.865669,-133.107803,1308.932739,-52.493038,-103.785309,1397.381958,94.20462,-199.310867,1275.656494,167.622482,-186.204803,1227.280762,311.648346,-162.559082,1216.158691,557.748779,-76.584564,1240.126831,557.407104,-173.329453,1224.537231,627.939453,174.577515,1028.46814,105.951675,154.766296,1056.464111,-92.763588,-115.067642,1064.123901,-72.463783,-94.07019,1031.746582,140.324615
0.208,28.475895,1669.140137,53.53989,37.602142,1630.616821,154.625443,-51.999844,1601.956665,78.11039,12.633801,1406.814331,-52.392467,51.064896,1228.175415,-114.385857,-58.019016,1228.871338,-98.726517,32.227386,1286.057617,168.915909,143.31459,1305.473999,-106.706123,212.103638,1384.385498,33.96019,250.07283,1196.047729,-102.076965,311.086121,1099.312988,-113.063698,312.908539,930.070923,75.469643,235.466507,969.644531,117.336876,296.643402,870.804321,92.656776,-133.337036,1309.534058,-52.477764,-104.26416,1398.110107,94.194054,-199.449936,1276.459473,167.790787,-185.448334,1227.673096,311.904968,-161.354553,1214.860718,556.80011,-76.195808,1239.635986,557.301514,-172.779083,1223.316772,627.615723,174.215027,1028.881836,106.203712,154.936966,1057.263062,-92.423248,-115.040398,1064.771606,-72.531967,-94.523399,1032.259033,140.37648
0.217,28.017859,1670.013794,52.672775,37.217445,1632.025757,153.98761,-52.337639,1602.915649,78.377289,12.462038,1407.672852,-52.014278,51.15081,1229.140137,-114.034973,-58.01281,1229.77417,-98.540665,31.26701,1286.963379,169.367523,143.443024,1306.488281,-105.654312,211.336487,1385.317505,35.318008,252.299103,1197.140625,-99.710182,314.517456,1100.894043,-109.758057,313.716248,932.211914,79.235718,235.69928,971.813843,120.257965,297.16861,873.088867,95.089806,-133.614792,1310.330688,-52.49308,-104.48291,1398.991333,94.213326,-200.015396,1277.793945,167.968201,-184.944855,1228.227417,311.941345,-161.059875,1214.522095,556.665588,-75.825188,1239.503296,557.404358,-172.525208,1222.658081,627.36261,173.900253,1029.545044,106.553436,155.059906,1058.394043,-92.022705,-115.048843,1065.749878,-72.635818,-94.967995,1032.935303,140.478622
0.225,27.509712,1670.957764,51.755695,36.783234,1633.421875,153.356873,-53.047676,1604.032715,77.198547,12.361643,1408.663452,-51.542995,51.13953,1230.395996,-113.689583,-58.006329,1230.835571,-98.221855,30.412983,1288.145264,169.881531,143.638016,1307.630127,-104.534927,210.708969,1386.407471,36.700027,254.654526,1198.383301,-97.145027,318.093536,1102.58252,-106.173607,314.492981,934.9552,83.802681,235.760193,974.734314,123.771507,297.852722,876.340942,98.371803,-133.749619,1311.286133,-52.419586,-104.527527,1400.14209,94.253029,-200.709869,1279.808472,167.988998,-184.954773,1228.862061,311.980591,-160.958817,1214.586792,556.604248,-75.588837,1239.499146,557.470276,-172.477951,1222.549072,627.231812,173.504044,1030.335205,106.747597,155.111145,1059.685059,-91.512169,-115.002136,1066.900269,-72.514893,-95.3526,1033.878784,140.71994
0.233,26.9645,1671.917725,50.859264,36.274036,1635.122559,152.649124,-53.662254,1605.312988,76.431717,12.28263,1409.720947,-51.032501,51.237568,1231.735718,-113.228981,-58.009388,1232.132324,-97.875099,29.636074,1289.525024,170.422867,143.821579,1308.916748,-103.489708,210.043137,1387.689575,38.058201,257.115997,1199.72229,-94.41584,321.757782,1104.386597,-102.264275,315.187714,938.50885,89.513565,235.900589,978.856262,127.768845,298.724243,880.533813,102.859734,-133.826752,1312.678101,-52.240955,-104.458878,1401.385498,94.368561,-201.537567,1281.825562,168.091125,-185.305405,1229.669434,311.9758,-160.919525,1215.13623,556.640808,-75.604889,1239.71814,557.532166,-172.52211,1222.922119,627.213135,173.141693,1031.397339,107.037331,155.255188,1061.144897,-90.966377,-115.036598,1068.193481,-72.349388,-95.60347,1035.05896,140.776321
0.242,26.324755,1673.057373,49.767036,35.648205,1636.826294,151.793259,-54.182076,1606.348389,76.300163,12.257618,1410.967773,-50.465294,51.301067,1233.299316,-112.678444,-58.025146,1233.664185,-97.591362,28.816654,1290.97937,171.058701,143.947708,1310.378418,-102.359871,209.310028,1389.178833,39.637234,259.746094,1201.253784,-91.586037,325.49115,1106.218384,-98.031166,315.983215,943.139709,96.348373,234.71991,983.213562,131.471298,299.636292,885.865112,108.874916,-133.974396,1313.997192,-52.009052,-104.536453,1402.727783,94.735168,-202.50322,1283.734131,168.000656,-185.672913,1230.767456,311.876434,-161.488022,1216.11853,557.01593,-75.903976,1240.095581,557.493652,-172.651428,1223.853027,627.224976,172.753525,1032.5896,107.391823,155.22728,1062.696777,-90.51162,-115.032433,1069.702759,-72.07235,-95.868332,1036.477417,140.975082
0.25,25.425257,1674.224976,48.51001,34.930099,1638.794678,150.876862,-54.844803,1607.662476,75.569847,12.169737,1412.220337,-49.825123,51.311413,1234.882324,-112.185608,-57.96817,1235.305786,-97.155266,28.013248,1292.460205,171.718445,144.204559,1311.851562,-101.264671,208.628128,1390.683472,41.028408,262.425446,1202.818115,-88.579681,329.285461,1108.146118,-93.575569,316.317444,948.887268,104.751717,233.284592,988.857422,135.705719,300.451904,892.162048,116.650299,-134.12117,1315.591187,-51.72718,-104.811867,1404.190552,95.015701,-203.59317,1285.579224,167.957657,-186.002716,1232.267944,312.047333,-162.482361,1217.549316,557.577393,-76.106789,1240.63147,557.520691,-172.847336,1225.14856,627.417114,172.406189,1033.920776,107.701782,155.24556,1064.423828,-90.021141,-115.058418,1071.426147,-71.839272,-96.079391,1037.915894,141.130356
0.258,24.683319,1675.378662,47.312626,34.253433,1640.807129,149.90947,-55.637447,1608.907471,74.549881,12.149842,1413.622559,-49.103191,51.396214,1236.631104,-111.614471,-57.953327,1237.093262,-96.822601,27.154383,1294.090576,172.50119,144.402817,1313.479858,-100.160736,207.805008,1392.244019,42.284718,265.147461,1204.395386,-85.441231,333.174652,1110.001099,-88.881851,316.52002,955.899658,113.528137,231.549118,995.760437,140.427429,300.910217,899.62561,125.688416,-134.209534,1317.253052,-51.365337,-105.191704,1405.694824,95.440025,-204.596802,1287.419189,168.285065,-186.432144,1233.82666,311.875214,-163.485336,1219.424805,558.455566,-76.183632,1241.549805,557.512512,-173.054916,1226.671387,627.708374,171.955414,1035.287109,107.950325,155.277863,1066.297119,-89.53701,-115.046539,1073.209595,-71.528557,-96.238647,1039.436768,141.085007
0.267,23.963882,1676.542358,46.066746,33.508049,1642.865723,148.851685,-56.241398,1610.104126,73.698257,12.076546,1415.020142,-48.441109,51.585754,1238.349976,-110.932205,-57.932377,1238.863159,-96.409004,26.302559,1295.636108,173.273651,144.564148,1315.025879,-99.132301,206.866714,1393.826416,43.750526,267.82962,1205.964966,-82.231041,337.108887,1111.945312,-83.992058,316.356812,963.975403,123.417587,230.103668,1004.524841,145.876831,300.789337,908.569336,135.958237,-134.283752,1318.877686,-51.11174,-105.748253,1407.123291,95.856506,-205.440262,1289.068848,168.553909,-187.382751,1235.831299,312.086548,-164.625854,1221.574829,559.308533,-76.488693,1242.698975,557.505371,-173.177017,1228.451904,627.98822,171.831009,1036.831787,108.578323,155.280029,1067.981567,-89.026306,-115.129829,1075.032715,-71.192657,-96.397621,1040.973267,141.173492
0.275,22.939783,1677.543457,44.476524,32.687939,1645.016235,147.716522,-56.800472,1611.371216,72.990326,11.961129,1416.416016,-47.688244,51.616722,1240.084717,-110.240944,-57.886681,1240.696167,-95.951622,25.675659,1297.216553,174.126221,144.761246,1316.567749,-98.096199,206.032288,1395.403564,45.116066,270.541809,1207.644409,-79.023552,341.008575,1113.800781,-78.903046,315.258942,974.268921,134.960815,228.113388,1014.748718,151.516678,298.985443,917.411377,148.424896,-134.435287,1320.553955,-50.737976,-106.268234,1408.640503,96.275803,-206.063538,1290.307617,168.625488,-188.306015,1237.546753,312.005829,-165.889481,1224.333252,559.726257,-76.843063,1243.916016,557.523254,-173.319061,1230.32251,628.272156,171.523987,1038.308716,108.989471,155.304367,1069.802979,-88.491455,-115.241142,1076.93811,-70.911346,-96.59285,1042.602783,141.148331
0.283,22.171385,1678.741699,42.979012,32.020466,1647.217529,146.610382,-57.416893,1612.439331,72.393112,11.801363,1417.767334,-46.947353,51.700596,1241.778076,-109.569847,-57.766697,1242.471069,-95.493011,24.771677,1298.77063,174.889832,144.960297,1318.119507,-97.015923,205.11911,1397.07373,46.407906,273.292267,1209.232178,-75.704445,344.994171,1115.523682,-73.484154,313.554138,985.673584,146.210922,225.481003,1026.108276,157.502213,298.830719,931.156677,160.331711,-134.373077,1322.160767,-50.40329,-106.630707,1410.073853,96.672806,-206.833206,1291.681274,169.369751,-189.151535,1239.241943,312.352112,-166.865494,1226.237793,561.150024,-77.19857,1245.661621,557.596069,-173.650177,1232.450317,628.675354,171.076797,1039.833984,109.389145,155.379639,1071.583496,-87.979424,-115.19017,1078.769531,-70.751678,-96.830421,1044.111816,141.108734
0.292,21.449812,1679.635254,41.501022,31.23555,1649.248291,145.350204,-58.258595,1613.574951,71.187233,11.713614,1419.136719,-46.25108,51.93837,1243.620361,-109.52462,-57.748802,1244.127441,-95.149254,24.000505,1300.257446,175.595413,145.179703,1319.625122,-95.995216,204.202148,1398.683838,47.729652,275.905182,1210.732666,-72.378906,348.792694,1117.078857,-67.682991,311.536499,998.955994,157.853745,222.720825,1038.950684,163.664169,297.021942,945.259888,175.53688,-134.441101,1323.734497,-50.052582,-107.101967,1411.600952,97.143112,-207.105392,1292.799683,169.9478,-189.959564,1241.052612,312.613159,-167.952133,1228.573364,562.011108,-77.710556,1247.463135,557.751587,-174.036819,1234.538208,629.099854,170.726212,1041.19043,109.840813,155.417007,1073.434814,-87.772552,-115.253967,1080.605591,-70.541428,-97.062576,1045.710815,141.112442
0.3,20.65822,1680.569336,39.970699,30.490028,1651.408813,144.144196,-58.834747,1614.720947,70.275352,11.67684,1420.546631,-45.486786,52.13905,1245.141968,-109.001289,-57.658928,1245.804199,-94.745544,23.247684,1301.570435,176.296005,145.480423,1321.073853,-94.950073,203.365707,1400.402588,48.915169,278.597961,1212.199585,-68.857307,352.227448,1118.654663,-61.431702,309.054688,1013.849243,170.033279,219.955765,1053.052734,169.903,294.518433,961.133728,191.824127,-134.484314,1325.249023,-49.523685,-107.411102,1412.888794,97.552811,-206.373917,1294.140381,169.103287,-190.994644,1242.803467,312.907654,-168.91066,1230.908936,562.823303,-78.379051,1249.475464,558.002808,-174.388687,1236.834839,629.657959,170.308914,1042.603027,110.295593,155.570084,1075.145142,-87.323692,-115.184998,1082.31604,-70.47226,-97.485947,1047.261475,141.056091
0.308,19.909372,1681.653442,38.31657,29.937027,1653.510254,142.965271,-59.332394,1615.836548,69.662811,11.657503,1421.768921,-44.840576,52.216824,1246.844971,-108.555885,-57.474674,1247.280518,-94.387276,22.474438,1302.885986,176.951355,145.771378,1322.552612,-93.938232,202.640579,1402.267578,49.95472,281.076202,1213.471436,-65.255928,355.368378,1119.952515,-54.512154,306.360657,1029.823486,182.036591,216.981262,1067.833374,176.219437,291.430298,978.696594,208.606369,-134.44458,1326.583862,-49.306206,-107.709564,1414.269531,97.957405,-206.458847,1295.319946,169.244568,-191.804138,1244.462646,313.243195,-169.81572,1233.187622,563.545288,-78.868202,1251.625,558.33136,-174.983231,1239.048218,629.9599,169.915451,1043.866943,110.770332,155.618042,1076.635742,-86.136696,-115.239594,1084.134644,-70.441536,-97.847702,1048.561035,141.064301
0.317,19.394075,1682.485107,37.017345,29.25288,1655.357666,141.710876,-59.934036,1616.856689,68.674194,11.617155,1423.038086,-44.26273,52.492004,1248.178955,-107.706337,-57.25499,1248.727173,-93.949173,21.791399,1304.220703,177.583038,146.125946,1323.88147,-92.97094,201.945648,1404.088257,50.942455,283.403717,1214.515137,-61.376495,358.227478,1120.927856,-46.879406,303.312439,1046.523438,194.007843,214.367233,1083.74353,183.129135,287.91507,997.692688,225.262726,-134.373322,1327.964478,-48.916893,-107.922852,1415.450317,98.32325,-206.668823,1296.643066,169.444382,-192.365112,1245.819214,313.656921,-170.614563,1235.400269,564.252869,-79.456429,1253.838623,558.813721,-175.533615,1241.157715,630.293701,169.378632,1045.086426,111.279564,155.739578,1078.12915,-85.537651,-115.144997,1085.624512,-70.352394,-98.274071,1050.008301,141.065796
0.325,18.719082,1683.422241,35.542923,28.591026,1657.274292,140.544449,-60.553905,1618.047852,67.653633,11.492893,1424.073975,-43.792866,52.792995,1249.575562,-107.19838,-57.068684,1249.994019,-93.726593,21.136526,1305.447876,178.092285,146.501389,1325.17688,-92.078003,201.148102,1406.014771,51.839985,285.519196,1215.252808,-57.230839,360.600433,1121.818604,-38.537209,300.587646,1063.975586,205.622681,212.019913,1100.357178,190.225983,283.940857,1018.216125,242.044937,-134.304367,1328.99646,-48.657101,-108.144646,1416.645142,98.683334,-207.031006,1298.05127,169.591354,-192.983917,1247.281494,314.143677,-171.485092,1237.474121,564.786438,-80.022751,1256.038452,559.161316,-176.272446,1243.528198,630.644653,168.703522,1046.427124,112.049812,155.869568,1079.72522,-84.94445,-115.158875,1087.237183,-70.299088,-98.653366,1051.148682,141.018311
0.333,18.246696,1684.386597,34.213715,28.123869,1659.114746,139.483444,-60.92263,1619.118896,66.956543,11.418356,1425.151489,-43.352314,53.024067,1250.903442,-106.744865,-56.840256,1251.262939,-93.457504,20.369629,1306.602051,178.56041,146.909134,1326.379028,-91.233238,200.366257,1407.887329,52.489094,287.579742,1215.717651,-52.665661,362.691895,1122.508667,-29.501751,297.619904,1081.879517,216.848099,209.501282,1117.061768,197.038803,279.66626,1040.00415,258.601654,-134.225937,1330.074341,-48.329655,-108.313011,1417.70166,98.845131,-207.833862,1299.36438,169.839752,-193.905579,1248.901001,314.574615,-172.229309,1239.632446,565.255249,-80.567513,1258.348877,559.693298,-176.881317,1245.654541,631.002075,168.61853,1047.094727,112.371452,156.010315,1081.102539,-84.42131,-114.980278,1088.570557,-70.380379,-99.150177,1052.393921,141.034058
0.342,17.715059,1685.132202,32.946636,27.594946,1660.734009,138.442047,-61.356758,1620.282349,66.378967,11.312953,1426.12915,-43.100616,53.328724,1252.046509,-106.287498,-56.541145,1252.266235,-93.255066,19.793293,1307.661499,178.956116,147.386093,1327.516968,-90.39994,199.532181,1409.899414,52.963039,289.357605,1215.905762,-47.692032,364.274384,1123.100586,-19.842381,294.83606,1100.145874,227.449402,207.262802,1133.838501,203.688721,275.940369,1063.10376,274.589478,-134.180252,1331.044922,-48.169392,-108.599594,1418.664185,99.073265,-208.462524,1300.892334,169.918152,-194.410736,1250.195923,314.983551,-172.951401,1241.57959,565.783875,-81.412346,1260.399536,559.902954,-177.540329,1247.804932,631.232788,167.797272,1047.675293,113.592918,156.183273,1082.533569,-83.84861,-114.940453,1089.967163,-70.282661,-99.528374,1053.368774,140.996582
0.35,17.015417,1686.049072,31.73465,26.952631,1662.372192,137.396194,-61.823944,1621.302734,65.932861,11.188253,1427.058838,-42.87431,53.677116,1253.181885,-105.794968,-56.29591,1253.323364,-93.065308,19.380192,1308.799805,179.244217,147.885254,1328.513306,-89.672142,198.607712,1411.859497,53.492294,290.834961,1215.904541,-42.24564,365.568817,1123.493042,-9.493182,291.850647,1118.235718,237.334763,205.053528,1150.299683,209.951675,271.533081,1086.638306,289.058044,-134.174362,1331.837769,-48.098789,-108.827927,1419.59729,99.123001,-209.123749,1302.07605,170.06459,-195.010193,1251.606079,315.204834,-173.651352,1243.547363,566.2052,-81.91095,1262.468018,560.276001,-178.096329,1249.967285,631.672729,167.325684,1048.410156,114.163345,156.382141,1083.69519,-83.252167,-114.87027,1091.193359,-70.304825,-99.899414,1054.274414,140.903091
0.358,16.488045,1686.958618,30.605402,26.33433,1663.678711,136.448227,-62.496483,1622.248535,64.911255,11.162619,1427.719604,-42.506611,54.003349,1254.190063,-105.369278,-56.007225,1254.21936,-92.95961,18.895691,1309.732666,179.553207,148.351334,1329.502563,-88.9347,197.725983,1413.854126,53.934757,291.996063,1215.607666,-36.274117,366.440796,1124.141479,1.369562,289.423492,1136.429321,246.680069,203.045761,1166.318726,215.903793,267.566101,1110.895386,302.558838,-134.00914,1332.670532,-48.12907,-108.97271,1420.386841,99.153702,-209.63736,1303.164307,170.017227,-195.453079,1252.789429,315.438049,-174.345718,1245.480225,566.529053,-82.466286,1264.387085,560.424805,-178.651764,1251.825073,631.729004,166.951385,1048.859375,114.712891,156.578934,1084.825684,-82.713959,-114.721115,1092.312744,-70.331589,-100.173607,1055.094604,140.935654
0.367,16.024426,1687.753662,29.720346,25.928913,1665.056274,135.656448,-63.059425,1623.186768,63.857361,11.067522,1428.438843,-42.52319,54.362114,1255.074097,-105.086334,-55.735054,1254.922485,-92.883263,18.38973,1310.675537,179.718582,148.947418,1330.35144,-88.25692,196.750122,1415.726562,54.435421,292.859894,1215.220703,-29.889795,367.056427,1124.869019,12.712564,286.715759,1153.956055,255.385483,200.891037,1181.825073,221.691849,263.203156,1134.891602,314.086273,-133.942871,1333.324951,-48.086159,-109.251266,1421.296143,99.019676,-210.897751,1304.241211,170.729446,-196.03624,1253.946655,315.432709,-175.104706,1247.215454,566.744324,-82.977287,1266.251465,560.459717,-179.214401,1253.844116,631.760254,166.653534,1049.357178,115.016228,156.743408,1085.803345,-82.105202,-114.630997,1093.38916,-70.339668,-100.346214,1055.696167,140.859711
0.375,15.490656,1688.460938,28.934599,25.38492,1666.209717,134.801865,-63.463531,1624.037842,63.449673,11.011564,1429.078857,-42.591034,54.796974,1255.86792,-104.760391,-55.460472,1255.629883,-92.86898,17.86124,1311.565186,179.857285,149.564865,1331.116455,-87.554184,195.890503,1417.505249,54.83886,293.491364,1214.77002,-23.014219,367.292908,1125.935059,24.340469,284.337952,1171.05896,263.501495,198.27063,1196.486694,227.630646,260.512665,1159.943604,325.144867,-133.850876,1333.894287,-48.240608,-109.445892,1422.033813,98.891388,-210.5905,1305.139648,169.638855,-196.858109,1255.244873,315.236145,-175.76532,1248.897949,566.953796,-83.502419,1267.914673,560.293274,-179.702332,1255.539551,631.753906,166.587631,1049.69458,115.230263,157.030182,1086.783325,-81.555771,-114.630249,1094.314697,-70.230255,-100.489082,1056.338257,140.746307
0.383,14.830384,1689.212524,28.085232,24.728483,1667.146606,133.947113,-63.917542,1624.813599,63.027218,11.040109,1429.709106,-42.660271,55.305058,1256.611938,-104.418274,-55.134777,1256.278687,-92.923218,17.361183,1312.460449,179.964371,150.335785,1331.799927,-86.877686,194.909195,1419.179443,55.311565,293.934082,1214.249146,-15.764207,367.504761,1127.094116,36.978012,282.323761,1187.391479,271.019043,195.872055,1210.653687,233.435852,257.729584,1184.171875,334.362701,-133.671082,1334.498901,-48.586052,-109.61409,1422.638794,98.64534,-210.680527,1305.712402,169.329147,-197.271133,1256.068604,314.945465,-176.359344,1250.512817,567.059387,-84.011497,1269.583252,559.955017,-179.970551,1257.063232,631.558594,166.314758,1049.886108,115.708069,157.240219,1087.541626,-81.019485,-114.487328,1095.205078,-70.217857,-100.507828,1056.768799,140.66983
0.392,14.132193,1689.943604,27.147089,24.191872,1668.198364,133.237061,-64.531113,1625.414185,62.215485,11.114553,1430.273804,-42.773113,55.766411,1257.318848,-104.174042,-54.762089,1256.872559,-92.998978,16.919939,1313.265503,179.953445,151.207016,1332.418335,-86.220833,193.951477,1420.699585,55.793861,294.152435,1213.802002,-7.878682,367.314178,1128.509399,49.272015,280.121063,1202.79895,277.956573,193.783295,1223.50415,238.985718,255.604919,1208.121826,342.068634,-133.438416,1334.983032,-48.875717,-109.894112,1423.285034,98.250229,-210.710403,1306.08252,168.793106,-197.65332,1256.752563,314.574677,-176.94104,1251.948975,567.019592,-84.333725,1271.107666,559.721497,-180.206146,1258.495972,631.309753,166.045151,1050.026978,116.088608,157.400253,1088.377808,-80.546326,-114.342064,1096.004517,-70.2341,-100.499817,1057.233032,140.609406
0.4,13.567938,1690.505615,26.409748,23.679604,1669.046143,132.594177,-65.124077,1625.939575,61.536877,11.231646,1430.733032,-43.038399,56.263458,1257.902344,-104.024673,-54.318253,1257.312866,-93.138161,16.440208,1314.058594,179.970871,152.130981,1332.935303,-85.578758,193.032196,1422.008911,56.246368,294.056732,1213.4729,0.351894,367.050323,1130.758423,61.7752,278.186554,1217.624512,284.60144,192.314987,1236.406738,244.253128,253.228668,1230.602051,348.173401,-133.2043,1335.384277,-49.326859,-110.212486,1423.844116,97.777344,-210.583008,1306.379272,168.107132,-198.016891,1257.404663,314.020264,-177.527863,1253.19397,566.807678,-84.846001,1272.498657,559.213257,-180.685135,1259.884766,631.16626,165.802277,1050.122925,116.505157,157.585114,1089.119507,-80.058075,-114.296585,1096.71814,-70.201431,-100.39357,1057.674072,140.528244
0.408,13.042818,1691.01709,25.806499,23.096973,1669.7146,131.926071,-65.63549,1626.485718,60.645977,11.414256,1431.13855,-43.343021,56.882477,1258.45105,-103.861061,-53.83173,1257.711914,-93.419266,15.905397,1314.733765,179.934799,153.307159,1333.342285,-84.933273,192.085693,1423.215698,56.765659,293.884613,1213.580811,8.988918,366.555359,1133.053467,74.245361,276.232697,1231.43689,291.270325,190.840515,1248.10437,249.840042,251.370132,1252.366089,353.435486,-132.950394,1335.694702,-49.818062,-110.559303,1424.357056,97.166473,-210.524811,1306.493774,167.367432,-198.383575,1257.762817,313.372284,-178.215149,1254.130005,566.456604,-85.25737,1273.751343,558.622314,-180.91124,1260.983765,630.7948,165.568756,1050.169312,116.823158,157.739273,1089.628174,-79.590752,-114.269295,1097.365723,-70.206848,-100.254768,1058.012939,140.419205
0.417,12.549186,1691.488647,25.187973,22.388863,1670.339111,131.227997,-66.071716,1626.891357,60.34462,11.673255,1431.443237,-43.651833,57.558022,1258.915039,-103.718994,-53.274387,1257.992676,-93.72226,15.455799,1315.376221,179.833542,154.526978,1333.657349,-84.267067,191.294403,1424.18396,57.326805,293.648499,1213.991089,17.78957,365.677429,1135.525146,86.536301,274.856293,1244.01416,297.75528,189.466339,1259.491089,255.53685,249.480118,1272.212524,357.658356,-132.619308,1335.959106,-50.48217,-110.838379,1424.761108,96.550674,-210.486984,1306.474609,166.600952,-198.982941,1258.1698,312.595825,-178.495697,1255.170532,566.204895,-85.698029,1274.9552,557.904297,-181.098526,1261.877563,630.174744,165.34407,1050.199463,117.224419,157.897522,1090.072021,-79.090324,-114.231567,1097.946777,-70.228836,-100.158684,1058.352905,140.304886
0.425,11.80479,1691.848633,24.524496,21.823906,1670.910767,130.712372,-66.498703,1627.175293,60.176613,11.982267,1431.707397,-44.068096,58.253685,1259.31543,-103.724091,-52.792633,1258.204102,-94.054321,14.963968,1316.018311,179.710785,155.930771,1333.848633,-83.522675,190.502594,1425.056641,58.013741,293.220245,1214.811401,26.717859,364.510956,1138.435303,98.529976,273.256897,1255.77832,304.199677,188.193314,1270.28479,261.514801,248.645432,1290.990479,361.605469,-132.268616,1336.175171,-51.187672,-111.05957,1425.063599,95.856766,-210.542435,1306.552856,165.651825,-199.223495,1258.222046,311.838837,-178.835144,1255.996826,565.78479,-85.97731,1275.831787,557.238098,-181.202026,1262.700806,629.534668,165.175964,1050.199097,117.485649,158.072525,1090.429199,-78.645721,-114.163216,1098.45105,-70.203056,-100.098259,1058.745117,140.175491
0.433,11.122524,1692.20874,24.009232,21.27603,1671.376709,130.165482,-66.962448,1627.411377,59.715656,12.393799,1431.918213,-44.59396,59.003662,1259.628784,-103.787834,-52.288765,1258.36499,-94.517891,14.47542,1316.54187,179.526581,157.51561,1333.960205,-82.84613,189.80217,1425.651489,58.564693,292.772247,1215.879761,35.384487,363.162872,1141.293091,110.583664,272.310577,1266.742554,311.112427,187.729843,1280.575317,267.861938,247.998184,1307.762817,365.155273,-131.889694,1336.305786,-51.930824,-111.261368,1425.305908,95.146988,-210.630005,1306.442261,164.683914,-199.500473,1258.19043,310.990723,-179.125076,1256.73291,565.209473,-86.15683,1276.785645,556.378845,-181.326233,1263.426147,628.92804,165.045822,1050.189819,117.667015,158.257156,1090.745361,-78.289581,-114.103104,1098.822876,-70.282043,-100.015541,1059.248413,139.962097
0.442,10.65356,1692.460449,23.473257,20.750027,1671.731201,129.692856,-67.546684,1627.559082,58.785397,12.902918,1432.071289,-45.101536,59.771034,1259.882935,-103.86084,-51.667847,1258.46582,-94.943047,14.088573,1316.979614,179.272476,159.186951,1334.027466,-82.06562,189.143463,1426.172363,59.183517,292.433136,1217.097534,43.504795,361.492462,1144.609497,122.402176,271.360779,1276.9552,318.169678,186.296661,1289.726074,274.960632,247.79451,1323.040771,368.548889,-131.500565,1336.386475,-52.734024,-111.42733,1425.494141,94.388428,-210.792526,1306.365234,163.720337,-199.720001,1258.094238,310.151062,-179.523956,1257.008423,564.595764,-86.412849,1277.509399,555.633667,-181.465942,1263.88269,628.265747,164.960205,1050.220581,117.877777,158.473801,1090.992065,-77.987015,-114.02523,1099.117798,-70.414299,-100.02961,1059.706543,139.814148
0.45,10.196345,1692.810425,22.967627,20.144785,1671.912109,129.114502,-67.961388,1627.643433,58.136898,13.457654,1432.144165,-45.671383,60.696743,1260.0271,-103.976425,-50.943111,1258.510376,-95.448769,13.640378,1317.31958,178.928787,160.893875,1333.953613,-81.341385,188.608124,1426.630981,59.92374,292.184875,1218.353149,51.25576,359.513733,1148.004517,133.851364,270.628387,1286.659058,325.641632,185.660934,1298.674927,282.211456,247.88533,1336.743286,372.217133,-131.070099,1336.407959,-53.523815,-111.525635,1425.633545,93.585693,-211.013336,1306.286987,162.644135,-199.989594,1257.852783,309.249481,-179.737213,1257.300293,563.946167,-86.739388,1277.981567,554.729065,-181.599991,1264.147827,627.495789,164.922882,1050.263916,117.901176,158.618027,1091.081055,-77.816559,-113.92794,1099.335083,-70.651711,-100.062019,1060.178711,139.699295
0.458,9.788472,1693.040527,22.605618,19.56708,1672.05188,128.723831,-68.286812,1627.666626,57.69754,14.048516,1432.170654,-46.369663,61.631287,1260.151245,-104.219086,-50.268917,1258.50061,-95.971947,13.223954,1317.597412,178.547668,162.623444,1333.774902,-80.486786,188.086273,1426.901367,60.524284,292.121216,1219.697754,58.571785,357.416321,1151.411377,144.845139,269.989624,1295.694702,333.172272,184.764938,1306.779175,290.029755,248.037796,1349.16748,376.560852,-130.546936,1336.350464,-54.409538,-111.56369,1425.730469,92.630585,-211.304443,1306.228027,161.56134,-200.278702,1257.615967,308.278076,-179.975113,1257.428833,563.178528,-87.147591,1278.200806,553.760071,-181.714783,1264.234619,626.693481,164.908325,1050.35022,117.917473,158.768936,1091.063232,-77.730003,-113.817039,1099.454712,-70.850868,-100.127754,1060.651123,139.528976
0.467,9.32609,1693.242798,22.183184,19.161915,1672.103394,128.361557,-68.580513,1627.684448,57.143967,14.702899,1432.101318,-47.017445,62.549419,1260.162842,-104.442917,-49.573139,1258.478394,-96.579567,12.934039,1317.740356,178.132004,164.437561,1333.620605,-79.668808,187.535538,1427.186523,61.204597,292.157318,1221.148193,65.366699,355.181763,1154.723145,155.258575,269.462585,1304.135742,340.970032,183.963333,1314.075317,298.267944,248.273132,1360.366333,381.401642,-130.046371,1336.283325,-55.267445,-111.576752,1425.726685,91.692513,-211.524979,1306.147461,160.472885,-200.628769,1257.31189,307.291138,-180.277283,1257.251831,562.386536,-87.447876,1278.284302,552.78894,-181.88707,1264.179565,625.764221,165.023224,1050.30896,117.385902,158.907913,1090.956909,-77.758743,-113.692146,1099.501831,-71.101669,-100.275948,1061.066406,139.274643
0.475,8.985038,1693.346802,21.879265,18.773678,1672.073608,128.012268,-68.833694,1627.605835,56.655437,15.448014,1431.958008,-47.764469,63.564739,1260.194946,-104.656723,-48.821083,1258.401611,-97.291,12.627526,1317.797852,177.612549,166.072235,1333.485596,-79.002182,186.961868,1427.380859,61.860153,292.178284,1222.787842,71.736534,352.514282,1158.625732,165.075958,269.207611,1311.742065,348.982544,183.133057,1320.554565,307.110474,248.951324,1370.283203,386.475922,-129.493958,1336.164429,-56.238743,-111.499733,1425.708374,90.714615,-212.04393,1306.134888,159.24176,-201.311844,1257.15332,306.15744,-180.531891,1257.046143,561.510559,-87.694672,1278.146729,551.746338,-182.028976,1263.907227,624.860229,164.98851,1050.478271,117.460205,159.054031,1090.704224,-77.916023,-113.536385,1099.466553,-71.374054,-100.444351,1061.445557,139.029053
0.483,8.691497,1693.413208,21.633028,18.435965,1671.879517,127.732544,-69.048698,1627.410522,56.337944,16.166464,1431.798706,-48.471874,64.595421,1260.17334,-104.984154,-47.969376,1258.300293,-97.978348,12.202344,1317.745972,176.974564,167.721268,1333.406616,-78.275856,186.314545,1427.633179,62.500076,292.033356,1224.378052,77.638786,349.657959,1162.366455,174.333786,268.836731,1318.371948,357.255829,182.431488,1326.314087,316.541687,249.632324,1378.771484,392.501923,-128.892044,1335.959839,-57.306274,-111.4347,1425.658325,89.675621,-212.263153,1306.012451,158.114136,-201.732178,1256.785278,305.028931,-181.0103,1256.427368,560.562561,-87.916611,1277.877075,550.727844,-182.196152,1263.423462,623.762451,165.045242,1050.568481,117.297256,159.209869,1090.422485,-78.143944,-113.357895,1099.324219,-71.782303,-100.631737,1061.841675,138.725464
0.492,8.372748,1693.364502,21.336376,18.148994,1671.58667,127.47802,-69.263252,1627.218628,55.899048,16.900309,1431.631592,-49.286072,65.564545,1260.118042,-105.338135,-47.199738,1258.140747,-98.665421,11.824466,1317.609741,176.370026,169.116989,1333.304565,-77.735291,185.642029,1427.841797,63.141598,291.729065,1226.185425,83.215256,346.697632,1166.065063,182.64357,268.883453,1323.993164,365.755493,182.442627,1331.56543,326.085175,250.430969,1385.89209,399.133514,-128.293869,1335.723145,-58.394321,-111.317154,1425.496216,88.695839,-212.449081,1305.860596,156.808716,-202.102615,1256.373535,303.917206,-181.175629,1256.084717,559.605652,-88.162819,1277.416138,549.643921,-182.394516,1262.901489,622.841309,165.094452,1050.645142,117.109146,159.348343,1090.023682,-78.407837,-113.159409,1099.093384,-72.29261,-100.840034,1062.251953,138.366257
0.5,8.186049,1693.308228,21.201694,17.847601,1671.204468,127.322121,-69.422928,1627.001343,55.45573,17.489462,1431.397583,-50.080055,66.52494,1260.027344,-105.793335,-46.42168,1257.850586,-99.503693,11.487976,1317.416382,175.706833,170.533112,1333.304321,-77.25737,184.841888,1428.045776,63.729191,291.224731,1228.118774,88.327141,343.692444,1169.804199,190.270355,268.912842,1328.600342,374.736023,181.714645,1335.830322,336.627075,251.048538,1391.499023,406.306366,-127.648918,1335.456787,-59.528049,-111.123444,1425.275635,87.655037,-212.561844,1305.674316,155.550461,-202.525299,1255.889648,302.695374,-181.594009,1255.344238,558.52771,-88.450409,1276.759277,548.498291,-182.709579,1262.255371,621.773254,165.140015,1050.648926,116.901199,159.472794,1089.599243,-78.722168,-112.841606,1098.765259,-72.919258,-101.041565,1062.698853,137.918121
0.508,8.051939,1693.163452,21.162485,17.536346,1670.608887,127.175346,-69.498077,1626.714966,55.106781,18.069221,1431.171021,-50.907303,67.576744,1259.84668,-106.259743,-45.573212,1257.578979,-100.338036,11.084586,1317.07605,174.888138,171.711121,1333.363281,-76.834137,183.923599,1428.177368,64.148285,290.329712,1230.200806,92.983093,341.34198,1173.405029,197.424072,269.070923,1332.211304,383.582794,181.14325,1339.484741,347.252655,251.925858,1395.661865,414.672089,-126.998497,1335.147705,-60.584995,-110.946037,1424.960449,86.613373,-212.661469,1305.408691,154.166992,-202.852539,1255.206665,301.517853,-182.021835,1254.456909,557.426575,-88.766258,1275.879395,547.330566,-183.036728,1261.510498,620.671082,165.190552,1050.606812,116.647438,159.62352,1089.08252,-79.099342,-112.572983,1098.333496,-73.431473,-101.112701,1063.00293,137.433578
0.517,8.001545,1692.913574,21.144926,17.362644,1670.010254,127.052933,-69.713264,1626.327881,54.319111,18.540285,1430.910645,-51.703087,68.608795,1259.541748,-106.714684,-44.790318,1257.252441,-101.199707,10.729028,1316.680298,174.182907,172.77478,1333.358643,-76.569649,182.893005,1428.286743,64.549667,289.565491,1232.209717,97.354652,338.417572,1177.415771,203.662598,269.290375,1334.662231,392.528534,180.518906,1341.453857,358.33783,252.812897,1398.381836,423.660919,-126.434326,1334.749878,-61.697094,-110.764671,1424.481445,85.524445,-212.63974,1304.971313,152.850266,-203.205429,1254.536255,300.171783,-182.280182,1253.71875,556.294739,-89.10675,1274.819214,546.118225,-183.31868,1260.61853,619.458313,165.267044,1050.485474,116.338379,159.753815,1088.413086,-79.562378,-112.315895,1097.808105,-74.041336,-101.23481,1063.25708,136.952499
0.525,7.975067,1692.52771,21.233931,17.161715,1669.3396,126.972137,-69.759216,1625.849731,53.658989,18.96628,1430.602295,-52.538403,69.533806,1259.299438,-107.26178,-44.076794,1256.855957,-102.114983,10.194593,1316.118164,173.288437,173.842056,1333.373779,-76.33638,181.770645,1428.31665,64.829033,288.446564,1234.10437,101.186729,335.536804,1181.203369,209.342987,269.646606,1336.358521,401.627136,179.940247,1343.735474,369.378143,253.51915,1399.557861,433.418365,-125.883636,1334.24707,-62.974365,-110.584007,1423.965698,84.229546,-212.617905,1304.424316,151.443146,-203.702332,1253.808594,298.79715,-182.810074,1252.529175,555.083374,-89.532181,1273.543091,544.827148,-183.678162,1259.604492,618.214355,165.328598,1050.265747,115.950417,159.941681,1087.72522,-79.959091,-112.054008,1097.195679,-74.756081,-101.331795,1063.40625,136.392197
0.533,8.023311,1692.094604,21.336565,17.102234,1668.377563,126.909302,-69.753227,1625.2323,53.535385,19.369617,1430.17981,-53.464336,70.395691,1259.01355,-107.914009,-43.191807,1256.271362,-103.039444,9.676226,1315.503174,172.431183,174.722565,1333.365601,-76.165817,180.506989,1428.346802,65.038033,287.276306,1236.144897,104.755325,332.680206,1184.858398,214.428864,269.800995,1336.911499,410.236847,179.388,1344.931152,380.369049,254.408783,1399.529175,444.001526,-125.372513,1333.615967,-64.091888,-110.570152,1423.365234,83.161621,-212.542694,1303.694824,150.13382,-204.032227,1252.908325,297.439972,-183.2659,1251.467041,553.75885,-89.797005,1272.291504,543.56427,-184.053101,1258.393555,616.988647,165.405228,1049.949463,115.579536,160.146896,1086.982788,-80.439476,-111.799805,1096.519043,-75.614365,-101.416161,1063.476196,135.764236
0.542,8.071792,1691.693604,21.442118,16.990551,1667.357544,127.000389,-69.786858,1624.650269,53.221584,19.701881,1429.682861,-54.365395,71.342751,1258.550293,-108.571594,-42.460419,1255.647949,-103.967896,9.074805,1314.724976,171.429916,175.584961,1333.23877,-76.057899,179.347015,1428.131348,65.145195,286.222076,1238.127441,107.984383,329.967377,1188.336182,218.930099,269.84964,1336.412354,418.717407,178.716553,1345.375,391.240692,255.27713,1398.14502,454.786621,-124.858543,1332.951294,-65.371605,-110.757111,1422.952515,81.842796,-212.49794,1302.674438,148.748611,-204.272629,1251.897583,295.924561,-183.620895,1250.311279,552.514648,-90.071838,1270.892944,542.305359,-184.487167,1257.103394,615.575439,165.459183,1049.560425,115.182701,160.269119,1086.106689,-80.882439,-111.457001,1095.63501,-76.402115,-101.523163,1063.474487,135.081467
0.55,8.118173,1691.261597,21.608093,16.909954,1666.373291,127.048073,-69.849472,1623.970947,53.093155,19.991686,1429.146484,-55.397179,72.235527,1257.922485,-109.223885,-41.794567,1254.989868,-104.992653,8.400517,1313.839111,170.645309,176.56163,1333.013306,-76.023918,178.146729,1427.841064,65.227783,285.169037,1239.841309,110.88559,327.06781,1191.747681,223.047989,269.91452,1335.055054,427.214996,177.849136,1344.6073,403.296173,256.190338,1395.388794,465.754272,-124.357018,1332.161133,-66.806503,-110.695984,1422.174194,80.775055,-212.468079,1301.539673,147.309769,-204.376755,1250.493774,294.504852,-184.070648,1248.876709,551.247437,-90.382095,1269.345337,541.074524,-184.850204,1255.604004,614.214844,165.519836,1049.130005,114.865311,160.524124,1085.144165,-81.28923,-111.166832,1094.769775,-77.253036,-101.487076,1063.443481,134.423996
0.558,8.173096,1690.739136,21.808407,16.914001,1665.124756,127.141876,-69.799332,1623.296997,52.89048,20.289896,1428.514526,-56.366158,73.039001,1257.453857,-110.070381,-41.007359,1254.160767,-106.031136,8.109054,1313.088501,169.372208,177.387878,1332.725952,-76.028328,176.856125,1427.477539,65.230927,284.069244,1241.314575,113.533524,324.361023,1195.012939,226.76593,269.984985,1332.681274,435.548859,177.583557,1343.246826,413.345184,257.176331,1391.44043,476.953033,-123.961784,1331.321411,-68.153221,-110.81076,1421.384766,79.606377,-212.43573,1300.469482,145.78302,-204.471848,1249.05603,292.959412,-184.593002,1247.254883,549.887512,-90.662323,1268.000488,540.347412,-185.22168,1253.895996,612.770264,165.650116,1048.550049,114.544037,160.826004,1084.199341,-81.716927,-110.792778,1093.779175,-78.161705,-101.524597,1063.296021,133.79808
0.567,8.18509,1690.081909,22.123892,16.888775,1663.8396,127.324448,-69.835327,1622.490601,52.383259,20.5159,1427.718384,-57.476883,73.937607,1256.672241,-110.806335,-40.247314,1253.254639,-107.181358,7.562985,1312.207886,168.362213,178.199234,1332.245239,-76.119339,175.693619,1426.917969,64.972862,283.087585,1242.759399,115.939377,321.401825,1198.018188,230.344376,270.059692,1329.480957,443.635315,177.098862,1340.924561,424.245636,258.283905,1386.344116,487.987518,-123.548882,1330.2854,-69.518616,-110.926949,1420.323486,78.226738,-212.395844,1299.134155,144.188431,-204.592804,1247.594604,291.257935,-185.135651,1245.524414,548.441467,-91.166534,1266.157471,538.538025,-185.462631,1252.017212,611.127136,165.780289,1047.93396,114.186157,161.060104,1083.036133,-82.114571,-110.443939,1092.680298,-79.146873,-101.575821,1062.939697,133.055115
0.575,8.211717,1689.265869,22.558584,16.812277,1662.415161,127.560333,-69.854416,1621.59021,52.360462,20.797626,1426.911255,-58.526382,74.757927,1255.813843,-111.618317,-39.566376,1252.211548,-108.215034,6.812394,1311.172363,167.435364,179.015167,1331.679932,-76.306213,174.687241,1426.16333,64.679222,282.183075,1244.133911,118.023712,318.624512,1201.095703,233.401474,270.097015,1325.482544,451.546295,176.960938,1337.561157,434.673553,259.188019,1379.978882,498.86673,-123.094627,1329.099365,-70.852539,-111.023857,1419.280396,76.869408,-212.381516,1297.56897,142.579712,-204.628159,1245.828491,289.678772,-185.699783,1243.574341,546.938599,-91.440033,1264.44458,537.207703,-185.747482,1249.927979,609.468201,165.895752,1047.256836,113.773544,161.294922,1081.87915,-82.454224,-110.11528,1091.519409,-79.985054,-101.614792,1062.561035,132.494766
0.583,8.260092,1688.582153,23.002211,16.765764,1660.870483,127.834694,-69.746124,1620.681519,52.842907,21.067556,1425.920044,-59.753773,75.612396,1254.8927,-112.437775,-38.831863,1251.015625,-109.323624,6.134182,1310.109497,166.424423,179.859833,1330.96521,-76.541855,173.57045,1425.386841,64.035782,281.483032,1245.459717,119.919579,316.162689,1203.931641,236.187729,270.159454,1320.646606,459.171204,176.92807,1332.868408,444.994843,260.38092,1372.654907,509.677338,-122.590561,1327.919067,-72.405617,-111.181946,1418.078491,75.270538,-212.370865,1295.953857,141.013718,-204.709442,1243.989136,287.993164,-186.041489,1241.686646,545.450989,-91.846344,1262.154053,534.883728,-186.057816,1247.861328,607.914612,166.018219,1046.499634,113.486214,161.587433,1080.533569,-82.819695,-109.716995,1090.268799,-80.883018,-101.62368,1061.996826,131.823608
0.592,8.323868,1687.855713,23.435963,16.731241,1659.217529,128.08049,-69.748291,1619.686768,52.69622,21.361021,1424.887085,-60.871159,76.394485,1253.760376,-113.313995,-38.092369,1249.802246,-110.519295,5.757243,1309.152466,165.246704,180.537994,1330.099121,-76.871719,172.544571,1424.49707,63.551769,280.925781,1246.140503,121.580276,313.326019,1206.428833,238.690353,270.406891,1315.394897,466.343628,176.711227,1327.471802,454.743744,261.512634,1364.297363,520.204163,-122.155479,1326.594727,-73.928902,-111.399078,1416.803223,73.830635,-212.365662,1294.408081,139.190765,-204.80098,1242.078491,286.136963,-186.449188,1239.521484,543.903381,-92.148827,1260.097656,533.187622,-186.363556,1245.631958,606.395813,166.199158,1045.689575,113.175224,161.905991,1079.18689,-83.165108,-109.445267,1088.904053,-81.740456,-101.67382,1061.387817,131.169586
0.6,8.364735,1686.916382,24.075315,16.680115,1657.475708,128.489426,-69.854065,1618.639526,52.62574,21.697262,1423.706299,-62.128555,77.193138,1252.539673,-114.244087,-37.40377,1248.38562,-111.654282,5.257026,1308.039307,164.06488,181.23262,1328.968384,-77.274071,171.715302,1423.347534,62.911324,280.373383,1246.467529,122.989822,310.782379,1209.124512,241.171967,270.678833,1309.826538,472.949127,176.111771,1321.358276,463.642334,262.717896,1355.078369,530.121094,-121.772911,1325.141724,-75.299652,-111.524323,1415.461914,72.369179,-212.274979,1292.35376,137.585236,-204.797638,1240.01355,284.414093,-186.665222,1237.4646,542.356506,-92.411018,1257.799438,531.546692,-186.591537,1243.230103,604.744873,166.33522,1044.81958,112.855156,162.164658,1077.634766,-83.490067,-109.109489,1087.448486,-82.660835,-101.755806,1060.711182,130.470184
0.608,8.289696,1685.964233,24.850615,16.669899,1655.528809,128.835785,-69.843437,1617.39917,52.769733,21.987244,1422.456665,-63.474751,77.981628,1251.186035,-115.131912,-36.754719,1246.940918,-112.772606,4.647974,1306.795532,163.123108,181.925385,1327.823608,-77.72744,170.849854,1422.092407,62.111385,279.452667,1247.266602,124.922867,308.152069,1211.545166,243.319733,270.670929,1303.536255,479.042175,176.018005,1314.454102,472.750397,263.886139,1344.809448,539.538757,-121.305916,1323.682495,-76.920975,-111.782867,1414.161621,70.888939,-212.316116,1290.750244,135.699295,-204.939255,1237.986694,282.55069,-187.00766,1235.099121,540.76062,-92.644203,1255.580811,529.760254,-186.707748,1240.568237,602.96759,166.445724,1043.873169,112.604797,162.474014,1076.091309,-83.726486,-108.783997,1085.877319,-83.594482,-101.831085,1059.896118,129.840424
0.617,8.251485,1685.081055,25.50157,16.610676,1653.601318,129.184067,-69.892265,1616.245728,52.676208,22.272184,1421.177734,-64.760056,78.719154,1249.656494,-116.038551,-36.142174,1245.45752,-113.998451,4.058531,1305.524902,161.907532,182.562881,1326.45166,-78.175385,170.216705,1420.740356,61.43692,278.556732,1248.028809,126.659172,305.657867,1213.620972,245.416473,270.609283,1296.997925,484.806122,174.944626,1307.898804,480.580353,265.013245,1333.589355,548.417664,-120.826942,1322.098389,-78.537804,-111.881889,1412.79126,69.196976,-211.990845,1288.440796,133.756866,-204.846146,1235.963867,280.754395,-187.382004,1232.541504,539.141907,-92.973961,1252.981689,527.909546,-186.955551,1237.943726,601.210388,166.601959,1042.948608,112.387184,162.751617,1074.365845,-84.047295,-108.443298,1084.218994,-84.451996,-101.975563,1059.020386,129.153183
0.625,8.374836,1683.995483,26.259892,16.548418,1651.508057,129.620712,-69.875336,1614.862549,52.739494,22.672705,1419.800903,-66.091011,79.34761,1248.143555,-116.98381,-35.480618,1243.75647,-115.216698,3.499851,1304.207642,160.613968,183.199295,1325.023438,-78.608719,169.621872,1419.231812,60.813576,277.624268,1248.315552,128.208694,303.233276,1215.603271,247.268707,270.027008,1289.847534,490.071838,175.16217,1299.531006,488.495789,266.094208,1321.412354,556.538635,-120.326729,1320.592041,-80.259491,-112.035118,1411.348511,67.727364,-211.964142,1286.670532,132.024719,-205.040085,1233.784546,278.873077,-187.712814,1229.990601,537.429932,-93.251366,1250.447021,526.25354,-187.251251,1235.19751,599.537781,166.586502,1041.898315,112.156631,163.099319,1072.667725,-84.33622,-108.160988,1082.628784,-85.367744,-102.059761,1058.248169,128.58812
0.633,8.347147,1682.859863,27.028811,16.529562,1649.354126,130.020828,-69.889793,1613.532959,52.761612,23.079838,1418.393433,-67.359444,80.060326,1246.49646,-117.83979,-34.924042,1242.11377,-116.424126,3.142203,1302.910278,159.293808,183.775757,1323.429688,-79.040268,169.063614,1417.729248,60.022087,276.740692,1248.349487,129.449646,300.825134,1217.620483,248.976181,269.95752,1282.819092,494.548157,175.067932,1291.591187,495.179901,267.234772,1308.794922,563.636353,-119.930817,1318.987793,-81.699875,-112.219238,1410.009033,66.114403,-212.046814,1284.740723,130.16037,-205.428711,1231.921753,277.083466,-188.049713,1227.371216,535.693115,-93.451721,1247.764526,524.478516,-187.342331,1232.328491,597.706299,166.692627,1040.907715,112.001801,163.405411,1070.876831,-84.604782,-107.840744,1080.783813,-86.280724,-102.198387,1057.241577,127.887573
0.642,8.352738,1681.841187,27.645962,16.538181,1647.335815,130.366882,-69.913956,1612.186157,52.85041,23.500076,1416.940308,-68.571915,80.676346,1244.854248,-118.690422,-34.390453,1240.461426,-117.475929,2.67059,1301.493896,158.003174,184.38945,1321.916748,-79.363991,168.536102,1416.226685,59.474518,275.6026,1248.212402,130.840424,298.736328,1219.356812,250.148026,269.753387,1275.54187,498.519012,174.867523,1283.848145,501.015778,268.559937,1296.260254,569.441345,-119.477417,1317.463867,-83.374741,-112.393158,1408.547119,64.499908,-212.080368,1282.796143,128.418823,-205.652756,1229.978027,275.257263,-188.281616,1224.887451,533.903748,-93.792068,1244.939209,522.689941,-187.474899,1229.457764,595.798035,166.799423,1039.87085,111.839554,163.734619,1069.076172,-84.897545,-107.639275,1078.839844,-87.143272,-102.34198,1056.346802,127.249527
0.65,8.479562,1680.628052,28.386276,16.528345,1645.312866,130.665176,-69.865181,1610.841187,52.963497,23.825274,1415.505371,-69.781204,81.327553,1243.189575,-119.383072,-33.818699,1238.780029,-118.577484,2.262599,1300.158813,156.687042,185.013184,1320.368896,-79.711006,168.082916,1414.760498,58.989555,274.359711,1247.928833,132.07164,296.444397,1220.584473,251.928955,269.941071,1268.1073,501.737427,174.790176,1276.330322,505.707092,269.85968,1284.135986,574.134583,-119.065849,1315.900635,-84.95607,-112.551941,1407.081055,62.977016,-212.020355,1281.321533,126.64312,-206.017075,1227.791992,273.462219,-188.607193,1222.257324,532.080688,-94.078506,1242.125977,520.778503,-187.782181,1226.603516,594.086975,166.814178,1038.934814,111.727264,164.016891,1067.133057,-85.215759,-107.382782,1077.02356,-87.957748,-102.601723,1055.270874,126.663536
0.658,8.646466,1679.616699,28.951221,16.536179,1643.306763,131.0383,-69.79509,1609.817139,52.82045,24.226938,1414.007202,-70.798981,82.020264,1241.591797,-120.036797,-32.858128,1237.543457,-121.102493,1.950025,1298.759033,155.397781,185.65625,1318.932495,-79.982841,167.641968,1413.442871,58.663662,273.223175,1247.700928,133.182388,294.230591,1221.098999,252.939346,270.149872,1261.231567,504.281158,175.2435,1267.91748,510.027588,271.193695,1272.570923,577.668823,-118.545273,1314.39209,-86.48642,-112.671074,1405.783813,61.322632,-212.165344,1279.560913,125.111671,-206.399933,1225.87439,271.502289,-188.939697,1219.655151,530.24176,-94.332245,1239.197021,518.924561,-188.001175,1223.704956,592.306763,166.854889,1037.94519,111.642632,164.236984,1065.377197,-85.567894,-107.126953,1075.119507,-88.728447,-102.893105,1054.130005,126.052696
0.667,8.793434,1678.654663,29.498606,16.720139,1641.494263,131.244598,-69.718719,1608.600342,52.718548,24.628391,1412.698486,-71.908058,82.647301,1240.138672,-120.623672,-32.469219,1235.850708,-121.522476,1.497393,1297.386353,154.1492,186.305283,1317.471069,-80.150589,167.216522,1412.026489,58.394192,272.160797,1247.454834,134.206787,291.934082,1221.255005,254.002655,270.398895,1254.715698,506.058929,175.857224,1259.902344,512.801025,272.580933,1261.62439,580.152954,-118.06839,1313.003296,-88.029869,-112.824341,1404.509033,59.799938,-212.340927,1278.044189,123.25528,-206.889008,1223.939087,269.826996,-189.310333,1217.016602,528.387512,-94.609879,1236.346191,517.055725,-188.151077,1220.764526,590.4552,166.933426,1036.967773,111.632927,164.520081,1063.626953,-85.876144,-106.800934,1073.297852,-89.574348,-103.352989,1052.970337,125.337425
0.675,9.092872,1677.567871,29.999191,16.927534,1639.731689,131.543045,-69.658173,1607.570679,52.697666,25.056679,1411.330444,-72.895233,83.346397,1238.691284,-121.162331,-31.75037,1234.360229,-122.515327,1.023097,1296.013672,153.032791,186.857758,1316.317871,-80.250595,166.81987,1410.674683,58.260239,271.148804,1247.217651,134.832886,289.698212,1220.792114,254.562759,270.929199,1248.612549,507.055878,176.23819,1253.128296,515.409424,274.152802,1251.55542,581.485229,-117.539238,1311.614136,-89.404213,-112.949455,1403.276855,58.485947,-212.490906,1276.637329,121.472557,-207.386444,1222.067993,267.973999,-189.685272,1214.383789,526.565063,-94.940994,1233.460083,515.203674,-188.39093,1217.811035,588.719727,167.018967,1036.112671,111.613167,164.852936,1061.859863,-86.165237,-106.409424,1071.523315,-90.466232,-103.292328,1052.456543,124.655174
0.683,9.377818,1676.690308,30.380497,17.128508,1638.137695,131.644516,-69.557686,1606.766479,52.275742,25.463642,1410.222534,-73.685921,84.029892,1237.484619,-121.664429,-31.169889,1233.05603,-123.209679,0.616811,1294.746216,151.967545,187.431854,1315.109253,-80.292068,166.429382,1409.241455,58.33226,270.115021,1246.635498,135.377533,287.748352,1220.11792,254.949417,271.186951,1242.751953,507.85434,176.47757,1246.955933,517.46521,275.67038,1242.368042,582.132507,-117.015869,1310.266357,-90.860992,-113.201721,1402.023315,57.120579,-212.746704,1275.137817,119.843262,-207.947693,1220.096802,266.14444,-190.082397,1211.781738,524.75592,-95.363739,1230.571533,513.371277,-188.757904,1214.934448,587.070007,167.007751,1035.215332,111.675598,165.177429,1060.253296,-86.252762,-106.017044,1069.87854,-91.22673,-103.654274,1051.588257,123.882942
0.692,9.658341,1675.86377,30.636768,17.269625,1636.605835,131.76181,-69.382347,1605.863037,51.972404,25.888834,1409.119751,-74.500946,84.770561,1236.27832,-122.123627,-30.419466,1231.751465,-124.065353,0.106647,1293.527832,150.990067,187.991638,1314.240356,-80.343864,166.097214,1407.976807,58.578548,269.054718,1245.949097,135.805481,285.874542,1219.182007,255.117447,271.374268,1237.226807,508.246948,176.603409,1241.314209,519.165344,276.822144,1233.954956,582.633179,-116.505508,1309.070923,-92.216179,-113.270271,1400.860596,55.646118,-212.960983,1273.731079,118.138435,-208.650894,1218.42749,264.347931,-190.509171,1209.22876,522.981812,-95.890266,1227.790405,511.579346,-189.052887,1212.067505,585.395996,167.001144,1034.445923,111.832481,165.576218,1058.784058,-86.373863,-105.567215,1068.362793,-92.053047,-104.054115,1050.806641,123.058411
0.7,9.986894,1674.918091,30.77173,17.416956,1635.32959,131.65065,-69.262733,1605.052734,52.008537,26.228582,1408.30835,-75.219139,85.432991,1235.322144,-122.527,-29.819176,1230.663818,-124.678207,-0.366205,1292.398926,150.270447,188.529495,1313.478149,-80.290077,165.662125,1406.672852,58.666336,268.03186,1245.128052,136.177185,283.799835,1217.881836,254.873428,271.498474,1232.349487,508.338318,177.179367,1235.684448,519.527283,277.779175,1226.824341,582.788635,-116.02459,1307.992188,-93.374512,-113.427071,1399.724854,54.482212,-213.209946,1272.538452,116.545647,-209.202377,1216.910278,262.704041,-190.954605,1206.786743,521.238159,-96.428093,1225.007935,509.861359,-189.377197,1209.293457,583.752563,166.77951,1033.570923,112.075897,166.049881,1057.447632,-86.232391,-105.057411,1066.976807,-92.767082,-104.537148,1050.054199,122.343994
0.708,10.277705,1674.079102,30.81329,17.659187,1634.091553,131.519653,-69.157738,1604.321045,51.804321,26.561623,1407.443237,-75.771133,86.07972,1234.486206,-122.933266,-29.240507,1229.637451,-125.395523,-0.818154,1291.315674,149.511932,188.983917,1312.697998,-80.248161,165.288773,1405.545044,58.751686,266.870819,1244.119019,136.431274,282.256927,1216.764526,254.813171,271.689667,1227.831299,508.241547,177.404861,1230.773315,520.084229,278.459412,1220.791626,582.691162,-115.51667,1306.971191,-94.565353,-113.614624,1398.593018,53.405849,-213.498566,1271.17688,115.027191,-209.86087,1215.219604,261.158356,-191.46875,1204.370117,519.569031,-96.83577,1222.352051,508.262939,-189.900528,1206.64563,582.338745,166.780472,1032.949707,112.282745,166.561279,1056.289307,-86.121567,-104.552757,1065.754517,-93.559883,-105.058525,1049.327881,121.546112
0.717,10.502425,1673.414307,30.625299,17.762348,1633.213379,131.250458,-69.084831,1603.706787,51.147118,26.834305,1406.735229,-76.319962,86.7099,1233.688965,-123.21386,-28.63109,1228.739258,-125.970688,-1.14661,1290.234497,148.891174,189.420151,1312.062866,-80.222046,165.010742,1404.522705,58.859699,265.75,1242.992188,136.589859,280.741577,1215.443604,254.553589,271.643219,1223.854004,508.064392,177.450333,1226.36853,520.42511,278.970978,1215.697388,582.536133,-115.074913,1306.066528,-95.589279,-113.856651,1397.706787,52.500149,-213.748123,1270.028687,113.690735,-210.569778,1213.848145,259.562286,-192.03804,1202.004517,517.98761,-97.257591,1219.825684,506.695557,-190.368881,1204.091553,580.918884,166.655365,1032.469482,112.529312,166.972153,1055.423584,-85.886162,-103.927689,1064.625244,-94.421249,-105.591743,1048.81543,120.932922
0.725,10.701378,1672.810425,30.291359,17.83836,1632.480469,130.921326,-68.961197,1603.219849,50.752762,27.169308,1406.120361,-76.790695,87.244385,1233.090698,-123.463814,-28.076431,1228.045044,-126.494019,-1.578455,1289.358643,148.321732,189.801529,1311.556641,-80.280167,164.802155,1403.56604,58.917461,264.571411,1241.848999,136.81218,279.356934,1214.101685,254.412704,271.544312,1220.5354,507.81958,177.389557,1222.528809,520.522034,279.097473,1211.41272,582.381531,-114.758705,1305.353882,-96.568253,-114.006386,1396.965088,51.668125,-214.038513,1268.926636,112.280373,-211.45787,1212.539062,258.198456,-192.477386,1199.951782,516.514893,-97.847336,1217.344482,505.117828,-190.765396,1201.585938,579.323608,166.439224,1032.023682,112.883904,167.498383,1054.655029,-85.603531,-103.39888,1063.70105,-95.127899,-106.137291,1048.385498,120.210793
0.733,10.824085,1672.320312,29.840509,17.944054,1631.949097,130.583084,-68.828812,1602.851807,50.422195,27.434221,1405.636108,-77.23938,87.697914,1232.5448,-123.752357,-27.55245,1227.417114,-127.037125,-2.000846,1288.633057,147.826172,190.12706,1311.055542,-80.263733,164.678085,1402.788818,59.031231,263.383118,1240.661865,136.744827,277.994751,1212.848022,254.242035,271.345764,1217.688721,507.58963,177.251419,1219.3927,520.613708,279.152191,1207.877075,582.235474,-114.375191,1304.74939,-97.426231,-114.212868,1396.342285,50.937332,-214.238342,1268.09668,111.135506,-212.258606,1211.299805,256.881287,-193.052994,1197.952271,515.052124,-98.314697,1215.028442,503.548309,-191.135742,1199.23645,578.007935,166.200821,1031.721191,113.340431,167.97345,1054.12085,-85.314728,-102.810677,1062.858643,-95.806068,-106.618729,1048.130615,119.695076
0.742,10.979875,1672.001587,29.380136,18.003241,1631.614136,130.137238,-68.741234,1602.562012,49.933903,27.678915,1405.299683,-77.768372,88.118759,1232.012451,-123.917297,-27.129929,1226.80127,-127.426041,-2.324594,1288.157715,147.397568,190.365601,1310.515015,-80.314659,164.725235,1402.241821,59.097324,262.294037,1239.466187,136.689041,277.168549,1211.889648,254.006866,271.05481,1215.260864,507.225281,177.0513,1216.944092,520.475769,278.947815,1204.957886,582.054016,-113.993729,1304.262817,-98.159241,-114.406609,1395.794922,50.243889,-214.400787,1267.16394,110.004387,-213.01506,1210.25061,255.666794,-193.439957,1196.271484,513.743347,-98.917435,1212.873413,502.122162,-191.470245,1197.150757,576.740234,165.99379,1031.586792,113.769783,168.476364,1053.691772,-84.804924,-102.375267,1062.244751,-96.287056,-107.052139,1047.955322,119.254745
0.75,11.074954,1671.827148,28.856789,18.029928,1631.494751,129.663956,-68.686035,1602.334106,49.634693,27.926352,1405.012085,-78.160118,88.466225,1231.58667,-124.089043,-26.780277,1226.446167,-127.787682,-2.618996,1287.868164,147.020615,190.618927,1310.127808,-80.39473,164.859177,1401.88855,59.058193,261.233612,1238.375,136.727997,276.259644,1210.850098,253.951721,270.576996,1213.25708,506.943451,176.597443,1214.960693,520.359192,278.510406,1202.459473,581.842651,-113.691452,1303.935547,-98.790298,-114.554222,1395.538208,49.842056,-214.56987,1266.507446,109.054283,-214.016678,1209.443604,254.467545,-193.907928,1194.651855,512.479492,-99.39473,1210.915527,500.750244,-191.869156,1195.177734,575.664734,165.796158,1031.589233,114.23204,168.913208,1053.434082,-84.405518,-101.823753,1061.702759,-96.928436,-107.475533,1047.799927,118.754982
0.758,11.153744,1671.790039,28.292913,18.042276,1631.521851,129.09729,-68.645096,1602.384888,48.939602,28.211563,1404.824829,-78.489449,88.716194,1231.326294,-124.156006,-26.473545,1226.199341,-128.016373,-2.918233,1287.689575,146.646622,190.806427,1309.852539,-80.434776,165.036606,1401.690063,58.994057,260.432343,1237.537476,136.492096,275.482758,1210.043701,253.774017,270.002502,1211.584839,506.663025,176.073563,1213.391968,520.253052,277.965454,1200.417236,581.57428,-113.361748,1303.719482,-99.385864,-114.670311,1395.250732,49.215996,-214.719391,1266.070679,108.299515,-214.979553,1208.687866,253.392334,-186.732285,1187.911499,503.654846,-99.880486,1209.173096,499.22467,-192.26239,1193.488281,574.543762,165.592194,1031.708496,114.809662,169.307556,1053.338379,-84.020416,-101.42408,1061.388672,-97.306175,-107.805191,1047.804932,118.370865
0.767,11.216859,1671.873413,27.587465,18.037369,1631.747314,128.534821,-68.606102,1602.503296,48.241112,28.429878,1404.782593,-78.755325,88.946831,1231.191284,-124.154617,-26.204725,1226.081787,-128.236649,-3.214993,1287.661499,146.25531,190.99379,1309.737793,-80.506798,165.240311,1401.677124,58.915199,260.011688,1236.953491,136.300949,274.739441,1209.34436,253.577469,269.397705,1210.2323,506.526123,175.414154,1212.212158,519.894409,277.270996,1198.660889,581.362915,-113.05661,1303.602051,-99.887489,-114.761566,1395.174316,48.675228,-214.932617,1265.82373,107.394669,-215.92424,1208.06897,252.456223,-186.300537,1186.074951,501.633057,-100.156479,1207.712769,497.665649,-192.428696,1191.935303,573.48822,165.343384,1031.953369,115.446434,169.689224,1053.386475,-83.50679,-101.098351,1061.27002,-97.596832,-108.061127,1047.939453,118.075531
0.775,11.266176,1672.091309,26.937288,18.026274,1632.096313,127.855476,-68.581841,1602.768188,47.709484,28.62203,1404.869507,-78.961113,89.137016,1231.19458,-124.137741,-25.923176,1226.105835,-128.4534,-3.483753,1287.814941,145.952362,191.160492,1309.723755,-80.517464,165.452301,1401.801636,58.842239,260.046783,1236.738037,136.184814,274.355408,1208.977295,253.524902,268.745667,1209.12793,506.508423,174.694092,1211.321167,519.769775,276.278168,1197.084351,581.379395,-112.819862,1303.683594,-100.334518,-114.884071,1395.210938,48.290966,-215.114227,1265.77417,106.62014,-217.108734,1207.817505,251.545486,-186.655762,1185.366699,500.603088,-100.297714,1206.616821,496.105743,-192.275833,1190.723999,572.511841,165.1035,1032.321411,116.07959,170.019348,1053.549927,-82.925255,-100.804695,1061.288452,-97.792046,-108.226013,1048.125854,117.800468
0.783,11.280393,1672.456543,26.233437,17.98361,1632.628418,127.219246,-68.572693,1603.138184,47.234447,28.814537,1405.080322,-79.166718,89.317543,1231.316406,-124.078506,-25.64398,1226.23877,-128.600266,-3.755358,1288.128296,145.683411,191.308655,1309.85498,-80.483009,165.626129,1402.130371,58.828121,260.30304,1236.820679,136.125214,274.008759,1208.770264,253.53154,267.935791,1208.274902,506.530884,173.96286,1210.784058,519.721802,275.414185,1196.014526,581.302673,-112.628113,1303.84729,-100.667809,-114.96582,1395.473389,47.857742,-215.283066,1265.937866,105.916084,-218.359253,1207.674072,250.695831,-186.684616,1184.895264,499.788757,-100.26712,1205.92749,494.589691,-191.604721,1189.736816,571.571045,164.927673,1032.791504,116.750404,170.287323,1053.871094,-82.398254,-100.579109,1061.50769,-97.932411,-108.315117,1048.40686,117.584305
0.792,11.27852,1672.887939,25.455116,17.989536,1633.382812,126.553253,-68.558884,1603.591431,46.75235,29.006601,1405.42981,-79.357239,89.487099,1231.570557,-123.965294,-25.409113,1226.49646,-128.707489,-3.974277,1288.712402,145.538193,191.438278,1310.144409,-80.357895,165.753006,1402.614624,58.846027,260.818848,1237.20459,136.184433,273.746887,1208.826782,253.598541,267.172485,1207.620117,506.413055,173.301727,1210.37915,519.535034,274.607697,1195.279663,581.289246,-112.39492,1304.187866,-100.956879,-115.036598,1395.839355,47.532562,-215.491623,1266.342407,105.291245,-219.711761,1207.671143,249.77504,-186.267593,1184.611572,498.722748,-100.002365,1205.713135,492.928955,-190.733398,1188.953247,570.193237,164.790268,1033.383667,117.43811,170.523468,1054.30188,-81.802803,-100.326721,1061.887207,-98.068085,-108.390648,1048.804443,117.418007
0.8,11.27222,1673.424316,24.617146,17.932419,1634.253296,125.742462,-68.545593,1604.247925,45.879864,29.184263,1405.918091,-79.463821,89.696899,1231.995972,-123.798546,-25.146927,1226.87561,-128.749222,-4.324021,1289.343262,145.391388,191.586899,1310.645386,-80.199425,165.780746,1403.263916,58.901962,261.478546,1237.803223,136.274902,273.595123,1209.263184,253.822571,266.563721,1207.340088,506.55722,172.663528,1210.200195,519.564392,273.905426,1194.810425,581.479004,-112.15374,1304.605591,-101.124359,-115.135445,1396.306519,47.269169,-215.803284,1266.900879,104.700272,-221.348251,1207.926514,248.890381,-185.686874,1184.886719,497.78067,-99.606224,1206.057861,491.112091,-189.519791,1188.626099,568.984253,164.560547,1034.081665,118.040245,170.733551,1054.884277,-81.273979,-100.142982,1062.404053,-98.017563,-108.446594,1049.36792,117.271255
0.808,11.325294,1674.18103,23.685156,17.779478,1635.272461,124.910103,-68.586983,1605.006592,44.816196,29.288744,1406.430176,-79.481766,89.880783,1232.567261,-123.514427,-24.908161,1227.415405,-128.698639,-4.710225,1290.192017,145.376022,191.6931,1311.288208,-79.97187,165.68248,1404.064331,58.998322,262.137421,1238.751953,136.436249,273.463074,1209.904907,254.07309,266.024658,1207.373169,506.718048,172.077393,1210.206909,519.627136,273.102905,1194.72937,581.674561,-111.912544,1305.151245,-101.394707,-115.25502,1396.960205,46.964222,-216.118942,1267.593872,104.011734,-223.163528,1208.357422,248.103775,-184.802322,1185.771851,496.913605,-98.899612,1207.178589,489.068451,-188.083725,1188.752319,567.871765,164.325394,1034.931396,118.657005,170.940781,1055.593506,-80.708748,-99.961456,1063.017578,-97.928329,-108.477211,1049.974609,117.255562
0.817,11.300072,1674.91748,22.710649,17.520706,1636.386841,124.056969,-68.589607,1605.831177,44.168076,29.395418,1407.080566,-79.390366,90.139038,1233.35376,-123.269066,-24.664816,1228.195068,-128.664536,-4.911684,1291.256592,145.44136,191.738785,1312.113281,-79.670235,165.542831,1404.984497,59.164787,262.704987,1239.777954,136.680832,273.548157,1210.635254,254.373825,265.497284,1207.636353,506.997955,171.503952,1210.345947,519.799561,272.428558,1194.901489,581.995117,-111.739784,1305.751587,-101.491478,-115.339973,1397.624023,46.828491,-216.547012,1268.346802,103.560257,-225.151688,1208.967651,247.305862,-183.30246,1186.769409,496.237366,-97.798134,1208.882202,486.92099,-186.223755,1189.087524,566.21582,164.176315,1035.784424,119.246193,171.064468,1056.51355,-80.195717,-99.821014,1063.775146,-97.808601,-108.439552,1050.565186,117.193443
0.825,11.170966,1675.734253,21.57728,17.414171,1637.700806,123.248329,-68.629425,1606.774292,43.621853,29.474651,1407.809692,-79.253036,90.377586,1234.247925,-122.928963,-24.378239,1228.911011,-128.443619,-5.156604,1292.220947,145.553879,191.84285,1313.10022,-79.257591,165.298645,1405.95166,59.467152,263.180054,1241.213379,137.147797,273.325348,1211.783813,254.684265,264.948181,1208.154785,507.324921,171.010849,1210.775879,520.100281,271.843384,1195.292847,582.365234,-111.510674,1306.504883,-101.455933,-115.435318,1398.371582,46.513756,-217.118118,1269.357056,102.810059,-227.340302,1209.662109,246.652832,-182.010605,1188.445068,495.229797,-96.370544,1211.326416,484.679626,-183.673935,1189.645142,564.690674,163.927658,1036.767822,119.765442,171.310547,1057.611084,-79.620605,-99.663704,1064.732544,-97.527428,-108.378059,1051.356323,117.11129
0.833,11.180781,1676.579712,20.448105,17.240137,1639.083862,122.36718,-68.705902,1607.767212,42.593784,29.57976,1408.650391,-79.015137,90.568672,1235.188843,-122.52803,-24.086969,1229.81604,-128.212601,-5.343046,1293.287598,145.767792,191.964127,1314.118774,-78.751648,165.043564,1407.098877,59.840923,263.553406,1242.526245,137.685211,273.46463,1213.170654,255.113388,264.619171,1208.905029,507.750702,170.607483,1211.46814,520.530823,271.375885,1195.899048,582.794434,-111.281387,1307.350464,-101.468948,-115.56884,1399.34314,46.538925,-218.119934,1270.435669,102.114418,-229.679779,1210.532104,245.933319,-179.914108,1190.562378,494.165833,-94.799202,1214.412964,482.13324,-180.764023,1190.596313,563.002747,163.677933,1037.731445,120.278038,171.499161,1058.726074,-79.084595,-99.462387,1065.672607,-97.401375,-108.396461,1052.359375,117.212006
0.842,11.173695,1677.456909,19.313271,17.150143,1640.62085,121.474701,-68.688194,1608.808472,41.994549,29.64835,1409.528687,-78.685341,90.847412,1236.229614,-122.091301,-23.826521,1230.820679,-127.971214,-5.576659,1294.479858,146.039246,192.072205,1315.33252,-78.12249,164.617142,1408.195312,60.326271,263.610687,1244.022461,138.426071,273.247864,1214.475098,255.732925,264.320129,1209.892334,508.193085,170.255341,1212.277222,520.870239,270.992126,1196.625366,583.328369,-111.07357,1308.141113,-101.460068,-115.719788,1400.218872,46.345615,-218.96936,1271.443237,101.428787,-232.258041,1211.52063,245.375046,-177.649139,1193.057251,493.195496,-93.048691,1218.179688,479.193512,-177.082504,1192.032349,561.379761,163.528717,1038.69873,120.63884,171.765656,1059.991943,-78.576065,-99.289917,1066.677002,-97.168716,-108.524422,1053.400146,117.197296
0.85,11.067402,1678.39917,18.177095,17.107841,1642.203613,120.565842,-68.818665,1609.945312,41.19075,29.773319,1410.437622,-78.280403,91.084366,1237.467773,-121.497543,-23.488308,1231.861572,-127.632561,-5.713122,1295.652954,146.346176,192.154495,1316.474243,-77.430962,164.335144,1409.445312,60.911255,263.555267,1245.553345,138.944077,273.045837,1216.005005,256.19751,263.995117,1210.906982,508.830261,169.944321,1213.319092,521.384521,270.660309,1197.532715,584.022461,-110.803444,1309.171875,-101.443634,-115.869034,1401.166626,46.373569,-219.838928,1272.818848,100.616936,-235.054703,1212.773071,244.835526,-174.954117,1196.362793,492.134827,-91.790405,1222.458984,475.135712,-172.994644,1193.81311,559.576233,163.36647,1039.773438,121.005585,171.878006,1061.328003,-78.102585,-99.092461,1067.884521,-96.975327,-108.525887,1054.462036,117.384796
0.858,11.04002,1679.279297,16.920074,16.970135,1643.777832,119.537193,-69.051605,1611.064819,39.802658,29.865021,1411.463013,-77.79821,91.372261,1238.624268,-120.913582,-23.226662,1232.957886,-127.313271,-5.984538,1296.821411,146.745895,192.213913,1317.758423,-76.74279,164.01561,1410.612915,61.452599,263.206604,1247.051758,139.770111,272.993103,1217.636841,257.067444,263.719635,1212.028564,509.4505,169.714249,1214.343384,521.937805,270.273804,1198.567383,584.753174,-110.617554,1310.074707,-101.208679,-116.003838,1402.321777,46.18716,-220.840332,1274.094971,100.114029,-237.674881,1213.748901,244.332855,-171.981186,1199.886719,490.929962,-89.737938,1227.78125,471.561462,-168.489288,1196.615967,557.472473,163.30336,1040.88562,121.242287,172.023315,1062.62146,-77.595161,-98.92939,1069.046387,-96.658585,-108.571472,1055.497192,117.438805
0.867,11.021185,1680.182251,15.652412,16.752871,1645.530151,118.48954,-69.137131,1612.074341,39.104664,29.900436,1412.470703,-77.285851,91.569977,1239.841064,-120.356247,-22.92396,1234.205322,-126.87442,-6.198694,1298.003052,147.140121,192.271591,1319.01416,-75.934082,163.728195,1411.856445,62.197121,262.738525,1248.476807,140.668991,272.665924,1218.94458,257.754211,263.387695,1213.412964,510.256287,169.463165,1215.572388,522.754578,270.049896,1199.809814,585.470642,-110.351204,1311.119507,-101.023277,-116.20462,1403.387573,46.31567,-221.732697,1275.246704,99.607094,-240.412949,1214.808838,243.787048,-168.604233,1204.19397,489.510284,-87.381187,1234.143066,467.355774,-163.014313,1199.953979,555.078796,163.184097,1041.849487,121.515488,172.175842,1064.046753,-77.136322,-98.680191,1070.282959,-96.352249,-108.664032,1056.716553,117.625412
0.875,10.947263,1681.053589,14.366195,16.532223,1647.227539,117.450569,-69.301743,1613.310059,38.367592,30.008022,1413.497925,-76.692429,91.763695,1241.155151,-119.652725,-22.610943,1235.306641,-126.352684,-6.418923,1299.122559,147.593643,192.414261,1320.28894,-74.987473,163.427307,1413.020996,62.937237,262.209106,1249.869751,141.464081,272.726074,1220.639404,258.602783,263.199799,1214.644165,511.082825,169.137589,1216.845825,523.569153,269.748566,1201.132446,586.359802,-110.107796,1312.189209,-100.757927,-116.442413,1404.538574,46.531067,-222.683105,1276.689819,98.978897,-243.142319,1215.821045,243.416977,-165.172409,1208.775024,488.004944,-85.499687,1241.170166,463.035645,-157.384506,1203.625,552.25769,163.075119,1042.912231,121.81012,172.316513,1065.476929,-76.660217,-98.519157,1071.576538,-96.205269,-108.7061,1057.665771,117.69883
0.883,10.841803,1681.969238,13.0046,16.263361,1649.003662,116.347954,-69.45459,1614.376221,37.439415,30.055363,1414.539795,-75.930946,92.038063,1242.388428,-118.906883,-22.400791,1236.63916,-125.879379,-6.553122,1300.170288,148.024094,192.371155,1321.539429,-74.027374,163.042145,1414.241455,63.843384,261.715881,1251.194824,142.445892,272.318115,1221.996826,259.429474,263.097168,1216.18103,512.007874,168.901703,1218.111084,524.413635,269.499756,1202.57251,587.259888,-109.831009,1313.251465,-100.379303,-116.656067,1405.828003,46.755009,-223.950256,1277.979492,98.38559,-245.756149,1216.863037,243.078644,-161.372894,1213.858521,486.245422,-83.332825,1249.095215,458.356628,-151.174957,1207.825195,549.118958,163.031265,1043.843872,122.027702,172.377747,1066.846558,-76.1483,-98.373299,1072.861572,-95.933052,-108.658844,1058.754761,117.935204
0.892,10.776917,1682.754272,11.570748,16.089697,1650.767334,115.341034,-69.578636,1615.432007,36.905899,30.056728,1415.588867,-75.020309,92.107979,1243.712158,-118.195358,-22.124422,1237.793579,-125.246376,-6.751491,1301.187256,148.571823,192.386688,1322.813477,-73.069458,162.760742,1415.431885,64.622292,261.237122,1252.396973,143.462219,272.136932,1223.263916,260.343262,262.834625,1217.678467,512.816284,168.749237,1219.352661,525.319336,269.288666,1204.160767,588.234619,-109.70018,1314.389038,-99.977966,-116.834969,1406.95166,47.197201,-225.328079,1279.181519,97.755005,-248.269272,1217.683472,242.769455,-157.380951,1219.2677,484.412109,-81.203163,1258.080566,453.507538,-144.562714,1212.536133,545.273865,163.044418,1044.787964,122.271988,172.517075,1068.218018,-75.675819,-98.249939,1074.134644,-95.559677,-108.658165,1059.632202,118.0737
0.9,10.436118,1683.545166,10.071772,15.92616,1652.580078,114.293297,-69.760666,1616.553223,36.070763,30.02725,1416.589478,-74.214272,92.222366,1244.972778,-117.452911,-21.907162,1239.088501,-124.540993,-7.041666,1302.223389,149.124115,192.3069,1323.959106,-71.984886,162.506348,1416.551514,65.616928,260.935211,1253.596924,144.516418,272.00061,1224.685181,261.339996,262.658173,1219.108521,513.871582,168.62178,1220.601074,526.137024,269.080719,1205.767944,589.271667,-109.476578,1315.512817,-99.536507,-117.095245,1408.128052,47.675755,-226.589676,1280.464478,97.205086,-250.403549,1218.374268,242.558472,-153.033829,1225.11438,482.374603,-79.197906,1267.775513,448.48645,-137.55072,1217.853149,541.13147,163.06282,1045.602173,122.566711,172.55191,1069.52832,-75.260292,-98.139412,1075.480591,-95.243576,-108.811539,1060.641724,118.505821
0.908,10.188191,1684.161743,8.738611,15.714192,1654.386841,113.189667,-69.928886,1617.47998,35.411858,30.009851,1417.585327,-73.232079,92.328674,1246.265259,-116.596916,-21.797539,1240.281616,-123.869476,-7.25347,1303.073364,149.753906,192.295319,1325.167725,-70.901115,162.2509,1417.656494,66.606209,260.697998,1254.793091,145.469742,272.081482,1225.858398,262.356812,262.567871,1220.599731,514.857239,168.528931,1221.943481,527.150391,268.947876,1207.476318,590.33252,-109.190147,1317.080444,-100.964348,-117.389153,1409.419556,48.10284,-227.976761,1281.534424,96.938492,-252.179138,1218.828857,242.411377,-148.406525,1230.918457,479.92746,-77.617233,1277.892578,443.137695,-130.200775,1223.70813,536.470764,163.052002,1046.362793,122.790894,172.699921,1070.855103,-74.755486,-97.975655,1076.79187,-94.890945,-108.669594,1061.376831,118.750534
0.917,9.988462,1684.852417,7.270501,15.351181,1656.006836,112.065674,-70.168655,1618.337402,34.832825,30.030262,1418.615601,-72.249886,92.425972,1247.480957,-115.763191,-21.729546,1241.5896,-123.146828,-7.572247,1304.012939,150.430542,192.184387,1326.263916,-69.81369,161.989532,1418.673218,67.604652,260.676819,1255.901733,146.569046,271.937164,1227.166016,263.443298,262.45105,1222.011963,515.809937,168.410736,1223.208984,528.091187,268.781677,1209.046021,591.398499,-109.147285,1317.981567,-99.673439,-117.610435,1410.470703,48.612171,-229.116409,1282.565308,96.552254,-253.816788,1219.283691,242.467987,-143.294479,1237.069092,476.816772,-76.245964,1288.522339,437.492737,-122.452362,1230.303101,531.699402,163.062607,1047.035645,123.081001,172.71701,1072.089111,-74.297829,-97.952072,1078.106689,-94.468735,-108.507614,1062.257202,119.164612
0.925,9.787492,1685.366577,5.946023,14.963687,1657.741821,110.938744,-70.506477,1619.278076,33.648701,29.956522,1419.550659,-71.271591,92.452637,1248.634766,-114.91243,-21.675829,1242.733154,-122.361359,-7.772522,1304.780151,151.140015,192.079315,1327.45105,-68.704292,161.68718,1419.782227,68.746925,260.694336,1256.966309,147.696243,271.974731,1228.250244,264.478149,262.395935,1223.469849,516.848389,168.309067,1224.532715,529.098572,268.687866,1210.741089,592.436829,-109.243393,1318.822998,-97.816742,-117.802612,1411.600586,49.118271,-230.081604,1283.518799,96.172058,-255.009628,1219.579712,242.579071,-138.162231,1243.526733,473.939789,-75.253708,1299.66748,431.451508,-114.312431,1237.227783,526.117188,163.101089,1047.654907,123.393028,172.812866,1073.34314,-73.89035,-97.938721,1079.411743,-94.002586,-108.384956,1062.911011,119.485191
0.933,9.5791,1685.852783,4.695579,14.661649,1659.281128,109.898331,-70.770042,1620.090698,32.564587,29.949192,1420.56897,-70.174301,92.409546,1249.880981,-114.141136,-21.650217,1243.970825,-121.560394,-7.910683,1305.502563,151.931641,191.995071,1328.528687,-67.563347,161.336334,1420.664795,69.896797,260.814423,1258.045776,148.719299,272.104584,1229.509033,265.575806,262.253265,1224.707397,517.967041,168.175858,1225.800781,530.073792,268.542664,1212.219727,593.522278,-109.150475,1320.146606,-98.530762,-117.886909,1412.750488,49.684875,-231.019501,1284.459106,96.235535,-255.832047,1219.706177,242.82666,-132.749374,1250.335449,470.99173,-74.948639,1310.255859,425.214325,-106.02787,1244.581543,520.516235,163.207672,1048.26001,123.690369,172.825699,1074.605591,-73.392403,-97.922707,1080.645386,-93.524185,-108.232368,1063.641846,119.994377
0.942,9.261456,1686.262695,3.367826,14.419764,1660.953857,108.916588,-71.0951,1620.734741,32.192505,29.79958,1421.452271,-69.235741,92.436531,1251.062866,-113.315384,-21.660494,1245.12439,-120.854599,-8.067642,1306.233643,152.799423,191.892075,1329.673218,-66.452919,160.952698,1421.544678,71.040749,260.823975,1259.265503,149.749298,272.175934,1230.633301,266.500793,262.222076,1226.088623,518.945496,168.066147,1227.02832,530.958496,268.358521,1213.662964,594.630737,-109.03907,1321.195679,-97.804642,-118.004448,1413.744751,50.256535,-231.690598,1285.155151,96.368668,-256.359802,1219.852295,243.21788,-126.811874,1257.167603,465.572418,-75.144836,1320.737915,419.014801,-97.568359,1252.609253,514.656982,163.23082,1048.69165,123.898666,172.916824,1075.700928,-73.017914,-97.915184,1081.871094,-92.914146,-108.075363,1064.179321,120.423935
0.95,8.817618,1686.575317,2.019694,14.160953,1662.308716,107.906403,-71.363716,1621.368286,31.810663,29.706621,1422.31897,-68.135719,92.42942,1252.127563,-112.496033,-21.750408,1246.241455,-119.996246,-8.253054,1306.871704,153.587814,191.739334,1330.690063,-65.410866,160.634872,1422.409424,72.166504,260.954102,1260.243042,150.665741,272.402649,1231.765869,267.55545,262.149567,1227.33606,519.894348,168.018967,1228.177246,531.892212,268.206543,1215.147217,595.567627,-109.251915,1321.831787,-95.618462,-118.101273,1414.773071,51.076344,-232.118057,1285.787109,96.709999,-256.522827,1220.010376,243.694153,-121.297981,1264.201294,461.200165,-76.027435,1330.813843,412.834808,-88.906471,1261.003052,508.505646,163.140106,1049.014282,123.88118,172.882309,1076.953003,-72.612099,-97.945267,1083.018188,-92.260445,-107.694786,1064.672607,120.874306
0.958,8.445747,1686.850342,0.69785,13.692629,1663.72644,106.844887,-71.701355,1621.996582,31.177261,29.642645,1423.191895,-67.156815,92.303383,1253.254761,-111.687256,-21.793209,1247.209717,-119.152817,-8.477282,1307.487183,154.360413,191.588577,1331.680542,-64.286247,160.382187,1423.26001,73.171234,261.014679,1261.318237,151.801117,272.733521,1232.860474,268.525208,262.167297,1228.558838,520.814209,167.968399,1229.188843,532.605408,268.024719,1216.48999,596.500488,-109.178322,1322.983276,-95.891808,-118.184769,1415.718628,51.817528,-232.255753,1286.310791,97.178658,-256.265808,1220.180908,244.372375,-116.104858,1271.532959,457.107117,-76.822655,1340.619507,406.875671,-80.350464,1269.65918,502.14624,163.120697,1049.336792,124.108192,172.879044,1077.986084,-72.252724,-98.005356,1084.10083,-91.677452,-107.496887,1065.080078,121.461632
0.967,8.132288,1687.130737,-0.488815,13.245615,1664.923828,105.832382,-72.044563,1622.449951,30.65575,29.541458,1424.011719,-66.074066,92.209877,1254.185181,-110.988228,-21.871569,1248.245483,-118.335884,-8.712561,1308.032227,155.164703,191.429321,1332.712524,-63.313171,160.004013,1424.135132,74.278496,261.086731,1262.30603,152.747925,273.010895,1234.03772,269.503082,262.140015,1229.736206,521.690918,167.859909,1230.070312,533.299011,267.809448,1217.678223,597.509033,-109.217941,1323.917236,-95.39666,-118.263573,1416.625,52.457989,-232.02739,1286.798096,97.842583,-255.647507,1220.407471,245.218613,-111.01503,1278.873535,452.769318,-78.323799,1349.714233,401.346313,-71.762985,1278.74292,495.709625,163.07608,1049.613159,124.337784,172.884048,1079.157837,-71.953613,-98.162209,1085.236206,-91.117203,-107.290535,1065.364502,121.962029
0.975,7.830908,1687.315674,-1.570478,12.868224,1666.228516,104.937813,-72.49144,1622.914429,30.081102,29.392059,1424.729126,-65.124985,92.097572,1255.261475,-110.283691,-22.010229,1249.219116,-117.604172,-8.994372,1308.545898,156.001266,191.265305,1333.548462,-62.336559,159.670456,1424.848511,75.222336,261.067169,1263.27002,153.513138,273.281097,1234.956787,270.19635,262.158325,1230.869141,522.516602,167.796326,1230.98877,534.077942,267.687775,1218.948608,598.252319,-109.347794,1324.723389,-94.722023,-118.392609,1417.368408,53.299702,-231.515839,1287.186279,98.727715,-254.647827,1220.603027,246.255417,-106.167389,1286.260376,448.6409,-80.076912,1358.567627,396.586212,-63.546204,1288.164307,489.413452,163.070038,1049.869751,124.519585,172.786285,1080.083618,-71.595009,-98.234138,1086.189697,-90.448296,-107.065796,1065.643799,122.574059
0.983,7.489041,1687.434814,-2.64357,12.503797,1667.268555,104.049644,-72.885025,1623.246948,29.643221,29.161516,1425.42395,-64.19915,92.087959,1256.145874,-109.55587,-22.16942,1249.979126,-116.80941,-9.02146,1309.008179,156.828354,191.133087,1334.48877,-61.478455,159.333862,1425.460693,76.133064,260.998413,1264.3302,154.311203,273.580231,1235.869263,270.980255,262.09845,1231.793335,523.316284,167.734024,1231.59314,534.605591,267.606293,1220.093262,599.071533,-109.638847,1325.114014,-92.707787,-118.522591,1418.03418,54.030704,-230.824295,1287.428711,99.718391,-253.155167,1220.848022,247.533936,-101.414429,1293.462769,444.667938,-81.718513,1367.138794,392.035217,-55.67247,1297.79895,483.127777,163.053131,1050.020752,124.666946,172.746674,1081.067261,-71.333206,-98.360909,1087.090576,-89.830383,-106.842155,1065.86084,123.145195
0.992,6.902533,1687.555664,-3.986063,12.13411,1668.319458,103.15567,-73.269684,1623.524048,29.137915,28.957485,1426.141479,-63.336277,91.980194,1256.893066,-108.918823,-22.285301,1250.793701,-116.110489,-9.23767,1309.242065,157.54837,190.957703,1335.346802,-60.644772,159.029221,1426.120117,77.094711,261.071716,1265.022705,154.920563,273.916626,1236.72583,271.742157,262.036682,1232.642822,524.043579,167.700775,1232.119507,535.165527,267.447815,1221.044434,599.844238,-109.803284,1325.955444,-92.670883,-118.657593,1418.616211,54.890728,-229.895508,1287.630737,100.853096,-251.444672,1221.224487,248.920486,-96.929993,1300.302979,441.096161,-83.637413,1375.016479,388.428436,-48.160667,1307.500366,477.085114,163.057144,1050.141846,124.79364,172.797562,1082.03125,-71.04467,-98.577744,1087.99707,-89.131172,-106.617653,1066.000122,123.629082
1.0,6.418596,1687.640015,-4.97239,11.577106,1669.311768,102.278969,-73.609756,1623.765503,28.765003,28.705776,1426.697021,-62.596085,91.812485,1257.640137,-108.270035,-22.456896,1251.46875,-115.420242,-9.590805,1309.434937,158.271576,190.682755,1335.986572,-59.913197,158.794327,1426.648682,77.871162,261.093811,1265.817383,155.632919,274.216766,1237.599365,272.37915,262.125671,1233.526855,524.684937,167.710464,1232.57312,535.750916,267.389923,1221.782715,600.610291,-109.883537,1326.621338,-92.459984,-118.700821,1419.207642,55.579292,-228.872009,1287.799072,102.198517,-249.287094,1221.516235,250.414581,-92.528114,1307.085938,437.95163,-85.748337,1382.314453,385.922058,-41.274414,1317.406616,471.283966,163.056305,1050.243896,124.927185,172.679504,1082.775513,-70.790993,-98.664925,1088.682983,-88.506493,-106.380417,1066.126221,124.175484
1.008,6.018727,1687.68689,-5.768805,11.108218,1670.089355,101.469948,-73.936768,1623.975464,28.563208,28.470217,1427.193115,-61.878498,91.62693,1258.37146,-107.8246,-22.649855,1252.118896,-114.878227,-9.322115,1309.604004,158.779648,190.488266,1336.698608,-59.284126,158.57048,1427.130371,78.520035,261.215698,1266.466309,156.240189,274.505646,1238.335815,272.988525,262.22876,1234.116699,525.188599,167.71759,1233.013306,536.294739,267.446106,1222.552002,601.168457,-110.188179,1327.088745,-91.675911,-118.792961,1419.699585,56.312401,-227.957733,1287.987061,103.617645,-246.805496,1221.695679,252.280441,-87.945183,1313.289429,434.806091,-87.815086,1389.517334,383.404175,-35.108871,1326.993774,465.890869,163.102142,1050.320679,125.029984,172.575516,1083.490845,-70.597099,-98.815231,1089.398682,-87.866592,-106.095688,1066.309692,124.795746
1.017,5.641708,1687.730713,-6.600479,10.644849,1670.906982,100.812263,-74.321983,1624.328857,28.036089,28.21167,1427.671753,-61.301441,91.465317,1258.980225,-107.358208,-22.807375,1252.625732,-114.279877,-9.339555,1310.359985,159.182922,190.255264,1337.31665,-58.757874,158.317841,1427.692749,79.125237,261.404663,1267.052734,156.669174,274.641541,1238.959473,273.388367,262.311279,1234.665283,525.596619,167.7854,1233.352905,536.677551,267.519623,1223.174927,601.522339,-110.467728,1327.536621,-91.026131,-118.895409,1420.327759,56.862469,-226.860336,1288.171265,105.161858,-244.004272,1221.95874,254.198395,-83.808304,1319.468262,432.453796,-90.176544,1396.041992,382.158264,-29.747234,1336.475586,460.788879,163.179169,1050.376953,125.093567,172.531265,1084.219604,-70.382179,-99.008286,1090.140991,-87.380211,-105.79953,1066.42688,125.265671
1.025,5.192882,1687.741455,-7.248249,10.317104,1671.780762,100.145203,-74.696587,1624.557129,27.577044,27.920292,1428.17749,-60.807789,91.302505,1259.494873,-106.977951,-23.028214,1253.118774,-113.836349,-10.035271,1310.358276,160.026276,190.068878,1337.862671,-58.346722,158.117798,1428.13208,79.603912,261.461975,1267.670166,156.966492,274.822144,1239.473877,273.711365,262.459076,1235.102051,526.006958,167.889755,1233.643555,537.019165,267.608215,1223.681885,601.932495,-110.75695,1327.893433,-90.47184,-118.935959,1420.813721,57.405128,-225.913193,1288.302246,106.616394,-240.947281,1222.193726,256.18161,-80.085434,1325.591309,430.615143,-92.594231,1401.960327,382.381378,-25.099943,1345.502441,456.98291,163.296463,1050.434448,125.144302,172.481369,1084.791138,-70.200943,-99.160454,1090.649292,-86.886948,-105.553528,1066.551392,125.668152
1.033,4.747366,1687.744385,-7.994693,9.863384,1672.410278,99.532021,-75.154861,1624.726807,27.104532,27.686794,1428.537842,-60.39645,91.120491,1259.946411,-106.713974,-23.278374,1253.520752,-113.362526,-10.014935,1310.551636,160.496078,189.881195,1338.313599,-58.021301,157.933929,1428.555908,79.992455,261.600616,1268.208008,157.237839,275.041138,1239.960083,274.043427,262.600616,1235.389648,526.30011,168.064346,1233.868896,537.355469,267.768677,1223.970581,602.233093,-111.21315,1327.858154,-88.328011,-118.969124,1421.257324,57.994312,-224.866425,1288.445312,108.215019,-237.622452,1222.331543,258.179504,-76.836327,1331.413086,429.207031,-95.34993,1407.634644,382.854797,-21.398357,1354.247314,452.637817,163.438583,1050.499146,125.182449,172.39418,1085.283569,-70.052269,-99.341125,1091.142822,-86.469177,-105.268982,1066.697876,126.062584
1.042,4.221882,1687.793579,-8.639875,9.349492,1672.838867,98.932137,-75.529892,1624.87146,26.844635,27.459293,1428.825073,-60.064201,90.871353,1260.409912,-106.508003,-23.549398,1253.903931,-112.924538,-9.740488,1310.900146,160.855713,189.684998,1338.756958,-57.739704,157.773254,1428.920776,80.281174,261.680206,1268.609375,157.426102,274.980591,1240.293579,274.25116,262.812561,1235.585938,526.538269,168.295166,1234.053833,537.66925,267.981903,1224.093384,602.444153,-111.518745,1328.217163,-88.012489,-118.921486,1421.699707,58.375202,-223.928085,1288.446289,109.720596,-234.025085,1222.370483,260.222931,-74.018456,1336.741333,428.393158,-97.98629,1412.434448,384.468719,-18.596077,1362.176392,449.199982,163.60379,1050.554199,125.192314,172.304657,1085.68689,-70.009842,-99.506798,1091.598145,-86.022835,-104.953056,1066.810547,126.478462
1.05,3.809008,1687.868408,-9.16769,8.853456,1673.255493,98.452499,-75.932343,1624.983154,26.548752,27.168093,1429.109253,-59.90168,90.59375,1260.766724,-106.328621,-23.898722,1254.235107,-112.681,-9.706258,1311.161865,161.17569,189.474182,1339.130249,-57.553688,157.627319,1429.230591,80.526726,261.712555,1268.896851,157.55011,275.050323,1240.58667,274.39563,262.991699,1235.669189,526.605042,168.589157,1234.127319,537.829773,268.220093,1224.146118,602.526245,-111.7295,1328.605469,-88.648758,-118.949455,1422.061768,58.844635,-222.909668,1288.421387,111.37162,-229.919907,1222.340942,262.30069,-71.495987,1341.702393,428.58606,-100.993149,1416.498413,387.671844,-16.327864,1369.528809,446.875458,163.791595,1050.639893,125.180199,172.258926,1086.034058,-69.964584,-99.625626,1091.996338,-85.718849,-104.628357,1066.949951,126.795647
1.058,3.4261,1687.922729,-9.559393,8.451284,1673.665039,98.059326,-76.283295,1625.06189,26.299456,26.92193,1429.303467,-59.714706,90.338814,1261.03833,-106.268173,-24.19133,1254.45459,-112.42749,-9.668624,1311.387817,161.453522,189.292542,1339.447388,-57.501041,157.520279,1429.48999,80.646812,261.691528,1269.089355,157.588974,274.96759,1240.664062,274.332886,263.177307,1235.678101,526.608093,168.845413,1234.121582,537.91394,268.488953,1224.132324,602.480713,-111.986153,1328.833252,-88.497406,-119.100967,1422.35144,59.299416,-221.881851,1288.373901,112.899078,-225.758606,1222.310547,264.202789,-69.211632,1345.778809,429.317535,-103.78215,1419.853271,391.147766,-15.072556,1376.441528,445.583008,163.994247,1050.751953,125.141708,172.16391,1086.357056,-70.009445,-99.744652,1092.361328,-85.497612,-104.31488,1067.075195,127.016541
1.067,3.062371,1687.927612,-9.845657,8.092089,1674.179321,97.862938,-76.595787,1625.104492,26.040316,26.689396,1429.472168,-59.653358,90.115089,1261.237305,-106.274261,-24.491077,1254.614258,-112.160561,-9.442078,1311.551025,161.704361,189.07457,1339.67334,-57.531925,157.438187,1429.720093,80.719559,261.601227,1269.210938,157.536575,274.92981,1240.770264,274.247406,263.367401,1235.614624,526.536377,169.070877,1234.020752,537.875732,268.836517,1224.035034,602.374512,-112.526001,1328.591919,-86.263794,-119.154594,1422.835449,59.512833,-221.033279,1288.330566,114.268356,-221.547745,1222.263672,265.985748,-67.529694,1349.488892,430.999847,-106.292252,1422.664307,395.190216,-14.464884,1382.819458,445.81546,164.197601,1050.911255,125.067413,172.094925,1086.582642,-70.075829,-99.854553,1092.635498,-85.295135,-104.033752,1067.213867,127.206337
1.075,2.722208,1687.952271,-10.18917,7.698776,1674.398682,97.608521,-76.905556,1625.088135,25.799309,26.465195,1429.624512,-59.689011,89.913475,1261.413452,-106.337494,-24.748899,1254.739868,-112.05526,-9.153925,1311.840698,161.889389,188.87323,1339.85498,-57.649426,157.369324,1429.896362,80.67469,261.46344,1269.252075,157.383194,274.878387,1240.732422,274.052795,263.541565,1235.441406,526.358948,169.329086,1233.835693,537.778442,269.122162,1223.820557,602.17926,-112.884949,1328.681885,-85.607368,-119.056633,1422.917236,59.712078,-219.951447,1288.113647,115.525642,-216.910202,1222.077637,267.730743,-66.093094,1352.633911,433.616364,-108.564758,1425.150513,399.408325,-14.486102,1388.665649,447.350555,164.448639,1051.105957,124.931229,172.026245,1086.749756,-70.200607,-99.972084,1092.85083,-85.125595,-103.742874,1067.359863,127.360863
1.083,2.345583,1687.986084,-10.467619,7.380733,1674.517944,97.38382,-77.165604,1625.071777,25.63604,26.241148,1429.730957,-59.81123,89.658806,1261.52771,-106.528496,-25.042036,1254.814697,-112.000351,-8.830547,1312.137939,162.042175,188.681808,1339.982788,-57.848206,157.274506,1430.018188,80.474411,261.261353,1269.222168,157.105957,274.894867,1240.716187,273.781769,263.695221,1235.136719,526.044312,169.519348,1233.544556,537.58252,269.384674,1223.491699,601.914795,-113.239952,1328.709717,-85.283073,-118.989609,1422.990234,59.874119,-218.85704,1287.902588,116.673546,-212.278015,1221.813232,269.069977,-65.195984,1355.563965,436.500946,-110.822952,1426.798828,404.055756,-15.15329,1393.709961,450.323883,164.665771,1051.313599,124.759277,171.935669,1086.852905,-70.38282,-100.094757,1092.981567,-84.93383,-103.486954,1067.563354,127.519234
1.092,2.046689,1688.005371,-10.606826,7.026085,1674.483276,97.175133,-77.378273,1624.997803,25.465874,26.008642,1429.789917,-60.007492,89.51226,1261.538452,-106.695221,-25.34514,1254.898438,-112.143753,-8.530105,1312.362305,162.102707,188.51149,1340.030151,-58.112331,157.271057,1430.081055,80.21109,260.999207,1269.134888,156.735825,274.778778,1240.536499,273.405914,263.862671,1234.738892,525.69043,169.666428,1233.1875,537.329468,269.641968,1222.999023,601.517151,-113.552658,1328.682495,-85.064964,-119.169632,1423.195435,60.120041,-217.066666,1287.744141,118.319313,-207.576721,1221.508545,270.306976,-64.636848,1357.718018,439.966949,-112.997635,1427.6875,409.006409,-16.147654,1397.990112,454.583801,164.870667,1051.546021,124.540871,171.845932,1086.873901,-70.618309,-100.177048,1093.038452,-84.814301,-103.244339,1067.821045,127.67112
1.1,1.78108,1687.992188,-10.665639,6.731497,1674.391357,97.084915,-77.576881,1624.86145,25.334394,25.827204,1429.790527,-60.23666,89.27874,1261.523926,-106.976486,-25.628016,1254.870239,-112.224968,-8.186116,1312.578003,162.080704,188.349808,1339.988647,-58.471512,157.278198,1430.088379,79.890099,260.782166,1268.984863,156.25679,274.842377,1240.315796,272.865936,264.033325,1234.248901,525.26178,169.782578,1232.694824,536.940552,269.856384,1222.408691,601.028259,-113.850883,1328.599243,-84.853493,-119.199509,1423.204346,60.305096,-215.666946,1287.199097,119.387009,-202.866547,1221.083984,271.250671,-64.466537,1359.133789,444.057434,-115.167549,1427.881104,414.293976,-17.497295,1401.293457,459.876007,165.0896,1051.725342,124.29422,171.789261,1086.819214,-70.898193,-100.254631,1092.996582,-84.757217,-103.049522,1068.040405,127.781731
1.108,1.474611,1687.991943,-10.729293,6.452427,1674.202637,97.062584,-77.841339,1624.759521,25.182739,25.631107,1429.724487,-60.527878,89.045197,1261.468628,-107.360527,-25.893757,1254.78418,-112.359642,-7.810404,1312.719727,161.978577,188.171997,1339.917725,-58.999733,157.330444,1430.057007,79.491959,260.623138,1268.750366,155.725418,274.778046,1239.979736,272.305878,264.198181,1233.674561,524.738525,169.9505,1232.129639,536.391052,269.917908,1221.667236,600.488037,-114.113083,1328.481079,-84.712402,-119.245689,1423.15332,60.372906,-214.323334,1286.60376,120.45491,-198.140076,1220.674805,272.137329,-64.57,1359.630859,448.503754,-117.310852,1427.348389,419.761475,-19.096352,1403.580933,466.683441,165.296432,1051.894043,124.03373,171.728012,1086.680786,-71.261345,-100.317398,1092.907715,-84.750885,-102.857826,1068.224121,127.826752
1.117,1.277449,1687.949829,-10.638959,6.118884,1673.858032,97.055237,-78.018066,1624.601929,25.186554,25.433344,1429.625366,-60.933033,88.746361,1261.320312,-107.903854,-26.14777,1254.618286,-112.568932,-7.415184,1312.840454,161.849197,188.032104,1339.80481,-59.564754,157.392548,1429.962524,78.987122,260.506104,1268.435547,155.070572,274.82428,1239.594116,271.645081,264.386169,1233.010254,524.031311,170.083954,1231.443359,535.72522,270.103119,1220.929321,599.89679,-114.387276,1328.301392,-84.574295,-118.983612,1422.98999,60.224979,-212.848495,1285.839111,121.292702,-193.639801,1220.318848,272.635712,-64.933266,1359.248535,453.429352,-119.243668,1425.876343,425.5401,-20.768682,1404.781006,473.670288,165.584717,1052.111816,123.72049,171.624496,1086.483521,-71.661331,-100.41861,1092.722046,-84.775742,-102.689049,1068.409424,127.861542
1.125,1.105052,1687.904663,-10.471256,5.887684,1673.47998,97.14196,-78.186897,1624.387207,25.068335,25.182632,1429.385376,-61.481346,88.48732,1261.060303,-108.348137,-26.367151,1254.3927,-112.777328,-7.025805,1312.859741,161.615738,187.915878,1339.639893,-60.274143,157.450378,1429.756104,78.278381,260.48468,1268.105957,154.253433,274.737061,1239.264404,270.838226,264.503082,1232.121826,523.271118,170.279617,1230.712891,535.019409,270.366852,1220.068604,598.941284,-114.683311,1328.050537,-84.579926,-119.324043,1423.082397,60.204872,-211.395706,1285.008423,122.094055,-189.006729,1219.770752,273.089844,-65.38974,1357.937134,458.477539,-121.307213,1423.800293,432.171783,-22.989162,1404.726074,481.939331,165.836716,1052.332397,123.399086,171.525238,1086.214111,-72.007759,-100.484314,1092.467773,-84.819534,-102.5522,1068.579834,127.848389
1.133,0.948769,1687.821533,-10.218376,5.695419,1673.0271,97.376114,-78.365936,1624.109497,25.071619,24.917717,1429.164185,-62.010822,88.269714,1260.753174,-108.844688,-26.698229,1254.089355,-113.120308,-6.443439,1312.818726,161.302017,187.72612,1339.25647,-61.046085,157.551605,1429.496094,77.556076,260.488647,1267.700195,153.491776,274.771637,1238.630005,269.86972,264.692322,1231.336792,522.335083,170.461136,1229.741577,534.054565,270.531525,1219.159424,598.100891,-114.966705,1327.725708,-84.628868,-119.159492,1422.724487,60.151558,-209.969437,1284.220093,122.644241,-184.833389,1219.441162,273.278992,-65.827667,1355.615967,463.860626,-123.205193,1420.886353,438.670197,-25.302645,1403.643311,490.500397,166.07106,1052.520996,123.02356,171.419037,1085.800293,-72.370834,-100.536865,1092.137573,-84.896645,-102.377731,1068.698486,127.79023
1.142,0.823081,1687.70105,-9.90283,5.577442,1672.548828,97.631935,-78.467293,1623.792847,24.922771,24.698641,1428.891357,-62.65237,88.068413,1260.349731,-109.502357,-27.014765,1253.70752,-113.536163,-5.841221,1312.858643,160.868958,187.60582,1338.934082,-61.905537,157.661163,1429.167603,76.720146,260.5271,1267.234375,152.459564,274.891357,1238.119629,268.89621,264.773834,1230.307495,521.334961,170.594727,1228.745972,533.033508,270.63916,1218.089233,597.046143,-115.27475,1327.240112,-84.634613,-119.045494,1422.275757,60.059155,-208.470139,1283.382202,123.098007,-180.843033,1219.05127,273.289124,-66.25042,1352.378906,469.356781,-124.940712,1417.083984,445.23056,-27.606256,1401.304199,499.358124,166.303284,1052.681641,122.628822,171.279068,1085.324463,-72.754997,-100.599869,1091.697388,-85.009735,-102.266853,1068.80957,127.733093
1.15,0.674978,1687.578491,-9.534349,5.465302,1671.864258,97.915176,-78.54216,1623.400391,24.850374,24.511278,1428.557251,-63.456768,87.830124,1259.831421,-110.196281,-27.313745,1253.17981,-113.966217,-5.19299,1312.812744,160.357483,187.478958,1338.480103,-62.882229,157.839752,1428.819092,75.867958,260.688141,1266.623413,151.347702,274.959656,1237.364136,267.811096,264.791412,1229.274658,520.157471,170.681229,1227.631348,532.024475,270.597046,1216.769775,596.107239,-115.567146,1326.840454,-84.840439,-118.972603,1422.035645,59.838032,-206.97995,1282.337036,123.588295,-176.879303,1218.572266,273.314667,-66.578209,1348.544678,474.702637,-126.634491,1412.42688,452.056244,-30.040018,1397.843628,508.709503,166.467056,1052.738647,122.299667,171.179749,1084.73877,-73.194458,-100.680641,1091.170044,-85.172356,-102.162506,1068.838989,127.670319
1.158,0.578996,1687.415039,-9.092311,5.321267,1671.078979,98.306183,-78.600601,1622.953369,24.960001,24.411213,1428.086548,-64.210304,87.57946,1259.11731,-110.976433,-27.647863,1252.628662,-114.530418,-4.492539,1312.716797,159.858551,187.361115,1337.996948,-63.922897,158.022644,1428.358154,74.825325,260.889465,1266.103149,150.269241,275.043121,1236.794067,266.749664,264.834839,1228.101318,519.117798,170.697983,1226.409058,530.822876,270.601379,1215.467041,594.940186,-115.843407,1326.428467,-85.175018,-118.928825,1421.594482,59.256958,-205.555832,1281.37854,123.810623,-173.364807,1218.248779,273.094788,-66.740059,1344.099609,479.929413,-128.220764,1407.119873,458.812775,-32.66803,1393.2052,518.486328,166.620087,1052.74353,122.004211,171.051407,1084.046997,-73.618286,-100.822586,1090.529663,-85.402618,-102.077003,1068.825928,127.579811
1.167,0.485045,1687.215942,-8.55268,5.277253,1670.153198,98.666496,-78.629517,1622.485229,24.827633,24.227255,1427.581543,-65.182381,87.310112,1258.466919,-111.797791,-27.940371,1251.908936,-114.985176,-3.63515,1312.515259,159.243515,187.193222,1337.348389,-65.142677,158.213058,1427.833252,73.735374,261.090179,1265.59082,149.121613,275.16864,1236.050903,265.501801,264.937866,1226.891113,518.037048,170.742065,1225.053955,529.685852,270.559021,1214.199463,593.696045,-116.103088,1325.788208,-85.422409,-118.773727,1421.314575,58.989304,-204.339752,1280.58313,123.84819,-170.191406,1217.903931,272.776093,-67.034256,1338.958374,484.899811,-129.685379,1401.027954,465.384491,-35.438091,1387.319824,527.851685,166.750992,1052.697632,121.725029,170.880646,1083.295288,-73.997452,-101.0215,1089.873047,-85.526855,-101.978706,1068.7323,127.492401
1.175,0.409028,1686.978516,-7.995917,5.298298,1669.208008,99.220551,-78.6465,1621.887451,25.095894,24.095041,1426.987183,-66.054588,87.058693,1257.641113,-112.62236,-28.238138,1251.129639,-115.640488,-2.761807,1312.240112,158.518387,187.088242,1336.586426,-66.33284,158.471985,1427.32605,72.637886,261.361969,1264.720215,147.830856,275.273926,1235.292847,264.286072,264.93512,1225.484741,516.714478,170.72081,1223.591553,528.465393,270.491547,1212.665039,592.565002,-116.38839,1325.088135,-85.90506,-118.763298,1420.946045,58.455898,-203.110062,1279.650391,123.942894,-167.246124,1217.430298,272.318268,-67.4842,1333.351196,489.795319,-130.933731,1394.530762,471.706909,-38.00317,1380.379395,537.094055,166.878418,1052.55957,121.377647,170.660461,1082.395386,-74.467308,-101.17424,1089.050293,-85.787018,-101.904503,1068.576782,127.395973
1.183,0.329523,1686.603516,-7.286067,5.315607,1668.14624,99.732346,-78.63047,1621.333984,25.577744,23.942314,1426.361938,-67.181664,86.818573,1256.760254,-113.509834,-28.556044,1250.31665,-116.358124,-1.981577,1312.002441,157.722839,186.968369,1335.790649,-67.558838,158.75415,1426.614746,71.357895,261.630432,1263.934814,146.537582,275.513153,1234.26001,262.952393,264.967926,1224.266357,515.466858,170.751495,1221.889038,526.888611,270.416656,1211.224854,591.261108,-116.513313,1324.365601,-86.423798,-118.395294,1420.754517,58.326271,-202.097763,1278.661133,123.999878,-164.718094,1217.008057,271.75531,-67.801758,1327.108887,494.224243,-132.094498,1387.591309,477.739838,-40.889706,1372.321899,546.774658,167.010651,1052.349731,121.052994,170.492844,1081.453247,-74.969162,-101.296761,1088.045654,-85.918579,-101.857506,1068.312744,127.282722
1.192,0.324894,1686.19397,-6.532299,5.409144,1666.916504,100.281075,-78.642082,1620.717896,25.85084,23.802444,1425.554565,-68.228172,86.505478,1255.706177,-114.549988,-28.841623,1249.369873,-117.002243,-1.110804,1311.637207,156.879791,186.852188,1334.911743,-68.907822,158.961075,1425.86853,70.155205,261.949921,1263.094116,145.136536,275.690399,1233.278687,261.632233,264.990234,1222.700073,514.157715,170.744949,1220.318237,525.34668,270.311035,1209.561646,589.920898,-116.767029,1323.526367,-86.829018,-118.488312,1419.772949,57.405289,-201.213409,1277.798462,123.830261,-161.790558,1217.033936,271.436523,-67.955215,1320.170288,498.67395,-133.123566,1380.298096,483.466583,-43.708172,1362.961426,556.264709,167.115067,1052.06604,120.711655,170.291016,1080.407471,-75.394997,-101.487045,1086.995117,-85.978638,-101.815445,1067.981567,127.157944
1.2,0.374306,1685.724121,-5.748571,5.537663,1665.683472,100.993767,-78.447525,1619.969482,26.181776,23.682802,1424.812622,-69.329552,86.214607,1254.725952,-115.498047,-29.173544,1248.357544,-117.822548,-0.177754,1311.243896,156.008362,186.720581,1334.025269,-70.335075,159.195511,1425.117188,68.852219,262.228333,1262.148315,143.603668,275.840424,1232.216675,260.059265,264.986328,1221.285034,512.694336,170.666672,1218.486328,523.826721,270.24469,1207.987915,588.531799,-117.025818,1322.576538,-87.291763,-118.343697,1419.059692,56.596622,-200.40715,1277.015869,123.852516,-159.208908,1216.658813,270.902985,-67.807129,1312.947998,502.880035,-133.952118,1372.777344,488.882385,-46.762089,1352.324097,565.137573,167.247559,1051.621216,120.335709,170.245499,1079.243042,-75.858963,-101.613228,1085.990479,-86.135567,-101.795532,1067.520996,126.945358
1.208,0.513299,1685.25354,-4.832054,5.74753,1664.179199,101.628708,-78.42852,1619.103882,26.510046,23.476597,1423.803345,-70.471619,85.898521,1253.56604,-116.493851,-29.506878,1247.251221,-118.584221,0.758128,1310.786255,155.088501,186.559631,1332.934082,-71.693726,159.370255,1424.223145,67.445435,262.513702,1261.106079,142.021591,276.111511,1231.185547,258.549042,264.829071,1219.731689,511.156036,170.550156,1216.795288,522.223206,270.133667,1206.328735,586.95105,-117.287018,1321.674438,-87.978386,-118.367325,1418.283081,55.818062,-199.700043,1276.194336,123.787575,-156.96196,1216.358398,270.355927,-68.128357,1304.936035,506.992981,-134.218872,1364.963257,493.68045,-50.069633,1340.157593,573.836975,167.354721,1051.157349,120.027542,170.065048,1078.091064,-76.35276,-101.697487,1084.643799,-86.287567,-101.75901,1067.078613,126.838264
1.217,0.534372,1684.752197,-4.05455,5.928469,1662.674194,102.307877,-78.374969,1618.263062,27.067757,23.243519,1422.83606,-71.744125,85.531395,1252.343262,-117.518974,-29.857971,1246.088623,-119.442047,1.442858,1310.381226,154.079315,186.355759,1331.856812,-73.133087,159.623154,1423.365479,65.992584,262.808807,1259.995361,140.487061,276.348694,1229.854858,256.951019,264.687012,1218.009155,509.7229,170.48204,1214.890259,520.592957,269.875122,1204.582153,585.457214,-117.607277,1320.532593,-88.521027,-118.212601,1417.321777,55.014576,-199.191315,1275.444702,123.676514,-155.164337,1216.202026,269.912903,-68.043518,1296.501709,510.494049,-134.37767,1356.944702,498.178131,-53.650478,1326.47937,581.607178,167.460709,1050.558594,119.694351,169.902237,1076.681152,-76.856796,-101.920563,1083.448975,-86.36396,-101.692139,1066.558716,126.787392
1.225,0.594523,1684.058472,-3.153592,6.060093,1661.022461,102.952957,-78.235367,1617.412231,27.484625,23.016476,1421.711792,-72.968033,85.139122,1251.024902,-118.593979,-30.25898,1244.810547,-120.379745,2.402627,1309.680054,153.070572,186.071472,1330.571899,-74.662247,159.850052,1422.352051,64.514717,262.931244,1258.814697,138.865814,276.643768,1228.63855,255.450821,264.631836,1216.544922,508.164886,170.388626,1213.07312,518.80072,269.648438,1202.773193,583.866089,-117.985229,1319.370972,-89.124413,-118.001488,1416.282471,54.300835,-198.713135,1274.533569,123.703476,-153.308838,1215.911377,269.367859,-68.336777,1287.794556,513.443604,-134.360748,1348.552246,502.076874,-57.13884,1312.052368,588.141174,167.571426,1049.937988,119.428902,169.74733,1075.355103,-77.396103,-102.111946,1082.041626,-86.526169,-101.601349,1065.890015,126.671227
1.233,0.670599,1683.342407,-2.141109,6.187214,1659.275146,103.641586,-78.129501,1616.393677,27.507359,22.747421,1420.549194,-74.271049,84.67823,1249.643433,-119.69252,-30.729313,1243.474976,-121.225082,3.272512,1308.980469,152.210617,185.819489,1329.337158,-76.215218,160.026581,1421.250977,63.134773,263.165833,1257.561646,137.295273,277.114166,1227.48938,253.999741,264.479095,1214.893799,506.644562,170.482559,1211.040527,516.634277,269.309082,1200.903198,582.365784,-118.342659,1318.071289,-89.676849,-118.119705,1415.873413,54.058025,-198.348633,1273.771729,123.706276,-151.892502,1215.78125,268.845398,-68.288933,1279.151123,516.80658,-134.925858,1340.615845,506.210266,-61.182117,1296.149292,592.960815,167.896179,1049.584839,119.017975,169.580734,1073.905884,-77.97879,-102.232353,1080.550171,-86.732285,-101.503319,1065.207886,126.506287
1.242,0.788114,1682.609863,-1.292429,6.394018,1657.58606,104.271408,-78.081497,1615.366943,27.833975,22.427002,1419.319336,-75.521507,84.23764,1248.190796,-120.738792,-31.186796,1242.116821,-122.184486,4.001658,1308.194458,151.159073,185.536301,1328.003906,-77.782921,160.239532,1420.081909,61.622879,263.387573,1256.352905,135.601501,277.269714,1226.162964,252.292572,264.317963,1213.163452,505.053772,170.481842,1209.042236,514.804932,269.174622,1199.116943,580.736938,-118.753105,1316.811401,-90.251938,-117.566185,1414.341797,52.95166,-197.942703,1273.007568,123.639114,-150.705551,1215.531616,268.307739,-69.383484,1268.957886,517.537231,-135.768478,1332.375,509.858673,-64.83696,1279.971069,596.360535,168.14798,1048.901733,118.492393,169.296875,1072.394287,-78.644745,-102.487846,1079.052124,-86.783913,-101.42894,1064.576294,126.442001
1.25,0.873671,1681.933838,-0.479811,6.633942,1655.724121,104.998749,-77.971008,1614.337158,28.08148,22.137196,1418.061768,-76.832245,83.674728,1246.642822,-121.813171,-31.708439,1240.575928,-123.101746,4.677834,1307.290649,150.116959,185.282288,1326.66272,-79.424065,160.454773,1418.937622,60.02026,263.560364,1254.95813,133.81218,277.587799,1224.855103,250.593658,264.291046,1211.607422,503.403198,170.275055,1207.12561,512.901123,268.846222,1197.288452,579.187439,-119.173737,1315.365845,-90.589638,-117.234024,1413.410645,52.199066,-197.553391,1272.092163,123.707596,-149.783142,1215.162842,267.921204,-69.740547,1259.599365,518.900513,-137.609528,1323.87439,513.284241,-68.152664,1264.18457,597.77179,168.408493,1048.315186,117.917549,168.984848,1070.783203,-79.359894,-102.657776,1077.406982,-86.910797,-101.360458,1063.876587,126.396614
1.258,0.991491,1680.980469,0.502532,6.99519,1653.953857,105.70047,-77.790306,1613.329712,28.151608,21.822916,1416.753052,-78.062447,83.183235,1245.064453,-122.884361,-32.386837,1238.796021,-122.594688,5.240331,1306.321167,149.134338,184.949524,1325.262573,-81.004875,160.687668,1417.774292,58.402187,263.691589,1253.601807,132.046936,277.973907,1223.610107,248.922974,264.213654,1209.975708,501.872253,170.008438,1205.184204,511.086212,268.65033,1195.596802,577.39624,-119.607994,1314.044067,-91.077644,-117.057457,1412.39978,51.806061,-197.161865,1271.139648,123.79493,-149.240356,1214.488647,267.386108,-70.676399,1250.394165,519.536926,-139.342667,1315.35498,516.213196,-71.427589,1248.992188,597.957458,168.604034,1047.674561,117.370056,168.787018,1069.111938,-80.110435,-102.903656,1075.821045,-87.13076,-101.33828,1063.084351,126.238602
1.267,1.120359,1680.12085,1.424602,7.291173,1652.093506,106.291351,-77.669731,1612.167236,28.651342,21.499422,1415.378662,-79.282623,82.600945,1243.572754,-123.910919,-32.947933,1237.273315,-123.251915,5.88927,1305.312378,148.150284,184.595505,1323.680542,-82.611885,160.97197,1416.436157,56.824917,263.817749,1252.127319,130.367783,278.420593,1222.099976,247.188354,264.142273,1208.414795,500.219177,169.836838,1203.375488,509.182617,268.225647,1193.71936,575.830872,-120.122681,1312.699463,-91.470001,-116.765373,1411.213867,51.265923,-196.841339,1270.124756,123.899666,-148.913498,1213.161011,266.866699,-72.146156,1241.293335,519.7453,-140.500504,1306.37439,518.508667,-74.171745,1234.991211,597.063538,168.907608,1046.913452,116.816666,168.437561,1067.472046,-80.792786,-103.142883,1074.114136,-87.194336,-101.232452,1062.227783,126.204056
1.275,1.233422,1679.234253,2.118809,7.492979,1650.191284,106.915901,-77.499641,1610.989258,28.946175,21.15196,1414.005737,-80.427269,81.985947,1241.875122,-124.83577,-33.539913,1235.81897,-123.829193,6.521138,1304.231445,147.217072,184.212692,1322.174683,-84.233261,161.185287,1415.158447,55.261902,263.952911,1250.567993,128.58783,278.752625,1220.493896,245.429367,264.053741,1206.867798,498.536896,169.723404,1201.59729,507.199036,267.926849,1192.074463,574.069885,-120.540993,1311.432007,-91.657921,-116.646187,1410.168213,51.035786,-196.72554,1269.087402,123.886902,-149.157791,1211.31897,266.157166,-73.792503,1232.457031,519.515686,-141.702957,1297.27002,520.020508,-76.932487,1222.590942,595.767151,169.185944,1046.126099,116.195831,168.135086,1065.636963,-81.546646,-103.363991,1072.436401,-87.355629,-101.188187,1061.274048,126.108322
1.283,1.385865,1678.239868,2.977142,7.660114,1648.432617,107.37542,-77.333374,1609.784058,29.29093,20.833374,1412.700684,-81.463898,81.356682,1240.327271,-125.665245,-34.138535,1234.310059,-124.324326,7.257602,1303.071289,146.37059,183.870926,1320.631348,-85.813538,161.427933,1413.908813,53.746704,264.146667,1249.061646,126.822098,279.234497,1219.119629,243.618225,263.66571,1205.258667,496.916107,169.588257,1199.790405,505.157104,267.619476,1190.226929,572.50592,-120.979195,1310.147339,-92.005653,-116.50338,1408.786133,50.955021,-196.661591,1267.921753,123.996933,-147.207474,1209.030273,264.897003,-75.349564,1224.310181,518.987244,-143.406113,1288.456543,520.474854,-79.572205,1211.461548,594.32196,169.500732,1045.430908,115.578819,167.738846,1063.860474,-82.27478,-103.688965,1070.764648,-87.429451,-101.150955,1060.391113,126.123367
1.292,1.568412,1677.168213,3.68771,7.798546,1646.600098,107.751007,-77.056953,1608.544312,29.968966,20.557999,1411.380615,-82.342834,80.696365,1238.711304,-126.504524,-34.843723,1232.892944,-124.781799,7.752775,1301.873657,145.624847,183.453369,1319.060303,-87.357849,161.796036,1412.589478,52.203285,264.307343,1247.585449,125.126572,279.829132,1217.566284,241.847839,263.681824,1203.857788,495.352448,169.367752,1198.135986,503.115356,267.247162,1188.621338,570.659546,-121.471344,1308.988525,-92.146255,-116.344009,1407.552979,50.92379,-196.662949,1266.514893,123.902161,-147.228806,1205.966797,263.653198,-76.724777,1216.716064,518.187134,-145.18515,1280.366821,520.266174,-81.713341,1201.834106,592.917542,169.85997,1044.668701,114.939835,167.293228,1062.048096,-83.054375,-104.052994,1069.071533,-87.510323,-101.090561,1059.423584,126.078072
1.3,1.83127,1676.230957,4.384181,8.061654,1645.011841,108.199799,-76.84523,1607.404663,30.194765,20.274521,1410.144287,-83.123634,80.075485,1237.247437,-127.322449,-35.461182,1231.506836,-125.203522,8.209952,1300.615723,144.944717,183.02803,1317.470337,-88.84745,162.05249,1411.236694,50.703472,264.506958,1245.908936,123.311203,280.485321,1216.067261,240.061722,263.324158,1202.361206,493.572174,169.041809,1196.61731,501.037964,266.760193,1187.009155,568.953491,-121.915833,1307.886353,-92.390076,-116.298149,1406.078735,50.928619,-196.736282,1264.897705,123.700989,-147.345398,1202.372437,262.474792,-78.000404,1209.578369,517.131409,-146.399918,1273.246094,519.528809,-83.745438,1193.424194,591.550415,170.210999,1043.854126,114.403801,166.857056,1060.3396,-83.723946,-104.316788,1067.53772,-87.535538,-101.302757,1058.514038,125.962631
1.308,1.897325,1675.164185,4.915843,8.307974,1643.296753,108.486397,-76.720398,1606.147339,30.231287,19.928684,1409.006958,-83.783134,79.341972,1235.783081,-127.959579,-36.040333,1230.246338,-125.60685,8.425034,1299.279541,144.378052,182.638489,1316.06897,-90.20118,162.318314,1410.011841,49.420185,264.762848,1244.361694,121.514824,281.092224,1214.746216,238.369949,263.039764,1201.026001,492.16272,168.732635,1195.101807,498.979584,266.147644,1185.36853,567.35022,-122.393578,1306.69397,-92.608582,-116.444031,1404.385986,51.150429,-196.763657,1262.900146,123.308006,-147.80455,1198.780029,261.240448,-79.231964,1202.785645,515.866516,-147.172516,1267.149292,518.69989,-85.720963,1185.778687,590.325562,170.519394,1043.128418,113.907249,166.471817,1058.533203,-84.388992,-104.581352,1065.925903,-87.567871,-101.354469,1057.555664,126.086205
1.317,2.033832,1674.066284,5.31666,8.51107,1641.980957,108.780258,-76.516502,1604.906982,30.519842,19.560659,1407.824341,-84.360794,78.853142,1234.355469,-128.49147,-36.570858,1229.102417,-126.269371,8.393165,1297.735474,143.92395,182.149445,1314.63147,-91.466644,162.541885,1408.688843,48.193226,265.163391,1242.789307,119.722946,281.960876,1213.269653,236.644302,263.113007,1199.902832,490.702332,168.477707,1193.706543,496.850342,265.490509,1183.973633,565.692078,-122.771065,1305.54126,-92.8545,-116.602547,1402.700928,51.237957,-196.735291,1260.606079,122.687302,-148.5345,1195.255249,259.884857,-79.982368,1196.538086,514.826538,-147.633987,1261.724976,517.55249,-87.709923,1179.080811,589.1698,170.897217,1042.323486,113.373749,166.017212,1056.934937,-85.041649,-104.94677,1064.486206,-87.535042,-101.45697,1056.495361,126.116188
1.325,2.162656,1673.124512,5.460872,8.69545,1640.481201,108.910484,-76.377327,1603.912354,30.133087,19.113276,1406.600342,-84.805405,78.209854,1233.041016,-129.070496,-36.986984,1227.69751,-126.478508,8.426188,1296.446289,143.535217,181.663666,1313.410767,-92.614769,162.683365,1407.553101,47.171089,265.596069,1241.248657,118.083473,283.092255,1211.945068,234.841553,262.682373,1198.780029,489.253204,168.175446,1192.452148,494.640228,264.756897,1182.686035,564.161255,-123.194519,1304.19519,-93.14753,-116.903259,1400.88562,51.253067,-196.791321,1258.134766,121.764076,-149.461563,1191.950195,258.685791,-81.449883,1190.813843,513.436523,-147.772095,1257.022339,516.295227,-89.290947,1173.374023,588.023682,171.260498,1041.551758,112.941864,165.683228,1055.367798,-85.650269,-105.241508,1063.043701,-87.476028,-101.984024,1055.335693,126.094353
1.333,2.278188,1672.087402,5.671222,8.855847,1639.451416,109.060707,-76.272781,1602.855103,30.286598,18.713501,1405.626953,-85.160652,77.707504,1231.746582,-129.445419,-37.293224,1226.292358,-126.832291,8.335256,1294.91394,143.124435,181.205475,1312.187012,-93.544571,162.761765,1406.405029,46.301628,266.026733,1239.940796,116.695984,284.273254,1210.666626,233.259506,262.092468,1197.78894,487.810486,167.660248,1191.364136,492.436127,263.805664,1181.348145,562.721069,-123.386421,1302.920654,-93.53273,-117.342476,1399.199463,51.247494,-196.829758,1255.32959,120.724388,-150.344925,1188.984009,257.557709,-82.78978,1185.68457,512.319641,-147.80687,1253.098999,515.272095,-90.815041,1168.460815,587.241516,171.565262,1040.896851,112.539444,165.241226,1053.962646,-86.221474,-105.524582,1061.637939,-87.425285,-101.188148,1054.470337,126.548546
1.342,2.506593,1671.233643,5.788367,9.114513,1638.3573,109.082611,-76.208908,1601.893677,30.358387,18.286934,1404.647705,-85.47567,77.372292,1230.555542,-129.801804,-37.593445,1224.987061,-127.075569,8.07299,1293.450439,142.691177,180.748123,1311.183105,-94.26091,162.865433,1405.445679,45.668896,266.546478,1238.598267,115.403976,285.852417,1209.499756,231.811005,261.772095,1197.165161,486.70462,167.091904,1190.369629,490.263794,262.839447,1180.407593,561.268005,-123.59771,1301.609497,-93.993408,-117.897194,1397.553955,51.180477,-196.926178,1252.31604,119.644646,-151.743286,1185.179443,256.139496,-83.760071,1181.592896,511.38031,-147.923126,1250.014893,514.383606,-91.958229,1164.561768,586.336914,171.9142,1040.192627,112.147507,164.955368,1052.789551,-86.748337,-105.842262,1060.44519,-87.241539,-101.25309,1053.641235,126.699257
1.35,2.726798,1670.488037,5.799508,9.280551,1637.411621,109.037567,-76.147621,1601.270874,30.211891,17.86622,1403.809326,-85.792038,77.086075,1229.50769,-130.075012,-37.830051,1223.517212,-127.090561,7.771419,1291.965576,142.128906,180.350159,1310.323608,-94.856934,162.91777,1404.463745,45.168354,267.14328,1237.740479,114.283249,287.616669,1208.653687,230.53923,261.306213,1196.723877,485.583374,166.588867,1189.450439,488.01001,261.750488,1179.741699,559.782776,-123.728249,1300.301392,-94.356354,-118.663208,1396.150269,51.192768,-197.04129,1249.353271,118.497185,-152.173523,1183.982178,255.746063,-84.657562,1178.351685,510.426941,-148.076019,1247.419067,513.505798,-92.685188,1161.515137,585.581543,172.230423,1039.57666,111.848457,164.802628,1051.661133,-87.050514,-106.053825,1059.202148,-87.183426,-101.408287,1052.874268,127.001747
1.358,2.954014,1669.85144,5.753533,9.430854,1636.719849,109.004211,-76.055557,1600.849976,30.028131,17.436043,1403.021973,-85.987717,76.787636,1228.641357,-130.305389,-37.915459,1222.472168,-127.306717,7.545491,1290.489014,141.621506,179.901215,1309.614258,-95.383324,162.875656,1403.760254,44.896675,267.801666,1236.715942,113.131546,290.796265,1207.005249,225.680801,260.543304,1196.46814,484.412384,165.798706,1188.673828,485.567963,260.387054,1179.281616,558.405396,-123.783958,1299.1427,-94.865379,-119.549637,1394.777344,51.046673,-197.131851,1246.637573,117.517479,-153.125595,1181.960083,254.974487,-85.3433,1175.791138,509.759491,-148.346527,1245.399292,512.999451,-93.017143,1159.407959,584.961609,172.449219,1039.070068,111.686623,164.59227,1050.775269,-87.395927,-106.263885,1058.112427,-87.130646,-101.496185,1052.178955,127.268105
1.367,3.117048,1669.351562,5.733793,9.639469,1636.224487,109.027969,-76.00708,1600.57019,29.991173,17.051853,1402.440796,-86.094833,76.651993,1227.818604,-130.313629,-38.034901,1221.327759,-127.349838,7.215488,1289.336182,141.075272,179.513428,1309.105103,-95.645721,162.788147,1403.215576,44.738842,268.436005,1236.38916,112.447929,291.813934,1207.816284,228.465637,259.835388,1196.63562,483.421753,165.175446,1188.107666,483.052734,258.884613,1178.951904,556.992493,-123.859055,1298.025513,-95.07058,-120.401306,1393.609009,50.861824,-197.155258,1244.396362,116.660744,-153.642151,1180.023071,254.412857,-85.851372,1174.151489,509.200409,-148.678406,1243.819214,512.564514,-93.159973,1157.718384,584.452576,172.629562,1038.650757,111.599045,164.382874,1050.111206,-87.521866,-106.478729,1057.173096,-87.059097,-101.625923,1051.499512,127.559853
1.375,3.193026,1668.90332,5.76966,9.738793,1635.908203,108.970329,-76.038261,1600.354004,30.235502,16.667406,1402.035278,-86.131683,76.548882,1227.314697,-130.343613,-38.073586,1220.580811,-127.37104,6.966345,1288.289917,140.54686,179.196838,1308.731079,-95.758057,162.654327,1402.789185,44.646641,269.09903,1235.920654,111.701881,294.198578,1206.979858,226.951843,258.894806,1196.946045,482.389221,164.186783,1187.94165,480.35379,257.096008,1178.828369,555.598816,-123.924446,1297.142212,-95.548286,-121.215225,1392.626831,50.723675,-197.128204,1242.668457,116.056313,-154.348145,1178.311646,253.942139,-86.421257,1172.821289,508.67038,-149.257385,1242.436035,512.275024,-93.335617,1156.695068,583.99292,172.772003,1038.260498,111.584663,164.287506,1049.689575,-87.532158,-106.68663,1056.404053,-87.040352,-101.812714,1050.846313,127.811607
1.383,3.208754,1668.715454,5.721547,9.787379,1635.751343,108.920685,-76.164993,1600.338867,30.386333,16.270046,1401.767822,-86.117714,76.416382,1226.993286,-130.329865,-38.165352,1219.941528,-127.19619,6.461543,1287.377563,140.229294,178.889725,1308.588501,-95.817612,162.483521,1402.55188,44.696819,270.254395,1236.21875,111.110115,296.710114,1207.901489,226.830078,257.883972,1197.743774,481.395203,163.317352,1188.226074,477.780182,255.351273,1178.888428,554.104248,-124.017609,1296.446045,-95.815018,-121.965401,1391.951416,50.551674,-197.173843,1241.642944,115.849037,-154.652054,1176.688477,253.553299,-86.835503,1172.160522,508.395599,-149.896591,1241.486572,512.088867,-93.628487,1155.912598,583.639038,172.859818,1037.937378,111.652824,164.253754,1049.45105,-87.44973,-106.772537,1055.857544,-86.992104,-101.922775,1050.376953,128.118591
1.392,3.142628,1668.700317,5.648942,9.778849,1635.755005,108.852661,-76.317589,1600.468384,30.425253,15.892219,1401.674194,-86.012726,76.313393,1226.908936,-130.238068,-38.217045,1219.659912,-127.106544,6.039309,1286.822021,139.953903,178.57814,1308.654907,-95.762589,162.276901,1402.50354,44.813049,271.395203,1236.731689,110.589371,299.562469,1208.629028,226.225403,256.869202,1198.856934,480.340759,162.07164,1189.346436,474.968872,253.309875,1179.055176,552.47937,-124.159248,1295.978149,-95.832993,-122.584824,1391.644775,50.471146,-197.318069,1241.330933,115.774048,-154.614868,1175.405762,253.283356,-87.305389,1171.947876,508.247437,-150.748611,1240.947266,512.129944,-94.022949,1155.652344,583.528992,172.799911,1037.670166,111.80722,164.243912,1049.457275,-87.25856,-106.81881,1055.509766,-86.982414,-102.061432,1050.033936,128.385605
1.4,2.957444,1668.838623,5.589699,9.674833,1635.932861,108.775246,-76.493118,1600.801147,30.16132,15.528811,1401.777344,-85.861107,76.202835,1227.043457,-130.070236,-38.222019,1219.761963,-127.129761,5.815468,1286.650513,139.775208,178.263931,1308.876831,-95.63298,162.018646,1402.651367,44.966148,272.295044,1237.304565,110.207642,302.343536,1209.652832,225.689575,255.506836,1200.28125,479.297211,160.843323,1191.081055,472.318726,251.043884,1179.285767,550.706909,-124.362404,1295.836426,-95.804192,-122.983368,1391.689941,50.502853,-197.754791,1241.474365,115.874893,-154.731628,1174.928101,253.100403,-87.838051,1172.085449,508.274323,-151.780579,1240.806152,512.235107,-94.451157,1155.709839,583.541748,172.704437,1037.592651,112.121864,164.217087,1049.674805,-86.980225,-106.857941,1055.44519,-86.970772,-102.190865,1049.857788,128.59697
1.408,2.698606,1669.209595,5.442614,9.51058,1636.309814,108.683937,-76.730011,1601.152466,30.183558,15.201553,1402.069702,-85.622536,76.007698,1227.372681,-129.864365,-38.370083,1219.981689,-126.885651,5.44559,1286.720581,139.789078,177.993393,1309.254761,-95.416351,161.778259,1402.936768,45.098141,273.379883,1238.265137,109.770477,305.391144,1211.05835,225.227188,253.963165,1202.085693,478.286591,159.385971,1193.737793,469.468048,249.017715,1179.695557,548.778992,-124.607109,1296.036255,-95.613762,-123.208122,1392.033813,50.638058,-198.571899,1242.009277,116.179832,-154.969589,1175.43396,253.180237,-88.488808,1172.435669,508.457611,-152.540802,1241.070557,512.405884,-95.028061,1156.126953,583.699097,172.516083,1037.672974,112.45491,164.255936,1050.095581,-86.650726,-106.930016,1055.679077,-86.894913,-102.319122,1049.839355,128.791428
1.417,2.351813,1669.709839,5.309015,9.235466,1636.883911,108.632286,-77.082939,1601.558105,30.661875,14.952077,1402.52124,-85.267662,75.7145,1227.959229,-129.570786,-38.574936,1220.436401,-126.456398,5.152231,1287.134033,140.100159,177.675812,1309.756592,-95.140434,161.483002,1403.368896,45.249439,274.513824,1239.526489,109.496689,308.386841,1212.691772,224.788696,252.443192,1204.300537,477.34552,157.628357,1197.390259,466.669098,246.425125,1180.429443,546.386536,-124.898346,1296.578369,-95.232574,-123.20475,1392.702026,50.974003,-199.522644,1242.950439,116.429688,-155.495148,1176.775757,253.724838,-89.212212,1173.125854,508.83783,-153.149719,1241.749756,512.71283,-95.733162,1156.768066,584.030212,172.259583,1037.86499,112.820061,164.298752,1050.735474,-86.2537,-106.993851,1056.172363,-86.789673,-102.466812,1049.974487,128.935379
1.425,1.946561,1670.271973,5.167708,8.97938,1637.687988,108.551338,-77.46981,1602.177002,31.19582,14.734882,1403.209595,-84.791519,75.416763,1228.661133,-129.150406,-38.813816,1221.245117,-126.046402,4.850331,1287.778931,140.60144,177.316833,1310.398193,-94.741951,161.245163,1404.045166,45.560085,275.90564,1241.113892,109.110344,311.277222,1214.64856,224.4384,250.687485,1206.966064,476.171967,155.791336,1201.883057,463.833008,243.516602,1181.58606,543.90686,-125.196129,1297.370972,-94.651085,-123.144737,1393.524902,51.442116,-200.405533,1244.174072,116.90834,-156.190384,1178.884766,254.600708,-89.90641,1174.032959,509.31955,-153.774353,1242.799316,513.236023,-96.739738,1157.730347,584.570923,171.937576,1038.232178,113.193558,164.246277,1051.703247,-85.767403,-107.040726,1056.922241,-86.675171,-102.584618,1050.246826,129.06517
1.433,1.438694,1670.876343,4.978424,8.545431,1638.845703,108.373856,-78.070976,1602.948242,31.036276,14.534613,1403.974243,-84.154602,75.152779,1229.528076,-128.720856,-39.125526,1222.324829,-125.497002,4.48522,1288.73645,141.305145,176.947113,1311.238525,-94.347893,161.014313,1404.938965,45.867775,277.171234,1242.931763,108.861366,314.085449,1216.713379,224.079773,248.766968,1210.16687,475.135345,153.878311,1207.39917,460.868988,240.374512,1183.270996,541.291321,-125.54538,1298.368042,-93.912964,-123.108696,1394.516479,51.997738,-201.138504,1245.504395,117.64225,-157.386047,1179.60437,254.726593,-90.719841,1175.122437,509.96048,-154.360703,1244.163208,513.706055,-97.613274,1158.817383,585.226562,171.680573,1038.772827,113.575531,164.154007,1052.715698,-85.316902,-107.08239,1057.973755,-86.345985,-102.660866,1050.704346,129.277512
1.442,0.812195,1671.68689,4.700176,8.082352,1639.907959,108.197151,-78.501373,1603.646729,30.80957,14.37523,1404.884521,-83.415543,74.71756,1230.683472,-128.139664,-39.52029,1223.519409,-124.907074,4.308261,1289.759888,142.053711,176.538513,1312.163208,-93.823135,160.796585,1405.946289,46.196926,278.752228,1244.771606,108.555977,316.959869,1218.813965,223.798569,246.740891,1213.910767,473.977875,151.959152,1213.758057,457.827271,236.558472,1185.393066,538.759277,-125.72068,1299.635254,-93.273148,-123.020439,1395.623413,52.781925,-201.661819,1247.123535,118.387878,-157.736328,1181.023438,255.511337,-91.635185,1176.252197,510.804962,-154.871674,1245.800415,514.351501,-98.842407,1160.021729,586.125854,171.273148,1039.455322,113.97403,164.159866,1053.942261,-84.833763,-107.23098,1059.266968,-85.941772,-102.707245,1051.198364,129.434708
1.45,0.216096,1672.631958,4.269687,7.542206,1641.318115,107.966446,-78.943932,1604.548828,30.421755,14.069204,1405.972168,-82.632004,74.416664,1231.867188,-127.554848,-39.885677,1224.910522,-124.170845,4.086263,1291.078857,142.895599,176.134048,1313.246094,-93.312881,160.574371,1407.087891,46.735836,280.219971,1246.920898,108.374504,319.436127,1220.967651,223.49411,244.619186,1218.107422,472.808319,150.147568,1220.963867,454.544891,232.528595,1188.206909,536.069702,-126.056137,1300.938721,-92.268463,-123.109596,1396.872925,53.607708,-201.988129,1248.787109,119.165161,-158.654495,1182.508179,256.244385,-92.59446,1177.511719,511.617126,-155.144257,1247.636719,515.009277,-99.964813,1161.600342,587.074158,171.327942,1040.51709,114.285873,163.995468,1055.335938,-84.413391,-107.273651,1060.606323,-85.602364,-102.830338,1051.862549,129.476303
1.458,-0.339701,1673.528076,3.876527,7.11972,1642.821777,107.768097,-79.31398,1605.478271,30.692093,13.859299,1407.130737,-81.624985,74.141533,1233.246216,-126.81498,-40.213284,1226.417969,-123.382851,3.813825,1292.401367,143.721375,175.800735,1314.423706,-92.690102,160.407166,1408.357056,47.179287,281.782715,1249.010498,108.04335,321.818085,1223.232178,223.448761,242.246063,1222.957397,471.671936,148.220795,1229.172363,451.067322,227.884415,1191.85022,533.475891,-126.333549,1302.430054,-91.433945,-123.064957,1398.221436,54.272034,-202.280624,1250.530273,120.083557,-159.35463,1184.257812,257.264099,-93.686302,1178.901855,512.58606,-155.527588,1249.713989,515.910767,-101.348846,1163.23938,588.051208,170.589188,1041.450928,114.640182,163.907654,1056.824585,-83.92308,-107.477074,1062.229858,-85.17923,-103.030563,1052.819336,129.633667
1.467,-0.893591,1674.470825,3.427542,6.7742,1644.530762,107.498108,-79.641144,1606.506226,30.951735,13.612687,1408.303223,-80.567841,73.789551,1234.665039,-126.035675,-40.560326,1228.005859,-122.619965,3.530658,1293.901123,144.772552,175.403427,1315.726807,-92.050797,160.193192,1409.817017,47.806877,283.007446,1250.890869,107.922783,323.897125,1225.191772,223.164215,239.843536,1228.3302,470.491943,146.644119,1237.960205,447.705231,222.630325,1196.398071,531.017334,-126.477493,1303.912109,-90.452209,-123.138351,1399.698608,55.304111,-202.575684,1252.460938,121.018303,-160.180847,1186.036987,258.209503,-94.616409,1180.553589,513.674377,-155.828629,1251.947266,516.782837,-102.409348,1165.038086,589.195618,170.09201,1042.456909,115.048866,163.753799,1058.40332,-83.51506,-107.642311,1063.839233,-84.699112,-103.238655,1053.754272,129.734604
1.475,-1.301388,1675.535156,2.929805,6.419904,1646.249634,107.209213,-79.933037,1607.690308,30.934883,13.317988,1409.584595,-79.526924,73.41346,1236.225464,-125.258163,-40.763977,1229.59021,-121.710602,3.260503,1295.463379,145.77301,175.091858,1317.089355,-91.28846,160.043732,1411.243042,48.427868,284.178253,1252.930298,107.798347,326.027771,1227.308105,223.135345,236.923386,1234.112671,469.254974,145.048126,1246.770386,443.618042,216.693726,1201.974854,528.602783,-126.711266,1305.544312,-89.405602,-123.251846,1401.234497,56.431763,-202.770477,1254.161255,122.011581,-161.048721,1187.929321,259.389099,-95.599403,1182.298096,514.782898,-156.195984,1254.110352,517.825867,-103.42894,1167.127563,590.410156,169.67482,1043.569458,115.360565,163.594055,1060.133423,-83.144958,-107.84037,1065.597046,-84.310883,-103.364807,1054.683716,129.952911
1.483,-1.797047,1676.586426,2.174245,6.050751,1648.13147,106.855324,-80.254082,1608.811279,31.134233,13.064718,1410.93396,-78.273705,73.145996,1237.782837,-124.411133,-41.068623,1231.337524,-120.847733,2.949373,1297.057373,146.821884,174.693069,1318.584106,-90.425079,159.900085,1412.871582,49.084412,285.305847,1254.896484,107.950363,327.817261,1229.409912,223.248734,234.05954,1240.364746,467.995087,143.569046,1256.278198,439.372101,209.96582,1208.261719,526.304932,-127.039627,1307.128418,-88.096413,-123.347626,1402.857056,57.532539,-203.109329,1256.05603,123.104851,-161.937515,1189.784668,260.681793,-96.566826,1184.145996,515.983643,-156.573792,1256.507935,518.834534,-104.41124,1169.262329,591.647644,169.093643,1044.774902,115.740982,163.434586,1061.904419,-82.69838,-107.988731,1067.420898,-83.782684,-103.650475,1055.829346,130.112854
1.492,-2.20896,1677.633667,1.598683,5.671735,1649.955444,106.472084,-80.632896,1609.919067,30.779238,12.810341,1412.22644,-77.079842,72.830513,1239.548706,-123.485893,-41.323727,1233.062988,-119.942329,2.693833,1298.59668,148.019424,174.295242,1320.032349,-89.489105,159.662842,1414.398438,49.908619,286.345459,1256.731689,107.995308,329.518066,1231.403076,223.458572,231.323105,1247.011719,467.036621,142.207458,1266.293823,434.688171,202.713638,1215.278931,524.086365,-127.214493,1308.840454,-87.080154,-123.416107,1404.255981,58.785027,-203.515045,1257.784546,124.262718,-162.583466,1191.550415,261.92572,-97.403275,1186.220459,517.292053,-157.068924,1258.970093,520.045532,-105.304916,1171.540161,593.010803,168.621826,1045.749023,116.116364,163.296539,1063.647095,-82.297066,-108.158051,1069.228516,-83.223549,-103.821136,1057.02356,130.335938
1.5,-2.535195,1678.729736,1.040898,5.376661,1651.817383,106.113678,-80.934921,1611.243164,30.482653,12.577867,1413.647827,-75.790596,72.633629,1241.173462,-122.479691,-41.581619,1234.830566,-118.970909,2.272738,1300.152832,149.122757,173.972092,1321.573975,-88.503403,159.371414,1415.993042,50.784626,287.367981,1258.689087,108.125908,330.909698,1233.472534,223.97551,228.052444,1253.726807,466.220398,141.040344,1276.5896,430.174042,195.088348,1222.764771,521.854004,-127.423615,1310.313599,-85.822281,-123.516647,1405.881226,59.854362,-203.956161,1259.45813,125.347229,-163.227585,1193.342773,263.328552,-98.253242,1188.243408,518.54657,-157.635254,1261.268921,521.247314,-105.977852,1174.009644,594.379089,168.285141,1047.268066,116.263756,163.104218,1065.529663,-81.854973,-108.34304,1071.044189,-82.741547,-104.058693,1058.079224,130.524475
1.508,-2.745391,1679.741699,0.385923,5.179348,1653.697266,105.704147,-81.117699,1612.352173,30.283512,12.364218,1415.003052,-74.439445,72.423157,1242.861816,-121.474731,-41.803333,1236.52771,-117.930573,1.995034,1301.681641,150.354202,173.688049,1323.104614,-87.474388,159.123947,1417.562378,51.874313,288.246094,1260.494873,108.6586,332.086334,1235.599121,224.617554,224.499908,1260.607422,465.328918,140.185715,1287.270386,425.528839,187.216034,1230.526001,519.240356,-127.624542,1311.996582,-84.685349,-123.551003,1407.251099,61.022385,-204.414017,1261.181763,126.559723,-163.878082,1195.120117,264.627563,-98.923851,1190.478638,519.923401,-158.083267,1263.65979,522.413208,-106.612846,1176.431641,595.759399,168.014557,1048.379761,116.701225,163.028107,1067.455811,-81.351234,-108.567314,1072.880737,-82.258385,-104.047882,1059.299683,130.699554
1.517,-2.845924,1680.633911,-0.149425,5.009984,1655.548462,105.284813,-81.278511,1613.64917,30.421686,12.212349,1416.388672,-73.128502,72.173332,1244.591919,-120.51342,-42.040428,1238.252441,-116.952568,1.689697,1303.074951,151.576004,173.399124,1324.738892,-86.375565,158.909851,1419.127075,52.833622,288.832062,1262.393066,109.173294,332.964661,1237.642578,225.383392,221.014862,1267.370728,464.418091,139.526596,1298.315063,421.129028,179.113678,1238.674316,516.163818,-127.900436,1313.59375,-83.32959,-123.612892,1408.69751,62.242504,-204.844147,1262.841064,127.806976,-164.429688,1196.834717,265.967468,-99.504517,1192.648804,521.187256,-158.425278,1266.049194,523.539612,-107.212868,1178.927124,597.197876,167.508728,1049.430908,117.073662,162.909622,1069.311157,-80.837692,-108.757812,1074.733887,-81.824501,-104.315147,1060.350586,130.888687
1.525,-2.991029,1681.53479,-0.722651,4.958986,1657.370361,104.932213,-81.423233,1614.790771,30.311596,11.984499,1417.754272,-71.798035,72.05175,1246.310303,-119.483238,-42.22094,1240.017212,-115.950005,1.441292,1304.399292,152.85524,173.301529,1326.330078,-85.2416,158.612625,1420.653564,53.928356,289.356812,1264.197388,109.916779,333.713165,1239.547241,226.527817,216.885559,1273.652588,462.350555,139.087784,1309.552124,417.322723,170.791367,1246.986328,512.996887,-128.009933,1315.197144,-82.194176,-123.711952,1410.068359,63.49509,-205.240494,1264.449585,128.953033,-164.914185,1198.472778,267.338745,-100.16024,1194.648193,522.601135,-158.802353,1268.265381,524.763123,-107.897408,1181.268555,598.606445,166.783539,1050.31543,117.531624,162.687485,1071.166626,-80.30838,-108.906288,1076.469482,-81.343208,-104.493523,1061.495728,131.201859
1.533,-3.094976,1682.428833,-1.443306,4.78818,1659.078491,104.510338,-81.518669,1615.92395,30.49283,11.854655,1419.137329,-70.435867,72.002769,1248.014893,-118.468285,-42.344822,1241.65564,-114.936943,1.158144,1305.664917,154.060089,173.180283,1327.827393,-84.166061,158.284653,1421.979248,55.069256,289.706665,1266.101685,110.987015,333.943817,1241.564209,227.868423,212.862106,1279.77356,460.426208,139.28598,1320.840576,413.917297,162.312485,1255.618164,509.469574,-128.100876,1316.700562,-80.96785,-123.78463,1411.320679,64.683067,-205.571869,1265.961792,130.193817,-165.274139,1200.04895,268.550049,-100.851227,1196.642334,523.903198,-159.094254,1270.506226,525.877197,-108.480629,1183.56311,600.00946,166.481415,1051.354614,117.873543,162.548569,1073.021973,-79.734001,-109.045914,1078.309692,-80.979485,-104.784203,1062.203735,131.609909
1.542,-3.181054,1683.179199,-2.035516,4.621271,1660.792236,103.994637,-81.550423,1616.964111,30.63868,11.716594,1420.392456,-69.196495,71.97506,1249.518433,-117.42968,-42.459064,1243.297852,-114.037094,0.844363,1306.804932,155.414291,173.13208,1329.331055,-82.957451,157.872665,1423.40918,56.253616,289.785065,1267.924927,112.233017,333.792877,1243.478271,229.470718,208.871262,1285.944336,459.294159,139.83197,1331.915039,410.852875,154.197662,1264.513916,506.107452,-128.236984,1318.228516,-79.790382,-123.641014,1412.432373,66.29435,-205.807083,1267.378784,131.393082,-165.659607,1201.473511,269.865479,-100.758148,1199.000854,526.880493,-159.44838,1272.544922,527.007446,-109.129967,1185.743774,601.350586,166.137039,1052.109985,118.324608,162.46199,1074.79834,-79.104187,-109.206375,1079.949097,-80.662376,-104.828026,1063.046753,131.925125
1.55,-3.260285,1683.851807,-2.631385,4.424449,1662.406982,103.537575,-81.652893,1617.924438,30.266016,11.681699,1421.630493,-67.845406,71.91748,1251.117432,-116.498505,-42.490391,1244.869995,-113.125862,0.601997,1307.804077,156.570953,173.143585,1330.801025,-81.783112,157.554962,1424.693359,57.346142,289.772156,1269.751221,113.737221,333.263153,1245.340576,231.319473,204.831619,1292.174805,458.616547,140.752335,1343.318359,408.935242,146.306717,1273.681519,502.892426,-128.350891,1319.590942,-78.587051,-123.582436,1413.647583,67.566811,-206.079376,1268.847656,132.610886,-165.96286,1202.825928,271.132446,-100.459595,1201.365723,530.286621,-159.775101,1274.488037,528.030334,-109.537613,1187.755981,602.801941,165.782089,1052.800293,118.838387,162.307419,1076.408447,-78.48999,-109.472969,1081.651489,-80.220512,-104.926178,1063.707642,132.180069
1.558,-3.458244,1684.528076,-3.344384,4.325767,1663.873779,103.121231,-81.692299,1618.790039,30.357985,11.580727,1422.849487,-66.676636,72.016487,1252.53479,-115.483971,-42.531048,1246.316162,-112.280281,0.421621,1308.643799,157.744949,173.23613,1332.119385,-80.60331,157.142334,1425.899658,58.61134,289.559631,1271.577148,115.419342,332.184021,1247.131348,233.579987,200.883881,1298.332886,458.421722,142.072937,1354.29834,407.508392,138.678528,1282.892334,499.861511,-128.359436,1320.960327,-77.424377,-123.493179,1414.734131,68.872826,-206.202362,1270.123657,133.687805,-166.3367,1204.173706,272.253754,-100.791412,1203.07373,531.864807,-160.110229,1276.307983,529.125,-110.195221,1189.652588,604.172974,165.507736,1053.310181,119.276497,162.19516,1078.032715,-77.91172,-109.596573,1083.155273,-79.870834,-104.957993,1064.279053,132.397568
1.567,-3.504411,1685.178467,-4.005804,4.192236,1665.307983,102.67482,-81.732384,1619.640869,30.471786,11.670663,1423.874268,-65.412758,72.087242,1253.970459,-114.590073,-42.494839,1247.716797,-111.412331,0.411863,1309.511841,158.912125,173.275085,1333.474609,-79.42878,156.59697,1426.987549,59.763195,289.137085,1273.325684,117.376602,330.917816,1248.856323,236.004791,196.759567,1304.245605,458.399902,143.978989,1364.997681,406.793976,131.289597,1292.368896,497.059723,-128.370407,1322.254517,-76.271637,-123.422256,1415.74292,70.06012,-206.255707,1271.28833,134.847183,-166.679306,1205.290527,273.445068,-101.269096,1204.538818,533.165649,-160.360092,1278.065552,530.214233,-110.466843,1191.589355,605.367798,165.185059,1053.70166,119.735382,162.142166,1079.485107,-77.24752,-109.858871,1084.698364,-79.391281,-104.966644,1064.83374,132.744064
1.575,-3.607652,1685.722168,-4.559195,4.164268,1666.610474,102.294273,-81.768082,1620.387329,30.224352,11.648512,1424.962646,-64.322258,72.159515,1255.272705,-113.67392,-42.422596,1249.092407,-110.660767,0.255639,1310.272705,159.942581,173.507874,1334.617798,-78.207848,156.057236,1428.103149,61.007896,288.708282,1275.209839,119.513802,329.132416,1250.397583,238.740875,192.710785,1310.184204,458.642548,146.006821,1375.350098,406.914185,124.281029,1302.018799,494.348572,-128.373108,1323.489014,-75.426773,-123.410568,1416.71582,71.233604,-206.277649,1272.479004,135.768402,-167.104202,1206.461792,274.502258,-102.069382,1205.739624,533.624268,-160.587479,1279.547241,531.095398,-110.905602,1193.235229,606.530334,164.906387,1054.019409,120.180138,162.036087,1080.906616,-76.682098,-109.952568,1086.031616,-79.090256,-104.951981,1065.225586,132.982697
1.583,-3.643852,1686.219727,-5.09332,4.012242,1667.817505,101.833832,-81.83239,1621.106934,30.040518,11.625324,1425.880615,-63.286156,72.487404,1256.635986,-112.955414,-42.339733,1250.312744,-109.895912,0.077409,1311.071899,160.835999,173.703842,1335.863647,-76.98008,155.550659,1429.169434,62.247967,287.817413,1276.83606,121.750771,327.010559,1251.809082,241.67485,188.792297,1316.036743,459.321594,148.263412,1385.112793,407.734985,117.919174,1311.759644,492.030396,-128.328934,1324.584229,-74.353424,-123.334305,1417.621582,72.238251,-206.337921,1273.471558,136.695847,-167.329651,1207.393066,275.517914,-102.048279,1207.263794,535.306091,-160.744965,1281.027344,532.033875,-111.239563,1194.747681,607.685181,164.689438,1054.211792,120.651405,161.999222,1082.18103,-76.121201,-110.129097,1087.428955,-78.676331,-104.897026,1065.580933,133.21846
1.592,-3.722797,1686.601196,-5.533669,3.990009,1668.935669,101.485947,-81.844009,1621.717041,30.128063,11.699615,1426.816284,-62.26786,72.555771,1257.740601,-111.976128,-42.282047,1251.446899,-109.254646,-0.066503,1311.422241,161.855042,173.946945,1336.915527,-75.790878,155.035492,1430.050781,63.433857,286.577332,1278.187378,124.386345,324.811127,1253.112427,244.585449,185.058182,1321.847656,460.392334,150.835205,1394.467285,409.093689,112.134933,1321.802002,489.987,-128.270248,1325.686157,-73.662758,-123.270523,1418.391602,73.230652,-206.302414,1274.223022,137.54567,-167.738922,1208.218872,276.513214,-102.383591,1208.478271,536.324768,-160.848938,1282.280884,532.825134,-111.444771,1196.237671,608.61676,164.499756,1054.276245,121.015991,161.923904,1083.268555,-75.560692,-110.272964,1088.540283,-78.317917,-104.835342,1065.96521,133.490051
1.6,-3.805841,1686.988037,-5.910211,3.957105,1670.020508,101.144852,-81.919937,1622.286621,30.03323,11.803301,1427.638794,-61.315434,72.807434,1258.776367,-111.234161,-42.136219,1252.574585,-108.602364,-0.160924,1311.826538,162.669388,174.322708,1337.988037,-74.54776,154.361404,1430.917114,64.691589,285.335785,1279.487061,127.027451,322.08374,1254.168091,247.684509,181.530258,1327.496948,461.721008,153.443985,1403.127319,411.127075,107.24044,1331.602783,488.509949,-128.239487,1326.640503,-72.873962,-123.287086,1419.092163,74.233757,-206.35112,1274.9729,138.328827,-168.159424,1208.979248,277.409912,-102.70266,1209.332275,536.984375,-161.054382,1283.4198,533.592224,-111.632561,1197.438232,609.55426,164.342773,1054.293213,121.327461,161.903381,1084.365723,-75.130463,-110.457634,1089.68811,-78.140923,-104.765869,1066.2854,133.758514
1.608,-3.914616,1687.392578,-6.47025,3.840119,1670.924683,100.812195,-81.945107,1622.778931,29.934654,11.962186,1428.40271,-60.476543,73.003517,1259.889893,-110.499573,-41.956169,1253.49585,-107.99305,-0.310296,1312.160645,163.458878,174.622009,1338.951782,-73.350456,153.667099,1431.679199,65.893211,283.686737,1280.593018,129.841797,319.185883,1255.14209,250.989563,178.224106,1332.903809,463.236206,156.29274,1410.832886,413.538544,103.167686,1341.415405,488.172089,-128.092133,1327.50354,-72.166016,-123.271751,1419.653931,75.088249,-206.446487,1275.669067,138.9897,-168.494827,1209.581177,278.132965,-104.49041,1209.16687,533.998718,-161.155701,1284.479736,534.32843,-111.828087,1198.550293,610.341675,164.204575,1054.255493,121.553833,161.868271,1085.224609,-74.721046,-110.629128,1090.740723,-77.805038,-104.745857,1066.591797,134.00499
1.617,-3.961839,1687.742798,-6.851668,3.770394,1671.722656,100.485519,-81.987816,1623.195923,29.871485,12.063608,1429.214111,-59.754517,73.322403,1260.848633,-109.782448,-41.7612,1254.430908,-107.505722,-0.494575,1312.471436,164.186188,174.990051,1339.913574,-72.130486,153.170776,1432.353394,67.103592,281.685577,1281.354248,132.707291,315.923309,1255.860352,254.270248,175.162415,1338.10022,464.989563,158.867493,1418.032471,416.616425,99.830162,1351.0271,488.377716,-128.020996,1328.361572,-71.577148,-123.233559,1420.189331,75.901711,-206.576218,1276.222412,139.465683,-168.877304,1210.098877,278.866364,-104.862183,1209.875488,534.496521,-161.263199,1285.323486,535.012573,-111.892754,1199.476318,611.106079,164.070862,1054.188599,121.71373,161.768402,1086.118042,-74.385292,-110.857201,1091.64502,-77.614021,-104.707207,1066.869629,134.177917
1.625,-4.015649,1688.004761,-7.1998,3.781734,1672.537598,100.208641,-81.993668,1623.647949,29.783587,12.144262,1429.738037,-59.002602,73.6679,1261.776001,-109.180748,-41.602448,1255.316772,-107.1455,-0.574225,1312.693604,164.838135,175.427429,1340.794434,-70.910896,152.691452,1433.103882,68.34156,279.559479,1282.109619,135.713669,312.369781,1256.443237,257.427795,172.460098,1342.929077,467.12854,161.635498,1424.357666,420.187012,97.098953,1360.273193,489.614777,-127.877716,1329.108154,-71.044746,-123.215683,1420.669556,76.646744,-206.748032,1276.754395,139.842422,-169.132294,1210.489502,279.401947,-105.035995,1210.510864,534.923645,-161.434326,1286.053467,535.243713,-112.044815,1200.323242,611.7099,163.948334,1054.106934,121.795616,161.743713,1086.962524,-74.148941,-110.976143,1092.494873,-77.312202,-104.6912,1067.156494,134.34491
1.633,-4.079699,1688.220825,-7.526557,3.77761,1673.172852,99.878334,-82.157372,1624.00769,29.327353,12.36383,1430.345825,-58.351833,73.996689,1262.577515,-108.651642,-41.348953,1256.116333,-106.785316,-0.684397,1312.846558,165.416534,175.910599,1341.557373,-69.727219,152.207565,1433.677734,69.429878,277.21521,1282.501343,138.475845,308.844299,1257.002441,260.752563,169.966675,1347.526611,469.548157,164.184753,1429.959473,424.073792,95.137665,1368.886719,491.384583,-127.652901,1329.785889,-70.579346,-123.240738,1421.028442,77.22493,-206.938797,1277.129272,140.236588,-169.363113,1210.819092,279.823303,-105.171249,1211.055054,535.453491,-161.550735,1286.552734,535.686646,-112.088654,1200.960449,612.073242,163.799957,1054.010376,121.811554,161.666748,1087.626465,-74.015709,-111.128395,1093.279907,-77.14756,-104.695801,1067.468384,134.508194
1.642,-4.162119,1688.393433,-7.794695,3.674485,1673.772705,99.662239,-82.221992,1624.257324,29.251051,12.569064,1430.901733,-57.781513,74.367371,1263.433716,-108.156914,-40.983467,1256.77063,-106.38044,-0.611566,1313.043579,165.729111,176.304642,1342.30542,-68.587082,151.750778,1434.265137,70.609268,274.826538,1282.661377,141.229141,304.916382,1257.300293,263.998413,167.921692,1351.73877,472.588959,166.700058,1434.84668,428.086334,93.572983,1376.682617,493.08252,-127.516167,1330.311279,-70.2006,-123.256943,1421.390747,77.710983,-207.125244,1277.469727,140.520294,-169.573959,1211.029663,280.162994,-105.273628,1211.430786,535.869019,-161.624023,1286.925293,536.110901,-112.111557,1201.466187,612.545654,163.673172,1053.94397,121.727531,161.570999,1088.223877,-73.991196,-111.290466,1094.026123,-77.017906,-104.721863,1067.768311,134.689682
1.65,-4.229766,1688.508545,-8.036826,3.559078,1674.211548,99.397964,-82.30117,1624.469727,29.215437,12.827741,1431.361206,-57.201843,74.84388,1264.17334,-107.588959,-40.472481,1257.679077,-107.386681,-0.777536,1313.058716,166.209641,176.820404,1342.920776,-67.416031,151.426117,1434.769653,71.763077,272.512787,1282.698242,143.939651,300.840393,1257.515015,266.949219,166.347839,1355.513062,475.840881,169.175507,1439.052124,432.514465,93.037163,1384.213745,496.863647,-127.314957,1330.892578,-69.999344,-123.242851,1421.69458,78.1353,-207.282211,1277.726318,140.69371,-169.800247,1211.141602,280.370728,-105.362152,1211.642578,536.161499,-161.706726,1287.136719,536.358826,-112.127159,1201.797241,612.852844,163.533051,1053.903442,121.596039,161.454254,1088.798706,-73.982086,-111.382309,1094.625244,-76.962509,-104.831535,1068.032104,134.767899
1.658,-4.307429,1688.5896,-8.32695,3.464216,1674.56311,99.129723,-82.390778,1624.695801,29.146235,13.033922,1431.791504,-56.638535,75.217087,1264.760254,-107.172112,-40.224751,1258.1698,-106.816605,-0.992272,1313.064453,166.597946,177.31543,1343.49585,-66.369415,151.108078,1435.14502,72.836716,270.16214,1282.292725,146.427795,296.759125,1257.656372,270.162323,165.179367,1358.764404,479.406647,171.648529,1442.661621,437.262909,94.02195,1391.89978,503.890289,-127.113594,1331.422974,-69.724541,-123.236427,1421.927246,78.506096,-207.416733,1277.921509,140.781479,-170.018143,1211.158447,280.467346,-105.44149,1211.702515,536.261719,-161.82103,1287.250122,536.5448,-112.135719,1201.956787,613.050354,163.421738,1053.90564,121.393486,161.354874,1089.302002,-74.057404,-111.474861,1095.166504,-76.969475,-104.958183,1068.276245,134.824814
1.667,-4.375004,1688.681519,-8.528672,3.368608,1674.965698,98.899048,-82.469826,1624.857666,29.071739,13.24378,1432.124878,-56.250732,75.662331,1265.310913,-106.864532,-39.946518,1258.694946,-106.764847,-1.240478,1313.060791,166.905701,177.786545,1344.013428,-65.314041,150.903244,1435.470825,73.876366,267.818115,1281.881348,148.857254,292.319916,1257.553711,272.884552,164.480179,1361.393066,482.962646,174.148056,1445.459961,442.376556,94.799751,1397.59729,509.020935,-126.912354,1331.839478,-69.545921,-123.158218,1422.294312,78.445145,-207.534164,1278.044312,140.751999,-170.219315,1211.049194,280.404358,-103.871223,1212.870972,540.333923,-161.957352,1287.24939,536.65033,-112.099785,1201.979004,613.09137,163.29744,1053.926147,121.177925,161.244003,1089.733887,-74.179565,-111.57695,1095.645752,-77.016037,-105.102013,1068.515503,134.819962
1.675,-4.479256,1688.72168,-8.745165,3.265741,1675.359985,98.780693,-82.54641,1624.962524,29.021475,13.5293,1432.467285,-55.886024,76.20652,1265.845825,-106.564323,-39.666702,1259.107544,-106.563965,-1.487134,1313.031006,167.140884,178.310867,1344.453369,-64.319237,150.878204,1435.884033,74.791016,265.577484,1281.645996,151.230759,288.100433,1257.44812,275.678558,163.835754,1363.276123,487.489838,176.906601,1447.434326,448.106628,95.73259,1402.127197,514.242554,-126.666504,1332.146851,-69.51001,-123.289055,1422.342529,78.809067,-207.621338,1278.102783,140.608383,-170.373123,1210.859009,280.220734,-103.903015,1212.702026,540.394775,-162.063797,1287.058716,536.580688,-112.067436,1201.852783,612.988831,163.210785,1053.997559,120.904518,161.120056,1090.095337,-74.374786,-111.696861,1096.024902,-77.113892,-106.47113,1068.136475,134.190872
1.683,-4.587553,1688.727051,-8.932884,3.148616,1675.569092,98.581291,-82.655945,1625.012329,28.903828,13.826905,1432.731689,-55.550209,76.688667,1266.262451,-106.275314,-39.332027,1259.497925,-106.516647,-1.82008,1313.044922,167.353745,178.86412,1344.792847,-63.377857,150.705658,1436.032593,75.895836,263.455658,1281.177612,153.376526,283.890106,1257.121094,278.160889,163.399063,1364.32959,491.503784,179.723114,1448.727905,454.081268,97.049797,1405.778687,520.173584,-126.380814,1332.409546,-69.561501,-123.30999,1422.463867,78.892235,-207.716415,1278.091919,140.347458,-170.584839,1210.550415,279.916412,-104.65152,1211.807739,538.68512,-162.236969,1286.613525,536.18512,-112.026321,1201.554932,612.783081,163.060059,1054.019897,120.585945,161.003021,1090.366943,-74.621689,-111.810837,1096.337646,-77.258438,-106.016617,1068.691162,134.460388
1.692,-4.765525,1688.665527,-9.204154,2.98618,1675.667603,98.415192,-82.745689,1625.004272,28.77429,14.104013,1432.920288,-55.300014,77.177353,1266.636597,-106.043846,-38.959774,1259.814087,-106.514549,-2.189243,1313.044922,167.516556,179.275177,1345.009155,-62.494225,150.510345,1436.166382,76.692116,261.35556,1280.731079,155.40155,279.535706,1256.932861,280.529449,163.255615,1364.625244,496.040558,182.638824,1449.14624,460.257935,99.007362,1408.452271,526.717651,-126.063866,1332.781616,-69.895462,-123.341255,1422.523071,78.861855,-207.802414,1278.005127,139.987274,-170.776367,1210.23999,279.560822,-104.38961,1211.402588,539.361267,-162.392654,1285.932983,535.5401,-112.003754,1201.066772,612.433105,162.939896,1054.168335,120.194908,160.868195,1090.552002,-74.884575,-111.908783,1096.570068,-77.471611,-106.348724,1068.910522,134.202545
1.7,-4.922897,1688.659546,-9.273306,2.834029,1675.738037,98.272209,-82.852119,1624.964844,28.658497,14.415372,1433.069092,-55.131474,77.652466,1266.96228,-105.881912,-38.574615,1260.061768,-106.558273,-2.68701,1313.096191,167.689713,179.751541,1345.196655,-61.636921,150.403946,1436.381348,77.312477,259.507385,1280.226562,157.38916,275.352875,1256.448364,282.697662,163.092056,1364.052368,500.409485,185.701218,1448.668335,466.688019,102.147453,1410.626831,535.325745,-125.734734,1332.987183,-70.106506,-123.376534,1422.536377,78.746597,-207.891953,1277.855347,139.534164,-171.02153,1209.802612,278.979645,-104.458885,1210.761475,539.156128,-162.487198,1285.284058,535.190308,-111.995903,1200.341064,611.992737,162.80632,1054.257324,119.844292,160.725708,1090.638062,-75.100769,-111.994446,1096.655884,-77.718559,-106.362885,1069.145386,134.102631
1.708,-5.061729,1688.594971,-9.384668,2.683297,1675.731323,98.187309,-82.94487,1624.877197,28.580727,14.758708,1433.154907,-55.009888,78.019447,1267.11145,-105.828362,-38.189323,1260.199585,-106.701263,-3.243377,1313.123047,167.754639,180.167603,1345.341431,-60.888817,150.211838,1436.340698,77.977798,257.678375,1279.938477,159.121841,271.356018,1256.218994,284.588959,163.001434,1362.955566,504.990631,188.641312,1447.394653,473.066162,104.7183,1410.981689,542.258545,-125.456825,1333.126587,-70.422585,-123.425888,1422.502075,78.537773,-207.989929,1277.636353,138.939819,-171.279053,1209.352173,278.370117,-104.559311,1209.996826,538.810913,-162.671829,1284.371216,534.883606,-111.969376,1199.322021,611.505188,162.697449,1054.325195,119.568031,160.558853,1090.671875,-75.368027,-112.082047,1096.691528,-78.002205,-106.614944,1069.291382,133.867401
1.717,-5.157374,1688.478394,-9.435555,2.560199,1675.642212,98.154312,-83.034012,1624.730347,28.540417,14.978947,1433.175659,-55.034679,78.445625,1267.232544,-105.847153,-37.785713,1260.275024,-106.923668,-3.77441,1313.061768,167.748672,180.50856,1345.386841,-60.220276,149.916046,1436.314331,78.478584,255.718613,1279.408569,160.598145,267.504303,1255.584106,286.132568,163.362885,1360.837402,509.167358,191.633545,1445.158203,479.43811,107.587875,1410.17627,549.610168,-125.147896,1333.195068,-70.841118,-123.483803,1422.409424,78.272949,-208.124435,1277.427856,138.353851,-171.357758,1208.758301,277.751465,-104.617241,1209.129883,538.417236,-162.74826,1283.31604,534.409546,-112.141731,1198.287964,610.773254,162.537216,1054.334473,119.24334,160.379303,1090.619263,-75.663261,-112.108986,1096.647949,-78.348709,-106.889305,1069.490234,133.578934
1.725,-5.340575,1688.331787,-9.567847,2.414915,1675.443604,98.1576,-83.128967,1624.499878,28.375116,15.18835,1433.096924,-55.162876,78.901558,1267.259888,-105.857529,-37.467094,1260.251343,-107.201431,-4.253279,1313.015259,167.705612,180.778687,1345.298828,-59.596153,149.753052,1436.343994,78.831184,254.023697,1279.005127,162.013351,263.855774,1254.985718,287.510132,163.726105,1357.852539,513.545044,194.473953,1442.074707,485.623383,110.867477,1408.099243,556.997375,-124.921211,1333.138062,-71.263329,-123.570061,1422.217285,77.900963,-208.313828,1277.169678,137.649567,-171.529434,1208.06189,276.823914,-105.001831,1207.630371,537.300354,-162.868713,1282.156006,533.790588,-112.237701,1197.027832,609.978882,162.328903,1054.282349,118.844391,160.191437,1090.482788,-75.968605,-112.166878,1096.498779,-78.657394,-106.416054,1069.911133,133.460052
1.733,-5.433547,1688.153442,-9.562577,2.273075,1675.144531,98.219078,-83.20446,1624.269897,28.26096,15.378631,1432.970215,-55.347721,79.311386,1267.163574,-105.952576,-37.145687,1260.155762,-107.639961,-4.707128,1312.965698,167.60762,181.038177,1345.161377,-59.106594,149.572372,1436.275146,79.10228,252.668106,1278.599976,163.0634,260.381714,1254.326416,288.591248,164.375122,1354.14978,517.368286,197.284012,1438.03186,491.759766,114.193298,1404.65564,564.276917,-124.755386,1332.94397,-71.668243,-123.646713,1421.94043,77.457893,-208.50853,1276.799438,136.899094,-171.720062,1207.300293,275.8974,-105.295929,1206.299805,536.278748,-163.121277,1280.768555,533.22229,-112.485031,1195.511475,609.172852,162.130234,1054.170166,118.511932,160.025955,1090.256226,-76.269234,-112.151405,1096.239136,-79.000595,-106.643562,1069.956299,133.134109
1.742,-5.487241,1687.902466,-9.496053,2.116714,1674.729126,98.32547,-83.283463,1624.00647,28.162889,15.575078,1432.705444,-55.63459,79.681839,1266.985596,-106.107758,-36.845043,1259.914673,-107.963783,-5.266459,1312.827881,167.464722,181.26825,1344.972534,-58.76342,149.409744,1436.162598,79.268326,251.140533,1278.093506,163.886688,257.065277,1253.393066,289.318237,165.212799,1349.591553,521.719116,199.743393,1433.086792,497.802917,117.723549,1399.934448,571.403137,-124.568977,1332.746094,-72.209015,-123.772636,1421.611328,76.949913,-208.701035,1276.324463,136.025543,-171.832199,1206.512207,274.958984,-105.427673,1205.013306,535.691162,-163.470734,1279.340576,532.423523,-112.630432,1193.890259,608.105713,161.917694,1053.953247,118.220428,159.84552,1089.884644,-76.597725,-112.14328,1095.897217,-79.477516,-106.8573,1069.922607,132.777954
1.75,-5.539649,1687.653198,-9.332004,1.921739,1674.147217,98.376472,-83.359695,1623.67749,28.26157,15.605303,1432.370239,-55.092297,80.014801,1266.723633,-106.307785,-36.567738,1259.518311,-108.343002,-5.970237,1312.667114,167.21376,181.45726,1344.75,-58.560024,149.278809,1435.987427,79.400307,249.727219,1277.394409,164.418488,253.94368,1252.293457,289.765198,166.245758,1343.972412,525.318726,202.347809,1427.327759,503.388519,121.518799,1393.78479,578.430847,-124.338341,1332.436157,-72.875305,-123.821457,1421.276367,76.202232,-208.858963,1275.650635,135.170303,-171.992096,1205.529663,273.883301,-106.015259,1203.060913,533.729492,-163.690933,1277.714233,531.536255,-112.674232,1192.154297,607.494263,161.690933,1053.645508,117.951759,159.759552,1089.468628,-76.822151,-112.122452,1095.507568,-79.896553,-107.101082,1069.851685,132.399368
1.758,-5.547706,1687.28064,-9.017584,1.864879,1673.616455,98.553116,-83.441643,1623.217407,28.447905,15.620574,1432.019043,-55.062851,80.330475,1266.307861,-106.575699,-36.314735,1259.072998,-108.882286,-6.700315,1312.461426,166.907288,181.639954,1344.450195,-58.470215,149.175919,1435.755005,79.392006,248.310303,1276.591797,164.628891,250.844574,1251.10144,289.930511,167.467865,1337.37085,528.585815,204.800583,1420.929199,508.660187,125.343758,1386.378052,585.069519,-124.148758,1331.988892,-73.624771,-124.172272,1420.621216,75.721664,-209.12413,1274.974365,134.193115,-172.093643,1204.485718,272.878052,-106.08577,1201.618408,533.10199,-164.095016,1276.000977,530.681274,-112.739784,1190.66626,607.961731,161.479462,1053.236572,117.730362,159.71608,1088.919312,-77.065331,-112.100334,1095.051636,-80.29023,-107.379509,1069.632324,131.918808
1.767,-5.58471,1687.005615,-8.691646,1.896846,1672.892944,98.828995,-83.513092,1622.848633,28.61331,15.964292,1431.598999,-57.088848,80.653404,1265.776978,-106.951897,-36.024578,1258.549316,-109.421486,-7.298867,1312.136963,166.453857,181.794769,1344.063721,-58.539318,149.077011,1435.371338,79.279839,246.894104,1275.695312,164.925034,247.889053,1249.770142,289.710114,168.79657,1330.116455,531.642395,207.186462,1413.61853,513.783875,129.225128,1377.621094,591.267822,-124.072159,1331.44873,-74.436829,-124.434273,1420.04541,75.028229,-209.350983,1274.207031,133.278503,-172.157196,1203.401489,271.626556,-106.051376,1199.998535,532.429626,-164.487732,1273.964111,529.62677,-112.95166,1188.812744,606.670715,161.284409,1052.841064,117.520424,159.731979,1088.255127,-77.275696,-112.065079,1094.443848,-80.802635,-107.650169,1069.471558,131.516968
1.775,-5.624089,1686.730225,-8.416328,1.764164,1672.083618,99.108078,-83.597961,1622.453735,28.579512,16.021708,1431.096069,-57.881229,81.000031,1265.122437,-107.412338,-35.716255,1257.916748,-110.1782,-7.915985,1311.701416,165.887421,181.976654,1343.572021,-58.721325,149.048248,1434.92041,79.05423,245.502274,1274.546875,164.787155,245.177155,1248.286499,289.272736,170.196945,1321.927002,534.181396,209.636276,1405.591919,518.458801,133.15976,1367.539429,596.854065,-123.877869,1330.811401,-75.290146,-124.629738,1419.412964,74.18367,-209.489166,1273.25415,132.160446,-172.148163,1202.191772,270.34494,-106.452553,1197.952271,530.747681,-164.880112,1272.066406,528.605042,-113.257843,1186.61731,605.639771,161.098618,1052.29248,117.321228,159.765564,1087.478638,-77.46386,-112.015884,1093.759766,-81.321556,-107.932495,1069.214233,131.123322
1.783,-5.59425,1686.34314,-7.918761,1.624538,1671.155762,99.388428,-83.720688,1621.916504,28.585207,16.047705,1430.494873,-58.576843,81.220947,1264.478027,-108.019745,-35.428219,1257.030151,-110.860748,-8.490145,1311.217407,165.329071,182.101044,1342.900269,-59.074848,149.08139,1434.233765,78.619652,243.755112,1273.200806,164.873199,242.45018,1246.500488,288.460052,171.584183,1313.002686,536.357483,211.797394,1396.834595,522.207031,137.184891,1356.240356,601.828003,-123.718353,1329.913208,-76.068039,-124.929939,1418.703857,73.178101,-209.691406,1272.354004,130.984116,-172.103653,1200.859619,269.023651,-106.501808,1196.201294,530.001404,-165.312363,1269.845215,527.480774,-113.545502,1184.383667,604.321289,160.865875,1051.62207,117.17041,159.750229,1086.603027,-77.729698,-111.910065,1092.972656,-81.97493,-108.24353,1068.834229,130.67778
1.792,-5.666541,1685.99707,-7.439597,1.604158,1670.128418,99.820099,-83.848099,1621.372925,28.543989,16.01545,1429.847168,-59.575497,81.537796,1263.603149,-108.624451,-35.26149,1256.214844,-111.642769,-9.291838,1310.7323,164.459778,182.222809,1342.193604,-59.547333,149.178375,1433.550537,78.160446,242.490692,1271.696045,164.329086,239.926132,1244.610229,287.34375,172.996948,1303.275024,537.883118,213.992584,1387.412109,525.8302,141.087036,1343.892944,606.159668,-123.574776,1329.090454,-77.16684,-125.204193,1417.928101,72.142029,-209.744446,1271.18689,129.76355,-172.079941,1199.491943,267.658783,-108.276642,1192.866089,524.322449,-165.786652,1267.621704,526.254822,-113.836578,1182.010498,603.04834,160.635071,1050.982666,117.050621,159.811691,1085.618896,-77.85952,-111.817123,1092.047729,-82.542374,-108.576675,1068.377441,130.318619
1.8,-5.737339,1685.620972,-6.966283,1.480056,1669.031494,100.187164,-83.959404,1620.771729,28.436192,16.064945,1429.000977,-60.465179,81.709747,1262.5354,-109.36911,-35.076061,1255.11084,-112.480835,-10.083364,1309.928711,163.791687,182.290237,1341.30542,-60.152626,149.291443,1432.746704,77.615387,241.117325,1269.88855,163.587738,237.597824,1242.308228,286.126526,174.399887,1293.025024,538.85968,216.128967,1377.207642,529.5672,145.018646,1330.440796,609.756165,-123.43853,1328.059448,-78.3358,-125.493271,1416.957031,71.044167,-209.846268,1269.951538,128.527176,-171.937958,1197.984497,266.091003,-108.842621,1190.557129,522.432129,-166.316452,1265.212158,524.849426,-114.377281,1179.342529,601.142334,160.42218,1050.356079,116.951385,159.910431,1084.428223,-78.080078,-111.747833,1091.079956,-83.14006,-108.960487,1067.879883,129.945389
1.808,-5.885407,1685.144409,-6.389154,1.368089,1667.853516,100.615295,-84.032875,1620.052856,28.946894,16.146067,1428.218872,-61.581848,81.898659,1261.425415,-110.158203,-34.864426,1253.957031,-113.281845,-10.727806,1309.503906,162.710022,182.421951,1340.351318,-60.840878,149.494705,1431.714111,76.892471,239.872787,1267.971802,162.739746,235.282135,1239.861694,284.696472,175.996719,1282.156494,539.320129,217.929337,1366.34668,532.918213,148.638062,1316.301514,612.509949,-123.306099,1326.976562,-79.514969,-125.776779,1416.050903,69.742783,-209.899765,1268.700928,127.035095,-171.807327,1196.414551,264.482727,-109.195312,1188.230103,520.674622,-166.947021,1262.640625,523.352539,-114.635925,1176.865723,599.631226,160.156326,1049.574097,116.878654,159.990616,1083.289429,-78.246353,-111.54554,1089.90564,-83.816353,-109.375504,1067.321289,129.50528
1.817,-6.004313,1684.572632,-5.81547,1.295786,1666.539551,101.11898,-84.190536,1619.263184,28.967968,16.18388,1427.357666,-62.746628,82.151558,1260.10437,-111.010872,-34.68327,1252.580078,-114.188576,-11.488258,1308.583984,161.64798,182.529114,1339.225708,-61.744678,149.808167,1430.640869,76.16143,238.605255,1265.730713,161.604187,233.11174,1237.286743,283.019531,177.197189,1270.836304,539.333191,219.78392,1355.036377,535.383362,152.341705,1301.264038,614.599915,-123.295227,1325.691895,-80.840103,-126.058418,1415.148193,68.281967,-209.949051,1267.405884,125.527336,-171.709259,1194.874146,262.753479,-109.284416,1186.007568,518.92572,-167.414368,1260.162964,521.859314,-115.001831,1174.107788,597.699585,159.963531,1048.834351,116.886513,160.134109,1081.901978,-78.436745,-111.452118,1088.747437,-84.441849,-109.839279,1066.765259,129.209183
1.825,-6.131552,1684.006104,-5.115258,1.118907,1665.145752,101.545914,-84.35482,1618.446899,28.980875,16.221251,1426.4021,-64.153625,82.316628,1258.751953,-111.970337,-34.489567,1251.170654,-115.179901,-12.065742,1307.721924,160.411423,182.623245,1338.084106,-62.769726,150.159958,1429.414551,75.280716,237.308197,1263.303955,160.397781,230.987503,1234.516724,281.151917,178.25795,1259.324341,538.32605,221.451004,1343.327515,537.377075,155.673431,1285.858276,615.941895,-123.113739,1324.445068,-82.309189,-126.317215,1414.194214,66.614525,-209.905823,1265.872681,123.931435,-171.570953,1193.194702,260.961823,-109.566101,1183.500977,517.008057,-167.888687,1257.596802,520.151123,-116.090073,1170.583008,593.388062,159.765503,1048.028687,116.883461,160.354019,1080.518555,-78.58905,-111.361115,1087.46228,-85.119202,-110.373848,1066.212402,128.956894
1.833,-6.254811,1683.490112,-4.458913,1.084241,1663.677734,102.071114,-84.449966,1617.660522,28.962036,16.444794,1425.421387,-65.679314,82.569206,1257.182129,-113.019302,-34.360607,1249.619019,-116.30542,-12.558559,1306.859863,158.790619,182.799759,1336.690674,-63.832775,150.487305,1428.232056,74.445038,236.204956,1260.738647,158.972305,229.034744,1231.271606,279.189087,179.729004,1247.101196,537.032288,222.996429,1331.23645,538.760559,159.105347,1269.712158,615.932495,-123.011116,1322.950439,-83.571144,-126.648529,1413.26062,64.950157,-209.923416,1264.522949,122.223328,-171.471542,1191.657959,258.946747,-109.721359,1181.061157,515.021179,-168.302216,1254.87146,518.385681,-116.307175,1167.77063,591.354431,159.609619,1047.234253,116.954948,160.567703,1078.973755,-78.757416,-111.267082,1086.132568,-85.760513,-110.920082,1065.526123,128.743378
1.842,-6.33653,1682.925903,-3.858688,1.028605,1662.071167,102.608383,-84.47612,1616.601562,29.240877,16.670469,1424.307617,-67.306793,82.681442,1255.573975,-114.144936,-34.134045,1247.964111,-117.412773,-12.795612,1305.99707,157.11618,182.997345,1335.417114,-65.07888,150.978638,1426.799683,73.241341,235.094238,1258.04126,157.496933,227.187012,1228.287842,277.136353,181.369644,1234.449951,534.903503,224.579086,1319.205688,539.709229,162.134262,1253.927368,615.476135,-122.797707,1321.598999,-85.324203,-126.893547,1412.208618,63.128384,-209.942535,1263.112793,120.413612,-171.367294,1190.057495,256.908203,-110.01165,1178.518555,512.848328,-168.704742,1252.179443,516.559631,-116.679756,1164.817017,588.960144,159.46759,1046.396362,117.067337,160.760803,1077.392578,-78.887466,-111.13903,1084.70874,-86.337227,-111.35405,1064.918213,128.621414
1.85,-6.388431,1682.188843,-3.124729,1.06096,1660.376709,103.095566,-84.599686,1615.531616,29.426874,16.946304,1423.095459,-68.997589,82.965721,1253.875488,-115.281616,-33.898426,1246.300049,-118.611359,-12.710867,1305.061279,155.34433,183.177734,1333.879395,-66.196693,151.214981,1425.498291,72.074226,233.938934,1255.25354,156.063721,224.291382,1224.875977,275.34903,181.794907,1222.803711,532.927612,225.869751,1307.222046,540.012329,165.501724,1237.560913,614.00177,-122.570511,1320.087524,-86.875359,-127.079803,1411.335083,61.184002,-209.911667,1261.654419,118.450874,-171.224258,1188.345093,254.742172,-110.241455,1175.933472,510.705109,-169.007172,1249.609497,514.55603,-117.414688,1161.654053,586.499878,159.421829,1045.581787,117.253555,160.922668,1075.54541,-78.983803,-110.988297,1083.274414,-86.803116,-111.824959,1064.255859,128.50351
1.858,-6.454565,1681.331421,-2.294935,1.196629,1658.65625,103.59362,-84.583763,1614.576538,29.365891,17.244028,1421.917969,-70.802925,83.176224,1252.179321,-116.485626,-33.662025,1244.580933,-119.948586,-12.535153,1304.121948,153.355911,183.35762,1332.349487,-67.461853,151.537735,1424.15625,70.980629,232.810562,1252.434082,154.507324,222.328583,1221.36792,273.172363,183.009674,1211.405029,529.937683,227.281082,1295.285522,539.602356,168.543701,1221.641968,611.972839,-122.272827,1318.62146,-88.757004,-127.316994,1410.522705,58.890995,-209.953262,1260.362671,116.472702,-171.157318,1186.868286,252.528992,-110.371513,1173.526733,508.362701,-169.402496,1246.942383,512.487305,-117.266624,1158.942017,584.220398,159.223526,1044.695557,117.472916,161.090012,1073.722656,-79.142067,-110.850105,1081.794434,-87.21772,-112.152405,1063.572266,128.427185
1.867,-6.438912,1680.612915,-1.644995,1.393488,1656.7323,104.099792,-84.476387,1613.385742,29.458157,17.647383,1420.595581,-72.630829,83.387451,1250.309082,-117.742584,-33.353088,1242.7323,-121.26123,-12.265397,1303.194336,151.417526,183.690552,1330.823242,-68.653603,151.68811,1422.789795,69.958206,231.741592,1249.602661,152.955627,220.463669,1217.699219,270.847931,183.135712,1200.783081,526.60498,228.429596,1283.231812,539.30426,170.985916,1206.58313,609.088257,-121.979729,1317.086914,-90.670944,-127.279457,1409.614746,56.767368,-210.047913,1259.073853,114.365059,-171.115784,1185.250732,250.18457,-110.439445,1171.019775,505.963074,-169.712341,1244.361816,510.387726,-117.644791,1155.898438,581.598877,159.038895,1043.866089,117.6894,161.228775,1071.909424,-79.155075,-110.6856,1080.312988,-87.534332,-112.464012,1062.940674,128.409866
1.875,-6.329924,1679.90564,-1.030774,1.634646,1654.954224,104.582237,-84.417435,1612.318848,29.500479,18.13813,1419.266602,-74.487404,83.772034,1248.523926,-118.935089,-33.064388,1240.974976,-122.545647,-11.941086,1302.290894,149.442398,184.042114,1329.302368,-69.848335,151.991791,1421.346191,68.863777,230.726562,1246.886963,151.345016,218.886932,1213.678345,268.456329,184.176239,1190.143433,523.138672,229.64502,1272.064453,537.921509,173.154831,1192.022949,605.621216,-121.499664,1315.522461,-92.554802,-127.355103,1408.689087,54.64986,-210.149033,1257.91687,112.124451,-171.154114,1183.758667,247.676193,-110.698799,1168.600098,503.418518,-169.86644,1241.94043,508.114929,-118.210487,1152.871704,578.996033,158.888443,1043.067261,117.905838,161.41478,1069.971069,-79.157066,-110.582542,1078.712646,-87.901382,-112.667458,1062.308105,128.243927
1.883,-6.134763,1679.070312,-0.30211,1.811545,1653.1427,104.893845,-84.240501,1611.343994,29.549711,18.625187,1417.915039,-76.334198,84.080147,1246.75061,-120.019257,-32.835999,1238.92395,-123.00164,-11.596503,1301.42749,147.596252,184.448288,1327.838745,-71.026619,152.268127,1419.924927,68.059341,229.812393,1244.119995,149.737885,217.256866,1209.502808,265.8479,184.305313,1180.295288,519.533691,230.796616,1261.358032,535.944153,174.765259,1179.346069,602.030518,-121.149117,1313.996826,-94.409584,-127.454712,1407.825806,52.576363,-210.256531,1256.745239,109.895576,-171.28479,1182.305664,245.221359,-110.822151,1166.294067,500.788452,-170.022293,1239.526855,505.838562,-118.301918,1150.215088,576.29126,158.48085,1042.134644,118.241364,161.54248,1067.967041,-79.153839,-110.384644,1077.151123,-88.210815,-112.760017,1061.645752,128.213837
1.892,-5.950264,1678.128418,0.341851,2.170581,1651.271118,105.292534,-83.974617,1610.218872,29.874346,19.199778,1416.480957,-78.09391,84.501984,1244.954224,-121.115631,-32.304832,1237.420044,-125.337791,-11.210583,1300.603149,145.782623,184.893707,1326.352173,-72.09256,152.535599,1418.282715,67.220528,228.874527,1241.353394,148.102936,215.783539,1205.185425,263.135529,183.975174,1171.393433,516.009827,231.678955,1251.230957,533.757812,175.19751,1167.879883,598.708008,-120.710548,1312.600098,-96.436714,-127.384544,1406.841064,50.112011,-210.412689,1255.578735,107.559563,-171.50032,1180.91333,242.674271,-110.845428,1164.15271,498.324982,-170.088257,1237.352661,503.535278,-118.693405,1147.450806,573.4375,158.219757,1041.237915,118.551781,161.616852,1066.067505,-79.018471,-110.292976,1075.522461,-88.361778,-112.781921,1061.045532,128.168533
1.9,-5.611816,1677.27002,0.836638,2.638356,1649.421631,105.618942,-83.629723,1609.21582,30.372221,19.840443,1415.03479,-79.828735,84.871613,1243.141113,-122.168785,-32.06609,1235.632202,-126.283127,-10.928839,1299.929199,144.277451,185.299713,1324.840698,-73.273933,152.809967,1416.633057,66.346268,228.032639,1238.595459,146.20845,214.703979,1200.878296,260.307587,182.840805,1163.197266,512.462646,232.46225,1241.838501,531.48407,176.922729,1156.115234,593.703369,-120.224228,1311.097046,-98.322273,-127.334579,1405.914429,47.86055,-210.650757,1254.554688,105.141937,-171.804794,1179.532715,240.140991,-110.919792,1162.213379,495.849762,-170.087265,1235.37146,501.244965,-118.904976,1145.08728,570.935547,158.125244,1040.546143,118.761978,161.756653,1064.165039,-78.912132,-110.033241,1073.810303,-88.577415,-112.807419,1060.546997,127.994759
1.908,-5.163492,1676.315918,1.514517,3.218191,1647.60144,105.915932,-83.254158,1608.258789,30.312757,20.502853,1413.644043,-81.529907,85.228622,1241.407837,-123.200722,-31.477541,1233.957764,-127.621368,-10.709016,1299.296631,142.678253,186.034439,1323.292847,-74.513023,153.199188,1414.834229,65.555481,227.280426,1235.704102,144.359283,213.961212,1196.821411,257.757599,182.144836,1155.715942,509.094543,232.836624,1233.361084,529.281372,177.666397,1146.016968,589.782898,-119.569389,1309.704224,-100.306717,-127.312271,1405.027588,45.584915,-210.916382,1253.52478,102.727859,-172.278503,1178.336426,237.669388,-111.111603,1160.501099,493.315338,-170.024963,1233.817871,499.156464,-119.167374,1142.965698,568.369141,157.99675,1039.816284,119.055908,161.832733,1062.145874,-78.733513,-109.941605,1072.255859,-88.92054,-112.879814,1060.091309,127.751068
1.917,-4.687864,1675.279541,1.912217,3.683188,1645.9729,106.046463,-82.949623,1607.102051,30.225409,21.156609,1412.344116,-83.125908,85.706161,1239.559204,-124.079544,-30.936756,1232.244629,-128.815002,-10.360107,1298.675537,141.427795,186.503647,1321.601929,-75.584198,153.662094,1413.027832,64.659874,226.216766,1232.556641,142.401932,212.991531,1192.83728,255.215408,181.33165,1149.0271,505.923157,233.05542,1225.69812,527.040894,178.016495,1137.128784,585.975159,-119.001228,1308.362427,-102.169571,-127.186806,1404.226318,43.466759,-211.205017,1252.602539,100.422661,-172.912811,1177.104248,235.281067,-111.190781,1158.922241,491.040039,-169.954712,1232.42688,497.153381,-119.470703,1140.936523,565.827515,157.937576,1039.015015,119.403641,161.985703,1060.245361,-78.518982,-109.73864,1070.589233,-89.305115,-113.020821,1059.755127,127.520386
1.925,-4.265484,1674.390503,2.146401,4.156759,1644.314697,106.061134,-82.568039,1605.982056,30.080708,21.890417,1410.998779,-84.58802,86.140778,1237.73938,-124.989029,-30.539095,1230.672241,-130.028259,-10.13861,1298.02771,140.143036,186.92804,1319.894165,-76.74942,154.255539,1411.166504,63.826099,225.610596,1229.42627,140.455933,212.648849,1188.880859,252.887482,180.917343,1142.842773,502.974274,232.925964,1219.023682,524.962097,178.40657,1129.135376,582.491882,-118.47126,1307.061768,-103.860611,-127.183464,1403.40979,41.323799,-211.509491,1251.689575,98.14576,-173.626968,1176.036255,233.154602,-111.390305,1157.75415,488.942566,-169.813202,1231.362183,495.263702,-119.657646,1139.580933,563.625305,157.911209,1038.224487,119.721001,162.188766,1058.337646,-78.361313,-109.668137,1069.064453,-89.738655,-113.239876,1059.494141,127.289322
1.933,-3.748821,1673.469604,2.132203,4.681965,1642.859863,106.107079,-82.206711,1605.108643,29.518547,22.526991,1409.76709,-86.100327,86.431946,1236.032715,-125.840065,-30.156708,1229.09668,-130.983475,-9.765535,1297.389893,139.019058,187.326019,1318.128174,-77.789482,155.041245,1409.605225,62.901058,224.968643,1226.33313,138.540253,212.278397,1185.26709,250.719666,181.217133,1137.01123,500.226501,232.765915,1213.178467,523.009033,178.57486,1122.229004,579.160217,-117.806557,1305.856812,-105.527603,-127.059532,1402.667969,39.311474,-211.914581,1250.929443,95.974937,-174.410431,1175.053955,231.157852,-111.597771,1156.908569,487.083221,-169.739532,1230.741089,493.444122,-119.799805,1138.685547,561.589539,157.966644,1037.641846,119.974838,162.273926,1056.608032,-78.186943,-109.521286,1067.578125,-90.192528,-113.664978,1059.223267,126.926674
1.942,-3.212941,1672.524658,2.204353,5.313288,1641.685913,105.995041,-81.713585,1604.208496,29.269556,23.182646,1408.637939,-87.501022,86.692535,1234.241455,-126.67778,-29.870173,1227.639893,-132.019882,-9.284633,1296.828125,137.968674,187.601593,1316.446899,-78.90036,155.956284,1407.999634,62.073116,224.607101,1223.152344,136.595367,212.105072,1181.792114,248.620819,181.326721,1131.972046,497.851318,232.610046,1208.300781,521.137695,178.430023,1116.376709,576.328308,-117.185966,1304.778687,-107.118126,-126.943573,1401.985596,37.629276,-212.284134,1250.129395,93.976364,-175.359039,1174.18042,229.331131,-111.809639,1156.459351,485.318604,-169.620193,1230.499268,491.73822,-119.94474,1138.365845,559.911072,158.447571,1037.383301,120.252403,162.399231,1054.853516,-78.077354,-109.387039,1066.25708,-90.55616,-114.176437,1058.948486,126.41111
1.95,-2.606873,1671.717896,2.235782,5.910698,1640.503296,105.903847,-81.174362,1603.396362,29.332394,23.813297,1407.549316,-88.769417,86.918167,1232.664429,-127.390442,-29.49301,1226.336792,-132.962128,-8.842808,1296.446289,137.178726,187.959351,1314.749634,-80.004494,156.921539,1406.598877,61.204086,224.648804,1220.114502,134.739548,212.162048,1178.657349,246.781723,181.483841,1127.76709,495.538483,232.35495,1204.18457,519.356567,178.272842,1111.741455,573.634888,-116.795242,1303.753906,-108.523186,-126.840904,1401.331665,35.896893,-212.652634,1249.531372,92.202652,-176.512299,1173.446411,227.698257,-111.964493,1156.542969,483.790894,-169.40242,1230.831299,490.154907,-120.088768,1138.543091,558.375732,158.514267,1036.84082,120.442245,162.488525,1053.243042,-77.969994,-109.171783,1065.029053,-91.052879,-114.732796,1058.698975,125.944344
1.958,-1.870607,1670.978394,2.160013,6.522235,1639.560425,105.685745,-80.453453,1602.67981,29.666113,24.397417,1406.640625,-89.999016,87.184906,1231.185547,-127.967567,-29.158594,1225.098267,-133.741425,-8.278042,1296.096191,136.359497,188.270157,1313.265259,-80.988007,157.912369,1405.383179,60.143208,224.84201,1217.261841,133.155869,212.209351,1175.850098,245.050659,181.394318,1124.27771,493.517181,232.016846,1200.694092,517.808411,177.74556,1107.92627,571.352966,-116.362221,1302.995728,-109.872711,-126.679199,1400.814453,34.53632,-212.895615,1248.947632,90.677979,-177.453125,1172.921875,226.427383,-112.083183,1157.066406,482.586395,-169.197311,1231.548096,488.751526,-119.990913,1139.411987,557.167969,158.616531,1036.44104,120.647896,162.626877,1051.830688,-77.895798,-108.900505,1063.941772,-91.513962,-115.317093,1058.371094,125.421371
1.967,-1.105912,1670.448975,1.971837,7.113554,1638.863037,105.490273,-79.839508,1602.176025,29.253502,24.992273,1405.810791,-90.955917,87.3367,1229.922852,-128.521103,-28.858374,1224.086792,-134.478912,-7.778847,1295.895264,135.678848,188.524475,1311.901367,-81.920639,158.846939,1404.423462,59.31916,225.487885,1214.742798,131.595917,212.466187,1173.41748,243.360123,181.276855,1121.477539,491.658356,231.730438,1197.873413,516.348633,177.094849,1104.952271,569.567871,-115.930405,1302.204224,-111.047539,-126.553001,1400.442505,33.305817,-213.065659,1248.605835,89.277931,-178.446777,1172.547974,225.349747,-112.063118,1158.081299,481.575928,-168.879593,1232.865967,487.451813,-120.086128,1140.746704,556.222107,158.671204,1036.137207,120.809937,162.804459,1050.624634,-77.885574,-108.741417,1063.059937,-91.8731,-115.891548,1058.108643,124.922493
1.975,-0.364073,1670.067993,1.730645,7.678605,1638.391602,105.21991,-79.348045,1601.868164,28.488216,25.540436,1405.20166,-91.959091,87.483513,1228.875732,-129.00473,-28.684519,1223.253174,-135.162018,-7.221081,1295.840332,135.000916,188.749252,1310.748779,-82.757912,159.636505,1403.620605,58.538864,226.311569,1212.5625,130.214523,212.823959,1171.274292,241.865204,180.867691,1119.376709,490.109558,231.472351,1195.721924,515.112732,176.412811,1103.254883,567.964355,-115.53553,1301.724487,-112.034576,-126.371964,1400.223755,32.043228,-213.126556,1248.502319,88.157181,-179.435898,1172.421753,224.491714,-112.007233,1159.838623,480.68161,-168.471237,1234.811279,486.270172,-119.801392,1142.965698,555.454468,158.706192,1035.963013,120.950539,162.839081,1049.634888,-77.849365,-108.486687,1062.322144,-92.347473,-116.397545,1058.000488,124.463539
1.983,0.40735,1669.828125,1.502109,8.288621,1638.06665,104.977577,-78.808319,1601.674438,27.804287,26.002165,1404.697266,-92.829865,87.510124,1228.041016,-129.398132,-28.71759,1222.406738,-134.533508,-6.776119,1295.914185,134.371368,188.949875,1309.800659,-83.515602,160.484253,1403.078003,57.748486,226.99054,1211.014404,129.010834,213.363434,1169.550049,240.60434,180.638809,1118.125854,488.858429,230.966537,1194.388794,514.06134,175.470306,1102.158081,566.950317,-115.218918,1301.393311,-112.846809,-126.18515,1400.138672,31.020214,-213.190399,1248.718872,87.240669,-180.348602,1172.592163,223.864868,-111.656334,1162.311523,480.235077,-167.901779,1237.500854,485.17334,-119.14312,1146.119019,555.089355,158.386856,1035.659546,121.183945,163.035095,1048.909424,-77.786018,-108.23291,1061.783936,-92.711258,-116.84922,1057.980835,124.096123
1.992,1.112701,1669.732178,1.194494,8.967536,1637.973511,104.700409,-78.14669,1601.720093,27.541887,26.429157,1404.346313,-93.542244,87.533234,1227.46521,-129.737717,-28.291658,1222.421387,-136.584534,-6.498953,1296.094238,133.855301,189.113022,1309.15918,-84.13559,161.160995,1402.809937,57.156612,227.760864,1210.147461,128.010605,213.914658,1168.412231,239.698288,180.255325,1117.402954,487.950775,230.590286,1193.793213,513.213501,174.637146,1101.682007,566.017517,-114.94191,1301.139282,-113.595207,-125.951843,1400.306519,30.093462,-213.145462,1249.050415,86.59697,-181.14859,1172.990601,223.45134,-111.076218,1165.649658,479.823212,-167.283737,1240.788208,484.221283,-118.449051,1150.193726,554.993835,158.256348,1035.731812,121.363274,163.287018,1048.453857,-77.760269,-108.062912,1061.527954,-92.898376,-117.209122,1058.075562,123.794319
2.0,1.797706,1669.822388,0.871065,9.506622,1638.094849,104.447449,-77.387566,1601.921997,27.619164,26.800518,1404.281616,-94.202774,87.573334,1227.149414,-129.94725,-28.383951,1222.071289,-136.2285,-6.392377,1296.302124,133.360596,189.210419,1308.780151,-84.603325,161.611176,1402.765991,56.579086,228.213409,1209.888306,127.213089,214.395844,1167.885742,238.935272,180.026962,1117.348022,487.273926,230.227951,1193.835938,512.640808,174.023071,1101.897339,565.44989,-114.742645,1301.151855,-114.238747,-125.692978,1400.557251,29.372589,-213.074631,1249.687256,86.083633,-181.83194,1173.668091,223.281891,-110.348907,1169.637939,479.806519,-166.516296,1244.875732,483.382538,-117.505333,1155.103882,554.897217,157.999863,1035.869263,121.578041,163.468414,1048.309204,-77.700485,-107.932938,1061.490112,-93.026474,-117.508286,1058.290894,123.554626
2.008,2.415215,1670.059204,0.474746,9.901125,1638.409546,104.05352,-76.848343,1602.258423,27.068068,27.139435,1404.356323,-94.61721,87.616096,1227.089233,-130.054474,-28.234962,1222.213623,-136.848541,-6.431946,1296.653076,132.956543,189.148453,1308.591309,-84.80101,161.960068,1402.949219,56.129017,228.673859,1210.129272,126.783546,214.849182,1168.045288,238.56778,179.808395,1118.08728,486.860901,229.830719,1194.470459,512.335571,173.596878,1102.788452,564.993896,-114.581688,1301.375122,-114.655327,-125.340881,1400.957397,28.709997,-212.974686,1250.490112,85.910751,-182.379395,1174.660767,223.289261,-109.322357,1174.52832,479.971313,-165.721313,1249.550537,482.542755,-116.313309,1161.015015,555.106506,157.720108,1036.19873,121.847412,163.628891,1048.446899,-77.505875,-107.800903,1061.617554,-93.122253,-117.709885,1058.588623,123.371284
2.017,2.943699,1670.46936,0.061316,10.140955,1638.870605,103.64698,-76.468613,1602.661377,26.25391,27.398455,1404.619507,-94.929398,87.659821,1227.27124,-130.065353,-28.213676,1222.421265,-136.673279,-6.483207,1297.219604,132.669128,189.294296,1308.758179,-85.045296,162.245789,1403.413208,55.689213,229.137802,1210.789429,126.604515,215.353134,1168.961548,238.45192,179.664764,1118.943726,486.895386,229.431061,1195.857178,512.1073,173.050964,1104.040649,565.110657,-114.463036,1301.83313,-114.871086,-124.844116,1401.555908,28.369877,-212.938965,1251.675415,85.674927,-182.931961,1175.958984,223.577972,-108.177315,1180.199341,480.268494,-164.876251,1255.075928,481.826843,-114.809937,1167.919067,555.700562,157.377884,1036.643433,122.116142,163.792191,1048.863403,-77.273155,-107.713974,1061.963135,-93.176849,-117.884361,1058.981201,123.281487
2.025,3.231188,1671.031738,-0.422252,10.276846,1639.615356,103.243767,-76.09623,1603.237915,25.539616,27.667522,1405.177612,-95.186241,87.725365,1227.701782,-129.99678,-28.12211,1222.972656,-136.752792,-6.506717,1297.996216,132.539902,189.413315,1309.078125,-85.094902,162.400879,1404.057617,55.392391,229.655762,1211.924927,126.589951,215.695358,1170.349121,238.64801,179.646133,1120.356079,486.843353,228.930099,1197.564941,512.144104,172.55072,1106.0625,565.23999,-114.331154,1302.430542,-114.967125,-124.430771,1402.331909,28.10054,-212.806351,1252.858276,85.909218,-183.397964,1177.499512,224.063126,-106.955215,1186.485352,480.7034,-163.716888,1261.270508,481.077423,-113.02739,1175.747437,556.426514,157.078064,1037.147583,122.393448,163.974472,1049.615601,-77.012451,-107.674889,1062.591675,-93.175797,-117.947449,1059.450439,123.260582
2.033,3.405244,1671.849365,-1.071828,10.259805,1640.754395,102.750725,-75.78067,1603.775879,25.424006,27.961782,1405.891724,-95.145325,87.827019,1228.359863,-129.769226,-28.085238,1223.638794,-136.615997,-6.659854,1298.826782,132.620087,189.558426,1309.59314,-84.951057,162.54332,1405.016602,55.362297,230.043594,1213.338257,127.042694,216.010574,1172.259888,239.116943,179.653152,1122.34021,487.239532,228.747604,1199.69751,512.33197,172.391815,1108.073853,565.730469,-114.222389,1303.315674,-115.039825,-124.033615,1403.276855,28.163671,-212.755264,1254.37439,86.172607,-183.739777,1179.349854,224.790909,-105.526436,1193.38147,481.235138,-162.444229,1268.253906,480.331909,-111.18206,1184.387207,557.107544,156.829849,1037.744751,122.749756,164.023132,1050.639648,-76.641205,-107.653114,1063.408569,-93.048325,-118.075279,1059.899414,123.203224
2.042,3.433999,1672.630249,-1.660971,9.94874,1641.898926,102.203773,-75.672974,1604.351562,24.939554,28.217407,1406.745361,-95.064514,87.884041,1229.225342,-129.428818,-28.000387,1224.622681,-136.455063,-6.688769,1299.88916,132.787964,189.739883,1310.30249,-84.689636,162.676559,1405.997681,55.270546,230.555237,1214.91333,127.523956,216.180618,1174.30603,239.727661,179.6436,1124.902466,488.002014,228.622208,1202.172607,512.754883,172.376282,1110.759033,566.350342,-114.126076,1304.349121,-114.846855,-123.538589,1404.431152,28.26659,-212.631744,1256.08667,86.614967,-185.438385,1181.383179,225.755447,-104.11924,1200.944458,481.656769,-160.715591,1275.702271,479.650635,-109.04599,1194.026733,557.80304,156.524811,1038.56189,123.176949,164.188522,1051.874268,-76.207062,-107.661949,1064.346069,-93.019363,-117.908463,1060.552124,123.317947
2.05,3.293363,1673.486816,-2.368316,9.360441,1643.333862,101.61235,-75.698059,1605.080444,23.666975,28.521479,1407.671509,-94.800911,87.898689,1230.25354,-129.14328,-27.995611,1225.777344,-136.149216,-6.804725,1301.039795,133.051208,189.86554,1311.147705,-84.356766,162.791138,1407.167969,55.278736,230.675903,1216.800781,128.322296,216.289139,1176.369141,240.422607,179.354218,1127.560547,488.876984,228.661041,1205.002686,513.435974,172.406647,1113.910645,567.359558,-114.023979,1305.627563,-114.618095,-123.065674,1405.727783,28.410809,-212.529266,1257.885498,87.210968,-185.509933,1183.803223,226.913467,-102.32917,1209.130127,482.110107,-158.795914,1283.810547,478.485474,-106.568878,1204.420898,558.487366,156.158981,1039.272217,123.547142,164.143341,1053.361938,-75.710762,-107.649628,1065.424072,-92.916351,-117.778046,1061.228271,123.336365
2.058,3.006046,1674.660889,-3.247738,8.851005,1644.880127,100.949501,-75.672485,1605.929565,22.565943,28.79241,1408.802368,-94.448616,87.898087,1231.407349,-128.712387,-27.97036,1227.073608,-135.810104,-6.983574,1302.494385,133.435791,189.925491,1312.126831,-83.843628,162.941757,1408.537231,55.511368,231.247955,1218.636963,129.014755,216.425003,1178.316162,241.239044,179.51503,1130.535034,490.009369,228.716003,1208.033813,514.083801,172.616226,1117.246338,568.517395,-114.002441,1307.013306,-114.18409,-122.541443,1407.149292,28.802986,-212.47464,1260.033813,88.008011,-186.079712,1186.47644,228.285309,-100.349731,1217.876709,482.493469,-156.684509,1292.528931,477.21701,-103.7295,1215.761841,558.997131,155.882111,1040.207153,123.830322,164.261414,1054.995361,-75.214066,-107.682693,1066.715088,-92.698257,-117.625679,1061.985718,123.315918
2.067,2.646603,1675.711182,-4.158676,8.3692,1646.719727,100.345665,-75.703484,1606.801758,22.283007,29.106472,1409.993164,-93.863396,87.94165,1232.651245,-128.158554,-28.004803,1228.53064,-135.357864,-7.050017,1303.876953,133.97081,190.076752,1313.156372,-83.22728,163.109818,1409.840332,55.690411,231.050232,1220.720337,130.148972,216.766434,1180.398071,242.339691,179.821747,1133.725708,491.163391,229.001266,1211.432739,515.028442,173.117523,1120.896118,569.990112,-113.82943,1308.588379,-113.746124,-122.045204,1408.770752,29.201387,-212.38623,1262.439453,88.823914,-186.527054,1189.369141,229.668777,-97.884033,1227.261963,482.709717,-154.116272,1301.838379,475.604767,-100.539108,1227.875488,559.405334,155.587097,1041.22644,124.238831,164.202652,1056.962524,-74.654205,-107.730644,1068.032471,-92.509239,-117.499519,1062.910522,123.397926
2.075,2.256629,1676.775513,-5.087158,7.704328,1648.48877,99.587646,-76.036041,1607.831421,21.301865,29.412935,1411.275757,-93.195175,87.982231,1234.188232,-127.50322,-27.997267,1230.15564,-134.825226,-7.172894,1305.603149,134.585403,190.177414,1314.279053,-82.437614,163.264282,1411.391968,56.163994,230.977859,1222.6073,131.169067,216.908844,1182.820312,243.489258,180.013046,1137.269043,492.779602,229.154251,1215.136719,516.129639,173.548355,1124.7052,571.509094,-113.768143,1310.298218,-113.057541,-121.494606,1410.459595,29.803158,-212.241989,1264.848755,89.838913,-187.388641,1192.473877,231.298431,-95.356041,1237.123047,482.632385,-151.346008,1311.508301,473.574249,-96.960152,1240.841553,559.566528,155.313141,1042.318604,124.525177,164.151169,1059.00769,-74.094505,-107.705048,1069.504517,-92.215981,-117.394653,1063.77478,123.384903
2.083,1.957289,1677.972778,-6.122348,6.965827,1650.524536,98.834976,-76.214874,1608.852173,20.092081,29.695042,1412.608032,-92.376923,88.003929,1235.609497,-126.809883,-28.057871,1231.829468,-134.145004,-7.189825,1307.2052,135.292023,190.25209,1315.483765,-81.638496,163.451904,1412.79541,56.71542,230.791855,1224.533813,132.323151,216.899338,1185.181152,244.913055,180.39325,1140.894409,494.519562,229.411789,1219.028198,517.341858,174.034012,1128.786743,573.324585,-113.785416,1312.126465,-112.366829,-120.982101,1412.314697,30.348818,-212.220551,1267.608032,90.849228,-188.221924,1195.739014,233.080032,-92.598907,1247.381958,482.365143,-148.5186,1321.729004,471.156555,-92.647507,1254.636841,559.350281,155.020844,1043.586182,124.80233,164.220566,1061.103271,-73.649651,-107.800262,1071.039673,-92.081993,-117.221252,1064.741577,123.381149
2.092,1.542551,1679.072754,-7.265831,6.411803,1652.494873,98.037926,-76.4189,1609.944336,19.567757,29.987608,1414.058105,-91.4328,87.862396,1237.217651,-126.036911,-28.139631,1233.636108,-133.504318,-7.202581,1308.962891,136.282318,190.252533,1316.713501,-80.668335,163.568268,1414.258667,57.285889,230.685867,1226.499756,133.655228,216.923965,1187.56543,246.271591,181.005753,1144.876465,496.412811,229.626755,1223.029541,518.814941,174.50885,1132.94458,575.208191,-113.727432,1313.958618,-111.702217,-120.383339,1414.118042,30.951115,-212.228226,1270.459717,91.830963,-189.135406,1199.060303,234.958084,-89.717529,1258.165527,481.69931,-145.470917,1332.086548,468.417786,-88.364624,1268.869873,558.404419,154.784409,1044.880127,125.110107,164.116394,1063.213501,-73.332489,-107.837524,1072.662231,-91.867104,-117.115326,1065.77832,123.330872
2.1,1.250417,1680.230591,-8.138451,5.93253,1654.511719,97.33979,-76.584389,1611.103394,19.057472,30.202169,1415.481812,-90.450829,87.804253,1238.801514,-125.222252,-28.275362,1235.520508,-132.785614,-7.173289,1310.741699,137.299866,190.240448,1317.952271,-79.62529,163.69075,1415.732788,58.113976,230.524033,1228.502197,135.087006,216.971954,1189.891602,247.886673,181.415466,1148.740112,498.430481,230.048416,1227.234741,520.261719,175.410568,1137.442017,577.408691,-113.699493,1315.833618,-110.800064,-119.957451,1416.050171,31.649578,-212.383591,1273.328979,92.923599,-190.060623,1202.541382,236.907639,-88.008301,1268.375122,480.517273,-141.86821,1342.915039,464.573517,-83.918816,1283.460938,557.233948,154.425339,1046.076782,125.319275,164.036102,1065.422363,-73.036903,-107.986557,1074.212646,-91.612083,-117.078949,1066.642212,123.32476
2.108,0.993782,1681.367554,-9.226463,5.361642,1656.611572,96.523979,-76.751137,1612.261841,18.415865,30.375082,1416.945679,-89.427773,87.732071,1240.449341,-124.380447,-28.358807,1237.27771,-132.001816,-7.157148,1312.412842,138.477478,190.239731,1319.261475,-78.465034,163.697906,1417.14563,59.019211,230.322815,1230.426147,136.585495,217.192657,1192.415894,249.620972,181.931274,1152.724365,500.299622,230.470428,1231.525513,521.716003,176.101776,1141.862671,579.44519,-113.758392,1317.736206,-109.939301,-119.407005,1417.880981,32.52784,-212.616653,1276.243774,94.142441,-190.915817,1206.059204,238.897125,-83.889404,1279.923462,479.191833,-138.137939,1353.835571,461.043823,-79.53009,1297.551758,555.893311,154.197098,1047.615234,125.270065,163.92131,1067.677368,-72.799141,-108.078789,1075.931152,-91.231857,-117.066765,1067.604614,123.48259
2.117,0.613397,1682.454102,-10.288241,4.888638,1658.608154,95.791977,-76.875763,1613.380859,18.191984,30.5781,1418.291138,-88.179901,87.573845,1242.181519,-123.507866,-28.554272,1239.147095,-131.196823,-7.205194,1314.197998,139.653854,190.200134,1320.558472,-77.288849,163.514816,1418.428711,59.739677,230.022415,1232.308228,138.172272,217.050873,1194.689331,251.4104,182.51384,1156.69397,502.727509,230.811966,1235.829712,523.335876,176.968445,1146.298706,581.679443,-113.86792,1319.636719,-108.993225,-118.943291,1419.841064,33.367546,-212.993896,1279.205811,95.324348,-191.771393,1209.86145,241.061615,-80.257256,1291.395508,477.557343,-134.154175,1364.945557,456.702545,-74.162842,1313.147949,552.630798,154.069962,1048.92334,125.316292,163.854477,1069.842407,-72.66275,-108.122139,1077.477051,-90.854309,-117.099426,1068.43689,123.483871
2.125,0.49107,1683.615723,-11.346231,4.528036,1660.542236,94.995056,-76.993179,1614.572266,17.577917,30.695147,1419.72168,-86.985725,87.383041,1243.794922,-122.639923,-28.815523,1241.081421,-130.413162,-7.099916,1315.843872,140.88829,190.10849,1321.821045,-76.032242,163.345871,1420.148926,61.062592,229.921967,1234.213501,139.776733,217.550522,1197.051758,253.215759,183.447678,1160.605225,504.85675,231.123779,1240.155396,525.088806,178.022629,1150.75769,584.046082,-113.934006,1321.437622,-108.052391,-118.441902,1421.496216,34.212952,-213.407776,1282.203613,96.532074,-192.559692,1213.716431,243.150314,-77.00811,1302.57251,475.265869,-129.672638,1376.115967,451.68634,-68.620117,1328.339966,549.079895,153.897141,1050.211792,125.271332,163.7108,1071.894775,-72.594711,-108.229019,1079.137695,-90.535118,-117.072731,1069.218872,123.547424
2.133,0.334938,1684.444092,-12.257996,4.279438,1662.553101,94.31382,-77.024445,1615.676392,17.326107,30.723579,1421.018311,-85.774818,87.174522,1245.468384,-121.78035,-29.026745,1242.809814,-129.524658,-7.156402,1317.457153,142.181183,189.964981,1323.110962,-74.701881,163.408447,1421.10083,62.035683,229.953674,1236.048096,141.368027,217.630219,1199.383301,255.143967,184.050797,1164.506104,507.063568,231.557251,1244.378784,526.696411,178.954132,1155.311768,586.393616,-114.035599,1323.13147,-107.00592,-118.096886,1423.254272,34.929928,-213.904602,1285.235474,97.863243,-193.362183,1217.664307,245.450562,-73.470505,1313.614014,472.675598,-124.952911,1387.223999,446.034882,-63.628563,1343.180542,544.824036,153.722137,1051.351807,125.321838,163.608978,1073.964111,-72.447685,-108.380272,1080.715942,-90.172844,-117.041679,1069.866455,123.68721
2.142,0.200696,1685.309326,-13.160067,3.945117,1664.338379,93.548004,-77.177788,1616.790771,16.834232,30.734478,1422.300537,-84.610954,87.0439,1247.024902,-120.816277,-29.29427,1244.505737,-128.533966,-7.117762,1318.987549,143.486694,189.863754,1324.316772,-73.377579,163.266693,1422.294678,63.329735,229.740402,1237.883911,143.213379,218.023254,1201.648682,257.017548,185.168213,1168.25415,509.423248,231.986679,1248.673462,528.332886,179.955933,1159.770996,588.85968,-114.269936,1324.876343,-105.963135,-117.652222,1424.885864,35.889336,-214.34108,1288.197876,99.231445,-194.06955,1221.746338,247.764267,-69.542496,1324.619507,469.792206,-119.867126,1398.032959,439.897308,-57.966339,1357.879639,539.845642,153.655014,1052.404175,125.26812,163.525085,1075.936035,-72.387611,-108.451073,1082.19519,-89.775406,-117.010399,1070.309814,123.808891
2.15,0.123567,1686.248291,-14.174424,3.730894,1666.130127,92.68718,-77.285812,1617.689819,16.025404,30.76417,1423.519531,-83.249603,86.824211,1248.622192,-119.871201,-29.546227,1246.136475,-127.590744,-7.14079,1320.399292,144.768356,189.716492,1325.527344,-72.021362,162.933029,1423.347168,64.549225,230.307373,1239.707642,144.922577,218.470139,1203.91272,258.954224,185.893799,1172.000854,511.536774,232.420471,1252.791992,529.940979,180.812454,1164.024292,591.104187,-114.484978,1326.466797,-104.79969,-117.261833,1426.556519,36.931507,-214.87793,1291.186401,100.635132,-194.625458,1225.782593,250.164871,-65.820099,1335.397583,466.483612,-114.563293,1408.425659,433.00882,-52.398979,1372.359253,534.414978,153.519501,1053.41394,125.189438,163.318985,1077.792847,-72.353088,-108.71077,1083.683105,-89.241287,-117.004593,1070.734131,124.072273
2.158,0.024575,1686.86792,-15.110472,3.546592,1667.79187,91.876762,-77.328865,1618.630859,15.6626,30.717991,1424.660889,-82.033104,86.58316,1250.070557,-118.982391,-29.854288,1247.731323,-126.660538,-7.031899,1321.674072,146.054886,189.462585,1326.637451,-70.684082,162.532227,1424.417847,65.753647,230.097321,1241.527832,146.648926,218.948959,1206.147217,260.939606,186.645737,1175.583252,513.721191,232.856094,1256.741821,531.484985,181.118393,1168.451416,594.100159,-114.682777,1327.926147,-103.71138,-116.815643,1428.221924,38.070278,-215.369843,1294.176758,102.116844,-195.292816,1229.977539,252.555161,-61.570545,1345.907593,462.409119,-108.856499,1418.40332,425.72699,-46.512756,1386.377197,528.068176,153.376221,1054.245728,125.192001,163.231552,1079.593872,-72.249405,-108.727661,1084.97937,-88.737648,-116.911507,1071.133423,124.362045
2.167,-0.053867,1687.400391,-16.046946,3.28886,1669.348511,91.015465,-77.459625,1619.516968,15.394258,30.58576,1425.793823,-80.728096,86.29438,1251.526245,-118.149841,-30.162725,1249.230225,-125.743004,-7.136555,1322.911133,147.390686,189.237778,1327.724609,-69.397766,162.158188,1425.466797,66.887856,230.409058,1243.261353,148.392044,219.530777,1208.324097,262.828217,187.821457,1178.906982,515.904175,233.210571,1260.550049,533.031006,182.110641,1172.66748,596.3974,-114.942909,1329.312622,-102.660866,-116.53521,1429.686401,39.242382,-215.69957,1297.06189,103.696419,-196.152115,1234.256958,255.082901,-57.410007,1356.214966,458.010162,-103.533684,1427.684326,417.847565,-40.346508,1399.897827,521.106689,153.346756,1054.993164,125.228775,163.130692,1081.230957,-72.078781,-108.936783,1086.318848,-88.240189,-116.798744,1071.39856,124.648453
2.175,-0.149655,1687.910034,-17.086044,3.165345,1670.887207,90.172501,-77.510719,1620.201294,14.851833,30.498098,1426.813599,-79.577133,86.076172,1252.800049,-117.23214,-30.44846,1250.609375,-124.793579,-7.120965,1323.970947,148.62149,188.99556,1328.817383,-68.089256,161.705048,1426.373901,68.110313,230.712967,1244.896362,149.95993,220.007233,1210.455933,264.726715,188.537216,1182.243408,518.009766,233.668152,1264.279785,534.513916,182.739471,1176.759033,598.813477,-115.283211,1330.745483,-101.554565,-116.255943,1431.141479,40.06163,-215.981949,1299.78125,105.210693,-196.75766,1238.375366,257.733948,-52.988426,1366.121094,453.023254,-97.930519,1436.470703,409.526611,-33.827625,1412.811035,513.210754,153.267273,1055.593872,125.2183,163.048569,1082.930298,-71.936539,-108.981552,1087.410278,-87.705711,-116.657692,1071.542847,124.960129
2.183,-0.334284,1688.294312,-18.232378,2.98472,1672.306885,89.230759,-77.621086,1620.762695,14.322958,30.376165,1427.793823,-78.297058,85.774086,1254.078369,-116.364906,-30.775137,1251.894653,-123.822052,-7.141316,1324.93335,149.86554,188.809494,1329.802368,-66.875687,161.215347,1427.131348,69.208542,230.997803,1246.478882,151.531677,220.6754,1212.454102,266.553284,189.627853,1185.333374,519.984375,234.029922,1267.732422,536.057251,183.370499,1180.808838,601.119995,-115.586555,1331.912598,-100.415947,-116.153778,1432.329712,41.009167,-216.140747,1302.399902,106.767815,-197.3461,1242.52478,260.255096,-48.433125,1375.640625,447.479675,-92.079391,1444.63269,400.883026,-27.001514,1425.424683,504.905334,153.270493,1056.141357,125.246956,162.916245,1084.344727,-71.798004,-109.177818,1088.487061,-87.132523,-116.475235,1071.616699,125.339226
2.192,-0.514949,1688.629028,-19.418173,2.871014,1673.588623,88.271606,-77.706894,1621.37146,13.812522,30.132359,1428.606323,-77.137917,85.525757,1255.161865,-115.558929,-31.202671,1253.071167,-122.962784,-7.244669,1325.722778,151.059692,188.601974,1330.736816,-65.720039,160.682007,1427.858887,70.451584,231.25824,1247.98938,153.136887,221.094055,1214.405151,268.35022,190.425873,1188.395264,521.948975,234.286591,1271.101562,537.532104,183.951691,1184.554688,603.535522,-115.883347,1332.958618,-99.282967,-115.975677,1433.537598,41.818027,-216.333679,1305.010132,108.206375,-197.867722,1246.515259,262.868744,-43.546959,1384.585083,441.512146,-86.296562,1452.127197,391.684479,-19.911552,1436.951294,495.704132,153.302658,1056.597534,125.331657,162.799744,1085.80542,-71.589523,-109.310928,1089.455322,-86.698921,-116.298927,1071.520752,125.762436
2.2,-0.548173,1688.825562,-20.575249,2.776633,1674.804932,87.284058,-77.783936,1621.862549,13.293055,30.014402,1429.404419,-76.040756,85.171173,1256.23938,-114.801559,-31.581839,1254.202271,-122.121628,-7.234474,1326.345947,152.29921,188.268387,1331.492432,-64.562614,160.130554,1428.495972,71.503532,231.491837,1249.385742,154.682495,221.781815,1216.231445,270.081177,191.053131,1191.252441,523.904541,234.430389,1274.361816,538.989685,184.682083,1187.972046,605.48114,-116.16169,1334.002808,-98.292076,-115.729492,1434.610474,42.541149,-216.712296,1307.568604,109.87941,-198.345596,1250.625977,265.428802,-38.782284,1392.864746,434.879089,-80.47554,1458.747192,382.229492,-12.920417,1447.609131,486.04483,153.363037,1057.005127,125.419678,162.740692,1087.086914,-71.381737,-109.45578,1090.272705,-86.144478,-116.00351,1071.484497,126.193047
2.208,-0.609433,1688.935791,-21.756968,2.522038,1675.874878,86.265137,-77.858078,1622.282104,12.903887,29.833714,1430.11499,-75.052841,84.872719,1257.180054,-114.059456,-31.926851,1255.064209,-121.213821,-7.262374,1326.88147,153.411301,188.052505,1332.317505,-63.529797,159.632782,1429.098389,72.545105,231.779709,1250.766724,156.049774,222.340134,1218.047974,271.75296,192.001114,1193.80249,525.79541,234.772369,1277.369507,540.419373,185.479095,1191.176147,607.354858,-116.525993,1334.917603,-97.312096,-115.489799,1435.550781,43.299076,-216.874115,1309.912598,111.306229,-198.732056,1254.480591,267.86792,-33.570877,1400.359741,428.223236,-74.641739,1464.487915,372.546082,-6.105173,1457.221924,475.783997,153.443604,1057.293945,125.543442,162.684464,1088.160889,-71.156387,-109.512268,1091.052368,-85.670242,-115.694214,1071.345581,126.699104
2.217,-0.673499,1688.952515,-22.855368,2.345791,1676.958008,85.308746,-77.92643,1622.690796,12.434798,29.688536,1430.714111,-74.160416,84.70668,1257.994507,-113.388969,-32.23666,1255.966431,-120.453003,-7.490482,1327.412964,154.303009,187.840637,1332.968262,-62.496811,159.161865,1429.644531,73.560074,231.915268,1252.062988,157.367355,222.865631,1219.717651,273.303894,192.746841,1196.330811,527.59314,235.014938,1280.12439,541.691589,186.156754,1194.15686,609.210632,-116.831856,1335.671265,-96.345192,-115.272369,1436.405029,44.042526,-216.968079,1312.249512,112.735825,-199.112961,1257.815674,270.593567,-28.551012,1407.124634,421.002075,-68.829987,1469.240234,362.711548,0.911633,1465.720093,465.11618,153.546585,1057.470459,125.678421,162.658066,1089.317871,-70.922058,-109.619804,1091.725342,-85.13755,-115.382103,1071.139771,127.110886
2.225,-0.710004,1688.963989,-23.90547,2.115865,1677.98645,84.353569,-77.989334,1623.00061,11.804381,29.526394,1431.327637,-73.406776,84.444458,1258.809814,-112.822075,-32.564156,1256.715454,-119.834541,-7.669303,1327.849976,155.168732,187.563354,1333.583862,-61.567963,158.625168,1430.141724,74.489685,232.097351,1253.175293,158.725403,223.159119,1221.164917,274.79538,193.239487,1198.78833,529.1651,235.309494,1282.777344,542.87677,186.524307,1196.950928,611.12384,-117.099365,1336.3396,-95.580727,-115.032784,1437.231567,44.654865,-216.943436,1314.164062,114.075035,-198.957809,1261.602295,272.754028,-23.492826,1412.869019,413.523071,-62.896011,1472.937866,352.629913,8.034871,1473.162598,454.145477,153.685272,1057.588989,125.796097,162.683197,1090.200439,-70.686523,-109.7174,1092.288696,-84.634033,-115.011078,1070.857666,127.573502
2.233,-0.737614,1688.939819,-24.900799,1.947063,1678.808594,83.416176,-78.059219,1623.278687,11.146353,29.455669,1431.749268,-72.7117,84.301414,1259.460205,-112.245399,-32.78088,1257.370361,-119.133873,-7.724325,1328.118408,155.895538,187.453308,1334.155396,-60.660038,158.200317,1430.569702,75.32589,232.118362,1254.241577,159.963699,223.616211,1222.590454,276.230103,194.130066,1200.793823,530.345032,235.471848,1285.201782,544.095154,187.224442,1199.406494,612.591919,-117.378716,1336.950806,-94.761253,-114.709549,1438.212036,45.285259,-216.968002,1316.345703,115.238106,-198.598816,1265.153687,274.688812,-18.282835,1417.953003,406.048248,-57.062595,1475.824219,342.556122,15.118398,1479.396118,442.813721,153.83255,1057.636963,125.904457,162.648895,1090.980225,-70.466721,-109.784554,1092.745361,-84.094856,-114.65934,1070.62915,127.96405
2.242,-0.768911,1688.903809,-25.934107,1.860592,1679.566528,82.419746,-78.194435,1623.511475,10.478683,29.355278,1432.130981,-72.197418,84.176514,1260.011108,-111.768059,-32.943577,1257.96936,-118.584084,-7.789015,1328.301514,156.515961,187.299713,1334.626587,-59.815491,157.725708,1431.000244,76.137253,232.203629,1255.140869,161.001495,223.933487,1223.86731,277.510315,194.950363,1202.606445,531.397217,235.686783,1287.343262,545.109436,189.309494,1200.439209,612.839478,-117.501694,1337.410156,-94.034637,-114.342384,1438.715698,45.730267,-216.787521,1318.03064,116.334183,-197.992844,1268.530029,276.508545,-13.033538,1422.015625,398.175568,-50.96262,1477.398193,332.235809,22.281439,1484.361084,431.147064,154.040207,1057.667847,125.989944,162.671463,1091.755249,-70.290741,-109.782227,1093.108276,-83.677094,-114.286171,1070.38623,128.383301
2.25,-0.784303,1688.845337,-27.009369,1.723087,1680.305298,81.547852,-78.306992,1623.759888,9.699503,29.309761,1432.42688,-71.768105,84.20829,1260.452026,-111.245316,-33.028786,1258.349243,-118.015144,-7.871257,1328.39624,157.036636,187.249344,1335.015381,-59.121052,157.360443,1431.322144,76.847992,232.231842,1255.986328,162.112778,224.290909,1224.998413,278.594391,195.185272,1204.329224,533.03717,235.899979,1289.330688,546.111084,189.689041,1202.599121,614.353516,-117.646393,1337.681274,-93.39595,-114.138153,1439.328979,45.930473,-215.266861,1318.21106,115.580887,-197.442978,1271.71167,278.06076,-7.593319,1425.106079,390.167297,-45.293507,1478.10144,322.305939,29.634624,1488.081665,419.32489,154.263336,1057.678711,126.051414,162.762024,1092.263184,-70.104439,-109.793793,1093.395874,-83.288139,-113.92366,1070.182373,128.756638
2.258,-0.833721,1688.783081,-28.009275,1.508066,1680.859985,80.806686,-78.421562,1623.898071,8.909276,29.258646,1432.670776,-71.335274,84.262978,1260.848633,-110.857994,-33.077709,1258.619629,-117.577042,-7.952355,1328.478271,157.446274,187.203308,1335.333862,-58.405735,157.027985,1431.611694,77.454727,232.087463,1256.736694,162.970413,224.46637,1226.000977,279.696381,195.534668,1206.233887,534.369263,235.957214,1291.140625,547.011597,190.058121,1204.397705,615.513733,-117.759575,1337.906616,-92.878586,-113.899033,1439.823608,46.114857,-215.653152,1320.595581,117.630371,-196.678482,1274.461792,279.445312,-2.044841,1427.154541,381.807526,-39.7794,1477.896362,312.259979,36.82172,1490.482788,407.208191,154.530136,1057.671631,126.132668,162.833984,1092.726318,-69.926964,-109.78952,1093.581177,-82.856865,-113.535439,1069.937866,129.166489
2.267,-0.907436,1688.689453,-28.942366,1.269965,1681.308716,79.993698,-78.643906,1624.030762,8.068998,29.153477,1432.837036,-70.96138,84.292358,1261.131348,-110.520538,-33.071522,1258.822632,-117.240433,-8.03393,1328.561401,157.709763,187.156509,1335.653931,-57.807808,156.744537,1431.907349,77.985725,232.09259,1257.313354,163.789185,224.589233,1226.842407,280.515961,196.177338,1207.464478,535.366028,236.117111,1292.752075,547.764404,191.015198,1205.936523,616.290833,-117.859062,1338.061035,-92.550224,-113.557007,1440.223877,46.243237,-215.137985,1321.776245,117.839417,-195.870529,1276.935547,280.602844,3.335583,1428.313232,373.05307,-34.506454,1476.607666,302.125153,44.081871,1491.488403,394.937592,154.841782,1057.662354,126.218422,162.946121,1093.09021,-69.733803,-109.780304,1093.691528,-82.435158,-113.162201,1069.712402,129.517944
2.275,-0.960282,1688.59668,-29.762888,0.987169,1681.618164,79.173233,-78.779541,1624.079956,7.436365,29.122969,1432.959961,-70.76342,84.375854,1261.32666,-110.250214,-33.035744,1258.932983,-116.980141,-8.121088,1328.655029,157.867203,187.09079,1335.897827,-57.303844,156.465851,1432.158691,78.47435,232.193085,1257.935669,164.496277,224.804245,1227.555664,281.343842,197.364746,1208.114624,535.414978,236.273972,1294.143188,548.299927,191.138718,1207.330322,617.670776,-117.867714,1338.110718,-92.301071,-113.296646,1440.525757,46.17841,-215.178589,1323.35144,118.906342,-194.808472,1278.960693,281.66333,8.7366,1428.287109,364.555115,-29.985596,1474.473389,292.915314,51.37159,1491.149658,382.722137,155.137985,1057.596191,126.310394,163.136154,1093.357422,-69.531685,-109.733421,1093.719238,-82.116661,-112.822403,1069.539551,129.876114
2.283,-1.001288,1688.486328,-30.498888,0.746509,1681.833496,78.44902,-78.954704,1624.110962,6.760814,29.124075,1433.095215,-70.623444,84.474503,1261.460938,-110.069092,-32.99704,1259.027832,-116.885979,-8.055113,1328.62854,158.136215,187.044617,1336.063965,-56.867332,156.220474,1432.399658,78.809822,232.222809,1258.395996,165.028381,225.044312,1228.165039,281.925323,198.002563,1209.105103,536.122314,236.41127,1295.28479,548.835815,191.437393,1208.348022,618.366211,-117.844551,1338.048218,-92.156105,-113.012451,1440.762451,45.840366,-214.910629,1324.442749,119.353485,-193.637589,1280.609619,282.586182,13.968483,1427.232178,355.836182,-24.304873,1471.706177,283.042786,58.514851,1489.460815,370.575256,155.471649,1057.507812,126.401619,163.309326,1093.622192,-69.391335,-109.664017,1093.686768,-81.878029,-112.539841,1069.427979,130.238815
2.292,-1.09123,1688.329224,-31.186537,0.50149,1682.074585,77.688934,-79.117157,1624.073608,6.121265,29.116951,1433.113037,-70.584137,84.630646,1261.484985,-109.967468,-32.869804,1258.905518,-116.724274,-8.030856,1328.633667,158.282333,187.053574,1336.215576,-56.523628,156.000336,1432.64624,79.097527,232.281876,1258.769897,165.466232,225.318024,1228.56897,282.390503,198.136673,1210.075317,536.770386,236.490631,1296.255127,549.21814,191.681168,1209.563843,619.183594,-117.813644,1337.92041,-92.175087,-112.698433,1440.921997,45.497921,-214.640366,1325.284302,119.765121,-192.512833,1281.809937,283.057556,19.158302,1425.070068,347.067902,-19.841579,1468.072876,273.834656,65.45755,1486.572144,358.668701,155.826477,1057.434692,126.477379,163.466248,1093.750854,-69.228653,-109.568176,1093.587402,-81.691849,-112.214615,1069.350586,130.63385
2.3,-1.3034,1688.175293,-31.884283,0.314962,1682.228638,77.164925,-79.271103,1624.009521,5.508443,29.130302,1433.072388,-70.646294,84.770065,1261.477905,-109.959419,-32.766121,1258.791992,-116.731705,-8.193098,1328.658325,158.157181,187.055817,1336.325195,-56.290535,155.832916,1432.860718,79.229469,232.33107,1259.064453,165.80809,225.497437,1228.800415,282.626587,198.250534,1210.727417,537.086609,236.585052,1296.980347,549.394714,192.004364,1210.449463,619.397827,-117.743164,1337.705933,-92.323708,-112.495682,1440.984131,45.131744,-214.230438,1325.934692,119.938202,-191.289917,1282.58252,283.427734,24.048159,1421.984985,338.525757,-14.962258,1463.885254,264.419861,72.152557,1482.439697,346.860718,156.542847,1057.255249,126.604736,163.633926,1093.771118,-69.066284,-109.450089,1093.401001,-81.532372,-111.968742,1069.313599,130.97229
2.308,-1.399289,1687.982178,-32.470882,0.177545,1682.243042,76.58593,-79.427986,1623.900269,5.024238,28.998068,1433.059692,-69.748665,84.926468,1261.385864,-110.014603,-32.655548,1258.598877,-116.82148,-8.373917,1328.700073,157.861115,187.054871,1336.357544,-56.164597,155.687592,1433.083862,79.260956,232.334045,1259.283691,165.943237,225.742371,1229.04248,282.779327,198.428055,1211.119263,537.458374,236.659729,1297.446289,549.44635,192.237305,1210.894775,619.578125,-117.695992,1337.442627,-92.592354,-111.954506,1440.693604,44.608067,-213.768936,1326.398193,119.936455,-190.052765,1283.034302,283.680603,28.623959,1418.027222,330.087769,-10.762652,1458.661011,255.900742,78.44487,1477.20459,335.664093,156.821838,1057.267578,126.714203,163.82312,1093.720825,-68.927933,-109.333298,1093.136963,-81.417358,-111.739159,1069.344971,131.289413
2.317,-1.615268,1687.78418,-32.946239,-0.014188,1682.110474,76.117638,-79.586021,1623.738892,4.51499,29.172211,1432.756226,-71.15831,85.090477,1261.222656,-110.166161,-32.518066,1258.361938,-117.087799,-8.444301,1328.606079,157.561386,187.059296,1336.37793,-56.184788,155.636429,1433.238892,79.156677,232.343872,1259.421509,165.947266,225.840698,1229.160645,282.76001,198.62822,1211.267822,537.498779,236.699936,1297.645996,549.389832,192.35701,1211.134644,619.715393,-117.736137,1337.17627,-92.985977,-111.590721,1440.363403,44.062389,-213.11319,1326.584473,119.854851,-188.9646,1283.0354,283.646118,32.760815,1413.455688,322.110046,-6.801476,1453.162109,248.071442,84.312569,1470.971558,324.949036,157.193893,1057.281128,126.846642,163.97905,1093.572021,-68.810768,-109.200768,1092.808594,-81.34671,-111.575417,1069.41272,131.55275
2.325,-1.85236,1687.547852,-33.497101,-0.266647,1681.948242,75.834679,-79.731743,1623.506348,3.956077,29.225315,1432.580688,-71.569977,85.266281,1261.014404,-110.410522,-32.385532,1258.058716,-117.365456,-8.509356,1328.469849,157.133514,187.070938,1336.315552,-56.350559,155.807083,1433.305298,79.000435,232.408936,1259.501221,165.764175,226.077805,1229.16333,282.523438,198.767105,1211.19104,537.281372,236.751572,1297.634155,549.160889,192.485428,1211.118286,619.456909,-117.788132,1336.781616,-93.546547,-111.30925,1439.886719,43.504627,-212.462479,1326.438354,119.668716,-187.598663,1282.571899,283.577332,36.739742,1407.945068,314.676819,-3.581044,1446.812988,240.495605,89.797981,1463.812744,314.880615,157.581055,1057.329224,126.949577,164.096283,1093.338501,-68.753304,-109.071739,1092.333862,-81.331879,-111.405045,1069.505859,131.767807
2.333,-2.124412,1687.273071,-33.953941,-0.420381,1681.646729,75.630745,-79.856895,1623.226929,3.349822,29.037424,1432.312744,-71.068413,85.419235,1260.749023,-110.744164,-32.194145,1257.601196,-117.693893,-8.578563,1328.277466,156.522644,187.090393,1336.210693,-56.669968,155.790192,1433.424438,78.514839,232.524597,1259.564209,165.387985,226.262314,1228.989014,282.121704,198.828262,1210.878662,536.749146,236.753281,1297.394531,548.723755,192.551636,1210.871582,619.022766,-117.785233,1336.316406,-94.155174,-111.093735,1439.362061,42.933033,-211.921768,1326.113892,119.432693,-186.657074,1281.852783,283.224518,40.399685,1401.82312,307.582855,-0.329599,1440.086914,233.513107,94.997124,1455.652344,305.376953,157.933685,1057.396606,127.034576,164.186417,1093.024414,-68.740791,-108.95105,1091.763794,-81.424095,-111.27404,1069.651001,131.936386
2.342,-2.317364,1687.049805,-34.277855,-0.608786,1681.27063,75.245132,-80.0112,1622.876221,2.985051,28.990824,1432.229858,-70.88826,85.61013,1260.407959,-111.235962,-32.032471,1257.041626,-118.214836,-8.697811,1327.936157,155.842285,187.153778,1336.028809,-57.160912,155.942886,1433.416138,77.940964,232.701721,1259.536255,164.852493,226.327469,1228.918457,281.602173,198.821793,1210.445312,536.153503,236.686859,1296.968872,548.195496,192.563248,1210.403809,618.366455,-117.725433,1335.763916,-94.88282,-110.967125,1438.700928,42.329536,-211.26442,1325.297241,119.160606,-186.422577,1280.072144,284.058502,43.72467,1395.2052,301.050171,2.885381,1433.078247,227.223236,99.753166,1446.817749,296.594757,158.277512,1057.49939,127.09494,164.23703,1092.650879,-68.776176,-108.832802,1091.075195,-81.519859,-111.1847,1069.818604,132.043289
2.35,-2.500471,1686.807129,-34.460373,-0.820397,1680.869019,74.939148,-80.201469,1622.475952,2.578235,28.925846,1431.943115,-70.92878,85.768761,1259.957397,-111.78241,-31.865023,1256.389404,-118.7939,-8.646265,1327.592896,155.078766,187.238144,1335.773438,-57.789185,156.094376,1433.374512,77.245277,232.865768,1259.428101,164.159698,226.505783,1228.678711,280.778778,198.887482,1209.807861,535.356689,236.577652,1296.318481,547.586243,192.515747,1209.697998,617.710693,-117.6959,1335.179932,-95.775078,-110.894981,1438.015503,41.691254,-210.607635,1324.4552,118.724663,-185.070557,1278.625977,282.841187,46.889412,1387.68457,295.033722,5.750438,1425.467163,221.307724,104.266197,1437.129395,288.570404,158.610001,1057.646484,127.144157,164.275482,1092.194946,-68.868462,-108.756401,1090.345581,-81.683571,-111.121475,1069.998291,132.111862
2.358,-2.663656,1686.47644,-34.460926,-1.070677,1680.389038,74.806747,-80.369514,1622.037476,2.301331,29.065001,1431.084595,-74.630974,85.959618,1259.434692,-112.431633,-31.751364,1255.813354,-119.506432,-8.408568,1327.286865,154.080536,187.305817,1335.399658,-58.552197,156.111679,1433.143311,76.485458,233.019821,1259.25354,163.247101,226.729095,1228.449707,279.922729,199.009827,1208.830444,534.268127,236.484543,1295.341797,546.767212,192.508224,1208.312012,616.629028,-117.728165,1334.52417,-96.591599,-110.944084,1437.147827,40.953476,-209.767639,1323.312012,118.096245,-184.562057,1276.444458,282.390289,49.651508,1379.50293,289.247375,8.52175,1417.214233,215.783051,108.262672,1426.984863,281.140228,158.921051,1057.812866,127.173958,164.324188,1091.633545,-69.011238,-108.664635,1089.547241,-81.95118,-111.056198,1070.131592,132.085464
2.367,-2.914145,1686.180054,-34.45232,-1.278776,1679.740601,74.657509,-80.564636,1621.53772,2.023999,29.006779,1430.542114,-75.753799,86.121323,1258.655518,-113.148407,-31.603708,1254.964478,-120.202866,-8.450055,1326.820068,153.118881,187.346878,1335.019775,-59.542084,156.294556,1432.89917,75.423584,233.26709,1258.9729,162.128098,226.892578,1227.916016,278.759796,199.147034,1207.447021,533.117432,236.269379,1294.363159,545.953186,192.384598,1207.062378,615.530518,-117.690933,1333.647461,-97.506386,-111.007469,1436.190918,40.39587,-209.161591,1321.779297,117.520058,-183.984268,1274.260986,281.239349,52.350624,1371.169922,284.185455,11.211458,1408.824829,210.887772,111.854813,1416.052856,274.53656,159.314011,1057.925293,127.084106,164.389755,1090.966797,-69.162483,-108.656929,1088.567505,-82.145531,-110.987549,1070.186279,131.940125
2.375,-3.155212,1685.859497,-34.518784,-1.429054,1678.803955,74.611893,-80.720322,1621.014893,2.183658,28.946682,1429.956665,-76.713684,86.15905,1257.891724,-113.985893,-31.449369,1254.065186,-121.027969,-8.239901,1326.358887,152.067856,187.372223,1334.521362,-60.609241,156.445679,1432.651001,74.134171,233.422958,1258.508179,160.951584,226.978333,1227.404297,277.513611,199.7491,1206.022217,531.481018,236.040497,1293.22229,544.913452,192.523651,1205.936768,614.03949,-117.670563,1332.820312,-98.299797,-111.194412,1435.071289,39.716713,-208.807983,1320.211548,116.760452,-183.682098,1271.472656,280.250641,54.058502,1362.012817,279.554596,12.935544,1399.919434,207.399979,115.144211,1404.646362,268.452209,158.878113,1058.219482,127.049179,164.359879,1090.155518,-69.446953,-108.593811,1087.532104,-82.499435,-110.913376,1070.163086,131.709442
2.383,-3.359105,1685.508179,-34.551994,-1.620315,1677.88269,74.363823,-80.995392,1620.427002,1.801728,28.826521,1429.240723,-77.872688,86.20417,1257.106567,-114.884956,-31.328127,1253.101318,-121.875931,-7.907147,1325.890869,150.867737,187.369522,1333.933228,-61.836185,156.523956,1432.418335,72.814728,233.74025,1258.013916,159.61261,227.05574,1226.751465,276.109009,199.949982,1204.910034,529.916626,236.025116,1291.883789,543.656433,192.590515,1204.03064,612.300293,-117.636566,1331.791748,-99.162025,-111.41922,1434.048706,39.237984,-208.397079,1318.462158,115.947083,-183.310257,1268.387939,278.802063,56.113766,1352.656372,275.115387,15.082008,1391.028931,203.527817,118.267159,1392.668823,262.941925,159.014709,1058.401978,126.891838,164.369431,1089.291748,-69.719597,-108.555214,1086.356445,-82.923111,-110.858307,1070.090332,131.428909
2.392,-3.534075,1685.103516,-34.560806,-1.74271,1676.938843,74.323639,-81.163895,1619.808228,1.242049,28.636522,1428.599487,-79.174309,86.305054,1256.050293,-115.821487,-31.20392,1252.06665,-122.789551,-8.098675,1325.701782,149.67569,187.429932,1333.278198,-63.176052,156.851318,1431.749756,71.479416,234.068939,1257.384766,158.180588,227.157974,1226.004272,274.609711,199.747299,1203.49707,528.401367,236.058548,1290.321289,542.364319,192.594559,1202.365845,610.5979,-117.600616,1330.79248,-99.974121,-111.757843,1432.782349,38.530857,-207.965698,1316.217407,115.136353,-183.189636,1264.958252,277.679413,57.78521,1342.799927,271.273682,16.480299,1381.833862,199.670258,120.951942,1380.235107,258.119324,159.079712,1058.508057,126.687645,164.447693,1088.283813,-70.021187,-108.550873,1085.17334,-83.305992,-110.833496,1069.943848,131.109665
2.4,-3.732346,1684.505981,-34.465824,-1.860502,1675.780396,74.365616,-81.251556,1619.049194,1.020443,28.418579,1427.832886,-80.382675,86.316254,1255.126587,-116.861168,-31.145128,1250.939331,-123.773766,-8.370085,1325.404419,148.888229,187.457092,1332.555176,-64.608482,157.069153,1431.344238,70.054176,234.327942,1256.621948,156.641983,227.283768,1225.137695,273.029907,200.000626,1201.638428,526.697998,236.090302,1288.66626,541.029541,192.480408,1200.601685,608.855591,-117.603348,1329.664185,-100.945816,-112.076981,1431.473633,37.999062,-207.560516,1313.779785,114.143944,-183.809052,1260.781494,275.788544,59.135296,1332.616699,267.745697,18.339989,1372.470581,196.464569,123.196304,1367.456421,253.558105,159.140762,1058.589966,126.447678,164.441284,1087.200928,-70.446899,-108.440048,1083.767944,-83.740723,-110.778893,1069.729736,130.741776
2.408,-3.837051,1683.877441,-34.190891,-1.985768,1674.584717,74.381393,-81.413437,1618.331055,1.007165,28.288342,1426.92749,-81.653313,86.324501,1254.028198,-117.949768,-31.162458,1249.7677,-124.778648,-8.735744,1324.971191,148.242645,187.455643,1331.749023,-66.150223,157.186996,1430.661743,68.465004,234.582916,1255.822388,155.003723,227.373352,1224.114136,271.242615,199.7948,1200.141968,525.655701,236.221542,1286.932007,539.396301,192.181076,1198.738159,607.186829,-117.632301,1328.529053,-101.87793,-112.542038,1430.177979,37.302044,-207.386246,1311.394897,112.996429,-183.843704,1257.162354,274.313385,60.182564,1322.27417,264.513947,19.85894,1363.248047,193.607635,125.206795,1354.426147,249.324158,159.180969,1058.646606,126.146507,164.465912,1085.972412,-70.860237,-108.394714,1082.456421,-84.182594,-110.799866,1069.370605,130.329773
2.417,-3.919167,1683.173462,-34.016544,-2.017052,1673.351196,74.359138,-81.563164,1617.44165,0.883388,27.94652,1426.064941,-82.912788,86.247124,1252.829346,-119.103416,-31.132072,1248.518311,-125.798065,-9.342467,1325.094238,146.773483,187.40918,1330.873779,-67.772903,157.154984,1429.6073,67.167038,234.797256,1254.777588,153.241699,227.407715,1222.910156,269.390472,199.344589,1198.639282,523.924133,236.367142,1285.015259,537.7677,192.306717,1196.744385,605.221863,-117.657051,1327.323608,-102.878891,-113.066475,1428.69458,36.674652,-207.365936,1308.774902,112.00737,-184.219879,1253.226196,272.254547,60.917191,1311.727539,261.272247,20.98963,1354.369629,190.26683,126.748863,1340.672729,245.32991,159.247681,1058.668579,125.831306,164.479111,1084.72876,-71.36454,-108.230408,1080.880249,-84.560867,-110.789474,1068.958252,129.942093
2.425,-4.002265,1682.407104,-33.974968,-2.0874,1671.887817,74.410339,-81.639061,1616.542969,0.710179,27.643604,1425.15332,-84.199432,86.261978,1251.640381,-120.225197,-31.111565,1247.203857,-126.808998,-7.797235,1323.104614,145.154343,187.413971,1329.914795,-69.438232,157.457809,1427.995483,65.811531,234.589066,1253.220581,151.330124,227.379959,1221.429443,267.428741,199.033539,1196.929077,521.737854,236.460861,1283.201904,535.808167,192.245026,1194.650513,603.119507,-117.701332,1326.05249,-103.763603,-113.686836,1427.24353,35.932728,-207.448502,1306.245605,110.808365,-184.842178,1249.245728,270.527893,61.546852,1300.423462,257.051697,23.134817,1345.003662,187.37117,128.267471,1325.719727,240.365875,159.317719,1058.639038,125.447945,164.438568,1083.276611,-71.954308,-108.290779,1079.44104,-84.947586,-110.85807,1068.534058,129.679642
2.433,-4.077626,1681.533325,-33.84457,-2.161586,1670.396851,74.277962,-81.732033,1615.441772,0.495907,27.467459,1424.246094,-85.417801,86.287392,1250.306763,-121.393089,-31.118914,1245.873657,-127.860146,-7.042278,1321.819824,144.07663,187.458359,1328.963379,-71.126045,157.65509,1426.483398,65.084061,234.691513,1251.568359,149.257507,227.44751,1219.450073,265.384979,199.134781,1195.07959,519.501587,236.718796,1281.094971,533.709045,192.347427,1192.781006,600.96637,-117.736237,1324.728882,-104.6446,-114.276909,1425.781372,35.180634,-207.712952,1303.829956,109.572662,-185.417786,1245.123535,268.45163,61.863129,1288.297729,252.426895,24.094395,1337.208374,185.262741,128.827759,1316.474243,238.279495,159.429031,1058.519897,124.977562,164.530045,1081.850708,-72.488571,-108.181664,1077.727661,-85.351898,-110.977646,1067.968872,129.396637
2.442,-4.124135,1680.547729,-33.596958,-2.092368,1668.796753,74.417992,-81.835266,1614.406128,0.554655,27.25971,1423.083618,-86.578835,86.117676,1249.011353,-122.607712,-31.118622,1244.482666,-128.91153,-6.860059,1320.798218,143.160797,187.460953,1327.718506,-72.716194,157.957275,1424.64563,64.455589,234.888168,1249.915405,147.308395,227.612091,1217.210571,263.243958,199.139542,1192.902466,517.447144,237.175385,1278.829956,531.479004,192.773026,1190.323364,598.52124,-117.743965,1323.411621,-105.436447,-115.070076,1424.36145,34.358418,-208.005127,1301.208374,108.258423,-186.017944,1240.293091,266.115204,62.482029,1280.119873,249.317764,24.428358,1331.432129,184.96106,130.181015,1312.282104,237.829422,159.545486,1058.334351,124.565666,164.599228,1080.247437,-73.164124,-108.163361,1076.153198,-85.665405,-111.116257,1067.417236,129.094421
2.45,-4.180372,1679.487915,-33.633209,-2.155751,1667.243774,74.212868,-81.826317,1613.114868,-0.03322,27.095531,1422.021484,-87.888626,86.043777,1247.53833,-123.79055,-31.138912,1243.115234,-129.927399,-6.412726,1319.814697,142.294647,187.452591,1326.427979,-74.323029,157.827347,1423.022095,62.783382,235.084274,1248.110962,145.319672,227.925293,1214.811401,261.035461,199.192871,1190.494751,515.091309,237.461563,1276.301514,529.330566,192.888901,1188.20459,596.491089,-117.578377,1321.978149,-106.201454,-115.701744,1423.226562,33.782829,-208.661346,1298.631592,106.804985,-186.377258,1234.796509,263.123047,62.437767,1276.187378,248.710938,24.181641,1327.802368,184.813019,129.866501,1309.519043,237.074463,159.660019,1058.097168,124.09671,164.631851,1078.681152,-73.867096,-107.98584,1074.430786,-86.068794,-111.281204,1066.932617,128.938583
2.458,-4.190145,1678.375122,-33.551544,-2.182879,1665.581055,74.33075,-81.833855,1611.897705,0.034781,27.017279,1420.759888,-89.109367,85.832985,1246.10083,-124.950211,-31.212406,1241.552002,-130.974335,-5.95682,1318.818359,141.389572,187.452652,1324.982056,-75.837608,157.480606,1421.723389,61.127895,235.344269,1246.575317,143.229156,228.19133,1212.439941,258.748413,199.57988,1187.944458,512.862549,237.80014,1273.627197,527.104492,193.377396,1185.447144,594.376953,-117.506187,1320.606567,-106.927048,-116.353432,1421.779053,32.965012,-209.459427,1296.03418,105.113625,-186.414566,1228.517822,259.85788,62.241657,1273.535767,247.460114,23.178699,1325.865356,184.197113,129.288406,1307.419189,236.052368,159.815048,1057.775879,123.584747,164.663437,1076.904419,-74.550201,-107.937729,1072.762817,-86.395081,-111.438202,1066.286499,128.739365
2.467,-4.19755,1677.133423,-33.473724,-2.183112,1664.205688,74.250542,-81.744629,1610.562134,-0.365372,26.848139,1419.55188,-90.319946,85.620232,1244.518433,-126.059296,-31.41135,1240.080322,-132.079132,-5.720993,1318.034546,140.590225,187.302429,1323.544067,-77.417305,157.16481,1420.269653,59.473125,235.106995,1244.138428,141.330078,228.607437,1210.191284,256.526123,200.04718,1184.857178,510.772095,238.09198,1270.693481,524.936951,193.882355,1182.40979,592.407471,-117.382408,1319.278442,-107.740486,-117.019936,1420.410034,32.225803,-210.279938,1293.118896,103.425522,-185.960037,1222.028809,256.36673,61.86507,1271.452271,245.548187,21.967545,1324.389526,183.015335,128.218781,1305.900024,234.651138,160.013519,1057.404419,122.997383,164.739288,1075.11084,-75.333633,-107.869255,1071.08606,-86.760422,-111.590195,1065.557373,128.572723
2.475,-4.111415,1675.965454,-33.517151,-2.213755,1662.499023,74.227585,-81.65905,1609.266113,-0.24391,26.659506,1418.231812,-91.361565,85.361946,1242.9375,-127.073395,-31.755842,1238.14856,-131.613083,-5.528103,1316.934937,139.642334,187.148834,1322.046387,-78.908096,157.105362,1418.959717,57.966583,235.468246,1241.328247,138.920883,229.155609,1208.033203,254.301315,200.881012,1181.328003,508.540466,238.186325,1267.51709,522.918701,194.52243,1179.029907,590.526001,-117.291214,1317.717407,-108.354767,-117.822235,1418.851685,31.517822,-211.043701,1289.915894,101.717247,-185.180511,1215.605835,252.924835,61.363926,1269.526245,243.401169,20.710621,1322.941284,181.674011,127.412155,1304.390869,233.011658,160.181091,1056.962402,122.440598,164.710114,1073.252197,-76.147331,-107.879738,1069.345825,-86.98172,-111.667534,1064.727783,128.453934
2.483,-3.837354,1674.714966,-33.564053,-2.169286,1661.176514,74.189278,-81.562065,1608.080811,-0.370364,26.32049,1416.933716,-92.503792,84.967789,1241.322632,-128.052856,-31.963278,1236.468018,-132.418335,-5.251747,1315.442993,138.634918,186.830292,1320.539917,-80.381157,157.199265,1417.700562,56.556301,236.517517,1239.572632,137.17659,229.644119,1205.840332,252.313644,201.742981,1177.741699,506.434448,238.261688,1264.275879,520.95166,195.325531,1175.325073,588.609131,-117.364456,1316.297974,-109.217186,-118.632805,1417.125244,30.921947,-211.637619,1286.389893,99.903214,-183.996567,1209.533813,249.890533,61.081291,1267.643799,241.499908,19.677454,1321.414062,179.983871,126.743988,1302.974731,230.899963,160.371506,1056.433594,121.89753,164.62941,1071.386841,-76.922821,-107.787361,1067.620117,-87.184723,-111.76889,1063.749634,128.275482
2.492,-3.66094,1673.447388,-33.524834,-2.035639,1659.651611,74.081154,-81.501793,1606.926147,-0.891844,25.891405,1415.637085,-93.507439,84.581512,1239.671997,-128.930206,-32.224003,1234.790039,-133.179718,-4.867512,1313.918457,137.452988,186.477173,1319.07666,-81.799904,157.180435,1416.265991,55.168423,237.013107,1238.091797,135.616058,230.191101,1203.662842,250.340195,202.425537,1174.198608,504.55481,238.179123,1260.8927,519.357788,196.581528,1171.185913,586.55072,-117.515182,1314.741943,-110.272385,-119.546219,1415.308472,30.353798,-211.914963,1282.546875,97.979218,-183.019272,1204.264038,247.394012,60.79303,1265.729248,239.102814,18.783766,1319.441528,177.985764,126.099823,1301.654541,228.839523,160.652115,1055.797363,121.278168,164.601807,1069.526855,-77.763916,-107.715729,1065.93335,-87.512985,-111.863441,1062.962769,128.187103
2.5,-3.405711,1672.326904,-33.63002,-1.909228,1658.363037,74.115463,-81.449768,1605.81958,-1.135184,25.564121,1414.251465,-94.462845,84.239937,1238.096436,-129.705032,-32.506493,1233.127808,-133.798492,-4.681431,1312.414795,136.454834,186.118713,1317.684814,-83.042313,156.892151,1414.98584,53.760948,236.645538,1236.797119,133.965576,230.674377,1201.610596,248.452896,203.931122,1170.372192,502.593628,237.932159,1257.555908,518.030273,197.989487,1166.723022,584.375305,-117.785439,1313.066895,-111.170479,-120.480408,1413.50061,29.433718,-211.828674,1278.765747,96.303162,-181.523453,1200.066162,244.031097,60.627098,1263.695679,236.648392,18.08317,1317.193237,176.057709,125.715912,1300.331787,226.822403,160.912506,1055.100464,120.691505,164.558899,1067.62439,-78.485443,-107.642151,1064.178223,-87.785965,-111.920349,1061.93811,127.958092
2.508,-3.153333,1671.157227,-33.764881,-1.757338,1657.072388,74.00769,-81.371719,1604.754272,-1.352017,25.008814,1412.920898,-95.504158,83.842964,1236.456909,-130.498688,-32.811882,1231.273804,-134.512039,-4.86292,1310.825562,135.551849,185.663513,1316.394531,-84.26268,156.551224,1413.824219,52.496605,236.2836,1235.595825,132.547638,231.074966,1199.772217,246.835724,204.933746,1166.578735,501.025269,237.736862,1254.236328,516.995789,198.850281,1162.421143,582.591797,-117.967125,1311.268311,-112.137901,-121.579468,1411.740112,28.520502,-211.100494,1274.968872,94.665703,-180.615524,1196.240723,242.07782,60.91013,1261.391846,234.153885,18.317329,1313.942139,172.610489,125.504745,1298.579712,224.684128,161.057053,1054.31604,120.200058,164.520477,1065.805664,-79.07972,-107.692871,1062.56189,-88.038406,-111.946648,1060.80835,127.92572
2.517,-2.888261,1670.036255,-33.904518,-1.758575,1655.667603,73.82341,-81.301109,1603.850464,-1.859754,24.540554,1411.589478,-96.476891,83.524681,1235.040894,-131.153488,-33.107014,1229.623413,-135.197739,-5.016465,1309.493652,134.56842,185.343109,1315.178101,-85.301765,156.324478,1412.59375,51.535744,236.141281,1234.349609,131.405441,231.485809,1198.210327,245.3703,205.612686,1163.173584,499.485657,237.414841,1251.076294,516.131104,199.569336,1158.234375,580.79187,-118.185196,1309.594849,-113.28952,-122.518158,1410.143188,27.509274,-210.090454,1271.550415,93.122025,-180.028885,1193.351318,240.526672,61.094849,1259.129028,231.686035,18.314362,1311.643311,169.773926,125.466896,1296.760498,222.694748,161.245239,1053.387695,119.7388,164.47876,1064.185181,-79.728058,-107.701225,1060.822021,-88.485733,-111.964409,1059.703491,127.662094
2.525,-2.520636,1668.959229,-34.002193,-1.716547,1654.605225,73.63282,-81.256927,1602.927734,-2.307356,24.129251,1410.264526,-97.404243,83.315689,1233.515869,-131.831711,-33.340508,1227.897339,-135.792389,-5.30502,1308.060425,133.660492,184.934387,1314.063599,-86.309624,155.996338,1411.452881,50.588348,236.218491,1233.229858,130.333862,231.879211,1197.112305,244.284592,206.048126,1160.091431,498.085449,237.294495,1248.233032,515.457703,200.187073,1154.287109,579.081604,-118.355019,1307.762207,-114.372925,-123.4123,1408.604126,26.22612,-208.819504,1268.515015,91.680405,-179.731171,1191.232056,239.152283,61.355137,1256.667358,229.706146,18.954409,1308.555664,168.64151,125.547409,1294.711426,220.972687,161.383041,1052.437866,119.395378,164.451553,1062.516113,-80.170929,-107.741562,1059.310913,-88.771362,-112.030876,1058.697754,127.534836
2.533,-2.328254,1667.865234,-34.335186,-1.696244,1653.436523,73.313171,-81.281006,1602.016479,-2.646185,23.670895,1409.11731,-98.36721,82.938126,1232.165527,-132.461838,-33.462704,1226.139648,-136.363586,-5.413432,1306.71106,132.594376,184.545044,1313.000732,-87.178665,155.554306,1410.329956,49.706997,236.506561,1232.180298,129.312622,232.211166,1196.057495,243.457367,206.306763,1157.581421,496.842926,237.217377,1245.664429,514.941101,200.502747,1150.853394,577.356995,-118.561073,1305.983765,-115.547112,-124.143616,1407.245117,24.869677,-207.819382,1266.152954,90.330383,-180.290466,1189.363281,239.509796,61.780857,1254.392578,227.815811,18.992077,1306.726074,166.658325,125.872192,1292.71582,219.494202,161.565445,1051.437622,119.110458,164.406616,1061.020142,-80.520546,-107.696541,1057.610962,-89.208672,-112.093826,1057.533203,127.289894
2.542,-2.150248,1666.782349,-34.563179,-1.793982,1652.341187,72.991669,-81.293854,1601.153076,-3.043246,23.425898,1407.948975,-99.20536,82.878708,1230.803833,-133.034073,-33.552402,1224.573853,-136.903625,-5.547729,1305.554932,131.700668,184.331421,1311.971802,-87.872765,155.275345,1409.173096,49.045345,236.839859,1231.029053,128.500031,232.380585,1195.101807,242.73558,206.189865,1155.646729,495.672913,237.298584,1243.524414,514.314575,200.07637,1148.204712,576.07251,-118.585762,1304.269165,-116.503639,-124.670364,1406.082397,23.559301,-207.303848,1264.487183,89.377083,-179.886429,1188.121216,237.917297,62.112625,1252.388428,226.640732,19.692549,1304.390869,166.079758,126.135185,1291.021362,218.593079,161.696625,1050.537109,118.90036,164.403091,1059.644653,-80.764099,-107.790955,1056.246948,-89.567535,-112.124161,1056.397583,127.174629
2.55,-2.040024,1665.852783,-34.998795,-1.862034,1651.499756,72.680313,-81.334534,1600.391357,-3.736691,23.184885,1406.869751,-99.934601,82.78038,1229.618408,-133.605347,-33.585812,1223.146362,-137.399643,-5.78863,1304.487671,130.96843,184.120255,1310.988525,-88.499168,155.043182,1408.094971,48.37088,236.880112,1229.7854,127.68869,232.344162,1193.969482,242.188217,205.682144,1154.025757,494.812836,237.615387,1241.584839,513.826477,199.655182,1145.947144,575.22406,-118.60273,1302.869141,-117.274513,-125.006927,1405.143921,22.439493,-207.213196,1263.384521,88.556763,-180.244904,1187.219604,237.505661,62.370823,1250.770142,225.967209,20.407997,1303.122681,165.323898,126.407043,1289.644653,218.247238,161.764465,1049.578491,118.805389,164.40976,1058.596069,-80.943596,-107.797798,1054.812256,-90.074196,-112.237587,1055.431519,126.90966
2.558,-1.972274,1665.077148,-35.519585,-1.907567,1650.736572,72.192986,-81.407249,1599.724487,-4.259524,23.055038,1405.928711,-100.685295,82.796951,1228.542969,-134.08786,-33.554867,1221.833618,-137.844955,-5.93631,1303.635254,130.342285,183.980362,1310.144897,-89.081032,154.803268,1407.249512,47.968765,236.771927,1228.713989,127.136993,232.190765,1192.699463,241.604538,204.546814,1153.262817,494.451172,237.929306,1240.193359,513.294922,199.259399,1144.497314,574.414124,-118.578049,1301.543091,-117.961357,-125.146103,1404.293457,21.488554,-207.578369,1262.945435,88.00515,-180.192017,1186.557007,236.561172,62.541954,1249.607056,225.798141,19.757578,1302.980713,164.959137,126.674561,1288.635986,218.155014,161.784546,1048.651978,118.804649,164.425842,1057.488647,-81.058029,-107.787804,1053.716187,-90.538063,-112.304649,1054.511963,126.733276
2.567,-1.884526,1664.341431,-36.09026,-2.04392,1650.108276,71.659668,-81.512451,1599.036621,-4.645845,23.045654,1405.179932,-101.24794,82.917908,1227.544678,-134.543106,-33.498203,1220.87915,-138.229691,-6.128964,1302.872192,129.69136,183.918976,1309.259521,-89.453468,154.713364,1406.474365,47.546169,236.497177,1227.849121,126.788734,231.950836,1191.484131,241.135025,203.723099,1152.728394,493.849884,238.18573,1239.172729,512.912292,198.645233,1143.916382,574.000427,-118.554688,1300.670288,-118.430489,-125.123383,1403.703003,20.899282,-208.148514,1262.884033,87.67791,-180.473648,1186.049194,236.341431,62.691399,1248.928223,225.881195,19.884926,1302.588745,164.98558,126.831604,1287.88623,218.246048,161.757156,1047.865601,118.762856,164.494202,1056.704224,-81.086212,-107.710999,1052.696411,-90.964699,-112.410004,1053.544556,126.482483
2.575,-1.84972,1663.602173,-36.670498,-2.226864,1649.640259,71.076294,-81.551819,1598.506104,-5.342695,23.098644,1404.5625,-101.703049,82.943382,1226.836182,-134.929199,-33.38649,1220.17334,-138.483688,-6.38796,1302.34436,129.269363,184.012695,1308.617676,-89.766594,154.772766,1405.7854,47.278053,236.1745,1227.032715,126.609268,231.499451,1190.553955,240.997086,202.482773,1152.995972,493.928558,238.228165,1238.828491,512.673706,197.843872,1144.077026,573.856079,-118.445862,1300.026611,-118.725624,-125.001534,1403.275513,20.372915,-208.869553,1263.127808,87.549774,-180.657898,1185.773193,235.981995,62.74247,1248.638184,226.169128,20.011938,1302.37915,165.206619,126.94223,1287.442749,218.460663,161.737396,1047.362061,118.850739,164.628098,1056.111694,-81.052238,-107.553215,1051.89502,-91.394814,-112.526794,1052.725708,126.214325
2.583,-1.76476,1663.126709,-37.309017,-2.393066,1649.552368,70.537537,-81.595352,1598.195435,-5.965464,23.284912,1404.122803,-101.9683,83.068764,1226.355225,-135.245178,-33.197506,1219.778442,-138.666855,-6.818205,1301.939453,128.88623,184.105438,1308.12793,-89.904816,154.842987,1405.262573,47.115204,235.740982,1226.375854,126.598831,231.023483,1190.081177,241.041443,201.495071,1153.356567,494.011261,238.074966,1239.204102,512.538574,197.316116,1144.864624,574.127563,-118.33522,1299.627197,-118.913544,-124.822296,1403.127441,20.20903,-209.909912,1263.629761,87.532005,-180.991821,1185.788452,235.954651,62.674835,1248.660278,226.570724,19.997301,1302.320679,165.368073,126.918999,1287.36853,218.796051,161.64772,1046.922974,118.979759,164.810486,1055.624634,-81.008904,-107.380363,1051.37915,-91.742378,-112.666824,1052.106812,125.803368
2.592,-1.684138,1662.844238,-38.066345,-2.594785,1649.673096,69.821762,-81.63649,1598.043945,-6.644098,23.456005,1403.91626,-102.114182,83.245926,1226.112061,-135.364487,-33.031155,1219.702637,-138.793747,-7.1546,1301.731201,128.639175,184.2043,1307.753174,-89.928535,154.898788,1404.960693,47.00753,235.245804,1225.955933,126.796516,230.493973,1189.927856,241.309799,200.165588,1154.992188,494.654205,237.651764,1240.431152,512.670349,196.649368,1146.718384,574.752441,-118.228302,1299.579346,-118.961937,-124.660133,1403.15918,20.090984,-210.807327,1264.293335,87.6091,-181.281677,1186.055786,235.865952,62.492294,1248.923218,226.989578,19.86746,1302.395874,165.493958,126.775917,1287.668213,219.047852,161.51796,1046.677979,119.095215,164.96199,1055.310303,-80.945984,-107.175079,1051.209351,-92.161583,-112.842888,1051.661743,125.483665
2.6,-1.577762,1662.683716,-38.875309,-2.77674,1650.168335,69.078125,-81.673447,1598.046387,-7.547889,23.646204,1403.980713,-102.056892,83.377754,1226.155396,-135.384247,-32.868053,1219.897339,-138.814621,-7.451128,1301.708618,128.52861,184.35585,1307.646729,-89.817482,154.935654,1404.848755,46.966198,234.738968,1225.781128,127.053352,230.013596,1190.141724,241.82164,199.12413,1157.255615,495.441162,236.980301,1242.388794,512.920471,196.128403,1148.979736,575.638306,-118.121696,1299.821533,-118.864403,-124.54895,1403.368652,20.036787,-211.35611,1264.948975,87.751442,-181.740295,1186.638306,235.970352,62.25948,1249.416138,227.377014,19.652317,1302.604248,165.554977,126.53643,1288.30188,219.428665,161.400192,1046.585449,119.199821,165.073318,1055.252563,-80.874496,-107.011909,1051.305664,-92.52504,-112.994347,1051.392822,125.158829
2.608,-1.441574,1662.72583,-39.731941,-2.978906,1650.866211,68.405632,-81.604843,1598.226074,-8.500721,23.800316,1404.256714,-101.884865,83.489182,1226.455933,-135.334213,-32.743057,1220.375854,-138.72438,-7.676291,1301.885254,128.476883,184.501724,1307.753418,-89.573235,154.92749,1404.925781,46.971115,234.134689,1225.881958,127.502907,229.606308,1190.610107,242.404449,198.127838,1160.192139,496.507996,236.139069,1245.204712,513.339294,195.100632,1152.490234,576.823303,-118.049614,1300.321533,-118.675377,-124.455559,1403.802612,20.089621,-211.719269,1265.731323,87.833199,-182.094254,1187.44397,236.207947,61.976589,1250.11792,227.655624,19.296026,1303.031982,165.526886,126.21978,1289.107544,219.696884,161.291656,1046.703247,119.301163,165.20192,1055.461426,-80.78492,-106.887863,1051.66626,-92.751045,-113.178337,1051.286133,124.748985
2.617,-1.208215,1662.925415,-40.628029,-3.159198,1651.640991,67.580711,-81.4963,1598.640381,-9.241427,23.953032,1404.735229,-101.526497,83.61956,1227.019043,-135.167801,-32.651966,1221.015625,-138.583496,-7.822376,1302.184326,128.534637,184.623718,1308.13623,-89.262321,154.864594,1405.210205,47.05508,233.641937,1226.33313,128.01828,229.348373,1191.58728,243.258835,196.176941,1163.883545,497.814667,235.127029,1248.909302,513.881836,193.941345,1156.811523,578.280457,-118.035576,1300.981567,-118.427948,-124.328194,1404.599487,20.433718,-211.828812,1266.552979,88.106949,-182.423294,1188.462158,236.704376,61.719051,1250.990845,227.836823,18.961246,1303.761353,165.761765,125.932144,1290.010254,219.919937,161.178482,1047.013672,119.374458,165.242554,1055.907349,-80.709404,-106.846611,1052.341309,-92.900993,-113.317963,1051.435425,124.477959
2.625,-0.994581,1663.351807,-41.642735,-3.218767,1652.61499,66.601456,-81.372063,1599.222534,-10.131645,24.050421,1405.401123,-101.076691,83.692551,1227.770508,-134.871918,-32.659306,1221.891357,-138.314194,-8.014581,1302.72644,128.824554,184.657852,1308.643433,-88.79866,154.705521,1405.761719,47.161301,233.08255,1227.408813,128.849976,229.065811,1192.904297,244.304413,194.991287,1168.409424,499.466675,234.086243,1253.280151,514.559875,192.598145,1162.248901,580.012085,-117.925385,1301.867676,-117.999329,-124.286209,1405.455688,20.75631,-211.641693,1267.544922,88.497154,-182.804276,1189.769897,237.362259,61.374176,1252.085571,228.253876,19.250408,1303.786743,166.63205,125.483604,1291.304932,220.179291,161.04808,1047.42688,119.39257,165.258484,1056.57251,-80.608276,-106.842842,1053.344727,-92.937073,-113.441055,1051.831299,124.316032
2.633,-0.629662,1663.909668,-42.736591,-3.27543,1653.925903,65.755348,-81.204659,1599.91272,-10.768779,24.1609,1406.194336,-100.520592,83.660072,1228.740967,-134.637299,-32.709305,1223.030518,-137.91954,-8.12956,1303.433838,129.16774,184.749756,1309.524902,-88.299828,154.472092,1406.575684,47.455959,232.683395,1228.90564,129.766159,228.804459,1194.802612,245.653259,193.073669,1173.61084,501.264587,232.822113,1258.535522,515.374268,190.643066,1168.553589,582.011047,-117.931786,1302.932129,-117.469292,-124.134422,1406.518921,21.306154,-211.478348,1268.699097,88.896004,-183.079117,1191.279907,238.044662,60.998657,1253.230225,228.640121,18.403864,1305.139526,166.728897,125.014633,1292.713013,220.583084,160.870712,1047.990356,119.420738,165.301743,1057.636841,-80.549164,-106.855789,1054.414185,-92.98481,-113.599678,1052.483276,124.248154
2.642,-0.306377,1664.467407,-43.606934,-3.20843,1655.301514,64.864601,-80.908669,1600.758179,-11.759359,24.288124,1407.176025,-99.868279,83.587677,1229.895264,-134.262268,-32.766293,1224.272217,-137.465363,-8.135248,1304.392334,129.584152,184.730286,1310.418945,-87.659653,154.208725,1407.421265,47.684135,232.436478,1230.915527,131.04277,228.721909,1197.47583,247.197235,191.430496,1179.649902,503.391022,231.248322,1264.447021,516.312988,188.649368,1175.632935,584.065002,-117.876427,1304.187134,-116.803055,-123.901016,1407.798584,21.910452,-211.260101,1270.123779,89.456352,-183.38385,1192.875488,238.792435,60.699436,1254.696289,229.051788,18.336266,1306.081665,167.345291,124.611435,1294.328491,221.052216,160.637436,1048.707153,119.475479,165.206253,1058.870361,-80.394379,-106.964027,1055.819214,-92.796799,-113.779274,1053.360229,124.161156
2.65,0.053821,1665.15625,-44.573574,-3.081387,1656.880371,63.989571,-80.615463,1601.795532,-12.629175,24.293512,1408.253052,-99.197388,83.566399,1231.130859,-133.860352,-32.836597,1225.749512,-136.954514,-8.15626,1305.404297,130.106262,184.746628,1311.493164,-86.888351,153.857895,1408.578979,48.053997,232.268295,1233.451416,132.480408,228.525482,1200.857056,249.082245,189.085419,1186.262817,505.672394,229.369247,1271.177612,517.503662,186.064499,1183.693726,586.506287,-117.934692,1305.634644,-115.977798,-123.710533,1409.172607,22.708906,-210.976852,1271.545532,90.248848,-183.624832,1194.578247,239.626297,60.537266,1256.289917,229.612518,18.225519,1307.116455,167.548157,124.276382,1296.34082,221.609833,160.456421,1049.467896,119.484818,165.08757,1060.228394,-80.199196,-107.097458,1057.282104,-92.552307,-113.960777,1054.297607,124.2267
2.658,0.536918,1666.073242,-45.628468,-2.932595,1658.476685,63.204906,-80.279709,1602.817749,-13.348467,24.38426,1409.568481,-98.386681,83.433975,1232.691895,-133.284805,-32.985062,1227.404785,-136.40242,-8.16498,1306.535278,130.775681,184.735931,1312.810059,-86.095726,153.428085,1409.971313,48.409988,232.328796,1236.274658,134.211594,228.34668,1204.855713,251.246964,186.97966,1193.784668,508.049652,227.243515,1278.481079,518.648926,183.363022,1192.245117,588.81665,-117.931808,1307.246704,-115.104469,-123.362221,1410.680298,23.702951,-210.910721,1273.352539,91.104408,-183.747177,1196.270264,240.748322,60.392387,1258.029297,230.30011,18.408878,1308.587402,167.623093,124.086853,1298.456177,222.259842,160.206451,1050.407593,119.518944,164.9646,1061.892212,-80.039505,-107.262756,1058.911499,-92.220322,-114.185623,1055.348999,124.379448
2.667,1.118479,1666.999756,-46.607094,-2.78396,1660.227051,62.410614,-79.704666,1604.096558,-14.499034,24.429714,1410.787842,-97.447556,83.465851,1234.214355,-132.665482,-33.082958,1229.050903,-135.73587,-8.1241,1307.655762,131.554977,184.788757,1314.219849,-85.166862,152.948303,1411.394775,48.910061,232.644135,1239.483032,135.790527,228.126968,1209.189209,253.651794,184.41832,1201.84021,510.508423,224.984314,1286.613037,519.84906,180.319809,1202.047485,591.441162,-118.042168,1308.863647,-114.126648,-122.995354,1412.304077,24.755247,-210.821838,1275.109741,92.168655,-183.774231,1198.2854,241.600327,60.341167,1260.186279,231.303833,18.688251,1309.858398,167.823975,123.725342,1300.97229,223.051086,160.058853,1051.480591,119.539154,164.75705,1063.523193,-79.82299,-107.559074,1060.725342,-91.814651,-114.389091,1056.539795,124.665154
2.675,1.667994,1667.945068,-47.433968,-2.522046,1662.138184,61.585697,-79.160233,1605.284546,-15.315837,24.374615,1412.220581,-96.533836,83.405106,1235.987427,-131.971832,-33.176918,1230.958618,-135.032715,-8.042391,1309.1073,132.352783,184.782349,1315.753418,-84.160164,152.445938,1412.993896,49.293091,233.19017,1242.84668,137.675491,227.956284,1213.632812,256.190338,181.551651,1210.425659,513.17157,222.25087,1295.429932,521.057922,176.902191,1212.351196,594.088501,-118.090096,1310.665283,-112.976486,-122.638092,1413.816772,25.882195,-210.821121,1277.150146,93.326263,-183.766586,1200.039429,243.094254,60.221256,1262.532593,232.400253,18.976213,1311.312378,167.959274,123.543434,1303.885254,224.002502,159.758011,1052.463501,119.554398,164.51059,1065.281616,-79.696411,-107.760231,1062.580444,-91.478699,-114.490669,1057.801514,124.807739
2.683,2.372544,1669.03125,-48.359528,-2.207767,1663.569702,60.431042,-78.665848,1606.731567,-15.961295,24.364803,1413.620728,-95.512505,83.326157,1237.746094,-131.267609,-33.281719,1232.926147,-134.294357,-8.09705,1310.47522,133.379837,184.791748,1317.344116,-82.994164,151.801697,1414.730591,49.770535,233.804947,1246.4198,139.706497,228.330414,1218.240356,258.563751,178.237106,1220.124756,516.05603,219.143875,1304.930786,522.351074,173.288712,1223.335938,596.509949,-118.205727,1312.569214,-111.82737,-122.430229,1415.491333,27.040836,-211.069138,1279.236572,94.864037,-183.593338,1202.033447,244.348297,60.394665,1264.861328,233.502136,19.356874,1312.930054,168.174332,123.324852,1306.917847,224.918961,159.463669,1053.430664,119.597618,164.324966,1067.173584,-79.482628,-108.039192,1064.484497,-91.118141,-114.606468,1059.176025,125.139
2.692,3.174642,1670.02356,-49.304096,-1.838313,1665.282104,59.338535,-78.185867,1608.067627,-17.07872,24.3806,1415.109253,-94.392372,83.394653,1239.61853,-130.483902,-33.306324,1234.831421,-133.452667,-8.141716,1312.025391,134.527435,184.76947,1319.109009,-81.812187,151.244171,1416.473389,50.319771,234.594116,1250.037231,141.797546,228.041061,1222.84082,261.286377,174.790482,1229.750488,519.002502,215.797134,1314.887695,523.514893,168.952499,1235.313721,599.096008,-118.368874,1314.440796,-110.578377,-122.053879,1417.045654,28.430443,-211.231201,1281.453247,96.323174,-183.297546,1203.909668,245.886383,60.468105,1267.798218,235.294403,19.680342,1314.592285,168.393387,122.984856,1310.317627,226.687302,159.094391,1054.4104,119.715714,164.071396,1069.098633,-79.243927,-108.331245,1066.583862,-90.694168,-114.661453,1060.404175,125.411453
2.7,3.931696,1670.990479,-50.161747,-1.56829,1667.266724,58.52758,-77.608147,1609.426514,-17.75452,24.33193,1416.50647,-93.30719,83.395935,1241.591064,-129.604767,-33.374092,1236.891113,-132.609711,-8.369577,1313.772583,135.840958,184.810287,1320.864258,-80.524025,150.682419,1418.362183,50.867329,235.339249,1253.882812,143.914902,227.891479,1227.653442,264.164246,171.987564,1240.046265,520.783264,212.168915,1325.553467,524.453308,165.012863,1247.668213,601.149841,-118.472099,1316.315308,-109.227898,-121.806747,1418.692749,29.905041,-211.351578,1283.53418,97.917068,-183.042755,1205.850464,247.338242,60.686493,1270.0271,235.759247,19.989834,1316.15686,168.80983,122.745178,1313.568359,227.626709,158.806976,1055.302246,119.738785,163.871063,1071.008667,-79.005737,-108.584381,1068.574219,-90.205643,-114.662666,1061.736938,125.598801
2.708,4.705674,1671.838867,-51.039532,-1.09022,1669.037109,58.189301,-76.939415,1610.732422,-18.852203,24.176256,1417.979004,-91.983521,83.364349,1243.487915,-128.657532,-33.429218,1238.961914,-131.685303,-7.996173,1314.766724,136.310226,184.767822,1322.628296,-79.147339,149.918976,1420.078979,51.566307,236.009811,1257.675049,146.161377,227.756729,1232.785767,267.084259,169.237762,1249.942017,522.713379,208.263565,1336.650269,525.233276,159.862778,1260.71936,603.739075,-118.583931,1318.16748,-107.81324,-121.506531,1420.325317,31.447668,-211.395142,1285.599731,99.678879,-182.748672,1207.839233,249.224655,60.953667,1272.585938,236.838745,20.333235,1317.834106,169.216995,122.539001,1316.716431,228.286469,158.483566,1056.155396,119.732765,163.601685,1072.915649,-78.787895,-108.833755,1070.630371,-89.776978,-114.591736,1062.994141,125.850227
2.717,5.581756,1672.626587,-51.843903,-0.722842,1671.032104,57.184532,-76.410713,1611.83728,-19.186052,24.061749,1419.483643,-90.412346,83.435455,1245.493286,-127.576752,-33.431587,1241.022339,-130.711746,-8.134015,1316.229248,137.676315,184.807846,1324.447876,-77.688187,149.239136,1421.941284,52.1511,236.567932,1261.585815,148.401825,227.832153,1238.00769,270.026978,164.3284,1262.587158,525.615234,204.06102,1348.155396,525.617676,154.160507,1274.577515,605.809082,-118.720619,1319.97644,-106.150719,-121.18882,1421.80542,33.12505,-211.460754,1287.479004,101.583351,-182.28035,1209.666504,251.029907,61.213051,1275.567017,237.78009,20.672018,1319.543823,169.627304,122.295586,1319.97168,229.144318,158.219772,1057.005371,119.742393,163.3134,1074.863525,-78.568802,-109.07309,1072.82312,-89.618629,-114.503944,1064.041748,125.964043
2.725,6.23439,1673.521118,-52.808998,-0.108548,1672.650146,57.044903,-75.881119,1613.099121,-19.95813,23.821367,1420.981445,-88.455643,83.443939,1247.427979,-126.532478,-33.254387,1243.444946,-131.175217,-8.176708,1317.663208,139.128799,184.817261,1326.238525,-76.2145,148.585327,1423.685547,52.960678,237.034409,1265.524292,150.8423,227.949661,1243.142822,273.037292,159.859604,1274.258545,527.790222,199.564499,1360.110718,525.671448,148.309372,1289.060425,607.245117,-118.866409,1321.742432,-104.493874,-120.85907,1423.238525,34.756012,-211.323761,1289.47583,103.384567,-181.911133,1211.674927,252.976624,61.48661,1277.69458,239.014313,21.062262,1321.232544,170.162247,122.1912,1323.033691,229.868774,158.015396,1057.615723,119.783432,163.059143,1076.716553,-78.24572,-109.349823,1074.77832,-89.14109,-114.308098,1065.098633,126.186806
2.733,6.923241,1674.245239,-53.880112,0.119793,1674.285645,55.473854,-75.307419,1614.017822,-20.567469,23.678219,1422.276978,-86.925369,83.542793,1249.263184,-125.493988,-33.409786,1245.227661,-129.584274,-8.442112,1319.008179,140.745728,184.779083,1327.985352,-74.668449,147.934311,1425.437012,53.622372,237.363739,1269.358276,153.131119,228.06279,1248.213867,275.9263,156.767471,1285.38147,529.2323,194.641968,1372.278198,525.269165,142.260941,1303.898071,608.052429,-119.00882,1323.532837,-102.902969,-120.378006,1424.609131,36.548645,-210.978516,1291.140259,105.499313,-181.297394,1213.439453,255.202316,61.746727,1280.229004,240.248367,21.328068,1322.595337,170.776474,121.971741,1326.169312,230.940842,157.876953,1058.12439,119.807121,162.805588,1078.564453,-77.932426,-109.554924,1076.757202,-88.737694,-114.128563,1065.965576,126.255615
2.742,7.784577,1674.695557,-54.618359,0.59247,1675.341797,55.002949,-74.770149,1614.935791,-21.356239,23.595009,1423.627319,-85.384117,83.640228,1251.162476,-124.301117,-33.364365,1247.15625,-128.685516,-8.639596,1320.290894,142.607956,184.827667,1329.669922,-73.108627,147.308533,1426.996094,54.576717,237.644028,1273.259277,155.552734,228.212738,1253.547241,279.06485,151.197083,1298.836548,530.066711,189.404953,1384.602295,524.272095,135.680527,1318.942139,608.097351,-119.097939,1325.149536,-101.234306,-120.066879,1425.835327,38.446804,-210.527069,1292.776855,107.512177,-180.805786,1215.209351,257.335968,62.106445,1282.67041,241.357071,21.771769,1324.264038,171.425827,121.738823,1329.134277,232.012985,157.755096,1058.575806,119.862877,162.56395,1080.276611,-77.630737,-109.813751,1078.688477,-88.31102,-113.937218,1066.760376,126.518669
2.75,8.347441,1675.146973,-55.509724,0.920475,1676.67041,53.387375,-74.229385,1615.736816,-21.943069,23.527504,1424.692627,-84.016426,83.652672,1252.854858,-123.100449,-33.468159,1248.898682,-127.286583,-8.665118,1321.450439,143.969147,184.851517,1331.33667,-71.555542,146.881439,1428.64624,55.47728,237.819778,1277.0625,157.867233,228.322617,1258.466064,281.864471,145.645248,1311.566162,530.744995,183.921509,1397.079834,522.593811,128.447647,1333.997314,607.670532,-119.142899,1326.674194,-99.48542,-119.647034,1427.01123,40.493778,-210.076691,1294.270508,109.521606,-180.325378,1216.743408,259.461365,62.66357,1284.70813,242.556747,22.131485,1325.672729,172.131668,121.293015,1332.135254,233.29657,157.679779,1058.875122,119.925163,162.367645,1081.903809,-77.236107,-109.942352,1080.500244,-87.892036,-113.725189,1067.309448,126.70031
2.758,8.943368,1675.476929,-56.118198,1.572731,1677.442749,53.075623,-73.789993,1616.380371,-22.512714,23.407524,1425.861084,-82.583458,83.690666,1254.530884,-121.974823,-33.421661,1250.489136,-126.075294,-8.723477,1322.36731,145.604126,184.971359,1332.770874,-69.984444,146.396515,1430.078857,56.501152,237.860794,1280.589355,160.121628,228.585281,1263.546021,284.786804,140.404205,1324.022827,530.811096,178.198639,1409.692993,520.208374,121.562309,1348.035767,607.014648,-119.347572,1328.226807,-98.060265,-119.295609,1428.11792,42.366608,-209.507187,1295.547119,111.614037,-179.806442,1218.217407,261.597351,61.921013,1287.285156,245.520782,22.482672,1326.910889,172.910355,121.162819,1334.872559,234.359543,157.629196,1059.025879,120.009689,162.177429,1083.420776,-76.934029,-110.182678,1082.265381,-87.482918,-113.506462,1067.768188,126.904488
2.767,9.694131,1675.888428,-57.129295,1.795577,1678.206299,52.067535,-73.238121,1616.78064,-22.860167,23.30896,1426.844971,-81.061943,83.872757,1256.087402,-120.744965,-33.454441,1252.12146,-124.784866,-8.699585,1323.074707,146.998245,184.979172,1334.203979,-68.427345,145.948853,1431.461914,57.506203,237.953888,1284.065674,162.438385,228.687515,1268.469238,287.635284,135.399124,1336.324707,530.55011,172.106995,1422.191284,516.995239,114.70929,1361.606689,608.495789,-119.465828,1329.65918,-96.449409,-118.927635,1429.10437,44.291256,-208.958832,1296.645996,113.732681,-179.259583,1219.663696,263.735779,62.410679,1289.129883,246.669495,22.800331,1328.078247,173.765808,120.958664,1337.770508,235.590607,157.616455,1059.038208,120.067909,162.035263,1084.894043,-76.464401,-110.32782,1083.895752,-87.078354,-113.135185,1068.310913,127.245186
2.775,10.099987,1675.924072,-57.830879,2.290511,1679.049072,51.357349,-72.742218,1617.180176,-23.624088,23.253286,1427.739746,-79.384872,83.851402,1257.536987,-119.580338,-33.468102,1253.539917,-123.495171,-8.623672,1323.795166,148.527817,185.034348,1335.508545,-66.86795,145.595276,1432.79126,58.521877,238.112518,1287.407593,164.569183,229.055588,1273.0354,290.205017,130.15274,1348.290771,529.81134,165.190903,1434.528931,513.345581,105.963303,1379.928711,601.687256,-119.498283,1330.872559,-94.614441,-118.489716,1429.871338,46.28323,-208.478653,1297.662354,115.797585,-178.532455,1220.760376,266.018494,63.008286,1290.732056,247.904022,23.077065,1329.087402,174.606079,120.569504,1340.368408,236.965118,157.647217,1058.89502,120.090897,161.813034,1086.160645,-76.105118,-110.479698,1085.47583,-86.608871,-112.8367,1068.562866,127.550201
2.783,10.588526,1675.922607,-58.623039,2.472801,1679.652466,50.442154,-72.25824,1617.401489,-24.286819,23.165981,1428.419922,-77.864159,84.082748,1258.855469,-118.385849,-33.473232,1254.87146,-122.204994,-8.506325,1324.262451,149.839249,185.175873,1336.72583,-65.31015,145.307678,1433.872559,59.504986,238.186661,1290.568481,166.594025,229.200012,1277.641724,293.214478,124.462273,1359.935181,528.384949,158.075821,1446.527466,508.834534,97.850006,1394.744385,597.859314,-119.565987,1331.939941,-92.957558,-117.967285,1430.549927,48.483994,-207.996017,1298.536987,117.816856,-177.982788,1221.756836,268.133881,62.989807,1292.657227,249.672318,23.401043,1329.756836,175.543137,120.496162,1342.567871,238.06604,157.693665,1058.640503,120.120041,161.729523,1087.393311,-75.608734,-110.600533,1086.855713,-86.023766,-112.575005,1068.746338,127.922836
2.792,10.98303,1675.87915,-59.464779,2.743629,1680.22998,49.382042,-71.91877,1617.604492,-24.843555,23.077612,1429.198364,-76.237869,84.099968,1260.1604,-117.203232,-33.480045,1256.102051,-120.948952,-8.524789,1324.750122,151.475693,185.268219,1337.843994,-63.867523,144.903763,1434.924927,60.574287,238.242661,1293.520874,168.657288,229.346603,1282.263794,295.595795,118.390656,1371.93811,525.951721,150.392563,1458.037231,503.532898,89.459923,1408.955078,593.533813,-119.635269,1333.077759,-91.221458,-117.607498,1431.191406,50.398087,-207.524338,1299.255249,119.930794,-177.475006,1222.583374,270.225739,63.238716,1294.226929,251.274231,23.644457,1330.223633,176.5112,120.47303,1344.540894,239.121246,157.741852,1058.215088,120.166626,161.584015,1088.388916,-75.26516,-110.748337,1088.23938,-85.427689,-112.324715,1068.846191,128.434616
2.8,11.374262,1675.821655,-60.264011,3.067122,1680.713623,48.530876,-71.520782,1617.76001,-25.634508,23.085342,1429.742554,-74.765717,84.240974,1261.204346,-116.142326,-33.523354,1257.138062,-119.769096,-8.451513,1325.022827,152.780334,185.372192,1338.762085,-62.507019,144.655548,1435.840332,61.52354,238.510361,1296.227661,170.431595,229.674088,1286.477173,297.952881,112.342575,1383.537842,522.852478,142.81868,1469.118652,497.497375,80.857025,1422.878784,588.085693,-119.608452,1333.932739,-89.457092,-117.296539,1431.780029,52.475025,-207.015335,1299.770996,121.894882,-176.806381,1223.303345,272.246155,63.703342,1295.428223,252.662979,24.089331,1330.741333,177.545044,120.3815,1346.557983,240.344849,157.797958,1057.786133,120.214897,161.421768,1089.266357,-74.760071,-110.830338,1089.424683,-84.795715,-111.933914,1068.865845,129.013107
2.808,11.7485,1675.686523,-61.086006,3.269699,1681.120972,47.67424,-71.228401,1617.827515,-26.13854,23.057938,1430.190674,-73.312294,84.246841,1262.199463,-114.98027,-33.535492,1258.172485,-118.503502,-8.214565,1325.085571,154.029083,185.503494,1339.695801,-61.16967,144.409897,1436.769531,62.483829,238.997086,1299.087769,172.251068,229.529892,1290.858276,300.23996,106.517128,1394.537842,519.474854,134.870239,1479.533936,490.611023,72.097923,1436.068115,582.204041,-119.745934,1334.730469,-87.646446,-116.959831,1432.369873,54.391853,-206.49971,1300.250122,123.878189,-176.072845,1223.722534,274.335266,65.099976,1296.23999,252.787857,24.377674,1330.873657,178.567688,120.534462,1348.091309,241.292267,157.84642,1057.35083,120.290367,161.346161,1090.219727,-74.327957,-111.01548,1090.526855,-84.176743,-111.616997,1068.762207,129.576462
2.817,12.090776,1675.539062,-61.793461,3.48026,1681.465942,46.887924,-70.96817,1617.856567,-26.514877,23.05114,1430.567749,-71.946823,84.366776,1263.065918,-113.941719,-33.578365,1258.950806,-117.307831,-8.154661,1325.278687,155.334167,185.639984,1340.456665,-60.014175,144.128952,1437.469849,63.290924,239.408981,1301.81958,174.121109,229.518387,1295.058105,302.368896,100.389793,1404.909424,515.643921,126.62384,1489.243286,483.106567,63.530273,1448.762207,575.271057,-119.668785,1335.559448,-86.208252,-116.505325,1432.843994,56.249348,-206.043808,1300.687622,125.741898,-175.54892,1224.098755,276.020691,65.642097,1296.712402,254.425018,24.973244,1331.037842,179.614578,120.956764,1349.510376,242.081497,157.919632,1056.807495,120.399818,161.219528,1090.878662,-73.954498,-111.167473,1091.549438,-83.570251,-111.247131,1068.617554,130.110184
2.825,12.393431,1675.366089,-62.507889,3.728239,1681.787231,46.134483,-70.718719,1617.884644,-27.041695,23.133106,1431.026001,-70.607719,84.43251,1263.8125,-112.936195,-33.677139,1259.802368,-116.148743,-8.148881,1325.421997,156.854538,185.754669,1341.139038,-58.925652,143.823135,1438.112671,64.059303,239.800644,1304.333618,175.661774,229.719727,1299.151123,304.382538,94.20369,1414.77771,511.314697,118.378288,1498.244751,474.782776,54.686939,1460.471558,567.983643,-119.767921,1336.199463,-84.419266,-115.941238,1433.153564,58.032753,-205.574722,1301.017456,127.537262,-174.949051,1224.352661,277.732727,66.350098,1297.178467,255.58606,25.492792,1330.90979,180.616058,121.461182,1350.631958,242.752609,157.987274,1056.199951,120.50618,161.126312,1091.482422,-73.505005,-111.251755,1092.408081,-82.922096,-110.852196,1068.366821,130.68071
2.833,12.685136,1675.155518,-63.199097,3.974327,1682.076172,45.343212,-70.425629,1617.852173,-27.515661,23.429182,1431.594971,-69.440956,84.410042,1264.414917,-112.044655,-33.837891,1260.447144,-115.1688,-7.965844,1325.440796,157.939209,185.790909,1341.751831,-57.907139,143.5849,1438.721924,64.805847,240.377838,1306.785278,176.958649,229.58902,1303.275513,306.318054,87.862305,1424.098633,506.314819,110.167221,1506.415771,465.882782,46.227859,1471.015991,560.650696,-119.803459,1336.82959,-83.009277,-115.5429,1433.409058,59.765984,-205.106812,1301.329834,129.308701,-174.177277,1224.440796,279.553833,67.072762,1297.371948,256.72226,26.118578,1330.655396,181.62793,121.789734,1351.571655,243.6194,158.137009,1055.651611,120.616234,161.015915,1092.031128,-73.084251,-111.484398,1093.174316,-82.244484,-110.393013,1068.136841,131.19931
2.842,12.955805,1674.949341,-63.782604,4.207656,1682.274658,44.632847,-70.198105,1617.797119,-27.917217,23.392391,1432.004517,-68.411713,84.360031,1265.008911,-111.282288,-33.968586,1261.044556,-114.217056,-7.648894,1325.435425,159.167313,185.906433,1342.321289,-57.061993,143.221466,1439.274902,65.399742,240.898453,1309.016235,178.309402,229.516174,1307.386108,308.164398,81.425499,1432.861938,500.847473,102.230705,1513.796509,456.632172,36.513367,1481.814331,551.074646,-119.9002,1337.359131,-81.608223,-115.133202,1433.730347,61.392822,-204.581772,1301.621094,131.125931,-173.625,1224.557251,281.050781,67.91951,1297.223389,257.913422,26.532671,1329.882568,182.614838,122.139557,1352.430664,244.176941,158.294052,1055.158081,120.753609,160.898666,1092.515503,-72.730141,-111.671272,1093.878906,-81.561432,-109.985336,1067.934082,131.676926
2.85,13.215276,1674.758057,-64.369102,4.40426,1682.410156,44.022026,-69.966164,1617.748047,-28.3172,23.457464,1432.292847,-67.466667,84.284012,1265.507812,-110.555847,-34.137329,1261.55481,-113.394958,-7.054211,1325.181274,159.681763,185.97081,1342.800171,-56.31905,142.800964,1439.753418,65.867569,241.141479,1311.577393,179.497467,229.25885,1311.151245,309.642395,74.743942,1441.155884,494.598877,93.786713,1520.119873,446.494781,26.70223,1491.415771,539.951233,-119.970398,1337.904053,-80.174416,-114.792191,1434.016602,62.937119,-204.1064,1301.891357,132.742584,-173.160919,1224.609009,282.39035,68.727112,1296.847412,258.752838,27.255486,1329.40564,183.58461,122.32431,1353.123413,245.11113,158.503891,1054.747559,120.939911,160.870361,1092.892456,-72.322464,-111.799805,1094.490967,-80.986893,-109.494278,1067.733032,132.14534
2.858,13.420755,1674.5802,-64.887703,4.582092,1682.52002,43.512264,-69.742882,1617.700317,-28.666895,23.511898,1432.626953,-66.708641,84.281319,1265.900635,-109.904053,-34.308189,1262.035767,-112.576614,-6.646392,1325.178345,160.510529,185.998199,1343.254639,-55.656322,142.455109,1440.25,66.238396,241.431396,1314.048096,180.536377,228.890488,1314.947754,311.205505,67.904747,1448.753784,488.030304,85.719345,1525.830322,436.102417,17.299849,1499.835083,529.110779,-120.090324,1338.234741,-78.957626,-114.475647,1434.06604,64.12989,-203.670746,1302.0979,134.181976,-172.70166,1224.560181,283.562775,69.644661,1296.204468,259.611755,27.823046,1328.445435,184.563919,122.554237,1353.69458,245.784821,158.681061,1054.399414,121.214706,160.783966,1093.193726,-71.924355,-111.981461,1095.039917,-80.351349,-109.075546,1067.580811,132.583725
2.867,13.59462,1674.443115,-65.270393,4.752773,1682.609985,43.043625,-69.599777,1617.627075,-29.043776,23.522781,1433.119263,-66.029922,84.261711,1266.286743,-109.37825,-34.499645,1262.43689,-111.956757,-6.229198,1325.144653,161.2379,186.003479,1343.679932,-55.190472,142.11264,1440.812866,66.459679,241.613541,1316.236084,181.504761,228.477249,1318.525879,312.416565,60.971874,1455.459351,480.615356,78.232773,1530.409546,425.386932,7.639545,1507.154663,517.595642,-120.27713,1338.600708,-77.902946,-114.036949,1434.217651,65.486664,-203.247223,1302.211426,135.525787,-172.169922,1224.384277,284.762634,70.652817,1295.487549,260.247192,28.341049,1327.469849,185.446854,122.653275,1354.106323,246.281082,158.861572,1054.125244,121.445862,160.692368,1093.395264,-71.537323,-112.160599,1095.472168,-79.88385,-108.688934,1067.457153,133.000275
2.875,13.857735,1674.384277,-65.718361,4.902363,1682.676392,42.615002,-69.463562,1617.42749,-29.580666,23.496452,1433.29541,-65.579781,84.235344,1266.52771,-108.849007,-34.664642,1262.702026,-111.349464,-5.757957,1325.052612,161.560242,186.044876,1344.149536,-54.78614,141.687561,1441.304199,66.522705,241.740189,1318.605103,182.280533,227.701614,1322.262939,313.766602,54.071983,1461.638306,472.79599,70.813599,1534.374756,414.606201,-1.984048,1513.456299,505.641388,-120.444473,1338.877563,-76.888474,-113.725929,1434.354492,66.526726,-202.869827,1302.29541,136.733765,-171.565643,1224.237305,285.801971,71.401833,1294.706909,260.807495,28.72851,1326.16394,186.187973,122.72139,1354.382812,246.602127,159.0383,1053.932861,121.684685,160.648438,1093.567505,-71.172676,-112.36602,1095.835083,-79.277084,-108.356331,1067.393799,133.388596
2.883,13.996884,1674.317871,-66.011589,5.046332,1682.727905,42.265583,-69.399902,1617.530396,-29.457298,23.401117,1433.424927,-65.272743,84.200661,1266.737793,-108.480507,-34.799221,1262.9375,-110.899246,-5.234743,1324.911621,161.894745,186.069733,1344.547363,-54.521183,141.279541,1441.709473,66.58638,241.693405,1320.833008,183.002991,227.277481,1325.430908,314.635345,47.320297,1466.914062,464.511749,63.808987,1537.307983,403.564575,-11.718086,1518.663452,492.670563,-120.563591,1339.032104,-75.904434,-113.468788,1434.454346,67.558937,-202.50145,1302.262451,137.87674,-171.174042,1223.881348,286.682922,72.215363,1293.970337,261.134552,29.058336,1324.854004,186.738861,122.659966,1354.650024,246.840683,159.202408,1053.869385,121.944267,160.592789,1093.696899,-70.851135,-112.551109,1096.127686,-78.64682,-108.115479,1067.435791,133.732178
2.892,14.093469,1674.27002,-66.210991,5.146906,1682.762573,42.040585,-69.192795,1617.575195,-29.775928,23.187969,1433.556396,-65.101212,84.191803,1266.940552,-108.194191,-34.924263,1263.06189,-110.529076,-4.840722,1324.792847,162.040421,186.091782,1344.915771,-54.310696,140.700516,1442.03064,66.332703,241.668121,1322.874023,183.55925,226.408676,1328.680908,315.543152,40.772057,1471.794922,456.127808,56.899509,1539.667725,392.35199,-21.038242,1522.640869,480.089569,-120.699249,1339.141113,-75.21965,-113.384102,1434.547485,68.240486,-202.219284,1302.208618,138.74086,-170.775391,1223.580933,287.335266,72.995583,1293.331299,261.394012,29.309351,1323.643677,187.0737,122.4002,1354.8302,246.825287,159.399033,1053.928345,122.187599,160.532211,1093.828003,-70.494354,-112.695297,1096.280273,-78.154449,-107.909988,1067.573486,134.073029
2.9,14.173916,1674.267334,-66.355278,5.233834,1682.770142,41.906464,-69.122169,1617.56543,-29.910503,22.918541,1433.61731,-65.092575,84.178932,1267.076904,-107.997253,-35.022293,1263.133057,-110.316093,-4.968757,1325.13147,162.771973,186.1539,1345.231323,-54.230927,139.991898,1442.316772,65.956612,241.157516,1324.762329,183.873505,225.275848,1331.641113,316.269562,34.161919,1475.822266,447.44281,50.395515,1541.266724,380.900909,-29.903437,1525.624878,467.011993,-120.817421,1339.209229,-74.717163,-113.22683,1434.526733,68.937889,-201.983047,1302.071533,139.514557,-170.456955,1223.142212,287.798828,73.598038,1292.520142,261.514587,29.351097,1322.014282,187.361984,122.114082,1354.851929,246.589188,159.555862,1054.079712,122.438545,160.489899,1093.913696,-70.177986,-112.805183,1096.335205,-77.765022,-107.732094,1067.744263,134.419312
2.908,14.213512,1674.302612,-66.427269,5.321547,1682.756958,41.880711,-69.070442,1617.566528,-30.000084,22.775574,1433.650146,-65.139641,84.179062,1267.1521,-107.912712,-35.103561,1263.131714,-110.181335,-5.148014,1325.445557,163.313904,186.268509,1345.532837,-54.274857,139.441681,1442.59668,65.504822,240.628067,1326.626099,184.302231,223.993912,1334.336914,316.730896,28.055666,1479.33374,438.549438,44.122314,1542.036377,369.31546,-37.903915,1528.315796,453.48175,-120.903053,1339.173828,-74.265602,-113.147224,1434.426636,69.518433,-201.822647,1301.879761,140.143448,-170.205612,1222.685181,288.22644,74.0298,1291.645752,261.423798,29.47505,1320.706421,187.483582,121.531723,1354.8396,246.412415,159.714935,1054.305542,122.691719,160.459167,1093.949585,-69.823563,-112.863319,1096.240845,-77.359612,-107.649345,1068.043213,134.831985
2.917,14.223342,1674.335205,-66.39901,5.36873,1682.697144,41.9048,-69.035683,1617.566772,-30.051092,22.658726,1433.623047,-65.323975,84.237701,1267.142944,-107.913033,-35.125175,1263.048706,-110.180382,-5.233656,1325.568237,163.483292,186.375046,1345.779297,-54.40704,138.94722,1442.867432,64.904243,240.108154,1328.378052,184.53598,222.866409,1336.92749,317.152985,22.109203,1482.328247,429.645264,38.056412,1542.034424,357.587708,-45.331558,1529.563965,439.87326,-120.93428,1339.064331,-74.020187,-112.844925,1434.383301,69.561722,-201.695435,1301.673462,140.473907,-170.027649,1222.274048,288.470154,74.432938,1290.718872,261.256348,29.504723,1319.373535,187.321609,120.402534,1354.97876,246.506012,159.85054,1054.595703,122.982887,160.43425,1093.909912,-69.535667,-112.89267,1096.007446,-77.011673,-107.638145,1068.343994,135.107925
2.925,14.222129,1674.365479,-66.268448,5.420427,1682.617554,42.032375,-69.013641,1617.558105,-30.027529,22.604959,1433.531982,-65.610481,84.307137,1267.045288,-107.993057,-35.131248,1262.869385,-110.276031,-5.260614,1325.481567,163.266266,186.519135,1345.941772,-54.683075,138.414062,1443.137207,63.97908,239.4048,1329.876221,184.680725,221.372772,1339.223999,317.41806,16.584391,1484.692383,420.574585,32.327713,1541.100952,345.668427,-52.861618,1530.339966,426.453644,-120.924614,1338.846436,-73.83152,-112.734306,1434.149414,69.728691,-201.599289,1301.404785,140.674088,-169.982697,1221.792847,288.493225,74.756439,1289.640869,260.614349,29.449203,1317.783325,187.130844,119.452324,1354.536865,246.041046,159.970139,1054.903076,123.267723,160.398163,1093.798096,-69.271004,-112.926933,1095.666016,-76.683952,-107.639778,1068.651245,135.370224
2.933,14.21021,1674.434204,-66.142235,5.433565,1682.458496,42.15863,-69.0019,1617.560791,-29.954687,22.534853,1433.383789,-65.971794,84.414261,1266.86438,-108.203316,-35.100037,1262.602661,-110.502106,-5.424284,1325.4823,162.977966,186.568054,1345.935425,-55.045338,138.283585,1443.683472,62.874935,238.924759,1331.087769,184.701462,219.864151,1341.331299,317.531036,11.199196,1486.669922,411.443817,27.072533,1539.380371,333.834656,-59.843231,1530.108887,412.987823,-120.905128,1338.518677,-73.771873,-112.604752,1433.937378,69.577095,-201.561768,1301.151489,140.675934,-170.103088,1221.146606,288.465759,74.843658,1288.495239,260.109406,29.304712,1316.235474,186.728699,118.619904,1354.027832,245.549408,160.059235,1055.15625,123.505341,160.39975,1093.627686,-69.057747,-112.896896,1095.203003,-76.458252,-107.673454,1068.939331,135.58696
2.942,14.183645,1674.503296,-65.898125,5.485611,1682.331665,42.482906,-69.024109,1617.597534,-29.835714,22.441296,1433.183716,-66.430069,84.469864,1266.602295,-108.472305,-35.082348,1262.210693,-110.839043,-5.759272,1325.585205,162.724548,186.635651,1345.89563,-55.54528,137.690002,1443.79895,61.826096,237.928879,1332.054321,184.43811,218.140625,1343.04126,317.463989,5.991367,1488.031616,402.197479,22.18432,1537.006348,321.951385,-66.313705,1528.831299,399.380981,-120.876198,1338.133667,-73.952621,-112.557426,1433.677979,69.396141,-201.489105,1300.784668,140.530212,-170.404205,1220.573853,288.383911,74.700623,1287.274414,259.644135,29.186268,1314.819946,186.192108,117.552628,1353.464355,244.941055,160.139465,1055.406616,123.750275,160.375946,1093.343872,-68.907043,-112.833817,1094.604614,-76.336082,-107.675247,1069.253174,135.815933
2.95,14.122834,1674.595825,-65.5896,5.521521,1682.15686,42.829205,-69.058731,1617.625732,-29.640001,21.807573,1432.734985,-67.108261,84.53495,1266.223755,-108.791824,-35.022511,1261.723633,-111.25116,-6.260341,1325.634399,162.277206,186.684326,1345.766724,-56.166607,137.070618,1443.883301,60.490196,237.082214,1332.988525,184.02739,216.48909,1344.66626,317.149475,0.979226,1488.537476,392.736053,17.702467,1533.970093,310.441437,-72.341141,1526.667236,385.772919,-120.833641,1337.615601,-74.200981,-112.453171,1433.312134,68.804321,-201.535156,1300.377686,140.253479,-170.918945,1219.971436,288.135468,74.421883,1286.165039,259.138733,28.872301,1313.02771,185.609497,116.502289,1352.625244,244.305511,160.180862,1055.642822,123.990044,160.353989,1092.959473,-68.768364,-112.811806,1093.970215,-76.295959,-107.691978,1069.525635,135.974579
2.958,14.09473,1674.643555,-65.177307,5.516795,1681.943848,43.282684,-69.117805,1617.622925,-29.416847,21.512203,1432.27002,-67.87941,84.586945,1265.724121,-109.279327,-34.936794,1261.060425,-111.772133,-6.907658,1325.761475,161.940155,186.727722,1345.569946,-56.952961,136.686874,1443.846924,59.200661,236.210754,1333.580566,183.476761,214.585068,1345.967529,316.760223,-3.974195,1488.18396,383.211975,13.876101,1530.639282,299.553101,-78.370132,1523.189697,372.225433,-120.812004,1336.98938,-74.654457,-112.456078,1432.910645,68.300758,-201.621796,1299.922852,139.864334,-171.553268,1219.42334,287.810486,73.976051,1284.880127,258.716949,28.516758,1311.153442,184.972931,115.088531,1351.80481,243.908844,160.209915,1055.844604,124.223602,160.37149,1092.457275,-68.688721,-112.76944,1093.281494,-76.37719,-107.686646,1069.766846,136.037735
2.967,14.053877,1674.662598,-64.758423,5.529385,1681.63623,43.821991,-69.148697,1617.616821,-29.174288,21.130201,1431.497925,-68.902229,84.601669,1265.108032,-109.887016,-34.839203,1260.298584,-112.397873,-7.703875,1325.742188,161.414047,186.795212,1345.15625,-57.836239,136.345062,1443.71582,57.805149,235.195251,1334.11438,182.704178,212.772583,1347.053955,316.014038,-8.842689,1486.974609,373.616882,10.007347,1526.892944,288.683105,-83.934532,1518.7146,359.094269,-120.747711,1336.196411,-75.108665,-112.42247,1432.526978,67.65786,-201.789993,1299.438599,139.278503,-172.507721,1218.753052,287.28479,73.242836,1283.419922,258.384705,27.936331,1309.000488,184.224411,113.922272,1350.464111,242.894165,160.21167,1056.015869,124.430908,160.394287,1091.88623,-68.663437,-112.678986,1092.41687,-76.44445,-107.728149,1069.880493,136.048355
2.975,14.025429,1674.660645,-64.241905,5.471134,1681.244751,44.426735,-69.183495,1617.492188,-28.82053,21.004372,1430.92041,-69.892899,84.700462,1264.265503,-110.51857,-34.745468,1259.513916,-113.148285,-8.482804,1325.644043,160.718002,186.851013,1344.718994,-58.814339,135.987427,1443.519043,56.215504,234.149231,1334.58667,181.996033,211.111618,1348.225952,315.30307,-13.691245,1484.850464,364.005493,6.600043,1522.39917,278.187103,-89.372604,1513.097412,345.914032,-120.732697,1335.325073,-75.703712,-112.399841,1431.877563,66.807014,-202.020096,1298.876221,138.555008,-173.863312,1218.019043,286.638885,72.378235,1281.898315,257.906799,27.470337,1306.873535,183.485123,112.589157,1349.184326,242.070236,160.203247,1056.113892,124.594551,160.419678,1091.180786,-68.715057,-112.582787,1091.326416,-76.659416,-107.730415,1069.944946,136.022827
2.983,13.882827,1674.582031,-63.640526,5.444305,1680.864258,45.00087,-69.237411,1617.334717,-28.563757,20.790922,1430.230713,-71.019081,84.727654,1263.446411,-111.255005,-34.666821,1258.492554,-113.884392,-9.146519,1325.481689,159.994415,186.821365,1344.100586,-59.956982,135.719681,1443.188965,54.49305,233.286224,1334.833984,180.976013,209.511749,1349.341309,314.425781,-18.379467,1481.758789,354.677979,3.215808,1517.672241,268.091248,-94.365349,1506.517822,333.821472,-120.701866,1334.461792,-76.58046,-112.361771,1431.320679,66.168068,-202.327454,1298.416748,137.776413,-175.259995,1217.327393,285.874695,71.19532,1280.14502,257.750854,26.816519,1304.343506,182.703934,110.766403,1347.855469,242.315567,160.207733,1056.167969,124.708733,160.455383,1090.234741,-68.84433,-112.586777,1090.291504,-76.730972,-107.726074,1069.94397,135.951874
2.992,13.824275,1674.45459,-63.02367,5.42886,1680.42749,45.607647,-69.423767,1617.159668,-28.015345,20.535198,1429.558105,-72.073204,84.727692,1262.469482,-112.08007,-34.687923,1257.520996,-114.899673,-9.85308,1325.189209,159.028366,186.836288,1343.430664,-61.235176,135.47287,1442.80603,52.640465,232.484116,1334.949951,180.012833,208.197128,1350.332153,313.529358,-22.990908,1477.930664,345.28183,0.086345,1512.501221,258.507751,-99.029655,1498.99646,322.647614,-120.699966,1333.431641,-77.468994,-112.36866,1430.802734,64.994255,-202.709442,1297.948608,136.852539,-177.261734,1216.685059,285.203278,69.954689,1278.050903,257.591064,26.026077,1301.682495,181.858475,109.379562,1345.759888,241.829224,160.233902,1056.171509,124.785225,160.407898,1089.237061,-68.991714,-112.511101,1089.051025,-77.02906,-107.726654,1069.834351,135.819336
3.0,13.736201,1674.189819,-62.361111,5.362632,1679.849976,46.242153,-69.437302,1616.834595,-27.731256,20.295052,1428.783813,-73.3246,84.772675,1261.333862,-112.967369,-34.689018,1256.395996,-115.847092,-10.765243,1324.799805,157.938904,186.881912,1342.541382,-62.636784,135.228958,1442.352905,50.856522,231.684479,1335.008179,178.762466,206.486893,1351.300415,312.471893,-27.258247,1473.222778,336.287354,-2.985909,1506.621582,249.367249,-103.020126,1489.688477,309.0867,-120.697556,1332.4646,-78.369461,-112.233994,1430.191284,63.892193,-203.21701,1297.484497,135.90007,-179.374176,1216.013428,284.23056,68.357155,1275.745605,257.26532,25.300385,1298.957886,181.049438,107.712021,1343.678833,241.227524,160.253159,1056.128784,124.807739,160.478668,1088.220215,-69.21022,-112.467903,1087.738647,-77.281647,-107.739868,1069.643799,135.660477
3.008,13.621793,1673.841919,-61.729446,5.296242,1679.188843,46.929893,-69.588264,1616.379883,-27.062117,20.170729,1428.024658,-74.547249,84.702515,1260.119629,-113.9879,-34.847511,1254.81665,-115.332001,-11.464535,1324.268433,156.819473,186.995544,1341.626587,-64.110443,134.933487,1441.711304,48.921337,231.051102,1335.06604,177.546021,205.482574,1352.279907,311.373749,-31.432207,1467.675781,326.932922,-6.236357,1500.300659,240.130814,-106.766609,1480.098145,297.832642,-120.66449,1331.314819,-79.444801,-112.066902,1429.388062,62.79567,-203.863281,1297.042236,134.745285,-181.943436,1215.434814,283.526184,66.644608,1273.027954,257.237762,24.3181,1295.649658,180.233063,105.869675,1341.356934,240.526459,160.287781,1056.042725,124.787003,160.499786,1086.87146,-69.549896,-112.361214,1086.3927,-77.580666,-107.814949,1069.252441,135.395523
3.017,13.502316,1673.428589,-61.085773,5.197427,1678.401978,47.636105,-69.694565,1615.860229,-26.49692,20.088512,1427.188354,-75.942528,84.722664,1258.832031,-115.093102,-34.832748,1253.464478,-116.310478,-12.137003,1323.608765,155.491409,187.086075,1340.636597,-65.669044,134.633743,1440.967773,46.898579,230.471954,1335.208496,176.155228,204.218597,1353.14209,309.987244,-35.180836,1461.624268,318.388,-9.025496,1493.708862,231.952286,-109.797562,1469.618896,287.243835,-120.598488,1330.19104,-80.401855,-111.700485,1428.700439,61.477531,-204.473099,1296.639526,133.644608,-184.840988,1214.86792,282.340607,64.277016,1270.263672,257.367371,23.216389,1292.309204,179.289261,103.463806,1338.802124,240.621002,160.333694,1055.908936,124.678001,160.505096,1085.663208,-69.93541,-112.239738,1084.799194,-77.858894,-107.879166,1068.884155,135.177658
3.025,13.394542,1672.912109,-60.396111,5.119447,1677.556152,48.357883,-69.706306,1615.226807,-26.113035,19.987448,1426.338501,-77.339775,84.746323,1257.505127,-116.22142,-34.883289,1252.137695,-117.396835,-12.830923,1322.772827,153.896317,187.168854,1339.507202,-67.357147,134.337402,1440.164673,44.82452,229.985123,1335.281982,174.740738,203.255981,1353.99939,308.562195,-38.652702,1455.072388,310.399384,-11.691443,1486.919922,224.125504,-112.280823,1458.701294,277.296112,-120.565018,1329.008423,-81.539742,-111.673828,1428.365112,59.394184,-205.183411,1296.27417,132.409363,-188.265503,1214.337524,281.367584,61.793812,1266.816528,257.481384,21.924093,1288.536499,178.430298,100.673676,1335.197632,240.672577,160.389175,1055.731201,124.485062,160.56485,1084.052979,-70.408112,-112.116264,1083.285889,-78.230469,-107.902054,1068.457642,134.925674
3.033,13.34765,1672.27832,-59.710884,5.064761,1676.579346,49.175285,-69.722069,1614.420288,-25.72893,20.00746,1425.295044,-78.666183,84.707756,1256.052856,-117.414192,-34.842743,1250.658325,-118.44915,-13.719344,1321.876221,152.311722,187.257721,1338.376343,-69.038994,134.095993,1439.327515,42.723259,229.689743,1335.370361,173.298416,202.651657,1354.751465,307.3237,-41.664448,1448.310669,303.840271,-13.535666,1478.00769,217.794769,-114.301758,1447.715698,268.317047,-120.398132,1327.794189,-82.640175,-111.071091,1426.817871,59.002888,-206.141129,1295.990479,131.073792,-192.16423,1213.901855,280.104492,58.740284,1263.324097,257.797058,20.39863,1284.5354,177.463242,98.283447,1331.370972,240.129715,160.461746,1055.488525,124.148979,160.583725,1082.583252,-70.955521,-112.031586,1081.55957,-78.47374,-107.905159,1067.904907,134.5681
3.042,13.322196,1671.560913,-58.99828,4.970547,1675.374146,49.958206,-69.811226,1613.475464,-24.978201,19.932539,1424.309448,-80.119484,84.645164,1254.623901,-118.655922,-34.817425,1249.247314,-119.509552,-14.397221,1320.932251,150.648056,187.391388,1337.257446,-70.786957,133.886322,1438.401855,40.641235,229.398865,1335.402222,171.81752,202.022873,1355.563599,305.738098,-44.263481,1440.988037,295.819244,-15.93555,1470.546875,210.613129,-115.663788,1436.361572,259.931427,-120.353149,1326.446045,-83.597198,-110.859909,1426.234985,57.464077,-207.180466,1295.601929,129.668823,-196.387405,1213.602905,278.969025,55.445614,1259.565674,258.144989,18.759111,1280.384766,176.483032,95.417168,1327.247437,240.249039,160.536713,1055.187866,123.806458,160.697571,1080.958862,-71.470856,-111.91066,1079.876343,-78.823074,-107.948082,1067.259766,134.22049
3.05,13.359269,1670.662231,-58.349319,5.023295,1674.248291,50.740658,-69.71814,1612.432983,-24.505613,19.849953,1423.215576,-81.604309,84.806946,1253.142456,-119.778694,-34.815449,1247.736816,-120.603401,-15.079345,1319.843384,148.976913,187.448334,1335.987549,-72.545692,133.715775,1437.442505,38.500153,229.251419,1335.398438,170.117798,201.499069,1356.286865,304.370178,-46.597492,1433.650024,289.477112,-18.114151,1462.674316,204.215546,-116.452774,1424.857666,252.240891,-120.216713,1325.241943,-84.770309,-110.578163,1424.907349,56.29459,-208.518799,1295.3302,128.196289,-200.868057,1213.25,277.806549,51.928143,1255.552246,258.492798,16.957172,1276.000244,175.530731,93.190155,1322.763062,240.536011,160.639587,1054.86145,123.431511,160.788284,1079.226074,-72.127205,-111.728668,1078.016479,-79.295815,-107.950706,1066.665161,133.863022
3.058,13.369468,1669.749756,-57.545624,5.011163,1672.924072,51.614594,-69.69735,1611.39856,-24.149256,19.841232,1421.891235,-82.903465,84.822639,1251.554077,-121.039146,-34.746483,1246.098999,-121.698997,-16.044659,1318.552734,147.448044,187.583633,1334.758057,-74.345177,133.554321,1436.47998,36.41431,229.053314,1335.400146,168.638992,201.176086,1356.82019,302.896881,-48.606464,1426.331909,284.406677,-19.931095,1454.765381,197.967438,-116.833641,1413.552124,245.282455,-120.099625,1323.721313,-85.794128,-110.424164,1423.901733,55.184372,-209.966248,1294.923096,126.681953,-205.960144,1213.115479,276.367645,48.005886,1251.213013,259.097443,14.83998,1271.224731,174.545441,90.332207,1318.17395,240.790955,160.812546,1054.491699,122.976448,160.768219,1077.430054,-72.792114,-111.485382,1076.177856,-79.68705,-108.060699,1065.949585,133.40036
3.067,13.401791,1668.789551,-56.812206,5.124462,1671.547363,52.182442,-69.662872,1610.187744,-23.35483,19.800274,1420.700806,-84.195145,84.849464,1249.955933,-122.222481,-34.643661,1244.527344,-122.731812,-16.908504,1317.180542,145.913498,187.683609,1333.400757,-76.083313,133.246124,1435.373169,34.318752,228.920212,1335.37793,167.010513,200.953064,1357.276489,301.120361,-49.961594,1418.820801,279.081512,-20.806162,1447.090088,192.614182,-116.494255,1402.350098,239.058441,-119.937973,1322.340088,-86.996338,-110.176842,1422.406982,54.202175,-211.699936,1294.527222,125.063911,-211.265015,1212.928711,275.022736,43.72229,1246.600586,259.868256,13.019684,1266.924683,173.722412,87.060379,1312.998901,241.035019,161.024887,1054.059204,122.514565,160.829514,1075.59729,-73.455338,-111.253571,1074.25769,-80.149986,-108.154167,1065.286743,133.023895
3.075,13.571496,1667.746094,-56.20039,5.334859,1670.162109,52.985325,-69.554871,1609.067505,-22.967125,19.742298,1419.367554,-85.435898,84.952286,1248.417358,-123.335007,-34.485939,1242.84436,-123.810524,-17.841871,1315.838867,144.654404,187.774261,1332.080811,-77.83091,133.044052,1434.343018,32.405014,228.862686,1335.289917,165.255875,201.005264,1357.662231,299.538239,-50.783394,1410.964966,273.100494,-21.438911,1439.693115,187.537186,-115.800453,1391.409668,233.342957,-119.710793,1320.789062,-87.90049,-109.946205,1421.17981,53.025459,-213.475357,1294.028198,123.373627,-216.760742,1212.942261,273.143677,39.141041,1241.662476,260.860901,10.477901,1261.006348,173.293961,83.203331,1307.762329,241.394913,161.29863,1053.484375,121.979416,160.947372,1073.704956,-74.115288,-111.05751,1072.262573,-80.627586,-108.254707,1064.497925,132.488861
3.083,13.717881,1666.713623,-55.426739,5.507377,1668.660889,53.598488,-69.379013,1607.955444,-22.487932,19.679138,1418.057251,-86.690559,85.037399,1246.746704,-124.446144,-34.391468,1241.245605,-124.900742,-18.766754,1314.502319,143.398682,187.832367,1330.846436,-79.561928,132.940018,1433.279541,30.561815,228.910324,1335.076904,163.595016,201.483521,1357.642456,297.871948,-51.558811,1403.632812,268.839813,-21.950304,1432.584961,183.020432,-114.728638,1380.836426,229.016647,-119.405075,1319.397827,-89.200226,-110.417648,1419.683472,51.896008,-215.703857,1293.163818,121.599525,-221.637909,1212.903809,269.390198,34.214909,1236.382202,262.267181,7.700425,1254.969482,172.898911,79.730141,1301.764404,242.394119,161.608948,1052.817749,121.447807,160.948257,1071.829468,-74.771164,-110.823555,1070.354736,-81.200783,-108.331787,1063.767822,132.035233
3.092,13.984803,1665.756348,-54.758522,5.860308,1667.250854,54.531311,-69.242615,1606.804077,-22.075275,19.544043,1416.754883,-87.677505,85.068336,1245.171021,-125.482841,-34.139397,1239.478882,-125.937614,-19.71841,1313.106201,142.003448,187.895889,1329.585327,-81.143272,132.793503,1432.272339,28.850943,229.091293,1334.728516,161.893402,202.080841,1357.416748,296.360504,-51.119961,1396.765747,264.44986,-22.015627,1425.577637,179.159195,-112.71389,1370.335449,224.495773,-119.257973,1317.469116,-90.159073,-110.822578,1418.006592,50.743359,-218.251312,1292.061035,119.581551,-227.915863,1212.984619,267.341461,29.094387,1230.730469,263.759552,5.110469,1249.112549,172.719833,75.859695,1295.516113,243.727371,161.860886,1052.032471,121.028809,161.004059,1069.936035,-75.329605,-110.584846,1068.394287,-81.80645,-108.44313,1062.870361,131.444153
3.1,14.259356,1664.816772,-54.277779,6.003007,1665.609375,55.149391,-68.930382,1605.736816,-21.810778,19.476608,1415.390747,-88.695999,85.225258,1243.48938,-126.389877,-33.897369,1237.642578,-126.956612,-20.726189,1311.787231,141.988113,187.819336,1328.335571,-82.732201,132.709549,1431.196289,27.154125,229.423737,1334.133789,160.200699,202.922379,1356.668823,294.812683,-50.697876,1390.33252,261.321381,-21.916649,1419.61792,176.175766,-110.463692,1362.681885,221.157974,-119.030998,1315.65332,-91.263054,-111.412254,1416.489136,49.36631,-220.502319,1290.873413,117.065445,-234.066513,1212.87439,264.460938,23.466413,1225.043823,266.077515,3.164835,1243.874878,173.053299,71.900185,1289.07605,245.571289,162.181335,1051.315918,120.597832,161.121826,1067.987549,-75.870567,-110.266426,1066.458618,-82.39286,-108.510124,1062.012817,130.996048
3.108,14.653698,1663.746826,-53.638306,6.307933,1664.358521,55.666618,-68.541496,1604.655029,-21.744705,19.307497,1414.143311,-89.640335,85.365944,1241.916382,-127.281082,-33.74115,1235.782593,-127.958595,-21.207731,1310.160522,141.741455,187.773712,1327.104126,-84.258049,132.728073,1430.223145,25.731848,229.952835,1333.359985,158.204681,203.798874,1355.461182,293.058838,-49.589897,1384.906494,259.26004,-21.718872,1414.771606,174.268433,-111.842262,1360.151245,220.3293,-118.853455,1313.830933,-92.520683,-112.019218,1414.919189,48.265743,-223.150772,1289.60437,114.372948,-240.59584,1212.796631,261.521271,17.155371,1219.193604,268.918121,-0.199412,1236.154297,173.778671,68.228714,1281.998901,247.672089,162.488205,1050.342163,120.231079,161.230072,1066.139282,-76.311996,-109.997154,1064.509155,-83.008232,-108.613197,1060.968018,130.446609
3.117,14.918544,1662.829468,-53.21497,6.729982,1662.730103,56.380291,-68.475563,1603.603638,-21.105606,19.110128,1412.815918,-90.8386,85.484238,1240.158569,-128.139725,-33.484283,1233.806152,-128.925217,-21.478649,1308.153564,139.247574,187.639877,1325.861938,-85.726257,132.878479,1429.202271,24.301395,230.671066,1332.405762,156.473801,205.031448,1353.695068,291.226868,-48.90432,1381.766357,259.021118,-20.965824,1410.87854,173.187805,-114.089386,1360.321411,219.979965,-118.718887,1311.858765,-93.527985,-112.249657,1413.5354,47.26152,-225.306427,1289.574341,112.074684,-247.408203,1212.942871,258.309174,10.713346,1213.107178,272.36496,-3.201178,1228.914551,174.923203,63.481548,1273.977051,250.023987,162.776703,1049.349487,119.973541,161.39595,1064.239502,-76.68187,-109.708046,1062.585571,-83.743103,-108.643066,1060.013672,129.899292
3.125,15.334982,1661.689331,-52.423134,7.264589,1661.349854,57.094246,-68.141884,1602.712769,-20.661472,19.041746,1411.516846,-92.167641,85.485504,1238.517822,-128.925842,-33.295418,1231.922852,-129.808563,-20.9212,1306.099609,136.596695,187.426773,1324.583008,-87.186623,133.079163,1428.256348,22.926466,231.406052,1331.084351,154.432953,205.743408,1351.003662,289.264343,-48.436401,1380.22937,258.975952,-20.157501,1408.405029,172.958191,-114.459198,1360.256714,219.633331,-118.416626,1309.966431,-94.468002,-112.16375,1412.389038,46.16243,-227.34433,1289.736572,109.736526,-254.257645,1213.259155,254.762924,3.781891,1206.991455,276.400146,-5.974192,1222.046997,176.437408,59.412502,1265.749146,254.43309,163.06575,1048.335693,119.751099,161.528931,1062.571777,-76.973923,-109.458214,1060.821533,-84.507935,-108.673698,1059.140259,129.479584
3.133,15.429461,1660.916626,-52.097469,7.618783,1660.00769,57.509148,-68.049774,1601.838623,-20.335291,19.023338,1410.333862,-93.223518,85.622276,1236.911499,-129.655014,-33.121456,1230.080933,-130.633774,-20.530783,1303.97168,135.204254,187.259354,1323.281616,-88.491043,133.365936,1427.331055,21.671913,232.544128,1329.425415,152.520309,206.307922,1348.037109,287.409607,-47.803677,1379.25354,258.83786,-19.322596,1407.680542,172.96843,-113.510529,1359.795166,218.805115,-118.218254,1308.307129,-95.53833,-111.826668,1411.353394,45.207268,-229.208481,1290.147217,107.218384,-261.01593,1213.980713,250.967712,-3.7745,1200.773926,280.940216,-8.577143,1215.264404,178.550903,54.800491,1257.370483,260.307526,163.336105,1047.257446,119.55455,161.754486,1060.880005,-77.157082,-109.169609,1059.057861,-85.194183,-108.677063,1058.111572,128.937515
3.142,15.450747,1660.241943,-51.796669,7.938524,1658.865967,57.851902,-67.958176,1600.962524,-20.232101,19.060158,1409.206665,-94.226372,85.638885,1235.374512,-130.350418,-33.002956,1228.397583,-131.408371,-20.479242,1302.281494,134.403717,187.126694,1322.141724,-89.78746,133.766602,1426.368896,20.59926,233.352005,1327.234131,150.817429,206.907074,1345.212769,285.629944,-46.96286,1378.237915,258.450043,-18.72533,1408.087158,172.743561,-112.803871,1358.989746,218.239471,-117.938683,1306.87207,-96.320663,-111.288239,1410.255249,44.41946,-230.97493,1290.731079,104.737335,-267.732513,1215.129761,246.932114,-11.936365,1194.617188,286.148163,-11.106985,1208.522705,181.387421,49.690109,1248.853027,266.99173,163.590622,1046.250244,119.393433,161.900482,1059.388306,-77.478821,-108.82914,1057.446655,-85.855453,-108.629684,1057.171875,128.581299
3.15,15.531362,1659.561279,-51.529083,8.215569,1657.848633,58.095066,-67.926689,1600.216919,-19.8053,19.218859,1408.273926,-95.114433,85.665253,1233.98999,-130.974335,-32.889381,1226.965454,-132.054245,-20.900629,1300.484619,132.312347,186.905426,1320.933105,-90.923111,134.220901,1425.529541,19.726774,234.044617,1325.096313,149.211624,207.473282,1342.119507,284.023224,-46.177952,1377.406006,257.76297,-18.157028,1408.654297,172.19957,-111.970848,1358.561035,216.439514,-117.655235,1305.641846,-97.176064,-110.832558,1409.397461,43.68647,-232.812088,1291.735352,102.095055,-274.545105,1216.300293,242.168427,-20.394417,1188.845093,292.263214,-13.778109,1201.786865,184.939499,44.062611,1240.409058,275.018646,163.797073,1045.319946,119.233505,162.212952,1058.036743,-77.661041,-108.548157,1056.001831,-86.55529,-108.532257,1056.218628,128.111877
3.158,15.521594,1658.834839,-51.145649,8.666529,1656.802979,58.591667,-67.769104,1599.472656,-19.691135,19.434093,1407.372803,-95.624763,85.658264,1232.833496,-131.502014,-32.74297,1225.633911,-132.663712,-21.513311,1299.184692,130.170425,186.968567,1319.859253,-91.842949,134.819077,1424.75354,18.990973,234.279861,1322.82251,147.84201,207.695633,1339.504883,282.909973,-45.420448,1376.809937,256.980469,-17.271515,1408.641968,171.36882,-111.27066,1358.607422,215.729324,-117.252983,1304.669556,-97.817802,-110.443214,1408.572266,43.094421,-234.865936,1292.757812,99.73909,-280.43396,1218.155518,238.630295,-29.403337,1183.722534,299.270508,-16.586386,1195.716309,189.016953,38.201664,1232.395386,284.106293,163.9664,1044.334473,119.146339,162.441864,1056.901855,-77.897026,-108.354408,1054.72937,-87.1576,-108.485649,1055.512451,127.794739
3.167,15.442199,1658.319458,-50.9883,8.885189,1655.876221,58.814896,-67.683044,1598.642944,-19.399858,19.80426,1406.641602,-96.02356,85.746956,1231.789185,-131.889389,-32.56979,1224.729614,-133.200348,-22.158379,1298.317871,128.500076,187.034271,1318.844238,-92.555016,135.473846,1424.134521,18.380886,234.261658,1321.008789,147.152954,208.012863,1337.462646,282.144043,-44.594128,1376.800049,255.81369,-16.259174,1407.672119,170.189667,-110.670059,1359.129272,215.501511,-116.830276,1303.961548,-98.467957,-110.146248,1407.880859,42.664722,-236.634094,1293.995728,97.204002,-286.503021,1220.10376,234.672379,-38.655994,1179.288574,306.566376,-19.488184,1190.183716,193.959808,31.560999,1225.268799,294.642303,164.164673,1043.579956,119.320274,162.701523,1055.847534,-78.113251,-108.09771,1053.678589,-87.802773,-108.37381,1054.657715,127.339333
3.175,15.310811,1657.900391,-50.956802,9.109611,1655.123413,58.757214,-67.634628,1598.002075,-19.353966,20.24424,1406.152466,-96.29528,85.935905,1231.064453,-132.156174,-32.308048,1224.061157,-133.708801,-22.749092,1297.805298,125.833809,187.286148,1317.957886,-93.020142,136.126099,1423.672852,17.801401,233.912659,1319.137451,146.778229,208.411484,1335.7323,281.513855,-43.679253,1377.056396,254.517639,-15.133626,1406.286011,168.295868,-110.132645,1359.85144,213.703003,-116.308304,1303.47168,-99.002365,-109.776924,1407.417358,42.267735,-238.458038,1295.397827,94.691704,-292.303894,1222.194458,230.744095,-48.062328,1176.028809,314.236481,,,,24.136593,1219.24231,305.666443,164.243195,1042.847534,119.304703,162.976303,1055.110474,-78.34491,-107.996346,1052.960327,-88.274765,-108.208969,1054.053467,127.008316
3.183,15.128963,1657.539917,-51.063499,9.301394,1654.621582,58.654247,-67.552711,1597.479492,-19.240747,20.854061,1405.749756,-96.436478,86.188316,1230.589111,-132.352478,-31.893827,1223.626587,-134.150833,-23.291759,1297.544312,124.537361,187.610641,1317.309814,-93.266808,136.773636,1423.400146,17.379326,233.413879,1317.590454,146.244064,208.346008,1334.631592,281.052551,-42.947281,1377.242065,252.942566,-13.548746,1404.937378,166.527954,-109.627403,1360.611938,212.765472,-115.707695,1303.200928,-99.575752,-109.304482,1407.108154,42.017681,-240.195801,1296.911743,92.136177,-297.689026,1224.520142,226.731522,-58.492416,1174.177734,323.248322,,,,16.11204,1214.709595,318.888123,164.325455,1042.313599,119.246674,163.21405,1054.640503,-78.557945,-107.900482,1052.46582,-88.645981,-108.109146,1053.553589,126.570862
3.192,15.068881,1657.366455,-51.194336,9.529782,1654.329712,58.573639,-67.403656,1597.112915,-19.328098,21.580717,1405.547974,-96.484009,86.528374,1230.366577,-132.456924,-31.436968,1223.419189,-134.522079,-23.879383,1297.243896,124.127365,188.101425,1316.885376,-93.389503,137.296143,1423.284912,17.115234,232.277542,1316.220215,146.384323,208.234451,1333.864502,280.974457,-42.346031,1377.251709,251.124985,-11.909964,1403.784058,164.64447,-109.060898,1360.804077,211.15181,-115.101601,1303.150146,-100.045944,-108.933243,1406.953735,41.539097,-241.524246,1298.134277,89.735802,-302.664398,1226.867065,222.826981,-69.309593,1173.731934,333.177887,,,,7.611465,1211.031128,331.669556,164.417252,1041.952759,119.236908,163.461273,1054.31897,-78.761261,-107.728737,1052.237427,-89.04834,-108.038414,1053.228271,126.16581
3.2,15.021528,1657.329712,-51.384136,9.759472,1654.262329,58.391857,-67.27726,1596.964722,-19.318344,22.329067,1405.614136,-96.430634,86.966385,1230.350098,-132.461105,-30.856695,1223.486206,-134.784683,-24.238928,1296.921265,124.014557,188.739166,1316.726807,-93.301918,137.816956,1423.362793,17.02388,231.404099,1315.412354,146.412552,208.161865,1333.556519,281.099182,-42.011024,1377.077271,249.438583,-10.741549,1402.935181,162.996765,-108.687813,1360.793335,209.294708,-114.311172,1303.258057,-100.545555,-108.521912,1407.030273,41.175739,-242.754272,1299.672729,87.290703,-307.166962,1229.134155,219.389252,-80.01355,1174.380005,342.967163,,,,-2.000554,1208.947754,344.483704,164.507599,1041.773438,119.232246,163.690704,1054.273438,-78.953163,-107.563004,1052.312378,-89.407288,-107.933403,1053.140015,125.829475
3.208,15.039427,1657.463013,-51.611362,9.9926,1654.418335,58.144802,-67.113556,1596.984619,-19.357513,23.036295,1405.842896,-96.266907,87.6446,1230.584229,-132.308914,-30.150667,1223.796997,-134.919708,-24.264437,1296.749634,124.047653,189.333374,1316.856323,-93.066727,138.267899,1423.607422,17.136221,230.757568,1315.096802,146.730331,207.882507,1333.428345,281.304382,-42.000477,1376.83313,247.761063,-10.329814,1402.181763,161.331512,-108.552261,1360.793213,207.64238,-113.440514,1303.633423,-100.991936,-108.108162,1407.365601,40.706478,-243.649658,1300.889038,84.817673,-310.43631,1231.441162,215.347137,-91.228745,1176.072388,352.56897,,,,-12.21259,1208.246582,358.156281,164.614395,1041.746826,119.187721,163.920929,1054.454956,-79.15239,-107.417534,1052.642822,-89.57251,-107.840111,1053.249756,125.433685
3.217,15.195359,1657.851074,-51.866955,10.258945,1654.738159,57.937813,-66.92392,1597.228394,-19.517975,23.848831,1406.250244,-96.011108,88.413246,1231.110474,-132.113724,-29.259933,1224.424927,-135.041275,-23.90016,1297.118896,124.372559,190.035873,1317.231445,-92.540825,138.581375,1424.101685,17.457087,230.508545,1315.313232,147.242035,207.380829,1333.619629,281.743225,-42.023743,1376.862915,246.42955,-10.219918,1401.529175,159.916077,-108.716034,1361.069214,206.017441,-112.529449,1304.136108,-101.324982,-107.711243,1407.866943,40.362846,-244.311676,1302.285156,82.643982,-314.00943,1233.983276,211.851868,-102.662361,1178.786499,361.865051,,,,-23.524477,1209.049072,371.979095,164.712326,1041.915527,119.099533,164.117249,1054.928833,-79.315544,-107.229866,1053.205322,-89.701149,-107.768097,1053.585571,124.989693
3.225,15.340609,1658.352539,-52.061592,10.507475,1655.217896,57.675213,-66.609734,1597.765137,-19.93227,24.646906,1406.85498,-95.494461,89.121834,1231.834473,-131.796448,-28.353899,1225.241699,-134.994598,-23.359577,1298.293823,124.87352,190.62326,1317.876099,-92.014946,138.812378,1424.759277,17.946131,230.573288,1315.900635,147.862854,206.704239,1333.802246,282.250702,-42.473972,1377.245728,245.228333,-9.957046,1401.134033,159.02301,-109.026527,1361.732544,204.766495,-111.523895,1304.90332,-101.582413,-107.230545,1408.607422,40.046024,-244.553848,1303.513794,80.816673,-317.059998,1236.872192,208.585861,-113.986603,1182.092529,369.963531,,,,-35.543282,1211.02478,385.88855,164.822189,1042.226318,118.986214,164.354004,1055.657959,-79.508919,-107.024261,1053.955811,-89.839317,-107.733284,1054.142212,124.566978
3.233,15.526525,1659.083252,-52.255272,10.754534,1655.941528,57.52322,-66.362732,1598.382324,-19.941624,25.3668,1407.666504,-94.90023,89.995621,1232.856689,-131.391129,-27.529593,1226.232422,-134.934921,-23.07724,1299.872681,125.608742,191.238342,1318.859985,-91.321022,138.928558,1425.580933,18.493574,230.851944,1316.825317,148.672104,206.087479,1334.358032,282.902618,-42.9072,1377.966919,244.616882,-9.904352,1401.005493,158.146591,-109.459999,1363.004028,204.140594,-110.549736,1305.797485,-101.693214,-106.862282,1409.664551,39.896645,-245.064331,1305.001831,78.962509,-319.904327,1239.895874,205.637253,-125.302612,1186.131226,378.105927,,,,-48.049099,1214.571533,399.486511,164.935822,1042.714478,118.855606,164.561172,1056.551636,-79.578194,-106.661125,1054.957031,-90.082375,-107.710083,1054.881592,124.234276
3.242,15.678898,1660.052979,-52.594929,11.031226,1656.809204,57.369556,-66.163071,1599.307373,-20.085865,26.005964,1408.674805,-94.222626,90.85067,1234.071045,-130.983398,-26.583529,1227.472656,-134.667236,-22.620628,1301.417358,126.512375,191.875153,1320.147339,-90.481636,138.94136,1426.60144,19.127764,231.160339,1318.047852,149.608551,205.414413,1334.808105,283.714661,-43.504951,1379.222046,244.306396,-10.214699,1401.334229,157.579865,-110.144836,1364.880615,203.757523,-109.648018,1306.946045,-101.649109,-106.676598,1410.797607,39.797726,-245.42395,1306.537842,77.319664,-322.567322,1243.073364,202.972244,-136.432602,1191.372803,385.442596,,,,-61.131863,1219.859741,412.394867,164.992828,1043.431763,118.682678,164.830704,1057.761963,-79.55349,-106.410431,1056.173096,-90.120155,-107.602043,1055.900391,123.957199
3.25,15.960406,1661.105591,-52.846119,11.304349,1657.840088,57.03141,-65.880859,1600.273315,-20.486855,26.723188,1409.761353,-93.414062,91.555138,1235.519043,-130.34729,-25.660469,1228.875977,-134.35762,-22.336578,1302.869507,127.754448,192.435577,1321.605835,-89.530357,138.89653,1427.714966,20.085632,231.317062,1319.359375,150.630966,204.212891,1335.475464,284.675812,-44.208332,1380.803467,244.24147,-10.515346,1401.979736,157.40123,-111.115646,1367.015259,203.676544,-108.665131,1308.149292,-101.359558,-106.532967,1412.187866,39.922062,-246.056915,1308.265015,76.089851,-325.08786,1246.436279,200.400146,-147.144928,1198.050293,392.020416,,,,-74.47554,1227.182617,423.953674,165.081345,1044.215576,118.536438,165.090683,1059.169922,-79.5383,-106.064255,1057.542969,-90.356941,-107.537163,1056.864868,123.637901
3.258,16.196859,1662.220459,-53.027977,11.469114,1659.053467,57.332077,-65.559853,1601.282593,-20.894608,27.315416,1410.990601,-92.562798,92.391594,1237.146729,-129.737625,-24.879152,1230.610352,-133.832291,-21.750862,1304.186523,129.093536,193.001205,1323.123779,-88.428238,138.862,1428.933228,21.150896,231.429626,1320.764893,151.782898,203.257309,1336.193237,285.660248,-45.156239,1382.589966,244.475372,-10.948142,1402.888062,157.633698,-111.975006,1369.207031,203.719467,-107.87674,1309.621704,-101.071106,-106.448845,1413.724731,40.213593,-245.470428,1309.352295,74.910728,-327.994507,1249.788208,197.917053,-157.145782,1206.11438,397.704681,,,,-87.586952,1236.491699,434.167175,165.169113,1045.078125,118.341652,165.360214,1060.789551,-79.468803,-105.656761,1059.048706,-90.404747,-107.515724,1057.94043,123.408813
3.267,16.384584,1663.442749,-53.150856,11.7768,1660.229614,57.056656,-65.226257,1602.470093,-20.902117,27.893963,1412.303101,-91.746742,93.009331,1238.920776,-128.993164,-24.167637,1232.432373,-133.241287,-20.879984,1305.173218,130.018814,193.472031,1324.854126,-87.240868,138.843338,1430.317505,22.178015,231.421661,1322.350464,153.100998,202.154984,1337.005981,286.795685,-46.028816,1384.474854,244.834396,-11.471873,1404.127808,158.059235,-112.745445,1371.544067,203.929977,-107.121407,1311.161865,-100.438004,-106.384995,1415.374878,40.484142,-245.861221,1311.118286,73.973595,-330.473236,1253.014038,196.176193,-166.387619,1215.641113,402.409271,,,,-100.331604,1247.801147,442.725922,165.199417,1046.042969,118.205986,165.580429,1062.493164,-79.342491,-105.211769,1060.835205,-90.551399,-107.446548,1059.075439,123.292343
3.275,16.725418,1664.697144,-53.478596,12.031879,1661.537598,56.67218,-64.966064,1603.674683,-21.045269,28.426472,1413.720581,-90.7286,93.710449,1240.868896,-128.15242,-23.41498,1234.34021,-132.371124,-20.487967,1306.253784,131.041275,193.887238,1326.717773,-85.831612,138.682312,1431.731201,23.540243,231.297913,1323.771729,154.437714,201.047363,1337.858887,288.00708,-46.781425,1386.220947,245.348618,-11.481597,1405.515991,158.832001,-113.664619,1373.809326,204.104599,-106.579086,1312.923096,-99.811073,-106.296051,1417.173706,41.004833,-246.264526,1313.052002,73.268944,-332.509064,1256.092529,194.304123,-174.558533,1226.550903,406.310822,,,,-112.457558,1260.856201,449.750488,165.273315,1047.146851,118.102394,165.808899,1064.359131,-79.132538,-104.858658,1062.633545,-90.453018,-107.371315,1060.250488,123.199463
3.283,16.886747,1665.907227,-53.663944,12.295757,1662.773926,56.551376,-64.710396,1604.85022,-21.163488,28.930695,1415.250977,-89.508804,94.221657,1242.973389,-127.210144,-22.605667,1236.787598,-133.0354,-20.316971,1307.719727,132.127441,194.244965,1328.553711,-84.404419,138.583298,1433.22876,25.002808,230.774658,1325.153931,155.977631,200.018997,1338.893188,289.376953,-47.623173,1388.150024,245.88179,-11.864337,1406.785278,159.583649,-114.474869,1376.162109,204.613388,-105.877251,1314.670288,-98.766045,-106.250793,1418.876221,41.49699,-246.933838,1315.236694,72.644463,-333.711182,1258.672241,192.763748,-182.109222,1239.130981,410.100708,,,,-123.89695,1275.726196,455.197357,165.429459,1048.177856,118.034683,166.02124,1066.392334,-78.893555,-104.528862,1064.680786,-90.44915,-107.277428,1061.492432,123.254501
3.292,17.091402,1667.176025,-54.032623,12.607381,1664.172485,56.024422,-64.489891,1606.101196,-21.519262,29.300861,1416.729126,-88.245056,94.706276,1245.006592,-126.151207,-22.233423,1238.856323,-131.459915,-20.438587,1309.248291,133.077423,194.620438,1330.461548,-82.838036,138.496948,1434.794312,26.398054,230.410248,1326.692993,157.778549,198.922531,1340.071655,290.903595,-48.300587,1390.06189,246.535645,-11.972716,1408.564087,160.700653,-115.028908,1378.505981,205.04715,-105.516869,1316.500854,-97.869873,-106.183403,1420.940186,42.491493,-247.516708,1317.272217,72.117882,-335.726349,1261.664307,191.299103,-188.500961,1252.317627,412.711609,,,,-134.551559,1291.427124,458.25058,165.383499,1049.130005,117.887077,166.236923,1068.397461,-78.701958,-104.17778,1066.740356,-90.204941,-107.088951,1062.644287,123.323456
3.3,17.273907,1668.311157,-54.349266,12.964484,1665.457153,55.818703,-64.230797,1607.44873,-21.715826,29.722635,1418.181152,-86.836174,95.024231,1247.19873,-125.071182,-21.839436,1241.116943,-130.412308,-20.685362,1310.665039,134.480347,194.814819,1332.352905,-81.250351,138.2901,1436.31604,28.004852,229.992752,1328.179932,159.458786,198.262589,1341.069336,292.368958,-48.702667,1391.954346,246.622421,-12.220319,1410.387207,161.674408,-115.501122,1380.88562,205.700302,-105.069809,1318.374756,-96.739326,-105.993065,1422.973022,43.21397,-248.066177,1319.343994,71.745369,-337.515533,1264.54895,190.451294,-194.032455,1266.758301,413.885803,,,,-144.162949,1308.585938,460.746307,165.55603,1050.297729,117.901756,166.409637,1070.484741,-78.324371,-103.823051,1068.973755,-89.954781,-106.894119,1063.802856,123.591141
3.308,17.427488,1669.490112,-54.735916,13.410439,1666.749634,56.116776,-64.089523,1608.664795,-21.65093,30.002213,1419.744263,-85.45887,95.354698,1249.383057,-123.895111,-21.476681,1243.245117,-128.926971,-20.547764,1312.003052,135.650543,195.063248,1334.29187,-79.573837,138.208221,1438.002319,29.666683,229.183258,1329.327393,161.051834,197.502274,1342.436646,294.019989,-49.234253,1394.246216,248.132874,-12.368164,1412.384888,162.595428,-115.892265,1383.313354,206.397675,-104.852417,1320.34668,-95.738548,-105.731567,1425.009766,44.003803,-248.797836,1321.446533,71.367577,-339.117981,1267.585938,189.7948,-198.753784,1281.95166,414.256378,,,,-153.241348,1327.062378,462.083893,165.635513,1051.241211,118.025635,166.58371,1072.654785,-77.967674,-103.620148,1071.223267,-89.460876,-106.628563,1064.994263,123.917824
3.317,17.734404,1670.640991,-55.116673,13.827233,1667.988892,55.862877,-63.824863,1609.96228,-21.614473,30.318432,1421.101196,-84.012932,95.593987,1251.409668,-122.716797,-21.307404,1245.396606,-127.57914,-20.526484,1313.409302,136.680466,195.192093,1336.221558,-77.882027,138.054291,1439.547729,31.336836,228.452286,1330.606323,162.832855,196.844193,1343.630981,295.632477,-49.436108,1396.248291,248.601913,-12.439509,1414.474976,163.470795,-116.347496,1385.810791,207.186096,-104.525085,1322.191895,-94.478889,-105.495819,1427.10437,44.771179,-249.431793,1323.546631,71.07766,-340.587341,1270.668945,189.478592,-203.233154,1298.117432,413.904968,,,,-161.354675,1346.281006,461.723602,165.788498,1052.163208,118.17984,166.674011,1074.739868,-77.558037,-103.320694,1073.52771,-88.826759,-106.304008,1065.938599,124.265587
3.325,17.993509,1671.626709,-55.562561,14.339355,1669.280762,55.449009,-63.701817,1611.140015,-21.609606,30.583549,1422.541016,-82.590218,95.80471,1253.52002,-121.419083,-21.167278,1247.503296,-126.188667,-20.717974,1314.914917,137.986404,195.362411,1337.964966,-76.121254,137.871994,1441.007812,33.069492,227.845688,1331.603149,164.414627,196.262115,1344.773193,297.310211,-49.6838,1398.540527,249.520813,-12.627861,1416.442993,164.288071,-116.681938,1388.552002,208.020279,-104.371513,1324.025513,-93.306274,-105.212639,1428.919922,45.513725,-250.075165,1325.665405,70.905853,-341.952515,1273.803711,189.493179,-206.899323,1315.479004,411.635132,,,,-169.218704,1366.722534,460.076752,165.892548,1053.029663,118.420334,166.862564,1076.772583,-77.063293,-103.231728,1075.928223,-88.037079,-105.855598,1066.901611,124.865456
3.333,18.122751,1672.589844,-56.092762,14.747102,1670.495239,55.072464,-63.506863,1612.340454,-21.748772,30.852507,1423.830811,-81.197937,95.816811,1255.485229,-120.236946,-21.087936,1249.391235,-124.697441,-20.742748,1316.244141,139.069138,195.450592,1339.772827,-74.439232,137.788773,1442.641602,34.819221,227.240692,1332.804688,166.126923,195.68309,1345.826172,299.027283,-49.753212,1400.693726,250.575638,-12.72579,1418.29541,164.977249,-116.88092,1391.041626,209.022324,-104.164513,1325.752808,-92.107292,-104.677147,1430.972656,46.322449,-250.69812,1327.877075,70.779282,-343.104004,1276.93103,189.659302,-211.029968,1333.488037,410.07428,,,,-176.953522,1388.464478,457.449707,165.956497,1053.770142,118.611633,167.053528,1078.743652,-76.531334,-103.092888,1078.227417,-87.049713,-105.392181,1067.714478,125.535172
3.342,18.319113,1673.521851,-56.594875,15.16822,1671.713501,54.70826,-63.430168,1613.487061,-21.905037,31.020794,1425.057983,-79.798698,96.001404,1257.28186,-118.894058,-20.981098,1251.279785,-123.218765,-20.762815,1317.90271,140.438049,195.471939,1341.421753,-72.722038,137.59462,1443.989746,36.551796,226.605713,1334.116333,167.856842,194.831085,1346.85498,300.66864,-49.767879,1402.816772,251.540237,-12.336186,1419.841675,165.812119,-116.588203,1393.593384,209.964447,-104.081772,1327.478149,-91.01902,-104.282486,1432.804443,47.015774,-251.398804,1330.012939,70.710846,-344.124481,1280.002441,190.139816,-215.122726,1352.184814,407.684235,-173.100082,1394.983887,338.714508,-184.129868,1410.504639,452.658936,165.949753,1054.374634,118.887688,167.164673,1080.698975,-75.920723,-102.947594,1080.362061,-85.943779,-104.88623,1068.389771,126.220314
3.35,18.369137,1674.290405,-57.046021,15.565895,1672.855347,53.918633,-63.322849,1614.630371,-22.038963,31.240679,1426.147461,-78.421585,96.024147,1259.094482,-117.637352,-20.923115,1253.070557,-121.70504,-20.920588,1319.423096,140.856842,195.487778,1343.007202,-71.04789,137.450195,1445.333862,38.207344,226.174118,1335.179688,169.448029,194.588135,1347.883545,302.364624,-49.688679,1404.961304,252.568359,-12.194534,1421.42041,166.612823,-116.592384,1395.984253,210.704666,-103.59153,1328.989868,-89.948952,-103.772064,1434.714478,47.700691,-251.962662,1332.106201,70.756226,-345.016998,1283.050293,190.936722,-219.384552,1371.285767,404.271973,-179.069656,1412.082642,333.18512,-191.115768,1433.158691,446.562622,165.845627,1054.909302,119.232689,167.347153,1082.557617,-75.224953,-102.921677,1082.568115,-84.718346,-104.292633,1069.071533,127.126228
3.358,18.348782,1675.005615,-57.68647,15.856393,1673.880005,53.318371,-63.287182,1615.476685,-22.004284,31.509747,1427.313721,-77.034973,96.072662,1260.652832,-116.415474,-20.89308,1254.681885,-120.325569,-21.065868,1320.228638,141.397858,195.485352,1344.473389,-69.446571,137.313614,1446.605225,39.78867,225.918884,1336.265137,171.048248,194.353043,1348.971924,303.961853,-49.391094,1407.152222,254.900192,-11.686352,1422.840942,167.671539,-116.152534,1398.341064,211.831055,-103.560471,1330.491699,-88.669266,-103.381668,1436.485718,48.481106,-252.552811,1334.163818,70.828285,-345.796448,1286.0979,191.661697,-223.739532,1390.457153,399.944153,-184.909515,1428.344482,326.35498,-197.395111,1455.185669,438.358826,165.797653,1055.314209,119.600655,167.53923,1084.207764,-74.557983,-102.863647,1084.584473,-83.3778,-103.739662,1069.531616,127.991913
3.367,18.378727,1675.688477,-58.267826,16.090775,1675.101562,52.482948,-63.23328,1616.488281,-22.06398,31.633892,1428.324951,-75.875198,96.129471,1262.171021,-115.149124,-20.880154,1256.202637,-118.841385,-21.08275,1321.458374,141.929306,195.536743,1345.868774,-67.961418,137.295074,1447.82019,41.405064,225.743805,1337.213989,172.595718,194.256851,1349.93457,305.417419,-49.236111,1408.673096,254.838501,-11.095456,1424.155518,168.837875,-116.362778,1400.639404,212.369003,-103.509888,1331.895508,-87.230644,-102.907127,1438.169312,49.149506,-252.407074,1335.144531,68.266853,-346.446503,1289.267578,192.833801,-227.182907,1409.87146,397.623474,-190.257294,1443.640259,318.385437,-203.240692,1477.09668,428.613861,165.739426,1055.570801,119.986488,167.754196,1085.849731,-73.766701,-102.802582,1086.391602,-82.053398,-103.132812,1070.032349,129.084244
3.375,18.457119,1676.30896,-58.75145,16.233509,1676.118286,52.002769,-63.259048,1617.354492,-22.091362,31.817377,1429.280029,-74.661453,96.181183,1263.462402,-113.993553,-20.872629,1257.540039,-117.479271,-21.086781,1322.598999,142.316299,195.556564,1347.088257,-66.469414,137.095001,1448.816528,42.877022,225.696426,1338.245728,174.216034,194.195786,1350.801025,306.81778,-49.002136,1410.53772,256.572754,-10.80865,1425.423706,169.919693,-115.973785,1402.568604,213.529572,-103.745087,1333.247314,-86.111603,-102.605209,1439.708618,49.878391,-253.523499,1337.813599,70.445061,-346.898407,1292.575439,194.186157,-231.691727,1428.514893,390.406372,-195.193665,1457.926025,309.364166,-208.831772,1498.175049,417.467102,165.692657,1055.707886,120.379845,168.022476,1087.356812,-73.010674,-102.850906,1088.178345,-80.644455,-102.453156,1070.505371,130.206726
3.383,18.453272,1676.842407,-59.249958,16.438189,1676.931396,50.844048,-63.257053,1618.123535,-22.338921,32.091366,1430.152466,-73.510735,96.112312,1264.668335,-112.870651,-20.92848,1258.698853,-116.233566,-21.013987,1323.543213,142.867416,195.492004,1348.09082,-65.117401,136.978851,1449.774292,44.253746,225.742477,1339.265503,175.677048,194.029938,1351.449097,308.141357,-49.115471,1412.107422,257.058655,-10.31362,1426.577393,170.862381,-115.715874,1404.204956,214.323212,-102.219742,1333.599243,-83.388527,-102.359879,1441.190796,50.349926,-254.039444,1339.505981,70.574287,-347.206024,1296.151367,195.522202,-235.466949,1446.394653,382.668182,-199.662109,1470.919678,299.646149,-213.832581,1518.247803,405.070618,165.66626,1055.744263,120.823044,168.214401,1088.640869,-72.216339,-102.750595,1089.711426,-79.301186,-101.851685,1070.796509,131.268646
3.392,18.391939,1677.242798,-59.70137,16.538628,1677.869263,50.128525,-63.329079,1618.804443,-22.356405,32.285679,1431.033691,-72.486404,96.17572,1265.632446,-111.775108,-20.941715,1259.764404,-115.037308,-20.732363,1325.122803,145.773621,195.498444,1349.007202,-63.871414,136.908829,1450.670654,45.532383,225.805969,1340.041626,176.742096,194.025375,1352.136841,309.432343,-48.858818,1413.281738,257.83728,-9.816142,1427.582275,171.640793,-115.490982,1405.802979,215.007797,-102.102806,1334.640625,-82.434158,-102.280182,1442.374023,50.889908,-254.573257,1341.62207,71.633171,-347.601837,1300.028931,197.024048,-237.461975,1464.063843,376.607971,-203.375259,1482.819946,289.327484,-217.968948,1536.963989,391.7052,165.693481,1055.701538,121.288559,168.361191,1089.863647,-71.491379,-102.8442,1091.19873,-78.016945,-101.188202,1071.141724,132.465485
3.4,18.343777,1677.59314,-60.072933,16.601616,1678.61499,49.751934,-63.38422,1619.475952,-22.657293,32.332081,1431.654175,-71.573502,96.268372,1266.476318,-110.772163,-20.973949,1260.572754,-113.979294,-20.449121,1326.090454,146.324707,195.524246,1349.81604,-62.678345,136.900726,1451.536133,46.717148,226.014343,1340.624756,177.761368,194.142349,1352.817627,310.59198,-48.59201,1414.239746,258.579132,-9.384065,1428.387817,172.377121,-114.984039,1407.185425,215.840424,-102.06678,1335.360352,-81.597214,-102.040771,1443.382812,51.173443,-254.983185,1343.376587,72.303047,-347.971039,1304.226929,198.64418,-241.620758,1479.196777,362.854218,-206.883926,1493.66748,278.388031,-220.663361,1554.092529,377.032837,165.760529,1055.558594,121.789009,168.480301,1090.768921,-70.770798,-102.892487,1092.396362,-76.62542,-100.620804,1071.293579,133.499512
3.408,18.258131,1677.918945,-60.438652,16.53018,1679.324707,49.483063,-63.592678,1620.075928,-22.760679,32.373909,1432.085083,-70.796844,96.178627,1267.217285,-109.904984,-20.998878,1261.224609,-113.029297,-20.170927,1326.965942,147.404877,195.470337,1350.591064,-61.691208,136.81012,1452.215332,47.841583,226.221451,1341.354004,178.861832,194.338745,1353.410156,311.663513,-48.150669,1414.839355,258.689056,-8.828408,1429.029785,173.200012,-114.863937,1408.382324,216.114807,-102.02459,1335.960327,-80.81292,-101.850891,1444.331909,51.231236,-255.199875,1344.734619,72.883057,-348.541565,1308.246704,200.577438,-243.681976,1494.18396,352.024933,-209.758698,1503.530884,267.142273,-223.289612,1570.067749,362.323883,165.902985,1055.402954,122.375473,168.699631,1091.748291,-70.062355,-102.924316,1093.513062,-75.390839,-99.953529,1071.552246,134.654678
3.417,18.205671,1678.180664,-60.603706,16.507124,1679.813843,49.416756,-63.657379,1620.507935,-22.671284,32.452595,1432.480469,-70.097191,96.149681,1267.794067,-109.079185,-21.117926,1261.833496,-112.186035,-19.833607,1327.634888,148.315399,195.406799,1351.157837,-60.700676,136.732468,1452.829712,48.818405,226.662384,1342.187744,179.934494,194.444366,1353.981812,312.729858,-47.96397,1415.773315,259.892303,-8.188452,1429.452148,174.102997,-114.632591,1409.417358,216.597702,-102.045288,1336.47998,-80.267014,-101.646263,1445.141479,51.311459,-255.327286,1346.02063,73.312012,-349.511566,1312.587036,202.617325,-245.065552,1508.143555,341.312164,-212.222641,1512.477539,255.625046,-225.054199,1584.702026,347.407898,166.14653,1055.236694,122.975914,168.891312,1092.441406,-69.395363,-102.994392,1094.41626,-74.28508,-99.376846,1071.668701,135.577286
3.425,18.121838,1678.462158,-60.594299,16.490614,1680.317139,49.277004,-63.77475,1620.87207,-22.520788,32.45834,1432.832642,-69.559357,96.154442,1268.22998,-108.390266,-21.191837,1262.215454,-111.49054,-19.52899,1328.235962,149.095215,195.370056,1351.689331,-59.913628,136.646255,1453.355591,49.786377,227.002029,1342.537964,180.670715,194.614319,1354.434814,313.585327,-47.662525,1416.419067,260.806793,-7.646201,1429.65271,174.737976,-114.381142,1410.109009,216.996506,-102.10392,1336.761475,-79.819,-101.345207,1445.792725,51.061756,-255.500885,1347.499878,73.296677,-350.07608,1317.45813,203.883453,-245.761642,1521.052612,331.091492,-214.265244,1520.392334,243.927902,-226.301224,1597.894653,332.588196,166.457382,1055.029297,123.626205,169.030228,1093.000244,-68.696136,-103.107613,1095.10376,-73.35453,-98.75206,1071.803589,136.583099
3.433,18.017569,1678.840454,-60.361137,16.226631,1680.893433,49.046501,-63.971901,1621.352905,-22.240858,32.571949,1433.083252,-69.142395,96.195847,1268.575073,-107.794212,-21.21167,1262.491577,-110.905037,-19.247278,1328.84021,149.732346,195.328873,1352.129517,-59.160877,136.557571,1453.732666,50.535938,227.103729,1342.987793,181.346085,194.880508,1354.732666,314.404083,-47.115116,1416.376953,260.462311,-7.225007,1429.677246,175.159546,-114.106339,1410.631348,217.386719,-102.189217,1336.900513,-79.467735,-101.535255,1446.875854,49.285416,-255.562332,1348.530151,74.566467,-350.110168,1322.277466,204.494217,-246.26918,1533.110229,319.49707,-215.828812,1527.260376,232.174133,-227.000427,1609.837524,316.356628,166.808777,1054.855347,124.257179,169.072098,1093.489868,-68.144852,-103.180054,1095.674072,-72.511635,-98.209816,1071.856079,137.366562
3.442,17.790964,1679.290161,-59.986866,16.107489,1681.217407,49.364033,-64.227982,1621.754028,-21.78355,32.601505,1433.301636,-68.842422,96.262466,1268.805176,-107.242859,-21.271984,1262.618652,-110.403603,-18.950193,1329.274902,149.971893,195.304108,1352.447388,-58.648838,136.461212,1454.024902,51.194778,226.998322,1343.305176,181.892014,195.17244,1354.946655,314.9953,-46.815174,1416.465576,260.759308,-6.75395,1429.500366,175.506805,-113.919151,1410.913818,217.564133,-102.279297,1336.938232,-79.258385,-100.468597,1446.938965,49.906811,-255.58371,1349.500854,74.862305,-350.174347,1327.599609,206.250519,-246.151505,1543.881592,307.710541,-216.803711,1532.790283,220.479568,-226.92572,1620.286987,300.128143,167.188324,1054.659668,124.864426,169.10759,1093.888428,-67.614418,-103.327415,1096.15564,-71.683228,-97.621017,1072.006592,137.966415
3.45,17.519709,1679.723999,-59.499428,15.971006,1681.476196,50.135117,-64.482376,1622.095337,-21.509077,32.69239,1433.428467,-68.802361,96.28241,1268.940186,-106.785942,-21.321228,1262.687378,-109.997246,-18.607889,1329.654297,150.123795,195.296371,1352.668945,-58.177265,136.481995,1454.264282,51.712151,227.034149,1343.528564,182.367615,195.412262,1355.015381,315.545227,-46.616806,1416.614502,261.544769,-6.228739,1429.207153,175.82608,-113.672218,1411.112671,217.563644,-102.38356,1336.873657,-79.231956,-99.884552,1447.354858,49.035488,-255.720322,1350.74292,74.974014,-349.733337,1332.148926,207.407959,-245.632477,1553.611572,295.880493,-217.516479,1537.4729,208.892654,-226.298584,1629.525513,283.941254,167.667587,1054.507568,125.450867,169.16983,1094.177856,-67.061279,-103.388474,1096.487793,-70.941017,-97.067856,1072.252808,138.637512
3.458,17.26639,1680.16394,-58.903187,15.730165,1681.723633,50.832745,-64.716179,1622.373291,-20.971857,32.819874,1433.533325,-68.84803,96.331917,1268.991943,-106.465591,-21.322546,1262.685303,-109.721802,-18.179285,1330.053955,150.20282,195.343857,1352.821533,-57.851402,136.523239,1454.424072,52.113609,227.207581,1343.564087,182.727554,195.609375,1354.906616,315.871155,-46.48814,1416.562134,261.848694,-5.788665,1428.869629,176.00708,-113.362404,1411.259766,217.42807,-102.47097,1336.711426,-79.330589,-99.128769,1447.650024,48.108986,-255.867035,1352.056274,74.840073,-349.127594,1336.380005,208.75029,-244.742935,1562.2771,283.986511,-217.804672,1541.248657,197.610016,-225.046082,1637.468994,267.90329,168.114319,1054.371582,125.954567,169.163315,1094.305298,-66.601906,-103.390938,1096.666504,-70.425522,-96.693489,1072.341431,139.154755
3.467,16.945673,1680.653809,-58.188473,15.502995,1681.885864,51.63509,-64.973854,1622.67981,-20.308613,33.044037,1433.494751,-69.022713,96.37262,1268.942749,-106.259468,-21.32782,1262.576782,-109.553833,-17.902632,1330.376709,150.248657,195.466293,1352.890625,-57.627823,136.596054,1454.487305,52.379448,227.393982,1343.458862,182.899002,195.936386,1354.57959,316.040436,-46.231487,1416.330933,261.718597,-5.27058,1428.493286,176.111267,-113.084312,1411.313477,217.061722,-102.495766,1336.467163,-79.564789,-98.4795,1448.026123,46.96859,-256.019226,1353.307739,74.588486,-348.432739,1340.658569,210.415192,-243.337677,1569.884033,272.656677,-217.631287,1544.173096,186.760895,-224.011902,1643.868774,249.798645,168.465027,1054.265503,126.434921,169.126953,1094.353882,-66.229355,-103.396057,1096.687866,-69.953224,-96.425697,1072.410156,139.556808
3.475,16.674297,1681.253296,-57.214245,15.208438,1681.993408,52.615334,-65.126518,1622.867554,-19.371124,33.215313,1433.513672,-69.241768,96.439568,1268.815308,-106.168419,-21.286766,1262.384521,-109.477814,-17.671249,1330.671875,150.210022,195.515411,1352.75647,-57.52924,136.701569,1454.459106,52.518574,227.430176,1343.130371,182.903061,196.051697,1354.120361,316.082031,-45.785492,1415.588501,260.567383,-4.861941,1428.110107,176.156097,-112.812584,1411.250366,216.517761,-102.469284,1336.164795,-80.012688,-97.885162,1448.355103,45.579044,-256.180328,1354.486084,74.185677,-348.045837,1345.394287,211.432236,-241.749481,1576.399048,261.043274,-217.25177,1546.105713,176.406052,-221.55748,1649.250854,234.71962,168.824585,1054.209351,126.838181,169.102707,1094.307373,-65.954506,-103.396439,1096.601929,-69.562195,-96.231102,1072.517822,139.890152
3.483,16.368996,1681.85437,-56.235939,14.85221,1682.116089,54.15189,-65.312401,1623.086304,-18.729675,33.416958,1433.466187,-69.571167,96.500549,1268.60144,-106.165047,-21.212999,1262.12561,-109.519554,-17.456787,1330.991089,150.038315,195.596146,1352.567017,-57.560139,136.849167,1454.356812,52.530525,227.297256,1342.486938,182.908096,196.002716,1353.604004,315.974762,-45.634125,1415.143555,260.167969,-4.455933,1427.668701,175.91423,-112.49929,1411.061035,215.697235,-102.378738,1335.731689,-80.681946,-97.325333,1448.725586,43.795483,-256.306641,1355.680664,73.635986,-347.32373,1350.027344,212.047531,-239.842361,1581.952393,249.764496,-216.541565,1547.194946,166.385513,-219.441086,1653.56958,220.66922,169.166977,1054.138672,127.145081,169.08017,1094.174561,-65.734238,-103.399689,1096.431641,-69.078079,-96.108742,1072.703979,140.267654
3.492,16.041021,1682.387451,-55.016914,14.599974,1682.079102,55.520161,-65.479439,1623.291016,-18.066179,33.577152,1433.338013,-70.005882,96.583092,1268.258057,-106.239769,-21.129303,1261.772583,-109.65493,-17.178793,1331.292114,149.721451,195.653854,1352.268677,-57.74276,137.017868,1454.167236,52.422554,227.308228,1342.051025,182.74321,195.945206,1352.917603,315.819519,-45.574581,1414.818604,260.068481,-3.791846,1427.058594,175.392624,-112.156563,1410.807983,214.817917,-102.29863,1335.318115,-81.392395,-96.798523,1448.940674,42.018684,-256.415253,1356.889893,72.769005,-346.4086,1354.233032,212.247986,-237.413239,1586.462646,239.040619,-215.47905,1547.428955,156.946716,-216.625977,1656.82373,206.977402,169.564133,1054.088379,127.423035,169.083969,1093.900513,-65.533783,-103.384735,1096.195068,-68.728981,-96.088196,1072.902344,140.525116
3.5,15.709456,1682.925781,-53.916092,14.429004,1681.980103,56.803871,-65.658096,1623.500488,-17.20743,33.741066,1433.089478,-70.476204,96.618736,1267.845337,-106.419083,-21.009247,1261.316895,-109.916573,-16.799442,1331.570312,149.2565,195.805588,1351.950684,-58.070305,137.174805,1453.922485,52.189056,227.450531,1341.526489,182.437744,195.914642,1352.080811,315.543579,-45.458893,1414.345459,259.60376,-2.976653,1426.407715,174.986633,-111.857292,1410.495361,213.723984,-102.169029,1334.897949,-82.246384,-96.311317,1449.05188,39.938393,-256.426666,1358.010864,71.843857,-345.45047,1358.290649,212.176544,-234.633667,1589.93396,228.829071,-214.324539,1547.200806,148.001801,-213.081009,1658.78479,193.818985,169.903275,1054.071777,127.670708,169.088043,1093.55249,-65.432404,-103.367027,1095.866089,-68.419136,-96.121925,1073.129395,140.77095
3.508,15.493771,1683.525757,-52.771774,14.389556,1681.822876,58.233433,-65.817047,1623.760742,-16.330784,33.987522,1432.8573,-71.039085,96.679596,1267.283203,-106.700867,-20.865681,1260.704102,-110.279732,-16.419113,1331.85144,148.78952,195.946945,1351.501099,-58.443859,137.345688,1453.653931,51.840813,227.445908,1340.703003,182.139145,195.976471,1351.120239,315.326599,-45.231659,1413.741577,258.543396,-2.155915,1425.701904,174.330872,-111.437469,1410.245361,212.469788,-102.002777,1334.291382,-83.336197,-95.829613,1449.185791,37.856812,-256.352936,1359.119263,70.813766,-344.30307,1361.907471,212.216843,-231.623322,1592.526611,219.190262,-213.152939,1546.456665,139.744751,-209.21106,1659.788208,181.676254,170.185959,1054.123169,127.813477,169.086136,1093.134521,-65.416687,-103.381889,1095.463379,-68.177971,-96.121498,1073.379028,140.98053
3.517,15.189015,1684.05188,-51.55365,14.330257,1681.696899,59.509106,-65.939735,1623.952271,-15.379724,34.292625,1432.52356,-71.733841,96.754982,1266.720825,-107.065315,-20.699963,1260.126831,-110.733116,-15.827994,1332.198486,147.911316,195.996643,1350.932983,-58.90303,137.532669,1453.31604,51.38213,227.189255,1339.842041,181.792236,195.699112,1350.218628,314.694702,-44.587601,1412.62085,256.585571,-1.54018,1424.973877,173.656448,-111.015755,1409.994141,210.995621,-101.788765,1333.646118,-84.589478,-95.213142,1449.262695,35.563705,-256.173096,1360.136108,69.546143,-343.003174,1365.263062,211.993805,-228.199402,1594.043213,210.34343,-211.993744,1545.109131,132.099365,-204.997757,1659.882446,170.456818,170.381516,1054.237305,127.896965,168.981873,1092.587402,-65.494278,-103.376419,1094.991455,-67.945061,-96.142014,1073.68103,141.162415
3.525,14.88017,1684.506226,-50.132236,14.277723,1681.541382,60.931793,-66.124176,1624.153809,-14.326245,34.633732,1432.168701,-72.567039,96.914459,1265.990723,-107.509064,-20.525055,1259.505249,-111.278641,-15.306276,1332.578857,147.151978,196.158661,1350.379517,-59.478928,137.737869,1452.851074,50.796276,227.223389,1339.027954,181.195114,195.778107,1349.349487,314.264435,-44.325344,1412.068726,255.804245,-0.874547,1424.15918,172.396469,-110.53624,1409.73645,209.565033,-101.583397,1333.111328,-86.147652,-94.521622,1449.427002,33.040539,-255.882385,1360.958374,68.190605,-341.40213,1368.33728,212.069595,-224.648026,1594.765381,202.164047,-210.700577,1543.316284,125.091835,-200.699554,1659.208496,160.365692,170.480469,1054.411133,127.875778,168.945892,1092.01416,-65.640457,-103.386139,1094.440063,-67.695839,-96.117912,1074.034912,141.338455
3.533,14.663867,1684.93396,-48.889301,14.211287,1681.328369,62.230247,-66.263885,1624.262451,-13.195893,34.988308,1431.703979,-73.516235,96.982948,1265.307983,-108.059853,-20.362755,1258.825439,-111.95118,-14.685293,1332.904663,146.378571,196.355225,1349.640015,-60.155418,137.962997,1452.3479,50.092152,227.183228,1338.197144,180.429138,195.909943,1348.340698,313.733398,-43.928089,1411.184204,254.135376,-0.287152,1423.279663,171.161865,-110.061043,1409.344849,207.929947,-101.280289,1332.456543,-87.552132,-93.885567,1449.452393,30.58165,-255.516434,1361.65979,66.690689,-340.17926,1370.895508,211.265686,-221.244232,1594.815552,194.657532,-209.33493,1541.308105,118.684265,-196.157196,1657.904175,151.291794,170.499802,1054.633789,127.804741,168.919189,1091.406372,-65.823174,-103.364868,1093.812378,-67.62468,-96.092651,1074.421021,141.509384
3.542,14.451324,1685.28479,-47.575466,14.13935,1681.057861,63.542812,-66.443474,1624.303833,-12.016078,35.435581,1431.256836,-74.642014,97.153023,1264.539673,-108.705833,-20.161455,1258.033936,-112.687683,-14.165198,1333.364136,145.672714,196.594269,1348.935669,-60.888451,138.221024,1451.833252,49.270531,227.340652,1337.219604,179.536041,196.092529,1347.096802,312.76416,-43.533978,1410.293701,252.640427,0.186966,1422.310303,169.571365,-109.549782,1408.915771,206.126846,-100.893494,1331.846313,-89.181808,-93.15683,1449.401978,28.145817,-255.006073,1362.216064,65.224327,-338.844025,1372.90332,210.5056,-217.546432,1594.235474,187.961411,-207.913223,1539.031494,112.9795,-191.629105,1656.173096,143.243698,170.405106,1054.873169,127.660378,168.920929,1090.779663,-66.028503,-103.433853,1093.209961,-67.684471,-96.070518,1074.777588,141.538742
3.55,14.304032,1685.659912,-46.188427,14.167093,1680.747803,64.697845,-66.570999,1624.329956,-11.040409,35.849461,1430.718872,-75.841614,97.315575,1263.650024,-109.421127,-19.997427,1257.294556,-113.669785,-13.526452,1333.752686,144.984589,196.781647,1348.090942,-61.743813,138.431152,1451.279785,48.406609,227.38559,1335.957642,178.81012,196.177399,1345.662598,311.991425,-43.090637,1409.4646,251.610733,0.964586,1421.249634,168.146347,-109.060677,1408.401855,204.333328,-100.605705,1331.18042,-90.681328,-92.354286,1449.318237,25.779297,-254.406296,1362.561523,63.685097,-337.522827,1374.458618,209.582764,-214.039703,1593.346558,182.026672,-206.397507,1536.512451,107.889969,-187.03775,1654.120605,136.151901,170.284576,1055.171997,127.41925,168.807098,1089.942871,-66.299721,-103.561562,1092.480225,-67.792732,-96.064751,1075.123291,141.505386
3.558,14.109782,1685.884399,-45.000153,14.25634,1680.339844,65.898788,-66.699669,1624.286377,-10.051238,36.402569,1430.12439,-77.206902,97.531036,1262.727905,-110.285172,-19.817026,1256.424683,-114.512543,-12.703939,1334.019287,144.113266,197.057526,1347.194214,-62.712929,138.710297,1450.515137,47.374958,227.560471,1334.951538,177.83725,196.473419,1344.298584,310.875183,-42.813038,1408.484375,250.431625,1.877307,1419.925049,166.847565,-108.499329,1407.685669,202.532654,-100.190048,1330.396851,-92.311493,-91.454758,1449.134888,23.415991,-253.733215,1362.700439,62.086807,-336.304138,1375.498779,208.39267,-210.932465,1591.824829,176.719391,-205.030319,1533.833374,103.344307,-182.271927,1651.624756,130.356949,170.11676,1055.46106,127.155457,168.69043,1089.199463,-66.630112,-103.657562,1091.633789,-67.944504,-96.026184,1075.457153,141.386276
3.567,13.930017,1686.009155,-43.723156,14.244239,1679.925781,66.819214,-66.790825,1624.159424,-9.163312,36.872211,1429.394531,-78.509476,97.631119,1261.75708,-111.238731,-19.799364,1255.168579,-114.426048,-12.122453,1333.759033,143.62027,197.306702,1346.158203,-63.7668,139.036911,1449.817627,46.222328,227.88237,1333.822998,176.593948,196.642853,1342.591187,309.875,-42.110287,1406.780884,248.020966,2.602871,1418.647461,165.619675,-107.922935,1406.784912,200.768158,-99.917191,1329.780518,-94.203148,-90.60466,1448.925049,21.015327,-253.01358,1362.723022,60.500938,-335.054657,1375.834473,207.259567,-208.058044,1590.07959,172.152267,-203.762238,1531.026001,99.365196,-178.171005,1648.675049,125.240433,169.928329,1055.68811,126.841011,168.614944,1088.355225,-67.030228,-103.679344,1090.66626,-68.2202,-96.045616,1075.815918,141.222656
3.575,13.774718,1686.069092,-42.428638,14.292067,1679.314331,68.143776,-66.811287,1623.922241,-8.292445,37.427658,1428.877808,-79.781898,97.8125,1260.571655,-112.287155,-19.108475,1254.616333,-117.297714,-11.474281,1333.274902,143.275879,197.459412,1345.124878,-64.962021,139.478973,1449.151611,44.997402,228.103409,1332.539673,175.530838,197.230316,1341.068481,308.748077,-41.582909,1405.30896,246.508408,3.559449,1417.377563,164.305527,-107.343964,1405.877319,198.95192,-99.494614,1328.973633,-95.786354,-89.792747,1448.758911,18.706377,-252.230499,1362.561035,58.861671,-333.853821,1375.706543,205.99588,-205.548065,1588.136841,168.265961,-202.493698,1528.111572,95.989807,-174.027802,1645.753418,121.125847,169.77243,1055.857178,126.474022,168.446716,1087.287109,-67.480919,-103.841377,1089.703247,-68.484207,-96.06575,1076.20166,140.990524
3.583,13.553198,1686.038574,-41.317787,14.338797,1678.710693,69.301292,-66.807182,1623.556641,-7.419123,38.021011,1428.021851,-81.095963,98.009949,1259.512817,-113.345909,-19.323412,1253.227661,-116.641228,-10.052524,1336.085693,141.408539,197.865341,1343.958252,-66.27124,139.904785,1448.358643,43.610126,228.354645,1330.97644,174.07106,197.42514,1339.05835,307.3172,-41.217178,1403.948975,245.464005,4.493509,1416.212036,163.02742,-106.614273,1404.74646,197.187317,-98.970207,1328.244385,-97.434647,-88.997887,1448.522095,16.392931,-251.388199,1362.13562,57.011169,-332.833832,1374.988892,204.353012,-203.435745,1585.848877,165.040558,-201.523178,1525.211182,93.131226,-170.242691,1642.421021,118.035706,169.638443,1055.942383,126.063316,168.337433,1086.285278,-67.953827,-103.919975,1088.662964,-68.872017,-96.119812,1076.550903,140.671646
3.592,13.561595,1685.828125,-40.048096,13.916234,1677.112061,71.827705,-66.810158,1623.022095,-6.398243,38.634502,1427.106323,-83.143524,98.275558,1258.228516,-114.483192,-18.966053,1252.1604,-117.868912,-8.478491,1336.466675,139.903961,198.25174,1342.872437,-67.669136,140.482285,1447.667725,42.240162,228.779419,1329.673462,172.572021,198.070908,1337.142456,305.821381,-40.846069,1402.246216,244.241455,5.298862,1414.955688,161.603058,-105.880836,1403.331177,195.470459,-98.539017,1327.35791,-99.091965,-88.304504,1448.357788,14.264626,-250.538284,1361.525757,55.359108,-331.940002,1373.861938,202.71312,-201.510376,1583.17688,162.447968,-200.577621,1522.166138,91.248344,-166.591934,1638.932495,115.864922,169.483353,1056.009888,125.623421,168.186905,1085.049927,-68.55722,-103.953156,1087.403687,-69.391129,-96.188698,1076.778076,140.243393
3.6,13.5096,1685.532593,-38.962605,13.970889,1675.746094,73.117241,-66.781929,1622.454468,-5.42267,39.339863,1425.96106,-85.136848,98.572212,1256.991089,-115.623428,-18.640486,1251.079834,-119.090309,-7.444018,1336.964233,138.959702,198.602554,1341.47998,-69.10688,141.191238,1446.909302,40.614273,229.272095,1328.158325,170.890503,198.744934,1334.650024,304.039215,-39.855865,1399.56665,241.571671,6.178144,1413.289062,160.104706,-105.069778,1401.695435,193.750092,-98.053673,1326.64209,-100.66716,-87.773453,1448.023071,12.213456,-249.8284,1360.803345,53.50758,-331.064423,1372.349243,200.810791,-199.609253,1580.379272,160.508621,-199.338882,1519.124268,90.714294,-163.310425,1636.046387,115.138382,169.318954,1056.040405,125.179825,167.980499,1083.76709,-69.18824,-104.109856,1086.283569,-69.978783,-96.287941,1076.926147,139.722809
3.608,13.442034,1685.046143,-37.783115,14.399684,1674.157349,73.26931,-66.560265,1621.658569,-4.79125,39.973259,1424.879395,-86.854195,98.835403,1255.673828,-116.813843,-18.25308,1249.859985,-120.253609,-6.368372,1337.328735,137.827484,198.923065,1340.234375,-70.633484,141.871002,1446.161011,39.124863,229.762726,1326.185303,169.133224,199.643188,1332.21167,302.028137,-39.223354,1397.45105,240.619644,6.753651,1411.417114,158.552917,-104.357384,1400.044678,192.091995,-97.356789,1325.705566,-102.308929,-87.394661,1447.654541,10.34886,-249.131958,1359.7052,51.731838,-330.454742,1370.580933,198.970947,-198.228912,1577.293091,158.981537,-198.600876,1516.380127,87.681412,-160.04628,1631.373169,113.852341,169.128693,1055.994751,124.688019,167.733231,1082.374146,-69.872635,-104.144905,1084.918823,-70.572472,-96.30043,1077.00415,139.088074
3.617,13.363501,1684.400635,-36.708889,14.665409,1671.833496,71.333038,-65.040314,1619.25061,-2.197996,40.632523,1423.848022,-88.201874,98.984344,1254.296875,-118.018593,-17.927046,1248.682495,-121.517212,-5.441745,1337.138916,136.806808,199.211166,1338.808716,-72.293312,142.632172,1445.139404,37.486828,230.383881,1324.34021,167.026382,200.274918,1329.349487,299.899048,-38.623093,1395.231445,239.233841,7.49397,1409.404175,156.850861,-103.631813,1397.843994,190.341522,-96.742867,1324.907959,-103.865463,-87.052856,1447.083984,8.681355,-248.463943,1358.259766,49.999157,-329.91507,1368.456543,197.070969,-196.777359,1574.015625,158.042816,-197.694458,1513.576904,86.448563,-157.217438,1628.521606,114.671036,168.961716,1055.850952,124.182144,167.608566,1080.962402,-70.480721,-104.161667,1083.550903,-71.185234,-96.366287,1076.961182,138.373276
3.625,13.317591,1683.556152,-35.706791,14.8461,1670.23938,72.04055,-63.578129,1617.146484,3.056758,41.182175,1422.803345,-89.603409,99.361557,1252.855469,-119.259399,-17.558376,1247.4375,-122.676765,-4.630382,1335.997314,135.656494,199.523941,1337.473877,-73.957123,143.420181,1444.200562,35.801891,230.937653,1322.049561,164.841171,201.257751,1326.747925,297.706726,-37.789673,1392.168091,237.276352,8.424494,1407.196167,155.263443,-102.795662,1395.664062,188.578613,-96.242226,1323.908936,-105.385658,-86.867363,1446.294312,7.248248,-247.962143,1356.718018,48.196739,-329.763641,1366.202759,195.042023,-195.135132,1570.757568,157.561874,-196.632324,1510.818237,85.428665,-154.191238,1623.987061,114.374947,168.826004,1055.675049,123.620003,167.449249,1079.345581,-71.239876,-104.09996,1082.087036,-71.908333,-96.469803,1076.716187,137.557571
3.633,13.274636,1682.63855,-34.882801,14.901937,1669.039062,72.870811,-61.972836,1616.653809,6.854091,41.61113,1421.709229,-90.941589,99.608345,1251.389038,-120.475151,-17.165424,1246.052124,-123.919006,-3.787025,1334.508179,134.544113,199.876633,1336.068848,-75.700401,144.082245,1443.06604,34.008545,231.715729,1319.960571,162.55719,202.403046,1324.005859,295.536377,-36.729244,1388.956665,235.303268,9.473383,1404.871094,153.596268,-101.650291,1392.992554,187.00676,-95.769066,1322.957031,-106.937454,-86.770386,1445.461304,5.718211,-247.542709,1354.921509,46.514259,-329.602631,1363.73645,193.116608,-193.660721,1567.156006,157.380951,-195.808838,1508.059204,84.865425,-151.7742,1621.157471,116.258591,168.761887,1055.412109,122.916504,167.326477,1077.652588,-71.999207,-104.117355,1080.549072,-72.714333,-96.597557,1076.394531,136.80452
3.642,13.414819,1681.473022,-34.094791,15.109228,1667.5177,73.511482,-63.706047,1617.506836,-4.320939,41.993378,1420.457764,-92.302505,99.852272,1249.828491,-121.715698,-16.720486,1244.638672,-125.141205,-2.386818,1338.011108,133.903625,200.044342,1334.491699,-77.477913,144.890182,1441.943481,32.269783,232.256729,1317.687134,160.397751,203.68364,1321.157715,293.230743,-35.521328,1385.686646,233.460022,10.26223,1402.230713,151.845734,-100.745354,1389.996948,185.301254,-95.254295,1321.645996,-108.249336,-86.762077,1444.487671,4.318174,-247.190536,1352.973877,44.888851,-329.691498,1361.147217,191.138733,-191.976456,1563.476318,157.643921,-195.01178,1505.480225,84.156433,-149.704712,1616.442627,116.43882,168.789169,1055.09021,122.283623,167.249481,1076.02478,-72.846466,-104.043152,1078.940308,-73.479713,-96.794212,1075.966675,135.920715
3.65,13.710697,1680.23938,-33.462128,15.167239,1666.092651,74.182373,-63.238995,1615.900146,-4.093219,42.256153,1419.139526,-93.677582,99.963745,1248.292725,-123.008331,-16.458727,1243.197266,-126.391144,-1.51333,1336.693481,132.568909,200.246811,1333.032227,-79.286545,145.457336,1440.666626,30.489788,233.293655,1315.479492,157.906418,205.252853,1318.487305,291.003906,-34.355007,1382.29895,231.607605,11.425167,1399.531738,150.044525,-99.585915,1387.044312,183.700592,-94.750656,1320.343872,-109.675278,-86.720627,1443.316528,3.078359,-246.970047,1351.02124,43.319843,-329.850433,1358.390625,189.209,-191.049271,1559.806519,157.971451,-194.621735,1503.109619,83.750847,-148.047775,1613.517944,118.293709,168.876144,1054.664551,121.632919,167.167984,1074.204468,-73.659889,-103.835686,1077.1698,-74.301445,-97.021973,1075.465942,135.046494
3.658,13.925906,1678.960938,-32.829487,15.366299,1664.514648,74.780022,-62.98703,1614.481567,-3.30232,42.45676,1417.660767,-94.982208,100.200317,1246.62207,-124.201096,-16.129595,1241.513306,-127.542023,-1.045179,1335.062134,131.264572,200.430771,1331.549683,-81.142807,145.77829,1439.322998,28.827862,234.277435,1313.25647,155.784927,206.738098,1315.799561,288.618164,-33.078274,1378.746094,229.866776,12.439162,1396.763062,148.312912,-98.214699,1383.834351,182.25354,-94.459969,1318.988892,-110.757149,-86.77227,1442.022461,1.893404,-246.777985,1349.124878,41.853088,-330.045654,1355.571655,187.437332,-190.115433,1556.608032,158.410965,-195.0224,1501.470703,83.688789,-147.147461,1610.614502,119.225151,169.029327,1054.12085,120.813484,167.043076,1072.373291,-74.495636,-103.767418,1075.476318,-75.159828,-97.250694,1074.804199,134.089401
3.667,14.351524,1677.464844,-32.15136,15.620371,1662.914185,75.394135,-62.611088,1613.089233,-2.523693,42.637867,1416.128296,-96.31427,100.291405,1245.000732,-125.401688,-15.873423,1239.904175,-128.683823,-0.624874,1333.130981,130.242615,200.357635,1329.954712,-82.994499,146.226883,1437.994263,27.128597,235.459183,1311.189941,153.363037,208.444855,1313.177124,286.510162,-31.522635,1375.14624,228.292984,13.957317,1394.130005,147.047714,-96.975365,1380.554321,181.052979,-94.106384,1317.458008,-111.958725,-86.956444,1440.630737,0.445157,-246.648651,1347.26001,40.387798,-330.213196,1352.766479,185.709213,-189.875671,1553.573608,158.738419,-195.112183,1499.766968,82.758087,-146.248108,1608.080444,121.186028,169.24292,1053.528564,120.06102,166.988815,1070.441895,-75.369728,-103.568832,1073.751831,-76.163567,-97.46151,1074.153442,133.315582
3.675,14.796029,1676.078857,-31.451139,15.978403,1661.149536,76.072319,-62.281052,1611.58667,-1.842112,42.740364,1414.568848,-97.607513,100.263542,1243.260376,-126.562744,-15.663991,1238.179199,-129.778763,-0.226838,1331.132812,129.471283,200.421173,1328.427002,-84.779678,146.610687,1436.682861,25.439672,236.549164,1309.209229,151.382477,210.414886,1310.549927,284.357544,-29.970934,1371.593872,226.851456,15.025846,1391.082764,145.621063,-95.265511,1377.182983,180.011719,-93.801353,1315.825439,-113.012802,-86.929909,1439.199585,-0.587308,-246.49321,1345.367554,39.086121,-330.265198,1349.86438,184.243942,-189.964188,1550.840454,158.987701,-195.521225,1498.181885,82.221382,-146.20137,1605.381836,121.606842,169.482712,1052.842896,119.318062,166.892532,1068.512451,-76.237587,-103.382195,1071.841675,-77.143753,-97.710876,1073.406738,132.406891
3.683,15.018778,1674.610107,-30.724712,16.270958,1659.497192,76.725655,-61.96104,1609.960205,-0.991172,42.70208,1412.993774,-98.921974,100.394287,1241.501587,-127.677856,-15.501118,1236.39917,-130.765015,-2.017192,1329.392456,127.316635,200.411438,1327.00708,-86.531197,146.858398,1435.121826,23.993027,237.953903,1307.39624,149.201263,212.68129,1307.964844,282.321716,-27.968361,1367.750854,225.567062,16.567101,1388.344482,144.352509,-93.723511,1373.769165,179.036438,-93.571541,1314.277222,-113.989548,-87.006645,1437.67334,-1.483768,-246.276566,1343.433105,37.917736,-330.199554,1347.08667,182.85318,-190.459152,1548.351562,158.972626,-195.811508,1496.491699,81.712296,-146.636581,1602.67041,121.476768,169.751831,1052.010132,118.42334,166.822235,1066.468262,-77.104828,-103.170753,1070.089111,-78.162041,-97.879005,1072.581787,131.552017
3.692,15.163773,1673.375,-30.038744,16.49213,1657.794678,77.618118,-61.617931,1608.418701,-0.528918,42.74556,1411.416992,-100.073776,100.420776,1239.85083,-128.777634,-15.353944,1234.703491,-131.772552,-4.402369,1326.344971,126.035629,200.321594,1325.401733,-88.204712,147.014343,1433.723022,22.606035,239.364212,1305.593994,147.143021,215.062943,1305.706055,280.45285,-25.838812,1364.161621,224.794006,18.14872,1385.748535,143.428741,-91.781128,1370.247314,178.421066,-93.450432,1312.645142,-114.951408,-87.030472,1436.151733,-2.487174,-245.998154,1341.401367,36.953896,-330.016937,1344.520508,181.587616,-190.933838,1546.383667,158.850204,-195.843964,1494.577271,81.442474,-147.447983,1601.063232,121.554924,170.076874,1051.145386,117.664749,166.84288,1064.407593,-78.025116,-102.908188,1068.223877,-79.268303,-97.983627,1071.662598,130.674042
3.7,15.184717,1672.025391,-29.208796,16.633728,1656.103027,78.342117,-61.492622,1606.846802,0.206794,42.630009,1409.87146,-101.157913,100.365082,1238.114746,-129.853546,-15.237113,1232.983887,-132.71965,-7.057193,1322.966309,124.870331,200.245651,1323.960205,-89.849159,147.172668,1432.2677,21.341568,240.765945,1303.98877,145.025391,217.823959,1303.128418,278.480713,-23.872881,1360.766235,224.274094,19.96257,1383.22937,142.944702,-89.835411,1366.781982,178.12059,-93.283615,1311.019897,-115.881142,-87.116302,1434.593628,-3.356388,-245.728226,1339.427612,36.124882,-329.765747,1341.984375,180.610504,-191.900467,1544.796143,158.363708,-195.467667,1492.502197,81.201111,-148.952988,1600.175903,121.540276,170.296051,1050.085938,116.798836,166.881699,1062.338867,-78.931671,-102.747261,1066.419922,-80.384315,-98.038803,1070.585449,129.739655
3.708,15.176858,1670.879517,-28.280241,16.599957,1654.346313,79.122696,-61.317661,1605.627075,0.546007,42.472691,1408.456055,-102.20546,100.295105,1236.579834,-130.812164,-15.205242,1231.324829,-133.580597,-9.48225,1319.546143,123.658188,200.082733,1322.494385,-91.343315,147.210495,1430.696777,20.129597,241.80452,1302.237671,142.711899,220.835907,1300.805542,276.70047,-21.424259,1357.320312,224.098251,21.914053,1380.975586,142.879562,-87.693382,1363.250366,178.260391,-93.274193,1309.488281,-116.803497,-87.138542,1433.150391,-4.206121,-245.34053,1337.477417,35.327656,-329.596619,1339.731323,179.542313,-192.905136,1543.500488,157.699829,-194.888672,1490.403687,80.961449,-150.437057,1599.431641,120.943596,170.606888,1049.062378,115.954781,166.883942,1060.259155,-79.775658,-102.478096,1064.688843,-81.524643,-98.076401,1069.275024,128.828049
3.717,15.028742,1669.756836,-27.37248,16.652557,1652.678101,79.901436,-61.375198,1604.061401,1.064894,42.386181,1407.121094,-103.05986,100.273743,1234.948853,-131.726913,-15.165351,1229.687988,-134.368347,-11.551432,1316.417847,122.568153,199.898392,1321.114746,-92.7201,147.341599,1429.321045,19.076561,243.351639,1300.73877,140.87291,224.364456,1298.814819,274.888641,-18.680647,1353.924316,224.274826,23.935049,1378.685547,143.066101,-85.235512,1359.688354,178.745041,-93.295921,1308.016602,-117.582588,-87.150406,1431.827393,-5.044965,-245.009445,1335.483765,34.644066,-329.337769,1337.640381,178.586121,-194.022812,1542.512939,156.816391,-194.058731,1488.173462,81.069489,-152.310883,1598.701172,119.528404,170.993683,1047.846313,115.2295,166.908295,1058.304565,-80.614044,-102.187355,1062.929932,-82.671356,-98.097527,1067.960083,127.950218
3.725,14.820826,1668.744385,-26.481747,16.677233,1650.953979,80.612198,-61.512104,1603.154663,1.203198,42.253761,1405.809448,-103.942284,100.01371,1233.543823,-132.649612,-15.214684,1228.172607,-135.1409,-12.914277,1313.517212,121.569664,199.761108,1319.796387,-93.969513,147.398758,1427.974731,18.166967,245.093201,1299.291138,139.093262,228.081451,1296.98645,273.197144,-15.598501,1350.496094,224.724762,25.990229,1376.533081,143.511078,-82.553513,1356.143188,179.853287,-93.395844,1306.586792,-118.510429,-87.241432,1430.41626,-5.729541,-244.656403,1333.578003,33.978939,-329.108398,1335.817383,177.783157,-195.20163,1541.664917,155.679642,-193.543961,1486.284424,80.784454,-153.860245,1598.142822,118.330666,171.199814,1046.68042,114.568909,166.988861,1056.410278,-81.364105,-101.959602,1061.395874,-83.801147,-98.118401,1066.57251,127.187775
3.733,14.535124,1667.859375,-25.730213,16.583103,1649.453857,81.332413,-61.82391,1601.621582,1.155973,42.076557,1404.70105,-104.748924,99.898048,1232.109253,-133.411606,-15.339432,1226.692139,-135.789474,-13.706663,1311.024414,120.594879,199.47377,1318.509399,-95.114204,147.594727,1426.628052,17.564857,246.90387,1298.006958,137.414764,232.155594,1295.296265,271.571075,-12.344864,1347.338379,225.653381,28.345167,1374.572998,144.476974,-79.62291,1352.481812,181.223129,-93.549988,1305.3573,-119.333008,-87.279266,1429.239014,-6.573066,-244.358627,1331.733643,33.388203,-328.907867,1334.084473,176.924515,-196.301773,1540.945435,154.502243,-193.248032,1484.746338,80.150352,-155.752655,1597.473511,116.314217,171.339203,1045.361572,113.881149,167.087143,1054.494873,-82.117928,-101.788757,1059.952515,-84.858856,-98.090034,1065.174072,126.52932
3.742,14.143745,1666.977417,-24.891386,16.332031,1648.002441,82.013176,-62.033367,1600.736816,1.330014,41.938507,1403.557861,-105.518829,99.627167,1230.829468,-134.063828,-15.584841,1225.42395,-136.510132,-13.926352,1308.923706,119.675102,199.280716,1317.317627,-96.116623,147.66539,1425.527344,16.98723,248.830536,1296.650269,135.668503,236.697449,1293.80188,269.87326,-8.4731,1344.262207,227.229462,30.869215,1372.974976,145.800674,-76.41526,1348.931641,183.351913,-93.653587,1304.109741,-120.103012,-87.38102,1428.138794,-7.250642,-244.152283,1330.135254,32.693226,-328.83136,1332.592529,175.935455,-197.247101,1540.233521,153.284958,-193.308914,1483.499146,79.36937,-157.271973,1597.13562,114.930733,171.438126,1044.220703,113.327484,167.131165,1052.800903,-82.834259,-101.598495,1058.67688,-85.871613,-98.261436,1063.855957,125.953583
3.75,13.678892,1666.162842,-24.297531,16.076307,1646.670044,82.51033,-62.504448,1599.831543,1.521479,41.79221,1402.621582,-106.179039,99.318268,1229.696899,-134.797836,-15.801807,1224.192261,-137.095673,-13.613099,1307.05957,118.733536,199.001236,1316.11499,-97.020531,147.734024,1424.291016,16.41324,250.941605,1295.528564,134.022202,241.741409,1292.756714,268.315704,-4.456345,1341.510986,229.13829,33.66687,1371.631592,147.663391,-72.692177,1345.410156,185.940384,-93.799767,1303.075928,-120.78019,-87.518913,1427.078003,-7.98889,-244.03479,1328.6427,32.023521,-328.698547,1331.364624,175.131424,-198.303253,1539.494873,151.874741,-193.607101,1482.592773,78.291382,-158.610977,1596.666992,113.248001,171.51593,1043.061401,112.82399,167.206924,1051.366943,-83.420937,-101.468872,1057.505615,-86.788246,-98.290398,1062.497803,125.420616
3.758,13.163144,1665.523071,-23.660318,15.629192,1645.604248,83.087669,-62.926479,1599.098877,1.156728,41.592384,1401.744507,-106.67276,99.029549,1228.592896,-135.293015,-16.032673,1223.137817,-137.642807,-13.028895,1305.411987,117.850044,198.615707,1315.115112,-97.797363,147.834763,1423.261597,16.214207,253.264343,1294.644897,132.322876,247.243713,1291.935669,266.682739,0.089305,1339.227661,231.614517,36.644596,1370.432251,149.784744,-68.781776,1342.107056,189.12326,-93.882172,1302.066895,-121.523323,-87.716454,1426.271606,-8.733168,-243.901718,1327.319824,31.361137,-328.701752,1330.312744,174.244049,-199.17923,1538.911377,150.549805,-194.026443,1481.935303,77.132019,-159.712646,1596.385986,111.922783,171.555008,1042.038818,112.429947,167.273346,1050.090088,-83.991173,-101.401375,1056.562012,-87.607658,-98.259621,1061.244873,124.919464
3.767,12.620701,1665.053101,-23.19857,15.160407,1644.733032,83.559303,-63.577427,1598.367188,1.869166,41.420868,1401.015137,-107.188377,98.71595,1227.743896,-135.776627,-16.309643,1222.378174,-138.175293,-12.332529,1303.977661,116.993698,198.276611,1314.138306,-98.441345,147.992676,1422.291992,15.909852,255.609238,1293.861206,130.767639,253.250305,1291.359863,264.716278,4.94443,1337.391602,234.610825,40.048012,1369.535889,152.548416,-64.443504,1339.048462,193.109375,-94.040657,1301.367188,-122.132217,-87.91581,1425.602295,-9.484226,-243.921173,1326.196289,30.687567,-328.722351,1329.510986,173.462067,-199.755051,1538.445923,149.312714,-194.681992,1481.527832,75.695297,-160.862991,1596.083862,110.374748,171.485245,1041.182861,112.192612,167.322159,1049.063599,-84.516327,-101.374939,1055.880859,-88.425797,-98.281387,1060.242676,124.535042
3.775,11.883795,1664.712158,-22.76512,14.498102,1643.967651,83.791176,-64.20285,1597.946045,2.047211,41.17725,1400.510742,-107.525185,98.314575,1227.030884,-136.131775,-16.621235,1221.67749,-138.666885,-11.661767,1302.665649,116.142113,197.931503,1313.315796,-98.979202,148.26532,1421.53125,15.702187,258.317932,1293.371704,129.070129,259.578583,1290.998779,262.786133,10.332137,1336.116455,238.292404,43.835575,1368.775146,155.734695,-59.645939,1336.428467,197.695312,-94.262825,1300.833374,-122.740753,-88.099213,1425.120972,-10.096599,-243.988083,1325.345093,29.935328,-328.963623,1328.976074,172.514526,-200.326706,1538.113159,148.098587,-195.42247,1481.348633,74.23513,-161.709091,1595.856689,109.384506,171.472168,1040.531982,111.993004,167.417099,1048.270264,-84.912346,-101.370087,1055.299072,-89.305382,-98.333122,1059.306396,124.00856
3.783,11.146832,1664.507202,-22.45804,13.73659,1643.473267,84.089088,-64.762596,1597.714844,1.798305,41.015762,1400.230713,-107.742981,97.841827,1226.432129,-136.453659,-16.911812,1221.124023,-139.020935,-11.141347,1301.451416,115.451111,197.410843,1312.70166,-99.402283,148.501404,1420.977295,15.527328,261.529053,1293.069092,127.144783,266.198517,1291.157104,260.653748,16.011597,1335.575684,242.579254,47.480831,1368.243042,158.775009,-54.528065,1334.080566,202.788681,-94.487076,1300.484131,-123.412323,-88.362885,1424.795166,-10.725398,-244.166275,1324.686279,29.121145,-329.30307,1328.63855,171.562912,-201.091248,1537.792358,146.872192,-196.33226,1481.45752,72.833084,-162.331726,1595.67334,108.550644,171.401306,1040.092651,111.983055,167.521042,1047.7854,-85.285866,-101.439842,1054.897217,-89.891365,-98.497047,1058.661377,123.578743
3.792,10.421648,1664.431274,-22.226452,12.839721,1643.26416,84.255989,-65.419174,1597.636841,1.610956,40.821774,1400.174927,-107.904388,97.413254,1226.078369,-136.623184,-17.163343,1220.844971,-139.325012,-10.899386,1300.455322,114.797729,196.873169,1312.217896,-99.713707,148.855301,1420.615479,15.570854,264.497498,1292.879883,125.257355,273.413971,1291.479858,258.311737,22.153814,1335.380127,247.351807,51.622192,1367.91272,162.210327,-48.662056,1332.093262,208.413147,-94.651077,1300.330688,-123.989151,-88.691551,1424.702515,-11.290672,-244.435989,1324.381592,28.365543,-329.929138,1328.615967,170.319244,-201.682312,1537.701416,145.777725,-197.262527,1481.720215,71.340446,-163.120697,1595.697021,107.589622,171.226837,1039.943359,112.093781,167.601028,1047.623657,-85.532898,-101.517426,1054.723145,-90.483559,-98.766716,1058.174927,123.087364
3.8,9.745525,1664.588867,-22.126413,11.887323,1643.269653,84.357567,-66.053307,1597.833618,1.444902,40.601711,1400.32605,-108.022301,97.019569,1225.96814,-136.710373,-17.412783,1220.833862,-139.562531,-10.944851,1299.648438,114.220985,196.361664,1311.96936,-99.939346,149.258621,1420.378418,15.51917,267.853546,1293.020752,123.254936,280.852631,1292.0354,255.688721,29.241295,1335.712524,252.466141,56.226151,1367.902588,166.055389,-42.548298,1330.916748,214.521973,-94.771408,1300.396606,-124.535583,-89.040199,1424.814697,-11.83412,-244.882523,1324.42688,27.316315,-330.693359,1328.807739,169.108627,-202.282104,1537.797241,144.814606,-198.189896,1482.153687,69.945885,-163.740814,1595.940552,106.925674,171.018478,1040.08728,112.313255,167.682724,1047.711426,-85.684196,-101.639023,1054.774292,-91.01049,-99.145485,1057.972656,122.659157
3.808,9.153731,1665.018677,-22.065048,10.99403,1643.572021,84.43103,-66.818336,1598.07666,1.551348,40.378914,1400.682251,-108.122704,96.588158,1226.09021,-136.710785,-17.658972,1221.02002,-139.718826,-11.280258,1299.077148,113.586594,195.768234,1311.836548,-100.022568,149.884705,1420.539185,15.8039,271.291779,1293.433472,121.035393,288.613098,1293.025146,252.717041,36.752316,1336.541504,257.548615,61.060955,1368.005859,170.052963,-35.958649,1330.489258,221.204269,-94.884377,1300.678955,-124.91404,-89.397095,1425.138428,-12.36423,-245.32692,1324.645996,26.360437,-331.613953,1329.282593,167.784393,-203.081665,1538.062012,143.787201,-199.069733,1482.805176,68.683815,-164.41481,1596.278809,106.323753,170.71402,1040.535034,112.617401,167.720459,1048.084961,-85.738701,-101.746758,1055.060303,-91.529091,-99.672394,1057.955933,122.214279
3.817,8.563931,1665.574341,-22.020218,10.149728,1644.096313,84.405472,-67.410599,1598.384644,1.623301,40.205757,1401.135864,-108.067711,96.252457,1226.380859,-136.644943,-17.933668,1221.463501,-139.82663,-11.95343,1298.89856,112.940475,195.260422,1311.950684,-100.010117,150.569489,1420.90979,16.02499,274.962769,1294.022827,118.766335,296.815979,1294.268555,249.279678,44.938343,1338.147217,262.491852,66.30674,1368.534302,174.29982,-28.622519,1330.925537,228.338684,-95.01667,1301.198486,-125.236198,-89.692627,1425.65332,-12.75634,-245.918793,1325.233887,25.292191,-332.782288,1329.927124,166.285812,-204.038483,1538.510498,142.714844,-200.020432,1483.637573,67.500885,-165.129501,1596.698242,105.596825,170.488419,1041.151001,112.987404,167.723251,1048.832764,-85.606514,-101.875618,1055.587769,-91.96402,-100.256187,1058.171997,121.770988
3.825,7.947538,1666.327881,-22.075129,9.161801,1644.885986,84.344269,-68.084412,1599.15918,1.142172,39.998741,1401.719482,-107.972244,95.884964,1226.890869,-136.47702,-18.150585,1222.138428,-139.838715,-13.195224,1299.068359,112.759361,194.644501,1312.302246,-99.946175,151.061966,1421.503906,16.139427,278.613617,1294.885376,116.474579,304.850983,1295.680908,245.827728,53.567017,1340.545532,267.483398,71.33947,1369.082031,178.64328,-20.904291,1332.366577,235.708588,-95.077904,1301.849731,-125.431015,-90.01786,1426.377563,-13.047318,-246.66304,1326.152588,24.170002,-333.957825,1330.827026,164.933289,-204.798248,1539.418213,141.881866,-200.867126,1484.614014,66.291039,-166.374374,1597.50061,104.65522,170.076035,1042.021118,113.483032,167.793381,1049.916626,-85.436066,-101.959793,1056.288208,-92.298759,-100.905907,1058.630249,121.228554
3.833,7.517409,1667.170654,-22.177517,8.213817,1645.812256,84.336098,-68.554474,1599.95166,0.729702,39.778103,1402.454956,-107.764214,95.527283,1227.706299,-136.202621,-18.306822,1223.032227,-139.786179,-14.66208,1299.849609,112.919258,193.986542,1312.868164,-99.788765,151.789032,1422.255859,16.708263,282.496826,1296.207031,113.941315,313.072388,1297.658203,241.94931,62.864841,1343.550293,272.404968,77.836655,1370.817627,183.02948,-12.832796,1334.89978,243.042313,-95.059029,1302.607788,-125.613792,-90.352692,1427.349854,-13.420637,-247.431717,1327.295654,23.107136,-335.382111,1331.993896,163.344315,-206.07222,1540.394897,140.984848,-201.824524,1485.770874,65.351974,-167.087418,1598.792114,104.449585,169.743362,1043.134644,113.962883,167.843231,1051.151367,-85.12812,-102.057243,1057.204834,-92.598839,-101.599968,1059.223389,120.754517
3.842,7.047657,1668.137573,-22.270754,7.403969,1646.838013,84.222916,-69.141556,1600.965698,0.597669,39.47253,1403.42041,-107.559937,95.151741,1228.661255,-135.878906,-18.46736,1224.09668,-139.679077,-16.214931,1301.135986,113.264351,193.313278,1313.591553,-99.48201,152.440216,1423.164551,17.110956,286.527771,1297.75354,111.404999,321.494415,1299.771606,238.047165,72.553856,1347.52124,277.434387,85.362816,1373.538208,186.877945,-4.078631,1338.294922,250.724792,-95.193314,1303.742065,-125.837234,-90.841492,1428.431763,-13.68741,-248.27684,1328.599121,21.929592,-336.859222,1333.412109,161.82135,-207.252151,1541.531372,140.0961,-202.628235,1487.072998,64.40844,-167.884125,1599.756104,103.676064,169.234756,1044.41748,114.489639,167.911209,1052.728882,-84.630882,-102.157639,1058.269043,-92.803543,-102.443375,1060.134521,120.257591
3.85,6.746846,1669.354736,-22.413609,6.62058,1648.207031,84.052544,-69.63858,1602.099243,0.485063,39.282169,1404.412476,-107.150414,94.889816,1229.779175,-135.406921,-18.560419,1225.39209,-139.4776,-17.654545,1302.620605,113.695969,192.639725,1314.411011,-99.181976,153.103165,1424.137573,17.485237,290.486633,1299.447266,108.515793,329.959229,1302.393188,233.700928,82.833191,1352.246094,282.385376,91.892281,1376.079834,191.143585,5.167009,1342.638794,258.276642,-95.275627,1304.912109,-125.8423,-91.383827,1429.644287,-13.718246,-249.22905,1330.106812,20.900494,-338.597046,1335.153564,160.193497,-208.036926,1543.108398,139.342545,-203.553665,1488.610962,63.437454,-169.136047,1601.027588,102.899338,168.723862,1045.812866,115.048714,167.975616,1054.429565,-84.00663,-102.303558,1059.637329,-92.976265,-103.195229,1061.151245,119.747139
3.858,6.336551,1670.528931,-22.469568,5.823279,1649.503418,83.941765,-70.18679,1603.349731,0.641882,38.979504,1405.518433,-106.765228,94.526382,1231.098145,-134.875809,-18.685204,1226.756104,-139.247009,-19.022709,1304.381836,114.058762,192.006958,1315.535889,-98.762299,153.836288,1425.346191,18.006191,294.548462,1301.383789,105.700829,338.318909,1305.252319,229.044052,93.609001,1357.70459,286.833862,99.085457,1379.626465,194.950378,15.134137,1348.501221,265.039581,-95.366188,1306.262329,-125.753387,-91.881424,1431.05896,-13.908328,-250.144745,1331.7323,19.919937,-340.321045,1336.939087,158.719193,-209.48349,1544.539307,138.495575,-204.451996,1490.236816,62.666775,-169.821213,1602.807007,102.750549,168.162674,1047.317139,115.613152,168.044815,1056.259888,-83.318314,-102.318596,1061.062134,-93.030151,-103.976402,1062.219238,119.321175
3.867,6.06446,1671.896729,-22.640314,5.234131,1651.100708,83.917778,-70.586861,1604.686279,0.448666,38.708286,1406.778198,-106.280899,94.188873,1232.408325,-134.250488,-18.765648,1228.279541,-138.792999,-20.189396,1306.220337,114.521408,191.288315,1316.524048,-98.315735,154.434921,1426.628174,18.568039,298.760162,1303.75293,102.441963,346.860626,1308.381714,224.623901,104.611061,1364.014893,290.872681,106.624969,1383.846924,198.487946,25.106428,1355.268433,272.387512,-95.43853,1307.661621,-125.746727,-92.307167,1432.482178,-13.794085,-251.132782,1333.600952,18.928247,-342.05307,1339.111938,157.16774,-210.240784,1546.384766,137.807892,-205.129303,1492.134155,61.867817,-170.717438,1604.36731,102.147659,167.454025,1048.750244,116.286942,168.101089,1058.2948,-82.49778,-102.439972,1062.697754,-93.037552,-104.649529,1063.474365,118.957832
3.875,5.757006,1673.256348,-22.845039,4.751857,1652.509521,83.863792,-70.825974,1606.261353,0.415352,38.439014,1408.007202,-105.783539,93.90332,1233.939453,-133.512222,-18.886782,1229.868164,-138.376541,-21.225676,1308.268799,115.006958,190.592346,1317.780396,-97.791229,155.686539,1428.412476,19.275436,302.529602,1306.069824,99.475441,353.973236,1311.657349,218.708176,116.045654,1370.938354,294.506256,114.456718,1388.785645,201.778809,35.618042,1363.020752,279.489594,-95.595596,1309.208862,-125.512108,-92.839714,1434.069336,-13.885657,-252.007217,1335.377808,18.114845,-343.884827,1341.390503,155.647644,-211.594482,1548.359619,137.022232,-206.023743,1494.082153,61.126755,-171.685806,1606.15918,101.29641,166.621536,1050.305542,117.068764,168.069962,1060.405151,-81.560165,-102.400391,1064.368164,-93.029198,-105.387581,1064.772583,118.584831
3.883,5.528843,1674.651367,-22.869471,4.071715,1654.119751,83.720207,-71.232224,1607.738403,0.240478,38.028439,1409.37561,-105.241905,93.640358,1235.383057,-132.744156,-19.095085,1231.49939,-137.856659,-22.037327,1310.346191,115.538574,189.876144,1318.969116,-97.259995,155.327896,1429.646118,19.418306,306.427979,1308.624146,96.168991,361.656372,1315.180054,213.289597,127.611252,1378.651489,297.479279,122.095749,1394.330078,204.547485,46.335724,1372.18457,287.398865,-95.745636,1310.609009,-125.156822,-93.195457,1435.576904,-13.454494,-253.013138,1337.407349,17.273874,-345.631989,1343.862793,154.331863,-212.602676,1550.423584,136.268997,-206.775635,1496.146973,60.374958,-172.464691,1608.244995,101.073662,165.908325,1051.772705,117.891899,168.049805,1062.53186,-80.418221,-102.454117,1066.197754,-92.96196,-106.010017,1065.905884,118.240623
3.892,5.452665,1676.128662,-22.886839,3.682794,1655.724854,83.774956,-71.422974,1609.074097,1.091893,37.70002,1410.592529,-104.7314,93.189758,1236.934326,-131.899109,-19.289812,1233.173584,-137.294769,1.715847,1325.700317,117.271568,189.138504,1320.31897,-96.757507,155.556335,1431.31958,19.749247,309.9422,1311.258545,92.749039,368.983673,1318.74646,207.671417,139.319077,1386.931519,299.849335,130.667023,1401.060547,206.965897,57.59536,1381.536865,292.599548,-95.862061,1312.148438,-124.678558,-93.581535,1437.197021,-13.190876,-253.996216,1339.473999,16.632412,-347.413513,1346.381592,153.109329,-213.843567,1552.654541,135.54541,-207.508438,1498.297852,59.743774,-173.316498,1610.313721,100.29792,165.129654,1053.207031,118.82428,168.016769,1064.647583,-79.295815,-102.409874,1067.96521,-92.948128,-106.594398,1067.130371,118.120506
3.9,5.373651,1677.476196,-22.822906,3.41402,1657.424438,83.813538,-71.560051,1609.361206,5.185046,37.244404,1412.003662,-104.16008,92.77626,1238.438354,-130.970978,-19.512812,1234.814209,-136.620087,0.850617,1327.88147,117.849731,188.427979,1321.63269,-96.247101,155.72406,1433.056152,20.124487,313.318024,1313.973755,89.231201,375.876129,1322.422119,201.745728,151.103851,1395.829102,301.547699,138.900269,1408.446777,208.919617,68.724884,1391.897705,297.518555,-96.153076,1313.619873,-124.22641,-94.144783,1438.741699,-12.986471,-254.944061,1341.570312,15.924841,-349.516083,1348.900879,151.024933,-214.703781,1555.121216,134.782562,-208.195053,1500.602295,58.991501,-174.170135,1612.544434,99.57708,164.271225,1054.549927,119.855385,168.059845,1066.813599,-77.984039,-102.451721,1069.941162,-92.893776,-107.202072,1068.340698,117.81176
3.908,5.300045,1679.06543,-22.803665,3.252426,1658.905518,83.828011,-71.339859,1609.870483,6.494257,36.7253,1413.240356,-103.645035,92.264282,1239.882568,-130.014725,-19.779791,1236.509644,-135.868378,-0.989084,1329.289795,118.357841,187.633926,1323.01709,-95.738174,155.8992,1434.887939,20.376072,316.435516,1316.575073,85.485138,382.299866,1326.006592,195.661545,162.826965,1405.128296,302.561584,147.327576,1416.705566,210.262085,80.240791,1403.356567,301.656494,-96.37767,1315.106689,-123.698746,-94.61483,1440.345581,-12.735454,-255.910629,1343.727783,15.390811,-351.027649,1351.941528,150.567322,-215.836182,1557.519165,134.074814,-208.874542,1502.871216,58.501507,-174.839706,1614.781982,99.071983,163.42981,1055.737915,120.962448,168.068573,1068.797363,-76.466888,-102.405556,1071.737549,-92.73288,-107.699226,1069.455688,117.825508
3.917,5.252107,1680.355835,-22.662968,3.063186,1660.571777,84.00959,-71.561981,1611.736572,6.135804,36.242256,1414.552734,-103.091713,91.847649,1241.229858,-128.944366,-20.002308,1237.977783,-135.021622,-1.239291,1331.769287,119.074089,186.853745,1324.31897,-95.244659,155.984665,1436.603638,20.466972,319.444092,1319.14209,81.819603,388.332245,1329.651367,189.656815,174.253616,1415.049072,302.803467,155.672318,1425.634277,210.905243,91.410057,1415.616333,304.887756,-96.684418,1316.508423,-123.001144,-95.094627,1441.919189,-12.584221,-256.909882,1345.938477,14.799321,-352.913147,1354.671509,148.818893,-216.843628,1559.933472,133.286499,-209.557846,1505.227295,57.70005,-175.524841,1617.034424,98.290359,162.539871,1056.79541,122.180885,168.047379,1070.678955,-75.019432,-102.390556,1073.663208,-92.442924,-108.161743,1070.544922,117.77726
3.925,5.313558,1681.820801,-22.664948,2.901057,1662.06958,84.13028,-71.689705,1613.486206,5.005358,35.725838,1415.791748,-102.583687,91.420464,1242.640259,-127.857018,-20.343672,1239.564941,-134.192566,-2.443329,1333.641846,119.788902,186.040115,1325.630859,-94.813995,156.001404,1438.4552,20.571627,322.037354,1321.629395,78.093796,393.848541,1333.001343,183.549667,185.574829,1425.467163,302.185486,164.077347,1435.110596,210.892151,102.877136,1428.871826,307.133453,-97.044815,1317.865356,-122.402985,-95.428047,1443.261719,-12.10394,-257.769043,1348.021729,14.466811,-354.585815,1357.623047,147.815262,-217.701584,1562.575684,132.620117,-210.205444,1507.637695,57.188095,-176.309097,1619.532349,97.626221,161.591232,1057.573853,123.466232,168.114944,1072.547119,-73.306786,-102.319626,1075.57019,-92.170403,-108.48761,1071.512207,117.870819
3.933,5.248033,1683.110229,-22.682415,2.826517,1663.478882,84.309769,-72.049294,1615.348511,5.157357,35.096127,1417.009521,-102.106354,90.950287,1243.905884,-126.767334,-20.697254,1240.9646,-133.28685,-3.323267,1335.52356,120.545555,185.20253,1326.866455,-94.4711,155.980469,1440.125977,20.651659,324.23526,1323.931519,74.309494,399.059418,1336.413086,177.710159,196.773132,1436.386841,300.748169,172.466614,1445.257202,209.924149,114.395889,1442.833618,308.32724,-97.343269,1319.166992,-121.63427,-95.781105,1444.778809,-11.763304,-258.66571,1350.166992,14.087621,-356.116302,1360.308838,147.022049,-218.586731,1565.118774,131.930817,-210.793442,1509.930908,56.635857,-176.738281,1621.829468,97.269669,160.735504,1058.241577,124.877121,168.141266,1074.266846,-71.595604,-102.268555,1077.357666,-91.772148,-108.836037,1072.494995,118.011177
3.942,5.328284,1684.247314,-22.474798,2.839468,1664.950439,84.418091,-72.12484,1617.034424,5.041704,34.567551,1418.093872,-101.661644,90.535492,1245.081177,-125.615433,-21.008078,1242.313599,-132.372299,-4.358677,1337.170044,121.346497,184.373596,1328.033813,-94.024231,156.018616,1441.770386,20.424658,326.271423,1326.135498,70.746262,403.674072,1339.536499,171.931839,207.464951,1447.588379,298.48526,180.847366,1455.383789,208.242401,125.623421,1457.38855,308.382355,-97.672829,1320.290649,-120.980843,-96.030281,1446.020386,-11.309167,-259.40274,1352.269897,13.797686,-357.556,1363.062866,146.21138,-219.352676,1567.571289,131.349609,-211.253174,1512.28418,56.003967,-177.16394,1624.040039,96.596138,159.728958,1058.655884,126.357582,168.325836,1075.850342,-69.704971,-102.290909,1079.248657,-91.313606,-109.139442,1073.332397,118.11795
3.95,5.423764,1685.622192,-22.323162,2.78672,1666.158569,84.641701,-72.262115,1618.881592,5.071198,33.987789,1419.15918,-101.325836,90.08387,1246.081909,-124.488228,-21.326729,1243.543335,-131.471588,-5.426527,1338.737427,122.210052,183.547318,1329.063843,-93.658264,155.599457,1443.221191,20.408688,328.122498,1328.03125,67.362999,408.261566,1342.38916,166.637238,217.956436,1459.09021,295.331665,189.064011,1466.099365,205.72937,136.746735,1472.529297,307.244293,-97.991096,1321.484131,-120.250923,-96.329994,1447.269653,-10.862227,-260.1427,1354.175171,13.666681,-359.043457,1365.81665,145.346573,-220.079178,1569.862671,130.757614,-211.722031,1514.457031,55.694759,-177.936707,1626.191528,95.851746,158.641495,1058.898315,127.882156,168.347107,1077.360596,-67.892715,-102.151985,1080.914551,-90.856499,-109.449242,1074.155029,118.459129
3.958,5.586876,1686.627319,-22.105879,2.878695,1667.514282,84.863464,-72.384605,1620.387329,5.185238,33.467415,1420.156372,-101.027657,89.537674,1247.061279,-123.358162,-21.649418,1244.625854,-130.550201,-6.502707,1340.288574,122.967979,182.822784,1330.010132,-93.364723,155.589279,1444.852417,19.679779,329.620514,1329.703735,64.124802,411.089996,1344.896362,161.865768,228.118057,1470.686279,291.471008,197.33342,1476.462891,202.330902,147.592758,1487.66748,305.0672,-98.325081,1322.492432,-119.644836,-96.595123,1448.46936,-10.468546,-260.820435,1355.931763,13.456372,-360.179535,1368.397827,144.760651,-220.721069,1572.139526,130.171051,-212.166321,1516.563232,55.23246,-178.399399,1628.418945,95.627831,157.526215,1058.909546,129.398392,168.492676,1078.635864,-65.844475,-102.076149,1082.543457,-90.40535,-109.676659,1074.64563,118.692223
3.967,5.63925,1687.634888,-21.976074,2.930429,1668.630249,85.076378,-72.412971,1621.81543,5.041417,32.986713,1421.052002,-100.729752,89.158958,1247.825073,-122.296196,-21.963991,1245.52832,-129.694107,-7.377303,1341.719238,123.751472,181.990387,1330.796265,-93.119209,154.924774,1445.972534,19.340025,330.787018,1331.137207,61.333004,414.149109,1347.183594,157.543579,237.650421,1482.195557,286.930908,205.289017,1487.021973,198.200287,158.032089,1502.75354,301.650604,-98.628777,1323.388184,-118.861397,-96.888092,1449.467651,-10.050185,-261.367493,1357.644043,13.34244,-361.289856,1370.754883,144.125641,-221.263489,1574.248901,129.752625,-212.611267,1518.579102,54.991756,-178.535385,1630.213013,95.175201,156.316299,1058.908081,130.978043,168.717606,1079.844971,-63.803612,-101.966034,1084.02356,-89.942665,-109.971199,1074.92627,118.820816
3.975,5.761663,1688.747925,-21.862707,2.877789,1669.647217,85.282417,-72.388443,1623.101074,5.087294,32.497169,1421.782837,-100.512344,88.717323,1248.518188,-121.182724,-22.220848,1246.301758,-128.764481,-8.230947,1342.956665,124.434166,181.25206,1331.450195,-92.880043,154.247223,1447.210205,18.57139,331.638214,1332.333862,58.714378,416.951416,1349.49292,154.096054,246.637131,1493.500732,281.829132,213.010056,1497.342407,193.411758,168.198746,1517.67627,297.382202,-98.970322,1324.188843,-118.318138,-97.090668,1450.402954,-9.694742,-261.842682,1359.086182,13.387948,-362.259277,1372.931641,143.743164,-221.754257,1576.165039,129.393112,-212.869812,1520.281616,54.672398,-178.755554,1632.03064,94.893097,155.138763,1058.764893,132.49884,169.000946,1081.046265,-61.960522,-101.889168,1085.291138,-89.471794,-110.402267,1074.940063,118.991478
3.983,5.845791,1689.600464,-21.574612,2.944536,1670.782349,85.506554,-72.489067,1624.137329,5.658126,31.988785,1422.471069,-100.388832,88.286469,1249.086914,-120.205032,-22.521931,1246.956787,-128.024323,-9.206297,1344.212158,125.125961,180.576172,1332.050781,-92.716644,153.687607,1448.160034,17.99173,332.329071,1333.436279,56.490871,418.580017,1352.175415,149.122177,255.181488,1504.478027,276.103973,220.305511,1507.410889,187.919937,177.708191,1532.133179,291.817413,-99.285088,1324.789795,-117.616142,-97.255653,1451.300537,-9.306828,-262.219269,1360.462158,13.411195,-362.952576,1374.90918,143.529892,-221.891724,1577.989014,129.083588,-213.132812,1522.015015,54.569557,-178.881775,1633.717896,94.697838,153.959763,1058.451416,134.083618,169.254974,1082.039673,-59.981514,-101.681145,1086.544189,-88.910324,-110.923515,1074.775391,119.305298
3.992,5.985915,1690.42981,-21.136305,2.954949,1671.66333,85.749252,-72.455399,1625.27356,5.336103,31.608465,1422.937622,-100.301865,87.925346,1249.515625,-119.131454,-22.774542,1247.473145,-127.202599,-10.033307,1345.453003,125.836029,179.973831,1332.401367,-92.631683,153.446869,1449.331543,16.995335,332.740875,1334.338867,54.685005,420.464203,1354.55249,145.50325,262.729797,1515.028687,269.793671,227.309738,1517.051758,181.783264,186.63472,1546.073608,285.294739,-99.565308,1325.486328,-117.032684,-97.384445,1452.088135,-9.023874,-262.51474,1361.659668,13.500401,-363.692871,1376.789307,143.064651,-222.18988,1579.477051,128.824478,-213.2901,1523.442261,54.362648,-179.076645,1635.119141,94.370918,152.624863,1058.207886,135.58992,169.201309,1082.899292,-57.713737,-101.592064,1087.621948,-88.31385,-111.299538,1074.68811,119.699524
4.0,6.031471,1691.317017,-21.015366,2.83708,1672.449829,86.048088,-72.466019,1626.243774,5.561913,31.207409,1423.401367,-100.321808,87.625481,1249.825317,-118.250793,-23.037588,1247.981567,-126.483231,-10.704784,1346.545166,126.535667,179.324387,1332.595093,-92.469292,153.196075,1450.379639,16.137026,333.076324,1335.147095,53.247456,421.770782,1356.973877,142.126801,269.831085,1525.125732,262.881653,233.838013,1526.187256,175.131714,195.036926,1559.625122,278.391083,-99.769867,1325.985107,-116.528404,-97.534309,1452.778076,-8.716464,-262.812256,1362.739136,13.7061,-364.20816,1378.290283,143.020691,-222.468689,1580.884888,128.654526,-213.347992,1524.827026,54.295273,-179.373291,1636.556763,94.11937,151.418579,1057.973755,137.091034,169.175659,1083.737305,-55.8974,-101.469612,1088.559082,-87.936096,-111.72303,1074.655151,120.134956
4.008,5.985904,1692.133301,-20.783222,2.810506,1673.055176,86.30146,-72.460098,1627.061035,5.908043,30.872015,1423.707397,-100.374512,87.368088,1250.094116,-117.373787,-23.278917,1248.322266,-125.813187,-11.398544,1347.702637,127.25164,178.79538,1332.785278,-92.365326,152.751419,1451.196289,15.456563,333.033905,1335.846191,51.973309,422.667877,1359.461182,138.838303,276.175598,1534.902832,255.683838,240.001968,1534.677246,167.967331,202.595703,1572.484009,270.238434,-99.975998,1326.38562,-116.142654,-97.683792,1453.380127,-8.586784,-263.050415,1363.620483,13.7939,-364.548187,1379.604126,143.14064,-222.733215,1582.089844,128.492569,-213.351044,1525.90918,54.292435,-179.649597,1637.714722,93.863213,150.286575,1057.91272,138.494446,169.225403,1084.355225,-54.255779,-101.397392,1089.474976,-87.489586,-112.245148,1074.553345,120.567482
4.017,5.975192,1692.715454,-20.517485,2.834056,1673.702881,86.60865,-72.542336,1627.646362,6.151636,30.587906,1423.947632,-100.473747,87.07383,1250.318726,-116.645737,-23.435135,1248.567383,-125.269058,-11.954208,1348.634277,127.861351,178.395477,1332.914185,-92.331276,152.243759,1451.994263,14.625777,333.167908,1336.628174,51.135818,423.394226,1361.88501,136.252609,281.710876,1544.12561,247.99144,245.506775,1542.601929,160.46286,209.65448,1584.726807,261.71347,-100.156975,1326.711914,-115.766441,-97.769554,1453.887207,-8.355739,-263.189331,1364.314209,14.051923,-364.763977,1380.902222,143.269104,-222.660019,1583.103638,128.566971,-213.322327,1526.720703,54.369793,-179.669586,1638.591309,93.771889,149.03067,1057.772583,139.787476,169.271561,1084.997681,-52.767017,-101.385094,1090.229858,-87.204056,-112.928421,1074.467163,120.804367
4.025,6.017448,1693.221069,-20.134619,2.836927,1674.171509,86.909935,-72.595146,1628.327148,6.37494,30.359165,1424.109741,-100.650558,86.932823,1250.460327,-115.963211,-23.556383,1248.810059,-124.815361,-12.488178,1349.672363,128.503998,178.124039,1332.965332,-92.288254,151.739151,1452.707642,13.689149,332.987854,1337.243652,50.515762,423.81015,1364.186157,133.959015,286.93988,1553.102539,240.269394,250.523834,1549.787964,152.663773,216.353302,1596.68457,253.608948,-100.266876,1326.988647,-115.443184,-97.863228,1454.353516,-8.118488,-263.303284,1365.060059,14.296376,-364.842865,1381.698975,143.64093,-222.630646,1583.868774,128.592117,-213.372986,1527.491821,54.659779,-179.582352,1639.442749,93.793083,148.104767,1057.755981,140.983597,169.223877,1085.675659,-51.462048,-101.268051,1090.869263,-86.814339,-113.947876,1074.381348,121.132912
4.033,6.015101,1693.651489,-19.815044,2.852011,1674.511841,87.249763,-72.627106,1628.822144,6.796265,30.145262,1424.203125,-100.876915,86.824471,1250.60791,-115.414139,-23.670692,1249.039307,-124.440254,-12.908875,1350.551514,129.016983,177.947433,1332.978638,-92.290024,151.578186,1453.412354,12.670377,332.824829,1337.843018,50.189342,424.206512,1366.494263,132.371826,291.58728,1561.642944,232.330032,255.079773,1556.363403,144.67688,222.156052,1607.997437,246.198486,-100.36644,1327.271729,-115.177803,-97.944038,1454.712158,-7.999084,-263.385651,1365.549805,14.677581,-364.831238,1382.371216,144.122925,-222.576187,1584.572388,128.734283,-213.273285,1528.110229,54.907597,-179.513519,1640.015137,93.814224,147.17189,1057.811279,141.963821,169.101364,1086.046631,-50.355373,-101.155632,1091.450317,-86.610649,-115.087608,1074.396362,121.479118
4.042,6.019791,1694.037598,-19.41494,2.861604,1674.758667,87.558815,-72.609695,1629.2146,7.174892,29.955156,1424.247681,-101.110161,86.694199,1250.687866,-115.006737,-23.755568,1249.189575,-124.161308,-13.320358,1351.520142,129.794189,177.85112,1332.946533,-92.324326,151.364822,1453.947632,11.644892,332.645874,1338.541138,50.021816,424.481934,1368.74231,130.964142,295.665009,1569.732788,224.365295,258.873505,1562.161377,136.657516,227.187668,1617.754028,235.905762,-100.505135,1327.515015,-114.826958,-98.04995,1455.035889,-7.89536,-263.442657,1365.94458,15.039697,-364.701385,1382.902954,144.671265,-222.426117,1585.025513,128.991516,-213.175247,1528.494385,55.102268,-179.449326,1640.432495,94.000191,146.38913,1058.013428,142.998657,168.934845,1086.333252,-49.34671,-101.143089,1091.904907,-86.41848,-116.371765,1074.549438,122.033058
4.05,6.107484,1694.498779,-19.004419,2.926742,1674.907959,87.974892,-72.591728,1629.493408,7.428379,29.786245,1424.236206,-101.361092,86.566872,1250.755859,-114.726257,-23.846901,1249.300659,-123.979057,-13.509828,1352.275269,130.445847,177.796875,1332.883545,-92.402847,151.070877,1454.325195,10.553843,332.574982,1339.38623,50.04113,424.612701,1370.946045,130.08519,299.085724,1577.314331,215.909821,262.106689,1567.119995,128.67099,231.464371,1627.25708,226.114563,-100.602943,1327.706665,-114.677261,-98.137444,1455.341431,-7.851243,-263.480927,1366.16272,15.531499,-364.520935,1383.308594,145.288376,-222.098709,1585.29248,129.378342,-213.06601,1528.754761,55.309338,-179.44516,1640.749878,94.121002,145.776459,1058.252197,143.828369,168.796188,1086.647583,-48.529076,-101.192757,1092.341553,-86.117752,-117.617729,1074.838501,122.74147
4.058,6.191443,1694.816895,-18.515423,2.979232,1674.950684,88.417358,-72.503304,1629.66272,7.660121,29.656603,1424.17395,-101.599571,86.48275,1250.712036,-114.485878,-23.9499,1249.366089,-123.889496,-13.618052,1352.933228,130.743057,177.813751,1332.80835,-92.530357,150.788559,1454.633057,9.531402,332.440338,1340.029175,50.115597,424.645477,1373.18396,129.506729,301.953278,1584.409668,207.370438,264.631378,1571.305664,120.699013,235.185074,1635.536987,214.29245,-100.76123,1327.861694,-114.601608,-98.242325,1455.504639,-7.779675,-263.517853,1366.326782,15.974103,-364.238464,1383.453369,145.969559,-221.715408,1585.406982,129.898636,-212.904068,1528.895142,55.795151,-179.144852,1640.825195,94.687202,145.21315,1058.612305,144.403839,168.619156,1086.909668,-47.971802,-101.25856,1092.622314,-85.966492,-118.638992,1075.14624,123.490242
4.067,6.326387,1695.048706,-17.947531,3.05551,1674.868286,88.90612,-72.387421,1629.776001,7.978744,29.475571,1424.051025,-101.90596,86.364212,1250.673706,-114.439049,-24.068542,1249.373169,-123.894897,-13.761223,1353.584595,130.915466,177.816986,1332.703491,-92.739059,150.53775,1454.912598,8.488953,332.267609,1340.705688,50.383736,423.836304,1374.244263,129.988739,304.247467,1591.048584,198.730392,266.651733,1574.821533,112.940331,238.049271,1642.59729,202.092316,-100.941162,1327.96814,-114.58242,-98.373177,1455.62793,-7.801672,-263.588531,1366.402466,16.47645,-363.818359,1383.441162,146.893982,-221.352539,1585.35022,130.483902,-212.643066,1528.945801,56.25808,-178.84317,1640.765747,95.209732,144.829651,1058.875732,144.886536,168.44455,1087.004028,-47.613861,-101.35656,1092.806519,-85.853714,-119.678024,1075.529419,124.139786
4.075,6.458492,1695.25061,-17.317776,3.193455,1674.692627,89.452538,-72.238609,1629.872803,8.368984,29.32041,1423.959595,-102.202347,86.222992,1250.610474,-114.523438,-24.212368,1249.333496,-123.969101,-13.820324,1354.113647,130.946518,177.833984,1332.589111,-93.036278,150.243607,1455.147583,7.414235,332.119293,1341.463501,50.785961,423.699707,1377.187744,129.41539,306.364502,1597.098633,190.505127,268.10791,1577.618896,105.405647,240.662872,1649.942627,192.606506,-101.153236,1328.043091,-114.608917,-98.490913,1455.678101,-7.828701,-263.584473,1366.376221,16.994965,-363.265442,1383.232178,147.85141,-220.892517,1585.161865,131.154037,-212.400681,1528.833862,56.82888,-178.395126,1640.599609,95.908279,144.518768,1059.094482,145.1306,168.25206,1087.004761,-47.353287,-101.500664,1092.867065,-85.73278,-120.4198,1076.007568,124.507721
4.083,6.666789,1695.455444,-16.64146,3.337358,1674.425781,90.066994,-72.043564,1629.8573,8.701086,29.174551,1423.835815,-102.5233,86.060287,1250.531738,-114.728806,-24.396147,1249.276855,-124.117668,-13.804536,1354.522339,130.880478,177.781586,1332.438599,-93.4319,149.904907,1455.210327,6.340527,331.910889,1342.16394,51.215164,423.037598,1379.106689,129.845764,307.762085,1602.38916,182.339066,268.78186,1579.609253,99.674736,242.558151,1656.109985,182.881195,-101.380341,1328.06311,-114.69487,-98.662148,1455.677002,-7.889641,-263.541534,1366.235962,17.520746,-362.569946,1382.935303,148.944489,-220.279236,1584.821533,131.956665,-212.044876,1528.626221,57.616104,-178.046524,1640.353882,96.5896,144.403732,1059.292114,145.260101,168.014664,1086.947754,-47.228352,-101.663185,1092.846802,-85.736618,-121.012939,1076.357544,124.662674
4.092,6.939776,1695.55481,-15.852917,3.516632,1674.071899,90.681946,-71.876472,1629.838745,9.167122,29.008131,1423.647095,-102.870186,85.793427,1250.415161,-115.140182,-24.650627,1249.166138,-124.368805,-13.657353,1354.906616,130.62471,177.7258,1332.293823,-93.860435,149.645889,1455.28479,5.361294,331.65686,1343.228149,51.61269,422.554443,1381.684204,130.146271,308.440308,1607.048096,174.414093,269.468109,1581.462646,91.439751,243.741028,1660.926758,172.586212,-101.63681,1327.99585,-114.815125,-98.756119,1455.596924,-7.966703,-263.494354,1366.020752,18.130796,-361.99469,1382.605713,149.811737,-219.638504,1584.311401,132.832474,-211.63237,1528.319702,58.4048,-177.724899,1640.043335,97.342712,144.372009,1059.412964,145.188126,167.819962,1086.78064,-47.29002,-101.873764,1092.730835,-85.810959,-121.343758,1076.641846,124.664238
4.1,7.151741,1695.584106,-15.050807,3.811362,1673.588867,91.367638,-71.701057,1629.776855,9.65261,28.819992,1423.454834,-103.293076,85.523643,1250.192139,-115.572174,-24.910898,1249.021362,-124.738914,-13.517274,1355.191162,130.420517,177.671219,1332.151855,-94.440475,149.315308,1455.285278,4.249722,331.359711,1344.160156,52.051155,421.787628,1383.78418,130.703033,308.763,1611.134766,167.094116,269.267578,1582.272705,86.572899,244.174347,1665.161255,162.978363,-101.929886,1327.876465,-115.000969,-98.901871,1455.445312,-8.104081,-263.422272,1365.729614,18.691332,-361.304749,1382.067627,150.788818,-218.820969,1583.799683,133.887741,-211.164536,1527.887085,59.26963,-177.279282,1639.632202,98.234825,144.347717,1059.472046,144.934036,167.58934,1086.531006,-47.514404,-102.117706,1092.496216,-85.926605,-121.538803,1076.882446,124.565704
4.108,7.367128,1695.560791,-14.209941,4.272585,1673.019165,92.143951,-71.446884,1629.601685,10.343128,28.5466,1423.215576,-103.827835,85.292061,1249.95752,-116.04921,-25.18701,1248.78418,-125.11544,-13.346235,1355.385986,130.178268,177.518387,1332.028564,-95.189384,148.882904,1455.190552,3.235155,330.963013,1345.189209,52.398766,420.92514,1385.888306,131.248993,308.156311,1614.410156,160.183319,268.856812,1582.778198,80.756592,243.635895,1668.531494,153.82019,-102.363144,1327.748169,-115.349533,-99.045242,1455.24353,-8.307926,-263.305756,1365.374268,19.210133,-360.094635,1381.564575,152.671143,-218.275635,1583.024658,134.857559,-210.599487,1527.355225,60.137901,-176.734222,1638.969238,99.314354,144.476257,1059.527832,144.635254,167.2939,1086.166992,-47.922615,-102.400909,1092.147339,-86.13269,-121.621407,1077.10498,124.440659
4.117,7.621807,1695.480591,-13.303375,4.731374,1672.352783,92.913773,-71.379929,1629.455078,12.00663,28.246521,1422.932617,-104.504921,85.016968,1249.776367,-116.721756,-25.552816,1248.491455,-125.556808,-13.134439,1355.503174,129.870972,177.283646,1331.766479,-95.992409,148.448853,1455.019287,2.27527,330.568665,1346.242188,52.661152,420.034729,1387.968506,131.821075,307.185944,1617.079468,153.876938,268.600616,1583.235718,73.396988,242.611038,1670.935303,145.423676,-102.701927,1327.505249,-115.695656,-99.209541,1454.93042,-8.466988,-263.100861,1364.826416,19.920904,-359.524261,1380.438232,153.111053,-217.276566,1582.285034,135.947372,-210.002594,1526.860474,61.094849,-175.959412,1638.430664,100.522453,144.593857,1059.590454,144.247681,167.018951,1085.725098,-48.369709,-102.712334,1091.713013,-86.402519,-121.615715,1077.253784,124.256477
4.125,7.898934,1695.3479,-12.338586,5.133972,1671.630127,93.735786,-71.163673,1629.249756,12.828759,27.868402,1422.538574,-105.183441,84.663841,1249.494141,-117.455093,-25.955242,1248.161133,-126.175629,-12.882419,1355.530396,129.534882,177.079605,1331.590332,-96.900612,148.000519,1454.791626,1.217506,330.175385,1347.289062,52.889988,419.058899,1389.895508,132.346619,305.499023,1619.047974,148.168854,267.348846,1582.815308,69.985954,240.839737,1672.336426,137.860779,-103.037407,1327.184937,-116.040688,-99.316338,1454.597168,-8.561946,-262.955139,1364.289917,20.54224,-358.694275,1379.699097,154.179993,-216.109161,1581.438354,137.205109,-209.391006,1526.280151,62.112404,-175.295242,1637.584595,101.55558,144.66362,1059.643188,143.77066,166.671066,1085.295044,-48.991207,-103.051514,1091.196045,-86.680374,-121.542877,1077.343384,123.975357
4.133,8.229869,1695.128906,-11.375152,5.480247,1670.799683,94.526588,-70.823692,1629.000854,13.437748,27.539791,1422.176514,-105.874718,84.247192,1249.126099,-118.319366,-26.335957,1247.704956,-126.790733,-12.602545,1355.455811,129.074432,176.814682,1331.271729,-97.857285,147.478104,1454.427246,0.082849,329.649811,1348.350586,52.831985,418.036346,1391.699341,132.725006,303.507202,1620.395142,142.884354,266.133362,1582.200562,65.377518,238.36116,1673.00354,130.968414,-103.426003,1326.862427,-116.412384,-99.395874,1454.169434,-8.756703,-262.796753,1363.697388,21.045574,-357.285522,1378.963013,156.19931,-215.288925,1580.396484,138.408508,-208.717361,1525.513794,63.119801,-174.698792,1636.814697,102.69487,144.710159,1059.708862,143.081589,166.226242,1084.824829,-49.849056,-103.364532,1090.598022,-87.077682,-121.355202,1077.299316,123.650032
4.142,8.521393,1694.786499,-10.396633,5.908621,1669.869263,95.320084,-70.508385,1628.567627,14.346678,27.180996,1421.776245,-106.762268,83.912682,1248.752319,-119.196243,-26.75341,1247.225586,-127.461151,-12.281976,1355.274292,128.50441,176.602173,1331.080811,-98.945854,147.042908,1454.102539,-0.965979,329.083649,1349.275269,52.72739,416.921814,1393.267822,133.170746,300.802979,1621.121094,138.650543,264.609436,1581.30249,61.320274,235.265182,1672.889771,124.888161,-103.823608,1326.457764,-116.856445,-99.563759,1453.67041,-9.086611,-262.622223,1362.995483,21.533312,-356.258636,1377.757935,157.384689,-214.217728,1579.380981,139.60173,-208.179794,1524.74353,64.004379,-173.800888,1635.91333,104.210632,144.687027,1059.857422,142.234009,165.824478,1084.072632,-50.667259,-103.745285,1089.973267,-87.46933,-121.130867,1077.147095,123.164291
4.15,8.90106,1694.476318,-9.360799,6.459015,1668.97998,96.242767,-70.218132,1628.177612,15.521496,26.74992,1421.2771,-107.634926,83.592361,1248.351685,-120.067955,-27.118134,1246.69165,-128.139603,-11.92808,1354.989136,127.798973,176.282425,1330.70813,-100.055077,146.514496,1453.653198,-2.389394,328.516663,1350.099854,52.554295,415.953644,1394.817383,133.412399,297.676361,1621.315186,134.85231,263.283417,1580.320923,55.843414,231.608231,1672.253174,119.720749,-104.273544,1326.074585,-117.38958,-99.901665,1453.170654,-9.776287,-262.480438,1362.133911,22.042246,-355.147949,1376.573975,158.587936,-213.115387,1578.248047,140.829666,-207.61734,1524.001465,64.950653,-173.004944,1634.926392,105.358826,144.623871,1060.016235,141.254791,165.518723,1083.422729,-51.684284,-104.194489,1089.203979,-87.924789,-120.904236,1076.820801,122.573822
4.158,9.258422,1694.146729,-8.310287,7.094671,1667.85022,97.155884,-69.92112,1627.624146,16.687162,26.330261,1420.773438,-108.569557,83.146172,1247.872803,-121.0793,-27.5569,1246.187866,-128.893478,-11.648884,1354.657715,127.232361,176.036194,1330.296387,-101.198524,146.035156,1453.102539,-3.643532,327.967072,1350.449585,52.519878,414.861877,1396.068848,133.643097,294.175812,1621.009766,131.47113,260.977448,1578.605835,54.18998,227.621719,1670.885498,115.12413,-104.684189,1325.671021,-118.021278,-100.077293,1452.584473,-10.18589,-262.30072,1361.295776,22.566668,-353.977081,1375.325928,159.903107,-212.45282,1576.886108,142.010239,-207.060074,1523.191406,65.871262,-172.388763,1633.963257,106.604523,144.509506,1060.172363,140.134064,164.981613,1082.655273,-52.793053,-104.634491,1088.421509,-88.364616,-120.711861,1076.479004,122.102684
4.167,9.673469,1693.752319,-7.259235,7.592861,1666.667236,97.954285,-69.66935,1627.064087,17.49621,25.983664,1420.256836,-109.395416,82.715042,1247.35376,-122.22522,-28.003784,1245.592529,-129.738388,-11.373375,1354.234619,126.604332,175.788269,1329.75769,-102.423042,145.53595,1452.509155,-4.875095,327.472198,1350.968628,52.051758,413.711945,1397.115967,133.733063,290.521881,1620.260498,128.614502,259.068451,1577.105225,49.730331,223.377472,1668.988037,111.35997,-105.106949,1324.961548,-118.522102,-100.254456,1451.940186,-10.582469,-262.154694,1360.482788,23.039663,-352.740112,1373.840576,161.34874,-211.108566,1575.770996,143.334381,-206.850098,1522.664917,66.854454,-171.512344,1632.680908,107.933693,144.40358,1060.314575,138.967987,164.514313,1081.803345,-54.082043,-105.042763,1087.58374,-88.967041,-120.466148,1075.984131,121.564705
4.175,10.020871,1693.234741,-6.256642,8.047165,1665.432861,98.775139,-69.31871,1626.437378,18.267187,25.505829,1419.571289,-110.397385,82.366043,1246.741821,-123.215515,-28.44269,1245.006348,-130.581909,-11.072338,1353.69165,125.923347,175.511047,1329.26709,-103.67701,144.972778,1451.817749,-6.161424,327.005371,1351.224731,51.286842,412.709778,1397.954468,133.653824,286.700928,1618.996338,126.363594,256.16925,1574.768921,49.026646,218.936218,1666.583374,108.276947,-105.508026,1324.371826,-119.007202,-100.491623,1451.157715,-11.009724,-262.023956,1359.512329,23.493582,-351.471832,1372.309082,162.627335,-210.378952,1574.209229,144.509247,-206.240997,1521.678955,67.826256,-170.843964,1631.564453,109.247643,144.326187,1060.4375,137.657883,164.076355,1080.949829,-55.251381,-105.51738,1086.565308,-89.62841,-120.214462,1075.387573,121.02668
4.183,10.408784,1692.605957,-5.283266,8.587687,1663.993286,99.626122,-68.928505,1625.62561,18.676453,25.074486,1418.881592,-111.375153,81.95134,1246.057373,-124.398666,-28.916502,1244.285889,-131.414124,-10.899473,1353.106934,125.276329,175.204971,1328.710693,-104.91832,144.411133,1451.001587,-7.351233,326.54715,1351.288452,50.535133,411.660065,1398.628784,133.474808,282.906219,1617.63208,124.442924,253.688904,1572.670044,45.674522,214.439072,1663.765747,105.880898,-105.995499,1323.756104,-119.582336,-100.717514,1450.407837,-11.446832,-261.935486,1358.374878,23.974277,-350.133453,1370.554199,164.158005,-209.262878,1572.928223,145.856903,-205.733887,1520.629639,68.703453,-170.455078,1630.1427,110.347961,144.289932,1060.484497,136.296982,163.48143,1079.894897,-56.782448,-105.916336,1085.515869,-90.213837,-119.88942,1074.786743,120.419289
4.192,10.737539,1691.881714,-4.295103,9.258345,1662.687744,100.426514,-68.388077,1624.62854,19.93194,24.707005,1418.211426,-112.257805,81.530952,1245.291992,-125.565201,-29.390886,1243.474121,-132.265137,-10.74573,1352.403931,124.665047,174.871979,1327.945801,-106.198303,143.795517,1450.088257,-8.57815,326.237854,1351.212036,49.692219,410.631927,1399.049438,133.239792,279.014496,1615.787231,122.799194,250.519104,1570.019653,45.648876,209.97847,1660.858521,104.746101,-106.585564,1323.123901,-120.345642,-100.930412,1449.539673,-11.885386,-261.909454,1357.298706,24.423119,-348.880341,1368.76709,165.567017,-208.423172,1571.208252,147.05426,-205.274185,1519.395996,69.719505,-169.740555,1628.856934,111.928337,144.343781,1060.333862,135.049667,162.961166,1078.891968,-58.128948,-106.402557,1084.410156,-90.831291,-119.664307,1074.05603,119.706261
4.2,11.271822,1691.08728,-3.329144,9.755642,1660.993652,101.119614,-68.053505,1623.710205,20.722458,24.277096,1417.390381,-113.196304,81.178146,1244.46814,-126.71946,-29.905216,1242.659424,-133.127762,-10.608646,1351.437012,123.772064,174.588501,1327.159058,-107.498192,143.200867,1449.106323,-9.835342,325.797852,1350.955933,48.780132,409.785187,1399.214111,132.831558,275.218475,1613.669556,121.624809,247.422653,1567.290894,44.623753,205.276413,1657.380493,103.837189,-107.010742,1322.311035,-121.031471,-101.267296,1448.578491,-12.332513,-261.842529,1356.019165,24.896082,-347.411224,1366.68811,167.214157,-207.461426,1569.55957,148.36554,-204.776031,1518.026001,70.736542,-169.002319,1627.074219,113.137383,144.42955,1060.029419,133.686966,162.459976,1077.714355,-59.751667,-106.918228,1083.138062,-91.479042,-119.485329,1073.305664,119.123756
4.208,11.651381,1690.202271,-2.429273,10.20437,1659.581055,101.831459,-67.735229,1622.570068,21.365431,23.811258,1416.531372,-114.096802,80.711105,1243.624634,-127.912758,-30.4424,1241.90332,-134.006897,-10.496373,1350.467773,123.087936,174.165665,1326.213867,-108.779831,142.775391,1448.161987,-11.022891,325.345795,1350.452393,47.753628,408.932312,1399.101074,132.296127,271.436768,1611.365112,120.982552,244.291489,1564.517334,43.900368,200.830933,1653.721558,103.267059,-107.496391,1321.556641,-121.576202,-101.658119,1447.525146,-12.799891,-261.815582,1354.661865,25.551687,-346.004883,1364.403076,168.725586,-206.596237,1567.608887,149.761688,-204.366058,1516.459229,71.817932,-168.454041,1625.293091,114.328415,144.619064,1059.645874,132.203857,161.930618,1076.539917,-61.363987,-107.44162,1081.886963,-92.264626,-119.388046,1072.496216,118.354881
4.217,11.891961,1689.196411,-1.563136,10.696742,1657.837769,102.525642,-67.439354,1621.284058,22.082676,23.447351,1415.532104,-115.017609,80.171104,1242.585571,-129.14566,-30.940344,1240.918213,-134.913559,-10.375049,1349.375977,122.422852,173.862381,1325.275513,-110.119804,142.223618,1446.994873,-12.314125,324.948151,1349.87439,46.629539,408.114349,1398.692261,131.489594,267.758484,1608.823486,120.686188,241.199295,1561.529663,43.621941,196.20282,1649.755981,103.63942,-107.981201,1320.554077,-122.270836,-102.026794,1446.38623,-13.24659,-261.830261,1353.236328,25.947414,-344.419617,1361.925781,170.555527,-205.677353,1565.414429,151.112625,-204.021332,1514.63855,73.094131,-167.911453,1623.250488,115.89315,144.808456,1059.244263,130.674683,161.402527,1075.177002,-63.127384,-107.934433,1080.511475,-93.023666,-119.329628,1071.726929,117.625343
4.225,12.014606,1688.346924,-0.835817,11.291416,1656.283203,103.183311,-66.859444,1620.05188,23.498575,23.045767,1414.483154,-115.82402,79.789268,1241.498779,-130.296814,-31.444733,1239.950562,-135.831787,-10.209762,1348.275635,121.622986,173.448746,1324.215332,-111.388367,141.74794,1445.753784,-13.384025,324.502075,1349.122192,45.610405,407.501648,1397.939697,130.87381,264.210083,1606.034668,120.909119,238.110764,1558.629639,43.692093,191.887756,1645.619385,104.303703,-108.59079,1319.671143,-123.038231,-102.436935,1445.228394,-13.566839,-261.907074,1351.608032,26.553944,-343.102844,1359.234009,171.970001,-204.496643,1563.174561,152.771759,-203.713135,1512.758057,74.178841,-167.1427,1621.084717,117.794662,145.091461,1058.878296,129.190994,160.716324,1073.816162,-65.01725,-108.420685,1079.064819,-93.878357,-119.327255,1070.807495,116.930054
4.233,11.655283,1687.317383,-0.022302,11.605888,1654.50293,103.634544,-66.421379,1618.62439,24.773087,22.534391,1413.374878,-116.740898,79.158623,1240.446899,-131.592834,-31.97761,1238.856934,-136.768524,-10.125785,1346.958618,120.883286,173.035034,1322.993286,-112.634773,141.263351,1444.498779,-14.596553,324.029205,1348.235352,44.41967,406.98642,1396.91687,130.060776,261.023468,1602.914917,121.560928,235.25029,1555.751099,44.094566,187.879517,1641.151367,106.106155,-109.169136,1318.590942,-123.510628,-102.992783,1443.854614,-13.862542,-261.860474,1349.792114,27.136555,-341.475128,1356.085693,173.735962,-203.449356,1560.360474,154.329636,-203.542191,1510.643433,75.58667,-165.969604,1618.047852,119.230156,145.444382,1058.204224,127.577606,160.146774,1072.416626,-66.954994,-108.899002,1077.607178,-94.766907,-119.359482,1069.768921,116.201332
4.242,11.230267,1686.181763,0.730657,11.707734,1652.739136,104.093521,-66.040291,1617.198975,26.463848,22.116863,1412.130005,-117.552689,78.660614,1239.200928,-132.695496,-32.569172,1237.745117,-137.667358,-10.127915,1345.481079,120.136024,172.607422,1321.778931,-113.919487,140.82547,1443.124634,-15.709492,323.653961,1347.122803,43.288651,406.565948,1395.555176,129.014969,257.891296,1599.391235,123.004753,232.812668,1553.136963,44.791454,184.064102,1636.485718,108.447395,-109.717522,1317.402832,-124.140259,-103.573402,1442.500488,-14.220886,-261.922119,1347.921021,27.757675,-339.924988,1352.887329,175.297806,-202.27478,1557.219482,156.244431,-203.527878,1508.454712,76.896118,-164.544434,1615.019531,121.643272,145.924561,1057.467773,126.024353,159.484634,1070.945923,-68.896736,-109.550293,1075.942261,-95.637764,-119.423012,1068.636841,115.373314
4.25,10.804776,1685.133301,1.310219,11.69873,1651.064453,104.489487,-66.239937,1615.684204,26.849834,21.605677,1410.7854,-118.416023,78.056862,1237.907715,-134.008728,-33.25668,1236.534546,-138.559021,-10.229266,1344.29248,119.590439,172.102066,1320.416626,-115.185799,140.448593,1441.666382,-16.732754,323.296051,1345.738037,41.991772,406.176147,1393.74707,128.223572,255.120926,1595.762817,125.069305,231.374008,1551.336182,45.469753,181.492294,1632.829834,110.982384,-110.326653,1316.192017,-124.692413,-104.125526,1440.947876,-14.475385,-261.769135,1345.712524,28.51403,-338.419067,1349.245483,176.619324,-201.176132,1553.432129,158.262756,-203.797836,1506.450195,77.900398,-163.065323,1611.558716,124.491394,146.278885,1056.69043,124.331841,158.908066,1069.304932,-71.19117,-110.084885,1074.302856,-96.560951,-119.50956,1067.627563,114.655098
4.258,10.3339,1683.875977,1.840809,11.581992,1649.037842,104.822998,-66.550148,1614.061401,27.546251,21.106705,1409.469482,-119.150261,77.485687,1236.559692,-135.12886,-33.903091,1235.219116,-139.327515,-10.288418,1342.735229,118.754051,171.645981,1318.988037,-116.468155,140.21962,1440.2146,-17.857117,322.835358,1344.263794,40.462948,405.730804,1391.808105,127.14505,253.112579,1592.041382,127.301964,230.564087,1549.973389,46.285221,179.762543,1629.748657,113.475487,-111.05336,1314.78125,-125.24527,-104.713776,1439.421997,-14.828401,-261.681091,1343.386841,29.119362,-336.868378,1345.428955,178.016571,-199.718781,1549.494751,160.749832,-204.225113,1504.174072,79.395515,-161.572342,1607.781738,127.547173,146.773422,1055.862427,122.570969,158.245316,1067.619385,-73.432396,-110.682045,1072.640015,-97.583969,-119.625557,1066.368774,113.880646
4.267,9.785591,1682.540039,2.375406,11.568605,1647.182739,105.092758,-66.747215,1612.342163,28.39415,20.570145,1407.90625,-119.945015,76.89257,1235.028442,-136.347687,-34.54969,1233.831055,-140.149139,-10.340997,1341.127319,118.122078,171.109039,1317.588623,-117.790039,139.985336,1438.656128,-18.797173,322.606903,1342.280762,39.241611,405.208252,1389.37439,126.4049,251.733932,1588.976196,129.248352,230.842606,1549.231445,45.841473,178.606323,1627.035889,115.711494,-111.712234,1313.351562,-125.695122,-105.286903,1437.655762,-14.977726,-261.556763,1340.94812,29.88698,-335.294617,1341.018188,179.401703,-198.262131,1545.31897,163.54715,-204.981796,1501.839111,81.311188,-159.855148,1603.809082,131.029221,147.187698,1055.100708,120.78405,157.555603,1065.835205,-75.67981,-111.216179,1070.896118,-98.66922,-119.754585,1065.025635,113.064842
4.275,9.37254,1681.214966,2.891676,11.433777,1645.118164,105.41478,-67.143295,1610.689209,29.43766,19.876959,1406.454712,-120.621521,76.208008,1233.584473,-137.445435,-35.176075,1232.376587,-140.909729,-10.329357,1339.478516,117.382927,170.576355,1316.017578,-119.084717,139.836212,1437.155884,-19.966412,322.277008,1340.288818,37.789761,404.604858,1386.578247,125.923645,250.93576,1586.285034,131.166626,231.331863,1548.460571,47.869701,177.6875,1624.306152,116.884041,-112.399063,1311.821045,-126.075226,-105.962448,1435.939941,-15.238591,-261.437317,1338.355591,30.578588,-333.952637,1336.558105,180.521118,-197.071106,1540.786133,166.539383,-205.703354,1499.54248,83.306099,-158.031464,1599.678467,135.02951,147.53157,1054.364624,118.899246,156.913559,1063.88916,-77.92614,-111.826668,1069.220703,-99.679253,-119.951515,1063.762695,112.353661
4.283,9.045293,1679.841064,3.475944,11.309673,1643.046753,105.641197,-66.534515,1609.547729,32.621834,19.370079,1404.852783,-121.187935,75.523949,1232.026489,-138.709076,-35.86396,1230.789795,-141.702133,-10.363626,1337.758179,116.852318,169.982132,1314.470947,-120.407013,139.745728,1435.635132,-21.039553,322.03067,1337.981689,36.620735,403.817108,1383.745117,125.558403,250.712067,1583.89502,132.700012,232.151779,1547.818726,48.225784,177.607681,1622.218018,118.029686,-113.101631,1310.206177,-126.522911,-106.695778,1434.112061,-15.17662,-261.263489,1335.621094,31.301092,-332.394867,1331.651245,182.002121,-195.732529,1536.270996,170.065247,-206.48703,1497.208374,85.89344,-156.306076,1595.289307,139.164764,147.835419,1053.648193,116.901558,156.248657,1061.968872,-80.327065,-112.315445,1067.407227,-100.698036,-120.079559,1062.447754,111.631821
4.292,8.871308,1678.547241,3.993495,11.301451,1641.15918,105.828285,-67.57959,1607.896973,31.747837,18.64892,1403.21167,-121.799446,74.9561,1230.494873,-139.882553,-36.650555,1229.221924,-142.403107,-10.466146,1335.959229,116.06823,169.493118,1312.962402,-121.752129,139.662704,1433.967651,-21.962107,321.63855,1335.493164,35.426247,402.817719,1380.703003,125.400154,250.939697,1581.872681,133.79332,233.303909,1546.998779,47.451557,177.882156,1620.483765,119.246391,-113.949425,1308.712036,-126.944466,-107.467041,1432.327515,-15.258549,-261.049866,1332.638428,32.05909,-330.93277,1326.660278,182.832657,-194.355362,1531.549561,173.889297,-207.231506,1494.636719,88.975174,-154.421631,1590.980713,143.713547,148.014648,1052.877808,114.972404,155.622574,1059.961548,-82.392815,-112.818878,1065.743408,-101.662491,-120.174202,1061.237061,110.969414
4.3,8.698971,1677.178589,4.46689,11.152198,1639.046997,106.107628,-70.511581,1606.866699,26.588675,18.052526,1401.650269,-122.319572,74.198395,1228.919556,-141.049179,-37.327232,1227.563232,-143.087036,-10.506001,1334.125122,115.486259,168.867523,1311.424316,-123.057854,139.711823,1432.444092,-23.012001,321.320404,1332.963135,34.496765,401.705963,1377.575195,125.15567,251.448334,1579.970581,134.397827,233.841843,1545.667969,47.76313,178.719101,1619.041626,119.826035,-114.646484,1306.97937,-127.332512,-108.514626,1430.465576,-15.330721,-260.781006,1329.446045,33.027344,-329.559021,1321.234497,184.026291,-193.059128,1526.786865,178.008102,-207.80101,1491.952026,92.587738,-153.086243,1586.668457,148.402878,148.226578,1051.929443,113.1754,154.930481,1058.030151,-84.468117,-113.36911,1064.137451,-102.738342,-120.339928,1059.901123,110.376572
4.308,8.746176,1676.040771,5.002008,11.023074,1637.058716,106.289131,-71.134521,1606.005127,23.834972,17.384516,1400.047363,-122.799728,73.610718,1227.338501,-142.140259,-38.103127,1225.925415,-143.867859,-10.494949,1332.310547,114.82653,168.396484,1309.865967,-124.323944,139.690231,1430.787354,-23.946999,320.821228,1330.307007,33.721081,400.763824,1374.681763,125.191986,252.129349,1578.090698,134.427811,233.807999,1543.912842,49.020336,179.54361,1617.808594,119.971832,-115.360474,1305.375244,-127.510544,-109.410255,1428.717163,-15.266644,-260.615387,1326.085815,33.869045,-328.008636,1315.660156,185.347702,-192.226608,1521.811523,182.219238,-208.064743,1489.112793,96.530426,-151.985062,1582.537109,153.416809,148.507004,1050.88147,111.464851,154.230255,1056.062622,-86.379547,-113.788155,1062.580811,-103.622177,-120.462532,1058.559448,109.697586
4.317,8.749768,1674.792725,5.510265,11.045629,1635.193237,106.525879,-71.379692,1605.395874,22.470713,16.728296,1398.592163,-123.261353,72.81115,1225.871338,-143.361679,-38.692894,1224.387451,-144.481689,-10.423635,1330.369507,114.031738,167.823364,1308.299561,-125.578285,139.832291,1429.251343,-24.900661,320.224731,1327.660645,33.060078,399.803802,1371.850098,125.014618,252.786163,1576.537231,134.105576,233.925629,1542.104858,47.87711,180.380905,1616.784912,119.730156,-116.008392,1303.88147,-127.79361,-110.505089,1426.923706,-14.990199,-260.457001,1322.515625,34.796131,-326.438995,1309.845825,186.611237,-190.842087,1516.876587,187.059937,-207.923157,1485.929443,101.004951,-151.399399,1578.57373,159.039429,148.761368,1049.785767,109.768379,153.486984,1054.233154,-88.238556,-114.29052,1060.984253,-104.500603,-120.505478,1057.217529,109.122002
4.325,8.94206,1673.673462,5.968114,11.137774,1633.244629,106.815498,-71.293381,1604.230225,21.862217,16.147844,1397.114258,-123.575958,72.193985,1224.380249,-144.271729,-39.475594,1222.886353,-145.200058,-10.443979,1328.484619,113.318604,167.359512,1306.798584,-126.756668,139.917358,1427.691162,-25.846354,319.47876,1325.244019,32.712444,398.812347,1369.128906,124.824539,253.098541,1574.787109,133.613708,233.825577,1540.092529,47.55294,181.156204,1615.420532,118.995193,-116.706078,1302.434082,-127.99704,-111.602882,1425.176392,-14.626467,-260.228394,1318.788208,35.693699,-324.993103,1303.913452,187.321655,-189.694717,1511.622803,192.378494,-207.356216,1482.569458,105.674301,-150.755096,1574.555054,165.388199,149.117004,1048.754517,108.251511,152.776016,1052.424683,-89.907837,-114.923439,1059.568604,-105.22683,-120.497932,1055.89917,108.615738
4.333,9.214314,1672.591187,6.401772,11.312267,1631.515137,106.960022,-71.110489,1603.142334,21.696218,15.525457,1395.708618,-123.865105,71.497284,1223.019897,-145.332047,-40.262959,1221.560669,-145.824738,-10.365993,1326.614502,112.676552,166.955261,1305.416504,-127.91008,139.97258,1426.280762,-26.797226,318.855591,1323.039551,32.470238,397.890076,1366.715942,124.58947,253.344864,1572.999512,132.882599,233.86351,1537.954224,47.034657,181.602478,1614.048462,118.326622,-117.42572,1301.145264,-128.177719,-112.859001,1423.618286,-14.137395,-260.006744,1315.134277,36.645206,-323.66864,1298.533569,187.846268,-188.320343,1506.109253,197.998123,-206.441696,1478.88208,111.015945,-150.392975,1570.376343,172.163452,149.389297,1047.630127,106.761971,151.718872,1051.005981,-91.615005,-115.43293,1058.056274,-105.992577,-120.541641,1054.623901,108.227402
4.342,9.546227,1671.60022,6.87241,11.445286,1629.843262,107.104889,-70.862114,1602.154053,21.849354,14.968076,1394.473022,-124.004166,70.864197,1221.866821,-146.341568,-40.926559,1220.220215,-146.480988,-10.49123,1324.8927,112.209564,166.543747,1304.067505,-128.958755,140.027313,1424.979736,-27.732847,318.016571,1321.074341,32.18948,397.276978,1364.427368,124.334366,253.402649,1571.105103,131.963608,233.794327,1535.844238,46.26992,182.03894,1612.927734,118.369858,-118.041931,1299.996948,-128.261902,-114.35968,1422.532837,-15.221409,-259.686981,1311.486938,37.719963,-322.286896,1291.977417,188.184265,-186.725677,1500.23584,204.001465,-205.348419,1475.420288,115.920631,-149.896744,1566.079346,179.700409,149.513123,1046.532837,105.483673,150.992416,1049.615356,-93.032043,-116.033524,1056.713013,-106.70533,-120.611267,1053.416992,107.801331
4.35,9.967009,1670.72876,7.198659,11.688428,1628.381226,107.197838,-70.579391,1601.279785,21.710728,14.444425,1393.210205,-124.102821,70.296959,1220.631226,-147.19342,-41.574589,1219.189331,-147.101974,-10.424178,1323.149658,111.524345,166.17897,1302.900146,-130.037491,140.108032,1423.818604,-28.498604,317.201813,1319.395386,31.919975,396.790924,1362.561401,123.672905,253.347961,1569.294556,131.251495,233.524261,1534.283936,45.385395,181.616425,1610.665405,116.407356,-118.649696,1299.01062,-128.38382,-115.370041,1420.755615,-12.966634,-259.318054,1307.871948,38.579926,-320.452545,1285.644897,189.319931,-185.13826,1493.987183,210.402924,-204.216354,1472.173706,121.68351,-149.361069,1561.424316,188.046814,149.637817,1045.463257,104.247772,150.231873,1048.358887,-94.550514,-116.725594,1055.436401,-107.240685,-120.593903,1052.088257,107.494453
4.358,10.569876,1669.949097,7.482832,11.870369,1627.065796,107.185822,-70.246574,1600.571411,21.368158,13.861382,1392.23938,-124.121765,69.644852,1219.745117,-148.055176,-42.202587,1218.201294,-147.58638,-10.510381,1321.60437,111.261673,165.776627,1301.841309,-131.008423,140.052429,1422.760986,-29.351706,316.347961,1317.655273,31.642948,396.407227,1360.719971,123.150467,252.98175,1567.414307,130.509644,233.620468,1532.866455,44.34198,181.557053,1609.06604,115.732361,-119.266045,1298.198608,-128.286331,-116.590034,1419.451416,-11.938296,-259.039246,1304.524902,39.576664,-318.595886,1279.253662,190.076935,-183.216003,1487.36792,217.239227,-202.74411,1468.947388,127.393021,-148.546417,1556.376953,197.001999,149.685135,1044.461548,103.255844,149.611435,1047.255249,-95.803413,-117.558395,1054.356812,-107.823494,-120.569519,1050.990479,107.235291
4.367,11.059526,1669.370972,7.662516,12.254375,1625.989624,107.239899,-69.882256,1600.109253,21.225475,13.33604,1391.390259,-124.142387,69.057823,1218.96936,-148.809845,-42.942791,1217.537964,-148.16394,-10.392736,1320.032715,110.755119,165.372406,1301.029907,-131.908813,140.036728,1421.969116,-30.092392,315.663757,1316.255981,31.220818,396.167206,1359.329224,122.37838,252.91214,1565.842285,129.790771,233.68541,1531.75415,43.563232,181.395294,1607.712158,115.252235,-119.855034,1297.607788,-128.255936,-117.735016,1418.250732,-11.060034,-258.550629,1301.065186,40.493721,-316.524323,1273.238281,191.38707,-180.856689,1480.4729,224.035767,-201.590363,1465.834106,133.802292,-147.231247,1550.795166,206.71431,149.677643,1043.514648,102.359055,149.027969,1046.388916,-97.037697,-118.220169,1053.425049,-108.387833,-120.488037,1049.962769,106.851753
4.375,11.425929,1668.863647,7.80967,12.614519,1625.117798,107.191704,-69.436768,1599.878174,20.908339,12.711814,1390.942993,-124.306068,68.389191,1218.396729,-149.627838,-43.522327,1217.009155,-148.585098,-10.250708,1318.646484,110.378143,164.962906,1300.347412,-132.835693,139.896011,1421.251099,-30.808372,314.981476,1315.025391,30.532875,395.954285,1357.921753,121.535439,252.613998,1564.423828,129.20871,233.809479,1530.907227,42.556702,181.308563,1606.188599,114.65023,-120.438789,1297.17334,-128.120239,-118.919662,1417.13208,-9.897728,-258.120087,1298.093628,41.456924,-314.356415,1267.433716,191.387436,-177.952744,1473.251465,231.364258,-200.293594,1462.885254,140.689423,-145.486084,1544.880615,217.094086,149.559494,1042.726685,101.634621,148.389191,1045.763428,-98.08419,-118.966934,1052.678467,-108.880905,-120.481682,1049.115723,106.616096
4.383,11.835522,1668.585693,7.940095,13.078173,1624.564453,107.096947,-68.720917,1599.579834,22.092518,12.010388,1390.759155,-124.576225,67.812927,1218.015015,-150.291183,-44.123291,1216.639404,-149.057755,-10.182282,1317.379761,110.141548,164.440063,1299.846558,-133.680389,139.773941,1420.724243,-31.469587,314.607239,1314.097412,29.608648,395.704742,1356.836304,120.531738,252.553726,1563.204346,128.625137,233.643372,1530.162842,42.557537,181.499237,1605.293457,114.305435,-121.125061,1296.827026,-128.158005,-119.908409,1416.317749,-8.7466,-257.738159,1295.16333,42.376377,-312.282898,1261.141357,191.990646,-174.991196,1465.713379,238.986786,-198.978256,1459.893188,147.893143,-143.438156,1538.097412,227.837555,149.347946,1042.02124,101.081497,147.955261,1045.282593,-98.997337,-119.798195,1052.30249,-109.34008,-120.495171,1048.398315,106.209221
4.392,12.241365,1668.456299,7.918141,13.607454,1624.239258,107.015816,-68.854645,1599.605103,21.197237,11.290367,1390.760742,-124.809006,67.222763,1217.828857,-150.923386,-44.783634,1216.541382,-149.527145,-10.087079,1316.352783,109.741119,163.931488,1299.649658,-134.50444,139.647675,1420.395752,-32.078148,314.445312,1313.173706,28.564957,395.614258,1355.954956,119.448677,252.584961,1562.399048,128.084915,234.024216,1529.979126,40.998508,181.608063,1604.460571,113.855522,-121.648155,1296.784302,-128.002411,-120.920975,1415.595947,-7.530923,-257.352844,1292.330688,43.103348,-309.990326,1254.812256,192.867065,-172.07225,1457.905029,246.81636,-197.434479,1456.902832,155.937958,-140.987915,1531.019043,238.640396,148.958832,1041.434082,100.510124,147.480484,1044.986694,-99.768776,-120.623466,1052.111938,-109.754189,-120.561058,1048.003052,105.889008
4.4,12.620813,1668.519531,7.854828,14.23091,1624.192505,106.945297,-68.578796,1599.830566,20.994263,10.660476,1390.925293,-124.900467,66.609795,1217.83606,-151.458374,-45.42152,1216.642578,-149.875031,-10.005404,1315.62439,109.639191,163.362823,1299.626831,-135.255951,139.498001,1420.286621,-32.530952,314.438324,1312.653564,27.286806,395.685608,1355.2677,118.297043,252.759842,1561.806274,127.755646,234.35965,1529.748779,40.342747,181.780365,1603.953491,113.453354,-122.289345,1297.001709,-127.721962,-121.890182,1414.922241,-6.215906,-256.855621,1289.754761,44.112511,-307.277832,1249.389038,193.271149,-169.058792,1449.837036,254.85965,-195.752762,1453.942749,164.377228,-138.235413,1523.298828,250.274689,148.554855,1041.096558,100.014008,146.983337,1044.953979,-100.459145,-121.349075,1052.197388,-110.133316,-120.683197,1047.873047,105.523476
4.408,13.052295,1668.750488,7.737739,14.732676,1624.293701,106.820076,-68.160873,1600.054321,21.671858,9.987666,1391.243774,-124.896988,65.871391,1218.081055,-152.067886,-46.035835,1216.939087,-150.057526,-9.914992,1315.060913,109.511139,162.714859,1299.829834,-136.001633,139.331589,1420.382812,-32.998569,314.468018,1312.456787,25.934486,395.790588,1354.899536,117.155548,252.990128,1561.498291,127.438843,234.896988,1529.9375,39.918003,182.048218,1603.757935,113.282616,-122.930466,1297.394775,-127.460327,-122.850861,1414.437378,-4.799175,-255.811417,1287.105957,45.361179,-304.591492,1243.487427,193.77034,-165.725632,1441.637329,262.979279,-193.65802,1450.420654,173.157578,-135.120911,1515.120361,262.101166,148.161285,1040.926147,99.578331,146.568802,1045.09082,-100.9076,-122.031754,1052.528687,-110.510704,-120.865532,1048.006226,105.184944
4.417,13.457254,1669.170898,7.524119,15.174678,1624.560425,106.620964,-67.966934,1600.602539,21.514288,9.227324,1391.79248,-124.784286,65.243874,1218.519287,-152.540649,-46.773552,1217.522583,-150.344635,-9.805429,1314.727783,109.495491,162.035477,1300.283569,-136.722046,139.140762,1420.641602,-33.365887,314.587341,1312.512451,24.595076,395.91861,1354.692993,115.989883,253.303497,1561.409668,127.138527,235.066818,1530.212402,39.405159,182.315186,1603.780029,113.244347,-123.5467,1297.914185,-127.115891,-123.775429,1414.161621,-3.263414,-255.969437,1285.506104,46.298244,-301.817078,1237.793091,194.451553,-162.385452,1433.252075,271.463409,-191.083344,1446.822876,182.379089,-131.743408,1506.550171,274.146851,147.701889,1040.912964,99.117874,146.110977,1045.499634,-101.341774,-122.661629,1052.999146,-110.882568,-121.083099,1048.341553,104.705513
4.425,13.839786,1669.677246,7.365119,15.632456,1625.121338,106.386292,-67.712334,1601.455688,21.48877,8.452178,1392.464111,-124.566223,64.555603,1219.253662,-152.935043,-47.389111,1218.292603,-150.491119,-9.729233,1314.658691,109.600098,161.385132,1300.923096,-137.397568,138.930679,1421.027344,-33.644184,314.883667,1312.709351,23.224047,396.15329,1354.736572,114.773979,253.66571,1561.5177,126.833557,235.619125,1530.755859,39.089836,182.610565,1604.003174,113.24868,-124.274979,1298.718384,-126.684784,-124.656967,1413.99231,-1.618011,-255.062485,1283.412964,47.821125,-299.268494,1232.168457,194.848221,-158.94371,1424.672363,279.964874,-188.190414,1442.976562,191.940506,-128.147324,1497.345581,286.248718,147.282593,1041.073853,98.526855,145.64563,1046.135986,-101.80629,-123.324753,1053.763672,-111.170418,-121.309166,1048.896484,104.248962
4.433,14.165077,1670.385254,7.28184,16.120966,1625.9021,106.222816,-67.582764,1602.342651,21.370039,7.707222,1393.29895,-124.24086,63.840641,1220.199097,-153.266525,-48.087589,1219.290649,-150.595459,-9.372572,1315.017334,111.50383,160.65094,1301.815674,-137.965424,138.709244,1421.60144,-33.800419,315.255585,1313.156372,21.854538,396.408966,1355.015137,113.625687,254.092758,1561.808594,126.503052,236.04805,1531.354858,38.737812,182.894547,1604.374756,113.248566,-125.0215,1299.691528,-126.01107,-125.609444,1414.051025,0.127924,-254.451035,1281.630371,49.286655,-296.034119,1226.70752,195.603043,-155.440964,1415.953247,288.555481,-184.811279,1439.211792,201.243469,-124.303452,1487.90686,298.326782,146.752625,1041.400391,97.899231,145.133331,1046.988525,-102.308884,-123.829712,1054.66394,-111.397064,-121.641335,1049.523926,103.820992
4.442,14.434416,1671.295288,7.03643,16.56798,1626.950073,106.019341,-67.326241,1603.257324,21.386353,6.841655,1394.479736,-123.732407,63.139244,1221.283081,-153.540054,-48.799049,1220.514648,-150.55098,-9.754052,1315.299927,110.086662,159.914688,1302.937744,-138.459213,138.436691,1422.352173,-33.86734,315.605682,1314.056763,20.52874,396.662964,1355.527954,112.530731,254.279495,1562.25415,126.319916,236.065979,1532.259766,38.516357,183.070557,1604.952026,113.314262,-125.754623,1300.871826,-125.372726,-126.476585,1414.306396,2.025282,-253.914474,1280.037598,50.821861,-293.092712,1221.821289,196.420486,-151.758316,1407.094971,297.161285,-181.025772,1434.924194,210.598389,-120.013557,1477.767822,310.338043,146.18248,1041.924438,97.164406,144.652267,1047.946045,-102.787292,-124.471649,1055.805298,-111.665985,-122.028725,1050.29248,103.378738
4.45,14.779974,1672.26123,6.733341,17.07044,1628.037109,105.863068,-67.056389,1604.429443,21.640907,5.98791,1395.677368,-123.248672,62.366405,1222.595703,-153.789673,-49.6413,1221.941528,-150.519653,-9.798901,1315.903809,110.373222,159.122971,1304.074341,-138.933258,138.216995,1423.290405,-33.993462,315.833435,1315.011841,19.333277,397.00708,1356.386841,111.280251,254.421982,1562.875366,126.103195,236.196838,1533.312012,38.215588,183.141556,1605.721924,114.29377,-126.497787,1302.255127,-124.478249,-127.329964,1414.674072,4.036963,-253.297501,1278.614868,52.508057,-289.960938,1217.01416,197.222183,-147.955582,1398.133911,305.886505,-176.730362,1430.291504,220.265289,-115.603554,1467.325684,322.05011,145.809814,1042.474854,96.366211,144.163605,1049.05603,-103.347359,-124.969124,1057.035156,-112.175652,-122.388145,1051.167603,102.940407
4.458,15.039306,1673.236084,6.529564,17.430828,1629.37854,105.719276,-66.905777,1605.746948,21.664562,5.126443,1397.122681,-122.621201,61.661045,1224.050293,-153.959579,-50.302994,1223.480347,-150.360107,-9.902357,1316.675293,110.871948,158.423019,1305.474731,-139.275375,137.92981,1424.247681,-33.996323,316.053101,1316.304321,18.212841,397.300446,1357.246338,110.292152,254.526321,1563.727173,125.79213,236.296478,1534.281738,37.792149,183.316513,1606.320068,113.131577,-127.392395,1303.868896,-123.669456,-128.308899,1415.202759,6.124245,-252.610031,1277.395508,54.417114,-286.750153,1212.353516,198.126144,-143.743515,1388.865479,314.100464,-171.97522,1425.134521,230.305588,-110.66111,1456.471802,333.582275,145.49707,1043.193604,95.496422,143.476807,1050.484497,-104.081444,-125.551064,1058.577881,-112.518501,-122.671883,1052.153442,102.494904
4.467,15.239952,1674.46936,6.136723,17.646488,1630.789917,105.583664,-66.633347,1606.994141,21.690338,4.279537,1398.610596,-121.799332,60.87376,1225.650391,-154.1008,-50.990955,1225.16626,-150.050781,-9.970824,1317.78064,111.934456,157.74736,1306.899536,-139.615921,137.535019,1425.290039,-33.8349,316.152374,1317.631226,17.256792,397.61676,1358.416382,109.304504,254.805481,1564.760376,125.631706,236.486755,1535.550415,37.378384,183.439743,1607.483643,113.012154,-128.286926,1305.575195,-122.822777,-128.963303,1415.837769,8.511135,-251.760666,1276.303955,56.498318,-283.551727,1207.975952,199.081146,-139.441422,1379.50769,322.363342,-166.712067,1419.654053,240.250259,-105.509171,1445.226807,344.637207,145.158752,1044.083008,94.589554,142.907669,1051.797241,-104.753464,-126.086441,1060.078003,-112.90287,-123.010284,1053.227417,102.093941
4.475,15.521999,1675.704956,5.902033,18.026474,1632.380371,105.438606,-66.494583,1608.391479,21.642637,3.458243,1400.059204,-120.884438,60.135933,1227.359863,-154.158173,-51.828274,1227.095459,-149.716125,-10.123059,1318.742554,112.510818,156.950745,1308.489258,-139.756149,137.109085,1426.327271,-33.617283,316.256989,1319.110352,16.421881,397.989777,1359.80188,108.279068,254.855698,1565.871338,125.234558,236.690659,1536.724121,37.147663,183.491852,1608.585205,113.007164,-129.342468,1307.490845,-121.905426,-129.619904,1416.539673,11.083651,-250.915833,1275.382202,58.629948,-279.860626,1204.523682,200.642044,-134.766586,1370.030396,330.388275,-160.938293,1413.690796,250.126389,-99.869743,1433.693115,355.33017,144.936218,1045.000122,93.643219,142.164169,1053.355591,-105.507164,-126.824913,1061.900024,-113.340195,-123.339607,1054.283813,101.631256
4.483,15.69523,1676.957764,5.47167,18.275356,1634.078247,105.317627,-66.329338,1609.70105,21.717182,2.590279,1401.744507,-119.841843,59.410923,1229.116089,-154.096512,-52.599689,1228.974365,-149.291275,-10.406006,1319.76416,113.161949,156.196884,1310.10498,-139.918213,136.785202,1427.637329,-33.418659,316.135101,1320.709961,15.802221,398.157776,1361.147339,107.546448,254.888382,1567.220825,124.838669,236.800507,1538.078979,36.720406,183.59259,1610.168945,113.624977,-130.305557,1309.379883,-120.58567,-130.185196,1417.373291,13.611847,-250.223373,1274.737549,60.924797,-276.481537,1200.936646,201.7939,-129.797638,1360.209473,338.024231,-154.886185,1407.686157,259.691467,-93.868919,1421.770386,365.495239,144.824966,1045.943604,92.636253,141.447464,1054.939331,-106.328316,-127.433777,1063.710571,-113.763512,-123.586357,1055.508911,101.163681
4.492,15.797697,1678.383911,5.159004,18.436472,1635.812378,105.165909,-66.191978,1611.228882,21.599939,1.755025,1403.502808,-118.809502,58.629955,1231.062134,-154.181061,-53.339951,1230.983276,-148.772293,-10.74728,1320.922485,113.955956,155.52417,1311.807007,-139.973114,136.344696,1428.821411,-33.104305,316.081635,1322.253418,15.206859,398.450439,1362.868042,106.765923,255.050186,1568.815308,124.430519,236.262817,1539.581787,37.765766,183.783493,1611.502808,112.471207,-130.98642,1311.261475,-119.018394,-130.559357,1418.261719,16.264456,-249.31636,1274.060791,63.321598,-272.751007,1197.576294,202.814255,-124.233551,1350.111084,345.292816,-148.408768,1400.864136,269.85849,-87.710373,1409.700806,375.305573,144.749313,1046.95166,91.59584,140.75238,1056.613159,-107.098083,-128.129089,1065.712891,-113.98999,-123.913345,1056.72583,100.906181
4.5,15.731823,1679.73999,4.89318,18.510138,1637.670044,105.041275,-66.110451,1612.705322,21.708027,0.871458,1405.320312,-117.724129,57.884998,1232.917969,-153.949341,-54.115868,1233.096558,-148.215775,-11.225124,1322.12793,114.534462,154.827225,1313.58606,-140.008606,135.952637,1430.120117,-32.696487,315.872375,1323.927368,14.771651,398.633667,1364.441772,106.059616,255.375183,1570.66626,124.111092,236.456665,1541.214233,36.251125,184.019424,1613.439209,112.047844,-131.775253,1313.283447,-117.449135,-130.905579,1419.224121,18.884247,-248.253967,1273.609375,65.798203,-268.949036,1194.36084,204.109253,-118.926498,1340.064697,352.279785,-141.578995,1394.481201,278.153229,-81.112053,1397.335205,384.468689,144.519455,1047.932617,90.641052,139.872086,1058.278564,-107.956116,-128.802979,1067.817383,-114.306053,-124.190247,1057.942993,100.55101
4.508,15.757508,1681.276611,4.397576,18.472479,1639.587646,104.743057,-66.073463,1614.189819,21.471905,0.032533,1407.235352,-116.522057,57.125286,1234.813843,-153.716095,-54.892559,1235.234009,-147.466644,-11.693015,1323.221436,115.509338,154.177658,1315.364868,-139.882278,135.533813,1431.517212,-32.356041,315.75174,1325.427612,14.556966,398.78894,1366.29541,105.529259,255.609573,1572.611816,123.613518,236.058624,1542.920166,36.029251,184.168823,1615.290771,111.819,-132.542648,1315.278564,-115.775589,-131.006638,1420.151733,21.34413,-247.119644,1273.22229,68.423988,-265.320374,1191.375732,205.236023,-113.37085,1329.860474,358.905121,-134.750275,1387.828613,286.719025,-73.918541,1384.461304,393.384613,144.396133,1048.87085,89.66523,139.224594,1059.973877,-108.576477,-129.385284,1069.910889,-114.524055,-124.374893,1059.269775,100.379265
4.517,15.621073,1682.682007,4.0611,18.460712,1641.436157,104.573547,-66.138306,1615.69812,21.343987,-0.815537,1409.21106,-115.367157,56.349922,1236.817383,-153.408951,-55.749893,1237.323975,-146.705978,-12.33391,1324.2771,116.599625,153.435699,1317.111816,-139.789337,134.987625,1432.962646,-31.956333,315.399994,1327.268555,14.27675,398.779053,1368.091064,104.977203,255.913681,1574.686401,123.118263,235.901413,1544.413086,35.659988,184.531952,1617.53894,111.417953,-133.366669,1317.197144,-114.011795,-131.165604,1421.325317,23.869226,-245.916946,1273.14209,70.981094,-261.336517,1188.682373,206.457413,-107.601959,1319.47583,365.184845,-127.205414,1380.815552,295.684631,-66.924339,1371.33606,401.562866,144.265549,1049.753418,88.821136,138.422455,1061.69104,-109.278427,-130.056793,1072.11438,-114.471283,-124.625793,1060.548462,100.220657
4.525,15.370389,1684.25708,3.442345,18.337132,1643.392944,104.256584,-66.193024,1617.151611,21.239914,-1.582962,1411.181885,-114.239128,55.516529,1238.734985,-153.151978,-56.470512,1239.366699,-145.853836,-12.575401,1325.337646,117.855301,152.730667,1318.919189,-139.621323,134.777618,1434.341675,-31.41971,315.256134,1329.023804,14.267089,398.764587,1370.039673,104.750565,256.219696,1576.993164,122.470467,235.590103,1545.799316,35.457279,184.716675,1620.025635,110.828491,-134.04541,1319.239502,-112.323692,-131.306259,1422.602173,26.279882,-244.612961,1273.047241,73.590881,-257.51593,1186.19104,207.496124,-101.573151,1308.795288,371.29303,-119.685577,1373.266357,304.443146,-59.497356,1357.642578,409.321716,144.173309,1050.549805,88.033272,137.692535,1063.404907,-109.809906,-130.786591,1074.422607,-114.400513,-124.752899,1061.719727,100.28257
4.533,15.065668,1685.693237,2.984537,18.056536,1645.474854,103.888405,-66.375145,1618.613525,20.899878,-2.281765,1413.035889,-113.080963,54.827648,1240.531006,-152.809967,-57.259892,1241.372192,-145.011124,-13.188848,1326.5,119.374893,152.119995,1320.656494,-139.398544,134.319336,1435.736816,-30.910376,314.765259,1330.765137,14.174755,398.761169,1372.19043,104.405968,256.566711,1579.471313,121.753853,234.968292,1547.264526,36.30806,184.971054,1622.504272,109.838409,-134.790421,1321.091919,-110.535057,-131.45932,1423.964722,28.744181,-243.217255,1273.082397,76.1847,-253.350937,1183.746826,208.41626,-95.161201,1297.486694,376.634125,-111.512825,1365.15918,312.720612,-51.702553,1343.139038,416.145416,143.986786,1051.224365,87.333954,136.990677,1065.023315,-110.146042,-131.464584,1076.703003,-114.072914,-124.914803,1062.984619,100.302872
4.542,14.726318,1687.223877,2.241017,17.728662,1647.41272,103.456688,-66.553024,1620.040283,20.659264,-2.960082,1414.94397,-111.869095,54.072704,1242.429932,-152.354797,-58.096012,1243.375122,-144.071304,-13.169637,1327.729126,120.403404,151.514587,1322.375,-139.102615,133.75856,1437.141846,-30.31765,314.645386,1332.710327,14.25273,398.5849,1374.299072,104.176788,256.784088,1581.985596,120.897606,234.28421,1548.831177,36.335907,185.275101,1625.114502,108.865067,-135.441299,1323.096436,-108.899124,-131.674713,1425.260498,31.033318,-241.637039,1273.262329,78.737465,-249.278885,1181.624023,209.267151,-88.575272,1285.832642,381.354645,-103.618156,1357.331665,321.325867,-43.717625,1328.161743,422.108032,143.714813,1051.87915,86.78022,136.204941,1066.744995,-110.457504,-132.101349,1078.974854,-113.65937,-124.992088,1064.205322,100.618317
4.55,14.241063,1688.637329,1.600343,17.37417,1649.491699,102.978096,-66.79039,1621.416992,20.15201,-3.587501,1416.807861,-110.722214,53.29771,1244.245361,-151.899841,-58.778381,1245.264404,-143.071732,-13.436831,1328.996704,121.803665,150.909607,1324.10498,-138.850525,133.414124,1438.632324,-29.826887,314.471466,1334.577515,14.474305,398.440765,1376.481934,104.318359,256.941833,1584.62085,120.044807,233.592072,1550.547852,36.048359,185.63237,1628.228638,109.584122,-136.058395,1324.865967,-107.092216,-131.087112,1426.1875,33.051453,-240.032623,1273.581177,81.140976,-245.176514,1179.426147,209.916565,-81.800339,1273.878052,385.250854,-95.573601,1348.609253,328.992096,-35.597012,1312.647827,427.092865,143.38031,1052.356201,86.347733,135.596848,1068.41748,-110.467415,-132.798431,1081.276611,-113.100975,-124.934799,1065.31543,101.01796
4.558,13.697197,1690.092896,0.652337,16.701157,1651.516113,102.290543,-67.267822,1622.669067,19.350193,-4.149077,1418.612671,-109.66465,52.627289,1245.892822,-151.54422,-59.463638,1247.064087,-142.042526,-13.165867,1329.875244,122.990547,150.290497,1325.777954,-138.462524,132.873505,1440.251587,-29.234079,314.193146,1336.507568,14.644268,398.30838,1378.893555,104.090942,257.069977,1587.389526,119.149498,233.210327,1552.279541,34.611313,185.840561,1630.824707,108.702568,-136.60817,1326.662598,-105.368752,-130.892883,1427.601807,35.107895,-238.437302,1273.920288,83.412933,-241.103806,1177.532104,210.326019,-74.992027,1261.421875,388.396606,-88.038536,1339.419678,336.37558,-27.606339,1296.540771,431.022919,143.090088,1052.741699,86.115784,135.071762,1070.029297,-110.40757,-133.511383,1083.52771,-112.286789,-124.783134,1066.447021,101.490852
4.567,12.967071,1691.40625,-0.41625,15.926054,1653.55127,101.51236,-67.708069,1623.83728,18.443174,-4.77799,1420.337769,-108.540649,51.931808,1247.617188,-151.095123,-60.217236,1248.824829,-140.969498,-12.943445,1331.073853,124.224777,149.673782,1327.407104,-138.09848,132.643692,1441.383911,-28.597147,314.024658,1338.560669,14.873783,398.03241,1381.187012,104.334305,257.067963,1590.177612,118.305176,232.155731,1553.855225,35.649391,185.881012,1633.560547,106.889328,-137.101547,1328.389771,-103.59037,-130.687241,1428.939819,37.241295,-236.841995,1274.365479,85.631744,-237.15181,1175.664795,210.549713,-68.224014,1248.763306,390.76944,-80.463905,1329.945801,342.456116,-20.023661,1280.177246,434.358093,142.796997,1053.124634,86.045135,134.466614,1071.70874,-110.247551,-134.182724,1085.732422,-111.406029,-124.50676,1067.462402,102.219177
4.575,12.336374,1692.716431,-1.543937,15.251471,1655.649658,100.643967,-68.249443,1624.938721,17.735823,-5.324241,1421.965332,-107.373863,51.197163,1249.2677,-150.630447,-60.885235,1250.536377,-139.949936,-12.423882,1332.261108,125.027176,149.154266,1328.991943,-137.737305,132.072418,1442.737305,-28.181536,313.860809,1340.465088,15.182968,397.805908,1383.679077,104.39109,257.023926,1592.902344,117.529091,231.270538,1555.647583,35.392204,185.540405,1636.28894,106.042984,-137.556808,1330.091919,-101.868889,-130.365387,1430.271606,39.399673,-235.49794,1274.845703,87.727715,-233.316498,1173.94873,210.617844,-61.640118,1235.845337,392.350952,-71.890846,1319.719971,347.874695,-12.51045,1263.791992,436.883057,142.424179,1053.316406,86.035599,133.891861,1073.341309,-110.000023,-134.867691,1087.800171,-110.482605,-124.159119,1068.343384,102.969765
4.583,11.636709,1693.955688,-2.831422,14.302422,1657.594604,99.573395,-68.736946,1625.973999,16.872683,-5.781452,1423.581177,-106.314911,50.627773,1250.775513,-150.103256,-61.469872,1252.188721,-138.949738,-12.058709,1333.30188,126.353188,148.640701,1330.460815,-137.378677,131.635178,1443.973267,-27.63002,313.690918,1342.571045,15.585413,397.559998,1386.178223,104.671761,256.843903,1595.658691,116.65052,230.713318,1557.353027,34.136547,185.292816,1638.865845,104.968636,-137.93663,1331.62146,-100.009933,-130.003586,1431.433228,41.528507,-234.012924,1275.182007,89.758057,-229.490082,1172.149292,210.585373,-55.165123,1222.729858,393.107025,-62.441544,1308.686035,351.930176,-5.079867,1247.118652,438.334503,142.082489,1053.404785,86.123611,133.361404,1074.958862,-109.677773,-135.534378,1089.802856,-109.460625,-123.690094,1069.037598,103.766121
4.592,10.657401,1695.01709,-4.436659,13.291772,1659.668091,98.525009,-69.242271,1627.034912,15.884379,-6.281815,1425.178223,-105.22554,49.911007,1252.361084,-149.577591,-62.092976,1253.759521,-137.912247,-11.618111,1334.240356,127.529305,148.182281,1331.997803,-137.026611,131.156433,1445.193115,-27.159607,313.49292,1344.692627,15.866264,397.334167,1388.737427,104.96405,256.574249,1598.360474,115.785873,229.71701,1558.765015,35.152054,184.980835,1641.376465,103.668175,-138.276886,1333.131836,-98.238228,-129.694138,1432.505371,43.312984,-232.517349,1275.719116,91.911789,-225.841278,1170.512939,210.25798,-48.834808,1209.497681,393.213898,-52.63538,1296.988403,355.334961,2.087044,1230.325317,438.790039,141.725037,1053.390381,86.241684,132.949921,1076.606567,-109.23539,-136.257904,1091.760254,-108.35421,-123.096581,1069.727295,104.751053
4.6,9.908443,1696.036377,-5.90635,12.230983,1661.543335,97.157349,-69.971146,1627.903198,14.615696,-6.711292,1426.577148,-104.107704,49.443153,1253.743896,-149.002106,-62.700741,1255.210938,-136.953033,-11.030253,1335.212524,128.589691,147.729858,1333.394165,-136.699356,130.806564,1446.439453,-26.642286,313.258392,1346.873535,16.205729,397.052643,1391.125488,105.332153,255.937256,1600.897217,115.078209,229.070618,1560.425049,34.840305,184.377869,1643.687622,102.79171,-138.627747,1334.449951,-96.441261,-129.248138,1433.473999,45.300774,-231.125748,1275.928101,93.762627,-222.26033,1168.821167,209.882492,-42.695099,1196.077393,392.462341,-43.365929,1284.865723,357.607758,9.148762,1213.546265,438.25769,141.488876,1053.35144,86.39035,132.508102,1078.010742,-108.860085,-136.915787,1093.743408,-107.090561,-122.441696,1070.365479,105.576881
4.608,9.093095,1696.9823,-7.440668,11.190311,1663.402466,95.945831,-70.588829,1628.657104,13.333736,-7.241238,1427.92395,-103.109215,48.94503,1255.203125,-148.573624,-63.228966,1256.579712,-135.986649,-10.219975,1336.241821,129.794067,147.278305,1334.760132,-136.360001,130.278244,1447.561401,-26.1812,313.193665,1348.827026,16.648373,396.821533,1393.616089,105.737038,255.491608,1603.31604,114.338402,228.268692,1562.202148,34.546627,183.577209,1645.785278,102.162163,-138.937744,1335.812866,-94.836395,-128.866257,1434.22876,47.350742,-229.891342,1276.003418,95.455551,-218.715332,1167.003906,209.401901,-36.611946,1182.764648,390.861877,-34.481606,1272.671265,358.867828,16.076052,1196.623413,436.262329,141.323257,1053.236328,86.522835,132.142502,1079.563721,-108.417343,-137.495087,1095.479858,-105.974236,-121.765526,1071.000977,106.373123
4.617,7.960875,1697.613525,-9.373927,10.249262,1665.338135,94.595596,-71.282646,1629.292725,12.107375,-7.669568,1429.201538,-102.009682,48.49366,1256.371094,-148.010376,-63.647247,1257.86377,-135.061569,-9.548101,1337.128662,131.182434,146.999847,1335.949951,-135.904068,129.878815,1448.687256,-25.706081,313.14682,1350.703613,17.00848,396.554657,1396.114746,106.155174,254.931213,1605.517578,113.701317,227.386658,1563.977295,34.235565,182.965378,1647.840332,101.003464,-139.235703,1336.953979,-93.273865,-128.202072,1434.806885,49.318314,-228.787125,1275.884521,97.213318,-215.402634,1165.294556,208.923798,-30.618322,1169.703125,388.168976,-25.62154,1260.452759,359.355774,23.238388,1179.68689,432.533447,141.16507,1053.015137,86.690102,131.808228,1080.783569,-108.03949,-138.058426,1097.262329,-104.958374,-121.639763,1072.187622,107.667
4.625,7.106305,1698.190063,-10.927343,9.053699,1666.890259,93.122673,-72.140213,1629.773926,10.788437,-8.107943,1430.336304,-100.958237,48.093372,1257.706299,-147.54216,-64.075104,1259.036743,-134.259018,-8.922174,1337.933594,132.386597,146.66893,1337.224243,-135.537842,129.53331,1449.783447,-25.277575,312.840363,1352.610352,17.43462,396.297089,1398.428101,106.616112,254.089706,1607.633667,113.014,226.792542,1565.304443,33.924858,182.043457,1649.77417,100.095329,-139.477295,1337.97168,-91.598549,-127.740204,1435.189819,51.39735,-227.71933,1275.584351,98.904274,-212.296097,1163.536987,208.371552,-24.806532,1156.766235,384.935486,-17.051386,1248.005981,358.72879,29.589272,1163.603027,428.908173,141.113739,1052.837646,86.817947,131.332077,1082.090088,-107.654648,-138.662659,1098.911133,-103.909935,-120.397064,1072.21875,107.869133
4.633,6.04523,1698.692871,-12.812042,8.026848,1668.548706,91.733604,-72.942062,1630.111572,9.5886,-8.464069,1431.451538,-99.956451,47.874577,1258.790649,-146.94368,-64.447014,1260.197266,-133.412201,-8.258556,1338.74939,133.883194,146.283981,1338.405273,-135.207733,129.220947,1450.855469,-24.835733,312.805237,1354.585815,17.904224,396.062531,1400.610962,107.231979,253.436569,1609.67749,112.368332,226.134598,1566.677612,33.594543,181.164963,1651.416138,99.217896,-139.713272,1339.028076,-90.099792,-127.244843,1435.511841,53.255249,-226.860687,1275.269531,100.435585,-209.270401,1161.563477,208.070633,-19.219767,1144.272217,380.84903,-8.540489,1235.629639,357.029327,36.256451,1147.166016,423.127625,141.098297,1052.508667,86.999786,130.920303,1083.145508,-107.309013,-139.199127,1100.277222,-102.897522,-119.886238,1072.608765,108.810249
4.642,4.923922,1699.075684,-14.63442,6.808069,1669.882324,90.194809,-73.603752,1630.283203,8.667577,-8.870025,1432.449951,-98.913734,47.525532,1259.884399,-146.494995,-64.77784,1261.150879,-132.682861,-7.596617,1339.384888,135.347656,146.060684,1339.514282,-134.849655,128.901642,1451.70166,-24.371742,312.755981,1356.488281,18.266718,395.728455,1402.84436,107.814842,252.664322,1611.542114,111.705383,225.477066,1567.480103,33.712055,180.290115,1652.952393,98.22744,-139.932846,1339.876221,-88.64827,-126.83123,1435.598022,55.267563,-225.962372,1274.658325,102.005608,-206.465469,1159.66272,207.667252,-13.997326,1131.9646,375.907257,-0.256941,1223.500122,354.414124,42.275803,1131.384399,416.833466,141.41098,1052.605103,87.029945,130.429184,1084.212891,-107.060722,-139.761978,1101.785889,-102.06749,-119.473183,1073.244751,109.418587
4.65,3.952882,1699.219238,-16.163828,5.766744,1671.287354,88.893929,-74.472107,1630.388916,7.412842,-9.206709,1433.392578,-97.921555,47.335201,1260.824463,-145.95993,-65.103592,1262.099976,-131.965347,-7.109601,1339.861572,136.72345,145.933792,1340.619263,-134.470612,128.620514,1452.508423,-23.899097,312.699127,1358.243652,18.766838,395.381653,1404.836182,108.641205,251.824051,1613.179321,111.448448,224.689377,1568.470215,33.486286,179.313248,1654.278687,97.197273,-140.223801,1340.64624,-87.319199,-126.473274,1435.55542,57.160717,-224.974258,1273.859009,103.429878,-203.708923,1157.49939,207.498062,-9.278323,1119.912598,369.30835,7.828693,1211.375854,350.807495,48.115498,1116.181396,409.640778,141.985962,1052.637573,86.894005,129.997162,1085.196655,-106.876968,-140.249695,1102.902466,-101.3974,-118.86338,1073.717651,110.091728
4.658,2.799631,1699.229614,-17.850151,4.616815,1672.356934,87.51239,-75.321053,1630.352661,6.40343,-9.586939,1434.16333,-97.018211,47.204884,1261.643433,-145.679199,-65.387291,1262.895264,-131.329224,-6.727036,1340.4104,138.962662,145.712418,1341.538574,-134.198929,128.357788,1453.254883,-23.419083,312.724854,1359.787476,19.245832,395.087189,1406.745117,109.219681,250.971252,1614.692261,110.935143,223.895264,1569.419189,33.227581,178.370178,1655.613403,96.628784,-140.450485,1341.301636,-86.079163,-125.967278,1435.253296,58.917183,-224.009552,1272.946777,104.979568,-201.110992,1155.579712,207.293167,-4.645339,1108.463013,363.349274,15.678253,1199.543091,346.199707,53.696346,1101.588989,401.935516,141.792999,1051.943726,87.200638,129.535721,1085.977539,-106.737274,-140.744644,1103.975586,-100.685829,-118.367386,1073.829468,110.650482
4.667,1.785816,1699.192993,-19.284105,3.615025,1673.35376,86.301086,-76.117508,1630.165649,5.570614,-9.929758,1434.931641,-96.048286,47.006992,1262.484253,-145.475662,-65.660568,1263.572266,-130.790741,-6.356011,1340.640381,140.712433,145.54248,1342.470215,-133.902054,128.065842,1453.89502,-23.036427,312.746185,1361.165283,19.743792,394.722137,1408.465576,110.029182,249.980728,1616.032959,110.53035,223.181656,1570.267822,33.068737,177.365112,1656.608154,95.732086,-140.744446,1341.844116,-84.950684,-125.621201,1434.866699,60.525555,-223.002808,1272.081421,106.219612,-198.51033,1153.397217,207.151321,-0.094714,1097.465332,357.159119,23.188713,1187.828369,340.761078,58.705437,1087.497437,393.569305,142.51889,1052.086304,87.016396,129.085144,1086.733154,-106.728256,-141.30127,1104.828491,-100.020393,-118.082664,1073.907837,111.279221
4.675,0.610447,1699.105103,-20.742949,2.547352,1674.196045,85.120529,-76.782158,1629.971436,4.941338,-10.379129,1435.610107,-95.290871,46.775459,1263.225098,-145.24971,-65.917175,1264.235474,-130.290634,-6.004477,1340.690063,142.079254,145.515686,1343.253784,-133.694077,127.831894,1454.415894,-22.624075,312.813629,1362.445312,20.341066,394.407654,1410.098511,110.80471,249.018188,1617.251709,110.151558,222.449051,1570.934448,32.790417,176.223251,1657.498657,95.052338,-141.031006,1342.249512,-83.927307,-125.317795,1434.518066,62.131641,-221.933441,1270.973267,107.645508,-196.090607,1151.411011,206.936249,4.084219,1086.872925,350.651764,30.518942,1176.443359,334.560089,63.565582,1074.008423,384.510864,142.976624,1051.953491,86.906494,128.656509,1087.269043,-106.697281,-141.681686,1105.466553,-99.56897,-117.822487,1073.823975,111.816269
4.683,-0.363408,1698.944946,-21.886097,1.544003,1674.830933,84.114128,-77.606239,1629.661133,4.064619,-10.779003,1436.221558,-94.543434,46.58247,1263.808105,-145.062988,-66.140961,1264.706665,-129.748215,-5.542141,1340.546875,143.470764,145.257568,1344.061523,-133.603348,127.581444,1454.873047,-22.208691,312.921539,1363.286743,21.069345,393.848389,1411.540405,111.702972,247.956573,1618.100464,109.735573,221.668945,1571.523315,32.574051,175.221939,1658.151978,94.449364,-141.386246,1342.587646,-83.035019,-124.931938,1434.041626,63.575268,-220.701538,1269.822754,108.908852,-194.175629,1149.387085,207.104828,7.876071,1076.98938,344.076263,37.152103,1165.48645,327.692169,67.977486,1061.408569,375.394745,143.395111,1052.029663,86.595909,128.203003,1087.692871,-106.744301,-142.035858,1105.988647,-99.202126,-117.380112,1074.877319,111.880013
4.692,-1.277496,1698.680176,-22.928204,0.714414,1675.240356,83.306877,-78.328339,1629.332275,3.12531,-11.238461,1436.713257,-93.863152,46.41103,1264.209839,-144.920792,-66.407494,1264.97583,-129.418854,-5.173537,1340.116089,144.655106,145.135223,1344.690918,-133.472107,127.356308,1455.186523,-21.893568,312.829559,1364.25293,21.50423,393.358887,1412.722412,112.515869,246.736008,1618.870728,109.808617,220.71994,1571.957275,32.58968,173.924652,1658.641968,94.087357,-141.727707,1342.79541,-82.221245,-124.542084,1433.49292,64.821671,-219.451721,1268.809204,109.965576,-191.701813,1147.557373,206.785019,11.639332,1067.571655,337.412842,43.429073,1154.963501,320.38678,71.952202,1049.568115,365.91745,144.007339,1052.055054,86.669823,127.741501,1087.980469,-106.987961,-142.433411,1106.402954,-98.836662,-117.213356,1074.982544,112.13501
4.7,-2.28266,1698.396729,-23.742228,-0.221236,1675.543823,82.562935,-78.976158,1628.926025,2.747426,-11.670519,1437.043213,-93.361618,46.158108,1264.486816,-144.348297,-66.711586,1265.170654,-129.179718,-4.785994,1339.638306,145.662552,145.048447,1345.259888,-133.446503,127.140152,1455.409424,-21.573746,312.648956,1365.108643,22.008646,392.842194,1413.738647,113.459335,245.650925,1619.32312,109.608116,220.070129,1572.285889,32.441219,172.79924,1658.90332,93.674271,-142.060852,1342.865601,-81.510483,-124.172424,1432.734619,66.011589,-218.095917,1267.467163,111.073524,-189.134064,1145.790405,206.535995,15.17691,1058.882568,330.024231,49.175312,1145.059082,312.738098,75.562798,1038.450439,356.119629,144.192657,1052.119751,86.112579,127.305138,1088.118042,-107.336746,-142.772903,1106.629883,-98.607674,-116.97673,1075.038818,112.384483
4.708,-3.274262,1698.136108,-24.395214,-1.075182,1675.674805,82.092522,-79.640411,1628.450928,2.713493,-12.109157,1437.281982,-92.951149,45.918835,1264.824097,-144.483185,-67.01947,1265.262207,-128.951706,-4.304574,1338.662231,145.568375,144.899841,1345.772339,-133.56749,126.869049,1455.530029,-21.356483,312.43924,1365.772339,22.438457,392.219025,1414.498535,114.247894,244.396561,1619.686279,109.860329,219.436386,1572.50769,32.484673,171.681198,1659.108643,93.59404,-142.328491,1342.764282,-80.844917,-123.600685,1431.704224,67.108009,-216.88707,1266.283447,111.937874,-186.657013,1143.901367,206.299423,18.405947,1050.697388,322.697937,54.565384,1135.738647,304.970062,78.592293,1027.869873,345.995483,144.371521,1052.117432,85.608437,126.926407,1088.067139,-107.808067,-143.069382,1106.695312,-98.435738,-116.823235,1074.991577,112.561165
4.717,-4.129105,1697.71582,-24.708014,-1.681202,1675.635742,81.739563,-80.311043,1628.007812,2.573769,-12.559541,1437.500854,-92.592079,45.670383,1265.089844,-144.685898,-67.395775,1265.302734,-128.893539,-3.722025,1337.890137,146.057281,144.856903,1346.193115,-133.667099,126.509232,1455.594971,-21.183289,312.112793,1366.298462,22.94265,391.525452,1415.117554,115.106224,243.321884,1619.828125,110.2155,218.484451,1572.573364,32.766018,170.426895,1659.091064,93.508736,-142.606812,1342.519531,-80.126381,-123.46199,1431.015991,67.923187,-215.453369,1265.002808,112.875175,-184.389618,1142.287964,205.864868,21.346172,1042.927246,315.015961,59.536533,1127.026855,296.828552,81.253716,1018.169189,335.75943,144.619888,1052.140747,85.06842,126.622559,1087.844604,-108.222305,-143.356979,1106.63855,-98.246971,-116.775108,1074.936523,112.77021
4.725,-4.953711,1697.407104,-24.957891,-2.269321,1675.470093,81.562225,-81.007401,1627.525391,2.486902,-13.011182,1437.612183,-92.335266,45.357773,1265.291992,-144.959244,-67.708252,1265.20874,-128.864426,-3.051583,1336.848633,146.346512,144.474136,1346.59436,-133.979004,126.178268,1455.617554,-21.102375,311.736786,1366.600464,23.370548,390.822815,1415.481934,115.869804,242.06813,1619.813354,110.464272,217.581146,1572.523193,33.102066,169.235184,1658.975464,93.592911,-142.823273,1342.291626,-79.671371,-123.333206,1430.376709,68.601685,-214.281403,1263.684448,113.64389,-182.014343,1140.524658,205.531921,23.933378,1035.856812,307.082031,63.972019,1118.86792,288.449249,83.641823,1009.213196,325.587616,144.785034,1052.166138,84.495522,126.370567,1087.535156,-108.757324,-143.56839,1106.519287,-98.183548,-116.641174,1074.851562,112.886795
4.733,-5.756764,1697.096191,-25.036182,-2.897129,1675.263916,81.582962,-81.664024,1627.117676,2.709894,-13.427622,1437.609985,-92.16153,45.071815,1265.377808,-145.338593,-68.017067,1265.022461,-128.836548,-2.557145,1335.859619,146.330627,144.233307,1346.894043,-134.335129,125.822243,1455.591553,-21.097033,311.254974,1366.789185,23.667717,390.028961,1415.618286,116.54509,240.737762,1619.623535,111.132111,216.985245,1572.362427,33.521595,168.167007,1658.696777,93.858665,-143.055161,1341.956421,-79.282631,-123.219551,1429.585938,69.106056,-212.9095,1262.406494,114.139587,-179.660858,1138.864136,204.999664,26.272007,1029.282471,299.219391,68.0373,1111.309692,280.010193,85.568504,1000.28418,314.208008,144.919891,1052.181274,83.834023,126.131775,1087.054077,-109.479843,-143.715118,1106.327515,-98.202477,-116.474373,1074.763306,112.979446
4.742,-6.543521,1696.770874,-24.75646,-3.476264,1674.920654,81.779564,-82.218132,1626.631592,2.881252,-13.809952,1437.556885,-92.124687,44.770432,1265.406494,-145.855469,-68.30056,1264.805176,-128.879578,-1.887394,1334.614624,145.863663,144.043869,1347.200439,-134.850159,125.483589,1455.508057,-21.161934,310.771179,1366.908081,23.820704,389.17041,1415.534912,117.246185,239.68187,1619.233643,111.907478,215.875244,1572.049438,34.021935,166.764709,1658.165649,94.656059,-143.298203,1341.58313,-79.031189,-123.100754,1429.014526,69.544067,-211.805847,1261.22644,114.698341,-177.700363,1137.033569,204.01709,28.528061,1023.292419,291.549866,71.480682,1104.20459,271.463867,87.039047,993.047729,304.661499,145.002731,1052.143799,83.07766,126.002312,1086.433228,-110.238731,-143.828842,1106.086182,-98.334229,-116.266487,1074.673706,113.05085
4.75,-7.301482,1696.56189,-24.284033,-4.085134,1674.39502,82.151276,-82.711922,1626.06958,3.224707,-14.266006,1437.435669,-92.212761,44.433083,1265.368286,-146.420486,-68.591766,1264.501343,-129.060745,-1.336917,1333.588989,145.649063,143.797226,1347.474854,-135.438263,125.138702,1455.383911,-21.335503,310.281799,1366.834961,23.867668,388.229675,1415.26001,117.794846,238.358246,1618.549927,112.768936,214.851151,1571.639648,34.449997,165.689407,1657.579346,95.080574,-143.599213,1341.133789,-78.867264,-122.98967,1428.377808,69.63945,-210.651047,1260.005127,115.041359,-175.688385,1135.623901,203.099838,30.287626,1017.921326,284.179718,74.306931,1097.737793,263.026306,87.633522,986.330933,294.157837,145.13237,1052.050659,82.382957,125.817955,1085.717163,-111.033829,-143.897202,1105.770996,-98.512657,-116.023216,1074.674561,113.095856
4.758,-7.977627,1696.24292,-23.639904,-4.607895,1673.651733,82.696815,-83.234665,1625.396484,3.751435,-14.755034,1437.24939,-92.436142,44.11335,1265.284546,-147.069122,-68.869179,1264.13147,-129.323822,-0.845255,1332.673096,145.140717,143.578186,1347.650391,-136.044083,124.810486,1455.174561,-21.608574,309.702728,1366.566406,23.888735,387.317596,1414.720581,118.425217,236.999008,1617.768311,113.7967,214.265839,1571.245483,35.151711,164.653595,1656.86731,95.883286,-143.883148,1340.587891,-78.834976,-122.832466,1427.802368,69.80838,-209.627167,1258.880493,115.245522,-174.264771,1134.466553,203.455917,31.965591,1012.939697,277.083649,76.972404,1092.0271,254.793762,87.903152,980.301392,284.018921,145.374619,1051.89624,81.691429,125.798851,1084.918701,-111.762337,-143.890686,1105.371582,-98.727386,-115.706421,1074.744385,113.06826
4.767,-8.786261,1695.823486,-22.988243,-5.073759,1672.845703,83.34404,-83.729912,1624.682983,4.616794,-15.172592,1437.030884,-92.745766,43.897667,1265.125,-147.823471,-69.140228,1263.7323,-129.779526,-0.226739,1331.809692,144.632965,143.332275,1347.753296,-136.796402,124.495758,1454.907959,-21.932455,309.128021,1366.258545,23.773777,386.492828,1414.037964,118.857925,235.86409,1616.737915,114.582031,213.278915,1570.52478,35.952301,163.275604,1655.857178,97.093544,-144.141571,1340.077881,-78.855835,-122.667648,1427.229004,69.816345,-208.948853,1257.930298,115.228096,-172.096527,1132.791992,201.284088,33.727379,1008.283264,269.415039,79.051498,1087.149048,246.733627,87.41935,975.206787,273.929596,145.643524,1051.710327,81.061333,125.820938,1083.987915,-112.620491,-143.876587,1104.939575,-98.957245,-115.35376,1074.903564,112.943619
4.775,-9.588119,1695.242554,-21.913166,-5.432177,1671.983032,84.246292,-84.315231,1624.106079,5.370279,-15.560759,1436.768921,-93.108994,43.676407,1264.912476,-148.644897,-69.357841,1263.307129,-130.121506,0.460888,1330.913086,144.013672,143.016571,1347.77832,-137.684692,124.219299,1454.622437,-22.293072,308.615112,1365.88916,23.561972,385.635193,1413.11499,119.311501,234.837067,1615.635376,115.486168,212.355484,1569.697021,36.91581,162.257004,1654.928223,97.952591,-144.339798,1339.564209,-78.969467,-122.550232,1426.616333,69.680656,-208.382172,1256.982544,115.109459,-171.090683,1131.28125,200.622971,34.761898,1004.662964,262.908356,80.923805,1082.762085,238.900452,86.560829,970.558472,264.131622,145.868515,1051.521118,80.450844,125.79052,1083.012451,-113.360336,-143.835922,1104.454712,-99.354172,-114.899132,1075.274048,112.646523
4.783,-10.397733,1694.755615,-20.885063,-5.809591,1671.029419,85.175812,-84.974915,1623.251709,6.290497,-15.978206,1436.422485,-93.559105,43.495056,1264.587769,-149.436752,-69.4981,1262.776245,-130.670837,0.95268,1330.272705,143.52121,142.777939,1347.870117,-138.617111,123.899483,1454.265991,-22.823223,308.108032,1365.362427,23.353868,384.559418,1412.044189,119.764397,233.515656,1614.324829,116.844704,211.432495,1568.792847,37.689926,161.274307,1653.645386,99.245926,-144.549561,1338.958618,-79.144089,-122.530945,1426.003906,69.450539,-207.832901,1256.003174,114.944954,-169.704773,1129.750854,198.9021,35.341496,1001.594788,256.526886,82.509346,1078.983398,231.037262,85.280121,966.668091,254.515915,146.064804,1051.343018,79.883484,125.895638,1081.899414,-114.184021,-143.784637,1103.950439,-99.713562,-114.448906,1075.416138,112.283791
4.792,-11.208729,1694.348633,-19.596659,-6.22627,1669.837036,86.34417,-85.56115,1622.348633,7.513607,-16.358854,1436.052246,-94.183159,43.28241,1264.32605,-150.49408,-69.641144,1262.314453,-131.241638,1.413662,1329.62439,142.87027,142.565613,1347.802612,-139.539932,123.550072,1453.868774,-23.288626,307.562927,1364.649048,23.072071,383.744202,1410.797607,120.048752,232.448792,1612.93689,118.094139,210.484406,1567.814087,38.873703,160.331833,1652.446167,100.505363,-144.733078,1338.257446,-79.517166,-122.542831,1425.43335,68.949234,-207.486877,1255.218384,114.597832,-168.893875,1128.524414,197.521027,36.142487,998.41803,250.031799,83.674004,1075.442871,223.208252,83.49736,963.634583,246.199112,146.253098,1051.134521,79.328598,125.960663,1080.878296,-114.964478,-143.621613,1103.391357,-100.128891,-113.986855,1075.366699,111.89167
4.8,-11.985655,1693.745972,-18.098265,-6.541971,1668.535278,87.64196,-86.166641,1621.43689,8.538396,-16.697712,1435.568848,-94.909286,43.195866,1263.896729,-151.545731,-69.708473,1261.596313,-131.951874,1.849837,1328.991821,142.069412,142.364395,1347.732788,-140.558563,123.244225,1453.444824,-23.949366,307.138947,1363.939575,22.594236,382.839661,1409.38562,120.347992,231.470978,1611.360229,119.704338,209.765701,1566.780884,39.879086,159.08255,1651.004395,102.246742,-144.742218,1337.42627,-79.973694,-122.628586,1424.861572,68.268845,-207.235107,1254.495605,114.098473,-168.304108,1127.54248,196.114517,36.415035,995.895386,243.401413,84.333397,1072.30542,215.194031,81.860008,960.249146,235.856262,146.513062,1050.891602,78.785957,126.143616,1079.61438,-115.73468,-143.367447,1102.682373,-100.553978,-113.427124,1075.252563,111.520432
4.808,-12.807723,1692.953735,-16.241058,-6.802972,1666.861084,89.17762,-86.732178,1620.264404,10.115574,-17.021145,1434.993774,-95.676788,43.101742,1263.450073,-152.619263,-69.7687,1260.773926,-132.668716,2.223814,1328.38208,141.179276,142.242264,1347.566406,-141.550888,122.976326,1452.987183,-24.619385,306.635651,1363.184204,21.985106,382.070221,1407.920532,120.711143,230.489105,1609.609131,121.232292,208.982071,1565.6604,40.706268,158.159027,1649.335815,103.679825,-144.91304,1336.507812,-80.500031,-122.662689,1424.250854,67.413406,-207.132889,1253.753662,113.412064,-168.079117,1126.564941,194.99469,36.390675,993.260132,236.236908,84.577278,1069.371826,207.08345,79.783722,957.488525,226.819626,146.826035,1050.622559,78.240143,126.289505,1078.442261,-116.495049,-142.994797,1101.920166,-101.025993,-112.933884,1075.122192,111.165344
4.817,-13.75136,1692.371094,-14.213011,-7.150235,1665.118286,90.764107,-87.313805,1619.189331,11.494768,-17.233011,1434.365967,-96.591515,43.055687,1262.894775,-153.61438,-69.825653,1259.963379,-133.403763,2.667819,1327.642944,139.814056,142.061096,1347.308105,-142.645615,122.787354,1452.440063,-25.292553,306.26947,1362.429688,21.487106,381.178986,1406.300903,120.993126,229.436172,1607.949341,122.368744,208.271545,1564.46582,41.90649,157.354584,1647.57373,105.002151,-144.906357,1335.41748,-81.263466,-122.680511,1423.625977,66.274918,-207.078064,1253.105835,112.71032,-168.311768,1125.763062,193.884735,36.075516,990.965515,229.235809,84.09301,1066.805786,198.725006,77.434708,955.023254,218.167191,147.25618,1050.239502,77.626434,126.542419,1077.015381,-117.249565,-142.666183,1101.133911,-101.640816,-112.432709,1075.024414,110.848602
4.825,-14.719649,1691.802002,-12.127368,-7.356565,1663.247192,92.654396,-87.780327,1617.987549,13.394546,-17.376993,1433.578125,-97.612099,43.073402,1262.15686,-154.745468,-69.824707,1258.839722,-134.262222,2.985831,1326.993164,138.72937,142.0159,1346.907471,-143.655136,122.64698,1451.866455,-26.098921,305.827301,1361.365112,21.107712,380.372986,1404.708374,121.137604,228.327545,1605.967407,123.671997,207.69783,1563.348389,42.708164,156.46489,1645.911987,106.661125,-144.856049,1334.34314,-82.020409,-122.772888,1422.902954,65.064095,-207.13031,1252.453369,111.872673,-169.012161,1124.946045,192.985229,35.38689,989.062927,222.561264,83.16465,1064.372192,190.515503,75.418312,953.093506,210.221741,147.787079,1049.802979,77.039886,126.818405,1075.655884,-117.980743,-142.208572,1100.14917,-102.108086,-113.026146,1075.504028,109.835037
4.833,-15.608887,1691.072144,-9.642713,-7.551687,1661.018799,94.613365,-88.39035,1616.808838,15.011108,-17.546787,1432.783813,-98.729088,43.098763,1261.348022,-155.843048,-69.751328,1257.731323,-135.124985,3.215344,1326.388184,137.796341,142.043579,1346.451172,-144.760666,122.571014,1451.270508,-26.86161,305.382355,1360.273926,20.671841,379.368866,1402.919678,121.497406,227.197174,1603.96582,125.020119,207.243805,1562.207764,43.602352,155.500351,1644.097534,108.258461,-144.713455,1332.966553,-82.880882,-122.819191,1422.212891,63.85714,-207.306412,1251.842285,110.902451,-170.203339,1124.148804,191.74704,34.979191,987.893372,217.230682,81.805946,1062.596924,183.31839,75.27652,951.574219,204.333084,148.600555,1048.852173,76.169182,127.208115,1074.223999,-118.649864,-141.791611,1099.126221,-102.716263,-114.085724,1076.601929,108.322151
4.842,-16.37764,1690.364014,-7.113341,-7.741669,1658.674561,96.67205,-88.830788,1615.484009,17.056105,-17.564615,1431.806396,-99.870544,43.234821,1260.468872,-156.912842,-69.588623,1256.429443,-136.100616,3.431319,1325.669678,136.615677,142.097366,1345.827393,-145.770462,122.496025,1450.487183,-27.776957,305.072906,1359.222046,20.376463,378.589783,1401.269043,121.622124,226.332779,1602.067627,126.435371,206.511948,1561.146729,44.485676,154.549667,1642.35376,109.676514,-144.514832,1331.664062,-83.754318,-122.832703,1421.51416,62.412216,-207.738159,1251.338135,109.761475,-171.962265,1123.222046,189.876297,34.575516,987.678162,213.94574,78.451622,1061.689209,176.859207,76.868866,950.971863,202.794708,149.563614,1046.912476,75.111961,127.587898,1072.738281,-119.411522,-141.365219,1098.022217,-103.38044,-115.325783,1077.964233,106.565796
4.85,-17.136847,1689.63501,-4.477687,-7.88898,1656.210815,98.751381,-89.263115,1614.105591,18.656895,-17.556973,1430.860718,-101.052887,43.502037,1259.381836,-157.924896,-69.406204,1255.060181,-137.131256,3.528385,1324.996094,135.468307,142.249985,1345.004028,-146.778366,122.51487,1449.655518,-28.644207,304.620697,1358.097656,20.049997,377.835632,1399.432983,122.217453,225.711334,1600.32251,127.912659,206.202026,1560.000854,44.005665,153.858292,1640.805542,111.330803,-144.336349,1330.167969,-84.898003,-123.027374,1420.772583,61.005398,-208.588882,1250.912964,108.30645,-173.894943,1122.082153,186.89769,34.825886,988.323914,212.855179,75.925697,1061.380249,172.495239,79.977058,951.523621,204.2948,150.537903,1045.510254,74.316299,127.893295,1071.328857,-120.16185,-140.876099,1096.775024,-103.982788,-116.621582,1079.105469,104.779762
4.858,-17.819523,1688.7229,-1.762162,-7.995645,1653.759033,100.84317,-89.539856,1612.678345,20.492958,-17.519165,1429.67688,-102.325859,43.760616,1258.267212,-158.965881,-69.194221,1253.626587,-138.22168,3.487742,1324.318848,134.279266,142.512039,1344.085938,-147.707596,122.525162,1448.659058,-29.453081,304.312958,1356.742188,19.867924,377.119507,1397.774414,122.427505,224.965546,1598.492432,129.074127,205.415176,1558.797363,45.965107,153.135269,1639.014282,112.606743,-143.994141,1328.706665,-86.190163,-123.198395,1419.823608,59.220322,-209.567352,1250.342163,106.524918,-175.183762,1120.647461,184.624374,35.516048,989.586182,213.13266,74.246002,1061.92041,169.620682,81.779205,953.295715,205.295578,151.645584,1045.531738,74.14476,128.226486,1069.836914,-120.798401,-140.552643,1095.524292,-104.682632,-117.836914,1079.79895,103.152763
4.867,-18.334951,1687.768066,0.795619,-8.090516,1651.287109,102.864616,-89.906418,1611.245239,22.14082,-17.283487,1428.659058,-103.551506,44.063213,1257.077515,-160.037674,-68.814438,1252.102173,-139.43605,3.240762,1323.362183,132.825012,142.845917,1343.121826,-148.673752,122.551765,1447.663818,-30.399269,303.992279,1355.363281,19.763922,376.290588,1395.880859,122.894379,224.357849,1596.718262,130.246994,205.223557,1557.839722,45.753265,152.629364,1637.618408,113.798363,-143.672775,1327.235352,-87.628014,-123.619057,1418.761475,57.633118,-211.004639,1249.568726,104.161789,-176.456818,1119.022705,181.62561,36.011147,991.033691,213.890289,73.84494,1063.10376,168.225403,82.444572,955.4823,206.384048,152.174728,1045.375854,73.740562,128.612732,1068.273071,-121.433617,-140.073242,1094.150513,-105.486542,-118.537476,1080.396606,101.728844
4.875,-18.828905,1686.778198,3.474251,-8.200625,1648.753052,104.82473,-90.114555,1609.792969,23.941097,-16.967117,1427.456177,-104.770241,44.4645,1255.77002,-160.998062,-68.317245,1250.664551,-140.589172,2.893217,1322.386475,131.508698,143.184082,1341.947632,-149.44397,122.692688,1446.750854,-31.215551,303.952637,1353.975952,19.763317,375.46814,1394.044067,123.266861,223.812897,1595.118164,131.135101,204.559784,1556.660156,47.797497,152.1409,1635.839966,114.576637,-143.294449,1325.725586,-89.384354,-124.159103,1417.518677,55.727558,-212.550415,1248.543335,101.457565,-177.33606,1117.342896,178.560577,36.17028,992.259583,214.231293,74.059669,1064.572632,168.309601,82.465897,957.226379,208.190231,152.546371,1044.531616,72.999931,128.984558,1066.802368,-122.002869,-139.693451,1092.76709,-106.285568,-119.048935,1080.44873,100.54438
4.883,-19.17972,1685.814209,6.057601,-8.248428,1646.231689,106.740158,-90.351776,1608.404907,25.475718,-16.576378,1426.364746,-105.985001,44.94067,1254.487183,-161.858871,-67.860504,1249.096924,-141.899216,2.37564,1321.424927,130.078888,143.637573,1340.780396,-150.096069,122.798271,1445.67627,-31.941011,303.624481,1352.401367,19.750046,374.738647,1392.317261,123.668816,223.361404,1593.418091,132.333282,204.26033,1555.567993,47.63287,152.128372,1634.727905,116.55468,-142.908569,1324.149048,-91.28701,-124.831009,1416.24707,53.513523,-214.067917,1247.230469,98.467865,-177.983856,1115.737427,175.911301,36.125946,993.350159,214.684448,74.34803,1066.198242,169.193588,82.346344,958.747375,208.750732,152.617279,1043.58667,72.195717,129.337189,1065.235107,-122.640846,-139.263016,1091.235229,-107.075912,-123.969383,1083.581543,96.284431
4.892,-19.426596,1684.798096,8.496614,-8.193298,1643.702271,108.670845,-90.453468,1607.060181,27.350529,-16.119492,1425.2052,-107.185776,45.556519,1253.126587,-162.658951,-67.342392,1247.487305,-143.12056,1.629855,1320.442383,128.718811,144.191895,1339.619385,-150.662491,122.889687,1444.647217,-32.474655,303.412811,1350.84375,19.874424,374.064758,1390.480347,124.338158,222.977646,1591.902588,133.50238,203.701797,1554.40686,49.487019,151.863708,1633.588135,118.816116,-142.350891,1322.564941,-93.302231,-125.564636,1414.991089,51.453636,-215.415619,1245.605713,95.246162,-178.75766,1114.500854,173.840729,36.015633,993.730713,213.985245,74.280457,1067.643677,170.306702,81.856567,959.987427,208.962051,153.663727,1043.021606,71.588028,129.68689,1063.908936,-123.268578,-138.789932,1089.757202,-107.963272,-122.550354,1082.028687,96.263321
4.9,-19.715248,1683.741577,10.988409,-8.127485,1641.261475,110.499611,-90.64238,1605.766235,28.755589,-15.678998,1424.079468,-108.419022,46.263702,1251.825439,-163.474304,-66.692253,1245.964966,-144.449783,0.854449,1319.483398,127.362328,144.816406,1338.383545,-151.119751,123.120468,1443.627808,-33.074299,303.404266,1349.329224,20.172777,373.450531,1388.917114,124.885376,222.617996,1590.422729,134.856613,203.611496,1553.53772,49.630322,151.60141,1632.605713,120.162514,-141.789093,1320.951416,-95.370476,-126.382355,1413.64978,49.222046,-216.510956,1243.744263,91.740227,-179.610474,1113.424072,171.973633,35.546909,994.299194,213.666351,73.817871,1068.804443,171.160828,81.240791,960.844543,209.103882,154.152603,1042.800659,71.059738,130.044479,1062.57605,-123.865715,-138.256866,1088.180176,-108.87188,-121.172371,1080.534058,96.245232
4.908,-19.812441,1682.736206,13.312785,-8.123343,1638.755371,112.223633,-90.643761,1604.459839,30.57659,-15.116177,1422.854614,-109.660698,46.962227,1250.563232,-164.245819,-65.872551,1244.443359,-145.724564,0.185944,1318.624634,126.246918,145.504822,1337.175415,-151.431534,123.380402,1442.763916,-33.519489,303.107269,1347.808838,20.601784,372.874939,1387.012207,125.739426,222.336731,1588.948242,135.985855,203.398941,1552.565796,50.502682,151.430176,1631.36731,121.590897,-141.168564,1319.384644,-97.532211,-127.841171,1413.239258,47.048454,-217.057922,1241.668091,88.215401,-180.400009,1112.605347,170.555939,34.763142,994.738342,213.318497,73.123062,1069.640625,171.616531,80.472038,961.546204,209.219391,154.606689,1042.624512,70.593124,130.391281,1061.335205,-124.522339,-137.723038,1086.647705,-109.84243,-120.191841,1079.220581,96.806702
4.917,-19.95529,1681.676514,15.763939,-8.12571,1636.410522,113.920753,-90.70713,1603.279419,32.277695,-14.528315,1421.673584,-110.844147,47.815796,1249.242065,-164.853928,-65.103363,1242.951172,-146.997375,-0.43369,1317.849243,125.068161,146.09877,1335.973877,-151.695801,123.654587,1441.837158,-33.872761,302.958099,1346.207642,21.11799,372.313599,1385.450195,126.734894,222.09552,1587.66748,137.239716,203.461517,1551.501831,51.450623,151.439362,1630.09082,122.608742,-140.439468,1317.762939,-99.62693,-128.579697,1412.016235,44.87114,-217.113831,1239.62439,84.825981,-181.220444,1111.913696,169.20459,33.827217,995.228516,213.211533,72.138611,1070.192139,171.744705,79.817581,962.084167,209.342468,154.870712,1042.655396,70.275818,130.776657,1060.113647,-125.187653,-137.1819,1085.16626,-110.964569,-119.154831,1078.221558,98.067131
4.925,-20.155151,1680.850952,17.969793,-8.123901,1634.156616,115.501549,-90.935425,1602.10437,33.562412,-13.924616,1420.537354,-111.98658,48.557682,1248.137451,-165.551315,-64.326286,1241.442139,-148.162506,-1.264406,1317.241455,123.798828,146.797272,1334.944458,-151.756546,123.882889,1440.88269,-34.153,302.679688,1344.781006,21.795538,371.716003,1383.79895,127.427834,221.947662,1586.368408,138.659393,203.425247,1550.75415,52.530434,151.249924,1628.603638,122.609665,-139.720688,1316.238892,-101.70343,-129.602737,1411.160767,42.493122,-216.677399,1237.777832,81.815765,-182.280106,1111.495117,167.935928,33.00293,995.438538,212.85791,71.195763,1070.503784,171.706848,79.173599,962.373535,209.293259,154.923172,1042.962769,69.950844,131.17009,1058.949097,-125.742165,-136.735321,1083.727051,-112.026878,-121.286179,1075.277222,99.389824
4.933,-20.31386,1679.93103,20.026304,-8.156238,1631.9198,116.888405,-91.0728,1601.010376,34.795731,-13.365519,1419.507324,-112.983429,49.507496,1247.19812,-166.939011,-63.391991,1240.176636,-149.381393,-1.897561,1316.73999,122.931664,147.650543,1333.981323,-151.761841,124.236244,1440.137939,-34.305473,302.323944,1343.507568,22.556974,371.004089,1382.272339,128.752853,221.740997,1585.148926,139.929596,203.600677,1550.195801,53.62484,151.176208,1627.730957,123.452515,-139.042816,1314.865723,-103.488197,-130.566071,1410.456909,40.30286,-215.978363,1236.21521,79.338211,-183.062317,1111.248657,166.897034,32.084938,995.728271,212.831726,70.241798,1070.638794,171.554092,78.051735,962.345764,207.607224,154.849884,1043.730103,69.519279,131.549515,1057.897339,-126.341492,-136.208969,1082.260132,-113.099792,-126.179214,1070.75293,100.607285
4.942,-20.459604,1679.093872,22.123081,-8.121122,1629.884033,118.349419,-91.237152,1600.104858,35.766285,-12.816489,1418.576782,-113.956993,50.325237,1246.394531,-167.857605,-62.626518,1239.065796,-150.412964,-2.696276,1316.243164,121.944626,148.482468,1333.110229,-151.67897,124.654541,1439.466187,-34.405056,302.089081,1342.23877,23.570515,370.16745,1380.701416,129.455887,221.650955,1584.104492,141.58696,203.867142,1549.875122,54.795345,151.242172,1626.930176,125.161331,-138.408951,1313.765015,-105.101311,-131.25174,1409.934692,38.334644,-215.200363,1235.109985,77.379967,-183.832977,1111.092529,165.895981,30.934013,995.750122,212.557388,69.236137,1070.796387,171.444611,77.332779,962.575012,208.309845,154.390305,1044.410156,69.257141,132.079269,1056.959106,-126.728592,-135.726471,1080.945068,-114.201721,,,
4.95,-20.583294,1678.409058,23.86347,-8.180447,1627.945557,119.622757,-91.386513,1599.214722,36.760975,-12.352916,1417.819946,-114.775688,51.231117,1245.472778,-167.856628,-61.834595,1238.131348,-151.333267,-3.450994,1315.892944,121.428856,149.185562,1332.362427,-151.605286,124.973709,1438.821167,-34.457199,301.855408,1340.897705,24.534851,369.322968,1379.119141,130.824966,221.325119,1582.972656,143.251205,204.330795,1549.817505,56.028351,151.112518,1626.11792,127.315628,-137.871338,1312.799683,-106.521477,-131.803421,1409.470703,36.825508,-214.740738,1234.566406,75.914223,-184.899551,1111.080322,164.81662,30.030891,995.723755,212.333588,68.302635,1070.716064,171.322571,76.88932,962.621277,208.959015,154.373962,1044.412476,69.224846,132.584579,1056.243652,-127.086563,-135.149338,1079.668457,-115.294624,,,
4.958,-20.583519,1677.819336,25.67716,-8.186876,1626.337769,120.784912,-91.338081,1598.427246,38.322586,-11.884005,1417.245483,-115.443382,52.125961,1244.704834,-168.080246,-61.097504,1237.411743,-152.180176,-4.273004,1315.46875,120.709732,149.87883,1331.654785,-151.453674,125.265167,1438.168823,-34.466522,301.319855,1339.680298,25.707005,368.320587,1377.601562,132.090469,221.059708,1582.11438,145.207031,205.006897,1549.97583,57.38002,150.983612,1625.691895,129.095749,-137.419159,1312.208618,-107.612091,-132.1772,1409.384155,35.604439,-214.773193,1234.583862,74.859787,-185.774414,1111.017944,163.896423,29.185156,995.521912,211.869827,67.446869,1070.72876,171.271698,76.171181,962.604919,208.751816,154.247009,1044.196289,69.226089,133.130463,1055.756226,-127.220589,-134.676315,1078.610718,-116.193306,,,
4.967,-20.543571,1677.265381,27.358511,-8.255076,1624.772095,121.809502,-91.425789,1597.875366,38.889778,-11.516117,1416.880127,-116.037987,52.858624,1244.302002,-168.521027,-60.427616,1237.00293,-152.904831,-4.995295,1315.037842,120.19426,150.573196,1331.155396,-151.267883,125.470116,1437.599121,-34.40572,300.830688,1338.60376,26.940655,367.107117,1376.004028,133.495743,220.747696,1581.307861,147.563705,205.577347,1550.435059,58.962494,150.76178,1625.154907,130.909866,-137.049744,1311.828369,-108.519936,-132.214249,1409.231323,34.460472,-215.450668,1235.004272,74.121101,-186.641022,1110.910278,163.009338,28.200066,995.481995,211.634644,66.644394,1070.799438,171.223251,74.99379,962.426697,207.045776,153.94632,1044.021362,69.177658,133.71521,1055.497192,-127.278831,-134.068375,1077.574219,-117.212746,,,
4.975,-20.43149,1676.963013,28.793722,-8.237396,1623.502197,122.768074,-91.439423,1597.514404,39.338253,-11.094723,1416.654053,-116.570633,53.448307,1244.049561,-168.702408,-59.863075,1236.808838,-153.499649,-5.602603,1314.632812,119.650063,151.15509,1330.769775,-151.144073,125.671249,1437.183228,-34.308662,300.140778,1337.511597,28.147503,365.954712,1374.657959,134.925888,219.954498,1580.385864,149.78302,206.35791,1551.136353,60.950439,150.34024,1624.938599,134.048401,-136.807571,1311.685303,-109.334,-132.165817,1409.217773,33.716549,-216.571213,1235.680176,73.678123,-187.73056,1110.887451,162.13974,27.231136,995.491638,211.386841,65.817947,1070.86084,171.112854,74.104507,962.668091,207.716553,153.640564,1044.051147,69.25489,134.277756,1055.397461,-127.310318,-133.545654,1076.780884,-117.950142,,,
4.983,-20.208698,1676.788818,30.132713,-8.182167,1622.515381,123.681129,-91.385689,1597.356567,39.861637,-10.772597,1416.532227,-116.898552,53.94907,1243.912964,-168.818222,-59.446716,1236.793945,-153.904892,-6.165111,1314.303955,119.406151,151.638977,1330.528442,-150.960281,125.845268,1436.811279,-34.150749,299.333862,1336.664307,29.437944,364.66629,1373.105103,136.507812,219.388123,1579.67749,152.682037,206.848343,1551.931519,63.112595,150.107224,1624.98877,136.361374,-136.6465,1311.800415,-109.914925,-132.006805,1409.351074,33.241917,-218.106827,1236.554321,73.367538,-188.678757,1110.949097,161.416351,26.280327,995.502502,211.067917,65.009789,1070.940674,170.954941,73.540382,962.793274,208.324905,153.361801,1044.251099,69.434006,134.793304,1055.453003,-127.240982,-132.969025,1076.081177,-118.519722,,,
4.992,-19.718054,1676.70105,31.385242,-8.189897,1621.636108,124.444031,-91.27066,1597.410767,40.413334,-10.479833,1416.598389,-117.108681,54.333916,1243.944824,-169.018066,-59.108715,1236.982056,-154.275284,-6.834394,1314.116699,119.360893,152.005081,1330.428345,-150.720444,125.972511,1436.564331,-33.942402,298.450592,1335.728149,30.756952,363.328217,1371.830078,138.220612,218.658508,1579.11731,155.88681,207.142242,1552.916748,65.930336,150.141907,1625.48645,138.82338,-136.532654,1312.068726,-110.315842,-131.901321,1409.468994,32.687977,-219.444733,1237.470215,73.214714,-189.54866,1111.139526,160.771164,25.351856,995.60022,210.487732,64.10096,1071.234253,170.748016,72.397064,962.862854,206.37648,153.116638,1044.575195,69.613525,135.346191,1055.72168,-127.095924,-132.49585,1075.592651,-118.978569,,,
5.0,-19.244789,1676.835205,32.413662,-8.070112,1621.108521,125.144272,-91.102493,1597.719116,40.798695,-10.267873,1416.785889,-117.18718,54.620678,1244.062012,-168.947403,-58.843479,1237.319824,-154.542603,-7.628707,1314.108887,119.214333,152.324646,1330.430054,-150.432053,126.039001,1436.439819,-33.703144,297.59671,1335.069946,31.969141,361.908966,1370.441406,139.869705,217.669373,1578.378418,159.478027,207.200195,1553.578491,68.955513,150.162216,1626.349243,141.825912,-136.468445,1312.508911,-110.561821,-131.845947,1409.799927,32.392303,-220.880188,1238.532593,72.994293,-190.626678,1111.447998,160.150833,24.512831,995.908325,209.838776,63.149281,1071.63623,170.388702,71.544487,963.417053,206.817825,152.883789,1045.077271,69.953171,136.016968,1056.195923,-126.829239,-131.994797,1075.279297,-119.342995,,,
5.008,-18.716455,1677.14917,33.362419,-7.839849,1620.85376,125.785545,-90.871407,1598.325562,41.311371,-10.100703,1417.063721,-117.157272,54.780087,1244.36145,-168.802521,-58.664349,1237.743042,-154.647476,-8.155416,1314.286987,119.230202,152.534317,1330.539062,-150.041977,126.070587,1436.417114,-33.357403,296.580688,1334.449463,33.307964,360.515045,1369.131348,141.416061,216.589584,1577.832153,163.35083,206.971985,1553.942871,72.480927,150.324829,1627.690674,145.054672,-136.391525,1313.047607,-110.79837,-131.84166,1410.276733,32.258816,-221.865219,1239.414062,72.794624,-191.578308,1111.917603,159.643494,23.575214,996.467712,209.458725,62.166542,1072.089233,170.048721,71.087624,964.016724,207.336395,152.71286,1045.597046,70.258102,136.554031,1056.761719,-126.575722,-131.551178,1075.194946,-119.546196,,,
5.017,-18.036903,1677.602173,34.080803,-7.481569,1620.894775,126.314384,-90.591553,1599.066772,41.755104,-9.971189,1417.478271,-116.965286,54.858307,1244.786377,-168.74295,-58.545372,1238.324951,-154.643677,-8.543294,1314.533081,119.30423,152.667984,1330.814087,-149.69043,126.067192,1436.498901,-32.83572,295.707977,1333.969971,34.537968,359.133545,1367.83667,143.156403,215.518265,1576.960571,167.497559,206.388,1554.341919,76.277397,150.583511,1628.876221,148.725861,-136.386215,1313.636475,-110.950577,-131.925156,1410.818848,32.105473,-222.553757,1240.283447,72.420288,-192.482941,1112.578369,159.221588,22.677341,996.94812,208.941757,61.147724,1072.751831,169.706802,70.27961,964.702393,206.942596,152.524597,1046.104492,70.581039,137.032425,1057.567627,-126.351639,-131.130966,1075.302734,-119.651367,,,
5.025,-17.191532,1678.212036,34.818027,-7.010437,1621.25293,126.794365,-90.384026,1600.048828,41.395683,-9.946404,1417.972656,-116.711197,54.940693,1245.286377,-168.355881,-58.51667,1238.957397,-154.525528,-8.860564,1314.868042,119.391174,152.744797,1331.268433,-149.313766,126.026886,1436.644775,-32.284206,294.860321,1333.590454,35.789463,357.735779,1366.451904,144.966156,214.437683,1576.144043,171.96402,205.847015,1554.693237,80.368553,150.965408,1629.890381,153.09407,-136.415634,1314.27124,-110.917656,-132.151688,1411.54895,32.113621,-222.91478,1240.882446,72.179878,-193.404968,1113.339111,158.831238,21.770346,997.542786,208.287766,60.199825,1073.483765,169.312912,69.642891,965.425476,206.505768,152.45459,1046.691284,70.928108,137.492203,1058.477173,-126.127792,-130.707001,1075.58606,-119.653603,,,
5.033,-16.295124,1679.051392,35.201668,-6.538976,1621.772339,127.169952,-89.979073,1601.285767,41.835148,-9.951263,1418.528076,-116.404442,55.037518,1245.952759,-167.845016,-58.495548,1239.736694,-154.325058,-9.167388,1315.299194,119.570831,152.728195,1331.868896,-148.832932,126.052437,1436.92749,-31.712715,294.02655,1333.354858,36.938553,356.325623,1365.194702,146.817505,213.119904,1574.957642,177.366745,204.985504,1555.253784,84.796402,151.259384,1630.511841,158.271835,-136.511322,1314.998535,-110.784676,-132.465729,1412.239868,32.251034,-223.014465,1241.406372,71.908684,-194.335358,1114.132812,158.589386,21.054743,998.442444,207.873886,59.146393,1074.455688,168.942947,68.937141,966.386108,206.099533,152.377731,1047.3479,71.313194,138.024963,1059.447266,-125.949387,-130.246872,1076.038086,-119.71315,,,
5.042,-15.558534,1679.88562,35.424789,-5.957777,1622.658447,127.497238,-89.53772,1602.597656,42.053249,-9.919355,1419.196289,-115.926231,54.989208,1246.834595,-167.384796,-58.524387,1240.536621,-154.05809,-9.546751,1315.94104,119.811005,152.677948,1332.551392,-148.310226,126.061424,1437.328613,-30.94018,293.404755,1333.084229,38.035213,354.8414,1363.690186,148.591034,211.628098,1573.348267,182.247574,204.304932,1555.945679,89.375801,151.453873,1630.585815,164.468307,-136.580536,1315.849609,-110.681862,-132.796738,1412.953125,32.324604,-222.956284,1242.061157,71.598503,-195.108475,1114.848389,158.462494,20.370926,999.704529,207.649506,58.394291,1075.560059,168.582001,68.243515,967.539856,205.685791,152.362076,1048.007568,71.561157,138.518372,1060.562988,-125.676033,-129.790619,1076.650513,-119.684464,,,
5.05,-14.637128,1680.884521,35.684067,-5.498966,1623.663452,127.690315,-89.026047,1604.127563,42.696842,-9.949278,1419.955078,-115.376976,54.9604,1247.671509,-166.811554,-58.595177,1241.387085,-153.76358,-9.951138,1316.565552,120.096893,152.589767,1333.350708,-147.663437,125.993477,1437.793823,-30.066961,292.828644,1332.899536,39.080013,353.439758,1362.335693,150.486557,209.984634,1571.395142,188.128494,203.729797,1556.981567,94.688324,150.458832,1629.638428,167.570206,-136.611084,1316.587646,-110.43737,-133.140076,1413.682251,32.574627,-222.842926,1242.648804,71.307625,-195.846329,1115.767944,158.583221,19.818888,1000.728271,207.327179,57.546124,1076.658813,168.15889,67.763756,968.677307,205.477722,152.282211,1048.712769,71.844566,139.033081,1061.725342,-125.413879,-129.413071,1077.379883,-119.658607,,,
5.058,-13.623092,1681.950806,35.66304,-4.911938,1625.279785,128.951279,-88.723801,1605.643311,42.77998,-10.102054,1420.773804,-114.752724,54.965942,1248.650391,-166.263885,-58.613022,1242.399292,-153.440765,-10.415068,1317.280762,120.515205,152.568848,1334.291626,-146.887344,125.898613,1438.341675,-29.082972,292.150696,1332.809937,40.204605,352.09552,1360.992432,152.296234,207.824081,1568.857666,194.228271,203.102158,1558.209717,100.557999,149.735641,1628.796997,175.121658,-136.752914,1317.474731,-110.145065,-133.525299,1414.650757,32.870724,-222.70491,1243.317627,71.125008,-196.519989,1116.629883,158.657883,19.430996,1001.833069,206.943909,56.890095,1077.905762,167.753937,67.379547,969.981934,205.186157,152.200104,1049.431885,72.044289,139.511993,1062.947266,-125.187592,-129.081055,1078.271606,-119.827736,,,
5.067,-12.741765,1683.067139,35.732315,-4.555099,1626.450439,128.269592,-88.32122,1607.282593,42.872551,-10.235711,1421.654541,-113.960777,54.874969,1249.775879,-165.672379,-58.614418,1243.297119,-152.984268,-10.89969,1318.071045,121.011269,152.552124,1335.317261,-146.049957,125.798035,1438.957031,-28.011663,291.687653,1332.829712,41.32658,350.830536,1359.582397,153.947006,205.775955,1566.155151,200.832626,202.324524,1559.474609,106.937378,148.857239,1627.527954,183.670853,-136.814484,1318.319214,-109.839455,-133.88678,1415.57312,33.123398,-222.744171,1243.989136,71.172554,-197.213577,1117.551636,158.825058,19.061737,1003.140564,206.573105,56.264153,1079.023804,167.271317,67.180122,971.252136,204.813095,152.09816,1050.209961,72.200752,139.947189,1064.237915,-124.805473,-128.691635,1079.238403,-119.926155,,,
5.075,-12.006393,1684.27478,35.506302,-3.934507,1627.983643,128.588806,-87.96994,1609.020508,43.300003,-10.361056,1422.539307,-113.207748,54.92836,1250.943726,-164.896301,-58.619949,1244.440796,-152.580322,-11.234112,1318.777344,121.576828,152.434494,1336.462158,-145.111221,125.66893,1439.712402,-26.756218,291.208649,1332.895874,42.499783,349.586945,1358.059692,155.997299,203.629471,1563.010986,208.120712,201.434448,1560.506348,114.016647,148.040894,1625.720093,193.14743,-136.868469,1319.203003,-109.368011,-134.289169,1416.424194,33.588238,-222.972214,1244.716309,71.340332,-197.717178,1118.375,159.103943,18.667791,1004.323975,206.489044,55.725559,1080.304077,166.801056,66.897461,972.531128,204.40802,152.021454,1050.885986,72.340462,140.418716,1065.614624,-124.496048,-128.221176,1080.229858,-120.002663,,,
5.083,-11.182584,1685.474731,35.197254,-3.471014,1629.533203,128.406769,-87.605812,1610.658691,43.075275,-10.483033,1423.490112,-112.313461,55.072033,1252.143555,-164.089142,-58.557804,1245.494385,-152.077744,-11.400766,1319.202148,121.006065,152.341354,1337.564941,-144.014297,125.546844,1440.421021,-25.37356,290.706177,1333.037231,43.712555,348.44574,1356.731812,157.712448,201.574097,1559.705322,216.403854,200.102798,1561.19104,121.714828,146.702942,1623.3479,203.131744,-137.015976,1320.166748,-108.944656,-134.713837,1417.408936,33.937317,-223.275726,1245.609131,71.58609,-198.1362,1119.172852,159.402512,18.497143,1005.406616,206.083832,55.388714,1081.432373,166.32309,66.797348,973.711914,203.920044,151.98584,1051.672363,72.457703,140.82489,1067.042847,-124.203194,-127.696129,1081.271973,-120.280289,,,
5.092,-10.386678,1686.665894,35.053288,-2.894173,1631.14502,128.638321,-87.234772,1612.414917,43.365002,-10.579018,1424.491943,-111.315254,55.096447,1253.532104,-163.288574,-58.493458,1246.681152,-151.541641,-11.849505,1320.344727,122.824516,152.291153,1338.848511,-142.87175,125.568237,1441.255493,-24.026064,290.217987,1333.063232,45.078053,347.350067,1355.052368,159.786057,199.428925,1555.820435,224.512497,198.573425,1561.395874,130.04213,145.70134,1620.434692,214.008255,-137.123032,1321.092651,-108.519753,-135.103439,1418.338623,34.530945,-223.688919,1246.574097,71.927704,-198.466553,1119.950439,159.750626,18.459257,1006.583557,205.478409,55.220707,1082.657715,165.746658,66.73262,974.869873,203.280441,151.924988,1052.414795,72.591774,141.322205,1068.563477,-123.763336,-127.265793,1082.411377,-120.429329,,,
5.1,-9.573805,1687.956177,34.768909,-2.332716,1632.942383,128.84758,-86.904243,1614.104004,43.540127,-10.628104,1425.476685,-110.351044,55.176846,1254.786743,-162.501984,-58.4338,1247.881958,-151.074341,-12.245011,1321.137573,123.752899,152.288864,1340.078003,-141.579987,125.48745,1442.148682,-22.425882,289.821899,1333.22522,46.516685,346.300049,1353.349609,161.71962,197.315323,1551.62146,233.031342,196.745667,1560.971924,138.872803,144.225296,1616.844604,225.346588,-137.221008,1322.081055,-107.943466,-135.388916,1419.209961,35.115715,-224.189423,1247.555664,72.466431,-198.723312,1120.708496,159.96283,18.55139,1007.319824,204.693481,54.967228,1083.655151,165.186401,66.764679,975.949402,202.548996,151.846207,1053.143188,72.764603,141.814346,1070.143433,-123.411194,-126.785751,1083.577515,-120.782677,,,
5.108,-8.891374,1689.039673,34.403374,-1.81179,1634.618042,128.446671,-86.582268,1615.789795,43.596146,-10.743932,1426.500122,-109.319115,55.354229,1256.241333,-161.618942,-58.339348,1249.080078,-150.507294,-12.536435,1321.871582,124.544861,152.282593,1341.442993,-140.355667,125.501144,1442.954712,-20.790503,289.476562,1333.067993,47.991478,345.184875,1351.662842,163.646912,195.441193,1546.919556,241.914352,194.49704,1559.866821,148.19133,142.682098,1612.238647,237.352615,-137.284836,1323.198853,-107.437996,-135.519348,1420.136108,35.651714,-224.639969,1248.530396,73.066048,-198.958267,1121.476807,160.233795,18.660187,1008.203735,203.967392,54.940411,1084.670288,164.520203,66.887398,976.946838,201.864914,151.907135,1053.784546,72.856758,142.305847,1071.779175,-123.009705,-126.362007,1084.605469,-120.877052,,,
5.117,-8.176069,1690.366699,33.874573,-1.34119,1636.277588,128.077026,-86.324715,1617.449341,43.817471,-10.756921,1427.545044,-108.212036,55.557262,1257.592651,-160.76741,-58.231827,1250.411743,-149.91449,-12.834299,1322.520752,125.366714,152.366882,1342.673462,-138.918152,125.535515,1443.832275,-18.947948,289.219543,1332.88269,49.480423,344.23468,1349.761108,165.462906,193.48262,1541.742065,251.236893,192.099243,1558.230469,158.036911,140.790146,1606.928345,249.69519,-137.362152,1324.199829,-106.822769,-135.69191,1420.908081,36.437244,-224.959335,1249.496948,73.681015,-199.177109,1122.254761,160.400787,18.790663,1009.079834,202.993774,54.930649,1085.645752,163.806992,67.057129,977.882019,200.88147,152.003311,1054.372314,73.009453,142.674469,1073.449341,-122.66555,-125.852539,1085.797729,-121.144432,,,
5.125,-7.511438,1691.519409,33.663448,-0.869906,1638.010742,128.055069,-86.055367,1619.09314,43.735634,-10.783262,1428.616455,-107.119568,55.660595,1259.065796,-159.956314,-58.039234,1251.67395,-149.348282,-13.081392,1323.016113,126.105431,152.498962,1344.090332,-137.456177,125.635773,1444.736694,-17.151733,288.96875,1332.635376,51.108185,343.153351,1348.156128,167.12413,191.572296,1535.87146,260.828674,189.357178,1556.075195,168.353714,138.487518,1600.654297,262.452301,-137.386002,1325.411743,-106.242592,-135.813705,1421.800293,37.271,-225.248993,1250.558838,74.260376,-199.270264,1122.808105,160.556152,19.015352,1009.706604,202.075272,55.061623,1086.462646,162.998077,66.968422,978.559692,198.603287,152.107162,1054.849731,73.116821,143.116318,1075.149048,-122.40638,-125.482185,1086.942383,-121.250557,,,
5.133,-7.002763,1692.597412,33.097443,-0.479699,1639.702881,127.96463,-85.75943,1620.63208,44.079769,-10.736179,1429.731445,-105.923904,55.942684,1260.480713,-159.054886,-57.850285,1253.043823,-148.720078,-13.388121,1323.469604,126.893494,152.574814,1345.380127,-135.921799,125.736458,1445.626831,-15.223186,288.573578,1332.138184,52.756866,342.148468,1346.053345,169.056625,189.515564,1529.518799,270.565521,186.17099,1553.31897,179.004425,136.091644,1593.407593,275.422974,-137.466751,1326.542969,-105.608421,-135.915344,1422.751587,38.087112,-225.476898,1251.524292,74.876076,-199.333038,1123.312866,160.741455,19.242838,1010.233276,201.030243,55.102692,1087.21167,162.203278,67.280144,979.332886,197.495239,152.311752,1055.380981,73.225395,143.508377,1076.913086,-122.080261,-125.07431,1088.112671,-121.443718,,,
5.142,-6.389553,1693.734985,32.713345,-0.08784,1641.358765,127.825943,-85.484772,1622.210205,44.017624,-10.706762,1430.844727,-104.804054,56.183556,1261.873291,-158.215363,-57.685848,1254.375,-148.123062,-13.676059,1323.849976,127.647697,152.766098,1346.651001,-134.247421,125.616539,1446.204468,-12.90169,288.249969,1331.688354,54.460423,341.221039,1343.997925,171.088196,187.54454,1522.426147,280.575562,182.585403,1549.743652,190.063171,133.359085,1585.222534,288.678558,-137.454803,1327.754639,-104.897064,-136.005051,1423.505371,38.628983,-225.691116,1252.395264,75.428764,-199.372971,1123.809692,160.793839,19.416927,1010.743958,199.959656,55.297543,1088.035522,161.255234,67.52375,979.995728,196.143951,152.495422,1055.842529,73.30088,143.893631,1078.485718,-121.879211,-124.73494,1089.222412,-121.504059,,,
5.15,-5.7616,1694.743896,32.312855,0.334485,1642.916504,127.760483,-85.188667,1623.567017,44.123432,-10.583539,1431.953003,-103.561836,56.379986,1263.348389,-157.47258,-57.4813,1255.701416,-147.651398,-13.964846,1324.186401,128.404739,152.982056,1348.009155,-132.599564,125.693275,1446.950928,-10.703672,287.941071,1331.057251,56.239296,340.239899,1341.828613,173.020996,185.654556,1514.789307,290.632141,178.782013,1545.346802,201.266785,130.36084,1576.050293,301.903442,-137.454849,1328.952026,-104.341377,-136.191376,1424.430908,39.547379,-225.784378,1253.303467,75.918663,-199.340851,1124.281006,160.757172,19.870825,1011.503723,198.858841,55.41119,1088.588989,160.272537,67.828461,980.518921,194.973846,152.700378,1056.189819,73.322876,144.289154,1080.089233,-121.578781,-124.303711,1090.344971,-121.672127,,,
5.158,-5.187097,1695.67981,31.911369,1.014831,1644.690552,127.371101,-84.897751,1625.004883,44.202087,-10.427789,1433.078979,-102.434517,56.787426,1264.713745,-156.5896,-57.266151,1257.0802,-147.079071,-14.158493,1324.437988,129.150681,153.191193,1349.239502,-130.928497,125.771523,1447.556396,-8.420562,287.677765,1330.344482,58.136646,339.299652,1339.542114,175.154266,183.591782,1506.442505,300.637238,174.563614,1539.863525,212.513489,127.376396,1566.007446,314.945282,-137.34166,1330.168701,-103.710663,-136.27417,1425.176636,40.316502,-225.784286,1254.041138,76.294273,-199.206833,1124.732056,160.651642,20.225723,1011.517029,197.276428,55.555172,1089.108154,159.296097,68.208572,981.112915,193.898407,152.963943,1056.502563,73.331863,144.738678,1081.683716,-121.328568,-124.046234,1091.448486,-121.513077,,,
5.167,-4.629035,1696.576416,31.524784,1.291072,1645.904175,127.495094,-84.66507,1626.311279,44.004227,-10.274913,1434.13623,-101.186172,57.015999,1266.134888,-155.788132,-57.02404,1258.352905,-146.54393,-14.361646,1324.604858,129.797195,153.488052,1350.450928,-129.126236,125.768471,1448.131348,-5.909585,287.256897,1329.561401,60.202614,338.289978,1337.121094,177.328278,181.336914,1497.376099,310.223602,170.13974,1533.539551,223.758118,124.32991,1554.728271,328.105865,-137.297607,1331.397705,-103.217918,-136.348923,1426.056885,41.164917,-225.676193,1254.72583,76.607574,-199.130264,1125.203003,160.454971,20.666613,1012.009521,196.39447,55.66,1089.526855,158.243408,68.478554,981.769897,192.831512,153.362411,1056.843506,73.343803,145.124771,1083.158325,-121.050926,-123.752716,1092.494263,-121.495262,,,
5.175,-4.078129,1697.399902,31.090136,1.516315,1647.273315,127.430992,-84.326569,1627.492554,44.343704,-10.039473,1435.201538,-100.006287,57.4034,1267.408569,-154.978867,-56.736572,1259.608154,-146.012405,-14.539618,1324.759766,130.467117,153.813278,1351.589722,-127.303764,126.08625,1448.750122,-3.609965,286.849945,1328.624878,62.261433,337.188599,1334.498413,179.554977,178.952866,1487.496582,319.986084,165.452164,1526.378174,234.767242,120.679321,1542.359741,340.715576,-137.18045,1332.540161,-102.671371,-136.467224,1426.883545,41.911816,-225.517166,1255.362671,76.757019,-198.924484,1125.506348,160.142212,20.840607,1012.40918,195.35643,55.790001,1089.934204,157.229538,68.952888,982.206726,192.81546,153.711594,1057.123413,73.360764,145.326187,1084.650513,-120.953445,-123.519279,1093.454956,-121.428215,,,
5.183,-3.582354,1698.188721,30.729803,2.029583,1648.589722,127.306778,-84.065186,1628.742432,44.283409,-9.711341,1436.228149,-98.809692,57.886871,1268.663452,-154.143234,-56.410282,1260.820557,-145.46376,-14.705922,1324.875122,131.098755,154.258087,1352.726807,-125.46067,126.154167,1449.064087,-1.114326,286.455322,1327.724731,64.407867,336.103027,1331.807251,181.866562,176.286774,1476.722534,329.338135,160.203476,1518.588623,245.869843,116.799179,1528.542603,352.990204,-137.060226,1333.636353,-102.304863,-136.553513,1427.656006,42.601822,-225.447845,1255.896484,76.86924,-198.709,1125.797241,159.824265,21.228668,1012.722229,194.291473,56.099926,1090.302002,156.226364,69.435905,982.573547,192.004028,154.112839,1057.355225,73.356842,145.775818,1086.041748,-120.771111,-123.232399,1094.387329,-121.373322,,,
5.192,-2.949301,1698.905029,30.284563,2.486083,1649.715698,127.263885,-83.609741,1629.74585,44.600651,-9.441898,1437.125977,-97.805176,58.28072,1269.869019,-153.454224,-56.06702,1261.947876,-145.050797,-14.844382,1324.922485,131.629089,154.652008,1353.734375,-123.599861,126.280205,1449.290283,1.424944,285.909332,1326.62207,66.680405,334.796265,1328.883301,184.329041,173.182968,1465.155151,338.171295,154.987549,1509.797607,256.769989,112.145081,1513.852051,364.319153,-136.929016,1334.708496,-101.931381,-136.670471,1428.268921,43.253265,-225.40126,1256.329224,76.829842,-198.461761,1126.004761,159.46286,21.644884,1012.898804,192.987457,56.344948,1090.540039,155.319412,69.651855,982.899231,190.940979,154.490036,1057.549927,73.409073,146.14592,1087.365234,-120.702957,-122.999474,1095.270386,-121.136948,,,
5.2,-2.50073,1699.466064,29.933697,2.96168,1650.846069,127.139313,-83.333115,1630.712158,45.095276,-9.016077,1438.119751,-96.729515,58.762676,1271.002563,-152.839783,-55.695644,1262.974243,-144.665466,-14.944119,1324.957642,132.069,155.194504,1354.65271,-121.76313,126.6782,1449.522705,3.842172,285.376984,1325.487549,69.023422,333.53009,1325.9198,186.741318,169.833801,1452.57959,346.963867,149.565201,1500.34082,267.456573,107.568695,1497.754761,375.353271,-136.670746,1335.665405,-101.691811,-136.710999,1428.880615,43.64286,-225.387695,1256.709961,76.733604,-198.169724,1126.173828,159.079178,21.894773,1013.007141,191.942184,56.581215,1090.753296,154.465042,69.880676,983.153015,190.081192,154.853348,1057.674683,73.414322,146.517105,1088.643677,-120.664536,-122.754417,1096.087646,-120.941826,,,
5.208,-1.974986,1699.974976,29.580635,3.364393,1651.846191,126.994835,-83.161278,1631.663818,44.849625,-8.57025,1439.003174,-95.783249,59.442478,1272.030518,-152.160843,-55.214699,1263.978027,-144.401917,-15.023127,1324.985107,132.531693,155.745682,1355.534058,-119.89006,126.814217,1449.467651,6.547237,284.761078,1324.17395,71.393326,332.19101,1322.898682,189.215439,166.155884,1439.097168,355.023895,144.423447,1490.301025,276.772125,102.683998,1480.684448,385.84491,-136.445419,1336.538086,-101.56369,-136.821442,1429.332153,43.975304,-225.384109,1257.130981,76.510254,-197.91333,1126.376343,158.555298,22.110857,1013.057739,191.094086,56.928322,1091.000366,153.75209,70.128235,983.290344,189.114563,155.15596,1057.752197,73.388199,146.926956,1089.741333,-120.613655,-122.403816,1096.835327,-120.816223,,,
5.217,-1.438908,1700.440308,29.275269,3.764287,1652.703613,126.901344,-82.809982,1632.514404,44.676594,-8.082523,1439.804932,-94.881073,59.971424,1273.069824,-151.686554,-54.678642,1264.828857,-144.158829,-14.994752,1324.998413,132.92244,156.401382,1356.314819,-117.967834,127.057251,1449.413086,9.128016,284.098602,1322.838623,73.797363,330.760193,1319.728882,191.861526,162.34256,1425.095947,362.750763,138.101578,1478.743896,287.39212,97.369682,1462.766602,395.481049,-136.155945,1337.410645,-101.487648,-136.969894,1429.880981,44.417152,-225.353073,1257.4823,76.260506,-197.650681,1126.576904,158.066208,22.320139,1013.165955,190.296356,57.321945,1091.12439,153.142792,70.013664,983.191467,186.71524,155.459915,1057.805786,73.320328,147.434021,1090.871704,-120.640129,-122.162949,1097.520142,-120.686287,,,
5.225,-0.693658,1700.792725,29.178045,4.181084,1653.473267,126.832306,-82.446327,1633.128906,44.950378,-7.531907,1440.546753,-94.115028,60.61557,1274.015747,-151.21254,-54.105789,1265.57666,-143.930084,-15.046355,1324.943604,133.220444,157.044205,1356.947632,-116.053894,127.361519,1449.150513,11.647332,283.430176,1321.403564,76.416794,329.188141,1316.400513,194.590134,158.181564,1410.101196,370.026947,131.837234,1465.978149,297.145416,92.163422,1444.018677,404.41629,-135.887161,1338.164551,-101.683128,-137.068893,1430.326538,44.431507,-225.348511,1257.803833,75.857536,-197.389969,1126.744873,157.521133,22.451588,1013.120056,189.578445,57.611862,1091.196655,152.659744,70.223076,983.141663,186.391769,155.750946,1057.856689,73.18576,147.867569,1091.853027,-120.611763,-121.940292,1098.101196,-120.489861,,,
5.233,-0.161556,1701.212891,28.892969,4.589682,1654.051392,126.711327,-82.176445,1633.768066,45.025146,-6.883279,1441.174438,-93.401321,61.433369,1274.787476,-150.760178,-53.572472,1266.249756,-143.779678,-15.162604,1324.813599,133.570328,157.808777,1357.566406,-114.123413,127.402084,1448.712402,14.305269,282.52536,1319.818726,79.145378,327.588898,1313.103638,197.361221,154.00824,1394.625,376.755646,125.05114,1452.316162,306.422302,86.825989,1424.456055,412.873383,-135.491852,1338.775391,-101.913452,-137.185425,1430.630981,44.287045,-225.351288,1258.125244,75.391243,-197.115677,1126.894653,156.957947,22.584965,1013.016968,189.03299,57.877575,1091.169434,152.240967,70.677994,983.053528,186.611877,156.056641,1057.923218,73.00116,148.327515,1092.754639,-120.659088,-121.700661,1098.64209,-120.29985,,,
5.242,0.42414,1701.480591,28.662807,5.089316,1654.57019,126.609337,-81.811768,1634.421387,44.80299,-6.228987,1441.772705,-92.807358,62.192966,1275.534668,-150.426483,-52.928616,1266.818115,-143.749329,-15.231339,1324.157104,134.098236,158.634277,1357.970947,-112.109833,127.733421,1448.205688,17.04554,281.623199,1318.17688,81.960342,325.895416,1309.715454,200.346817,149.713943,1378.426514,382.80072,118.638695,1437.796387,315.006531,81.38678,1404.236572,420.085449,-135.017075,1339.376709,-102.233322,-137.160553,1430.817749,44.088203,-225.297104,1258.304321,74.865829,-196.906067,1127.023926,156.329514,22.689678,1012.833374,188.445557,58.219433,1091.104126,151.887268,70.819435,982.856689,186.167938,156.350937,1057.99585,72.799156,148.713928,1093.586426,-120.711739,-121.500946,1099.060425,-120.163635,,,
5.25,1.071934,1701.638428,28.332592,5.675568,1654.957153,126.521187,-81.387993,1634.984985,44.524525,-5.486461,1442.323242,-92.297371,63.105522,1276.215942,-150.092453,-52.207241,1267.345703,-143.874283,-14.617877,1324.273438,134.041122,159.575958,1358.340088,-110.161583,128.059494,1447.484619,19.921703,280.682159,1316.46167,84.937057,324.058807,1306.028687,203.484833,145.180786,1361.620361,388.240906,112.313599,1422.783813,321.946503,75.824791,1383.206665,426.318024,-134.536774,1339.803955,-102.644127,-137.193176,1431.050781,43.726776,-225.248398,1258.475586,74.239914,-196.754166,1127.16748,155.640793,22.707846,1012.548218,187.772095,58.524551,1090.998901,151.676208,70.761292,982.489746,185.390121,156.65155,1058.082886,72.561569,149.177597,1094.364502,-120.802971,-121.313255,1099.374512,-120.009697,,,
5.258,1.716693,1701.690796,28.165876,6.40417,1655.218506,126.440704,-80.945778,1635.450562,44.428638,-4.685501,1442.773804,-91.90406,64.050529,1276.831909,-149.844971,-51.476665,1267.800415,-144.14151,-14.600834,1323.813599,134.292282,160.603546,1358.685791,-108.14283,128.274277,1446.712769,22.728561,279.896179,1314.424194,88.035545,322.153076,1302.268066,206.667938,140.542084,1344.406372,393.018158,105.266113,1406.690063,328.978973,70.250916,1361.476929,431.365692,-134.025696,1340.150879,-103.289238,-137.194855,1431.171753,43.287849,-225.177094,1258.599609,73.549171,-196.583954,1127.260132,154.94191,22.641249,1012.267334,187.191559,58.794361,1090.898315,151.542236,70.659805,982.076294,184.741821,157.030212,1058.255737,72.239471,149.615662,1094.998657,-121.031647,-121.093163,1099.543823,-119.859962,,,
5.267,2.488441,1701.775635,28.060835,7.082973,1655.40918,126.35611,-80.45816,1635.821777,44.715668,-3.927063,1443.126343,-91.65522,65.02697,1277.334351,-149.706848,-50.692451,1268.103638,-144.358002,-14.03187,1323.31897,134.238617,161.613449,1358.885864,-106.034515,128.609177,1445.891357,25.758015,279.030579,1312.530151,91.121353,320.079285,1298.188965,210.100693,135.891647,1327.031006,396.68042,97.934586,1390.411621,334.533875,64.632011,1339.11377,435.084229,-133.416107,1340.413574,-103.886528,-137.241882,1431.210815,42.653469,-225.124268,1258.664429,72.73452,-196.496719,1127.314087,154.123154,22.469469,1011.936279,186.586273,59.038361,1090.751709,151.507385,70.463989,981.641418,184.113998,157.30864,1058.384033,71.904953,150.027847,1095.576538,-121.401451,-120.840523,1099.589111,-119.735832,,,
5.275,3.27477,1701.806274,28.044941,7.765339,1655.444946,126.199036,-79.798027,1636.124268,45.357719,-3.052936,1443.43042,-91.495834,66.172539,1277.835815,-149.551559,-49.757668,1268.364868,-144.673981,-13.854089,1323.010376,134.071335,162.699631,1358.948608,-103.887497,128.833496,1444.883789,28.765783,278.3703,1310.341553,94.222809,317.851471,1293.835449,213.62323,131.06868,1309.06897,399.432343,90.635529,1372.757935,339.392365,58.98764,1316.393188,437.254303,-132.573364,1340.384277,-104.049088,-137.292023,1431.259766,42.023487,-224.989334,1258.663086,71.618881,-196.454086,1127.304443,153.335266,22.22921,1011.57428,186.03009,59.292778,1090.5625,151.509445,70.150345,981.115967,183.389725,157.659775,1058.551758,71.512169,150.408813,1096.04895,-121.760971,-120.542465,1099.574707,-119.626953,,,
5.283,3.994938,1701.767212,27.916004,8.4165,1655.343506,126.126495,-79.261673,1636.357178,45.476677,-2.146285,1443.704712,-91.324699,67.296219,1278.248535,-149.541199,-48.767159,1268.591919,-145.100052,-13.206944,1322.269531,133.859558,163.766632,1358.991577,-101.744476,129.018585,1443.806885,31.749603,277.488251,1308.036255,97.515823,315.35907,1289.183228,217.17485,126.063957,1290.843872,401.248199,83.368317,1355.087891,343.376587,53.170456,1293.389893,438.088104,-131.946213,1340.489136,-104.870911,-137.406311,1431.105103,41.28511,-224.983963,1258.525513,70.628036,-196.392868,1127.209717,152.381393,21.994171,1011.114929,185.31105,59.477177,1090.3396,151.562149,69.853065,980.549988,182.759857,158.109207,1058.747314,71.066208,150.758453,1096.43335,-122.23597,-120.237526,1099.327881,-119.772835,,,
5.292,4.712095,1701.604614,27.892706,9.25749,1655.075684,126.141235,-78.800774,1636.499023,45.462009,-1.247385,1443.963013,-91.236809,68.482803,1278.660645,-149.529099,-47.848923,1268.76355,-145.630783,-12.533936,1321.759888,133.608368,164.977005,1358.97998,-99.488579,129.214752,1442.567505,34.834942,276.690094,1305.390747,100.759834,312.70575,1284.116089,220.775833,120.98172,1272.564941,402.024872,76.033539,1337.042114,345.959869,47.434292,1270.340698,437.573822,-131.248062,1340.504639,-105.835022,-137.597794,1430.960571,40.346214,-225.144867,1258.363892,69.655899,-196.430923,1127.043213,151.295258,21.48012,1010.542419,184.508163,59.617111,1090.08606,151.653091,69.601494,979.953064,182.251022,158.673828,1058.946045,70.618858,151.10788,1096.713623,-122.829857,-119.862526,1098.961182,-119.849487,,,
5.3,5.385858,1701.371094,27.954109,10.119789,1654.701416,126.137764,-78.305397,1636.590088,45.458057,-0.260096,1444.157227,-91.155716,69.734833,1279.004639,-149.4655,-46.769306,1268.871216,-146.146576,-11.890393,1321.332764,133.367096,166.121658,1358.927246,-97.349846,129.443314,1441.204712,37.807014,275.753296,1302.543091,104.032829,309.811279,1278.790649,224.33342,115.870926,1254.487671,402.017731,68.919411,1318.55957,347.359955,41.933117,1247.308838,435.842163,-130.511642,1340.541626,-106.867493,-137.656479,1430.702881,39.269951,-225.24147,1258.100464,68.456268,-196.534561,1126.801392,150.206436,21.246651,1009.999756,183.9785,59.682629,1089.852539,151.760269,68.85434,979.335083,179.808838,159.330429,1059.191284,70.176773,151.390549,1096.809448,-123.310646,-119.473877,1098.516602,-120.054573,,,
5.308,6.184369,1701.281616,28.082949,10.823017,1654.235596,126.153603,-77.803589,1636.615234,45.465912,0.828117,1444.282471,-91.06559,70.981476,1279.304565,-149.465591,-45.661045,1268.929688,-146.723633,-11.26272,1320.811401,133.022415,167.410172,1358.799316,-95.087189,129.541458,1439.577881,40.832607,275.322327,1299.839478,107.208931,307.606812,1273.415527,227.899673,110.776794,1236.332764,401.154907,62.04438,1300.036987,347.433136,36.568176,1224.177002,432.674469,-129.626129,1340.479004,-107.942795,-137.791977,1430.344971,38.327469,-225.35643,1257.737427,67.036163,-196.629395,1126.514771,148.982986,20.921511,1009.486328,183.286209,59.699623,1089.5979,151.929352,68.553764,978.857422,179.604691,160.050812,1059.337646,69.649437,151.760376,1096.917358,-124.019272,-119.090668,1098.009155,-120.34742,,,
5.317,6.934415,1700.986694,28.406336,11.454938,1653.670776,126.213593,-77.320663,1636.516602,45.629208,1.958316,1444.266724,-91.042946,72.384438,1279.583984,-149.422165,-44.476944,1268.901245,-147.312515,-10.574875,1320.199585,132.571136,168.711029,1358.613525,-92.95256,129.551071,1437.867676,43.927944,275.064728,1297.108276,110.4963,303.590607,1267.258545,231.21637,105.438705,1218.037109,399.348053,55.159348,1281.406616,346.461273,31.286568,1201.291626,428.229309,-128.794189,1340.341919,-109.023544,-137.935684,1429.890503,37.166008,-225.422852,1257.346924,65.632301,-196.533676,1126.126953,147.429794,20.632706,1008.905273,182.556473,59.643776,1089.336548,152.063248,68.82917,978.276428,180.427353,160.902557,1059.427124,69.016853,152.129227,1096.891235,-124.677567,-118.659615,1097.336182,-120.868538,,,
5.325,7.380598,1700.546509,28.613024,12.056282,1652.920898,126.224907,-76.719238,1636.310547,46.198994,3.07135,1444.168579,-90.982475,73.678825,1279.799072,-149.394745,-43.220039,1268.810181,-147.982117,-9.935692,1319.495117,132.108887,170.095551,1358.330688,-90.864487,129.38887,1436.163574,46.562172,272.698181,1293.03772,113.585953,299.979523,1260.945557,234.440826,100.220261,1199.778931,396.597321,48.539021,1262.618652,344.637238,26.391619,1178.250854,422.56192,-127.827347,1340.126709,-110.2705,-138.063751,1429.675049,36.059525,-225.580765,1256.869629,64.045441,-196.693802,1125.609985,146.019333,20.350506,1008.423584,182.021515,59.579857,1089.082886,152.221481,68.623917,977.765869,179.857742,161.803314,1059.538696,68.43,152.493423,1096.717651,-125.349625,-118.107971,1096.513428,-121.301811,,,
5.333,7.908299,1699.996948,28.969122,12.821109,1652.196289,126.478836,-76.250626,1635.960815,46.393059,4.397694,1444.077637,-90.89666,75.175613,1279.94043,-149.311966,-41.815014,1269.154053,-150.249161,-9.282376,1318.72937,131.668198,171.498886,1358.028564,-88.839928,129.277863,1434.372192,49.313499,271.038055,1289.389648,116.582504,295.741119,1254.216431,237.276825,95.094772,1181.60498,392.901764,41.985107,1244.015015,341.885162,21.736134,1155.688843,415.677826,-126.821739,1339.881958,-111.580948,-138.101562,1429.115234,34.942814,-225.670181,1256.310181,62.315815,-196.8638,1124.985229,144.537018,20.094995,1007.854797,181.229553,59.500298,1088.736084,152.475983,68.682381,976.991577,179.683121,162.657349,1059.725464,67.683617,152.766006,1096.472778,-126.093956,-117.633507,1095.905762,-121.9282,,,
5.342,8.364058,1699.416138,29.314678,13.250811,1651.28064,126.643837,-75.886665,1635.420654,46.299801,5.700068,1443.958496,-90.849411,76.648506,1280.015015,-149.283279,-40.559544,1268.886597,-150.339066,-8.802036,1317.895996,131.356293,172.857864,1357.650391,-86.888611,129.173462,1432.685425,51.681938,269.047119,1285.548462,119.424896,291.478271,1247.643555,239.832748,90.464073,1163.173584,388.168671,35.486588,1225.840088,338.451202,17.608177,1132.953003,407.414215,-125.691025,1339.727051,-112.937042,-138.206619,1428.573975,33.788403,-225.810745,1255.733398,60.467808,-197.515869,1124.519043,143.521942,19.841177,1007.365845,180.592682,59.230011,1088.176147,152.746964,68.307297,976.594116,179.202423,163.615265,1059.72876,66.921532,153.128906,1096.071777,-126.799896,-117.049278,1095.054932,-122.738182,,,
5.35,8.71111,1698.929321,29.7159,13.534669,1650.28833,126.86525,-75.595383,1634.87207,46.23856,7.159243,1443.816895,-90.731789,78.187363,1280.031982,-149.246948,-39.207184,1268.750488,-151.012115,-8.564213,1317.059204,131.125992,174.314651,1357.231445,-85.100227,129.144638,1431.089722,53.955692,266.804901,1281.960083,122.06044,287.000671,1240.828125,241.835373,85.304245,1145.399902,382.661041,29.18602,1207.643433,334.329376,14.15032,1110.820923,398.319,-124.5392,1339.597412,-114.347984,-138.235474,1427.952026,32.489437,-225.928696,1255.170898,58.497253,-197.746979,1123.834839,141.777176,19.447208,1006.811279,180.022369,59.010391,1087.798218,152.906097,67.073349,976.1604,176.660126,164.584946,1059.69751,66.139786,153.578094,1095.555054,-127.492638,-116.449745,1094.006714,-123.43779,,,
5.358,9.107546,1698.359375,30.301327,13.713975,1649.22229,127.134621,-75.328621,1634.159546,46.357643,8.542668,1443.590576,-90.741547,79.696518,1279.973389,-149.227112,-37.817402,1268.519653,-151.676498,-8.65589,1316.281982,130.875671,175.569458,1356.66687,-83.346336,128.484222,1429.130249,56.146366,264.3414,1277.80249,124.465385,282.283386,1233.883423,243.54599,80.4944,1127.591675,376.523529,23.288349,1189.741699,329.657654,11.063697,1089.229858,388.023285,-123.376717,1339.384277,-115.744225,-138.12941,1427.36145,31.204206,-225.99234,1254.551392,56.488831,-198.06926,1123.182007,140.098602,18.773642,1006.219604,179.215134,59.092419,1087.307861,152.911469,66.763718,975.525391,176.257355,165.430252,1059.638184,65.312393,153.960526,1095.07959,-128.179596,-115.791306,1093.030151,-124.425697,,,
5.367,9.359185,1697.707397,30.829615,13.861751,1648.058716,127.43206,-75.121933,1633.325195,46.574066,9.889741,1443.280518,-90.767281,81.139191,1279.814941,-149.240585,-36.492966,1268.263184,-152.323761,-9.084273,1315.450195,130.580338,177.240112,1356.235718,-81.932205,128.159744,1427.433838,58.317883,261.530487,1273.830811,126.500801,277.408569,1227.219116,244.808365,76.541771,1110.05249,369.409698,17.640781,1171.994629,324.280884,8.520991,1068.190552,377.006927,-122.067665,1339.118652,-117.199211,-138.049759,1426.740234,29.854465,-225.998596,1253.987915,54.41111,-198.437988,1122.5354,138.231674,18.201433,1005.518188,178.490494,58.624966,1086.772949,153.069595,66.323135,974.946777,175.934937,166.226547,1059.539917,64.630203,154.40274,1094.489502,-128.867538,-115.11338,1091.849121,-125.266228,,,
5.375,9.515334,1696.795532,31.392067,13.94006,1646.721313,127.812576,-74.906944,1632.412231,46.52993,11.361295,1442.945679,-90.811203,82.73336,1279.542969,-149.201141,-34.973225,1267.951172,-153.056213,-9.384897,1314.639771,130.075623,178.463928,1355.517456,-80.466476,127.789658,1425.753052,60.196651,258.539795,1269.691406,128.371048,272.308136,1220.540894,245.649506,72.904495,1092.714966,361.359619,12.516698,1154.588867,318.233307,6.351738,1047.8573,365.309021,-120.80941,1338.864624,-118.653702,-137.865433,1426.069336,28.501404,-226.099258,1253.372559,52.036282,-198.920181,1121.804199,136.227325,17.605347,1004.781006,177.705338,58.353989,1086.413086,153.255646,65.467613,974.008545,174.716293,166.911819,1059.33313,64.022324,154.909271,1093.764404,-129.469162,-114.459427,1090.714355,-126.035439,,,
5.383,9.693408,1696.013062,32.132721,13.980861,1645.375732,128.192688,-74.615189,1631.523682,46.741196,12.717637,1442.439819,-90.923843,84.171982,1279.208862,-149.283539,-33.569576,1267.500244,-153.725525,-9.76825,1313.613647,129.599976,179.554688,1354.744385,-78.934326,127.229095,1423.889648,61.569256,255.448547,1265.652466,129.788559,267.371155,1214.031128,246.112762,69.607002,1076.464233,353.531677,7.945793,1137.640381,311.648041,4.830231,1028.656738,353.637695,-119.550484,1338.608154,-120.173935,-137.67569,1425.449585,26.913269,-226.123672,1252.721802,49.724213,-199.389862,1121.096802,134.157684,16.4133,1003.974792,176.228302,57.906212,1085.94873,153.443085,64.810951,973.351807,173.110779,167.520035,1059.120361,63.414722,155.361221,1093.085938,-129.959091,-113.644051,1089.355835,-127.091187,,,
5.392,10.001991,1695.165039,32.868977,13.967248,1643.97937,128.674088,-74.2994,1630.492188,47.088047,14.107366,1441.830811,-91.054459,85.689407,1278.817383,-149.25943,-32.119457,1267.099731,-154.542374,-10.039458,1312.522705,129.018433,180.663528,1353.921997,-77.623238,126.62265,1422.170654,62.966019,252.497528,1261.605347,130.932678,261.962524,1207.60437,246.236542,66.957901,1060.816162,344.913635,3.645663,1121.740112,305.147217,4.030362,1010.772095,341.299225,-118.277206,1338.195801,-121.778641,-137.556732,1424.705566,25.52248,-226.123215,1252.110474,47.490158,-200.002213,1120.374756,132.015564,15.967153,1003.161438,175.981766,57.038013,1085.350708,153.459351,64.195808,972.911438,173.990387,168.082932,1058.917725,62.903961,155.902527,1092.322998,-130.413956,-112.938736,1088.103516,-127.7127,,,
5.4,10.281514,1694.177002,33.47773,13.808409,1642.515869,129.114777,-74.038605,1629.331055,47.217499,15.555789,1441.21167,-91.228165,87.162285,1278.281006,-149.363098,-30.727114,1266.636841,-155.323914,-10.389336,1311.409546,128.360428,181.814255,1353.037964,-76.442673,126.109497,1420.463623,64.317017,249.391571,1257.458618,131.527786,258.185394,1202.323242,245.860992,64.547073,1046.005493,336.468262,0.20688,1106.026489,297.157013,3.779881,993.851929,328.876038,-116.9021,1337.866577,-123.425804,-137.301788,1423.938354,23.706562,-226.149384,1251.420654,44.94191,-200.081161,1119.529175,129.16684,15.411042,1002.257935,175.121429,56.461624,1084.54126,153.49292,63.2929,971.989624,173.921204,168.696259,1058.604614,62.432789,156.418152,1091.473389,-130.785278,-112.240524,1086.586182,-128.308167,,,
5.408,10.601919,1693.077759,34.094685,13.506699,1641.01001,129.461395,-73.789017,1628.244141,47.169159,17.001265,1440.56958,-91.297005,88.516632,1277.677856,-149.461624,-29.24642,1266.079834,-156.236603,-10.800445,1310.294922,127.67157,182.788589,1352.019775,-75.159698,125.686676,1418.749878,65.661484,246.336502,1253.093872,131.92807,252.540176,1194.828125,244.338028,62.380894,1032.374146,328.25946,-3.147674,1091.676758,289.575592,4.061169,978.57843,316.737732,-115.584908,1337.55957,-125.264854,-137.214218,1423.223511,22.214869,-226.28476,1250.850952,42.427704,-201.48204,1119.100952,127.613472,14.40561,1001.633301,174.097153,56.439201,1083.136475,153.124481,63.404217,970.832764,177.019333,168.498047,1058.505493,62.055775,157.048309,1090.622192,-131.065704,-111.523827,1085.135254,-129.013641,,,
5.417,11.06603,1692.019531,34.757198,13.17251,1639.589478,129.904449,-73.653351,1627.068115,46.40115,18.289341,1439.802124,-91.510422,89.92524,1277.073242,-149.557922,-27.940788,1265.516846,-157.209396,-11.263101,1309.166626,126.898827,183.606415,1351.047607,-73.984085,125.353333,1417.269775,66.930054,243.793289,1248.898804,131.672134,248.307419,1188.250977,242.356644,60.464725,1019.86322,320.172668,-6.439404,1078.671753,283.136993,4.785851,964.573669,305.018799,-114.09716,1337.565552,-128.670578,-137.01683,1422.419312,20.399342,-226.464722,1250.260132,39.712097,-202.016342,1118.290039,124.814659,13.212779,1000.735657,173.318542,53.777287,1084.004761,154.154495,62.064968,971.287415,175.321075,168.888412,1058.039429,61.822021,157.669052,1089.694092,-131.335983,-110.767258,1083.501465,-129.733505,,,
5.425,11.394881,1690.818481,35.179604,12.696864,1638.143921,130.230667,-73.348389,1625.884521,45.983604,19.682138,1438.991211,-91.622322,91.279411,1276.315918,-149.633209,-26.569016,1264.821045,-158.067871,-11.771276,1307.993896,126.224052,184.262115,1349.91687,-72.636597,125.214203,1415.588989,68.224678,241.10527,1244.472168,131.294861,243.948044,1180.994141,239.777451,58.434361,1008.400696,312.322693,-8.863061,1065.96521,274.639893,5.691127,951.917542,293.57312,-112.914688,1336.96875,-129.879639,-136.792999,1421.646118,18.655272,-226.693832,1249.749512,36.974106,-203.027893,1117.734253,122.602592,11.993781,999.970154,172.44812,53.019249,1083.343384,153.880356,61.27993,971.031189,176.243515,169.25679,1057.335815,61.901512,158.277832,1088.729248,-131.503418,-110.132187,1081.898804,-130.273499,,,
5.433,11.816757,1689.584229,35.590126,12.163265,1636.700439,130.557281,-73.035889,1624.594727,45.185184,21.025965,1438.1604,-91.77597,92.491623,1275.558838,-149.717896,-25.214853,1264.088013,-158.902405,-12.43238,1306.775391,125.573143,185.038483,1348.865601,-71.631744,125.174789,1413.963989,69.597252,239.041229,1239.759277,130.378815,240.216766,1173.800171,236.712662,56.669239,997.502625,304.437408,-11.574463,1054.597168,267.512543,6.960652,940.523254,282.30896,-111.541389,1336.359741,-131.52916,-136.581238,1420.927246,16.930763,-226.97789,1249.271851,34.15493,-203.344345,1116.855591,119.136406,10.53351,999.030884,171.539001,52.115932,1082.112427,153.779587,60.08429,969.782043,175.754471,169.975204,1056.245605,62.298222,158.857315,1087.73291,-131.725616,-109.561729,1080.245972,-130.903946,,,
5.442,12.323318,1688.223877,36.001564,11.537248,1635.045898,130.802597,-72.700439,1623.348633,44.4314,22.343143,1437.241821,-91.90937,93.773972,1274.619629,-149.875092,-23.884403,1263.328369,-159.880676,-13.144916,1305.508301,125.077469,185.681946,1347.709717,-70.50061,125.240845,1412.104126,70.932663,237.518051,1235.096558,129.05632,236.982788,1166.522339,233.268799,55.179001,987.622498,296.86911,-13.988984,1044.134888,260.476318,8.163157,930.36615,271.556091,-110.284966,1335.728271,-133.08284,-136.267105,1420.146606,15.10235,-227.145187,1248.694824,31.183495,-204.428329,1116.322632,116.634926,8.831968,998.089417,170.527466,50.75005,1081.481201,154.384781,56.584568,966.935669,169.373505,170.580673,1054.94104,62.858463,159.427429,1086.65979,-131.952194,-108.892044,1078.428833,-131.74823,,,
5.45,12.841252,1686.799072,36.378448,10.784768,1633.415894,131.037094,-72.422623,1621.971558,43.352833,23.652397,1436.347168,-92.026566,95.08326,1273.809937,-149.988556,-22.559544,1262.477539,-160.70723,-13.796353,1304.138916,124.656982,186.261551,1346.446289,-69.435249,125.309509,1410.156738,72.323082,235.981201,1230.138916,127.459198,234.276398,1159.422363,229.591522,53.65406,978.477051,289.403778,-16.241299,1034.35498,253.490356,9.240019,921.115662,261.18396,-108.932556,1334.963379,-134.67157,-135.952682,1419.288818,13.146067,-227.481949,1248.225098,28.580139,-205.555573,1115.784302,114.175232,6.994084,997.223938,169.358322,49.613407,1080.893066,155.217041,54.821384,966.064087,167.829834,170.608185,1053.998657,63.376339,160.112503,1085.494385,-132.077789,-108.334236,1076.554932,-132.392365,,,
5.458,13.45287,1685.397705,36.803749,10.013483,1631.610962,131.172394,-72.070778,1620.567383,42.567577,24.980547,1435.291016,-92.150848,96.370575,1272.857788,-150.122162,-21.12958,1261.62854,-161.568619,-14.549928,1302.654297,124.161888,186.815521,1345.15625,-68.296722,125.586006,1408.239502,73.801376,234.638245,1225.063843,125.686302,231.996231,1152.493164,225.97229,52.418713,970.027649,282.314178,-17.266224,1026.246216,248.423843,10.289427,912.96283,251.372513,-107.67276,1334.245239,-136.337357,-135.575089,1418.354492,11.077991,-227.663101,1247.677002,25.609238,-206.771164,1115.373413,111.821053,4.973871,996.171082,168.209885,48.085545,1079.973511,155.848709,53.834099,964.207642,168.566376,170.42247,1053.657959,64.004738,160.737473,1084.330688,-132.128235,-107.635483,1074.725586,-133.367096,,,
5.467,13.92576,1683.846924,37.190842,9.070224,1629.819824,131.210541,-71.78344,1619.238525,41.609978,26.30431,1434.255371,-92.222389,97.591393,1271.832397,-150.215073,-19.819639,1260.681152,-162.572067,-15.400405,1301.124023,123.572266,187.195389,1343.690918,-67.075928,125.670776,1406.275879,75.178505,233.823608,1220.587524,124.082451,230.201157,1145.946533,222.482224,51.565914,962.262451,275.499451,-18.770409,1017.890808,240.16095,11.261281,905.770386,242.080032,-106.337494,1333.358276,-138.093933,-135.165161,1417.445068,9.119093,-227.811798,1247.227783,22.980719,-208.234055,1115.119263,109.621292,2.760588,995.154236,166.89772,46.234482,1079.454224,157.486633,55.141449,962.128723,169.86882,169.985611,1052.816895,64.146133,161.360947,1083.114258,-132.133591,-107.087189,1072.719849,-133.974533,,,
5.475,14.610692,1682.457886,37.392872,8.107046,1628.045166,131.20015,-71.396698,1618.057251,40.318039,27.524076,1433.085693,-92.410431,98.861504,1270.698242,-150.226822,-18.393688,1259.656372,-163.346573,-16.434586,1299.563477,122.974236,187.827972,1342.328735,-66.274216,125.980141,1404.322266,76.533638,233.491501,1216.065796,122.414787,228.820679,1140.026123,219.014648,51.079102,955.108948,268.734589,-19.398958,1011.43634,235.01741,12.254403,899.348999,232.944183,-104.982849,1332.471802,-139.786423,-134.795456,1416.435059,7.246162,-227.982513,1246.736084,20.298363,-209.829498,1114.925415,107.540596,0.381899,993.992859,165.742172,44.988457,1078.352539,158.201233,57.42342,959.228394,172.003632,169.843002,1051.983154,64.682037,161.957916,1081.864746,-132.173416,-106.524712,1070.608276,-134.888321,,,
5.483,15.122426,1681.021484,37.63084,7.294006,1626.19458,131.162354,-71.034882,1616.867065,39.027103,28.742653,1431.929077,-92.660614,100.102417,1269.534668,-150.271667,-16.986099,1258.527588,-164.222946,-17.441742,1298.07373,122.26178,188.280502,1340.872192,-65.30587,126.178741,1402.622803,77.703606,233.134949,1211.568604,120.622375,227.750763,1134.520996,215.990097,50.937603,948.66449,262.005981,-19.572088,1005.545044,229.634323,13.141461,893.654785,224.097855,-103.613052,1331.477051,-141.48204,-134.425125,1415.498779,5.3908,-228.198929,1246.290649,17.76042,-211.44101,1114.702881,105.656631,-2.665389,993.191101,164.7724,43.369366,1077.448853,159.158524,59.99369,955.977539,174.488449,169.686218,1051.145386,65.102493,162.662598,1080.573364,-132.086456,-105.92556,1068.461426,-135.782257,,,
5.492,15.692612,1679.674072,38.02187,6.375595,1624.538696,131.093689,-70.647018,1615.616455,38.05978,29.903082,1430.746582,-92.969673,101.418976,1268.216797,-150.201187,-15.613574,1257.358398,-165.073441,-18.353165,1296.472656,121.355621,188.854111,1339.312866,-64.472038,126.419678,1400.934448,78.632195,232.824692,1207.828979,119.071945,227.087311,1129.75769,213.13916,51.051357,942.835632,255.504959,-19.36688,1000.407227,227.205627,14.470558,889.144409,215.610764,-102.246231,1330.490601,-143.097809,-133.960663,1414.508667,3.459888,-228.325867,1245.759033,15.278824,-213.429794,1114.412964,103.478233,-5.018366,991.302307,164.149048,41.362274,1076.460449,159.900269,,,,169.425262,1050.253784,65.483612,163.350723,1079.265869,-131.933517,-105.32457,1065.987915,-136.622513,,,
5.5,16.082596,1678.352295,38.079681,5.313818,1622.873047,130.89949,-70.39682,1614.650391,36.870335,31.038946,1429.521606,-93.31073,102.614548,1266.884399,-150.165878,-14.286285,1256.219116,-165.91626,-19.526909,1294.942627,120.444603,189.309753,1337.746094,-63.700512,126.741081,1399.559814,79.353882,232.462448,1204.703979,117.683113,226.820145,1125.719116,210.686676,51.694977,937.688171,249.333893,-18.525736,995.977234,224.177444,15.670704,885.030762,207.720703,-100.924751,1329.367554,-144.725327,-133.572968,1413.534668,1.684024,-228.51355,1245.22998,13.00544,-215.107376,1114.185791,101.783203,-7.426928,989.714661,163.712067,39.135208,1075.276245,161.149231,52.857861,944.324646,183.975296,169.17926,1049.367432,65.769104,164.039673,1077.994019,-131.688675,-104.489655,1063.927368,-137.631226,,,
5.508,16.454344,1677.114502,38.247749,4.30884,1621.419312,130.724411,-70.188156,1613.694702,35.444859,32.131008,1428.328125,-93.698906,103.806351,1265.365967,-150.053665,-12.927795,1254.944702,-166.672531,-20.537718,1293.463257,119.333595,189.869354,1336.119873,-63.034237,127.095535,1398.27832,79.932655,232.048737,1202.291626,116.749977,227.106186,1122.557861,208.356781,52.931091,933.351379,244.080536,-18.224661,991.433472,220.802658,16.401697,881.611389,201.28595,-99.629562,1328.262085,-146.287415,-133.088791,1412.485229,-0.078415,-228.713257,1244.741821,10.778039,-216.85022,1113.885132,100.164398,-10.065207,988.363953,163.379608,37.068375,1073.890503,161.955307,52.678932,942.847839,182.99115,168.904938,1048.50061,66.1353,164.735077,1076.648682,-131.36673,-103.567741,1061.927124,-138.919464,,,
5.517,16.603357,1676.016113,38.174603,3.26743,1620.054932,130.491119,-70.117775,1612.600952,34.105892,33.163776,1427.06189,-94.114952,104.848061,1263.915405,-149.948242,-11.603258,1253.604858,-167.218903,-21.44339,1291.88623,118.21463,190.335831,1334.551514,-62.606819,127.403839,1397.342896,80.173782,231.806656,1200.727783,115.695984,227.414566,1119.911377,206.163666,54.730919,929.582703,240.065277,-16.824192,987.807007,220.552094,16.440887,878.378113,197.279785,-98.412529,1327.108032,-147.642471,-132.522766,1411.427002,-1.673117,-228.972656,1244.169556,8.597316,-218.731461,1113.610229,98.521126,-12.927181,987.058899,163.372528,33.285568,1072.531006,161.831299,52.111671,941.358826,181.723846,168.513077,1047.492676,66.572266,165.483627,1075.386597,-130.937408,-102.755379,1059.919189,-139.975571,,,
5.525,16.561039,1675.013672,38.166336,2.073254,1618.861694,130.088043,-70.008881,1611.563965,33.095673,34.023777,1425.878906,-94.643318,105.961517,1262.394409,-149.812378,-10.418943,1252.309692,-167.955582,-22.4834,1290.37439,116.987656,190.845734,1332.953369,-62.250629,127.892227,1396.573853,80.191551,231.783142,1199.359741,114.71244,227.999832,1117.9646,203.898148,57.035618,926.512146,237.599655,-17.141394,983.004578,216.261841,16.700851,875.501526,196.06955,-97.29805,1325.94397,-148.948257,-132.105133,1410.285889,-3.162702,-229.258148,1243.538208,6.645921,-220.66449,1113.111206,96.891304,-15.963882,985.602783,163.580078,28.691479,1070.065063,160.517212,51.30101,940.322083,180.265366,168.149826,1046.510742,66.855965,166.413727,1074.292114,-130.634796,-101.74646,1058.173096,-140.812149,,,
5.533,16.422176,1674.051636,38.036633,0.902918,1617.735352,129.69696,-69.994041,1610.599731,31.81465,34.809071,1424.73877,-95.126755,106.963943,1260.918091,-149.731537,-9.352725,1251.068115,-168.597687,-23.550413,1288.830811,115.837463,191.153656,1331.37561,-61.95694,128.442184,1396.017212,80.047707,232.126694,1198.528931,113.692528,228.805862,1116.257202,201.544067,59.205578,923.908447,236.8461,-15.282651,980.558899,218.706818,17.251778,872.741821,196.733368,-96.204269,1324.768677,-150.021301,-131.746063,1409.229614,-4.358574,-229.57254,1242.856934,4.727684,-222.648956,1112.516235,95.314819,-18.782047,984.325256,163.829865,25.590759,1067.616699,161.074753,50.263351,939.787598,178.607773,167.685791,1045.461426,67.45517,167.208954,1073.227295,-130.223709,-100.745316,1056.404175,-141.986343,,,
5.542,16.29179,1673.323975,37.794857,-0.114904,1616.842651,129.284058,-70.164886,1609.84021,29.804922,35.444427,1423.757568,-95.602951,107.769646,1259.545654,-149.600464,-8.289788,1249.84082,-169.201447,-24.435125,1287.428101,114.612953,191.590164,1330.016479,-62.080551,129.125763,1395.5271,79.740173,232.79628,1197.753296,112.331177,229.393478,1114.809814,199.236374,61.34597,921.913635,237.434189,-13.82399,978.0625,220.334045,18.708656,870.416321,198.308411,-95.288742,1323.619019,-150.853287,-131.429199,1408.147095,-5.440148,-229.895355,1242.160278,2.921681,-224.703918,1111.92041,93.790222,-21.691332,982.970764,164.128372,22.340929,1066.347046,162.235336,49.040283,939.657288,177.066986,167.438446,1044.486938,67.910629,168.052246,1072.231323,-129.74202,-99.935921,1054.75061,-143.034592,,,
5.55,16.033598,1672.699585,37.577015,-1.35865,1616.115479,128.741043,-70.220581,1609.02478,28.571352,36.013618,1422.823486,-96.022057,108.476234,1258.181274,-149.542969,-7.441955,1248.73877,-169.784302,-25.477007,1286.088867,113.449654,191.884125,1328.679443,-62.292198,129.923126,1395.13855,79.431122,233.61705,1197.032227,111.008102,230.095169,1113.536499,197.13327,63.7341,920.248169,238.842377,-11.967395,976.116028,223.027664,20.973215,868.580261,200.015854,-94.441284,1322.630981,-151.731323,-131.268524,1407.196655,-6.284389,-230.195297,1241.424805,1.44277,-226.940536,1111.274414,92.155563,-24.640381,981.668213,164.55571,19.51951,1065.790039,164.389633,47.69289,939.488098,175.389359,167.205643,1043.485596,68.425751,168.56572,1071.398682,-129.311813,-99.208107,1053.377563,-143.896774,,,
5.558,15.621126,1672.104858,37.204281,-2.452088,1615.548462,128.28775,-70.40667,1608.143433,27.475912,36.448719,1421.995117,-96.415039,109.009911,1257.031372,-149.467606,-6.709377,1247.748047,-170.24823,-26.500467,1284.880127,112.22242,192.123596,1327.501343,-62.626175,130.710556,1394.724243,79.006607,234.632309,1196.244507,109.742271,230.936676,1112.560425,195.357056,66.289207,918.937195,240.532837,-10.10912,974.345703,225.280899,24.215572,867.857544,201.589157,-93.802612,1321.690918,-152.282272,-131.091248,1406.139282,-6.930593,-230.499741,1240.599976,-0.088972,-229.192932,1110.438721,90.610046,-27.862217,980.58429,165.254288,16.389423,1064.948242,166.331528,46.320572,939.320862,173.779419,166.84108,1042.528687,69.032928,169.125717,1070.603149,-128.820816,-98.499352,1052.130981,-144.888077,,,
5.567,15.207759,1671.606323,36.799858,-3.42139,1615.137695,127.749321,-70.541786,1607.377563,26.446558,36.840485,1421.294067,-96.65966,109.366516,1256.018677,-149.425842,-6.150232,1246.972778,-170.645462,-27.283121,1283.900269,111.19088,192.32048,1326.468018,-63.011379,131.691956,1394.355225,78.552109,235.700974,1195.416992,108.592438,231.71814,1111.99646,194.128876,68.85218,917.687561,242.042953,-8.478366,972.547974,227.283508,27.103693,866.661255,202.952103,-93.197914,1320.947144,-152.702454,-130.97467,1405.344849,-7.353868,-230.74469,1239.857666,-1.354943,-231.521591,1109.631348,88.960426,-31.1898,979.558594,166.058777,12.764518,1064.09436,168.654999,45.070068,939.351807,172.404816,166.568695,1041.690308,69.517929,169.701981,1070.09082,-128.317459,-97.903023,1051.156006,-145.818359,,,
5.575,14.616129,1671.334473,36.310196,-4.325027,1614.999512,127.264824,-70.724457,1606.845947,25.589355,37.125751,1420.825073,-96.850914,109.653877,1255.164185,-149.349411,-5.633389,1246.324707,-170.93634,-28.064564,1282.993408,110.207825,192.548523,1325.496826,-63.475803,132.768005,1394.113281,78.099434,236.461151,1194.677246,107.703812,232.65683,1111.692383,193.353485,71.287643,916.822144,243.213516,-6.260456,971.178101,229.016342,30.157377,865.799133,204.057129,-92.743828,1320.327393,-152.948212,-130.867371,1404.612061,-7.588992,-231.056915,1239.260498,-2.534961,-234.076508,1108.880005,87.107414,-34.711395,978.598389,167.010559,8.659376,1063.377441,171.569244,43.89624,939.136536,170.968216,165.631561,1041.512329,70.198914,170.118652,1069.784546,-127.855255,-97.532707,1050.386963,-146.473434,,,
5.583,14.092168,1671.217041,35.855015,-5.276135,1615.001831,126.896248,-70.882614,1606.352417,24.699354,37.399963,1420.454834,-96.901535,109.787262,1254.536865,-149.231918,-5.230658,1245.864746,-171.102463,-28.772249,1282.192749,109.221634,192.720459,1324.82605,-64.009033,133.745316,1394.015015,77.835564,237.118439,1193.960571,107.024918,233.821396,1111.648926,192.857666,73.511703,916.301758,244.145523,-4.485138,970.063232,230.043335,33.053349,865.149292,205.158768,-92.270546,1319.833252,-153.14592,-130.827515,1403.92981,-7.692235,-231.468353,1238.682007,-3.801038,-236.732208,1108.217529,85.18895,-38.403412,977.51886,167.891769,4.285907,1062.947388,174.807678,42.815273,939.185303,169.82933,165.180923,1041.250732,70.678871,170.437897,1069.665771,-127.389862,-96.987389,1049.84375,-147.303253,,,
5.592,13.61748,1671.252319,35.446949,-6.057195,1615.179443,126.531364,-71.044968,1606.030762,23.904457,37.687973,1420.228638,-96.861778,109.885551,1254.107056,-149.092865,-4.969136,1245.550903,-171.125809,-29.287815,1281.457886,108.367226,192.835678,1324.341064,-64.480522,134.915268,1394.05249,77.531235,237.58992,1193.549438,106.567856,235.116882,1111.855957,192.676743,75.775894,916.14093,245.05043,-2.747833,969.498047,230.77977,35.826416,864.903198,206.074402,-91.852776,1319.612061,-153.130646,-130.810226,1403.316162,-7.582951,-231.901672,1238.249023,-4.982394,-239.515106,1107.609985,83.042542,-43.28664,977.743347,171.457077,-0.245298,1062.679199,178.239273,41.664074,939.084167,168.601578,164.727966,1041.140503,71.108772,170.71048,1069.730469,-126.953217,-96.706924,1049.570312,-147.887802,,,
5.6,13.186593,1671.416382,35.110634,-6.595384,1615.505005,126.139954,-71.184975,1605.883545,23.100384,37.913197,1420.164917,-96.716888,109.928375,1253.893555,-148.896301,-4.782032,1245.459473,-171.056961,-29.681816,1280.868286,107.692085,192.951355,1324.009766,-64.828972,135.947876,1394.261475,77.32769,237.968475,1193.411255,106.181473,236.492035,1112.109985,192.409988,77.981102,916.324646,245.803635,-1.222819,968.8927,231.094818,38.323574,864.88446,206.784729,-91.436821,1319.506836,-152.986389,-130.802109,1402.82959,-7.307398,-232.522369,1237.969238,-6.212391,-241.881439,1106.796021,80.609962,-48.077297,977.358093,173.636948,-5.401259,1062.596802,181.77623,40.475544,939.398499,167.598145,164.335571,1041.18457,71.496544,170.923325,1069.976562,-126.586975,-96.477371,1049.612549,-148.385513,,,
5.608,12.762012,1671.838379,34.808239,-7.105316,1616.131348,125.990883,-71.325104,1605.886963,22.706331,38.129841,1420.290283,-96.44088,109.92923,1253.907471,-148.621353,-4.637827,1245.580444,-170.913681,-30.062756,1280.376343,107.202042,193.079193,1323.874878,-64.956718,136.872986,1394.601929,77.354942,238.382019,1193.540283,105.85878,237.519714,1112.127441,191.525726,79.754425,916.684753,246.088913,-1.68773,967.10022,227.917007,40.547249,865.015686,207.0755,-91.080025,1319.587524,-152.722504,-130.839569,1402.572388,-6.947581,-233.248077,1237.859009,-7.448346,-245.226379,1106.598511,78.277939,-53.055683,977.362488,175.919388,-11.011352,1062.971313,186.229324,39.047009,939.886536,166.545898,163.998245,1041.378662,71.799255,171.097122,1070.359619,-126.227676,-96.310692,1049.88147,-148.72377,,,
5.617,12.339738,1672.29126,34.458118,-7.516085,1616.860229,125.915901,-71.483482,1606.043457,22.569645,38.280907,1420.598755,-96.008003,109.91465,1254.127563,-148.256378,-4.503456,1245.85437,-170.680145,-30.422194,1280.100708,106.841537,193.215256,1323.973877,-64.964149,137.672104,1395.04541,77.499916,238.912598,1193.980591,105.53614,239.616501,1113.334839,192.932373,81.652969,917.324707,246.269135,2.337875,970.005615,231.587997,42.705738,865.599304,207.243164,-90.776581,1319.87561,-152.361465,-130.887024,1402.462402,-6.468502,-233.994431,1237.83728,-8.771334,-247.654053,1105.936279,75.294006,-58.544518,977.478821,178.403671,-17.087906,1063.42688,190.593597,37.426262,940.924194,165.388504,163.740738,1041.651123,72.01181,171.2621,1070.91272,-125.886902,-96.267815,1050.386353,-148.693008,,,
5.625,11.92977,1672.855591,34.278587,-7.819832,1617.663574,125.911743,-71.619537,1606.330444,22.534258,38.447338,1421.117554,-95.484383,109.861557,1254.562134,-147.84137,-4.421999,1246.414429,-170.347763,-30.765413,1280.00769,106.575294,193.325668,1324.287354,-64.841751,138.508835,1395.684326,77.708519,239.577698,1194.637817,105.339699,240.849442,1113.559814,191.613297,83.364365,918.200989,246.176468,2.751009,970.007507,232.646667,44.607674,866.231689,207.003372,-90.50219,1320.376221,-151.912857,-130.982346,1402.445801,-5.859583,-234.995377,1238.002808,-10.405278,-250.597626,1105.742554,72.214928,-64.345932,977.924438,180.924301,-23.547396,1064.177368,194.824966,35.52533,942.555054,164.173691,163.555588,1042.005005,72.210167,171.431107,1071.61377,-125.57711,-96.163483,1051.206665,-148.552002,,,
5.633,11.575407,1673.623779,34.328102,-8.008141,1618.616943,126.050903,-71.732292,1606.75769,22.764725,38.572102,1421.729248,-94.859909,109.828178,1255.190308,-147.3237,-4.335483,1247.074097,-169.862228,-30.969021,1280.13147,106.488045,193.390732,1324.805298,-64.610916,139.108414,1396.484375,77.991508,240.547272,1195.67627,105.164101,242.68515,1114.780396,192.445862,84.968369,918.777039,245.719452,4.989506,971.077698,232.282196,46.311291,867.192749,206.370117,-90.256195,1320.996582,-151.440979,-131.096603,1402.580933,-5.180572,-235.894775,1238.324829,-12.109402,-253.667648,1105.724487,68.882721,-70.641426,978.576294,183.642075,-30.577196,1065.518677,200.119461,33.279369,944.841858,162.807938,163.410995,1042.372314,72.43734,171.512955,1072.414307,-125.346748,-96.015099,1052.313599,-148.332672,,,
5.642,11.249818,1674.489014,34.374756,-8.184591,1619.74231,126.315491,-71.868622,1607.386475,23.120602,38.690769,1422.555664,-94.154045,109.692307,1256.010376,-146.762619,-4.342992,1247.945068,-169.441498,-31.025211,1280.385132,106.565826,193.48555,1325.515259,-64.251564,139.654221,1397.341675,78.446831,241.651855,1196.764526,104.974724,243.830734,1115.159058,191.186371,86.344818,919.518555,244.99231,7.149585,972.002869,229.63176,47.495243,867.945618,205.193695,-90.026001,1321.846558,-150.864563,-131.259033,1402.873413,-4.425424,-236.518326,1238.864014,-13.750026,-256.794861,1105.920776,65.497841,-77.148445,979.510498,186.610748,-37.826,1066.43457,203.631973,30.492998,947.521851,161.187103,163.352219,1042.809448,72.640228,171.695908,1073.476685,-125.036118,-95.69767,1053.563599,-147.681717,,,
5.65,10.910657,1675.532104,34.579979,-8.198448,1620.902832,126.664627,-71.945595,1608.279175,23.378147,38.727207,1423.473633,-93.395432,109.555,1256.939209,-146.115021,-4.333603,1248.870728,-168.74939,-31.000677,1280.781982,106.828476,193.591751,1326.446289,-63.847275,140.072708,1398.232788,78.906494,242.880859,1197.856079,104.732307,246.012085,1116.264648,191.104126,87.678299,920.244324,243.50914,8.325574,972.935059,228.791458,49.038048,868.978821,203.681427,-89.810112,1322.792114,-150.215332,-131.468292,1403.279053,-3.624404,-237.547943,1239.531616,-15.125709,-260.01001,1106.134644,61.710121,-83.881287,980.385864,189.056946,-45.743839,1067.997803,207.566681,-30.885918,954.547852,198.600464,163.21048,1043.347656,72.904633,171.739471,1074.555542,-124.751091,-95.77523,1055.164429,-147.051025,-113.48291,1056.811157,65.369034
5.658,10.670567,1676.597412,35.003399,-8.090097,1622.139526,127.214226,-72.085426,1609.094727,23.9592,38.704338,1424.484497,-92.583366,109.496132,1257.948364,-145.423187,-4.430921,1249.935059,-168.091187,-30.894156,1281.298218,107.20314,193.604675,1327.459961,-63.403717,140.481308,1399.261475,79.46714,244.104874,1199.178467,104.759644,246.875839,1116.876831,190.16893,88.827805,920.779114,241.8806,5.551618,970.35791,231.139404,50.029625,869.916748,201.527847,-89.53643,1323.861328,-149.47049,-131.695496,1403.852905,-2.780337,-238.448776,1240.338623,-16.983759,-262.985931,1106.817261,58.111736,-90.672127,981.789124,191.510895,-53.972012,1069.650757,211.637634,-38.421524,956.557129,202.697281,163.123459,1043.957397,73.169884,171.832047,1075.811279,-124.357742,-95.727997,1056.884399,-146.740723,-113.542488,1057.631714,65.743454
5.667,10.436951,1677.710693,35.564915,-8.126164,1623.398682,127.79586,-72.385223,1610.018433,25.096371,38.761478,1425.564331,-91.717949,109.335892,1259.192871,-144.722076,-4.461237,1251.200439,-167.352997,-30.784466,1282.067505,107.798981,193.631989,1328.602905,-62.939651,140.974716,1400.401855,80.078194,245.170593,1200.383301,104.750885,248.419189,1117.97522,190.136459,90.380127,921.481873,239.447052,4.422965,966.294373,234.092239,51.207249,871.15979,198.984741,-89.405373,1325.098633,-148.652191,-131.993713,1404.594238,-1.894717,-239.220871,1241.34436,-18.833792,-266.238739,1107.629028,54.232971,-98.090981,983.37146,193.898712,-62.81992,1071.760132,215.495804,-46.003502,958.883362,206.34317,162.987259,1044.519043,73.451927,171.86937,1077.031982,-123.936905,-95.760872,1058.80835,-146.253632,-113.388229,1058.687378,66.36721
5.675,10.132901,1678.900269,35.971897,-8.069839,1624.71814,128.492783,-72.603447,1610.939941,26.048969,38.797802,1426.683228,-90.761597,109.257599,1260.415039,-143.96228,-4.547896,1252.367554,-166.541336,-30.669697,1282.981323,108.397316,193.648422,1329.851196,-62.39711,141.36557,1401.491577,80.796722,246.348572,1201.633301,104.589027,249.486343,1118.607178,189.183899,91.81012,921.921326,236.637024,5.917778,967.095398,234.081253,52.319702,872.356567,195.954086,-89.186516,1326.344849,-147.90361,-132.234222,1405.47583,-0.929832,-240.079376,1242.468506,-20.753965,-269.369446,1108.499878,50.272869,-106.100243,985.375305,196.642334,-72.079132,1074.147827,219.016052,-54.042805,961.591919,209.934143,162.867294,1045.013794,73.735397,171.887787,1078.511353,-123.355644,-95.80864,1060.852051,-145.628265,-113.047272,1059.835571,67.050026
5.683,9.909132,1680.217407,36.633888,-8.043309,1626.008057,129.200317,-72.654411,1611.984497,26.836143,38.83366,1427.939819,-89.813835,109.009064,1261.69873,-143.166412,-4.643509,1253.736328,-165.677658,-30.382505,1284.11731,109.180557,193.586533,1331.115723,-61.896919,141.857422,1402.571289,81.588272,247.641281,1202.962524,104.348564,250.882294,1119.425781,188.820618,92.855682,922.584717,234.622116,6.547262,967.567383,232.754883,53.023319,873.515381,193.553314,-89.097221,1327.786987,-147.073654,-132.556732,1406.421875,0.06784,-240.717117,1243.837891,-22.716267,-272.568329,1109.725098,45.98925,-114.001503,987.520142,199.056183,-81.424225,1076.86438,222.850143,-62.314098,964.414917,213.340652,162.69632,1045.526978,73.978844,171.926529,1079.859619,-122.784225,-95.834557,1062.788574,-145.029892,-113.510437,1060.582275,67.278015
5.692,9.592509,1681.34375,37.308727,-8.002563,1627.283447,129.91774,-72.677406,1613.060059,27.264019,38.890358,1429.102783,-88.833481,108.868546,1262.976685,-142.362549,-4.718087,1254.990967,-164.774109,-30.221045,1285.267944,110.063469,193.5242,1332.425049,-61.382542,142.381317,1403.832642,82.291069,248.919601,1204.199097,103.967659,252.015472,1119.969971,187.523819,93.59462,923.218933,232.666779,8.787187,970.623901,230.301819,53.323689,874.223267,191.543655,-88.877556,1329.201782,-146.215195,-132.699661,1407.532349,0.974788,-241.364532,1245.312378,-24.490475,-275.786896,1111.080933,41.566315,-122.551216,990.430969,201.900574,-91.342072,1079.290039,225.604721,-70.669891,967.210083,217.264557,162.404144,1046.000488,74.277542,171.877441,1081.29834,-122.13176,-95.909248,1064.91748,-144.103775,-113.379181,1061.677002,68.029114
5.7,9.321853,1682.749512,38.022038,-7.860162,1628.645752,130.834259,-72.795189,1614.019165,28.602718,38.963257,1430.430298,-87.789696,108.721069,1264.294189,-141.530548,-4.823002,1256.426636,-163.783707,-29.905163,1286.64978,111.021622,193.547623,1333.73999,-60.842861,142.862045,1404.948486,83.053772,250.011063,1205.336426,103.591324,253.334976,1120.638916,186.589767,94.133797,923.589905,230.934204,9.338987,971.637634,227.549408,53.692753,875.070068,189.678894,-88.614899,1330.717651,-145.254471,-132.944809,1408.651367,1.931477,-241.959885,1246.911621,-26.750061,-278.750214,1112.463379,36.971291,-128.882965,992.284119,201.811539,-101.500206,1081.912354,228.143692,-79.394028,969.894287,220.931335,162.169586,1046.559448,74.552437,171.875656,1082.763672,-121.415459,-96.032249,1067.072266,-143.082962,-113.252457,1062.596802,68.698212
5.708,9.02372,1683.911377,38.739929,-7.845251,1629.918091,131.670532,-72.900085,1615.069214,29.685419,39.092293,1431.610107,-86.802399,108.654053,1265.5896,-140.645172,-4.941514,1257.736816,-162.825317,-29.656334,1288.035034,112.052361,193.578629,1335.065552,-60.328091,143.489517,1406.067627,83.922798,251.183365,1206.550171,103.056145,253.98877,1120.708252,184.2276,94.985008,924.247375,229.052292,12.393716,975.996887,224.649231,53.878498,875.658752,187.9711,-88.363304,1332.217041,-144.384109,-133.112625,1409.965698,2.890836,-242.556335,1248.739258,-28.856098,-280.613403,1113.630859,32.400581,-137.587448,993.874512,200.124954,-111.854034,1084.501099,230.305756,-88.588058,972.653809,224.681549,161.915176,1047.123413,74.89724,171.840179,1084.239502,-120.688408,-96.001343,1069.414551,-142.481674,-113.015968,1063.613403,69.431328
5.717,8.844275,1685.174683,39.673801,-7.747355,1631.12915,132.526978,-73.064568,1616.110107,30.811014,39.287251,1432.899902,-85.774719,108.598488,1266.834106,-139.816162,-4.986058,1259.102051,-161.78949,-29.30262,1289.468018,113.223724,193.645462,1336.312866,-59.813496,144.226868,1407.258667,84.603645,252.339508,1207.611328,102.493843,255.153687,1121.155884,182.767349,95.316849,924.886169,227.315399,18.175329,979.144531,220.875931,54.049515,876.246033,186.358231,-88.038307,1333.639526,-143.516708,-133.143402,1411.116089,3.83835,-242.970245,1250.580566,-31.080208,-283.068787,1115.229004,27.484499,-146.524231,996.298218,202.014236,-122.408134,1087.066406,232.226654,-98.185303,975.471069,228.410553,161.653442,1047.750977,75.234344,171.803055,1085.599976,-119.874641,-96.088409,1071.638062,-141.649002,-112.951736,1064.581421,70.240494
5.725,8.50687,1686.497925,40.585136,-7.595188,1632.396729,133.590378,-73.158066,1617.192871,31.902521,39.566521,1434.081909,-84.751793,108.426987,1268.098022,-139.020294,-5.03441,1260.42749,-160.755463,-28.807726,1291.041504,114.409676,193.767456,1337.460327,-59.347691,144.951981,1408.415161,85.329887,253.166229,1208.5,101.744858,256.30722,1121.480103,181.251663,95.70639,925.465454,225.651306,16.114672,979.716003,220.199341,54.307198,877.04657,184.892578,-87.75029,1335.201538,-142.728271,-133.243164,1412.490112,4.718113,-243.334854,1252.532227,-33.475285,-285.306946,1116.96875,22.611767,-154.749405,999.55719,202.419586,-133.406265,1089.528687,233.679169,-108.364639,978.092896,232.469864,161.382248,1048.364136,75.702454,171.752609,1086.993286,-119.166649,-96.21949,1073.850586,-140.603943,-112.872437,1065.339722,70.925613
5.733,8.174021,1687.676392,41.526737,-7.552174,1633.564575,134.531097,-73.248146,1618.027466,32.863277,39.896942,1435.271851,-83.761841,108.4431,1269.176514,-138.191147,-5.019623,1261.665405,-159.770889,-28.23815,1292.649414,115.774696,193.849075,1338.528931,-58.932899,145.806229,1409.443726,86.068779,253.987335,1209.365479,100.917931,257.303467,1121.730591,179.818649,96.37162,926.252441,223.969894,16.814726,980.395264,216.117569,54.492146,877.543457,183.35434,-87.349831,1336.62439,-141.830643,-133.201126,1413.673828,5.622887,-243.724686,1254.601807,-35.826099,-287.204071,1118.651978,17.602777,-164.147369,1001.725525,203.134842,-144.085892,1092.008911,234.855484,-118.891716,980.569519,236.072723,161.290146,1049.054077,76.078354,171.64801,1088.282349,-118.482834,-96.419174,1075.940674,-139.610764,-112.70697,1065.873657,71.225563
5.742,7.958185,1688.685059,42.437023,-7.518677,1634.61438,135.534485,-73.239677,1618.950073,34.241646,40.178905,1436.370605,-82.892578,108.476921,1270.253296,-137.380676,-4.972055,1262.861328,-158.703888,-27.705946,1294.259888,116.991966,194.014557,1339.607544,-58.497204,146.722336,1410.651855,86.676582,254.766022,1210.059814,100.096748,258.374207,1121.949707,178.330475,96.648048,926.909668,222.231232,18.139608,981.544373,213.671738,54.720959,878.102417,181.757462,-86.7985,1337.912842,-140.940674,-133.146973,1414.901367,6.33841,-243.938919,1256.606689,-38.220463,-288.989105,1120.469849,12.688439,-173.901337,1003.813416,203.723572,-155.097168,1094.350464,235.501678,-129.25766,982.65564,238.425095,161.115967,1049.563965,76.536926,171.598572,1089.525757,-117.749313,-96.657204,1078.097168,-138.288452,-112.58548,1067.007935,72.906708
5.75,7.74475,1689.837158,43.460297,-7.439596,1635.622559,136.493988,-73.280434,1619.804932,35.068001,40.640541,1437.436646,-81.959129,108.603195,1271.282837,-136.60762,-4.88164,1263.978638,-157.743683,-27.213562,1295.809326,118.219368,194.279724,1340.438354,-58.103168,147.767746,1411.670288,87.271301,255.380905,1210.697021,99.181396,259.441528,1122.242188,176.812073,97.010254,927.360474,220.450409,18.333925,982.202637,212.079712,55.055084,878.947449,180.264221,-86.311203,1339.194336,-140.123596,-133.060318,1416.166504,6.905555,-244.036636,1258.618652,-40.655121,-290.412811,1122.22522,7.579664,-183.890289,1005.819214,204.017166,-165.763641,1096.431885,235.819305,-140.808167,984.532715,241.611084,160.991623,1050.022583,77.011269,171.571838,1090.66748,-117.013283,-96.881325,1080.279785,-137.038239,-112.445465,1067.88916,74.07724
5.758,7.524685,1690.817749,44.403576,-7.484456,1636.504395,137.540695,-73.308662,1620.646729,35.822906,41.14838,1438.41748,-81.134636,108.696953,1272.127197,-135.909973,-4.740856,1264.957153,-156.811646,-26.734137,1297.269165,119.493576,194.564438,1341.294312,-57.855793,148.819839,1412.620239,87.83493,256.00824,1211.257568,98.204422,260.410339,1122.468628,175.361923,97.638634,928.130615,218.991318,19.257414,983.28064,209.90744,55.422302,879.562744,179.038849,-85.668274,1340.344604,-139.429047,-132.888474,1417.378296,7.550415,-243.975067,1260.496216,-43.212849,-291.732117,1124.005249,2.693412,-194.138168,1007.562988,204.057938,-176.87265,1098.687744,235.697174,-152.617004,986.428711,244.116379,160.830795,1050.361328,77.537094,171.483643,1091.674805,-116.408546,-97.285141,1082.275513,-135.373718,-112.217857,1068.866699,75.353455
5.767,7.303833,1691.671509,45.564938,-7.547364,1637.264893,138.498627,-73.323441,1621.248901,36.709366,41.583424,1439.414062,-80.434746,108.796967,1272.866333,-135.283386,-4.518322,1265.87085,-155.867661,-26.098827,1298.769165,120.597847,194.894089,1342.030518,-57.539494,149.773987,1413.577026,88.245331,256.533356,1211.657104,97.21492,261.381439,1122.617432,173.897552,98.144974,928.639587,217.702133,19.753021,983.830322,208.187653,55.648445,879.998718,177.877487,-84.959587,1341.379761,-138.588867,-132.728088,1418.432617,8.19549,-243.564194,1262.243896,-45.494633,-292.788116,1125.782959,-2.34382,-204.484634,1009.397034,203.721313,-187.555679,1100.500977,235.192856,-165.165863,988.178345,246.092346,160.681427,1050.578369,77.988136,171.403656,1092.626709,-115.753983,-97.643227,1084.076172,-133.998657,-111.949394,1069.736084,76.600403
5.775,7.046167,1692.473145,46.687393,-7.636347,1637.949341,139.607788,-73.351547,1621.766968,38.321777,42.161285,1440.237793,-79.752823,109.003212,1273.605957,-134.699203,-4.307298,1266.574097,-155.063187,-25.38274,1300.181885,121.671814,195.222778,1342.713623,-57.365353,150.877075,1414.4646,88.61602,256.956024,1211.960815,96.169037,262.32135,1122.755371,172.470245,98.724052,929.154175,216.381332,20.609503,984.729492,206.486496,56.066441,880.654175,176.762299,-84.201981,1342.288696,-137.861832,-132.665466,1419.557983,8.694202,-243.311203,1263.991333,-47.999863,-293.6073,1127.466919,-7.243732,-214.995071,1011.297241,202.83667,-197.94899,1102.123169,234.280914,-178.157043,989.526672,247.630142,160.546066,1050.750977,78.44397,171.353134,1093.363525,-115.191261,-97.946396,1086.021484,-132.381302,-111.650558,1070.604004,77.89447
5.783,6.760281,1693.252075,47.687347,-7.672992,1638.379395,140.510178,-73.503998,1622.346436,39.203339,42.774212,1441.015503,-79.116844,109.233788,1274.172241,-134.209869,-4.083601,1267.231201,-154.314011,-24.741373,1301.442871,122.659172,195.561966,1343.217407,-57.240726,152.074402,1415.228027,88.971794,257.335205,1212.224243,95.117493,263.216431,1122.884644,170.906326,99.381447,929.608398,215.352097,21.340818,985.428833,205.904877,56.384048,881.069214,176.195053,-83.497177,1343.072388,-137.101807,-132.471619,1420.668701,9.025376,-242.79628,1265.617065,-50.433022,-294.281036,1129.126953,-12.083974,-226.314484,1012.359619,201.780411,-208.156418,1103.568604,232.868774,-191.404388,990.754761,248.287964,160.466614,1050.820435,78.828041,171.248886,1093.97583,-114.568832,-98.492706,1087.46582,-130.841949,-111.235321,1071.423828,79.292747
5.792,6.538931,1693.928467,48.789917,-7.62753,1638.818848,141.641159,-73.490746,1622.747559,40.343174,43.34845,1441.748535,-78.623077,109.483345,1274.616943,-133.743927,-3.840257,1267.754272,-153.624329,-24.104172,1302.701294,123.50174,195.994766,1343.707764,-57.112476,153.069763,1415.884888,89.093956,257.878876,1212.428955,94.073677,264.084808,1122.927612,169.435349,100.083778,930.153198,214.455597,22.103708,986.018433,205.000824,56.647991,881.314087,175.710724,-82.653526,1343.805664,-136.444809,-132.303162,1421.668823,9.447028,-242.319962,1267.18335,-52.850819,-294.752747,1130.841431,-16.896303,-237.155655,1014.763245,200.340836,-218.16893,1104.807861,231.037872,-204.742599,991.859009,247.890503,160.357864,1050.810303,79.21608,171.168106,1094.50415,-114.057953,-98.897057,1088.963135,-129.220261,-110.797729,1072.272583,80.759781
5.8,6.268324,1694.473999,49.918205,-7.644044,1639.046021,142.589554,-73.580009,1623.124634,41.408817,43.992897,1442.375122,-78.208992,109.683594,1274.959717,-133.309052,-3.585925,1268.204956,-152.877472,-23.410776,1303.716187,124.323639,196.454391,1344.104736,-57.129387,154.190842,1416.528076,89.274475,258.480865,1212.584961,92.950806,264.947052,1122.916138,167.995331,100.630989,930.514099,213.747696,23.050884,986.492065,204.086502,56.948925,881.480408,175.318985,-81.861633,1344.388428,-135.840485,-132.177689,1422.615234,9.763586,-241.78215,1268.782471,-55.24239,-295.143494,1132.492798,-21.657299,-247.062653,1016.639587,197.889114,-227.779099,1105.832397,228.979218,-217.650085,992.542175,246.419998,160.24501,1050.737671,79.583389,171.04892,1094.863281,-113.56221,-99.494118,1090.298096,-127.331573,-110.332146,1073.057861,82.267761
5.808,6.000229,1694.934082,51.144138,-7.719493,1639.173706,143.568497,-73.683258,1623.400146,42.436104,44.622807,1442.936035,-77.84301,109.903496,1275.193726,-133.00946,-3.28109,1268.543945,-152.246933,-22.533562,1304.724365,124.968285,196.94574,1344.488647,-57.275848,155.300568,1417.099609,89.282509,258.768127,1212.480103,91.8545,265.739258,1122.895996,166.693787,101.447662,930.87207,213.22905,23.683666,986.966248,203.566803,57.293926,881.600769,175.058853,-81.03476,1344.84436,-135.267532,-131.988892,1423.526978,9.826774,-241.07933,1270.112183,-57.590286,-295.501892,1134.189697,-26.477732,-257.195068,1018.036743,194.616028,-236.832687,1106.612305,226.476822,-231.283981,992.547974,244.681046,160.17981,1050.586914,79.815758,170.905182,1095.124023,-113.208023,-99.930054,1091.503906,-125.79599,-109.816719,1073.692383,83.592743
5.817,5.655894,1695.314697,52.360233,-7.804009,1639.196289,144.605331,-73.677719,1623.463013,43.650093,45.234859,1443.415405,-77.498123,110.058357,1275.361084,-132.759552,-3.060858,1268.761597,-151.709961,-21.7791,1305.5896,125.544189,197.376938,1344.733154,-57.430218,156.353638,1417.579346,89.229134,259.436859,1212.494507,90.875145,266.505005,1122.871826,165.28627,102.147987,930.974976,212.634583,24.52364,987.280029,203.133636,57.278088,880.980286,175.140244,-80.246521,1345.156738,-134.63443,-131.824905,1424.427734,9.871341,-240.40065,1271.423462,-59.976059,-295.834137,1135.916626,-31.131069,-267.076721,1019.345764,190.851105,-245.371078,1107.133301,223.626419,-243.976761,993.22644,241.441635,160.15274,1050.431641,79.965355,170.751999,1095.292847,-112.880226,-100.576569,1092.531982,-124.115555,-109.187088,1074.319092,85.041367
5.825,5.29528,1695.600952,53.511967,-7.873653,1639.096802,145.546967,-73.732292,1623.461182,44.398632,45.865887,1443.835449,-77.228737,110.209465,1275.466187,-132.539749,-2.884693,1268.847168,-151.290909,-21.02371,1306.438599,125.955864,197.778809,1344.894897,-57.647415,157.462662,1417.99939,89.141289,260.100769,1212.482422,89.798409,267.165955,1122.800781,163.988617,102.947113,931.101807,212.143784,25.270473,987.537598,203.036728,57.73093,881.15094,175.005508,-79.464424,1345.479248,-134.183563,-131.599411,1425.102295,9.920885,-239.652908,1272.654907,-62.462997,-296.309875,1137.828491,-35.938915,-276.198822,1019.971008,187.254135,-253.109985,1107.090698,220.171173,-255.919815,993.540222,237.488052,160.13739,1050.259644,80.033897,170.530579,1095.336792,-112.614014,-101.025513,1093.438965,-122.847755,-108.570351,1074.806152,86.305374
5.833,4.958135,1695.812256,54.674122,-8.012074,1638.903198,146.465195,-73.78038,1623.327148,45.255848,46.459408,1444.162109,-77.044289,110.314514,1275.538452,-132.388962,-2.733829,1268.928833,-150.919525,-20.277918,1307.242676,126.353729,198.249161,1345.056274,-57.995697,158.512924,1418.353516,88.950813,260.766296,1212.4729,88.941498,267.901276,1122.588013,162.70314,103.731522,931.166443,211.694138,26.060537,987.600952,202.914871,58.478889,881.802795,174.751602,-78.73394,1345.635132,-133.90387,-131.42453,1425.785767,9.730945,-238.848816,1273.880737,-64.813583,-296.578979,1139.296265,-39.275803,-285.829651,1021.455627,181.702423,-260.070679,1106.673706,216.264511,-267.553772,993.474976,232.622589,160.203613,1050.033447,80.022522,170.20639,1095.285156,-112.413742,-101.729362,1094.168823,-121.404762,-107.971977,1075.248779,87.5746
5.842,4.63881,1695.891479,55.78867,-8.165876,1638.632568,147.417328,-73.866096,1623.126343,46.099689,47.059967,1444.352295,-76.871307,110.361252,1275.518433,-132.311462,-2.605707,1268.917725,-150.573105,-19.42725,1307.93811,126.747353,198.617615,1345.029175,-58.368736,159.537842,1418.585693,88.580025,261.442535,1212.465088,88.001602,268.609619,1122.403442,161.451645,104.582771,931.195801,211.383881,26.997696,987.736023,203.11232,58.945904,881.775024,174.776199,-77.957726,1345.780151,-133.655106,-131.150681,1426.40332,9.521304,-237.934387,1275.067627,-67.225388,-297.2276,1141.323608,-43.7691,-294.485046,1022.06134,176.664215,-266.321777,1105.862915,212.066406,-278.597168,993.112854,226.970306,160.317017,1049.748413,79.959312,169.803192,1095.140747,-112.28318,-102.370911,1094.865601,-120.173233,-107.342682,1075.676025,88.81723
5.85,4.308313,1695.893066,56.985634,-8.336322,1638.217163,148.280716,-73.898811,1622.835327,46.852852,47.641609,1444.469116,-76.707848,110.397301,1275.403442,-132.322021,-2.534375,1268.859619,-150.299133,-18.48535,1308.676392,127.039772,198.898636,1344.884155,-58.745422,161.129761,1419.006226,88.399147,262.26236,1212.448242,87.141525,269.261841,1122.198242,160.263153,105.427818,931.12915,211.107513,27.758451,987.837341,203.291718,59.377865,881.645752,174.83046,-77.301903,1345.902832,-133.495865,-130.866638,1426.940186,9.225183,-237.078873,1276.170166,-69.655884,-298.017578,1143.43457,-48.098919,-302.412598,1022.250061,170.765564,-271.689514,1104.717651,207.485962,-288.997192,992.516968,221.006226,160.506424,1049.403198,79.838394,169.386749,1094.911865,-112.256302,-102.956444,1095.289185,-118.953888,-106.797302,1076.013428,89.85643
5.858,3.996187,1695.757568,58.003052,-8.501893,1637.667358,149.030441,-73.934586,1622.482666,47.585121,48.226902,1444.525146,-76.567039,110.360092,1275.21814,-132.417435,-2.477022,1268.705078,-150.075729,-17.739134,1309.19397,127.165703,199.171707,1344.6875,-59.276196,161.973282,1419.035034,88.022789,263.017578,1212.275024,86.250618,269.971039,1121.911011,159.196442,106.206528,931.060486,210.894226,28.456482,987.796326,203.390244,60.068111,881.689697,175.296097,-76.677605,1345.89209,-133.412674,-130.559372,1427.39563,8.896035,-236.160812,1277.319702,-72.087944,-298.926971,1145.637573,-52.525902,-309.783539,1022.355896,165.25473,-276.359802,1103.083374,202.606628,-298.20459,991.603516,214.220718,160.752869,1049.053345,79.662842,168.857208,1094.539185,-112.341858,-103.665169,1095.669189,-117.844322,-106.306976,1076.361816,90.972336
5.867,3.66355,1695.509277,58.957382,-8.616958,1637.0625,149.889786,-73.947899,1621.942017,48.464024,48.799149,1444.534546,-76.53492,110.301605,1274.969482,-132.57785,-2.476411,1268.491455,-149.908524,-17.071419,1309.548462,127.18055,199.486023,1344.344238,-59.861107,162.941193,1418.900391,87.528366,263.720093,1212.044678,85.462418,270.80127,1121.499634,157.943039,106.947487,930.907898,210.746872,29.212879,987.769897,203.599045,60.55019,881.599304,175.546082,-76.077339,1345.856567,-133.416351,-130.211288,1427.714111,8.615425,-235.379059,1278.512085,-74.482704,-300.219086,1148.083252,-57.070076,-316.602814,1022.266479,158.715424,-280.100006,1101.019897,197.419769,-306.553741,990.501892,206.983002,160.986053,1048.663086,79.485535,167.955231,1094.101807,-112.519196,-104.389198,1096.073608,-117.147461,-105.850746,1076.610107,91.88398
5.875,3.398779,1695.166626,59.95705,-8.68815,1636.45874,150.767532,-73.925934,1621.351196,48.972069,49.350559,1444.466919,-76.506233,110.214935,1274.654541,-132.733368,-2.530613,1268.239258,-149.79837,-16.342789,1309.908936,127.04718,199.587616,1343.89856,-60.263336,163.950836,1418.683594,87.016411,264.471893,1211.711426,84.526978,271.55304,1121.067627,156.856018,107.63324,930.676697,210.564667,30.2549,987.785095,203.878006,60.981155,881.412048,175.817245,-75.398445,1345.840576,-133.548218,-129.830734,1427.910034,8.33684,-234.623352,1279.698242,-76.970833,-301.536377,1150.432251,-61.425743,-322.593781,1021.997681,152.137863,-283.220612,1098.564941,191.976349,-313.779388,989.039795,199.19725,161.393051,1048.169434,79.184395,167.389725,1093.563599,-112.840202,-105.201714,1096.381226,-116.465385,-105.384674,1076.939331,92.815933
5.883,3.256676,1694.723389,60.973717,-8.804748,1635.781616,151.501953,-73.908501,1620.669434,49.531586,49.900257,1444.32605,-76.486938,110.045555,1274.22998,-132.944168,-2.619649,1267.916138,-149.701416,-15.212607,1310.454956,126.891716,199.786942,1343.371826,-60.840332,164.895142,1418.347168,86.590599,265.310333,1211.302856,83.741028,272.319458,1120.54187,155.863831,108.39817,930.427002,210.378113,30.92911,987.714417,204.039795,61.330685,881.208557,176.001083,-74.851768,1345.792725,-133.611313,-129.396759,1428.011597,8.05171,-233.960922,1280.911987,-79.480629,-302.944183,1152.839478,-65.844093,-327.874481,1021.415344,145.029572,-285.622681,1095.732544,186.29567,-320.258575,987.442383,190.987122,161.751068,1047.749268,78.834244,166.724121,1092.829956,-113.264267,-105.757683,1096.555054,-115.876999,-104.97113,1077.248535,93.637123
5.892,3.031482,1694.19397,61.938717,-8.973536,1634.884155,152.259598,-73.9291,1620.035034,50.146984,50.482773,1444.072021,-76.474892,109.90731,1273.747803,-133.22197,-2.720632,1267.599854,-149.685394,-14.133327,1310.962524,126.962708,200.262665,1342.86731,-61.702885,165.809372,1417.916748,86.066696,265.940094,1210.72998,82.721947,273.140442,1119.937134,154.876465,109.09317,930.135864,210.22522,31.60918,987.598145,204.163605,61.577877,880.518494,176.406662,-74.35173,1345.716553,-133.750977,-128.88443,1428.01123,7.823084,-233.447937,1282.203491,-81.926537,-304.635895,1155.481812,-70.322578,-332.265076,1020.530334,137.829239,-287.536224,1092.539917,180.31929,-325.249359,985.153809,182.611786,162.120682,1047.357056,78.292122,166.074524,1092.050537,-113.763969,-106.407135,1096.512329,-115.228729,-104.646622,1077.568359,94.322449
5.9,2.89156,1693.623657,62.869839,-8.998123,1633.984863,153.106476,-73.843582,1619.37207,50.918247,50.964348,1443.773682,-76.410172,109.786461,1273.205933,-133.483582,-2.833836,1267.270996,-149.705795,-13.041683,1311.434082,127.219856,200.41893,1342.117798,-62.433071,166.774277,1417.422485,85.437721,266.55249,1209.993042,81.866104,273.9505,1119.260254,153.873306,109.709785,929.837341,210.053055,32.362186,987.451416,204.416794,62.045807,880.702942,176.26828,-73.876488,1345.503296,-133.903107,-128.463058,1427.876221,7.629114,-233.129776,1283.525757,-84.144653,-306.226776,1157.921387,-74.705452,-335.742371,1019.34375,130.456009,-288.887695,1089.161255,174.085907,-329.31308,982.841064,173.840134,162.400848,1047.035278,77.719597,165.183762,1091.178955,-114.34095,-107.071587,1096.453491,-114.616119,-104.412201,1077.835205,94.931557
5.908,2.743885,1692.996826,63.651726,-8.991365,1633.134521,153.749298,-73.78582,1618.547241,51.798687,51.382641,1443.339111,-76.440979,109.522255,1272.577515,-133.867294,-2.973792,1266.844849,-149.72023,-11.943414,1311.742676,127.568008,200.293427,1341.274902,-62.913799,167.640976,1416.781128,84.810577,267.143463,1209.297485,80.923073,274.711487,1118.595947,152.937561,110.36718,929.531067,209.951096,33.342369,987.275452,204.591324,62.35812,880.371704,176.441635,-73.416031,1345.331299,-134.135635,-128.099075,1427.639038,7.527832,-232.957794,1284.871582,-86.325798,-307.91098,1160.576294,-79.188637,-338.380798,1017.771606,122.917793,-289.718292,1085.554077,167.862076,-332.259735,980.270325,164.761292,162.634125,1046.652954,77.083305,164.543518,1090.171143,-114.967918,-107.814278,1096.274414,-114.23616,-104.262993,1078.051392,95.468559
5.917,2.701816,1692.248535,64.53331,-8.914837,1632.020264,154.392242,-73.778915,1617.615845,52.445663,51.809544,1442.803467,-76.518646,109.215424,1271.951904,-134.297073,-3.176259,1266.399048,-149.849426,-11.020124,1311.873779,127.953964,200.436768,1340.429321,-63.671658,168.515198,1416.069458,84.172508,267.757843,1208.378296,79.849831,275.585022,1117.716309,151.942856,110.925507,929.01886,209.712296,34.029999,987.060486,204.586212,62.653572,880.123596,176.531647,-73.131866,1345.137695,-134.306915,-127.717812,1427.270264,7.54209,-232.953247,1286.296509,-88.42585,-309.418121,1163.03894,-83.444435,-340.207886,1015.887512,115.311089,-289.971375,1081.790405,161.139816,-334.276581,977.333984,155.538147,162.882889,1046.206787,76.316971,163.749741,1089.098755,-115.669968,-108.367203,1096.05835,-114.209946,-104.198128,1078.228516,95.905754
5.925,2.698962,1691.325073,65.417763,-8.948418,1630.906616,155.073273,-73.614052,1616.674683,52.792274,52.11673,1442.403076,-76.558899,109.009796,1271.266235,-134.74649,-3.401818,1265.922485,-150.009583,-10.371922,1311.572754,128.282623,200.549026,1339.536987,-64.480774,169.449554,1415.270874,83.528206,268.21048,1207.485718,78.876938,276.332062,1116.839111,151.006943,111.601524,928.562378,209.43869,34.772644,986.740479,204.557846,63.165306,879.874207,176.606674,-72.94101,1344.904785,-134.464493,-127.39621,1426.785522,7.583242,-233.013123,1287.590088,-90.367767,-310.914307,1165.492554,-87.836311,-341.300171,1013.627747,107.385551,-290.007812,1077.726685,154.268768,-335.375702,974.160522,146.024658,162.853424,1045.779419,75.450424,162.846222,1087.871948,-116.393799,-109.046959,1095.671875,-114.045464,-104.224213,1078.369385,96.259064
5.933,2.772371,1690.411377,66.141655,-8.83809,1629.699585,155.782257,-73.438332,1615.657837,53.619247,52.394169,1441.871704,-76.626427,108.751396,1270.500488,-135.203262,-3.648263,1265.427856,-150.190765,-9.991177,1310.947021,128.344376,200.64093,1338.582275,-65.27301,170.142303,1414.295898,82.873642,268.564514,1206.354858,77.758301,277.090485,1115.794556,149.957977,112.208099,928.003052,209.165771,35.382164,986.457214,204.716324,63.39819,879.440918,176.521927,-72.81958,1344.617432,-134.61235,-127.044037,1426.043701,7.835472,-233.208069,1289.111938,-92.039078,-312.376129,1168.777954,-94.345863,-341.560455,1011.079102,99.48101,-289.511322,1073.574341,147.520462,-335.413147,970.670898,136.239136,162.83786,1045.136475,74.698242,162.073914,1086.571289,-117.110268,-109.657524,1095.236084,-113.757774,-104.31884,1078.474731,96.598923
5.942,2.774575,1689.351074,66.942406,-8.76362,1628.352905,156.307205,-73.187843,1614.506714,54.308601,52.621754,1441.197388,-76.795776,108.559448,1269.567139,-135.714569,-3.882609,1264.815674,-150.40242,-9.52284,1310.11377,128.143921,200.713745,1337.631348,-66.180862,170.780884,1413.277954,82.246346,268.906982,1205.269775,76.680145,277.776794,1114.782349,149.008102,112.678864,927.447144,208.819305,36.079708,985.973633,204.716171,63.477798,878.774353,176.379211,-72.758141,1344.246948,-134.732773,-126.750008,1425.134277,8.122574,-233.466217,1290.471802,-93.311104,-313.635834,1170.560059,-96.813744,-341.186218,1008.188721,91.357742,-288.384979,1069.101807,140.660233,-334.62912,966.985901,126.412109,162.81488,1044.450439,73.906242,161.19902,1085.246338,-117.958282,-110.156113,1094.753418,-113.693832,-104.467621,1078.512085,96.820297
5.95,2.845061,1688.257202,67.802193,-8.606776,1626.997681,156.910248,-72.972092,1613.412598,54.480713,52.819199,1440.399536,-76.960464,108.276169,1268.701782,-136.221375,-4.129946,1264.081421,-150.705017,-9.012109,1309.301147,127.941162,200.746185,1336.566528,-67.092407,171.465927,1412.061646,81.394333,269.31012,1204.064941,75.512566,278.465515,1113.605835,147.850861,113.120644,926.748596,208.412994,36.749107,985.461914,204.67038,63.608742,878.181519,176.191742,-72.777153,1343.756226,-134.808014,-126.485023,1424.14563,8.550291,-233.760941,1291.753662,-94.446136,-314.723877,1172.895508,-101.067749,-340.085724,1005.071777,83.140732,-286.869537,1064.669189,133.963928,-332.940735,963.163818,116.383713,162.883453,1043.622192,73.167145,160.441391,1083.854736,-118.714104,-110.753624,1094.250366,-113.59626,-104.669319,1078.490723,97.009789
5.958,2.98059,1687.104858,68.619469,-8.265267,1625.425415,157.570587,-72.839134,1612.287109,55.125393,52.894104,1439.571045,-77.176254,108.005714,1267.676514,-136.835052,-4.35322,1263.338623,-151.0159,-8.622576,1308.25708,127.7435,200.803375,1335.414551,-67.9888,172.073517,1410.970215,80.595825,269.570099,1202.792114,74.334068,279.10553,1112.5354,146.808838,113.474289,925.931824,207.886383,37.311314,984.851257,204.564636,63.657814,877.573059,175.922318,-72.934166,1343.103149,-134.867767,-126.148209,1423.070435,8.91977,-234.146469,1293.093628,-95.446426,-315.82486,1174.671753,-104.102516,-338.362305,1001.851074,75.043358,-284.913666,1060.139648,127.054825,-330.511353,959.221191,106.30661,162.932068,1042.689819,72.489494,159.686859,1082.320557,-119.410172,-111.315865,1093.561279,-113.783531,-104.892105,1078.40332,97.121971
5.967,3.134869,1685.872681,69.388206,-8.027506,1623.921631,158.105728,-72.720367,1611.032104,55.54071,52.98288,1438.666626,-77.478935,107.770073,1266.63562,-137.370056,-4.632451,1262.470337,-151.339111,-8.208091,1307.091553,127.470924,200.802475,1334.238037,-68.953857,172.546204,1409.742188,79.79995,269.905487,1201.435059,73.233612,279.673065,1111.218262,145.680893,113.793953,924.977661,207.47963,37.806801,984.198303,204.436081,63.63578,876.876282,175.599838,-73.082909,1342.435059,-134.95285,-125.992226,1421.726318,9.37111,-234.519119,1294.197266,-96.233582,-316.696198,1176.438354,-107.432129,-336.10202,998.394043,66.888557,-282.388977,1055.527832,120.026878,-327.478424,955.223083,96.339828,162.878235,1041.647461,71.829941,158.94223,1080.810425,-120.165398,-111.836266,1092.903198,-113.879044,-105.136765,1078.223633,97.165146
5.975,3.390304,1684.647095,70.134041,-7.799956,1622.201782,158.543076,-72.549324,1609.871826,56.380886,52.941257,1437.653687,-77.81665,107.535378,1265.453125,-137.921448,-4.867532,1261.538452,-151.701416,-7.9554,1305.741211,127.196342,200.7798,1332.974731,-69.928665,173.042984,1408.399292,79.021904,270.065521,1200.02356,72.017387,280.244659,1109.821167,144.586426,114.096779,923.960876,206.841812,38.290604,983.52887,204.227585,63.64011,876.153442,175.239166,-73.255775,1341.726074,-135.024292,-125.83783,1420.42981,9.844643,-234.896072,1295.085815,-96.771896,-317.580078,1177.998901,-110.404495,-333.291718,994.95697,58.675041,-279.227814,1050.85144,112.348999,-323.617981,951.371094,86.067223,162.72113,1040.441406,71.237411,158.240784,1079.210327,-120.818932,-112.24601,1092.017456,-114.066292,-105.427261,1077.899658,97.160522
5.983,3.637801,1683.335449,70.90802,-7.584379,1620.630127,159.041428,-72.353714,1608.623047,56.71986,52.848549,1436.649536,-78.133812,107.179199,1264.298218,-138.526688,-5.213015,1260.477539,-152.038208,-7.743889,1304.37854,126.770317,200.730408,1331.733521,-70.855583,173.517365,1407.020508,78.117386,270.3013,1198.531738,70.795364,280.796356,1108.466675,143.394363,114.370262,922.998047,206.196152,38.687664,982.850586,204.183853,63.592346,875.341431,174.786743,-73.562836,1340.875,-135.102966,-125.825943,1419.091919,10.208913,-235.288376,1295.903442,-97.231537,-318.188843,1179.306274,-113.071915,-330.0383,991.313843,50.825672,-275.55249,1046.190063,105.317551,-319.464264,947.368164,76.243584,162.649094,1039.160522,70.704636,157.729935,1077.660156,-121.401939,-112.63195,1091.05603,-114.191734,-105.758415,1077.481567,97.141136
5.992,3.91376,1682.113892,71.546066,-7.337608,1618.966309,159.393387,-72.127701,1607.487549,56.900307,52.662609,1435.557251,-78.5168,106.865059,1263.022339,-139.067459,-5.48122,1259.446899,-152.42984,-7.728701,1302.828247,126.447227,200.680099,1330.431885,-71.823662,173.931564,1405.567383,77.302292,270.601135,1197.103516,69.437958,281.319244,1106.956299,142.091019,114.627304,922.080994,205.651184,39.124073,982.136353,203.984848,63.337685,874.322571,174.504761,-73.825531,1339.894897,-135.183655,-125.821861,1417.63501,10.592425,-235.572342,1296.330933,-97.651039,-318.816345,1180.397461,-115.46801,-326.338959,987.70282,42.895786,-271.330536,1041.538818,97.804291,-314.80191,943.265381,66.717499,162.539642,1037.837646,70.245239,157.177826,1075.980347,-121.894051,-113.077454,1089.970215,-114.350136,-106.065384,1076.982788,97.059761
6.0,4.15878,1680.829346,72.107773,-6.879722,1617.345825,159.781067,-71.835571,1606.269653,57.387894,52.51527,1434.509399,-78.84964,106.641121,1261.779053,-139.608505,-5.794945,1258.351685,-152.785675,-7.63462,1301.282715,125.994522,200.508316,1329.165527,-72.826073,174.226151,1404.07666,76.541626,270.946381,1195.603027,68.240463,281.781891,1105.421875,140.861877,114.81575,920.843811,205.062698,39.628933,981.183899,203.867371,63.188232,873.412109,174.13826,-74.162964,1338.984009,-135.339157,-125.912186,1416.23291,10.913939,-235.893112,1296.578491,-98.161385,-319.295258,1181.295166,-117.750168,-322.412994,984.184326,35.370197,-266.909393,1036.940674,90.66494,-309.730377,939.206238,57.700665,162.383423,1036.427368,69.806725,156.573456,1074.286743,-122.353493,-113.473946,1088.859985,-114.619537,-106.385971,1076.422241,97.118774
6.008,4.418828,1679.530273,72.651909,-6.372745,1615.825317,160.197296,-71.664391,1605.076416,57.660568,52.355595,1433.368774,-79.176888,106.2444,1260.539185,-140.173401,-6.127377,1257.206299,-153.12645,-7.719887,1299.714722,125.571815,200.363892,1327.858276,-73.810448,174.464828,1402.580322,75.686562,271.220764,1194.033203,67.002869,282.263885,1103.848877,139.473007,114.90712,919.81012,204.564224,40.052834,980.301453,203.696289,63.042469,872.519165,173.992218,-74.470024,1338.044312,-135.536758,-126.090797,1414.833252,11.181498,-236.099731,1296.590088,-98.627495,-319.711395,1181.952637,-120.184952,-318.738708,980.939148,28.641777,-263.13855,1033.039307,83.962944,-304.39035,935.397522,50.307625,162.056015,1034.922363,69.498268,156.08078,1072.574585,-122.714226,-113.806313,1087.682129,-114.830566,-106.663773,1075.579224,97.003708
6.017,4.716432,1678.3125,73.077301,-6.105472,1614.321411,160.414795,-71.472443,1603.992554,58.516785,52.103943,1432.259277,-79.500877,105.943024,1259.212891,-140.666595,-6.467002,1256.055054,-153.31459,-7.71076,1298.086792,125.051308,200.276047,1326.625,-74.787994,174.748108,1400.929688,74.926094,271.345245,1192.50354,65.748199,282.743469,1102.164062,138.048065,115.062401,918.689148,203.88649,40.441566,979.556335,203.580765,62.685387,871.568298,173.776062,-74.824799,1336.981323,-135.511078,-126.289696,1413.674683,11.342186,-236.231049,1296.446899,-99.216301,-319.941437,1182.350098,-122.853363,-316.237457,978.453857,23.408518,-260.870209,1030.381104,78.090523,-300.182373,931.558411,46.612434,161.791077,1033.41333,69.290543,155.642792,1070.849976,-123.034065,-114.111115,1086.384521,-114.998505,-107.042709,1074.479614,96.85183
6.025,5.016608,1677.095825,73.487991,-5.771289,1612.830444,160.694901,-71.286079,1602.854736,59.005486,51.868351,1431.122803,-79.805756,105.6744,1257.949951,-141.066757,-6.806418,1254.90686,-153.523941,-7.902694,1296.524414,124.589401,200.141434,1325.382324,-75.745422,174.790817,1399.285889,74.216446,271.578064,1190.874756,64.412544,283.255951,1100.44812,136.588531,115.22963,917.711182,203.47998,40.811909,978.963928,203.44426,62.330063,870.499512,173.634003,-75.057549,1335.957275,-135.604065,-126.597794,1412.377686,11.622432,-236.189835,1296.238647,-100.114388,-319.560059,1182.463013,-125.819344,-315.115021,976.872131,19.817299,-260.152313,1029.313599,73.589493,-298.651886,928.755432,46.197803,161.563004,1031.997803,69.088737,155.279724,1069.125122,-123.2696,-114.384369,1085.104004,-115.383217,-107.352051,1073.432861,96.791023
6.033,5.387158,1675.977051,73.873245,-5.33102,1611.627197,160.801254,-71.151215,1601.834473,59.123753,51.738869,1429.964722,-80.017761,105.331703,1256.708008,-141.540482,-7.072886,1253.735962,-153.569595,-8.019193,1295.012573,124.179466,200.047226,1324.124878,-76.64592,174.840591,1397.646118,73.542114,271.764343,1189.255615,63.115692,283.888031,1098.694092,134.988831,115.38398,916.781738,203.165024,41.19257,978.417603,203.48764,62.155842,869.736267,173.979294,-75.248535,1334.839722,-135.575424,-126.907188,1411.404541,11.59086,-235.962357,1296.003052,-101.392609,-318.331024,1181.795044,-128.78746,-314.986755,976.704163,17.847399,-260.684052,1029.793091,71.360725,-299.450562,928.56665,45.837555,161.376678,1030.59021,68.980217,154.957321,1067.527954,-123.462357,-114.624466,1083.957642,-115.694,-107.603035,1072.335083,96.64856
6.042,5.576776,1674.894897,74.043053,-4.901493,1610.436401,161.062775,-71.06826,1600.905518,59.654339,51.619949,1428.932129,-80.186127,105.046989,1255.419678,-141.957199,-7.335434,1252.648071,-153.732086,-8.225048,1293.520752,123.848969,199.979996,1322.901733,-77.452202,174.712982,1395.891846,73.092819,272.049835,1187.658569,61.701439,284.533936,1097.039307,133.431137,115.581642,915.754944,203.099319,41.434818,978.685669,205.542618,62.039169,869.15802,174.510162,-75.364525,1333.750732,-135.459167,-127.226219,1410.404663,11.456787,-235.429413,1295.535645,-102.878891,-316.396118,1180.418945,-131.571854,-315.095978,977.418152,17.023895,-262.469269,1030.917725,72.032898,-300.943604,929.639526,45.417973,161.240921,1029.231201,68.968658,154.747101,1065.967529,-123.668991,-114.754517,1082.853271,-116.059952,-107.798836,1071.514404,96.665962
6.05,5.906669,1673.866089,74.298286,-4.547919,1609.418945,161.230698,-70.920212,1600.000854,59.989155,51.529392,1427.898926,-80.187737,104.850311,1254.286499,-142.248596,-7.509727,1251.50415,-153.774124,-8.51997,1292.107178,123.731033,199.92598,1321.780029,-78.145073,174.548859,1394.132812,72.633698,272.282593,1186.082764,60.366722,285.318573,1095.227539,131.773544,115.901031,915.12262,203.185333,42.138275,978.101379,205.16246,61.954559,868.783508,175.191544,-75.336945,1332.721924,-135.622894,-127.6689,1409.448608,11.097054,-234.622513,1294.666748,-104.67498,-314.09024,1178.517334,-134.161636,-315.793671,978.065002,16.704865,-264.267273,1032.029541,73.38147,-302.066071,930.671326,44.738579,161.110138,1027.960327,68.918701,154.491852,1064.501465,-123.831177,-114.780289,1082.021484,-116.399826,-108.02742,1070.547607,96.709587
6.058,6.182982,1672.984131,74.403221,-4.067223,1608.563721,161.373535,-70.766144,1599.210938,60.078106,51.51366,1426.984497,-80.272835,104.684555,1253.216431,-142.473099,-7.597517,1250.493896,-153.923416,-8.808972,1290.891846,123.633133,199.810501,1320.645874,-78.669823,174.249802,1392.45459,72.45739,272.502502,1184.556274,58.990013,286.275024,1093.49707,129.835449,116.271095,914.801453,203.624893,42.931614,978.155273,205.760071,62.02066,868.680847,176.371201,-75.20929,1331.62561,-135.867294,-128.278427,1408.70105,10.482872,-233.855392,1293.568481,-106.598717,-311.854889,1176.417847,-136.215195,-316.533875,978.030212,16.578407,-266.034149,1032.963745,74.561577,-302.585327,931.144531,44.338634,161.095612,1026.778564,68.94709,154.412704,1063.153809,-123.886375,-114.831192,1081.176392,-116.69381,-108.305679,1069.716675,96.788017
6.067,6.495249,1672.19397,74.473564,-3.701864,1607.764526,161.517258,-70.6492,1598.616943,60.511093,51.507786,1426.102417,-80.354202,104.666771,1252.125244,-142.695801,-7.551301,1249.402222,-153.97818,-9.268508,1289.801392,123.716209,199.748184,1319.768677,-79.079376,173.96608,1390.787354,72.311142,272.591797,1183.119995,57.606697,287.453857,1091.782593,127.863167,116.730858,914.67041,204.439224,43.883209,978.429016,206.333435,62.427525,868.936035,177.978836,-74.929626,1330.703369,-136.240372,-128.697998,1408.181396,9.729972,-233.072006,1292.053711,-108.629265,-310.144928,1174.523804,-137.870575,-317.097443,977.510864,16.327538,-267.623993,1033.365356,74.334587,-302.865967,931.24115,44.099766,161.037262,1025.724121,69.049728,154.344131,1061.963867,-123.930443,-114.71772,1080.376099,-117.079857,-108.591827,1068.765991,96.816055
6.075,6.762153,1671.525513,74.488754,-3.234577,1607.03894,161.71106,-70.534119,1598.130249,60.704952,51.577156,1425.245728,-80.407623,104.65567,1251.249512,-142.89621,-7.432096,1248.439941,-154.075958,-9.661774,1288.94812,123.869568,199.927582,1319.077393,-79.565048,173.646088,1389.272949,72.409332,272.73996,1181.80542,56.262535,288.786377,1090.220947,125.740898,117.362213,914.76178,205.407639,44.953438,979.152832,207.549835,62.947414,869.323486,179.953415,-74.553276,1329.768555,-136.670746,-129.062149,1407.769897,8.924893,-232.148529,1290.32373,-110.318947,-309.032288,1173.059814,-139.267838,-317.339966,977.067749,16.061222,-268.51944,1033.536499,73.519966,-303.037994,931.181824,43.954105,161.135635,1024.72937,69.168716,154.437317,1060.838623,-123.957932,-114.499352,1079.697876,-117.619057,-108.834167,1067.710938,96.754875
6.083,7.176923,1670.908813,74.604187,-2.785703,1606.401611,161.748047,-70.374649,1597.649414,61.129528,51.645729,1424.53772,-80.426857,104.635452,1250.493408,-143.00264,-7.287447,1247.643066,-154.151886,-10.164634,1288.182617,123.94986,199.834824,1318.293579,-79.593811,172.983917,1387.64563,72.538986,272.868469,1180.651733,54.826553,290.232483,1088.7052,123.53981,118.501656,915.353333,207.010605,46.432701,980.236206,209.254868,63.663975,869.921997,182.487457,-74.199867,1328.987671,-137.003769,-129.33989,1407.568359,8.263276,-231.126984,1288.734619,-111.702438,-308.492584,1172.26001,-140.312317,-317.267761,976.88562,15.715316,-268.625153,1033.622803,72.769821,-303.015564,931.141663,43.535149,161.161682,1023.885498,69.289238,154.460602,1059.920532,-123.832588,-114.379425,1079.174072,-117.881088,-109.068184,1066.700317,96.598808
6.092,7.58633,1670.387695,74.726936,-2.247689,1605.978638,161.872375,-70.220154,1597.366821,61.560909,51.739803,1423.910645,-80.374672,104.687836,1249.832886,-143.023407,-7.107414,1246.98645,-154.311203,-10.6658,1287.591553,123.912514,199.765457,1317.660645,-79.486908,172.780624,1386.41687,72.750748,273.093292,1179.829224,53.392036,291.962158,1087.5271,121.145912,119.789497,916.189209,208.908401,48.348232,981.642944,211.206421,65.084106,870.9375,185.83847,-73.765419,1328.327393,-137.26976,-129.576721,1407.583496,7.595539,-229.948792,1287.201782,-112.465134,-308.356171,1171.706177,-141.151825,-316.98938,976.971497,14.988509,-268.384277,1033.590698,72.020538,-302.863281,931.085754,42.84127,161.126511,1023.258118,69.447281,154.568298,1059.272827,-123.660172,-114.153076,1078.471802,-118.204597,-109.361565,1065.833252,96.5756
6.1,8.154449,1669.920776,74.89151,-1.651262,1605.685181,162.049408,-70.062439,1597.265015,61.984879,51.764439,1423.477173,-80.220703,104.737709,1249.306885,-142.877869,-6.914857,1246.444092,-154.27446,-11.06186,1287.208008,123.832535,199.65741,1317.154785,-79.446396,172.58757,1385.434814,72.983818,273.232941,1179.198975,51.788952,293.867126,1086.700439,118.615082,121.734802,917.604126,211.294479,50.525227,983.602173,213.465088,66.498398,871.936707,189.772461,-73.444695,1327.828613,-137.354904,-129.773285,1407.662231,7.279917,-228.745102,1286.021973,-112.895912,-308.316101,1171.595947,-141.757233,-316.7677,976.998108,14.262843,-268.27951,1033.460571,71.228432,-302.546783,931.017273,41.966084,160.972382,1022.732605,69.703224,154.775589,1058.719238,-123.44294,-113.895103,1077.811523,-118.557365,-109.677963,1065.03894,96.47142
6.108,8.694839,1669.772827,75.078766,-1.008923,1605.59436,162.338699,-69.833908,1597.306519,62.495697,51.728523,1423.170166,-79.935532,104.77681,1248.956543,-142.67157,-6.770891,1246.114868,-154.221771,-11.439141,1286.930908,123.714165,199.510422,1316.828491,-79.374847,172.441101,1384.657471,73.199776,273.23291,1178.852295,49.978878,295.839447,1086.109375,115.792763,124.354073,919.406494,213.782104,53.474365,985.699158,216.243607,68.667938,873.587769,193.908646,-73.267662,1327.578247,-137.335495,-129.918411,1407.848511,7.134631,-227.740112,1285.266846,-113.010582,-308.281586,1171.784912,-142.152298,-316.5401,977.006714,13.382951,-268.323853,1033.404053,70.535126,-302.151306,930.891541,41.065716,160.833176,1022.337646,69.829163,155.000183,1058.430664,-123.171173,-113.690781,1077.302368,-118.79734,-110.049194,1064.266846,96.174866
6.117,9.181439,1669.753174,75.23394,-0.430293,1605.634888,162.555206,-69.589226,1597.544556,63.186176,51.602364,1423.047974,-79.647949,104.759377,1248.805298,-142.430725,-6.679006,1245.983276,-154.099304,-11.878448,1286.76123,123.664764,199.310623,1316.67334,-79.318932,172.38205,1384.174316,73.376793,273.375153,1178.850708,48.108387,298.004303,1085.960449,112.796837,127.42691,921.454346,216.619888,56.908207,988.325745,219.375092,71.428017,875.615417,198.734665,-73.208824,1327.506226,-137.162476,-130.158813,1408.146851,7.229551,-227.05574,1284.975708,-112.769043,-308.243195,1172.295166,-142.320419,-316.31311,977.015137,12.470206,-268.448395,1033.380371,69.957649,-301.718079,930.726074,40.08007,160.894257,1021.864746,69.391525,155.271667,1058.384399,-122.848167,-113.50415,1077.008911,-119.028214,-110.430695,1063.637695,95.902863
6.125,9.717551,1669.873413,75.42247,0.20807,1605.826294,162.806808,-69.351875,1597.981323,63.816757,51.376846,1423.082031,-79.325325,104.67627,1248.82666,-142.090164,-6.67534,1246.070435,-153.885529,-12.366548,1286.805786,123.805687,199.036621,1316.728271,-79.311554,172.390884,1383.926758,73.48085,273.635071,1179.081177,45.835491,300.250275,1086.026367,109.501457,131.12532,923.851929,219.23912,61.071686,991.125671,223.068863,74.94416,878.05658,204.048248,-73.319664,1327.647583,-136.864319,-130.489807,1408.547363,7.461155,-226.888535,1285.280273,-112.540245,-308.328339,1172.990356,-142.333786,-316.180786,976.999084,11.635176,-268.69458,1033.336304,69.373009,-301.368256,930.625183,39.032036,159.8022,1022.066833,70.825211,155.595947,1058.575195,-122.435722,-113.356728,1076.880615,-119.287186,-110.82373,1063.18335,95.599442
6.133,10.349924,1670.142578,75.661697,0.968051,1606.259155,163.181488,-69.02166,1598.668457,64.392792,51.006657,1423.253784,-78.937668,104.448158,1249.042603,-141.668304,-6.764944,1246.35376,-153.608643,-12.912491,1287.066406,124.042664,198.634491,1317.022949,-79.415283,172.446594,1383.928955,73.516151,273.849335,1179.649048,43.296162,302.572571,1086.50647,105.935211,135.558472,926.578186,222.32048,65.632957,994.0896,227.231659,78.940742,880.868347,209.83429,-73.559097,1327.965088,-136.40332,-130.775665,1409.143677,7.844754,-227.172226,1286.139648,-112.205605,-308.507172,1173.746338,-142.373947,-316.142456,977.058594,10.653399,-268.941071,1033.247314,68.757454,-301.199677,930.573914,37.879562,159.434723,1022.094727,71.355942,155.839691,1058.965698,-121.927269,-113.200943,1076.952026,-119.548271,-111.221474,1062.926025,95.330757
6.142,11.287851,1670.617676,76.274666,1.850212,1606.900513,163.74263,-68.650642,1599.454224,65.003265,50.55283,1423.600708,-78.561478,104.118561,1249.424561,-141.223236,-6.968244,1246.831055,-153.305176,-13.484597,1287.439575,124.316933,198.106339,1317.549683,-79.556839,172.467041,1384.182739,73.508141,274.272369,1180.547607,40.467583,304.887665,1087.188965,101.982803,140.461258,929.57135,225.757889,71.267204,997.851379,231.415726,83.667923,884.398132,216.583084,-73.939445,1328.437744,-135.917618,-131.203873,1409.786377,8.316348,-227.971085,1287.368286,-111.75396,-308.990997,1174.805054,-142.336899,-316.291168,977.162598,9.615929,-269.217621,1033.119141,68.154961,-301.072144,930.499451,36.748264,159.023422,1022.340759,71.915092,155.979843,1059.512207,-121.407578,-113.05954,1077.246582,-119.743782,-111.644707,1062.840576,95.106461
6.15,12.178198,1671.220947,76.586838,2.782758,1607.592163,164.277496,-68.237526,1600.409058,66.16848,49.961536,1424.102539,-78.082687,103.682411,1249.904907,-140.699203,-7.244014,1247.424561,-152.828583,-14.296433,1287.987305,124.694984,197.54158,1318.332397,-79.821159,172.5009,1384.622681,73.441246,274.065369,1181.391846,37.574669,307.181244,1088.094971,97.685043,146.242889,933.046997,228.908417,77.250793,1001.687317,235.727402,89.405853,887.580383,222.881424,-74.503105,1329.12207,-135.292923,-131.702988,1410.461548,9.132398,-229.183075,1288.942627,-111.332481,-309.591675,1176.012817,-142.059494,-316.56012,977.308838,8.704243,-269.495575,1032.999756,67.50618,-301.051453,930.500671,35.580029,158.259232,1023.01416,72.885391,156.232742,1060.305542,-120.761177,-112.861671,1077.717041,-120.019218,-112.087372,1062.862549,94.788872
6.158,13.121493,1671.922363,77.05838,3.805991,1608.390625,164.796539,-67.7631,1601.8396,67.185928,49.222866,1424.798584,-77.598091,103.143837,1250.51062,-140.154129,-7.576828,1248.247437,-152.393066,-15.010746,1288.695923,125.176254,196.742844,1319.26062,-80.138313,172.590424,1385.352783,73.321312,274.378845,1182.720825,34.342575,309.64389,1089.372437,93.170425,152.637375,936.904968,231.219315,83.826439,1005.769043,239.987793,95.488487,891.157288,229.406219,-75.124168,1330.063843,-134.601974,-132.204391,1411.128418,9.932724,-230.447601,1290.578003,-110.628616,-310.343201,1177.33313,-141.814423,-316.80011,977.540283,7.773788,-269.774658,1032.999756,66.827827,-301.03125,930.659912,34.259663,157.926071,1023.735291,73.728188,156.452545,1061.355347,-120.108917,-112.66861,1078.275146,-120.186111,-112.521851,1062.980225,94.481941
6.167,14.313903,1672.918579,77.835876,5.165831,1609.389526,165.6026,-67.017349,1603.172119,68.20504,48.405514,1425.623047,-77.073875,102.537689,1251.310059,-139.587357,-8.028935,1249.157104,-151.753845,-15.656158,1289.46875,125.677261,195.898697,1320.456177,-80.549149,173.070908,1386.549316,73.172577,274.502258,1184.296143,30.803648,312.057159,1090.903931,88.442085,159.412094,941.026855,235.66185,91.082314,1010.234619,244.215668,102.365128,895.031494,236.407104,-75.806313,1331.031738,-133.865692,-132.78035,1411.927612,10.818001,-231.824921,1292.329468,-109.742554,-311.182098,1178.862549,-141.415451,-317.072052,977.924805,6.692097,-269.996521,1033.121094,66.201965,-301.110962,930.862366,33.072098,157.749313,1024.481201,74.471924,156.687714,1062.531494,-119.274612,-112.447754,1078.939209,-120.218575,-112.978203,1063.254272,94.344986
6.175,15.376989,1673.900146,78.436218,6.450607,1610.491699,166.29068,-66.431145,1604.857788,69.658142,47.479046,1426.605957,-76.480766,101.808289,1252.217041,-138.92041,-8.572653,1250.292603,-151.101303,-16.413944,1290.392822,126.235512,195.018417,1321.739136,-80.988197,172.960678,1387.708252,73.053352,274.739471,1186.038208,27.416901,313.717529,1092.335571,83.472939,166.825668,945.645874,239.583649,98.843781,1014.929443,248.41011,110.384422,899.401428,243.978409,-76.649826,1332.214355,-133.001785,-133.344376,1412.773315,11.859011,-233.115631,1294.084473,-108.853973,-312.118439,1180.546509,-141.260086,-317.286682,978.407288,5.834392,-270.188019,1033.343384,65.611519,-301.064117,931.225464,31.83366,157.395279,1025.637939,75.49649,157.053558,1063.84668,-118.247833,-112.156136,1079.811157,-120.183189,-113.414917,1063.58252,94.129822
6.183,16.732525,1675.005981,79.08387,7.897604,1611.683228,167.062775,-65.823868,1606.598267,70.728905,46.573513,1427.717773,-75.805466,101.060913,1253.159668,-138.207016,-9.17988,1251.413208,-150.348328,-17.335279,1291.471069,126.759155,193.553375,1322.88623,-81.041809,172.964767,1389.037231,72.894714,274.595184,1188.054321,23.754398,315.779022,1094.306519,78.337753,174.871933,950.365479,241.84729,106.98616,1019.704224,252.447372,119.305611,904.1604,251.139755,-77.388992,1333.451782,-132.144424,-134.01976,1413.799072,12.907346,-234.218033,1295.722168,-107.859406,-312.943634,1182.244629,-140.926559,-317.371307,979.029785,4.834452,-270.438263,1033.67627,65.028992,-301.03653,931.684875,30.595446,157.046143,1026.895264,76.435852,157.344238,1065.552734,-117.16745,-111.853676,1080.642212,-120.208969,-113.80835,1063.913696,93.853813
6.192,18.217279,1676.127319,79.982285,9.371085,1612.922363,167.921143,-65.108444,1608.539795,72.204041,45.578884,1428.916016,-75.097183,100.208427,1254.329712,-137.49733,-9.832087,1252.720093,-149.616318,-18.235733,1292.615479,127.315895,192.445068,1324.333252,-81.46492,173.015045,1390.538696,72.653313,274.634705,1190.262939,20.159491,317.836731,1096.503174,73.209846,183.739746,955.58905,244.237289,115.827087,1024.722412,256.257904,129.129623,909.27002,258.462372,-78.221077,1334.807251,-131.354279,-134.82251,1414.879761,13.986484,-235.167389,1297.585571,-107.059212,-313.718964,1184.051147,-140.548996,-317.360504,979.693237,3.890253,-270.680573,1034.099487,64.304054,-300.942352,932.155579,29.414833,156.663162,1028.415161,77.755424,157.604218,1067.19519,-116.017143,-111.60849,1081.618774,-119.932121,-114.199257,1064.373047,93.781685
6.2,19.507475,1677.307251,80.574196,11.079719,1614.218994,168.770905,-64.404449,1610.431519,73.68277,44.503094,1430.177002,-74.438255,99.404007,1255.421875,-136.73735,-10.436535,1253.960083,-148.848465,-19.119699,1293.924194,127.891663,191.269165,1325.952148,-81.833839,172.959198,1392.112427,72.4048,274.707489,1192.630615,16.709684,319.81546,1098.943359,68.095528,192.850739,960.854309,246.939957,124.527458,1029.502319,259.287262,139.489822,914.239624,264.732971,-79.032372,1336.12439,-130.463516,-135.652924,1416.036255,14.99402,-235.908081,1299.112183,-106.14418,-314.427063,1185.678467,-140.377884,-317.283447,980.436951,2.844897,-270.851532,1034.678101,63.584694,-300.889954,932.786926,28.145693,156.154724,1029.917847,78.915565,157.899506,1069.112915,-114.696678,-111.359207,1082.734009,-119.651192,-114.698677,1065.005371,93.785698
6.208,21.180136,1678.595947,81.4645,12.649329,1615.540771,169.604279,-63.440151,1612.525269,75.379173,43.389233,1431.482544,-73.746124,98.439804,1256.72168,-135.959412,-11.15934,1255.325195,-148.061737,-19.998161,1295.329224,128.541626,189.998611,1327.599609,-82.168571,172.917175,1393.885864,72.147736,274.672607,1195.110352,13.100979,321.894012,1101.547852,62.998852,202.577332,966.354004,249.050339,134.390427,1034.865845,263.03009,150.799118,919.639282,271.165466,-79.81916,1337.439087,-129.656464,-136.507156,1417.23999,16.149403,-236.555435,1300.768188,-105.592827,-314.967987,1187.418457,-140.340057,-317.156891,981.237915,1.780061,-270.928589,1035.363281,62.832676,-300.611115,933.451599,26.880857,155.428894,1031.532715,80.457878,158.226944,1071.08313,-113.214081,-111.062088,1083.982666,-119.501068,-115.098236,1065.58374,93.847588
6.217,22.592878,1679.797119,82.323715,14.477858,1616.772339,170.573608,-62.567711,1614.55603,76.985855,42.320023,1432.810425,-73.071815,97.591515,1257.84082,-135.115341,-11.85581,1256.511597,-147.270035,-20.965891,1296.857178,129.064911,188.75618,1329.193359,-82.427528,172.763794,1395.649658,71.931679,273.592377,1197.251343,10.433951,323.803131,1104.449097,58.022869,212.572678,971.87616,250.842117,144.127472,1039.998047,265.944794,162.877014,925.41803,277.107361,-80.536263,1338.747803,-128.784988,-137.35997,1418.592407,16.936909,-237.056976,1302.332397,-105.078995,-315.425659,1189.158325,-140.268265,-316.948608,982.19342,0.579957,-270.978729,1036.020142,62.248569,-300.216522,934.222595,25.534439,155.028412,1033.202026,81.67466,158.513748,1073.172363,-111.75914,-110.842003,1085.289307,-119.169441,-115.386681,1066.257202,93.94236
6.225,24.215036,1681.040283,83.120049,16.131817,1617.96936,171.430954,-61.756874,1616.579712,78.660934,41.24308,1434.12207,-72.460167,96.704323,1259.135742,-134.323578,-12.612489,1257.828857,-146.462128,-21.952192,1298.474365,129.664932,187.535187,1330.873779,-82.675453,172.712738,1397.550781,71.705017,273.30957,1199.909668,7.377242,325.726196,1107.461792,52.757816,222.763641,977.52002,252.253113,154.116379,1045.176025,268.592865,175.191315,931.062012,282.598846,-81.3778,1339.915039,-127.92337,-138.298981,1420.077881,17.715923,-237.384338,1303.731323,-104.592743,-315.720215,1190.658081,-140.299545,-316.745514,983.129211,-0.399733,-271.040955,1036.83252,61.448357,-299.80423,934.947632,24.360731,154.475983,1034.923706,83.051559,158.750122,1075.341919,-110.300583,-110.815468,1086.496216,-118.628929,-115.709953,1066.967651,94.103088
6.233,25.68264,1682.079102,84.111473,18.001804,1619.126221,172.402603,-60.759254,1618.520874,80.62413,40.085716,1435.444946,-71.907593,95.813873,1260.316284,-133.549759,-13.329046,1258.935913,-145.760544,-22.764551,1300.141357,130.283188,186.187469,1332.467407,-82.867706,172.592438,1399.463379,71.520332,272.99826,1202.53894,4.276988,327.926514,1110.56543,47.695965,233.275299,983.439087,253.362961,164.329926,1050.438477,270.948212,188.305847,937.144348,287.322174,-82.107079,1341.178345,-127.108139,-139.261078,1421.422852,18.360973,-237.736069,1305.298828,-104.445374,-315.830353,1192.276978,-140.313263,-316.475189,984.054871,-1.463795,-271.035126,1037.599243,60.71978,-299.329529,935.841919,22.980755,153.90799,1036.570312,84.301193,159.152725,1077.484375,-108.574295,-110.694366,1087.79126,-118.202728,-116.056694,1067.71521,94.39856
6.242,27.328613,1683.380737,85.484383,19.808018,1620.2146,173.281082,-59.866901,1620.445435,82.086739,39.001564,1436.751099,-71.339737,94.781258,1261.463623,-132.784912,-14.181977,1260.174683,-144.940964,-23.567099,1301.980103,130.949844,184.868851,1333.935303,-83.037125,172.52977,1401.394165,71.271484,272.578552,1205.327759,1.436496,328.905518,1113.483398,43.829044,244.177216,989.537415,254.168839,174.69873,1055.675903,272.863739,201.853378,943.38501,291.585571,-82.910988,1342.286499,-126.407684,-140.072845,1422.833984,18.892803,-237.989212,1306.650146,-104.014565,-315.871094,1193.727417,-140.407364,-316.105286,984.996521,-2.56967,-270.977325,1038.376465,59.942249,-298.815979,936.718018,21.652596,153.369934,1038.275146,85.667534,159.34436,1079.655518,-107.105377,-110.627174,1088.895142,-117.535278,-116.288353,1068.291138,94.579124
6.25,28.797901,1684.310547,85.983482,21.534002,1621.123291,174.21167,-58.896465,1622.395874,83.649803,37.886372,1437.996338,-70.813263,93.833931,1262.62561,-132.050308,-15.000165,1261.142822,-144.194611,-24.446077,1303.755615,131.574066,183.557343,1335.485474,-83.193199,172.321106,1403.247192,70.998863,272.254517,1208.128906,-1.349362,330.560547,1116.670776,38.950832,255.121979,995.667786,254.631668,185.066162,1060.766602,274.27771,215.851288,949.820984,295.177582,-83.775322,1343.324219,-125.604866,-140.903702,1424.363892,19.508358,-238.273529,1308.099731,-103.863251,-315.815125,1195.241455,-140.512939,-315.807068,985.973694,-3.536006,-270.828125,1039.184326,59.097202,-298.314148,937.574097,20.404999,152.805511,1040.00354,87.068237,159.501694,1081.810181,-105.534904,-110.504539,1090.000244,-117.165726,-116.517822,1068.837524,94.7752
6.258,30.462881,1685.292114,87.215843,23.436544,1621.966064,175.118912,-57.771233,1624.181641,85.960083,36.825611,1439.167236,-70.340767,92.873215,1263.692261,-131.308807,-15.868986,1262.289917,-143.438034,-25.146759,1305.648071,132.233566,182.227982,1336.876709,-83.267822,172.072556,1405.193359,70.831924,271.85202,1211.007324,-4.097514,331.996857,1120.001953,34.183655,266.126953,1001.9245,254.539307,195.5979,1065.946411,275.443024,230.130432,956.442139,297.962738,-84.694572,1344.348877,-124.955399,-141.894577,1425.779785,20.01676,-238.485321,1309.522949,-103.595779,-315.807373,1196.656372,-140.596069,-315.426025,986.91626,-4.569926,-270.723755,1039.946045,58.43322,-297.767853,938.547058,19.088779,152.236267,1041.607422,88.389343,159.687515,1083.863525,-103.978432,-110.456612,1090.971558,-116.796562,-116.842789,1069.430542,95.046219
6.267,31.935423,1686.25,88.090584,25.040236,1622.724121,175.990494,-56.892883,1625.956665,87.245987,35.742626,1440.328979,-69.901428,91.859306,1264.682495,-130.578339,-16.722414,1263.158691,-142.780197,-25.829258,1307.52002,132.921814,180.900833,1338.283325,-83.402573,171.692657,1407.106689,70.572472,271.381378,1213.854736,-6.744774,333.445251,1123.213013,29.484989,277.348389,1008.259766,254.003937,206.140045,1071.233887,276.246674,244.507004,963.140625,300.134308,-85.51651,1345.433838,-124.26239,-142.742584,1427.337646,20.552401,-238.690247,1310.758057,-103.221062,-315.696259,1198.131714,-140.678497,-315.061707,987.864441,-5.678869,-270.592957,1040.697388,57.796494,-297.278168,939.40979,17.925465,151.674606,1043.093628,89.758049,159.96347,1085.876709,-102.411255,-110.341934,1091.812744,-116.298347,-117.16452,1069.943726,95.350845
6.275,33.544807,1687.145752,89.139603,26.847536,1623.390015,176.872665,-55.93446,1627.478149,88.683228,34.750854,1441.401611,-69.483597,90.847961,1265.647583,-129.924469,-17.695768,1264.19397,-142.041962,-26.363846,1309.446289,133.514099,179.476089,1339.554565,-83.48278,171.445831,1408.877441,70.392509,270.833038,1216.687744,-9.274677,334.672089,1126.609863,24.4723,288.469269,1014.587769,252.824966,216.664581,1076.589355,276.725464,259.289429,970.25769,301.323303,-86.496323,1346.328735,-123.598587,-143.58316,1428.683105,21.20779,-238.967636,1312.194336,-102.973099,-315.633301,1199.526978,-140.678818,-314.677002,988.743591,-6.552804,-270.453796,1041.4104,57.160545,-296.728973,940.156311,16.8442,151.079865,1044.614502,91.075394,160.403442,1087.780518,-101.281113,-110.241539,1092.654907,-115.804092,-117.45932,1070.296753,95.581566
6.283,34.951347,1687.762085,90.0569,28.303122,1623.833618,177.662476,-54.839886,1629.037476,90.492149,33.653618,1442.406372,-69.164169,89.834885,1266.49292,-129.278366,-18.571922,1265.022217,-141.465866,-27.08671,1311.182617,134.056396,178.23436,1340.812134,-83.559448,171.238037,1410.608032,70.159836,270.289856,1219.486328,-11.936924,335.963196,1129.861938,19.517075,299.377716,1020.901184,251.133865,227.265686,1082.025024,276.701111,273.622559,977.252319,301.772369,-87.300476,1347.322144,-122.969009,-144.362183,1430.066284,21.665503,-239.249634,1313.366211,-102.459023,-315.608429,1200.834106,-140.681061,-314.215973,989.525452,-7.481927,-270.248962,1042.075073,56.522064,-296.142639,940.909058,15.674771,150.459625,1046.019897,92.410042,160.553543,1089.548706,-99.987999,-110.211777,1093.489136,-115.151146,-117.779404,1070.605835,95.901283
6.292,36.50885,1688.391113,91.222641,29.915085,1624.237915,178.561951,-54.047176,1630.340576,91.702858,32.623657,1443.339478,-68.822777,88.767281,1267.341553,-128.666565,-19.480991,1265.853638,-140.870087,-27.740398,1312.852295,134.549774,176.797104,1341.828491,-83.663147,170.99382,1412.1875,69.986221,269.681824,1222.138062,-14.577289,336.46347,1132.630615,15.417356,309.977112,1027.254395,248.907944,237.708725,1087.482056,276.291412,288.111389,984.392883,301.243927,-88.184502,1348.203369,-122.374084,-145.284744,1431.394043,22.145964,-239.688644,1314.721069,-102.121986,-315.699158,1202.128784,-140.594925,-313.772919,990.266479,-8.399571,-270.084473,1042.596802,55.922081,-295.568787,941.523743,14.60853,149.810379,1047.307861,93.67028,160.713425,1091.152466,-98.500443,-110.09951,1094.127319,-114.755547,-118.188538,1070.786011,96.197464
6.3,37.658054,1689.058716,91.92231,31.288069,1624.520142,179.3116,-53.161385,1631.637329,92.997536,31.584389,1444.18457,-68.50898,87.750458,1267.939575,-128.11998,-20.382601,1266.650513,-140.272644,-28.292313,1314.374146,135.013535,175.508331,1342.856323,-83.779266,170.711075,1413.585571,69.718765,268.846252,1224.651245,-17.125128,337.381866,1135.703247,10.616799,320.216095,1033.756104,246.305435,247.942062,1093.148315,275.57309,302.264465,991.761963,299.807983,-89.182625,1349.070679,-121.779022,-146.07666,1432.563599,22.62351,-240.111786,1315.825317,-101.574631,-315.79895,1203.31604,-140.502762,-313.303162,990.881775,-9.190648,-269.910492,1043.051025,55.377922,-295.047333,942.016541,13.58914,149.177872,1048.499756,94.923836,160.815079,1092.658936,-97.227295,-109.978798,1094.731934,-114.31546,-118.655533,1070.935669,96.506302
6.308,38.921177,1689.539185,93.066803,32.655415,1624.778442,180.107956,-52.061779,1632.657349,94.51693,30.630659,1444.976562,-68.209969,86.736954,1268.54834,-127.50399,-21.154287,1267.250244,-139.670364,-28.8211,1315.869263,135.509048,174.151855,1343.739746,-83.953384,170.440079,1414.990601,69.507469,268.013031,1227.121826,-19.84502,338.040314,1138.726318,5.603292,329.968353,1040.141724,242.888367,258.003998,1098.903564,274.273773,315.946655,999.100098,297.540497,-89.959305,1349.852295,-121.300323,-146.792953,1433.626831,23.10747,-240.68869,1317.075684,-101.204308,-315.988617,1204.476318,-140.371429,-312.816528,991.459961,-10.10018,-269.751678,1043.382202,54.872093,-294.526917,942.423523,12.57858,148.474655,1049.628784,96.11689,160.935059,1093.996704,-95.973976,-109.914474,1095.265625,-113.865219,-119.143051,1071.05835,96.844421
6.317,40.08466,1689.867188,93.952835,33.851456,1624.848633,180.810059,-51.322514,1633.513428,95.78009,29.72576,1445.721313,-67.931061,85.800385,1269.076782,-126.987946,-21.947388,1267.844482,-139.208191,-29.343668,1317.136841,135.974808,172.880966,1344.485718,-84.092987,170.230789,1416.143799,69.238495,266.971436,1229.301758,-22.572794,338.914062,1141.851562,-0.286223,339.693054,1046.595947,239.274292,267.796143,1104.601562,272.751526,329.132019,1006.665955,294.357361,-90.73481,1350.568237,-120.791412,-147.459961,1434.769165,23.503872,-241.226044,1318.132446,-100.72686,-316.2276,1205.48645,-140.234207,-312.376526,991.921387,-10.906167,-269.600494,1043.609253,54.361965,-294.02536,942.808167,11.536272,147.806351,1050.671875,97.367821,161.013351,1095.169678,-94.667526,-109.847908,1095.768188,-113.508362,-119.573769,1071.116821,97.061279
6.325,41.163486,1690.054688,94.900467,34.96701,1624.899414,181.594742,-50.758938,1634.208252,96.632309,28.904594,1446.351807,-67.659393,84.97242,1269.434082,-126.517921,-22.775833,1268.411743,-138.745239,-29.980619,1318.336548,136.426147,171.69957,1345.102173,-84.254768,170.157013,1417.24585,68.969299,265.91806,1231.348999,-25.344696,339.166656,1144.342529,-4.707685,348.669678,1052.756226,235.080368,277.391174,1110.388672,270.505676,341.58255,1013.956055,290.311646,-91.549042,1351.290039,-120.280769,-148.17627,1435.70105,24.009157,-241.85994,1319.205322,-100.260674,-316.360901,1206.430298,-140.044174,-312.031433,992.249451,-11.692537,-269.392578,1043.734497,53.84087,-293.631195,942.999634,10.635852,147.05864,1051.746948,98.730171,161.102936,1096.188477,-93.335075,-109.842705,1096.208984,-112.991516,-120.028854,1071.062866,97.171165
6.333,42.163841,1690.147461,95.850594,35.955532,1624.804199,182.3367,-50.025604,1634.888306,97.893867,28.14621,1446.831665,-67.412956,84.118202,1269.723267,-126.027824,-23.466499,1268.850708,-138.287445,-30.593328,1319.386108,136.77774,170.400757,1345.61499,-84.392105,170.112076,1418.223511,68.698364,264.770905,1233.290527,-28.176342,339.497894,1146.989136,-9.775324,357.634674,1058.789917,230.410492,286.641602,1115.584961,267.562775,353.189056,1020.82135,286.003113,-92.200203,1351.842651,-119.845779,-148.786667,1436.574341,24.43718,-242.468979,1320.183838,-100.034447,-316.498535,1207.259766,-139.969116,-311.723236,992.533264,-12.410717,-269.175934,1043.789062,53.304447,-293.220978,943.108032,9.706645,146.515213,1052.48291,99.669975,161.278168,1097.095703,-91.937897,-109.711922,1096.581665,-112.83107,-120.536163,1071.001709,97.333664
6.342,42.974796,1690.276001,96.759727,36.762978,1624.593994,183.098999,-49.288055,1635.352051,99.294907,27.413647,1447.289795,-67.220047,83.337105,1269.975342,-125.616165,-24.048731,1269.285767,-137.972321,-31.152693,1320.312378,137.17128,169.330063,1346.031372,-84.598389,170.168411,1419.023926,68.304047,263.539795,1234.949951,-31.058737,339.684906,1149.443115,-14.896202,365.825989,1064.326782,225.300934,295.507904,1120.673218,264.347107,364.586945,1027.792969,280.91864,-92.820122,1352.363525,-119.567345,-149.299622,1437.259521,24.770002,-243.077408,1321.069092,-99.612625,-316.577087,1207.876099,-139.911377,-311.410919,992.67041,-13.122592,-268.974762,1043.75,52.806885,-292.888153,943.102112,8.929915,145.849319,1053.209351,100.841728,161.319092,1097.799805,-90.727921,-109.628197,1096.759888,-112.634407,-121.061417,1070.859741,97.447548
6.35,43.709824,1690.154541,97.681915,37.524876,1624.273071,183.832413,-48.7859,1635.61377,100.178757,26.658466,1447.655762,-67.057243,82.580124,1270.072876,-125.20607,-24.589958,1269.560913,-137.530899,-31.740881,1321.094849,137.492859,168.283951,1346.325317,-84.886108,170.315186,1419.688599,67.90271,262.730316,1236.871338,-35.419754,339.950928,1151.790771,-19.98918,373.56131,1069.372803,220.017242,303.85434,1125.445557,260.608826,374.89801,1033.855225,275.560944,-93.496788,1352.790771,-119.317314,-149.808487,1437.843872,25.110136,-243.595688,1321.709961,-99.265373,-316.575195,1208.319702,-139.848404,-311.118835,992.650269,-13.743054,-268.753052,1043.597412,52.323978,-292.55481,943.029419,8.139588,145.252838,1053.879761,101.956291,161.377441,1098.512207,-89.561783,-109.512184,1096.816528,-112.41452,-121.581932,1070.69873,97.479324
6.358,44.3913,1689.96582,98.664551,38.441982,1623.901123,184.636932,-48.277542,1635.754883,101.374184,25.957157,1447.894775,-66.915764,81.892235,1270.132446,-124.994781,-25.210167,1269.786499,-137.285538,-32.256138,1321.629272,137.767471,167.242172,1346.481079,-85.175575,170.496384,1420.207275,67.307404,261.180725,1237.953613,-37.170647,340.203094,1154.051636,-25.192472,381.144318,1074.278809,214.259949,311.7742,1129.753784,256.4328,384.699493,1039.645142,269.893982,-94.079659,1353.076416,-118.971809,-150.344055,1438.361084,25.489779,-244.078201,1322.251831,-99.023979,-316.518311,1208.634399,-139.799088,-310.766266,992.543152,-14.389584,-268.571228,1043.363892,51.882004,-292.23053,942.837097,7.460437,144.680847,1054.456055,103.074356,161.453003,1099.012695,-88.281631,-109.39209,1096.731445,-112.190582,-122.11721,1070.529053,97.573143
6.367,44.975712,1689.707886,99.407936,39.001976,1623.446533,185.413773,-47.887939,1635.727173,102.222313,25.322588,1448.066528,-66.789879,81.270393,1270.051147,-124.797577,-25.775801,1269.947144,-137.210876,-32.817585,1322.012939,137.956497,166.2659,1346.525635,-85.608765,170.734482,1420.61145,66.635414,259.915894,1239.174438,-39.677887,340.467316,1156.134399,-30.30835,387.93811,1078.549805,208.388107,319.118378,1133.586304,251.849808,393.359467,1044.482788,264.115814,-94.599411,1353.331421,-118.733101,-150.882706,1438.672241,25.853678,-244.49791,1322.61853,-98.840965,-316.381531,1208.730103,-139.809479,-310.497101,992.302917,-14.955334,-268.435089,1043.003052,51.437126,-291.973541,942.523376,6.985952,144.189056,1054.904907,104.071037,161.527222,1099.478027,-87.090309,-109.156952,1096.527832,-112.142715,-122.597351,1070.305786,97.543182
6.375,45.467903,1689.261719,100.25798,39.456406,1622.851685,186.146286,-47.492947,1635.598389,103.263596,24.75169,1448.123657,-66.682327,80.722771,1269.906372,-124.658112,-26.246855,1269.969971,-137.021454,-33.426785,1322.216309,138.003906,165.423325,1346.533203,-86.196671,170.988602,1420.89624,65.758881,258.735931,1240.209229,-42.368748,340.592377,1158.121216,-35.495533,394.436462,1082.535889,202.38945,325.704376,1136.924927,247.060959,401.515778,1048.977417,257.853333,-95.084976,1353.474609,-118.518234,-151.481491,1438.876221,26.153128,-244.881821,1322.754639,-98.599998,-316.214722,1208.600098,-139.876907,-310.30191,991.935974,-15.314768,-268.342346,1042.55835,51.12294,-291.753937,942.095764,6.535855,143.633041,1055.316528,105.101501,161.589096,1099.780396,-86.083923,-108.94635,1096.109253,-112.073235,-123.076202,1070.022339,97.457451
6.383,45.895195,1688.935669,101.644844,39.973518,1622.16333,187.011353,-47.096478,1635.327515,104.561279,24.179726,1448.098511,-66.593239,80.253395,1269.670898,-124.602821,-26.628805,1269.82019,-136.863586,-34.066963,1322.284302,137.93959,164.475662,1346.300171,-86.844063,171.2379,1421.05188,64.857239,257.923676,1241.240601,-45.264431,340.839355,1159.979248,-40.69315,400.255249,1086.169678,196.337341,331.756927,1140.076294,242.047699,408.88858,1052.989868,251.438553,-95.559311,1353.496948,-118.347496,-152.000046,1438.905396,26.363028,-245.242111,1322.698853,-98.463257,-315.978088,1208.291992,-139.96756,-310.124207,991.524231,-15.644607,-268.372192,1042.09021,50.946655,-291.618866,941.528198,6.362508,143.131775,1055.611084,106.034386,161.663818,1100.00354,-85.291954,-108.677284,1095.675171,-112.097839,-123.599159,1069.705444,97.446518
6.392,46.139606,1688.338623,102.565659,40.532703,1621.327881,187.762802,-46.817875,1634.864502,105.860542,23.540529,1447.977417,-66.626801,79.743553,1269.325317,-124.653572,-27.004295,1269.666504,-136.85611,-34.634277,1322.248047,137.813538,163.603699,1346.051636,-87.64238,171.513504,1421.078003,63.862705,257.069641,1242.147339,-48.354145,340.891205,1161.671997,-45.880291,405.656067,1089.357788,190.127335,337.11673,1142.462891,237.13681,415.377716,1056.43811,244.917221,-96.023781,1353.34375,-118.1371,-152.492279,1438.794189,26.60153,-245.525513,1322.444458,-98.280869,-315.669403,1207.793091,-140.074066,-309.938019,990.990662,-15.862879,-268.490082,1041.539185,50.889565,-291.549835,940.952271,6.22698,142.673431,1055.76709,106.925629,161.776276,1100.090088,-84.578003,-108.407661,1095.178955,-112.258537,-124.093727,1069.362915,97.297264
6.4,46.495251,1687.547729,103.408768,40.990925,1620.411987,188.609512,-46.665844,1634.327637,106.924019,22.967779,1447.785767,-66.688614,79.18576,1268.911011,-124.857292,-27.351408,1269.414062,-136.913376,-35.041386,1322.089478,137.610565,162.830002,1345.758545,-88.519112,171.774139,1420.998901,62.807693,256.42746,1243.078613,-51.537991,341.040802,1163.260254,-51.183224,410.382355,1092.168701,183.808289,341.18222,1143.94519,231.416901,421.041626,1059.10498,238.025299,-96.456474,1353.10022,-118.087753,-152.945358,1438.535278,26.797821,-245.751297,1322.084717,-98.29689,-315.338776,1207.148315,-140.237762,-309.841858,990.297485,-15.961823,-268.71463,1040.909546,50.955505,-291.477997,940.246887,6.114183,142.306839,1055.841309,107.654373,162.006241,1100.098145,-83.984375,-108.208755,1094.41748,-112.357384,-124.494026,1069.011841,97.134132
6.408,46.685936,1686.964233,104.623108,41.204575,1619.372925,189.462357,-46.620255,1633.653809,107.699272,22.394079,1447.53772,-66.799088,78.724777,1268.47876,-125.068886,-27.713692,1269.072388,-136.934097,-35.453243,1321.831421,137.256607,162.023087,1345.441406,-89.629784,171.99144,1420.857056,61.697609,255.71022,1243.950928,-54.788994,341.076416,1164.779419,-56.469078,414.243408,1094.295288,177.486694,345.02597,1145.15332,226.068802,425.692291,1060.973389,231.005554,-96.849281,1352.776978,-118.132874,-153.435699,1438.090942,26.967478,-245.920059,1321.580566,-98.277908,-315.073303,1206.489746,-140.314316,-309.761566,989.540955,-16.014145,-268.957367,1040.152222,51.081211,-291.412231,939.494751,6.12209,141.992966,1055.810303,108.309265,162.292343,1100.031006,-83.564636,-107.805473,1093.645752,-112.610016,-124.857552,1068.59729,96.930588
6.417,46.802502,1686.190063,106.141098,41.362801,1618.140259,190.29393,-46.513786,1632.75,108.715363,21.898272,1447.186768,-66.93087,78.252045,1267.969971,-125.36451,-28.066071,1268.641113,-137.060349,-35.782677,1321.486206,136.814087,161.215454,1344.989624,-90.569939,172.158157,1420.706055,60.538849,255.024017,1244.787842,-58.210537,341.06485,1166.2323,-61.712994,417.530426,1095.728027,171.08757,348.273376,1145.683716,220.864746,429.556152,1062.173218,223.825546,-97.25016,1352.337646,-118.182838,-153.814911,1437.605103,26.939211,-246.1138,1320.89209,-98.232834,-314.734589,1205.480591,-140.416061,-309.704041,988.67926,-16.07378,-269.282806,1039.412964,51.270542,-291.395447,938.686462,6.224696,141.746536,1055.710327,108.822899,162.525803,1099.904053,-83.334343,-107.504295,1092.81897,-112.641312,-125.220612,1068.104004,96.769928
6.425,46.829155,1685.285645,107.222412,41.606697,1616.892822,191.177567,-46.443237,1631.814697,109.841896,21.407475,1446.751465,-67.13192,77.80748,1267.369507,-125.677216,-28.438141,1268.05249,-137.244659,-35.998543,1321.093262,136.439972,160.448807,1344.60791,-91.720703,172.42485,1420.42041,59.392143,254.327896,1245.630981,-61.650688,340.956177,1167.77832,-66.975624,420.094635,1096.621582,164.566772,350.566589,1145.319214,214.964127,432.532288,1062.452637,216.375641,-97.728317,1351.774414,-118.252144,-154.179642,1436.991455,26.853933,-246.260132,1320.057007,-98.311089,-314.412567,1204.447754,-140.437134,-309.56839,987.811951,-16.094082,-269.742767,1038.562622,51.673973,-291.339783,937.85437,6.377075,141.604095,1055.623413,109.17617,162.763855,1099.948975,-84.568687,-107.111183,1091.917725,-112.885849,-125.536118,1067.640381,96.687119
6.433,46.798218,1684.306763,108.028748,41.769733,1615.463257,192.08548,-46.221203,1630.749023,111.431915,20.926319,1446.268188,-67.433502,77.455833,1266.764038,-126.059639,-28.730131,1267.44104,-137.474319,-36.167995,1320.523682,135.99028,159.671356,1344.169434,-92.87146,172.685104,1419.990601,58.282829,253.623276,1246.512573,-64.987946,340.744995,1169.390015,-72.186478,421.95401,1096.638062,158.116028,352.648804,1144.538208,210.060867,434.627716,1061.588989,208.917435,-98.037537,1351.108887,-118.431908,-154.529388,1436.242432,26.844795,-246.23175,1319.08606,-98.358543,-314.197113,1203.352417,-140.515381,-309.502777,986.766541,-15.970267,-270.111328,1037.707153,51.885056,-291.121613,936.897461,6.513488,141.589371,1055.565063,109.359627,162.878143,1099.61377,-84.355713,-106.754776,1090.968872,-113.03817,-125.75351,1067.218018,96.638718
6.442,46.766529,1683.231201,109.651642,42.198662,1614.086792,193.012192,-46.057255,1629.541626,112.881851,20.412601,1445.670288,-67.81279,76.967102,1266.098145,-126.647156,-29.038124,1266.77771,-137.772202,-36.214802,1319.917603,135.552658,159.066193,1343.785156,-93.962746,172.848892,1419.55835,57.272301,252.790512,1247.486084,-68.287079,340.457367,1171.007935,-77.44574,423.131561,1095.932861,151.444107,353.57843,1142.458984,203.552048,435.698517,1059.749634,201.03627,-98.257935,1350.379517,-118.597855,-154.768784,1435.335938,26.731182,-246.315292,1318.011963,-98.423729,-313.949097,1202.148926,-140.564926,-309.402618,985.654541,-15.778087,-270.511993,1036.744385,52.419178,-290.984619,935.738586,6.932797,141.706741,1055.579224,109.395294,162.959061,1099.200195,-84.445938,-106.429665,1089.93811,-113.392136,-125.888031,1066.773071,96.624809
6.45,46.706364,1682.120483,110.550972,42.357563,1612.418091,193.935486,-45.994244,1628.357178,113.878502,20.001259,1445.00708,-68.222763,76.57489,1265.478394,-127.210197,-29.351667,1265.938599,-138.11232,-36.146843,1319.274902,135.100937,158.421799,1343.375488,-95.129784,173.017868,1419.04541,56.282173,251.884583,1248.479126,-71.472488,340.009674,1172.691406,-82.608505,423.714905,1094.478149,144.883148,354.084229,1140.098022,197.873108,435.791046,1057.12207,193.604019,-98.588387,1349.427734,-118.88372,-154.928329,1434.450806,26.620131,-246.356155,1316.806641,-98.40451,-313.781097,1200.868042,-140.418701,-309.246704,984.462097,-15.470328,-270.735565,1035.720093,52.712669,-290.812653,934.752563,7.313996,141.922913,1055.641113,109.307297,163.062622,1098.62146,-84.848648,-106.221245,1088.901855,-113.70182,-125.879616,1066.25,96.679878
6.458,46.518494,1681.001343,111.876434,42.395256,1610.735229,194.75592,-46.000126,1626.877319,115.160988,19.676037,1444.21814,-68.65834,76.306328,1264.800781,-127.776711,-29.642233,1265.150391,-138.503448,-36.041763,1318.480835,134.633209,157.862823,1342.939453,-96.224823,173.239807,1418.320923,55.336082,251.001053,1249.513672,-74.600761,339.476257,1174.321411,-87.563423,423.648193,1092.229736,138.356201,354.104706,1137.094849,192.317673,435.125824,1053.552002,186.283859,-98.834167,1348.499146,-119.060913,-155.201782,1433.479004,26.480639,-246.420731,1315.580078,-98.488495,-313.698914,1199.453369,-140.37085,-309.049438,983.265198,-15.147941,-270.942719,1034.644897,53.115009,-290.461609,933.520813,7.829978,142.220749,1055.805542,109.091194,163.194794,1097.894531,-85.202255,-105.991325,1087.70874,-114.009666,-125.797989,1065.771362,96.829102
6.467,46.359516,1679.721802,113.463013,42.444374,1608.97583,195.638336,-46.086727,1625.454224,116.035591,19.319221,1443.364502,-69.041626,75.956978,1264.052612,-128.399979,-29.924822,1264.263306,-139.048325,-35.779797,1317.735107,134.132935,157.433075,1342.563721,-97.302429,173.441681,1417.69873,54.252922,249.994797,1250.582886,-77.636833,338.753845,1175.992798,-92.423721,422.944702,1089.30603,131.680374,353.69693,1133.514771,186.773056,433.601959,1049.053833,177.957626,-99.155067,1347.42688,-119.408562,-155.121307,1432.289795,26.225323,-246.498306,1314.181274,-98.509583,-313.605499,1198.021851,-140.155792,-308.749542,981.950134,-14.632566,-271.104218,1033.628052,53.811562,-290.019592,932.334717,8.474851,142.524857,1055.998901,108.76973,163.270142,1097.122437,-85.684006,-105.8209,1086.528442,-114.215004,-125.605034,1065.258667,96.951019
6.475,46.247967,1678.343384,114.298401,42.427994,1607.093872,196.501053,-46.169781,1623.782837,117.360275,18.958868,1442.458618,-69.487579,75.682625,1263.289917,-129.030457,-30.116341,1263.185425,-139.414948,-35.441429,1316.931152,133.577087,157.021194,1342.151978,-98.349655,173.704453,1416.962158,53.469929,249.0616,1251.711304,-80.479523,337.981323,1177.631592,-97.097351,421.742188,1085.753052,125.11879,352.678741,1129.285645,181.313202,431.165894,1043.780762,170.1017,-99.248566,1346.351562,-119.685524,-155.144379,1431.196167,26.110922,-246.536087,1312.832886,-98.444702,-313.688629,1196.484375,-139.942947,-308.563873,980.594177,-13.988095,-271.074615,1032.477783,54.433052,-289.629974,931.139832,9.24735,142.770859,1056.328125,108.348129,163.346268,1096.036011,-86.111588,-105.647911,1085.337036,-114.44767,-125.287231,1064.713501,97.119629
6.483,46.058144,1676.814575,115.663223,42.523678,1605.298462,197.399445,-46.334438,1622.172974,118.027397,18.705378,1441.398926,-69.892731,75.442619,1262.471436,-129.717773,-30.322351,1262.21228,-139.923172,-35.147007,1316.002686,133.088562,156.610275,1341.634644,-99.239769,174.008804,1416.017944,52.701134,248.092545,1252.72876,-83.180458,337.158783,1179.19751,-101.683655,419.801514,1081.296753,118.421509,350.669739,1123.840454,174.511902,427.874847,1037.531372,161.980148,-99.464561,1345.164795,-120.008514,-155.165665,1430.065308,25.932875,-246.644943,1311.382446,-98.49659,-313.729218,1194.870605,-139.554794,-308.239594,979.225708,-13.449291,-271.058411,1031.26001,55.18454,-289.001282,929.956299,9.933365,143.271606,1056.646973,107.888306,163.349335,1094.98877,-86.924789,-105.468666,1084.001099,-114.795059,-124.8386,1064.140747,97.257553
6.492,45.88908,1675.537231,117.068886,42.666534,1603.259521,198.157959,-46.400928,1620.522217,119.194084,18.54641,1440.397339,-70.229469,75.274094,1261.719482,-130.377991,-30.438505,1261.094971,-140.315277,-34.718945,1315.021606,132.629333,156.292496,1341.186279,-100.162903,174.292786,1415.004028,52.068958,247.277573,1253.673584,-85.730545,336.336029,1180.69165,-105.958511,417.497864,1076.312256,111.844261,348.56842,1118.352783,168.613129,423.639069,1030.552734,153.117523,-99.638077,1343.968018,-120.231041,-155.130539,1428.711182,25.693567,-246.702957,1309.785278,-98.331917,-313.874329,1193.252441,-139.172318,-307.864227,977.855042,-12.492781,-271.007538,1030.147583,55.961582,-288.587036,928.658936,10.974141,143.903351,1056.833374,107.438293,163.426041,1093.799561,-87.875816,-105.571877,1082.579834,-114.928078,-124.232254,1063.488525,97.419617
6.5,45.641472,1673.920776,117.967072,42.860924,1601.458862,198.99147,-46.473587,1618.787109,119.923508,18.361189,1439.376099,-70.588081,75.107742,1260.868286,-131.010483,-30.567663,1259.949585,-140.794464,-34.322098,1313.998169,132.215073,155.964157,1340.654175,-100.99234,174.581848,1413.77832,51.552185,246.417694,1254.603149,-88.150551,335.544403,1182.182861,-110.015274,414.41568,1070.577637,105.226028,346.076935,1112.31543,162.808502,418.736908,1023.042175,144.72908,-99.71917,1342.74585,-120.558479,-155.065308,1427.489868,25.487541,-246.806366,1308.184937,-98.217339,-314.095367,1191.560913,-138.6884,-307.568237,976.474304,-11.545936,-270.958191,1029.036255,56.918819,-288.081696,927.46698,11.918001,144.520309,1056.915649,106.818932,163.397354,1092.471558,-88.681351,-105.562538,1081.146484,-115.140839,-123.699028,1062.895264,97.624016
6.508,45.467861,1672.420898,119.282196,43.106583,1599.563477,199.766907,-46.536671,1617.124878,120.787315,18.251831,1438.320435,-70.827362,74.916611,1259.945068,-131.690033,-30.683859,1258.9375,-141.300888,-33.640633,1312.896729,131.913406,155.725555,1340.127686,-101.791924,174.877594,1412.652954,51.006142,245.683289,1255.384888,-90.432907,334.88028,1183.539185,-113.777992,410.769836,1064.511353,98.340469,342.900055,1105.807373,156.940247,412.885529,1014.767151,135.43602,-99.747658,1341.540894,-120.825188,-154.9133,1426.139648,25.329977,-246.910904,1306.736206,-98.150307,-314.269684,1189.877441,-138.214142,-307.275635,975.066956,-10.515228,-270.670471,1027.897095,57.850731,-287.739166,926.155212,13.266364,145.169464,1056.766602,106.068298,163.407227,1091.064941,-89.330971,-105.639938,1079.670288,-115.464371,-123.044281,1062.150757,97.749725
6.517,45.357952,1670.903198,120.192284,43.1917,1597.563354,200.433273,-46.601486,1615.255127,121.955368,18.152527,1437.239136,-70.987495,74.843498,1259.078125,-132.283218,-30.707678,1257.751709,-141.641464,-32.895901,1311.78833,131.718338,155.517731,1339.557251,-102.540161,175.269577,1411.303589,50.547718,245.166779,1255.999268,-92.610832,334.370514,1184.722412,-117.24218,406.567078,1057.565918,91.953384,339.348389,1098.772217,151.056808,406.386536,1006.535645,126.319809,-99.732391,1340.315918,-121.00235,-154.762497,1424.688477,25.33,-246.965149,1305.15332,-97.881821,-314.558899,1188.238647,-137.575806,-307.065674,973.814575,-9.281385,-270.365631,1026.875488,58.823349,-287.347839,925.02832,14.516174,145.933899,1056.49646,105.410088,163.394608,1089.536621,-90.21489,-105.597374,1078.276245,-115.796379,-122.332397,1061.357544,97.770638
6.525,45.313694,1669.331299,121.524429,43.225243,1595.743774,201.100159,-46.605289,1613.532715,122.768402,18.134193,1436.129517,-71.128456,74.760178,1258.197632,-132.879913,-30.708103,1256.631836,-142.007919,-32.192963,1310.548462,131.564163,155.412354,1338.918091,-103.203552,175.657104,1409.810425,50.091354,244.649719,1256.49939,-94.724907,333.964233,1185.826172,-120.329369,401.770905,1050.233643,84.754356,335.194061,1091.208984,145.132294,399.043121,997.739258,116.808846,-99.739731,1338.997925,-121.080971,-154.469574,1423.374756,25.197552,-247.008514,1303.541016,-97.548683,-314.745483,1186.547485,-136.998856,-306.858521,972.545105,-7.832468,-269.978455,1025.831177,59.861637,-287.061829,924.005371,15.770883,146.817062,1056.051025,104.770508,163.329178,1087.988647,-91.054558,-105.589035,1076.756104,-115.994751,-121.611382,1060.445435,97.881149
6.533,45.16708,1667.869141,121.85778,43.42194,1593.929932,201.695251,-46.393372,1611.865845,124.316109,18.185114,1435.028809,-71.163445,74.801979,1257.122803,-133.35376,-30.693821,1255.514893,-142.375641,-31.309883,1309.219482,131.474396,155.261551,1338.212158,-103.951118,176.073914,1408.408081,49.57811,244.336288,1256.83252,-96.645836,333.729645,1186.730591,-123.165092,396.366302,1042.603271,78.231606,330.380127,1083.382202,139.105759,391.110046,988.903809,106.92424,-99.682831,1337.814331,-121.173691,-154.196228,1421.933838,25.298649,-247.005859,1301.949463,-97.10556,-314.992828,1184.93396,-136.213486,-306.62323,971.389282,-6.617138,-269.472473,1024.904907,61.045555,-286.763947,922.858398,17.389757,147.796112,1055.421631,104.084885,163.327423,1086.186157,-91.619637,-105.57074,1075.312988,-116.160355,-120.915009,1059.416138,97.79924
6.542,45.049957,1666.342529,123.33448,43.533943,1592.19165,202.250229,-46.398159,1610.075562,124.614502,18.28829,1433.816895,-71.177902,74.797279,1256.075562,-133.817123,-30.625175,1254.283936,-142.572159,-30.434862,1307.899292,131.587845,155.213089,1337.477783,-104.622681,176.469193,1406.769897,49.128544,244.192123,1256.970337,-98.374565,333.766724,1187.505737,-125.642952,390.700714,1034.863647,70.947395,325.419952,1075.731689,133.30658,382.564667,980.132568,96.945679,-99.566093,1336.502075,-121.146011,-153.912277,1420.549805,25.498272,-246.987747,1300.479126,-96.637726,-315.152924,1183.276123,-135.364288,-306.448303,970.206116,-5.014896,-268.917389,1023.911804,62.177628,-286.487732,921.81604,18.774433,148.594223,1054.612671,103.507729,163.192001,1084.548096,-92.419128,-105.570297,1073.809814,-116.460335,-120.254883,1058.339966,97.755005
6.55,44.914066,1665.020752,123.567009,43.814533,1590.589478,202.787079,-46.311245,1608.521973,125.634003,18.439968,1432.709351,-71.115486,74.663322,1255.004028,-134.330322,-30.594677,1253.137451,-142.733978,-29.505764,1306.445068,131.746185,155.17421,1336.549438,-105.159592,177.058807,1405.153198,48.72728,244.210297,1256.999268,-99.988937,333.971283,1188.018188,-127.902359,384.431732,1027.076904,64.38044,319.579224,1067.726929,127.104729,373.546478,971.773193,86.639885,-99.519173,1335.331787,-120.95845,-153.496597,1419.200684,25.729319,-246.842972,1299.010742,-96.166267,-315.321289,1181.828247,-134.545929,-306.352997,969.004944,-3.452939,-268.284943,1023.00885,63.16608,-286.366638,920.80603,20.287569,149.443268,1053.700684,102.954117,163.100113,1082.664185,-93.009064,-105.530525,1072.454956,-116.843803,-119.560295,1057.194458,97.608864
6.558,44.793953,1663.480347,124.34362,44.142921,1589.097778,203.331726,-46.352833,1606.757446,125.592079,18.716413,1431.470215,-71.003098,74.751389,1253.855469,-134.721436,-30.549942,1251.996826,-142.86261,-28.571735,1304.87439,131.8853,155.201248,1335.583374,-105.653976,177.713379,1403.438354,48.501301,244.333786,1256.833252,-101.441681,334.382629,1188.221191,-129.904602,377.682343,1019.533752,57.401062,313.161865,1059.85144,120.810669,364.364166,964.105103,76.699883,-99.359711,1334.053345,-120.833572,-152.963287,1417.693726,26.239838,-246.79332,1297.575562,-95.474495,-315.448883,1180.37207,-133.701584,-306.190216,968.019958,-2.073927,-267.741119,1022.089478,64.440842,-286.190277,919.795044,21.901463,150.322952,1052.577026,102.472504,163.040436,1080.938599,-93.685669,-105.498573,1071.041748,-117.103554,-119.045448,1055.970215,97.541519
6.567,44.675884,1662.331177,124.554794,44.404045,1587.743042,203.818817,-46.205753,1605.310913,126.404602,19.005728,1430.309937,-70.865295,74.79409,1252.699951,-135.048523,-30.43516,1250.851318,-142.841492,-27.707916,1303.430054,132.114594,155.373184,1334.582031,-105.945427,178.38826,1401.639404,48.442146,244.632095,1256.539062,-102.754471,334.774292,1188.126343,-131.589691,370.850983,1012.251526,51.007771,306.561279,1052.322754,114.636597,354.909882,956.830322,66.672668,-99.228447,1332.937866,-120.526688,-152.457596,1416.536133,26.805996,-246.653015,1296.227417,-94.859161,-315.620911,1179.016846,-132.692444,-306.011505,967.006714,-0.465163,-267.107758,1021.244751,65.641212,-286.058258,918.947998,23.271084,151.062302,1051.338745,102.092522,162.964279,1079.043457,-94.216507,-105.389984,1069.778198,-117.408188,-118.505257,1054.62915,97.418999
6.575,44.729614,1660.931641,124.825294,44.607891,1586.500854,204.190842,-46.09676,1603.661011,126.54406,19.39957,1429.140381,-70.60363,74.81839,1251.722656,-135.303955,-30.350275,1249.840454,-142.834442,-26.653364,1301.894531,132.453476,155.6427,1333.462891,-106.130257,179.180054,1399.859863,48.428642,245.111664,1255.996826,-103.794983,335.245483,1187.700439,-133.115753,363.960022,1005.454651,44.46804,299.554016,1045.177856,108.457664,345.581543,950.297913,56.997559,-99.052711,1331.895142,-120.08313,-151.966812,1415.323853,27.562096,-246.438034,1295.023071,-93.991943,-315.691406,1177.875244,-131.63591,-305.889069,966.107788,1.053247,-266.409912,1020.424988,66.845955,-285.882629,918.137817,24.714441,151.633957,1049.941895,101.827721,162.801941,1077.318604,-94.691605,-105.370529,1068.60791,-117.609955,-118.026314,1053.368896,97.326729
6.583,44.720604,1659.870483,125.196663,44.904125,1585.47229,204.49321,-45.99155,1602.387451,126.985687,19.943645,1428.040771,-70.272552,74.983009,1250.56665,-135.390671,-30.274744,1248.781738,-142.67662,-25.745821,1300.217773,132.718323,156.008667,1332.401855,-106.064499,180.074463,1397.979614,48.773575,245.588699,1255.526245,-104.717094,335.591766,1187.045532,-134.31192,356.88324,998.924011,38.126617,292.46582,1038.519775,102.239212,336.110565,944.30127,47.59341,-98.811707,1330.824341,-119.594383,-151.271393,1414.095459,28.245243,-246.129776,1293.946655,-93.055603,-315.731323,1176.802979,-130.471268,-305.668549,965.295898,2.507981,-265.863831,1019.659973,68.135742,-285.578918,917.445312,26.02215,152.084351,1048.511719,101.680832,162.754745,1075.378296,-94.96743,-105.244003,1067.422729,-117.863014,-117.59803,1052.008789,97.131241
6.592,44.733887,1659.186035,125.611633,45.211285,1584.642578,204.832733,-45.73896,1601.084961,127.194122,20.542637,1427.09314,-69.79837,75.040291,1249.582764,-135.324921,-30.19013,1247.921631,-142.539993,-24.68536,1298.812378,133.186203,156.393799,1331.199829,-105.886177,181.166565,1396.154053,49.172596,246.14537,1254.873779,-105.355965,335.967621,1186.140137,-135.450745,349.810638,992.768738,32.283504,285.281189,1032.27063,96.350395,326.833923,938.93927,38.626968,-98.632492,1329.958008,-119.00441,-150.495514,1413.168335,29.15201,-245.850067,1292.913208,-92.045769,-315.792114,1175.962036,-129.307312,-305.510071,964.555054,4.045001,-265.26886,1018.962036,69.349411,-285.454315,916.848328,27.337851,152.5065,1046.922241,101.533096,162.706909,1073.602783,-95.299263,-105.22686,1066.612061,-118.206886,-117.325478,1050.635864,97.043312
6.6,44.903484,1658.274292,125.609962,45.523415,1584.013916,205.154648,-45.42437,1600.007446,127.719803,21.221611,1426.126343,-69.261765,75.187782,1248.719727,-135.204422,-30.087193,1247.161621,-142.178238,-23.633816,1297.250244,133.657104,156.948196,1330.060669,-105.577522,182.318832,1394.325562,49.619511,246.676361,1254.181396,-105.81189,336.266449,1185.333374,-136.626556,342.646027,987.257019,27.176842,278.530731,1027.330933,91.110153,318.000916,934.384888,30.791643,-98.35659,1329.268311,-118.332298,-149.685196,1412.107544,30.165176,-245.415359,1292.161377,-90.971642,-315.835571,1175.310791,-128.0298,-305.350616,964.056824,5.248787,-264.533508,1018.31604,70.409218,-285.370117,916.448303,28.437536,152.677811,1045.313477,101.543205,162.776703,1071.80603,-95.325844,-105.144714,1065.880493,-118.4869,-117.140503,1049.335327,96.860672
6.608,44.989059,1657.646851,125.985741,45.920361,1583.616943,205.415909,-44.875793,1599.259277,128.415192,21.971624,1425.321411,-68.49604,75.37693,1247.866211,-135.017181,-29.955187,1246.517822,-141.783875,-22.771,1295.864868,134.259399,157.439011,1328.956787,-105.12204,183.433731,1392.628906,50.288418,247.122299,1253.658813,-106.231094,336.426117,1184.660767,-138.132217,336.091339,983.474854,23.830498,272.303223,1024.2052,86.789871,311.656891,931.191772,26.009468,-98.04866,1328.768921,-117.714874,-148.886429,1411.354004,31.276598,-245.03331,1291.48584,-89.730743,-315.821747,1174.932007,-126.639275,-305.257416,963.61853,6.755779,-263.863617,1017.815918,71.601654,-285.375031,916.092896,29.583338,152.796753,1043.135986,101.55246,162.941818,1070.161133,-95.319809,-105.053741,1065.263916,-118.834381,-117.066994,1048.247314,96.829926
6.617,45.169823,1657.167725,125.774681,46.312588,1583.481445,205.702682,-44.608223,1598.465576,128.312332,22.823105,1424.637817,-67.639526,75.600723,1247.080078,-134.54747,-29.795782,1246.011597,-141.248962,-21.568903,1294.485962,134.990723,158.046738,1327.857788,-104.645241,184.799179,1390.976318,51.075302,247.264587,1253.401855,-106.907021,336.067505,1183.95459,-139.988159,332.036865,982.271484,21.769621,267.412872,1023.054932,83.374626,309.331818,929.438599,25.777842,-97.649048,1328.31897,-116.721115,-147.798126,1410.707031,32.55426,-244.542206,1291.180664,-88.473541,-315.819275,1174.805054,-125.383644,-305.202759,963.485474,8.013088,-263.180359,1017.354248,72.685585,-285.455627,915.968811,30.555923,152.599121,1040.868408,101.630219,163.115555,1068.425171,-95.051598,-104.9505,1064.836792,-119.192894,-117.095947,1047.148926,96.907036
6.625,45.374161,1656.9646,125.684914,46.706913,1583.601929,205.928467,-44.319664,1597.953369,128.21019,23.715303,1423.959595,-66.679688,75.780479,1246.478149,-134.031113,-29.648022,1245.735229,-140.652908,-20.615725,1293.248291,135.868164,158.48674,1326.973145,-104.02829,186.135208,1389.646973,52.017796,247.00972,1253.430176,-107.595993,334.935791,1182.980835,-142.07045,330.784424,982.855713,21.476351,264.181854,1023.347595,80.55201,309.323761,928.604675,27.802822,-97.255707,1328.091431,-115.804459,-146.818558,1410.216797,33.721355,-244.138565,1291.126099,-87.22953,-315.736572,1174.9729,-123.903473,-305.395874,963.509338,9.362062,-262.319672,1017.187744,73.505295,-285.738678,916.020752,31.550377,152.116745,1039.032104,101.896362,163.235657,1066.900635,-94.772949,-104.85862,1064.695923,-119.553459,-117.2547,1046.173706,96.853325
6.633,45.56451,1656.987305,125.461533,47.083786,1584.101929,206.154755,-43.973335,1597.742554,128.379364,24.515678,1423.340942,-65.67701,76.012276,1245.961914,-133.35321,-29.454901,1245.490845,-139.773148,-19.636246,1292.229614,136.83194,158.929779,1326.269409,-103.521042,187.730087,1388.561035,52.723549,246.601059,1253.520386,-108.374435,332.901672,1181.399048,-143.822235,331.034973,984.071106,21.986395,262.778992,1024.201782,79.077606,309.149139,928.718567,29.47226,-96.837082,1328.038208,-114.801109,-145.709122,1409.86853,35.231106,-243.550095,1291.233521,-85.793236,-315.702332,1175.432007,-122.516418,-305.553741,963.784119,10.484701,-261.570709,1017.20343,74.490105,-286.150116,916.28125,32.449203,151.354218,1037.757812,102.143379,163.253281,1065.743408,-94.504166,-104.829872,1064.729126,-119.811661,-117.658997,1045.329468,96.763725
6.642,45.756973,1657.253662,125.084518,47.50095,1585.005005,206.325302,-43.613075,1597.787354,128.502609,25.318918,1422.928833,-64.599022,76.168175,1245.613037,-132.717941,-29.270889,1245.44519,-138.845154,-18.492332,1291.260498,137.852524,159.34874,1325.721069,-103.073135,189.19104,1387.875977,53.3255,246.064087,1253.259155,-109.219215,330.526733,1179.38623,-145.098694,331.601868,985.021729,22.552219,262.858276,1025.127319,79.20208,309.292999,928.808472,31.320662,-96.264084,1328.07373,-113.441116,-144.602081,1409.54834,36.631218,-242.989731,1291.599121,-84.304489,-315.622284,1176.077148,-121.09124,-305.860992,964.328674,11.713882,-260.873322,1017.353394,75.386917,-286.678101,916.817993,33.243675,150.370316,1037.049072,102.61927,163.22374,1064.898682,-94.088318,-104.863525,1064.950684,-119.977303,-118.146103,1044.739868,96.817711
6.65,45.874161,1657.85437,124.575996,47.725979,1586.022583,206.457672,-43.349304,1598.017212,128.41037,26.074896,1422.805176,-63.420876,76.240692,1245.424438,-131.872635,-29.056095,1245.584717,-137.78714,-17.559698,1290.387573,138.877686,159.512909,1325.395386,-102.670784,190.584335,1387.554321,53.882488,245.328735,1252.516235,-109.927116,328.314514,1177.352539,-146.182541,332.340179,985.395081,22.977558,264.007141,1025.727051,80.42849,309.550934,928.916199,32.981331,-95.82576,1328.305176,-112.143913,-143.504471,1409.51416,38.483215,-242.465927,1292.240112,-82.813438,-315.592896,1177.175049,-119.688423,-306.212952,965.124634,12.731115,-260.339294,1017.649536,76.004387,-287.281738,917.513611,34.043365,149.21666,1036.606567,103.320404,163.095886,1064.468994,-93.660271,-104.981155,1065.37561,-120.027031,-118.757751,1044.108643,96.633499
6.658,45.842197,1658.728394,124.136169,48.068779,1587.554321,206.496628,-43.133171,1598.563599,128.374252,26.682575,1422.900146,-62.176109,76.256927,1245.491943,-131.02179,-28.926973,1245.826294,-136.591888,-16.515472,1289.897217,140.099838,159.570633,1325.274658,-102.167969,191.995453,1387.625122,54.328926,244.627548,1251.446411,-110.256363,326.359039,1175.495728,-146.820847,332.865021,984.759827,23.894024,265.639435,1025.999878,82.213287,309.607666,928.820557,34.005222,-95.299782,1328.779297,-110.627708,-142.306961,1409.535278,40.332916,-241.784821,1293.036133,-81.019333,-315.567383,1178.376099,-118.301697,-306.582947,966.059814,13.606632,-259.854553,1018.193237,76.750328,-287.929962,918.425293,34.477146,148.174576,1036.299927,104.315811,162.800919,1064.36377,-93.162964,-105.192345,1066.087646,-119.929878,-119.526222,1043.647339,96.497749
6.667,45.690403,1659.691284,123.672546,48.143349,1589.208008,206.436203,-43.06361,1599.241211,128.25885,27.270828,1423.191284,-60.770493,76.242058,1245.620483,-129.947937,-28.791714,1246.319824,-135.224075,-15.461696,1289.592773,141.342392,159.502106,1325.40625,-101.603104,193.066513,1387.952637,54.859962,244.036682,1250.04834,-110.210892,324.837616,1173.92749,-147.120117,333.162109,983.933411,24.353498,267.559326,1026.00293,84.035202,309.566132,928.567078,34.529133,-94.887466,1329.466431,-108.911148,-141.269547,1409.786865,42.461346,-241.282364,1294.151367,-79.249916,-315.571991,1180.094849,-116.89563,-307.092041,967.331238,14.487055,-259.386292,1018.894104,77.310883,-288.644958,919.713806,34.71455,147.259338,1035.745239,105.283371,162.377991,1064.522461,-92.503601,-105.493279,1066.901855,-119.689041,-120.420715,1043.411743,96.420868
6.675,45.405384,1660.91687,122.828072,48.228161,1591.276733,206.302109,-43.067921,1600.020752,127.966599,27.734049,1423.583862,-59.381191,76.261917,1245.994873,-128.745621,-28.693342,1246.966675,-133.745773,-14.630383,1289.420776,142.654617,159.399185,1325.788818,-100.908813,194.193436,1388.567993,55.405994,243.338013,1248.79541,-109.721008,323.695709,1172.712402,-147.111206,333.506348,982.967529,24.660225,269.254974,1025.638672,85.589523,309.452789,928.072327,34.781231,-94.399155,1330.239258,-107.108528,-140.105179,1410.163208,44.67437,-240.675537,1295.596313,-77.373978,-315.640289,1182.100098,-115.317566,-307.474823,968.809753,15.080383,-259.015533,1019.845581,77.873451,-289.332764,921.015259,34.819817,146.43074,1035.046021,106.166298,161.921814,1064.998169,-91.849731,-105.864738,1067.994751,-119.375069,-121.425766,1043.233887,96.257156
6.683,45.056797,1662.279175,121.806129,48.146057,1593.680298,206.038315,-43.153111,1600.946411,127.602516,28.206652,1424.202637,-57.784985,76.24305,1246.585327,-127.428993,-28.521364,1247.835327,-132.136581,-13.556754,1289.557373,144.203995,159.344849,1326.222046,-100.068199,195.183197,1389.417603,56.136723,242.728378,1247.956421,-109.044006,322.884796,1171.94751,-146.671829,333.804596,981.87915,24.75013,270.823029,1025.009644,86.702171,309.255219,927.261597,34.77021,-93.946808,1331.266357,-105.245605,-138.942963,1410.6875,46.95916,-240.059921,1297.215332,-75.461525,-315.737,1184.401855,-113.733032,-307.827637,970.414368,15.480563,-258.689392,1020.797485,78.222466,-289.929352,922.598999,34.743759,145.470871,1034.414673,107.092445,161.444031,1065.297485,-91.191551,-106.356789,1069.418579,-118.820503,-122.368431,1043.19043,96.020973
6.692,44.172615,1664.022949,120.634918,47.774235,1596.286255,205.663864,-43.344448,1602.119385,127.427414,28.735022,1424.886475,-56.085419,76.161545,1247.256226,-126.023087,-28.387867,1248.741821,-130.43454,-12.694946,1289.904785,145.795151,159.352753,1326.858276,-98.945389,196.165802,1390.428101,57.074863,242.109802,1247.525024,-107.975822,322.205627,1171.685181,-145.955597,334.019775,980.811096,24.835514,272.200775,1024.214111,87.68177,309.011993,926.409058,34.654297,-93.496399,1332.26001,-103.230576,-137.738205,1411.382812,49.308483,-239.251404,1299.151733,-73.514076,-315.879578,1187.093506,-112.355812,-308.198853,972.354797,15.738638,-258.320312,1022.00177,78.424767,-290.578033,924.500549,34.349102,144.37178,1033.883789,107.921051,161.053131,1065.815063,-90.492332,-106.810593,1071.139526,-118.067375,-123.320564,1043.434082,96.006058
6.7,43.350216,1665.572144,119.280487,47.301182,1599.10022,205.090454,-43.775635,1603.217773,126.595436,29.351423,1425.695435,-54.346394,76.224022,1248.059448,-124.399933,-28.1957,1249.70752,-128.688873,-11.843926,1290.393433,147.42424,159.558929,1327.515991,-97.56852,196.912964,1391.492188,58.223312,241.630646,1247.631592,-106.739532,321.630707,1171.949219,-144.896027,334.079041,979.749329,24.504637,273.267731,1023.238892,88.306534,308.497772,925.495667,34.200905,-92.98951,1333.38562,-101.325722,-136.421524,1412.010864,51.484684,-238.417343,1301.290039,-71.647194,-315.891083,1189.980103,-110.786102,-308.502258,974.506592,15.765857,-257.931396,1023.397339,78.569435,-291.239227,926.59906,33.909523,143.110428,1033.195801,108.495911,160.595154,1066.423096,-89.767616,-107.304268,1073.153931,-117.135025,-124.317268,1043.785645,96.171379
6.708,42.242962,1667.493286,117.917458,46.722218,1602.066528,204.389557,-44.307945,1604.22876,125.873047,30.040258,1426.531494,-52.560764,76.530968,1248.902832,-122.69059,-27.93659,1250.829346,-126.897423,-10.788071,1291.127686,149.192642,159.930511,1328.25708,-95.979942,197.707321,1392.622314,59.635345,241.459732,1248.181763,-105.31324,321.354279,1172.550537,-143.700424,333.902008,978.820557,24.018873,274.128601,1022.253052,88.843208,307.677368,924.580078,33.402412,-92.339249,1334.585449,-99.364174,-135.159103,1412.907227,53.746143,-237.401352,1303.508667,-69.840523,-315.960754,1193.196899,-109.435181,-308.852325,976.944824,15.791677,-257.505615,1025.031616,78.495483,-291.817383,928.922913,33.396164,141.933899,1032.722168,109.019936,160.105011,1066.937988,-88.966934,-107.843933,1075.448853,-115.862854,-125.19561,1044.235352,96.552956
6.717,41.018234,1668.903076,115.779678,46.068306,1605.157593,203.592972,-45.100052,1605.36145,124.742767,30.854206,1427.373169,-50.711128,76.85627,1249.930298,-120.934677,-27.539461,1251.914062,-125.053566,-9.983784,1291.998535,150.936417,160.33812,1329.173584,-94.248505,198.501694,1393.994873,61.307087,241.57312,1249.233276,-103.756523,321.146027,1173.407349,-142.31871,333.508789,977.978699,23.542889,274.787445,1021.339661,89.301521,306.718231,923.828918,32.596901,-91.517212,1335.696289,-97.475189,-133.68486,1413.776123,55.627476,-236.321884,1305.947144,-68.136436,-315.827118,1196.508179,-108.160461,-309.229828,979.515015,15.840839,-257.098572,1026.84082,78.443649,-292.431732,931.407654,32.782242,140.786758,1032.330444,109.587509,159.703293,1067.531616,-88.126366,-108.250252,1077.889282,-114.549934,-125.964867,1044.770264,97.158905
6.725,39.696133,1670.765259,113.915222,45.211063,1608.289551,202.693024,-45.803394,1606.360474,123.907051,31.836857,1428.281982,-48.894066,77.431244,1250.900879,-119.088593,-26.937685,1252.929688,-123.030121,-9.126318,1293.054077,152.74501,161.012329,1330.04895,-92.347603,199.295486,1395.378906,63.02029,241.997177,1250.546387,-101.989159,321.084595,1174.623657,-140.833878,332.961365,977.31781,22.956987,275.065643,1020.677063,89.539467,305.293365,923.287354,31.531599,-90.472298,1336.851074,-95.540932,-132.27121,1414.863647,57.47435,-235.120346,1308.366699,-66.611824,-315.652954,1199.748169,-107.074699,-309.498718,982.231079,15.77777,-256.58374,1028.817261,78.256577,-293.042938,934.058472,32.235752,139.816223,1032.015503,110.083939,159.278244,1068.149414,-87.129585,-108.736801,1080.424072,-112.945213,-126.489357,1045.17041,97.952797
6.733,38.196404,1672.303467,111.866997,44.268368,1611.368164,201.600067,-46.541363,1607.34082,122.963791,32.846012,1429.20166,-47.135933,78.109962,1251.890015,-117.270592,-26.235735,1253.999878,-121.220779,-8.222175,1294.213867,154.509659,161.799072,1331.102661,-90.355713,200.146545,1396.605469,65.004356,242.826736,1252.260986,-100.04528,321.32901,1176.074219,-139.220245,332.115387,976.906799,22.368675,274.968567,1020.097473,89.677971,303.770996,922.975464,30.356211,-89.434013,1337.882446,-93.662582,-130.665268,1415.935181,59.265942,-233.792694,1310.762939,-65.146866,-315.25647,1203.013794,-106.054146,-309.702789,984.998596,15.738278,-256.112946,1030.938477,78.131935,-293.525543,936.76825,31.686497,138.963852,1031.62854,110.614937,158.873932,1068.901123,-86.165489,-109.130554,1082.950439,-111.221107,-126.882118,1045.476074,98.971687
6.742,36.730835,1674.006348,109.704765,43.269131,1614.479248,200.559555,-47.522827,1608.303467,121.586327,33.973076,1430.164551,-45.373955,79.003822,1252.842651,-115.325371,-25.328527,1254.960327,-119.38485,-7.380435,1295.484009,156.231339,162.707916,1332.191772,-88.382706,200.848602,1397.950928,67.106468,243.884155,1254.067871,-98.03035,321.704254,1177.895264,-137.432541,331.11792,976.757812,21.902979,274.468781,1019.62915,89.71489,301.957916,923.080017,29.224514,-88.182289,1338.9823,-92.044266,-129.16861,1417.055908,60.841236,-232.466904,1313.166504,-63.966938,-314.751129,1206.25354,-105.342117,-309.762482,987.763489,15.699353,-255.675888,1033.156372,77.941582,-294.048218,939.649902,31.093737,138.391953,1031.236572,111.15229,158.634644,1069.645142,-85.163536,-109.434349,1085.459961,-109.381989,-127.178268,1045.800049,100.201767
6.75,35.160755,1675.417969,107.59362,42.161331,1617.455811,199.353119,-48.346695,1609.171265,120.656075,35.238644,1431.17749,-43.736427,79.914551,1253.921753,-113.486198,-24.289467,1255.847778,-117.714165,-6.639362,1296.654419,157.926285,163.800629,1333.326782,-86.258163,201.435028,1399.259277,69.29464,245.011597,1256.137573,-95.990189,322.390808,1179.767456,-135.524704,330.145111,976.850769,21.580185,273.610168,1019.354675,89.662148,300.337646,923.062805,28.333025,-86.770569,1339.882324,-90.455437,-127.564995,1418.029297,62.204029,-230.98616,1315.371582,-62.896767,-314.211823,1209.373291,-104.762871,-309.752045,990.556274,15.622277,-255.114822,1035.356201,77.72776,-294.427155,942.472534,30.599665,138.017838,1030.792114,111.674347,158.180328,1070.450073,-84.059074,-109.685013,1087.837158,-107.277382,-127.35733,1046.472046,101.725937
6.758,33.656128,1676.762329,105.536812,41.014519,1620.36084,198.154556,-49.434158,1609.997925,119.058266,36.514915,1432.154541,-42.225731,81.086311,1254.856689,-111.563011,-23.186832,1256.629883,-115.996223,-5.623596,1297.960815,159.527588,164.971619,1334.512573,-84.10424,202.189621,1400.496338,71.510361,246.277832,1258.194458,-93.813141,323.390717,1181.809814,-133.443298,329.074738,977.187378,21.379349,272.309814,1019.274353,89.514893,298.452118,923.518677,27.255394,-85.309334,1340.754761,-88.959564,-126.00325,1419.158569,63.184723,-229.553101,1317.533936,-62.155434,-313.462433,1212.251465,-104.38076,-309.65332,993.182007,15.528683,-254.43512,1037.642944,77.379333,-294.649567,945.169861,30.287809,137.912262,1030.141968,112.2388,157.906097,1071.096436,-83.068657,-109.882103,1090.237671,-105.25209,-127.124725,1047.295166,103.098602
6.767,32.011913,1677.957764,103.419685,39.857754,1623.072632,196.897308,-50.521793,1610.734131,117.299797,37.9277,1433.114258,-40.79858,82.36824,1255.82312,-109.738968,-21.915133,1257.427856,-114.35598,-4.73237,1299.221436,161.138,166.264114,1335.635986,-81.977989,202.928665,1401.76416,73.868835,247.644379,1260.345947,-91.647995,324.653748,1183.967041,-131.330841,327.903137,977.682922,21.416328,270.768463,1019.329285,89.417786,296.788391,923.950867,26.549135,-83.781563,1341.508789,-87.707916,-124.462456,1420.084106,64.075447,-227.900314,1319.49231,-61.53075,-312.516663,1214.838257,-104.34684,-309.540527,995.741821,15.427997,-253.738876,1039.787354,77.093483,-294.753662,947.776001,29.952093,138.012955,1029.37439,112.821503,157.783585,1071.672852,-82.031288,-109.963753,1092.604736,-103.321846,-126.598892,1048.368286,104.849976
6.775,30.609919,1679.163452,101.440369,38.378086,1625.6427,195.737061,-51.30043,1611.325928,116.577415,39.415272,1434.039917,-39.409767,83.687386,1256.709717,-107.961411,-20.524422,1258.151123,-112.910347,-3.866141,1300.336548,162.613358,167.665359,1336.93396,-79.913666,203.623642,1403.076416,76.329437,249.162628,1262.437622,-89.493111,326.135864,1186.027588,-129.139511,326.895874,978.191772,21.697598,268.924225,1019.500366,89.1782,295.203857,924.5495,25.790804,-82.130852,1342.235718,-86.621552,-123.038773,1420.973267,64.770676,-226.172729,1321.19519,-61.278591,-311.427643,1217.221313,-104.557503,-309.130768,998.186829,15.160856,-252.997635,1041.843994,76.803589,-294.737488,950.239502,29.714947,138.36322,1028.471802,113.285225,157.687546,1072.18811,-80.951492,-110.02948,1094.830566,-101.511948,-126.010132,1049.501709,106.530403
6.783,28.950319,1680.212402,99.375557,37.281952,1628.154907,194.594559,-52.53812,1611.974487,114.920135,40.748627,1434.91272,-38.214695,85.128906,1257.632568,-106.22596,-19.190006,1258.795776,-111.528328,-2.770473,1301.472534,164.128494,169.086014,1338.136475,-77.846733,204.423752,1404.5,78.660179,250.678482,1264.537354,-87.324982,327.751099,1188.267578,-126.887276,325.659363,978.848999,21.822313,267.003937,1019.684448,88.976715,293.637054,925.182556,25.218916,-80.37764,1342.797974,-85.598801,-121.557793,1421.786133,65.500954,-224.389465,1322.685059,-61.085072,-310.209473,1219.302856,-104.857292,-308.586914,1000.381958,15.067984,-252.142227,1043.872192,76.448387,-294.60321,952.553833,29.419661,138.824036,1027.566528,113.760696,157.682632,1072.455566,-79.847404,-109.926476,1096.950562,-99.61805,-125.144409,1050.795044,108.274773
6.792,27.538418,1681.294189,97.628799,35.897633,1630.483521,193.383118,-53.462074,1612.670776,113.900063,42.132225,1435.758545,-37.010063,86.600769,1258.574097,-104.529953,-17.621025,1259.365356,-110.211639,-1.83117,1302.619385,165.523178,170.670578,1339.350708,-75.850189,205.144562,1405.873535,81.000359,252.324524,1266.64978,-85.284821,329.48175,1190.272583,-124.673187,324.519928,979.591858,22.262159,265.042938,1020.103821,88.893036,292.343536,925.834045,24.711782,-78.787834,1343.224731,-84.764633,-120.20694,1422.592896,65.639221,-222.575531,1323.908691,-61.297222,-308.834991,1221.086304,-105.423271,-307.908905,1002.407288,14.947353,-251.318848,1045.866577,76.148239,-294.417969,954.557617,29.43364,139.430496,1026.676025,114.278793,157.720245,1072.696167,-78.771378,-109.78376,1099.030762,-97.985611,-124.14975,1051.899414,109.881233
6.8,26.143217,1682.238403,95.756905,34.745773,1632.611694,192.328598,-54.321323,1613.240601,113.092186,43.516598,1436.488525,-35.952446,88.128777,1259.474731,-102.9636,-16.063555,1259.898071,-109.035652,-0.901122,1303.674561,166.812164,172.123215,1340.612427,-73.92244,205.888809,1407.307373,83.315544,253.994644,1268.703979,-83.280968,331.080048,1192.279053,-122.347145,323.500763,980.252563,22.760723,263.063324,1020.438293,88.792068,291.036743,926.658081,24.288433,-77.051414,1343.602905,-84.131691,-119.06723,1423.227295,65.969383,-220.632874,1324.908936,-61.632004,-307.303772,1222.583496,-106.241882,-307.174652,1004.359253,14.761568,-250.292892,1047.674438,75.713654,-294.022522,956.422424,29.460505,140.218369,1025.736938,114.758133,157.79538,1072.854248,-77.771523,-109.524406,1101.082642,-96.267281,-123.045441,1053.019409,111.399254
6.808,24.741573,1683.03125,94.322311,33.409187,1634.516479,191.175415,-55.382011,1613.77478,111.55117,44.773998,1437.225586,-35.005535,89.685394,1260.325439,-101.566803,-14.418766,1260.327759,-107.953018,0.157378,1304.63916,168.069687,173.634064,1341.860962,-72.066849,206.638718,1408.800049,85.548141,255.631989,1270.754272,-81.287827,332.722015,1194.101196,-120.127777,322.262054,980.926819,23.32538,261.116119,1020.789246,88.743683,289.835876,927.475037,23.951015,-75.291573,1343.803711,-83.529869,-117.806717,1423.714478,66.111687,-218.641022,1325.700562,-62.206478,-305.684814,1223.681152,-107.372406,-306.352417,1005.949158,14.678402,-249.262299,1049.458008,75.332001,-293.584808,958.150696,29.888939,141.060303,1024.857788,115.169289,157.952621,1073.043457,-76.573219,-109.09668,1102.912964,-94.749039,-121.795235,1054.002075,112.978516
6.817,23.483643,1683.79541,92.882446,32.319805,1636.256958,190.221252,-56.192509,1614.212158,110.960945,46.097111,1437.921509,-34.061794,91.325531,1261.159058,-100.176964,-12.764082,1260.68335,-106.971283,1.010053,1305.564575,169.120941,175.19574,1343.123779,-70.356392,207.314468,1410.30603,87.628395,257.332031,1272.786743,-79.409363,334.273224,1195.988525,-118.054512,321.149414,981.733948,23.843733,259.232727,1021.162292,88.709,288.685211,928.303406,23.56694,-73.511467,1344.086548,-83.209084,-116.743996,1424.152466,65.948708,-216.709747,1326.14978,-63.002945,-303.817169,1224.47168,-108.676704,-305.400848,1007.449402,14.62511,-248.245743,1051.15686,74.925095,-293.019958,959.662842,30.237789,141.960968,1024.031616,115.655754,157.981445,1073.207031,-75.31118,-108.712463,1104.780396,-93.256973,-120.439766,1055.196655,114.358826
6.825,22.248987,1684.587036,91.418098,31.036045,1637.903564,189.242615,-57.076389,1614.674316,110.125969,47.176411,1438.528442,-33.420956,93.051743,1261.958252,-98.930153,-10.980772,1260.952881,-106.235474,1.931522,1306.486694,170.135147,176.668289,1344.378052,-68.700745,208.017456,1411.763306,89.718224,258.938171,1274.744385,-77.531845,335.504486,1197.423706,-115.714668,320.235199,982.357971,24.316406,257.449585,1021.501282,88.879295,287.676056,929.047974,23.266729,-71.727501,1344.196899,-83.06369,-115.842499,1424.470825,65.693863,-214.591339,1326.517578,-63.977993,-301.889618,1224.950439,-109.967918,-304.366394,1008.847961,14.627035,-247.04274,1052.787842,74.67836,-292.432617,961.160767,30.716766,142.915512,1023.347351,116.152672,158.302307,1073.428833,-74.179504,-108.157379,1106.294067,-91.997459,-118.973694,1056.619507,115.830582
6.833,21.13512,1685.305054,90.205353,30.008474,1639.312256,188.420288,-58.0975,1615.145386,108.577408,48.434258,1439.104736,-32.744804,94.652557,1262.822144,-97.867241,-9.425735,1261.234985,-105.629433,2.932742,1307.258545,170.998016,178.206818,1345.649536,-67.100174,208.603561,1413.28186,91.595276,260.490234,1276.521973,-75.708794,336.953827,1198.984253,-113.802338,319.187805,983.071045,24.883656,255.93895,1021.795166,89.071655,286.765533,929.91272,23.23765,-70.044601,1344.2229,-82.829826,-114.860519,1424.690186,65.325508,-212.664719,1326.534912,-65.147667,-299.75769,1225.146973,-111.497444,-303.280762,1010.028748,14.820692,-245.93071,1054.247437,74.478264,-291.80777,962.418701,31.496935,144.016037,1022.757629,116.532417,158.646347,1073.698364,-73.177322,-107.692261,1107.752197,-90.773354,-117.460625,1057.991699,117.268738
6.842,20.004524,1685.785278,89.095985,29.012999,1640.684692,187.620621,-58.877377,1615.509888,107.963501,49.472168,1439.60022,-32.161678,96.266876,1263.584351,-96.770164,-7.669319,1261.467041,-105.055748,3.773197,1307.833984,171.678406,179.511627,1346.875732,-65.630371,209.207321,1414.735107,93.266052,261.985443,1278.079346,-73.983009,338.056702,1200.292358,-111.811935,318.269745,983.69397,25.424677,254.519318,1022.147034,89.376175,285.916199,930.610413,23.242352,-68.226768,1344.204224,-82.907272,-113.982925,1424.786865,64.810287,-210.52356,1326.501587,-66.400986,-297.445068,1225.236206,-114.313492,-302.177582,1011.108521,15.098223,-244.7939,1055.675171,74.413345,-291.189545,963.639587,32.374401,145.042114,1022.281616,117.02993,159.194443,1074.028442,-72.080254,-107.07338,1108.953125,-89.620338,-115.988388,1059.362793,118.663528
6.85,18.874521,1686.238525,88.013748,27.944073,1641.796021,186.867966,-59.720764,1615.852783,107.587799,50.590649,1440.074951,-31.696203,97.973534,1264.411865,-95.845421,-6.055019,1261.720459,-104.521133,4.530777,1308.496094,172.234375,180.985077,1348.117065,-64.286591,209.705673,1416.078735,94.771103,263.438934,1279.603027,-72.294235,339.072266,1201.457764,-109.964279,317.492371,984.23645,26.087273,253.515121,1022.483948,89.797699,285.10553,931.211365,23.416782,-66.488243,1344.006836,-82.970169,-113.158554,1424.75708,63.994556,-208.545395,1326.182495,-67.851654,-295.326782,1224.555908,-115.086906,-301.045227,1011.987549,15.463086,-243.636826,1057.022217,74.414879,-290.535614,964.736206,33.528622,146.042267,1021.833557,117.573692,159.756866,1074.406738,-71.219109,-106.427025,1110.020752,-88.576256,-114.604637,1060.350342,119.843773
6.858,17.868317,1686.619019,87.164963,27.005814,1642.678589,186.249405,-60.674458,1616.061646,106.564644,51.645599,1440.469727,-31.325724,99.578728,1265.240479,-95.037643,-4.384434,1262.018311,-104.186142,5.212271,1309.177368,172.594116,182.355606,1349.325439,-62.976345,210.239731,1417.408325,96.316658,264.862366,1280.949097,-70.720215,340.073547,1202.453735,-108.040031,316.935852,984.784668,26.912516,252.452942,1022.870178,90.31675,284.485992,931.903442,23.711567,-64.892616,1343.821411,-83.042892,-112.465401,1424.700439,63.102119,-206.540619,1325.686035,-69.375221,-292.97345,1223.812134,-116.744858,-299.92804,1012.673157,15.985346,-242.416046,1058.175415,74.294769,-290.035522,965.718628,34.73428,147.170593,1021.635864,117.974739,160.256058,1074.740356,-70.419014,-105.760956,1110.903076,-87.553619,-113.365646,1061.471191,120.745461
6.867,16.810558,1686.906006,86.245766,25.927378,1643.555908,185.605438,-61.377834,1616.251099,105.892815,52.723423,1440.854736,-31.055624,101.20108,1266.014038,-94.306389,-2.796524,1262.157471,-103.882317,5.830775,1309.796387,172.837585,183.692657,1350.45459,-61.68742,210.838028,1418.817505,97.794067,266.261719,1282.155518,-69.118103,341.021942,1203.471313,-106.267532,316.339813,985.395752,27.697601,251.586472,1023.245117,90.9086,283.936127,932.540833,24.091351,-63.032425,1343.525024,-83.42025,-111.817749,1424.489624,62.197628,-204.421509,1325.125732,-71.156487,-290.691528,1222.857666,-118.662781,-298.769196,1013.294922,16.549915,-241.143204,1059.282959,74.412102,-289.304626,966.50061,36.143936,148.274033,1021.633057,118.492752,160.943436,1074.97522,-69.67952,-105.143387,1111.705322,-86.560692,-112.263405,1062.664429,121.830772
6.875,15.923778,1687.14624,85.531754,25.088133,1644.251221,185.085876,-62.065315,1616.299927,105.571129,53.848442,1441.15686,-30.761175,102.830589,1266.800781,-93.68438,-1.137986,1262.251343,-103.832237,6.411814,1310.399414,173.0177,185.060806,1351.57605,-60.53722,211.409851,1419.987671,99.187485,267.547089,1283.200562,-67.622856,341.971405,1204.362915,-104.551254,315.936035,985.776611,28.700544,250.899521,1023.71228,91.64045,283.544525,933.296021,24.571066,-61.261303,1343.203857,-83.995438,-111.081589,1424.208252,60.979244,-202.482452,1324.240967,-72.802147,-288.502197,1221.689209,-120.355804,-297.610626,1013.738403,17.184021,-240.029175,1060.286743,74.532043,-288.557495,967.139893,37.509666,149.364746,1021.695007,118.907997,161.692078,1075.269043,-69.150261,-104.456833,1112.34375,-85.746147,-111.210258,1064.563354,123.553299
6.883,15.018062,1687.19397,84.954872,24.333076,1644.800171,184.691422,-62.865257,1616.24353,105.264954,54.880562,1441.397217,-30.551664,104.312828,1267.521362,-93.165764,0.392296,1262.280518,-103.738243,6.862797,1310.887207,172.990479,186.456802,1352.582275,-59.405716,211.959183,1421.099121,100.555122,268.856689,1284.229004,-66.142807,342.982605,1205.146118,-102.775604,315.679901,986.388062,29.732956,250.40448,1024.248169,92.443428,283.28421,934.105103,25.232801,-59.506618,1342.667603,-84.709953,-110.416893,1423.786987,59.829678,-200.595535,1323.209839,-74.649094,-286.355927,1220.351807,-121.982849,-296.4776,1014.089111,17.910891,-238.885559,1061.184448,74.804779,-287.787994,967.697327,39.001789,150.532715,1021.971924,119.365265,162.175201,1075.401489,-68.716705,-103.742455,1112.845947,-85.021286,-110.227364,1065.797241,124.017464
6.892,14.058434,1687.220337,84.363945,23.429663,1645.167358,184.317795,-63.682274,1616.084473,104.634407,55.979656,1441.56543,-30.336645,105.848572,1268.169556,-92.664566,1.903015,1262.301147,-103.791397,7.201025,1311.254883,172.831482,187.808762,1353.49707,-58.423008,212.549026,1422.230957,101.778076,270.105988,1285.284546,-64.763275,343.970551,1205.92334,-101.201714,315.566254,987.010559,30.913212,249.932312,1024.826782,93.290955,283.227631,934.735657,26.177221,-57.752918,1342.081543,-85.425613,-109.770729,1423.341309,58.544697,-198.823273,1321.986694,-76.349396,-284.440338,1218.815308,-123.590935,-295.312042,1014.213318,18.768669,-237.762009,1062.043213,75.016113,-286.918457,968.192444,40.593281,151.727997,1022.414673,119.822235,162.854263,1075.557495,-68.33876,-103.006279,1113.216187,-84.367645,-109.200737,1067.295532,124.702209
6.9,13.168418,1687.210327,84.054337,22.535427,1645.444336,184.065491,-64.210884,1615.802734,104.525368,57.074871,1441.607666,-30.214876,107.255974,1268.73291,-92.295189,3.451868,1262.138672,-103.866333,7.515278,1311.609985,172.605957,189.107849,1354.351318,-57.380787,213.007126,1423.211792,102.933502,271.322296,1286.260986,-63.569664,345.065704,1206.682007,-99.736015,315.706543,987.714661,32.273373,249.508072,1025.519531,94.155281,283.396606,935.524719,26.942184,-56.178467,1341.414673,-86.216103,-109.091286,1422.84729,57.101208,-197.049744,1320.669312,-77.991356,-282.632233,1217.165894,-124.99868,-294.137909,1014.202698,19.708729,-236.716095,1062.796997,75.45578,-285.998718,968.530518,42.180748,152.852646,1022.843628,120.249886,163.687012,1075.729614,-68.024292,-102.240005,1113.519531,-83.889824,-108.336227,1068.653076,125.422729
6.908,12.396984,1687.051636,83.93367,21.788321,1645.647949,183.981186,-64.794556,1615.51355,104.555115,57.938969,1441.54541,-30.210024,108.734917,1269.222534,-91.982506,4.836132,1261.961426,-104.128601,7.728992,1311.930176,172.277756,190.417038,1355.13501,-56.588181,213.654373,1423.943237,104.028847,272.636353,1287.22644,-62.370697,346.067383,1207.368896,-98.354393,315.862183,988.612366,33.675472,249.144547,1026.279419,95.072601,283.817169,936.398193,28.479988,-54.517551,1340.53418,-87.067245,-108.57711,1422.396851,55.635067,-195.559433,1319.13208,-79.592392,-281.006012,1215.398193,-126.308395,-293.020081,1014.157654,20.692635,-235.710983,1063.442139,75.872345,-285.085266,968.932556,43.804668,154.078674,1023.44928,120.751831,164.306107,1076.001221,-67.929909,-101.535324,1113.591919,-83.564224,-107.466461,1069.850342,125.950638
6.917,11.639853,1686.926147,83.872215,21.158785,1645.756348,183.983063,-65.328659,1615.205688,104.750076,58.892765,1441.423096,-30.221823,110.008247,1269.637695,-91.751251,6.296788,1261.639893,-104.201797,7.975592,1312.268433,171.821411,191.562881,1355.829102,-55.858269,213.948502,1424.613159,104.966377,273.936157,1288.166992,-61.344112,347.036591,1208.009766,-97.129486,316.239685,989.433594,35.248001,248.906998,1027.171021,95.954247,284.35379,937.177429,29.743702,-53.038296,1339.665649,-88.089127,-108.133377,1421.816895,54.002785,-194.346252,1317.575928,-80.563583,-279.669922,1213.646606,-127.416489,-291.933746,1013.982422,21.838713,-234.680908,1063.944336,76.506699,-284.108429,969.122559,45.390373,155.27742,1024.203003,121.228249,164.921997,1076.145874,-67.897247,-100.608162,1113.516602,-83.438675,-106.677605,1071.003296,126.306503
6.925,10.915442,1686.848999,83.850212,20.445932,1645.800537,184.114746,-65.809967,1614.890747,104.987495,59.805317,1441.232422,-30.321646,111.296318,1270.03418,-91.582024,7.598329,1261.273926,-104.415222,8.091582,1312.642212,171.474014,192.559296,1356.437256,-55.202141,214.263168,1425.160645,105.787918,275.088196,1289.041748,-60.396027,347.941376,1208.603271,-96.066597,316.807037,990.556641,37.104099,248.585526,1028.33728,96.832916,285.25528,938.101196,31.52347,-51.67902,1338.759766,-89.179718,-107.687836,1421.317261,52.268097,-193.094559,1316.18811,-82.727249,-278.450531,1211.674683,-128.437927,-290.949158,1013.755066,23.010462,-233.776245,1064.389038,77.15834,-283.185028,969.317932,46.933262,156.276428,1025.027222,121.678955,165.741364,1076.4646,-68.128304,-99.651772,1113.253906,-83.45192,-105.978256,1071.972534,126.679497
6.933,10.294852,1686.734375,83.993034,19.764921,1645.759033,184.274353,-66.434235,1614.662842,104.606918,60.444317,1441.016235,-30.519009,112.288406,1270.243652,-91.425491,8.730564,1260.890015,-104.733276,8.124483,1312.861328,171.022507,193.388947,1356.990967,-54.672119,214.503891,1425.629028,106.464989,276.13559,1289.860596,-59.639496,348.760529,1209.116333,-95.171791,317.310944,991.533813,38.753292,248.40126,1029.46521,97.653847,286.132172,939.023254,33.285435,-50.518719,1337.784546,-89.883774,-107.473259,1420.822144,50.775635,-192.168915,1314.230347,-83.313568,-277.484894,1209.608032,-129.27507,-289.93808,1013.258789,24.215872,-232.957794,1064.693848,77.9226,-282.139587,969.224426,48.387325,157.399719,1026.043579,122.08403,166.613373,1076.651245,-68.035217,-98.668701,1112.811401,-83.452255,-105.180901,1072.662231,126.786934
6.942,9.768375,1686.617432,84.32235,19.28257,1645.627441,184.581589,-66.879143,1614.431641,104.624268,60.927055,1440.727173,-30.725355,113.264565,1270.480835,-91.328552,9.962808,1260.455688,-104.925316,8.06998,1312.998413,170.573746,194.00473,1357.455322,-54.263889,214.748062,1426.21228,107.087967,276.980774,1290.59436,-59.016186,349.423462,1209.516724,-94.494156,317.885559,992.682922,40.550198,248.148468,1030.625977,98.575142,287.23761,939.985107,35.528374,-49.314713,1336.861328,-91.010933,-107.38887,1420.249634,49.245953,-191.421112,1312.760132,-84.975777,-276.56723,1207.633179,-130.176651,-289.00116,1012.769104,25.287903,-232.112915,1064.837158,78.636627,-281.547363,968.855835,50.372852,158.271851,1026.979004,122.48214,167.500854,1076.929565,-67.947189,-97.639198,1112.282349,-83.643761,-104.473434,1073.317017,126.952393
6.95,9.471637,1686.473633,84.755333,18.917963,1645.428467,185.09285,-67.199738,1614.263184,104.968231,61.235577,1440.453857,-30.88586,114.161324,1270.622681,-91.194664,10.864676,1260.099609,-105.170372,7.928465,1313.141968,170.053177,194.478577,1357.859253,-53.922375,214.695206,1426.65686,107.569748,277.641998,1291.171509,-58.535324,350.065918,1209.942017,-93.859596,318.561401,993.863525,42.383472,247.959198,1031.708618,99.348656,288.332642,940.796021,37.502865,-48.459099,1336.09082,-91.687263,-107.43232,1419.807129,47.841751,-190.763794,1310.936646,-85.873657,-275.896149,1205.636108,-130.751648,-287.999786,1012.076233,26.431524,-231.59375,1064.813721,79.65818,-280.402374,968.452393,51.668884,159.182358,1027.918213,122.876312,168.461044,1077.234497,-67.961365,-96.538269,1111.615479,-83.942543,-103.801048,1073.720215,126.900299
6.958,9.269136,1686.345459,85.298706,18.703794,1645.145508,185.536667,-67.425438,1614.162598,105.556419,61.34021,1440.23938,-30.97957,114.797447,1270.771362,-91.107826,11.706226,1259.768433,-105.445869,7.74105,1313.270508,169.708252,194.797256,1358.322632,-53.624886,214.525192,1426.976196,107.944923,278.174225,1291.720703,-58.127518,350.412354,1210.257568,-93.477997,319.200958,995.049744,44.18779,247.748489,1033.056763,100.334747,289.516113,941.862488,39.6992,-47.878197,1335.339111,-92.372307,-107.623009,1419.364502,46.446243,-190.260269,1309.509644,-86.923111,-275.252289,1203.727905,-131.171005,-287.00824,1011.309265,27.292744,-230.613586,1064.644409,80.018204,-279.3013,968.108093,52.712376,159.982422,1028.833862,123.182404,169.706329,1077.378906,-67.684357,-95.35154,1110.870972,-84.279221,-103.158875,1073.96814,126.733215
6.967,9.197796,1686.209473,85.912865,18.594543,1644.831909,186.151611,-67.612808,1614.125122,106.129433,61.224701,1440.109985,-30.996994,115.359497,1270.894043,-91.064484,12.469253,1259.523926,-105.763931,7.480909,1313.325928,169.304916,195.001709,1358.77002,-53.417507,214.358948,1427.401245,108.33622,278.325806,1292.11499,-57.904247,350.541046,1210.552246,-93.229073,319.895111,996.296326,46.075996,247.713104,1034.285278,101.207573,290.832581,942.733154,41.625927,-47.3465,1334.762207,-93.026398,-107.817322,1418.875122,45.430481,-189.963547,1308.061768,-87.462944,-274.770203,1201.902954,-131.390839,-285.922668,1010.397888,28.1262,-229.817719,1064.302979,80.628525,-278.00531,967.365356,53.700153,160.764664,1029.578125,123.553749,170.883377,1077.5354,-67.49601,-94.042519,1110.148315,-84.730446,-102.573738,1074.051636,126.555649
6.975,9.240345,1686.036377,86.645958,18.562737,1644.454102,186.77092,-67.763565,1614.130615,106.783531,60.929485,1440.034058,-30.964325,115.822502,1271.029541,-91.025131,13.142072,1259.240967,-105.921242,7.075799,1313.265503,168.828873,195.020752,1359.129517,-53.238728,214.041016,1427.704956,108.622658,278.250275,1292.460815,-57.807159,350.486725,1210.821777,-93.10537,320.631653,997.472412,47.852146,247.608826,1035.391235,102.083427,292.194397,943.821777,43.734241,-47.067997,1334.321411,-93.412971,-108.137672,1418.424316,44.585537,-189.748001,1306.724121,-88.090591,-274.269989,1200.23877,-131.612534,-284.839874,1009.34613,28.761633,-229.380234,1063.804199,81.371979,-276.744873,966.587585,54.33979,161.547653,1030.19812,123.972771,172.164932,1077.589233,-67.229546,-92.741592,1109.250488,-85.313469,-102.052612,1073.985107,126.363533
6.983,9.34948,1685.844971,87.419006,18.712067,1644.096313,187.542297,-67.852196,1614.11145,107.71492,60.509369,1439.996948,-30.940613,116.203377,1271.145386,-91.001183,13.644591,1259.049194,-106.073181,6.617712,1313.117798,168.464981,194.906189,1359.432983,-53.135792,213.44725,1427.925781,108.754539,277.944397,1292.800171,-57.805672,350.14743,1211.046143,-93.120514,321.312134,998.633545,49.615299,247.563934,1036.452393,102.816505,293.496368,944.81781,45.524357,-46.974606,1333.991699,-93.741524,-108.622131,1417.972412,44.177147,-189.689957,1305.608887,-88.327934,-273.907684,1198.765991,-131.611679,-283.739075,1008.294006,29.344439,-228.548355,1063.14856,81.802635,-275.487579,965.666931,54.908913,162.291656,1030.684448,124.307419,173.543411,1077.693115,-66.827438,-91.461777,1108.407349,-86.019653,-101.472969,1073.675659,126.026749
6.992,9.526011,1685.610474,88.244186,18.991488,1643.710815,188.318481,-67.868767,1614.077759,108.794609,60.00985,1439.978394,-30.860708,116.528488,1271.22522,-90.910423,14.071506,1258.92627,-106.202759,6.0956,1312.919678,168.247421,194.670761,1359.767334,-53.02581,212.923569,1428.266113,109.017403,277.359314,1293.14624,-57.85685,349.498779,1211.295654,-93.30735,321.955261,999.899658,51.258434,247.619354,1037.717041,103.619606,294.985657,945.974792,47.596004,-47.057678,1333.715332,-93.957329,-109.287804,1417.495361,43.67799,-189.86937,1304.557861,-88.359489,-273.764587,1197.347046,-131.56221,-282.604858,1007.082825,29.564898,-227.497986,1062.400269,81.853088,-274.062256,964.502502,55.248341,162.981857,1031.101685,124.651695,174.853134,1077.58313,-66.336655,-90.139961,1107.359985,-86.623116,-100.866035,1073.103516,125.37722
7.0,9.789357,1685.29187,89.245003,19.342112,1643.290894,189.137299,-67.86557,1614.106689,109.776863,59.373463,1439.941284,-30.719997,116.659981,1271.310303,-90.828857,14.333865,1258.813354,-106.261909,5.622504,1312.626587,168.134048,194.275833,1360.121582,-52.998802,212.319138,1428.395386,109.130859,276.52301,1293.533936,-58.053261,348.494263,1211.540649,-93.749596,322.651764,1001.223206,52.830154,247.636002,1038.802002,104.379494,296.380219,947.072937,49.786037,-47.310268,1333.488525,-94.072388,-109.923096,1417.018799,43.607033,-190.1698,1303.574463,-88.186928,-273.678955,1196.169189,-131.287033,-281.417816,1005.730164,29.797047,-226.598038,1061.329224,81.966003,-272.665985,963.256531,55.218597,163.74086,1031.541626,125.088844,176.506958,1077.694214,-65.958969,-88.800819,1106.335327,-87.418266,-100.293915,1072.415649,124.930428
7.008,10.244815,1684.967041,90.357765,19.668419,1642.763184,190.061371,-67.781013,1614.117065,110.759026,58.642769,1439.868408,-30.517328,116.652641,1271.386719,-90.715279,14.437782,1258.729614,-106.299393,5.066473,1312.164062,168.052231,193.696075,1360.416504,-52.949257,211.716263,1428.542725,109.298569,275.62442,1293.87439,-58.255894,347.380035,1211.694214,-94.191574,323.294037,1002.64917,54.21777,247.638824,1039.807495,105.13546,297.912292,948.242371,51.931499,-47.786121,1333.235718,-94.001846,-110.670097,1416.376831,43.894585,-190.677521,1302.817017,-87.997406,-273.835114,1194.984985,-131.116898,-280.322723,1004.39325,29.730644,-225.736313,1060.169922,82.07618,-271.124817,961.78186,55.155235,164.461624,1031.810181,125.389961,177.954498,1077.721924,-65.413254,-87.530052,1105.130981,-88.185532,-99.738853,1071.49646,124.143433
7.017,10.613394,1684.65686,91.327995,20.031019,1642.111816,190.917831,-67.676033,1614.085693,111.823303,57.760918,1439.790894,-30.247356,116.464821,1271.444214,-90.597092,14.377555,1258.650635,-106.300705,4.357761,1311.493652,168.057587,192.854736,1360.689819,-52.910961,210.776627,1428.557861,109.4161,274.504303,1294.163208,-58.47781,345.944336,1211.818848,-94.905128,323.921326,1004.04248,55.880356,247.654953,1041.048462,105.937653,299.378082,949.473328,54.046726,-48.407326,1333.091064,-93.908669,-111.449066,1415.719238,44.066357,-191.281372,1301.980103,-87.688217,-274.114136,1193.959839,-130.740417,-279.110413,1002.868164,29.572531,-224.742416,1058.820923,81.870712,-269.549286,960.169495,54.882122,165.248856,1032.15918,125.822945,179.192856,1077.856934,-64.906281,-86.213501,1104.009399,-88.757309,-99.238785,1070.615723,123.367973
7.025,10.962224,1684.278198,92.208046,20.37327,1641.556885,191.782364,-67.43248,1614.048828,113.039612,56.760357,1439.643066,-29.808014,116.127319,1271.451904,-90.438423,14.154648,1258.540771,-106.255135,3.545587,1310.84314,168.155396,192.063751,1360.916748,-52.857002,209.932358,1428.488159,109.578247,273.23822,1294.360962,-58.797527,344.409943,1211.82312,-95.713188,324.536377,1005.532959,57.30975,247.680496,1042.237183,106.602127,300.767822,950.701355,55.914223,-49.16975,1332.988525,-93.747543,-112.417938,1415.145386,44.683308,-192.159195,1301.193481,-87.200874,-274.58667,1193.088867,-130.361237,-277.92453,1001.129883,29.357149,-223.825943,1057.365845,81.682533,-267.954712,958.497864,54.424892,165.928436,1032.459961,126.112938,180.435059,1077.997803,-64.321823,-84.865646,1102.686523,-89.349388,-98.72686,1069.296143,122.467209
7.033,11.404648,1683.82251,93.156288,20.855862,1640.970215,192.679779,-67.260406,1613.958008,114.041885,55.636063,1439.403198,-29.379168,115.595078,1271.438721,-90.288033,13.795132,1258.424683,-106.179352,2.569029,1310.083496,168.331345,191.020523,1361.090332,-52.858177,209.25235,1428.374512,109.852432,271.934418,1294.587036,-59.279495,342.68454,1211.793579,-96.587631,325.174133,1007.060669,58.813259,247.567535,1043.389771,107.25666,302.187592,951.747253,58.371727,-50.14426,1332.898438,-93.339371,-113.518723,1414.390015,45.357265,-193.229843,1300.548706,-86.579193,-275.246246,1192.17041,-129.93161,-276.725555,999.440613,28.924337,-222.834549,1055.659668,81.288177,-266.232269,956.624756,53.667286,166.671066,1032.62793,126.398727,181.56311,1078.319214,-63.951241,-83.650429,1101.340576,-90.130516,-98.3442,1067.807495,121.563179
7.042,11.914639,1683.303467,94.101303,21.431028,1640.372681,193.62709,-67.05278,1613.798584,115.093483,54.351555,1439.24707,-28.831753,114.977051,1271.380737,-90.074142,13.288723,1258.317383,-106.082001,1.803109,1309.080688,168.576416,189.846893,1361.142578,-52.730915,208.199493,1427.983521,110.0644,270.463013,1294.71167,-59.623249,340.807281,1211.669556,-97.439613,325.536041,1008.465027,60.220974,247.419312,1044.504639,107.924698,303.651215,953.130798,60.233631,-51.235168,1332.817871,-92.95369,-114.766884,1413.545044,46.276909,-194.391312,1299.882446,-85.746613,-275.92926,1191.28186,-129.53653,-275.543549,997.594788,28.351831,-221.844315,1053.9198,81.098785,-264.616302,954.572998,52.882099,166.590302,1032.865845,126.364815,182.571335,1078.688477,-63.567974,-82.430695,1099.866577,-90.895592,-98.040977,1066.154663,120.56292
7.05,12.473633,1682.7146,95.049324,21.985582,1639.682495,194.613312,-66.832512,1613.544434,116.377769,53.085316,1438.928467,-28.094379,114.218933,1271.262573,-89.783043,12.646264,1258.130981,-105.890633,0.942726,1307.921387,168.972198,188.590042,1361.146851,-52.618824,207.214706,1427.459595,110.369553,268.880981,1294.715942,-60.057579,338.938751,1211.491699,-98.399323,325.914246,1009.888916,61.50528,247.2285,1045.610352,108.503075,304.853394,954.434998,62.187469,-52.46434,1332.703125,-92.386719,-115.890755,1412.614258,47.101685,-195.622955,1299.279419,-84.956924,-276.717712,1190.374878,-128.804733,-274.33432,995.493408,27.754583,-220.900162,1051.902588,80.601677,-262.94751,952.385315,51.867676,168.48291,1033.062622,127.318008,183.648727,1079.098633,-63.088184,-81.246201,1098.251831,-91.441322,-97.758835,1064.346558,119.573662
7.058,13.050826,1682.083374,96.183174,22.373732,1639.029419,195.472733,-66.640121,1613.30603,117.28685,51.645088,1438.647583,-27.308062,113.291565,1271.101685,-89.534286,11.766458,1257.871216,-105.58625,0.021742,1306.827393,169.380814,187.219513,1360.972412,-52.414326,206.325668,1426.898926,110.714752,267.279144,1294.634644,-60.448681,336.790985,1211.118042,-99.166138,326.327332,1011.283142,62.812038,247.059708,1046.64978,109.099548,306.003418,955.786377,64.130913,-53.91135,1332.535278,-91.790947,-117.300667,1411.5979,48.477856,-197.029861,1298.492554,-83.947014,-277.665863,1189.44043,-128.161835,-273.04068,993.439697,26.85813,-220.000046,1049.699219,80.023682,-261.209045,950.119812,50.696056,168.602371,1033.304688,127.390892,184.590744,1079.739746,-62.830017,-80.171478,1096.703613,-92.282951,-97.611908,1062.367188,118.587166
7.067,13.582503,1681.410034,96.946114,22.891811,1638.26355,196.347885,-66.354759,1613.033203,118.128654,50.182861,1438.267212,-26.445963,112.175392,1270.910889,-89.366219,10.789731,1257.568359,-105.275749,-1.04845,1305.400635,169.652954,185.800232,1360.717773,-52.26619,205.37764,1426.2052,111.005569,265.67453,1294.353149,-60.831142,334.849915,1210.685181,-100.042404,326.523224,1012.479675,64.040985,246.802109,1047.613892,109.566612,307.070435,956.933716,66.033363,-55.349113,1332.339111,-90.987793,-118.697937,1410.59082,49.852333,-198.541306,1297.858154,-82.883049,-278.618805,1188.514648,-127.417862,-272.026398,991.253479,25.915495,-219.049103,1047.404541,79.310539,-259.250702,947.957397,48.864109,169.380981,1033.553101,127.858864,185.355591,1080.282349,-62.47757,-79.180809,1094.920288,-93.143036,-97.551003,1060.132446,117.50769
7.075,14.225861,1680.600952,97.847992,23.593607,1637.563599,197.268921,-65.989075,1612.662598,119.31395,48.663555,1437.82312,-25.514511,110.971909,1270.5979,-89.042618,9.678021,1257.256592,-104.963814,-2.085407,1304.020996,170.098663,184.293213,1360.320312,-52.089321,204.379715,1425.294434,111.404678,263.887939,1293.980957,-61.143444,332.895752,1210.219727,-100.970558,326.615936,1013.658142,65.167709,246.487518,1048.323608,110.032539,307.902649,958.062378,67.675049,-56.984509,1332.103149,-90.173248,-120.069244,1409.482056,51.357979,-199.975388,1297.015503,-81.546371,-279.749847,1187.282471,-125.638023,-270.905457,988.899414,24.976496,-218.132523,1044.884644,78.791901,-257.656219,945.328064,47.55497,169.771515,1033.84021,128.164459,186.101532,1080.974976,-62.14695,-78.317825,1092.91394,-93.92701,-97.597557,1057.863892,116.676865
7.083,14.815056,1679.793091,98.680153,24.204798,1636.746826,198.181458,-65.522919,1612.184448,120.898079,47.090424,1437.273926,-24.569845,109.666382,1270.160767,-88.717331,8.402771,1256.897583,-104.562927,-3.105344,1302.408936,170.639984,182.793915,1359.821655,-51.897533,203.171494,1424.237549,111.647758,262.19516,1293.478882,-61.44466,330.877991,1209.585205,-101.808708,326.631775,1014.580994,66.120682,246.157471,1048.960083,110.501984,308.705292,958.995483,69.209229,-58.734272,1331.791748,-89.244171,-121.647499,1408.35376,52.787312,-201.453979,1296.267212,-80.402229,-280.573029,1186.531616,-125.766159,-269.833984,986.453857,23.890961,-217.311417,1042.258911,78.183777,-256.081329,942.673523,46.071423,170.220612,1034.102051,128.564713,186.695206,1081.773682,-62.060295,-77.476044,1091.056396,-94.86924,-97.802025,1055.28833,115.962769
7.092,15.393225,1678.848755,99.631973,24.636436,1635.912598,199.077423,-65.252655,1611.718506,121.868721,45.512886,1436.642578,-23.532139,108.182472,1269.655884,-88.444176,7.045008,1256.450439,-104.11998,-4.032199,1300.75708,171.156006,181.216339,1359.278687,-51.741276,202.084183,1423.095337,112.054031,260.327667,1292.803467,-61.791737,328.855774,1208.866577,-102.679489,326.52002,1015.381592,67.022278,245.72757,1049.519043,110.984573,309.330566,959.921387,70.497795,-60.49622,1331.413696,-88.183907,-123.180458,1407.202148,54.442108,-202.986542,1295.422852,-78.93454,-281.474792,1185.507812,-124.69799,-268.797607,983.920837,22.938087,-216.449646,1039.575928,77.395126,-254.513535,939.892639,44.541557,170.372101,1034.31543,128.774872,187.178085,1082.678467,-61.971447,-76.700836,1089.178345,-95.684418,-98.069366,1052.465332,115.052162
7.1,15.927299,1677.987183,100.466415,25.133265,1635.033691,199.940399,-64.94632,1611.139893,122.970886,43.829456,1435.936768,-22.556847,106.672386,1269.094849,-88.150261,5.529563,1255.940186,-103.577888,-5.11186,1299.068481,171.696609,179.607605,1358.545288,-51.459217,201.199081,1421.809326,112.430618,258.458191,1292.027466,-62.05529,326.833832,1208.061157,-103.493111,326.382416,1015.999939,67.798805,245.407822,1049.893921,111.596107,309.868713,960.711975,71.742912,-62.354431,1330.945068,-87.004593,-124.709091,1406.035645,56.160473,-204.637543,1294.608398,-77.593422,-282.389801,1184.390137,-123.675262,-267.792786,981.324341,21.716568,-215.790955,1036.704346,76.764328,-253.113007,937.025818,43.045753,170.485153,1034.453491,128.979752,187.487564,1083.580688,-61.993721,-76.134987,1087.12207,-96.398865,-97.698486,1049.56897,113.067131
7.108,16.675484,1677.060791,101.331772,25.850889,1634.247314,200.898895,-64.673508,1610.610107,123.67868,42.283554,1435.236572,-21.441427,105.047096,1268.381714,-87.84375,3.979204,1255.393433,-103.096642,-6.151263,1297.166626,172.11908,177.993408,1357.759888,-51.215591,199.978729,1420.394775,112.761658,256.681335,1291.156006,-62.286903,324.779968,1207.200806,-104.243225,326.195007,1016.596069,68.695175,244.789764,1050.147461,112.028114,310.376282,961.501465,72.614952,-64.364769,1330.544678,-85.866837,-126.305237,1404.824829,57.906303,-206.270279,1293.758301,-75.958344,-283.207367,1183.284546,-122.571617,-266.83551,978.821716,20.481546,-214.963211,1033.822632,75.932739,-251.697983,934.247437,41.381489,170.420334,1034.485962,129.123703,187.82457,1084.332397,-62.006199,-75.762932,1084.977905,-97.351234,-97.823639,1046.564941,112.111328
7.117,17.279667,1676.070312,102.270798,26.509689,1633.355591,201.760574,-64.344429,1610.017334,124.45179,40.62624,1434.521973,-20.311363,103.486641,1267.657837,-87.411362,2.329535,1254.692017,-102.329124,-7.171919,1295.36438,172.854935,176.256836,1356.869019,-50.978748,198.906723,1418.994751,113.206169,254.780792,1290.133423,-62.632263,322.901001,1206.198242,-104.958969,325.899994,1017.030579,69.463425,244.208984,1050.308228,112.420914,310.744141,962.062256,73.727562,-66.261574,1330.104736,-84.615166,-127.98101,1403.699219,59.854214,-207.735306,1292.829712,-74.325272,-283.903961,1182.07019,-121.441124,-265.916351,976.143555,19.336147,-214.303162,1030.929199,75.346519,-250.342133,931.361572,39.794842,170.293137,1034.421021,129.273407,188.042038,1085.059814,-62.024746,-75.520874,1083.063477,-97.638206,-97.937897,1043.506226,111.09285
7.125,17.851139,1675.217041,102.973465,26.940153,1632.472046,202.46933,-63.987843,1609.458862,125.613808,38.931023,1433.708252,-19.239563,101.667046,1266.885376,-87.09655,0.670785,1254.071167,-101.583122,-8.217252,1293.480713,173.64119,174.67717,1355.945068,-50.689934,197.784714,1417.449341,113.498665,252.903366,1288.978027,-62.858814,320.973572,1205.130981,-105.618187,325.539124,1017.294434,70.224442,243.691925,1050.334106,112.757141,311.005066,962.45752,74.612282,-68.226692,1329.560181,-83.220863,-129.522797,1402.59314,61.857006,-209.339874,1291.974854,-72.639137,-284.488281,1180.933228,-120.263466,-264.91571,973.559998,18.187372,-213.624725,1027.981079,74.778481,-249.079651,928.455872,38.285522,170.077682,1034.227051,129.379807,188.100296,1085.938477,-62.224171,-75.396957,1081.052124,-97.886261,-98.033791,1040.457886,110.243866
7.133,18.40793,1674.350952,103.597961,27.453451,1631.753052,203.317856,-63.575668,1608.976807,126.725304,37.276539,1432.946899,-18.05862,100.019257,1266.120239,-86.609688,-1.04328,1253.455566,-100.896713,-9.206138,1291.55896,174.421356,172.924438,1354.926514,-50.378811,196.724701,1415.898926,113.880402,251.100754,1287.821167,-62.989086,318.970886,1203.944092,-106.227829,325.207428,1017.434387,70.8461,243.149124,1050.205078,113.143852,311.291748,962.767395,75.690025,-70.341209,1329.124878,-81.907074,-131.215012,1401.463257,63.886292,-210.840347,1291.076294,-70.926445,-285.041107,1179.72644,-118.915298,-264.054779,970.976379,17.082882,-212.98703,1025.072754,74.244736,-247.83728,925.642822,36.623306,169.795639,1033.961182,129.407623,188.076614,1086.718262,-62.374794,-75.241936,1079.372803,-98.463287,-98.148132,1037.302368,109.454636
7.142,18.974079,1673.360229,104.355972,28.141876,1631.081177,204.134933,-63.237785,1608.405762,127.834023,35.676384,1432.133301,-16.863014,98.164856,1265.321289,-86.162903,-2.86515,1252.855957,-99.999535,-10.365936,1289.688843,175.274597,171.296249,1353.882202,-50.103249,195.743134,1414.269043,114.229652,249.20697,1286.54834,-63.196026,317.146027,1202.761841,-106.851021,324.922546,1017.442444,71.358894,242.619568,1049.948975,113.610023,311.486328,962.986694,76.604034,-72.348465,1328.654297,-80.343475,-132.792099,1400.4104,65.986038,-212.276047,1290.276245,-69.233543,-285.526367,1178.539673,-117.585045,-263.208862,968.42157,16.02154,-212.384598,1022.124512,73.731468,-246.695679,922.874695,35.156967,168.855484,1033.265625,128.613998,188.00943,1087.339355,-62.496185,-75.413521,1077.690186,-98.623009,-98.180374,1034.153931,108.744926
7.15,19.585197,1672.442871,105.072647,28.764894,1630.266724,204.847107,-62.96619,1607.953003,128.608353,34.076595,1431.400635,-15.598627,96.433983,1264.494751,-85.699905,-4.627111,1252.335449,-99.149529,-11.413657,1287.745605,176.234833,169.585571,1352.839844,-49.75061,194.86586,1412.627075,114.675018,247.33403,1285.190308,-63.343719,315.332123,1201.465698,-107.292931,324.614594,1017.304871,71.966637,242.102386,1049.613892,114.125732,311.640656,963.084717,77.424599,-74.320595,1328.170776,-78.876778,-134.358398,1399.326782,68.164169,-213.750809,1289.411377,-67.436417,-286.009033,1177.302856,-116.337189,-262.328461,965.947144,15.021808,-211.824478,1019.202209,73.196678,-245.510147,920.111023,33.661453,168.562454,1032.789795,128.445267,187.95105,1087.911377,-62.624157,-75.680367,1076.148682,-98.737579,-98.157249,1031.059937,108.13179
7.158,20.065331,1671.656616,105.625145,29.136915,1629.49585,205.431946,-62.683128,1607.434692,129.29866,32.470791,1430.627197,-14.397553,94.644104,1263.761719,-85.175888,-6.381202,1251.835571,-98.28302,-12.321048,1285.890015,177.301559,167.929092,1351.729492,-49.456333,193.870728,1410.978638,115.051598,245.618378,1283.808838,-63.478775,313.551697,1200.091553,-107.719696,324.273804,1017.043335,72.52018,241.630783,1049.230591,114.532997,311.843536,963.050659,78.189194,-76.369835,1327.780151,-77.339806,-135.97377,1398.334351,70.41124,-215.240906,1288.614624,-65.710602,-286.369232,1176.190063,-115.005608,-261.472168,963.490845,13.894596,-211.270477,1016.307129,72.779007,-244.330688,917.443481,32.173367,168.278824,1032.266113,128.203598,187.855011,1088.73291,-62.821091,-75.969986,1074.849976,-98.633034,-98.106331,1027.955322,107.519676
7.167,20.495684,1670.785889,106.10331,29.546,1628.873169,206.056519,-62.389351,1606.845459,130.087891,30.928873,1429.88269,-13.10972,92.887817,1263.023682,-84.669945,-8.261875,1251.354736,-97.332352,-13.245852,1284.109985,178.386139,166.382141,1350.643799,-49.082073,192.881592,1409.25061,115.457039,243.893188,1282.398315,-63.61702,311.760254,1198.711304,-108.12207,323.947632,1016.733521,73.070534,241.203644,1048.684326,115.088287,312.059387,962.945862,78.968651,-78.251862,1327.416504,-75.754829,-137.430466,1397.52417,72.576569,-216.657043,1287.888916,-63.886696,-286.710846,1175.182129,-113.592552,-260.695129,961.164917,12.825519,-210.753983,1013.440735,72.520287,-243.162048,914.837036,30.615593,168.049911,1031.758545,127.855598,187.579163,1089.62561,-62.968662,-76.391716,1073.647339,-98.382477,-98.041138,1025.033813,107.138107
7.175,21.002117,1669.912964,106.675507,30.00246,1628.261475,206.632141,-62.092228,1606.315552,130.782074,29.536917,1429.137451,-11.865198,91.167351,1262.243774,-84.104492,-10.02386,1250.916626,-96.365868,-14.190391,1282.341431,179.471024,164.733307,1349.541138,-48.679295,191.920761,1407.733521,115.825279,242.206604,1280.854248,-63.643238,310.154236,1197.300049,-108.351128,323.722198,1016.368896,73.680397,240.828018,1047.942993,115.697144,312.379242,962.818542,79.794594,-80.18293,1327.0354,-74.053642,-138.76976,1396.710327,74.839622,-217.986191,1287.21521,-62.111946,-287.009247,1174.125244,-112.163292,-259.865112,958.789795,11.785481,-210.274841,1010.659912,72.17099,-242.145203,912.264282,29.129463,167.750381,1031.292114,127.506554,187.193054,1090.574463,-63.081615,-76.860504,1072.625122,-98.144379,-98.069641,1022.207031,106.959106
7.183,21.604311,1669.100464,107.190529,30.572212,1627.58667,207.218292,-61.709064,1605.756104,131.656311,28.158909,1428.386719,-10.638286,89.445358,1261.513916,-83.631004,-11.789705,1250.502319,-95.458511,-15.138225,1280.684204,180.589828,163.324707,1348.453613,-48.341953,190.993408,1406.046753,116.289307,240.568741,1279.351196,-63.623951,308.568268,1195.905884,-108.578758,323.549316,1015.940552,74.258011,240.60701,1047.346924,116.251274,312.743225,962.691406,80.581352,-81.851891,1326.738037,-72.431122,-140.022614,1395.99646,77.113342,-219.282166,1286.628052,-60.25985,-287.157837,1173.2052,-110.700607,-259.006561,956.595947,10.717612,-209.847656,1007.860291,71.929688,-241.079239,909.803772,27.519264,167.465332,1030.95813,127.113998,186.719467,1091.529419,-63.270687,-77.453629,1071.702515,-97.561272,-98.090874,1019.585632,106.853958
7.192,22.076862,1668.369751,107.482735,30.892675,1627.025269,207.664154,-61.324032,1605.323853,132.446991,26.813154,1427.629883,-9.499442,87.85202,1260.707886,-82.975243,-13.525784,1250.099487,-94.458397,-15.971219,1279.124512,181.67836,161.851105,1347.369751,-47.954773,190.259125,1404.543823,116.542374,239.046707,1277.840576,-63.585648,307.174225,1194.4375,-108.628044,323.447388,1015.445251,74.99865,240.395447,1046.625854,116.964043,313.093414,962.503967,81.230759,-83.633057,1326.530029,-70.800385,-141.299423,1395.414429,79.217659,-220.515198,1286.104126,-58.447006,-287.172119,1172.259399,-109.218307,-258.193359,954.504761,9.674971,-209.339951,1005.163818,71.669373,-240.040726,907.479004,26.018171,167.174652,1030.771118,126.677933,186.062103,1092.675171,-63.479961,-78.05513,1070.861328,-96.980286,-98.038544,1016.988525,106.65448
7.2,22.492992,1667.619385,107.742592,31.247625,1626.625122,208.107666,-61.050137,1604.945923,132.841629,25.65192,1426.855103,-8.36517,86.288788,1259.891724,-82.445992,-15.134645,1249.764282,-93.471748,-16.670492,1277.801025,182.840042,160.587173,1346.306274,-47.640404,189.527634,1402.888916,116.853577,237.564819,1276.237183,-63.518501,305.882446,1192.896362,-108.751373,323.493774,1014.955261,75.748848,240.323441,1045.9823,117.704651,313.4552,962.253418,82.002953,-85.240616,1326.259644,-69.181717,-142.339676,1394.807007,81.402855,-221.714996,1285.700562,-56.603436,-287.293518,1171.446167,-107.773308,-257.354126,952.539001,8.672605,-208.914673,1002.610779,71.342537,-239.006119,905.270813,24.393862,166.892456,1030.756958,126.273766,185.439041,1093.548462,-63.576191,-78.679077,1070.092773,-96.347267,-98.01265,1014.617676,106.589989
7.208,22.87623,1666.869629,108.006004,31.557131,1626.284912,208.387665,-60.844826,1604.630859,133.100708,24.595123,1426.100464,-7.25536,84.763,1259.110962,-81.793083,-16.748728,1249.408813,-92.41217,-17.402288,1276.537231,183.999191,159.264725,1345.216675,-47.210941,188.898026,1401.366211,117.096291,236.350388,1274.553955,-63.33979,304.847321,1191.388184,-108.748871,323.570984,1014.380554,76.513039,240.34404,1045.352051,118.540375,313.981506,961.959412,82.933365,-86.643082,1326.077515,-67.672852,-143.321487,1394.301514,83.475487,-222.922653,1285.274414,-54.76001,-287.337555,1170.752808,-106.341812,-256.558411,950.657349,7.663826,-208.44577,1000.180725,70.927353,-238.111938,903.245178,22.949545,166.556686,1030.814697,125.946823,184.602066,1094.530029,-63.571484,-79.48465,1069.425903,-95.821259,-98.162811,1012.392029,106.655968
7.217,23.257248,1666.264648,108.120682,31.869068,1625.976685,208.659027,-60.668488,1604.244507,133.477402,23.581764,1425.298828,-6.110126,83.408432,1258.405029,-81.152412,-18.268488,1249.19751,-91.406708,-18.068382,1275.501343,185.202148,158.146194,1344.136841,-46.812973,188.346451,1399.858154,117.498802,235.163559,1272.996216,-63.181549,303.972778,1189.929932,-108.588364,323.730286,1013.823853,77.24295,240.530869,1044.761353,119.603653,314.469025,961.741882,83.726128,-88.07032,1325.894897,-66.060516,-144.180908,1393.877197,85.503288,-224.113983,1284.987427,-52.958092,-287.418701,1170.125488,-104.848198,-255.772415,948.901917,6.67572,-207.837097,997.86261,70.594124,-237.216629,901.310486,21.483595,166.282654,1030.92627,125.728935,183.575928,1095.466675,-63.631767,-80.258842,1068.799072,-95.071739,-98.277039,1010.142456,106.508583
7.225,23.634306,1665.69458,108.187309,32.14188,1625.815796,208.940262,-60.480293,1603.951538,133.798691,22.723528,1424.623169,-4.886403,81.899452,1257.72522,-80.511986,-19.632906,1248.967651,-90.304131,-18.671389,1274.598022,186.39386,156.990952,1343.079834,-46.312786,187.91156,1398.460449,117.739243,234.202072,1271.337524,-62.942566,303.2724,1188.458862,-108.420555,323.985077,1013.196228,78.021439,240.785172,1044.310425,120.359901,314.854095,961.378723,84.529831,-89.337601,1325.771973,-64.506058,-145.038086,1393.471558,87.526245,-225.240784,1284.717041,-51.243553,-287.47641,1169.571655,-103.425896,-255.084518,947.373291,5.840903,-207.193481,995.661072,70.390892,-236.530991,899.532593,20.175297,165.951752,1031.050659,125.562515,182.585526,1096.290405,-63.508987,-81.092148,1068.230713,-94.480148,-98.50843,1008.173584,106.509888
7.233,24.115522,1665.157227,108.204193,32.427094,1625.763672,209.143982,-60.305904,1603.746948,134.024292,21.921303,1423.986572,-3.67613,80.566231,1257.166626,-79.875046,-21.072239,1248.854126,-89.32299,-19.199097,1273.82019,187.557098,155.949631,1342.102173,-45.870796,187.512817,1397.015869,118.126167,233.28479,1269.711914,-62.769115,302.766998,1187.17688,-108.206627,324.38916,1012.548706,78.949768,241.279526,1043.818848,121.298233,315.307648,960.956604,85.253212,-90.589264,1325.667114,-62.967823,-145.878799,1393.120972,89.473526,-226.375839,1284.547119,-49.452469,-287.55188,1169.108032,-102.070656,-254.441025,945.914001,5.116414,-206.437286,993.568604,69.846382,-235.827835,897.893799,18.884033,165.600876,1031.134644,125.4403,181.620239,1097.230835,-63.41143,-81.91787,1067.745605,-93.899216,-98.814148,1006.194092,106.318237
7.242,24.442835,1664.651367,108.13813,32.748169,1625.790039,209.289886,-60.100842,1603.573853,134.194061,21.221926,1423.432495,-2.454656,79.381897,1256.617798,-79.174774,-22.329525,1248.732178,-88.210838,-19.690441,1273.166016,188.807816,155.018036,1341.191284,-45.336666,187.169724,1395.860718,118.540054,232.499298,1268.19519,-62.365593,302.254395,1185.964844,-107.832886,324.836517,1011.886597,79.769623,241.899612,1043.361328,122.369553,315.827972,960.462219,86.009224,-91.694511,1325.660034,-61.479763,-146.69342,1392.904541,91.268013,-227.329636,1284.456909,-47.773575,-287.663452,1168.760498,-100.795166,-253.933304,944.71106,4.275202,-205.830261,991.844421,69.436012,-235.337051,896.603394,17.689747,165.177338,1031.180786,125.290695,180.496872,1098.196411,-63.442589,-82.938522,1067.376709,-93.68454,-99.131645,1004.284973,106.122696
7.25,24.665133,1664.202271,108.049255,33.062828,1625.892334,209.41098,-59.912899,1603.458374,134.396454,20.473547,1423.009033,-1.4348,78.150681,1256.154907,-78.500069,-23.523458,1248.738525,-87.193962,-20.112104,1272.580933,190.034973,154.062256,1340.393799,-44.806835,186.803635,1394.614258,119.137115,231.814728,1266.852783,-61.980751,301.858978,1184.882935,-107.415535,325.30835,1011.271851,80.449036,242.607941,1042.863647,123.496468,316.201721,959.857178,86.603989,-92.754356,1325.725952,-59.988697,-147.444946,1392.740967,93.140633,-228.258209,1284.413086,-46.116646,-287.808411,1168.522827,-99.340393,-253.477722,943.699707,3.683275,-205.161865,990.220825,69.230736,-234.885666,895.392578,16.654898,164.654465,1031.172729,125.166847,179.452988,1099.164551,-63.355171,-83.8899,1067.077271,-93.410339,-99.584457,1002.50946,106.012146
7.258,24.927345,1663.856689,107.934708,33.357937,1626.079834,209.491211,-59.729931,1603.401367,134.665756,19.818924,1422.615356,-0.316532,77.064735,1255.806396,-77.748367,-24.564211,1248.718994,-86.006226,-20.493347,1272.075073,191.270325,153.24884,1339.705078,-44.1189,186.507645,1393.676514,119.639542,231.150314,1265.595703,-61.439941,301.464722,1183.932861,-106.897873,325.946045,1010.626892,80.980698,243.56308,1042.453125,124.593346,316.653046,959.25647,86.963226,-93.660393,1325.833252,-58.537659,-148.01088,1392.653931,94.897476,-229.101624,1284.423096,-44.538582,-287.919556,1168.469971,-98.082375,-253.188248,942.888062,3.151004,-204.581192,988.841858,68.764847,-234.542938,894.448853,15.681414,163.983887,1031.156616,125.047836,178.624252,1100.078491,-63.157261,-84.615257,1066.966431,-93.122566,-99.958092,1000.743408,105.667908
7.267,25.129152,1663.577271,107.832115,33.564243,1626.328979,209.518295,-59.509441,1603.451416,135.042313,19.302647,1422.293091,0.768621,76.125191,1255.514404,-76.99205,-25.496151,1248.782837,-84.952599,-20.809425,1271.691284,192.409973,152.574905,1339.143066,-43.366417,186.278168,1392.884888,120.355782,230.559525,1264.593262,-60.867966,301.198914,1183.178223,-106.299812,326.599945,1009.918335,81.549568,244.677475,1042.123779,125.767204,316.970551,958.628235,87.256454,-94.471809,1325.946045,-57.118694,-148.545349,1392.608887,96.699142,-229.855682,1284.578247,-42.958179,-288.11673,1168.655762,-96.902023,-252.969299,942.192444,2.684638,-204.202469,987.701965,68.531387,-234.29306,893.725708,14.798158,163.236237,1031.161499,124.957756,177.67984,1100.993408,-63.063496,-85.495415,1067.369141,-92.019272,-100.446594,999.414246,105.490501
7.275,25.293062,1663.452759,107.658424,33.725128,1626.64624,209.515289,-59.341019,1603.56189,135.368301,18.820925,1422.03125,1.873834,75.237122,1255.386597,-76.233376,-26.398113,1248.958252,-83.878525,-21.177582,1271.342773,193.661606,151.94812,1338.744873,-42.627346,185.929932,1392.133179,121.076706,230.056488,1263.798706,-60.142963,300.878143,1182.618774,-105.629173,327.249634,1009.095886,81.917068,245.800415,1041.694702,126.781883,317.338074,957.885254,87.581154,-95.208984,1326.231201,-55.761005,-149.001587,1392.666504,98.382103,-230.426712,1284.863037,-41.495567,-288.262115,1168.872314,-95.771484,-252.878906,941.76178,2.206182,-203.914383,986.761597,68.304832,-234.222488,893.21936,13.990355,162.469467,1031.208618,124.9599,176.856583,1101.916016,-62.728516,-86.290497,1067.732788,-91.588593,-100.888092,998.58136,105.392517
7.283,25.43825,1663.420044,107.427353,33.878822,1627.09314,209.57637,-59.26717,1603.730957,135.622055,18.454809,1421.87207,3.007567,74.543938,1255.370361,-75.403221,-27.093693,1249.225952,-82.832443,-21.417288,1271.06189,194.925858,151.384491,1338.432983,-41.720558,185.652527,1391.516846,121.918465,229.554352,1263.135986,-59.333138,300.666473,1182.237915,-104.862808,327.809601,1008.339417,82.24118,246.880386,1041.237671,127.817574,317.592682,957.042236,87.819969,-95.783813,1326.606934,-54.407326,-149.360123,1392.745728,99.966667,-230.948273,1285.314575,-40.000336,-288.336426,1169.220459,-94.666878,-252.930435,941.552979,1.803023,-203.8396,986.036682,68.093437,-234.300537,892.899353,13.21683,161.653809,1031.097778,124.943916,176.005722,1102.645142,-62.293209,-87.089226,1068.350586,-91.154869,-101.391701,998.066345,105.43235
7.292,25.492355,1663.537598,107.198746,34.023472,1627.662476,209.54213,-59.242535,1603.950439,135.704559,18.220493,1421.852905,4.109957,74.019577,1255.414185,-74.565582,-27.631168,1249.591187,-81.717972,-21.64102,1270.818726,196.132858,151.004852,1338.364502,-40.894691,185.436752,1391.130493,122.792664,229.21608,1262.683716,-58.523277,300.57309,1182.035645,-104.032204,328.450989,1007.517944,82.453941,248.062042,1040.732422,128.784241,317.756683,956.249573,87.819496,-96.31073,1327.021973,-53.080818,-149.704651,1392.906372,101.570854,-231.285721,1285.797119,-38.800858,-288.390869,1169.81958,-93.692459,-253.075424,941.57373,1.379156,-203.945084,985.5896,68.023521,-234.601761,892.829224,12.350139,160.743896,1030.914062,124.998085,175.309128,1103.368042,-61.823311,-87.84565,1069.236084,-90.654785,-101.981201,997.921814,105.339783
7.3,25.506536,1663.710449,106.989288,34.076176,1628.339111,209.445648,-59.252083,1604.274292,135.752289,17.987049,1421.931152,5.146844,73.518944,1255.64917,-73.677048,-28.023911,1250.056396,-80.688255,-21.846363,1270.716187,197.402847,150.716064,1338.347534,-39.906593,185.292038,1390.923584,123.733681,228.972336,1262.391846,-57.537956,300.5448,1181.969604,-103.080933,329.007629,1006.703491,82.584816,249.060593,1040.192749,129.612137,317.878693,955.384399,87.534851,-96.593155,1327.470581,-51.858166,-149.918304,1393.202881,103.070335,-231.623566,1286.521973,-37.553017,-288.499817,1170.561157,-92.718918,-253.34108,941.784973,0.942189,-204.246231,985.316711,67.740448,-235.061264,892.922302,11.701995,159.755493,1030.712646,125.085983,174.627777,1104.153931,-61.364685,-88.383842,1070.074707,-90.191574,-102.747971,998.010193,105.2258
7.308,25.452616,1663.975952,106.784203,34.045105,1629.025024,209.371338,-59.28434,1604.651733,135.809067,17.922821,1422.086182,6.221626,73.309113,1256.005127,-72.780533,-28.36775,1250.633179,-79.701424,-21.953333,1270.72229,198.625595,150.626541,1338.509399,-38.930447,185.098358,1390.768311,124.848473,228.854645,1262.309082,-56.523037,300.599426,1182.109253,-102.116432,329.450104,1005.893616,82.660645,250.103149,1039.581421,130.420166,317.877838,954.545349,87.380371,-96.83651,1328.106934,-50.601418,-149.948105,1393.538696,104.432068,-231.79921,1287.247803,-36.564289,-288.477661,1171.432007,-92.048203,-253.812225,942.193787,0.499827,-204.712097,985.19519,67.652817,-235.529221,893.250488,11.103239,158.720291,1030.571655,125.237228,173.954468,1104.850586,-60.739037,-89.009087,1071.33606,-89.607704,-103.639801,998.464355,105.405991
7.317,25.347353,1664.426147,106.587296,33.954144,1629.675903,209.30426,-59.338852,1605.098267,135.850235,18.072392,1422.348755,7.175636,73.25058,1256.363647,-71.879715,-28.499758,1251.160645,-78.609253,-22.118923,1270.780151,199.713135,150.554474,1338.746094,-37.883579,184.978638,1390.741211,125.860374,228.873138,1262.427002,-55.522285,300.723999,1182.44165,-101.074341,329.882935,1005.0849,82.642731,251.072525,1038.928223,131.029083,317.793396,953.566101,87.163467,-96.890388,1328.676025,-49.516945,-149.880157,1393.944946,105.759369,-231.860489,1288.064453,-35.582386,-288.477203,1172.473633,-91.371071,-254.438644,942.733093,0.163095,-205.394775,985.305176,67.603661,-236.220993,893.800903,10.52644,157.686264,1030.261719,125.44574,173.341324,1105.439087,-60.058483,-89.634476,1072.640259,-89.102005,-104.459572,998.885315,105.480827
7.325,25.20579,1664.865112,106.292816,33.844116,1630.550903,209.192078,-59.431961,1605.574341,136.02417,18.199223,1422.627563,8.148397,73.214142,1256.867798,-70.931595,-28.507391,1251.894653,-77.673683,-22.20977,1270.89502,200.707947,150.653305,1339.092041,-36.77491,184.926422,1390.848999,126.894936,228.960587,1262.580444,-54.356419,300.994446,1182.88562,-99.893814,330.241058,1004.145874,82.538132,251.812958,1038.217773,131.533157,317.637817,952.53656,86.630188,-96.758728,1329.368652,-48.42857,-149.822754,1394.457886,106.825615,-231.794174,1289.053589,-34.786865,-288.449066,1173.482422,-90.949646,-255.17485,943.393311,-0.066483,-206.250885,985.631042,67.688057,-237.256958,894.371155,10.107379,156.658722,1030.014038,125.674423,172.854584,1106.095581,-59.209801,-90.243317,1074.197021,-88.548103,-105.420258,999.441467,105.57164
7.333,24.9701,1665.330933,106.071899,33.547203,1631.491943,209.003601,-59.763557,1606.046265,135.699799,18.436869,1422.977783,9.045798,73.315331,1257.410767,-69.962578,-28.351944,1252.492798,-76.649117,-22.270264,1271.122314,201.719223,150.936386,1339.593872,-35.743889,184.907455,1391.056274,127.995369,229.204315,1262.987061,-53.175018,301.431763,1183.470093,-98.683769,330.493652,1003.164917,82.336548,252.600494,1037.39856,132.058212,317.439667,951.538086,86.134445,-96.568436,1330.16394,-47.430347,-149.699127,1395.101562,107.844673,-231.675781,1290.041016,-34.079433,-288.355225,1174.746582,-90.411613,-256.088745,944.226013,-0.267963,-207.119583,986.016541,67.71917,-238.331284,895.074402,9.742398,155.432938,1029.615845,125.973747,172.419281,1106.609741,-58.354347,-90.881348,1075.720459,-87.963982,-106.329887,1000.22113,105.896217
7.342,24.579786,1665.902222,105.785828,33.135677,1632.36792,208.789291,-60.01083,1606.600708,135.318436,18.763905,1423.219238,10.224891,73.528282,1258.072754,-69.04203,-28.129074,1253.272949,-75.696022,-22.342136,1271.439453,202.585739,151.302612,1340.077026,-34.642139,184.921021,1391.341309,129.099335,229.565445,1263.587158,-52.030872,301.954376,1184.138428,-97.442558,330.692139,1002.260925,82.122597,253.378479,1036.480225,132.539459,317.204742,950.3396,85.494339,-96.273949,1330.900146,-46.583412,-149.52832,1395.788696,108.758476,-231.411072,1291.135254,-33.434364,-288.266876,1175.973389,-90.063583,-257.057465,945.17865,-0.673032,-208.243774,986.676392,67.81649,-239.469101,895.976013,9.357966,154.425934,1029.289307,126.286476,172.02301,1106.969482,-57.434483,-91.516075,1077.371582,-87.355751,-107.235573,1001.130676,106.242966
7.35,24.160873,1666.546265,105.566772,32.762775,1633.355225,208.677856,-60.226433,1607.088501,135.043152,19.19743,1423.792847,10.970015,73.935638,1258.60498,-67.974846,-27.798054,1254.029663,-74.809578,-22.397116,1271.860229,203.420151,151.768433,1340.533203,-33.537426,185.045059,1391.784546,130.235077,230.046021,1264.098511,-50.724384,302.611237,1184.804688,-96.001762,330.964935,1001.216675,81.713394,254.142761,1035.523315,132.813019,316.881042,949.057129,85.181458,-95.820663,1331.635132,-45.768322,-149.280212,1396.484619,109.598,-231.052216,1292.169434,-32.974155,-288.12915,1177.375854,-89.895905,-258.139526,946.252563,-0.793269,-209.415466,987.372864,67.892548,-240.700516,897.065063,9.034857,153.342087,1028.854736,126.572609,171.687759,1107.349731,-56.486111,-92.090141,1079.135498,-86.678558,-107.972343,1001.950745,106.562164
7.358,23.790621,1667.381592,105.251373,32.490631,1634.49939,208.491821,-60.44923,1607.624268,134.7995,19.651478,1424.299316,11.771193,74.376099,1259.214844,-67.025185,-27.38867,1254.751709,-73.941055,-22.361767,1272.423218,204.245285,152.244431,1341.038452,-32.428421,185.143387,1392.330566,131.243042,230.644394,1264.694946,-49.381893,303.345398,1185.624146,-94.546204,331.143951,1000.15509,81.287727,254.730255,1034.510376,133.032623,316.613251,947.871643,84.398941,-95.253807,1332.453491,-44.900967,-148.943558,1397.231079,110.370453,-230.685715,1293.305176,-32.62582,-288.11203,1178.774414,-89.645775,-259.287079,947.493164,-0.898284,-210.704056,988.180359,68.065918,-242.096298,898.215698,8.805373,152.296387,1028.286255,126.849098,171.322235,1107.560181,-55.458572,-92.649597,1080.922241,-85.977364,-108.70607,1002.930176,107.201607
7.367,23.406151,1668.112305,104.952629,32.089329,1635.530884,208.242142,-60.687908,1608.323608,134.605347,20.182253,1424.821899,12.421277,74.792946,1259.827637,-66.035141,-26.837608,1255.47168,-73.134392,-22.297636,1273.176025,204.989182,152.776138,1341.571533,-31.277191,185.319885,1392.919434,132.395493,231.34024,1265.332153,-47.97308,304.16864,1186.381958,-93.01162,331.390472,999.048218,81.00177,255.284729,1033.338379,133.305588,316.233124,946.839233,83.311638,-94.662827,1333.180664,-44.23521,-148.498398,1398.069824,110.808876,-230.247818,1294.491211,-32.310799,-287.942474,1180.238525,-89.542114,-260.501404,948.661438,-1.003915,-212.061127,989.183289,68.328476,-243.677643,899.281555,8.900196,151.331238,1027.71936,127.09536,170.954712,1107.739868,-54.420731,-93.32618,1082.835571,-85.17012,-109.431297,1004.023071,107.851974
7.375,22.979637,1668.839722,104.678665,31.698618,1636.441406,208.07753,-60.895741,1608.935791,134.779495,20.785818,1425.399536,12.98859,75.319168,1260.445679,-65.174416,-26.298452,1256.193481,-72.298431,-22.239689,1273.994873,205.723831,153.364746,1342.072021,-30.252056,185.480698,1393.507202,133.392365,232.089035,1265.944336,-46.645962,305.10675,1187.262939,-91.439476,331.580017,997.854553,80.536484,255.871765,1032.040649,133.470932,315.838593,945.488342,82.511673,-94.052193,1333.89563,-43.596443,-148.053192,1398.957031,111.194122,-229.585556,1295.623169,-32.199562,-287.770935,1181.744873,-89.469299,-261.786652,949.990234,-0.859749,-213.330246,990.271057,68.443916,-245.131607,900.705811,8.705025,150.371475,1027.041748,127.401527,170.640701,1107.881714,-53.543037,-93.973068,1084.631836,-84.358925,-110.196388,1005.229126,108.716339
7.383,22.601395,1669.580322,104.327744,31.230434,1637.657227,207.773972,-61.147461,1609.562378,134.579605,21.39657,1426.014038,13.575823,75.953094,1261.036133,-64.215813,-25.758871,1256.866821,-71.626472,-22.206579,1274.977783,206.37233,154.062042,1342.57959,-29.252872,185.742996,1394.164917,134.435501,232.983154,1266.524048,-45.302238,306.202148,1187.974976,-89.787491,331.794922,996.645447,80.180092,256.539062,1030.770508,133.606262,315.505371,944.088196,81.839378,-93.22831,1334.662964,-42.99004,-147.642136,1399.933716,111.537331,-229.006516,1296.802002,-32.089668,-287.46933,1183.221069,-89.550522,-263.105927,951.436584,-0.962844,-214.64949,991.386536,68.691612,-246.786423,902.113159,8.869593,149.513519,1026.454346,127.666473,170.352203,1107.910034,-52.703785,-94.651031,1086.492798,-83.523407,-110.765854,1006.522522,109.484993
7.392,22.203613,1670.44751,103.87571,30.644394,1638.613647,207.465225,-61.382439,1610.121948,134.223053,22.166922,1426.568726,14.179615,76.533966,1261.652832,-63.389645,-25.102142,1257.578857,-71.000771,-22.066027,1275.944092,207.098724,154.796814,1343.124023,-28.176399,186.023529,1394.872192,135.544769,233.909561,1267.150024,-43.948669,307.247833,1188.716064,-88.064812,332.067108,995.402161,79.740494,257.111847,1029.339966,133.774811,315.176971,942.575806,80.967667,-92.398499,1335.374146,-42.59354,-147.20192,1400.772827,111.75029,-228.301468,1297.997192,-32.084557,-287.254333,1184.732056,-89.661377,-264.464172,952.910034,-0.755136,-216.032623,992.578613,69.017273,-248.495056,903.485535,9.119036,148.781982,1025.817139,127.868744,170.026352,1107.872314,-51.932121,-95.222137,1088.420898,-82.505173,-111.531357,1007.945435,110.571602
7.4,21.736881,1671.138062,103.448357,30.229706,1639.58728,207.128052,-61.669254,1610.677612,133.807877,22.827988,1427.101318,14.651931,77.229462,1262.216919,-62.548756,-24.383879,1258.192383,-70.322205,-21.875202,1276.942139,207.664917,155.487198,1343.674438,-27.191744,186.338425,1395.654663,136.523575,234.815674,1267.695435,-42.535793,308.270233,1189.425903,-86.363777,332.309204,994.117676,79.270317,257.732788,1027.89563,133.842941,314.897705,941.066711,80.145523,-91.581062,1336.012695,-42.213348,-146.722,1401.733154,111.814232,-227.569519,1299.139648,-32.213272,-286.942261,1186.160645,-89.8647,-265.798187,954.321411,-0.463333,-217.356583,993.888672,69.555794,-250.203049,904.939514,9.501068,148.046799,1025.112305,128.046921,169.643768,1107.780518,-51.115002,-95.731934,1090.195923,-81.511871,-112.119476,1009.316711,111.642914
7.408,21.254732,1671.820435,103.032906,29.979185,1640.732788,206.819962,-62.043312,1611.22876,133.20549,23.528748,1427.710693,15.089395,77.90844,1262.776855,-61.69529,-23.646542,1258.878418,-69.822823,-21.737366,1278.084473,208.212143,156.222305,1344.136475,-26.141466,186.687439,1396.590088,137.571014,235.764694,1268.291992,-41.198933,309.340759,1190.0979,-84.547523,332.598389,992.705444,78.751266,258.486115,1026.288452,134.018951,314.554993,939.548462,79.105621,-90.675255,1336.712158,-41.766239,-146.253662,1402.694946,111.835747,-226.792877,1300.218262,-32.322041,-286.518738,1187.582153,-90.214432,-267.096222,955.87616,-0.223332,-218.608475,995.235962,69.768761,-251.742188,906.589233,9.831805,147.41011,1024.389282,128.247635,169.253891,1107.619629,-50.414646,-96.260109,1091.992676,-80.559464,-112.623138,1010.574341,112.536049
7.417,20.8629,1672.526001,102.633759,29.665934,1641.624512,206.466095,-62.319519,1611.782837,132.871414,24.256453,1428.356323,15.610456,78.610275,1263.382812,-60.898315,-22.921738,1259.513062,-69.34391,-21.636257,1279.234619,208.739944,156.985489,1344.699829,-25.142778,187.116989,1397.424438,138.498627,236.740799,1268.810791,-39.783581,310.363922,1190.691895,-82.725807,332.865448,991.233032,78.197472,259.267975,1024.673096,134.21994,314.212311,938.01123,77.942001,-89.700531,1337.383301,-41.622326,-145.785477,1403.490356,111.72126,-225.940353,1301.246826,-32.704578,-286.087128,1188.851807,-90.592667,-268.398376,957.292725,0.28759,-219.867249,996.670532,70.334633,-253.539566,908.012146,10.491955,146.886444,1023.72052,128.495209,168.963028,1107.397949,-49.866631,-96.799393,1093.835938,-79.725105,-113.230347,1011.971619,113.619911
7.425,20.563057,1673.244995,102.111481,29.344984,1642.378052,206.108322,-62.516449,1612.268555,132.615387,25.074345,1428.96521,16.050077,79.36393,1263.927246,-60.03363,-22.188185,1260.129028,-68.918198,-21.472593,1280.214111,209.178314,157.781738,1345.286743,-24.120924,187.445587,1398.294922,139.611008,237.681213,1269.329956,-38.47757,311.30011,1191.257446,-80.870689,333.079315,989.694397,77.76004,259.935425,1022.973511,134.418716,313.9104,936.462585,76.84111,-88.830666,1337.958008,-41.44854,-145.224487,1404.362305,111.487419,-225.181992,1302.249756,-33.030193,-285.534607,1190.144287,-91.071953,-269.710693,958.816223,0.686425,-221.128906,998.098206,70.940941,-255.208878,909.485352,11.184567,146.513107,1023.065918,128.700516,168.683701,1107.104248,-49.366035,-97.199944,1095.568115,-79.006577,-113.655426,1013.28302,114.482384
7.433,20.376879,1673.880005,101.689835,29.090591,1643.390869,205.760071,-62.64513,1612.882935,132.0793,25.778849,1429.510864,16.433163,80.133041,1264.566284,-59.282578,-21.416491,1260.751465,-68.602066,-21.242483,1281.291626,209.536484,158.625763,1345.807495,-23.102163,187.75087,1399.19165,140.655746,238.664307,1269.873901,-36.932037,312.203735,1191.824585,-78.928619,333.33197,988.155151,77.053162,260.772064,1021.117676,134.575012,313.619293,934.887695,75.691849,-87.815849,1338.54541,-41.409084,-144.686447,1405.155151,111.210632,-224.253464,1303.189575,-33.46381,-284.925049,1191.192383,-91.628052,-270.991638,960.230103,1.213254,-222.246841,999.606445,71.393456,-256.945007,911.097717,11.787099,146.247787,1022.402161,128.828766,168.417435,1106.646973,-48.847294,-97.661774,1097.427368,-78.381821,-114.073982,1014.531616,115.430359
7.442,20.274353,1674.519287,101.373749,28.717323,1644.08667,205.286194,-62.737286,1613.432739,131.537979,26.531055,1430.102661,16.808361,80.893036,1265.232056,-58.489056,-20.51738,1261.421753,-68.376404,-21.088499,1282.295166,209.793076,159.49321,1346.404419,-22.087772,188.014328,1400.152954,141.718002,239.525513,1270.416748,-35.417599,313.041595,1192.406982,-77.030975,333.52829,986.684631,76.503914,261.543274,1019.39917,134.664215,313.24408,933.257507,74.389305,-86.816788,1339.107056,-41.318111,-144.18605,1405.907227,110.84594,-223.397049,1304.058228,-34.018322,-284.288269,1192.199219,-92.397072,-272.187256,961.577209,1.968997,-223.508606,1001.152527,72.004051,-258.626373,912.6828,12.835721,146.057663,1021.750793,128.965607,168.165924,1106.210693,-48.454575,-97.95015,1099.278809,-77.678024,-114.461693,1015.752563,116.226028
7.45,20.167448,1675.139526,100.98317,28.464365,1644.696167,204.93396,-62.808296,1614.048706,131.098953,27.319633,1430.746094,17.178164,81.734406,1265.933594,-57.7491,-19.733557,1262.044556,-68.156479,-20.900986,1283.249878,210.145798,160.395905,1347.085205,-21.002331,188.314911,1401.151001,142.848389,240.46109,1270.961914,-33.811504,313.845428,1192.848633,-74.986725,333.811432,985.188049,75.776886,262.283417,1017.600769,134.847153,312.980133,931.679993,73.33017,-85.881927,1339.75415,-41.445259,-143.756821,1406.539429,110.482574,-222.488815,1304.838623,-34.628002,-283.578339,1193.048828,-93.130753,-273.363678,963.015869,2.621841,-224.601608,1002.630737,72.539566,-260.28186,914.128845,13.961614,145.936981,1021.096924,129.079514,167.973114,1105.725586,-48.103714,-98.141991,1101.143799,-77.030014,-114.90979,1017.077454,117.068504
7.458,20.086361,1675.784424,100.548187,28.363873,1645.281616,204.476868,-62.836819,1614.629395,130.839661,28.134127,1431.443726,17.505842,82.584625,1266.654785,-57.128456,-18.925627,1262.640137,-67.986122,-20.717577,1284.084839,210.282776,161.270264,1347.761719,-20.066944,188.551331,1402.081909,143.865265,241.300278,1271.522461,-32.277817,314.678009,1193.374023,-72.912521,333.855103,983.700439,74.973106,262.935242,1015.749939,134.851761,312.615204,929.967773,72.321053,-84.903023,1340.254761,-41.543091,-143.302917,1407.212524,109.881416,-221.477737,1305.639038,-35.940075,-282.698792,1193.819214,-94.09066,-274.568146,964.343567,3.389845,-225.757721,1004.20282,73.313576,-261.879791,915.746826,14.921037,145.928741,1020.499451,129.135376,167.843353,1105.133057,-47.82423,-98.162209,1102.894775,-76.463951,-115.279678,1018.32666,117.658363
7.467,20.052351,1676.381836,100.04084,28.276953,1645.945312,204.06636,-62.861137,1615.315186,130.402557,28.820562,1432.119507,17.840784,83.557449,1267.401123,-56.481846,-17.909578,1263.313599,-67.893829,-20.609297,1284.90686,210.460068,162.29277,1348.47876,-19.001762,188.648499,1402.983154,145.108215,242.269135,1272.135986,-30.716482,315.448425,1193.940674,-70.911621,333.920868,982.331116,74.280052,263.419281,1013.855225,134.722763,312.287689,928.24762,71.297508,-83.838814,1340.693848,-41.742355,-142.880737,1407.814819,109.228813,-220.679749,1306.185425,-36.671062,-281.851959,1194.379517,-94.968956,-275.558838,965.625671,4.163173,-226.781555,1005.739075,74.080475,-263.416229,917.231079,16.117432,145.868866,1019.846924,129.172836,167.766891,1104.517212,-47.687614,-98.123627,1104.667603,-75.892441,-115.765991,1019.707581,118.382179
7.475,20.068752,1676.861816,99.616272,28.310692,1646.568359,203.679184,-62.910767,1615.92749,129.765015,29.652094,1432.87085,18.151869,84.546806,1268.131226,-55.937595,-16.970198,1263.941772,-67.844666,-20.558235,1285.62146,210.473175,163.233215,1349.293091,-18.092476,188.736877,1403.915771,146.242401,243.165878,1272.732544,-29.112419,316.274689,1194.546875,-68.811806,334.028107,980.903748,73.724411,263.731659,1012.159729,134.595718,311.855499,926.656433,70.38739,-82.787247,1341.143433,-42.125233,-142.415039,1408.365967,108.48246,-219.645111,1306.686768,-37.765175,-280.945618,1194.8573,-95.96701,-276.611633,966.848389,5.186013,-227.764374,1007.272339,74.641617,-264.856384,918.637939,17.543602,145.819275,1019.154419,129.196548,167.750534,1103.773438,-47.615582,-98.144501,1106.402466,-75.361221,-116.198196,1021.362793,118.841225
7.483,20.167582,1677.388062,99.215576,28.272316,1647.056641,203.220963,-62.944351,1616.515137,129.304276,30.372992,1433.634155,18.289412,85.651337,1268.856201,-55.618778,-15.981136,1264.49646,-67.963104,-20.57086,1286.291382,210.455994,164.25946,1350.070557,-17.032887,188.864487,1404.8302,147.391388,244.194519,1273.466187,-27.533873,317.173615,1195.107422,-66.685951,334.04422,979.659912,73.045288,263.923523,1010.314209,134.387558,311.373322,925.031494,69.315994,-81.815849,1341.489746,-42.528416,-142.058075,1408.791138,107.703506,-218.775452,1307.075073,-38.810978,-280.088623,1195.224365,-97.088295,-277.41153,968.063171,6.11776,-228.651276,1008.851624,75.451004,-266.194183,920.14386,18.897408,145.848267,1018.401001,129.22052,167.827499,1102.905151,-47.501762,-97.939568,1107.925903,-75.030045,-116.811951,1023.202271,119.332947
7.492,20.222137,1677.909302,98.742615,28.186855,1647.578003,202.810272,-62.907265,1617.112549,128.99054,31.043558,1434.30481,18.252634,86.786621,1269.534424,-55.329563,-14.787479,1265.091919,-68.124298,-20.552877,1286.888672,210.316956,165.32695,1350.834351,-16.156118,188.883484,1405.721191,148.584625,245.273346,1274.150879,-25.918026,318.10791,1195.727295,-64.571663,334.093536,978.453308,72.596863,264.104065,1008.663391,134.11412,310.989014,923.407166,68.433731,-80.751579,1341.811768,-43.121956,-141.689835,1409.186157,106.824455,-217.838974,1307.368896,-39.978336,-279.146912,1195.36084,-98.240631,-278.26889,969.205444,7.197685,-229.434509,1010.421265,76.14135,-267.53894,921.582458,20.317579,145.868103,1017.63678,129.268082,167.882599,1102.114868,-47.473934,-97.846756,1109.39624,-74.788986,-117.478989,1025.101807,119.832291
7.5,20.204309,1678.514771,98.249641,28.114216,1648.014893,202.341675,-62.962898,1617.688965,128.575058,31.768135,1434.864136,18.202427,87.974197,1270.282593,-55.11319,-13.784922,1265.601807,-68.545921,-20.562578,1287.457886,210.011368,166.41922,1351.625732,-15.17388,188.779984,1406.582031,149.660507,246.450974,1274.901367,-24.318653,319.301483,1196.427002,-62.679031,334.166504,977.401733,72.043854,264.028595,1006.94812,133.846786,310.552155,921.95636,67.70118,-79.731995,1342.135864,-43.857742,-141.296066,1409.657349,105.635109,-216.870789,1307.592651,-41.304337,-278.22583,1195.407349,-99.538727,-279.050842,970.264709,8.249614,-230.15004,1012.017395,76.915802,-268.812805,923.040466,21.95867,145.965424,1017.006042,129.311829,167.935135,1101.247559,-47.416466,-97.639572,1110.701416,-74.848846,-118.234879,1027.283813,120.190201
7.508,20.174915,1679.077637,97.830055,28.038576,1648.589966,201.966446,-63.073517,1618.295166,128.098953,32.529102,1435.396484,18.132231,89.123016,1270.976685,-54.901611,-12.596635,1265.984985,-68.810608,-20.649965,1287.919678,209.6548,167.511856,1352.439697,-14.363134,188.638809,1407.367432,150.774994,247.6772,1275.689453,-22.808187,320.43692,1196.982178,-60.458115,334.101074,976.4245,71.581047,263.973328,1005.548462,133.532608,309.995453,920.553772,66.719437,-78.551453,1342.358276,-44.587627,-140.934311,1410.053467,104.45723,-215.976746,1307.665039,-42.666336,-277.324402,1195.407959,-100.904228,-279.829132,971.35144,9.563447,-230.775833,1013.692505,77.757416,-270.096252,924.471375,23.65003,146.076019,1016.371277,129.350418,168.045273,1100.262817,-47.536949,-97.376846,1111.768677,-74.878723,-118.985802,1029.577881,120.66346
7.517,19.931906,1679.486084,97.380951,27.912977,1649.126709,201.553818,-63.292721,1618.766602,127.49614,33.293072,1435.940186,17.889214,90.386597,1271.664795,-54.740971,-11.343596,1266.35144,-69.201958,-20.809542,1288.490234,209.294373,168.712479,1353.216919,-13.524275,188.467468,1408.216797,151.781464,249.041626,1276.478516,-21.314457,321.658783,1197.675415,-58.331215,334.016357,975.474121,71.145149,263.747833,1004.05249,133.292618,309.522064,919.409729,66.028053,-77.465454,1342.575317,-45.445881,-140.599243,1410.352051,103.124992,-215.029999,1307.723633,-44.135429,-276.415192,1195.236694,-102.201042,-280.511902,972.50946,10.733364,-231.304016,1015.311829,78.587456,-271.274292,925.898254,25.376987,146.19986,1015.799194,129.492172,168.064194,1099.348999,-47.510571,-97.02021,1112.761353,-75.051331,-119.548592,1031.85144,121.256142
7.525,19.692392,1679.928833,97.00325,27.723232,1649.503662,201.197449,-63.540199,1619.16394,127.015221,33.949997,1436.424927,17.554844,91.595802,1272.269287,-54.585815,-10.186543,1266.6427,-69.640091,-20.992941,1288.994385,208.75972,169.743179,1353.93396,-12.836118,188.263809,1409.007202,152.784439,250.467865,1277.290771,-19.865332,322.849823,1198.243042,-56.212605,333.846405,974.686401,70.901604,263.423828,1002.737427,132.915695,309.069153,918.178528,65.351273,-76.422104,1342.670166,-46.336796,-140.25528,1410.641724,101.696709,-214.093231,1307.687134,-45.7705,-275.514954,1194.92688,-103.642868,-281.110596,973.549255,12.015133,-231.870544,1017.007568,79.323776,-272.414734,927.302551,27.235559,146.371704,1015.258911,129.600845,168.084976,1098.465698,-47.382912,-96.721069,1113.618408,-75.180855,-119.754036,1034.420898,121.897415
7.533,19.51956,1680.345581,96.723801,27.464722,1649.853027,200.860962,-63.801163,1619.567749,126.415504,34.685207,1436.920288,17.114052,92.742722,1272.831299,-54.580677,-8.98014,1266.898193,-70.239952,-21.164124,1289.46936,208.243637,170.81427,1354.612671,-12.13695,188.046295,1409.746948,153.609436,251.841873,1278.03418,-18.528603,324.091339,1198.758057,-54.089401,333.68277,973.995422,70.709846,263.015594,1001.55365,132.701691,308.680634,917.161926,64.860641,-75.292397,1342.781982,-47.392883,-139.888702,1410.997314,100.051758,-213.148972,1307.533081,-47.398235,-274.655243,1194.553589,-105.119514,-281.714355,974.565247,13.283477,-232.324463,1018.705994,80.160851,-273.420929,928.574951,29.146461,146.516006,1014.833069,129.792908,168.080933,1097.49585,-47.434158,-96.373718,1114.296997,-75.382584,-119.788284,1037.187866,122.60334
7.542,19.249598,1680.773804,96.510139,27.139524,1650.097534,200.444901,-64.041588,1619.897827,126.059395,35.368275,1437.273926,16.61083,93.99054,1273.323242,-54.584545,-7.77655,1267.06189,-70.786873,-21.333256,1289.99353,207.65239,171.850601,1355.256592,-11.612289,187.887421,1410.499512,154.30043,253.288651,1278.784302,-17.158182,325.499878,1199.227905,-52.058105,333.584076,973.389648,70.770241,262.567444,1000.498657,132.466568,308.348969,916.291016,64.454506,-74.173859,1342.823975,-48.526714,-139.555893,1411.382812,98.356064,-212.238113,1307.4198,-49.18766,-273.706055,1194.078247,-106.533867,-282.286224,975.577148,14.552936,-232.918365,1020.370483,81.053207,-274.388062,929.909607,31.023275,146.662888,1014.421936,129.964233,168.069061,1096.574707,-47.462166,-96.016869,1114.841675,-75.717438,-119.758324,1040.248047,124.02063
7.55,18.940582,1681.188721,96.306068,26.755445,1650.303223,200.219025,-64.295403,1620.169434,125.752731,36.052891,1437.646729,16.02095,95.109993,1273.752319,-54.779903,-6.599322,1267.171143,-71.428391,-21.61491,1290.524902,206.885696,172.771317,1355.793213,-11.185279,187.70076,1411.241089,154.817795,254.820251,1279.523438,-15.886063,326.912659,1199.735962,-50.16214,333.538269,972.892029,70.99601,262.01181,999.622192,132.265686,308.078186,915.523254,64.214645,-73.117363,1342.785522,-49.729557,-139.309128,1411.720093,96.618103,-211.273209,1307.125854,-50.974899,-272.786835,1193.494263,-108.072189,-282.70401,976.599182,15.778782,-233.211517,1022.051453,81.764107,-275.218903,931.19989,32.998062,146.892563,1014.101868,130.203354,168.093018,1095.72168,-47.44318,-95.732315,1115.244507,-76.071594,-119.441132,1042.694336,124.079636
7.558,18.633659,1681.610596,96.176735,26.400988,1650.452271,200.002579,-64.540787,1620.432251,125.526917,36.7099,1437.953857,15.423901,96.164169,1274.112915,-55.014977,-5.456814,1267.242676,-72.123741,-21.916391,1291.012329,206.017273,173.673172,1356.290161,-10.807971,187.503189,1411.96875,155.170166,256.077759,1280.164307,-14.829901,328.14444,1200.190796,-48.365448,333.475342,972.612549,71.362801,261.331543,998.968567,132.073135,307.955017,914.903442,64.239937,-72.053185,1342.718872,-50.988674,-139.089813,1411.988647,94.769928,-210.434448,1306.864746,-52.831951,-271.852417,1192.8927,-109.577774,-283.088074,977.596802,17.026621,-233.41449,1023.773804,82.43203,-275.963074,932.600708,34.900532,147.157959,1013.921021,130.502151,168.108673,1094.759888,-47.345154,-95.455696,1115.5177,-76.434349,-119.400543,1044.852173,124.363304
7.567,18.301945,1681.974731,96.051933,26.078979,1650.575806,199.813019,-64.777153,1620.67981,125.40522,37.223961,1438.180176,14.784798,97.254013,1274.408569,-55.240387,-4.418225,1267.258301,-72.888336,-22.249329,1291.596802,205.106339,174.428482,1356.700562,-10.589124,187.198425,1412.651367,155.509857,257.467651,1280.806396,-13.800117,329.393341,1200.597412,-46.710438,333.436005,972.466553,71.700958,260.752289,998.538574,132.002579,307.986359,914.39856,64.585014,-70.992409,1342.670776,-52.302166,-138.796249,1412.282349,92.929016,-209.527527,1306.449097,-54.665535,-270.851135,1192.217651,-111.026054,-283.33728,978.652161,18.23369,-233.473862,1025.416992,83.035156,-276.679901,933.856628,36.840683,147.339111,1013.780212,130.777618,168.105133,1093.904053,-47.398136,-95.170853,1115.672119,-76.912102,-119.644272,1046.598633,124.770592
7.575,17.983532,1682.296631,95.984772,25.78371,1650.633423,199.686188,-65.056915,1620.920044,125.309143,37.749958,1438.448486,14.029062,98.270393,1274.588013,-55.569302,-3.302541,1267.178833,-73.67363,-22.685217,1292.114014,204.002914,175.224182,1357.048096,-10.449449,186.905945,1413.285522,155.695358,258.614441,1281.311523,-12.915385,330.71756,1201.012207,-45.177834,333.513245,972.387695,72.604027,260.233765,998.259583,132.016602,308.092163,914.062866,65.101562,-69.989105,1342.538452,-53.635143,-138.552673,1412.603638,91.001427,-208.633148,1306.108276,-56.535362,-269.81958,1191.370972,-112.637184,-283.606689,979.561646,19.534031,-233.608368,1027.189331,83.689705,-277.325439,935.150818,38.855694,147.472092,1013.725525,131.143158,168.194366,1093.047974,-47.337242,-94.911636,1115.708496,-77.307266,-119.962273,1048.206543,125.047562
7.583,17.66177,1682.590698,95.990448,25.437946,1650.692383,199.639145,-65.402191,1621.230713,124.84816,38.258755,1438.671997,13.258995,99.114655,1274.752319,-55.944382,-2.297187,1267.117065,-74.442528,-23.017059,1292.688477,203.049118,175.975784,1357.323242,-10.344059,186.624786,1413.878296,155.794876,259.677551,1281.759521,-12.128112,331.817657,1201.312012,-43.716442,333.597382,972.517639,73.306931,259.806091,998.128113,132.165802,308.170715,913.804077,65.783661,-69.045975,1342.416992,-54.950951,-138.360825,1412.864746,89.076706,-207.754822,1305.696777,-58.405106,-268.778656,1190.576294,-114.151749,-283.775146,980.621643,20.824766,-233.643906,1028.714844,84.203056,-277.970245,936.422119,40.777103,147.580231,1013.726929,131.561707,168.315048,1092.176025,-47.218174,-94.662445,1115.603394,-77.651573,-120.224861,1049.713867,125.319931
7.592,17.321085,1682.874268,96.051094,25.086977,1650.642822,199.607391,-65.771812,1621.430054,124.540016,38.742016,1438.878662,12.413607,99.963753,1274.842773,-56.362347,-1.37123,1267.049927,-75.277702,-23.333057,1293.202759,201.955002,176.546921,1357.559082,-10.33685,186.316376,1414.528931,155.780853,260.560883,1282.109741,-11.475983,332.860352,1201.653687,-42.384113,333.652863,972.675598,74.217117,259.378418,998.129456,132.491882,308.279236,913.704041,66.525536,-68.077141,1342.204468,-56.405018,-138.204727,1413.11084,87.063652,-207.031281,1305.166016,-60.358932,-267.756775,1189.547241,-115.660179,-283.830688,981.457275,22.039354,-233.582153,1030.416138,84.735016,-278.446167,937.749512,42.616901,147.710983,1013.843628,131.963531,168.427917,1091.303345,-47.105766,-94.373901,1115.392456,-78.044273,-120.386932,1051.194458,125.677002
7.6,17.011662,1683.145386,96.148186,24.751678,1650.547729,199.612473,-66.210625,1621.578613,124.143669,39.103855,1439.022583,11.57348,100.84726,1274.86853,-56.79208,-0.510967,1266.922607,-76.060455,-23.642376,1293.758423,200.836914,177.083664,1357.78186,-10.428828,186.008636,1415.085083,155.708618,261.385132,1282.443115,-10.912161,333.829468,1201.910767,-41.245926,333.816193,972.834167,75.027985,259.026276,998.237671,132.836288,308.368134,913.684326,67.359718,-67.274857,1341.991943,-57.642799,-138.082001,1413.289429,85.12841,-206.340027,1304.691284,-62.251583,-266.797272,1188.573486,-117.163116,-283.824371,982.361267,23.296917,-233.483841,1031.992065,85.414406,-278.707703,938.962463,44.452747,147.919907,1014.091248,132.439499,168.608337,1090.55835,-47.085243,-94.049408,1115.053833,-78.557426,-120.582687,1052.599487,125.983162
7.608,16.72393,1683.406494,96.337173,24.353743,1650.405273,199.654663,-66.549652,1621.736816,123.982819,39.432854,1439.120972,10.696828,101.563965,1274.883057,-57.255711,0.269528,1266.725464,-76.877998,-24.162529,1294.24292,199.70105,177.578461,1357.949585,-10.568347,185.720352,1415.654297,155.411469,262.019653,1282.702148,-10.526133,334.637146,1202.14209,-40.31337,333.94812,973.074585,76.007912,258.762817,998.435974,133.245514,308.475861,913.752869,68.235451,-66.495987,1341.74353,-59.030014,-138.07547,1413.512939,83.024086,-205.618652,1304.058594,-64.122955,-265.885193,1187.501221,-118.600739,-283.675903,983.173218,24.470449,-233.335358,1033.432373,85.879944,-278.954254,940.112488,46.161423,148.172821,1014.428284,132.986298,168.81189,1089.801758,-46.91238,-93.770821,1114.65918,-78.876076,-120.5756,1053.764404,126.151962
7.617,16.489088,1683.648071,96.578583,23.912342,1650.148438,199.741714,-66.816963,1621.890381,124.152367,39.719185,1439.188599,9.754659,102.263344,1274.842651,-57.732574,0.995242,1266.529663,-77.794701,-24.778767,1294.761475,198.559799,178.001389,1358.078491,-10.820603,185.453018,1416.131836,155.047424,262.533661,1282.894287,-10.261974,335.339935,1202.303223,-39.479988,334.04129,973.329407,76.850456,258.52182,998.662903,133.664795,308.611053,913.923096,69.176178,-65.741508,1341.44812,-60.493259,-138.045197,1413.60437,80.99659,-205.027008,1303.456543,-66.085991,-265.085846,1186.306152,-119.987213,-283.490936,983.878235,25.537853,-233.115967,1034.914307,86.417213,-278.96991,941.248596,47.775993,148.383072,1014.737,133.526871,168.980209,1089.087036,-46.885822,-93.464241,1114.206177,-79.161209,-120.434738,1054.991699,126.33757
7.625,16.292721,1683.817139,96.845634,23.589298,1649.913208,199.871704,-67.050133,1622.005005,124.354889,39.948936,1439.257812,8.819515,102.870407,1274.716553,-58.255402,1.685111,1266.274048,-78.622147,-25.256927,1295.289795,197.412964,178.335938,1358.18396,-11.220027,185.13353,1416.587158,154.622482,262.902252,1283.020142,-10.062545,335.903351,1202.424683,-38.838322,334.145142,973.61731,77.881012,258.330292,998.935974,134.157913,308.893555,914.195618,70.245132,-65.096138,1341.104492,-61.950645,-138.10318,1413.769897,78.835861,-204.506393,1302.765015,-67.994728,-264.371399,1185.137817,-121.2845,-283.168793,984.625549,26.623413,-232.839905,1036.19873,86.968567,-278.948181,942.301086,49.393822,148.587234,1015.043274,134.112732,169.216995,1088.427246,-46.785973,-93.153168,1113.651611,-79.489319,-120.181,1056.222534,126.350922
7.633,16.172743,1684.0271,97.085358,23.263927,1649.679077,200.046432,-67.275848,1622.089233,124.453873,40.068569,1439.228149,7.861079,103.359581,1274.658447,-58.836578,2.219769,1265.993408,-79.533508,-25.719763,1295.796387,196.302567,178.583466,1358.258911,-11.630165,184.693237,1416.988892,154.197433,263.138702,1283.115601,-10.006717,336.271149,1202.49707,-38.32069,334.318054,973.977539,78.809326,258.204926,999.23114,134.701889,309.133026,914.458069,71.186821,-64.525261,1340.760376,-63.445168,-138.255569,1413.878174,76.836555,-203.995544,1302.015381,-69.762199,-263.656158,1183.887817,-122.600731,-282.827759,985.132019,27.668989,-232.422974,1037.435059,87.286224,-278.916168,943.271484,50.980896,148.722824,1015.402222,134.695633,169.505783,1087.844849,-46.734848,-92.777336,1112.992676,-79.835625,-119.712936,1057.364258,126.449493
7.642,16.010881,1684.125488,97.547409,22.997601,1649.356689,200.26239,-67.497017,1622.169922,124.449142,40.138592,1439.210938,6.871392,103.725761,1274.567383,-59.376503,2.699728,1265.655273,-80.315262,-26.255644,1296.236328,195.161942,178.694702,1358.280151,-12.10194,184.210571,1417.380005,153.700119,263.249939,1283.160278,-10.061221,336.496643,1202.518433,-37.949844,334.504669,974.287292,79.844475,258.134552,999.520447,135.263702,309.391815,914.667358,72.017242,-64.115829,1340.356323,-64.704704,-138.500107,1413.951416,74.852165,-203.657043,1301.195923,-71.573685,-263.121246,1182.684204,-123.732727,-282.492188,985.642334,28.693216,-232.076538,1038.544434,87.783943,-278.746155,944.121155,52.372822,148.904709,1016.005066,135.289093,169.830673,1087.367554,-46.654228,-92.402275,1112.30188,-80.030357,-119.297226,1058.400391,126.377541
7.65,15.937362,1684.209717,97.963303,22.7799,1648.998169,200.492004,-67.671768,1622.22168,124.483055,40.077892,1439.114624,5.931385,104.053467,1274.431152,-59.969315,3.08721,1265.353882,-81.181412,-26.945679,1296.795654,194.268204,178.703445,1358.315796,-12.602534,183.732635,1417.812378,153.01886,263.227112,1283.17395,-10.252225,336.534485,1202.4646,-37.77853,334.748627,974.550171,80.698036,258.144073,999.79541,135.77478,309.715576,914.947449,72.930023,-63.724838,1339.880981,-66.110771,-138.803268,1413.994385,72.85096,-203.32019,1300.392456,-73.275314,-262.673706,1181.40625,-125.003624,-282.155823,986.105896,29.593889,-231.626968,1039.497314,87.983742,-278.445251,944.89386,53.728081,149.077972,1016.674622,135.876419,170.226517,1086.867432,-46.496269,-91.946579,1111.52771,-80.395538,-119.047523,1059.287964,126.382751
7.658,15.881853,1684.238037,98.410515,22.606001,1648.581421,200.828506,-67.805969,1622.271484,124.537491,39.911602,1439.052002,4.950854,104.32132,1274.301147,-60.584938,3.4554,1264.989624,-82.03083,-27.514416,1297.208374,193.186722,178.611404,1358.375366,-13.155379,183.293076,1418.188477,152.284714,263.096069,1283.147583,-10.508318,336.41449,1202.35791,-37.761429,334.975555,974.812195,81.470009,258.264801,1000.107666,136.39801,310.13916,915.249695,73.943832,-63.484921,1339.476807,-67.36618,-139.08461,1414.02124,71.057701,-203.057983,1299.520142,-74.784012,-262.220032,1180.160278,-126.055748,-281.77301,986.348755,30.492861,-231.207596,1040.475098,88.261917,-278.285126,945.5672,55.138683,149.978134,1017.702698,137.385345,170.629807,1086.298706,-46.295673,-91.491463,1110.762451,-80.703667,-118.871956,1060.141113,126.337555
7.667,15.893311,1684.241699,98.885796,22.501692,1648.096069,201.16153,-67.893234,1622.299438,124.681107,39.693474,1438.984131,4.07953,104.51339,1274.156128,-61.187843,3.759784,1264.631836,-82.806816,-27.970621,1297.663086,192.200562,178.529419,1358.464111,-13.817452,182.887497,1418.541992,151.50145,262.870667,1283.120117,-10.841274,336.139221,1202.191406,-37.861126,335.186157,975.149231,82.261887,258.409302,1000.410461,136.990234,310.481934,915.517639,74.886902,-63.333786,1339.091431,-68.569618,-139.556808,1413.950439,69.322655,-202.953735,1298.638062,-76.290428,-261.783722,1178.902832,-127.049599,-281.353058,986.473328,31.212847,-230.847351,1041.143921,88.485977,-278.044678,946.08313,56.150581,149.806046,1018.359436,137.682755,171.18782,1085.727417,-46.125652,-90.884369,1109.871704,-81.158157,-118.737457,1060.990601,126.527664
7.675,15.94383,1684.202026,99.427956,22.446787,1647.564087,201.558792,-67.952278,1622.31543,124.936142,39.338409,1438.962769,3.211719,104.61467,1273.949707,-61.72892,3.966167,1264.287598,-83.600845,-28.559153,1298.00708,191.256912,178.337616,1358.490479,-14.466933,182.489899,1418.868896,150.804321,262.574524,1283.082153,-11.239283,335.757965,1202.01001,-38.102505,335.406738,975.465393,83.008934,258.550751,1000.714539,137.6064,310.827271,915.729065,75.771919,-63.267723,1338.701172,-69.606941,-140.054672,1413.809082,67.795372,-202.903458,1297.818115,-77.542854,-261.427338,1177.73584,-128.071198,-280.885071,986.567627,31.799082,-230.595245,1041.789917,89.007805,-277.624329,946.422729,57.282787,150.263702,1019.214722,138.602386,171.72316,1085.219604,-45.973118,-90.352608,1108.963623,-81.393822,-118.705376,1061.885864,126.648354
7.683,16.031372,1684.139526,100.008026,22.471333,1647.085327,202.014328,-67.977959,1622.308105,125.191795,38.838978,1438.908081,2.32426,104.669144,1273.726562,-62.335739,4.095176,1263.870483,-84.235435,-29.265152,1298.315918,190.336884,178.094513,1358.511719,-15.138565,182.056747,1419.169189,150.057495,262.155151,1283.018799,-11.769908,335.202179,1201.79834,-38.446392,335.601807,975.798828,83.513184,258.738831,1001.024231,138.247498,311.238129,916.004761,76.699501,-63.349239,1338.254272,-70.621758,-140.694321,1413.679932,66.407753,-202.8517,1296.999634,-78.724686,-261.100586,1176.646484,-128.883789,-280.43042,986.595947,32.252743,-230.241028,1042.31665,89.129082,-277.166077,946.638184,58.064331,149.529572,1019.720337,137.992752,172.172546,1084.767578,-45.883385,-89.792046,1107.994263,-81.697906,-118.722069,1062.740845,126.813026
7.692,16.140524,1684.049927,100.628532,22.439617,1646.459229,202.429459,-67.975998,1622.288086,125.492783,38.421127,1438.799805,1.561105,104.645676,1273.508423,-62.849209,4.149816,1263.507202,-84.883667,-29.877882,1298.572388,189.386429,177.750336,1358.530029,-15.878251,181.479584,1419.374268,149.257065,261.654541,1282.892456,-12.346233,334.50647,1201.512939,-38.926617,335.857147,976.096802,84.247826,258.948639,1001.418579,138.926834,311.729401,916.264526,77.683823,-63.474735,1337.900024,-71.600082,-141.227005,1413.501709,65.243011,-202.919708,1296.250122,-79.748779,-260.861145,1175.568604,-129.675278,-279.934967,986.486816,32.585857,-229.960022,1042.657349,89.10424,-276.743622,946.704651,58.809059,149.662781,1020.777954,138.438309,172.732346,1084.238892,-45.743999,-89.225334,1107.016968,-82.100121,-118.72541,1063.438477,126.866493
7.7,16.3302,1683.918091,101.33181,22.619528,1645.867065,203.027435,-67.940582,1622.221191,125.883507,37.956776,1438.696655,0.802593,104.583054,1273.231934,-63.401871,4.095829,1263.153564,-85.569077,-30.370029,1298.682739,188.640228,177.342911,1358.477295,-16.56809,180.949448,1419.495972,148.439636,261.057831,1282.749146,-13.047449,333.749359,1201.179077,-39.456539,336.076294,976.407166,85.016159,259.095825,1001.821533,139.473419,312.105255,916.558167,78.684082,-63.761166,1337.483765,-72.366699,-141.768768,1413.291504,64.167816,-203.073425,1295.575928,-80.612038,-260.813416,1174.553833,-130.272934,-279.403931,986.259216,32.796368,-229.689896,1042.845825,89.028099,-276.266388,946.663696,59.386494,149.84111,1021.696106,138.810135,173.3573,1083.747437,-45.553032,-88.616119,1106.019531,-82.447174,-118.708351,1063.90625,126.921265
7.708,16.614317,1683.828857,102.166847,22.784224,1645.200439,203.503006,-67.848289,1622.136597,126.387268,37.380417,1438.512329,-0.0183,104.377037,1272.960327,-63.97192,3.978639,1262.734985,-86.07975,-30.897568,1298.697876,187.857376,176.90509,1358.400146,-17.419615,180.470169,1419.606812,147.681335,260.531189,1282.634888,-13.765218,332.924408,1200.793823,-40.141304,336.199432,976.836914,85.459229,259.230103,1002.302795,140.10611,312.451202,916.944763,79.816887,-64.073273,1337.141479,-73.088127,-142.372269,1413.066895,63.245102,-203.330627,1294.918335,-81.355614,-260.735352,1173.679932,-130.846619,-278.876251,985.878296,33.03315,-229.459579,1042.916992,88.997467,-275.688293,946.482483,59.760967,151.186554,1022.858276,140.334961,173.93309,1083.248169,-45.3396,-88.03878,1104.985962,-82.799507,-118.723885,1064.218262,126.909569
7.717,16.903807,1683.674072,102.921875,23.011869,1644.509277,204.170395,-67.744377,1622.040283,126.931694,36.795197,1438.288208,-0.759648,104.063034,1272.688232,-64.54483,3.697688,1262.228638,-86.690422,-31.478472,1298.626831,187.11438,176.418716,1358.247437,-18.253458,180.027664,1419.643555,146.805756,259.880859,1282.440308,-14.575011,332.09494,1200.411499,-40.9799,336.343933,977.288452,86.149406,259.405243,1002.875061,140.766739,312.856812,917.262573,81.010254,-64.552452,1336.672363,-73.769081,-143.02858,1412.761353,62.453583,-203.752899,1294.200806,-81.958969,-260.791351,1172.803101,-131.336838,-278.41925,985.497925,33.172997,-229.215134,1042.884399,88.921188,-275.033203,946.134094,60.08604,151.07695,1023.328308,140.31427,174.489456,1082.803223,-45.244724,-87.425354,1103.914185,-83.205421,-118.712822,1064.365112,126.890121
7.725,17.186865,1683.433594,103.706245,23.260225,1643.76709,204.724304,-67.629677,1621.921753,127.361877,36.207932,1438.033691,-1.438001,103.7687,1272.316528,-65.031456,3.407251,1261.80603,-87.184792,-32.056358,1298.515015,186.395035,175.90863,1358.083618,-19.128002,179.61235,1419.582397,145.940704,259.1203,1282.22937,-15.505159,331.170868,1199.868774,-41.896584,336.359344,977.803162,86.891449,259.637421,1003.576172,141.441483,313.206635,917.63385,82.169891,-65.088577,1336.260498,-74.332985,-143.68071,1412.432495,61.820213,-204.118744,1293.635498,-82.418541,-261.014771,1172.035767,-131.641022,-278.068787,985.041809,33.256138,-229.003174,1042.717163,88.821983,-274.386993,945.697021,60.299026,151.942841,1023.789978,141.312225,175.036789,1082.487305,-45.173195,-86.910866,1102.897827,-83.523735,-118.679825,1064.381104,126.82164
7.733,17.493534,1683.15332,104.529877,23.446976,1642.993652,205.440994,-67.508492,1621.810547,127.768188,35.549595,1437.801636,-2.071869,103.371765,1271.944824,-65.571732,3.001277,1261.415405,-87.746353,-32.512348,1298.348633,185.787354,175.207138,1357.782227,-19.969139,179.162659,1419.512573,144.982361,258.453369,1281.94873,-16.474756,330.194305,1199.354004,-42.939678,336.421173,978.281982,87.541695,259.63446,1004.262573,142.171387,313.501556,918.176453,83.483391,-65.720734,1335.918213,-74.820419,-144.303604,1412.097534,61.299091,-204.653427,1293.021729,-82.818214,-261.309998,1171.335083,-131.830429,-277.679504,984.441162,33.229015,-228.836349,1042.461548,88.757843,-273.838318,945.100098,60.528767,152.013855,1024.087524,141.355087,175.593872,1082.307617,-45.076122,-86.291672,1101.816284,-83.897949,-118.602989,1064.279297,126.699921
7.742,17.845148,1682.797241,105.444168,23.635254,1642.204468,206.108795,-67.333794,1621.580811,128.44043,34.776257,1437.571777,-2.660393,102.820663,1271.556152,-66.083687,2.512584,1260.988403,-88.15023,-32.879028,1298.132568,185.330765,174.578827,1357.55896,-20.869661,178.771866,1419.362549,143.970291,257.65799,1281.557739,-17.480618,329.210846,1198.766602,-44.078697,336.477295,978.816711,88.464561,259.733307,1005.075928,142.916946,313.877563,918.771484,84.972694,-66.451866,1335.578003,-75.177628,-144.934937,1411.741943,61.058632,-205.256638,1292.453857,-83.048576,-261.831299,1170.581421,-131.995911,-277.212463,983.711426,33.216488,-228.680664,1042.096558,88.790405,-273.118439,944.443359,60.496761,151.926147,1024.197632,140.902039,176.235397,1082.178589,-44.925827,-85.657471,1100.846558,-84.420258,-118.511436,1064.026001,126.529228
7.75,18.245398,1682.541992,106.305717,23.913345,1641.387695,206.783463,-67.125793,1621.436523,129.115097,34.122738,1437.348389,-3.071945,102.164642,1271.116333,-66.588585,1.92346,1260.560791,-88.520454,-33.257706,1297.8396,184.815338,173.952469,1357.211426,-21.690868,178.492203,1419.242798,143.154861,256.833435,1281.147461,-18.610632,328.248718,1198.116211,-45.285473,336.431122,979.547119,89.328201,259.646301,1006.031006,143.673019,314.19751,919.400208,86.374695,-67.242813,1335.277588,-75.507187,-145.633209,1411.352905,60.899498,-205.965942,1291.958374,-83.182098,-262.395325,1169.990723,-132.000458,-276.781372,983.006958,33.327034,-228.567261,1041.585571,88.850693,-272.427155,943.617859,60.689083,153.093018,1024.869751,141.878143,176.816879,1082.162109,-44.85561,-85.099922,1099.828247,-84.78215,-118.395805,1063.625366,126.378792
7.758,18.691536,1682.158569,107.194153,24.133263,1640.636353,207.450424,-66.731728,1621.29248,130.054199,33.372402,1437.095581,-3.468594,101.58947,1270.752441,-67.002419,1.319554,1260.150635,-88.855522,-33.598129,1297.529053,184.379929,173.180283,1356.92041,-22.558163,178.268677,1419.053223,142.247467,256.017639,1280.750488,-19.703882,327.222168,1197.487549,-46.523029,336.436523,980.232056,90.270828,259.541107,1006.94397,144.427933,314.471558,920.190308,87.98806,-68.056038,1335.024292,-75.7481,-146.346558,1411.038452,60.816498,-206.652527,1291.535156,-83.135666,-262.948608,1169.513672,-131.847107,-276.339752,982.272461,33.271202,-228.405243,1040.977051,88.785408,-271.704193,942.733643,60.557465,153.639435,1025.388672,142.421402,177.340439,1082.170166,-44.894245,-84.436317,1098.818726,-85.097755,-118.244171,1062.992188,126.05365
7.767,19.344353,1681.829956,108.326881,24.650305,1639.862305,208.343521,-66.379379,1621.15332,130.918091,32.528831,1436.880859,-3.799788,100.953957,1270.291992,-67.408638,0.723613,1259.735962,-89.165947,-33.902473,1297.211426,184.073029,172.428757,1356.46521,-23.390564,178.05809,1418.787354,141.34726,255.09613,1280.185547,-20.846319,326.161713,1196.793701,-47.821404,336.338684,981.012695,91.319527,259.509186,1008.0755,145.130615,314.804535,920.922302,89.641724,-68.925888,1334.750977,-75.802322,-147.047318,1410.716553,60.853371,-207.413177,1291.136597,-82.983475,-263.61264,1169.038574,-131.657837,-275.906311,981.306213,33.059437,-228.200211,1040.178833,88.684998,-271.017456,941.672302,60.438515,154.078751,1025.928345,142.916519,177.872681,1082.228882,-44.968884,-83.978142,1097.861084,-85.462677,-118.055145,1062.175903,125.753136
7.775,19.833685,1681.515137,109.212097,25.174503,1639.052368,209.13913,-66.034454,1621.026123,131.689972,31.773779,1436.693726,-4.052042,100.219383,1269.822754,-67.872231,0.049589,1259.387207,-89.448715,-34.177242,1296.880493,183.833755,171.713821,1356.070068,-24.223074,177.8125,1418.45166,140.322983,254.235245,1279.61731,-21.99416,325.105927,1196.061157,-49.222988,336.256653,981.813904,92.427803,259.411774,1009.359009,145.964401,315.04364,921.842407,91.378403,-69.888542,1334.527222,-75.92865,-147.736801,1410.490356,61.1143,-208.291,1290.749268,-82.645142,-264.26358,1168.699951,-131.394028,-275.55484,980.333252,32.966175,-228.040573,1039.333252,88.624435,-270.35022,940.532715,60.199131,154.539429,1026.472778,143.296265,178.350769,1082.391113,-44.995411,-83.440163,1096.779175,-85.772461,-117.851868,1061.303345,125.422966
7.783,20.307669,1681.168091,110.069206,25.616117,1638.295532,209.834305,-65.739784,1620.876221,132.205154,31.090706,1436.462646,-4.267007,99.482903,1269.362915,-68.288635,-0.762698,1259.019897,-89.649406,-34.467495,1296.511108,183.66983,170.933945,1355.598633,-25.104374,177.595291,1418.103516,139.364014,253.295654,1279.085083,-23.162601,324.104065,1195.297119,-50.533638,336.215668,982.673096,93.496689,259.44165,1010.537048,146.849884,315.22934,922.7547,93.032059,-70.834877,1334.395752,-75.897865,-148.344177,1410.235352,61.511189,-209.310654,1290.526733,-81.803062,-265.011536,1168.317261,-130.67868,-275.200775,979.339478,32.640003,-227.894745,1038.303833,88.551949,-269.548035,939.246765,59.995651,154.878189,1026.974976,143.628693,178.877045,1082.67334,-44.971581,-82.93663,1095.719482,-86.179794,-117.788078,1060.332886,124.988914
7.792,20.826908,1680.749756,110.995239,25.955791,1637.557373,210.657089,-65.450676,1620.648682,132.842148,30.272581,1436.20105,-4.467846,98.752022,1268.88855,-68.612778,-1.54111,1258.708984,-89.734047,-34.640129,1296.140869,183.553314,170.241608,1355.245972,-25.918259,177.382553,1417.760376,138.496765,252.322586,1278.475708,-24.333416,322.999603,1194.442749,-51.971962,336.100616,983.593506,94.664436,259.305054,1011.856812,147.787582,315.488403,923.831482,94.809616,-71.879326,1334.225708,-75.686035,-148.890518,1409.978394,61.978107,-210.089905,1290.32019,-81.51442,-265.807159,1168.039185,-130.094254,-274.782776,978.244324,32.381248,-227.73703,1037.209961,88.477882,-268.758301,937.884277,59.518398,155.183716,1027.522827,144.099106,179.401688,1083.035767,-44.919041,-82.431564,1094.791748,-86.432693,-117.690186,1059.221069,124.529472
7.8,21.439602,1680.28125,112.128738,26.409924,1636.757324,211.468338,-65.082153,1620.458374,133.675613,29.549404,1435.926392,-4.554619,97.969231,1268.448242,-68.983437,-2.285507,1258.433594,-89.843414,-34.792805,1295.779663,183.550552,169.415848,1354.723267,-26.68413,177.234253,1417.343628,137.658936,251.357498,1277.843872,-25.502855,321.88269,1193.5802,-53.382984,336.008881,984.492676,95.70623,259.30127,1013.290039,148.630615,315.78833,924.955566,96.510666,-72.782837,1334.132568,-75.508766,-149.432297,1409.709839,62.52692,-210.982178,1290.101929,-80.956108,-266.583099,1167.864502,-129.364685,-274.337158,977.117798,32.037373,-227.509583,1035.912231,88.456383,-267.987885,936.427795,59.146297,155.336105,1028.041992,144.485855,179.8293,1083.447876,-44.813168,-81.903748,1093.661255,-86.685654,-117.543709,1057.97998,124.171799
7.808,22.15748,1679.817139,113.123375,27.025682,1636.099854,212.392151,-64.617775,1620.276489,134.481308,28.863539,1435.627197,-4.5722,97.076714,1268.023315,-69.30983,-3.134209,1258.163574,-89.832474,-34.909168,1295.427612,183.588486,168.549545,1354.230591,-27.474913,177.156097,1416.959106,136.878479,250.323181,1277.192993,-26.679697,320.771637,1192.711792,-54.821682,335.999329,985.492126,96.945358,259.230347,1014.641174,149.652161,316.026489,926.217834,98.31179,-73.90303,1334.06311,-75.178535,-150.04422,1409.492065,63.281162,-211.878998,1289.974121,-80.208138,-267.300232,1167.702271,-128.474045,-273.901062,975.91687,31.606443,-227.270493,1034.646851,88.32412,-267.186157,934.901367,58.55418,155.489761,1028.568115,144.853897,180.136124,1083.891113,-44.700439,-81.485252,1092.74231,-87.007889,-117.537941,1056.687134,123.636383
7.817,22.750374,1679.368042,113.92543,27.626873,1635.398926,213.109299,-64.039612,1620.027344,135.382294,28.178818,1435.364624,-4.462471,96.288361,1267.585083,-69.536095,-4.073333,1257.941162,-89.767235,-34.970131,1294.903931,183.466125,167.651611,1353.667603,-28.116791,177.064636,1416.453125,135.937225,249.398468,1276.522461,-27.753191,319.584198,1191.85791,-56.325294,335.950195,986.541077,98.051567,259.076111,1016.110291,150.446014,316.311218,927.42572,100.158165,-74.96244,1333.954468,-74.719269,-150.613007,1409.293701,64.159073,-212.856674,1289.876465,-79.299103,-268.08905,1167.635376,-127.581985,-273.413483,974.692322,31.150446,-227.098175,1033.212036,88.31028,-266.360809,933.343628,57.963184,155.591766,1029.0177,145.269394,180.41449,1084.440308,-44.523808,-81.076225,1091.641724,-87.457497,-117.440643,1055.251099,123.032181
7.825,23.350986,1678.900757,114.726822,28.095749,1634.681274,213.900574,-63.553421,1619.692383,136.268951,27.428778,1435.084839,-4.373016,95.326027,1267.138184,-69.77359,-4.971533,1257.71521,-89.698448,-34.974453,1294.46106,183.747986,166.887558,1353.26062,-28.844269,176.984192,1415.90625,135.197266,248.380371,1275.746216,-28.868881,318.50885,1190.995361,-57.548168,335.81488,987.523621,99.298065,258.91452,1017.591492,151.206497,316.573425,928.569641,101.882126,-75.912018,1333.947144,-74.265846,-151.124863,1409.138916,65.127403,-213.899155,1289.829102,-78.249573,-268.962128,1167.579956,-126.469406,-272.923798,973.394897,30.79137,-226.820862,1031.756958,88.194252,-265.437805,931.700317,57.319809,155.684555,1029.463989,145.722046,180.737137,1085.137085,-44.449928,-80.782814,1090.47998,-87.667709,-117.453278,1053.793335,122.532425
7.833,24.105677,1678.477661,115.670341,28.561871,1633.959717,214.676178,-63.116081,1619.248047,136.936356,26.686413,1434.808105,-4.167855,94.353943,1266.713623,-70.020828,-5.908781,1257.5,-89.496918,-34.988327,1294.034912,184.110489,166.003082,1352.766968,-29.444704,176.941666,1415.339844,134.618057,247.386047,1275.022827,-29.905973,317.203278,1189.939331,-58.774868,335.669617,988.531189,100.207878,258.769867,1018.935791,152.162262,316.792999,929.759521,103.583015,-77.056175,1333.894287,-73.696159,-151.630325,1408.88269,66.215149,-214.938141,1289.74231,-77.087532,-269.770599,1167.657104,-125.550583,-272.472687,972.163086,30.389336,-226.50148,1030.16748,88.057739,-264.61969,930.119873,56.578621,155.70993,1029.891968,146.13121,180.984268,1085.799316,-44.3438,-80.536537,1089.39917,-87.918282,-117.406471,1052.234375,122.026573
7.842,24.734669,1677.910889,116.408081,29.230358,1633.377319,215.485107,-62.688538,1618.933716,137.533279,25.981953,1434.477173,-3.836382,93.453568,1266.291138,-70.107918,-6.985518,1257.300415,-89.305923,-34.934357,1293.627197,184.479782,165.120941,1352.262939,-29.96339,176.904144,1414.710449,133.972275,246.380173,1274.304688,-30.923407,316.103668,1189.023315,-60.045483,335.549255,989.60791,101.263428,258.638641,1020.222168,152.805161,317.115173,930.591919,105.642288,-78.104897,1333.80603,-73.041634,-152.053726,1408.65979,67.33873,-215.928925,1289.76001,-75.815536,-270.657166,1167.682495,-124.111877,-271.998413,970.783508,29.92301,-226.160797,1028.539673,87.991524,-263.764282,928.383972,55.906952,155.692017,1030.401123,146.562012,181.148987,1086.478638,-44.144691,-80.29882,1088.170532,-88.14949,-117.339226,1050.678955,121.505341
7.85,25.460114,1677.238892,117.178421,29.875416,1632.780151,216.204071,-62.127083,1618.571167,138.385376,25.404551,1434.173462,-3.410491,92.465576,1265.882812,-70.24424,-8.007605,1257.087646,-89.091461,-34.859867,1293.123901,184.905945,164.25119,1351.697266,-30.505388,176.897614,1414.008179,133.474365,245.393539,1273.556152,-31.871218,314.968048,1188.11084,-61.278622,335.44693,990.44928,101.908417,258.446625,1021.619934,153.38942,317.334351,931.834778,107.025383,-79.170425,1333.80957,-72.367256,-152.470596,1408.418091,68.674675,-217.081589,1289.61499,-73.610405,-271.492462,1167.741211,-122.808586,-271.574799,969.482727,29.408541,-225.846695,1026.881958,87.914841,-262.964478,926.684753,55.041122,155.694611,1030.917603,146.93222,181.286957,1087.242676,-43.879478,-80.171318,1086.988892,-88.367218,-117.308128,1049.080933,120.956299
7.858,26.129707,1676.650879,117.855324,30.412516,1632.139038,216.945023,-61.477722,1618.264526,139.233292,24.83062,1433.881836,-2.895053,91.422836,1265.495361,-70.337257,-9.001096,1256.943237,-88.764648,-34.705795,1292.605713,185.386246,163.456772,1351.183838,-30.882347,176.922058,1413.342041,133.106628,244.366852,1272.837158,-32.717064,313.850037,1187.219116,-62.463223,335.308563,991.464539,102.75354,258.336243,1022.854675,154.000641,317.467316,932.850586,108.434792,-80.229004,1333.726196,-71.506165,-152.790573,1408.223022,70.119804,-218.180527,1289.649414,-71.989578,-272.424316,1167.868286,-121.428253,-271.130798,968.197021,28.96533,-225.467712,1025.141357,87.752121,-262.144226,924.954163,54.262825,155.683151,1031.307129,147.4048,181.415436,1087.92395,-43.821125,-79.998047,1085.870361,-88.760918,-117.245384,1047.380493,120.427132
7.867,26.840269,1676.093018,118.585907,30.997276,1631.521118,217.606857,-60.960415,1617.900757,139.917496,24.204205,1433.546387,-2.37998,90.469757,1265.128296,-70.268684,-10.094599,1256.797974,-88.419968,-34.595497,1292.068237,185.932907,162.621994,1350.678223,-31.217157,176.952057,1412.543701,132.729919,243.443146,1272.123047,-33.546547,312.765869,1186.36792,-63.642471,335.113617,992.294983,103.666397,258.029907,1023.9198,154.537689,317.599152,933.934265,109.66597,-81.259628,1333.675415,-70.560631,-153.078293,1407.939941,71.578476,-219.213455,1289.730591,-70.433472,-273.305695,1168.018311,-120.050201,-270.687561,966.867126,28.390467,-225.133652,1023.471252,87.65094,-261.447418,923.16333,53.463989,154.815811,1031.038574,146.580276,181.513,1088.626343,-43.760052,-79.955818,1084.706665,-88.870422,-117.187767,1045.759766,119.876564
7.875,27.387314,1675.561768,119.195091,31.735975,1631.026489,218.29834,-60.429737,1617.446289,140.58844,23.615122,1433.238159,-1.77036,89.476311,1264.766357,-70.251724,-11.13175,1256.668945,-88.043495,-34.541836,1291.393555,186.578003,161.833893,1350.149414,-31.494759,177.041031,1411.681396,132.48584,242.431854,1271.347656,-34.22052,311.642456,1185.490845,-64.805702,334.945679,993.011047,104.334137,257.78421,1025.099976,155.022018,317.825897,935.177795,110.811752,-82.319405,1333.657471,-69.629028,-153.420822,1407.691895,73.13945,-220.214355,1289.779053,-68.848152,-274.239166,1168.197388,-118.443161,-270.442474,965.5849,27.85639,-224.831573,1021.534668,87.342545,-260.751801,921.370239,52.757175,154.762833,1031.237305,146.854324,181.499878,1089.346313,-43.715908,-79.959564,1083.611084,-89.011719,-117.131996,1044.004517,119.397194
7.883,28.071419,1675.009766,119.914055,32.402233,1630.634766,218.941849,-59.928413,1617.048706,141.267136,23.126896,1432.893311,-1.151915,88.438904,1264.341431,-70.184357,-12.145298,1256.530762,-87.633446,-34.328453,1290.768677,187.207672,161.119049,1349.519409,-31.686541,177.056854,1410.818481,132.258591,241.586761,1270.652588,-34.888149,310.687775,1184.705322,-65.799889,334.725067,993.93103,104.998154,257.530731,1026.151123,155.392517,317.975006,936.16156,111.79837,-83.268173,1333.687134,-68.711052,-153.655853,1407.427734,74.761971,-221.248886,1289.799072,-67.099434,-275.066772,1168.326782,-116.812759,-270.107056,964.335815,27.314674,-224.594772,1019.831787,87.443726,-260.181244,919.650146,51.939583,154.683563,1031.430786,147.092087,181.387619,1090.030884,-43.805676,-79.965538,1082.456665,-88.952637,-117.065651,1042.373657,118.873047
7.892,28.665686,1674.33313,120.437439,33.011589,1630.102539,219.566498,-59.333698,1616.606567,142.350861,22.66864,1432.557129,-0.456454,87.57795,1263.965454,-70.090965,-13.149925,1256.441528,-87.185783,-34.102581,1290.020264,187.925095,160.510498,1348.894775,-31.821701,177.17215,1409.807495,132.137512,240.732803,1269.869507,-35.549656,309.687714,1183.781372,-66.858772,334.505951,994.577759,105.653435,257.0896,1027.008667,155.700378,318.071564,937.110596,112.790146,-84.257065,1333.683838,-67.667664,-153.819626,1407.138062,76.405258,-222.18782,1289.934326,-65.221275,-275.954865,1168.499756,-115.190887,-269.941406,963.05835,26.811722,-224.333252,1017.997375,87.347534,-259.600708,917.876282,51.079281,154.486679,1031.646118,147.28038,181.22084,1090.579224,-43.831013,-80.066536,1081.376343,-88.978325,-117.096329,1040.713623,118.624069
7.9,29.29896,1673.798706,120.991051,33.502018,1629.629517,220.135956,-58.71019,1616.154785,143.213089,22.289606,1432.164307,0.282335,86.677505,1263.504395,-69.929924,-14.053753,1256.330322,-86.674629,-33.913818,1289.325195,188.630463,159.911835,1348.345703,-31.877651,177.47467,1408.875732,132.048126,240.028473,1269.021851,-36.059826,308.932251,1182.87854,-67.806702,334.180145,995.202515,106.277122,256.707153,1027.756592,155.910812,318.156677,938.030823,113.795883,-85.226341,1333.765625,-66.608986,-153.88356,1406.956299,78.132401,-223.19014,1290.102539,-63.462406,-276.844452,1168.784912,-113.497208,-269.730957,961.8172,26.232098,-224.240799,1016.15741,87.366325,-259.142731,916.243774,50.222408,154.102493,1032.092041,147.415451,181.055527,1091.086426,-43.882751,-80.178017,1080.486572,-89.032326,-117.214844,1039.001953,118.309349
7.908,29.844805,1673.291992,121.417145,34.101067,1629.225708,220.702667,-58.220669,1615.748291,143.595581,22.017542,1431.841553,1.064067,85.806839,1263.124756,-69.758896,-15.030634,1256.2323,-86.108391,-33.609043,1288.515015,189.388687,159.251633,1347.625488,-31.823545,177.729355,1407.86145,132.049683,239.333908,1268.177002,-36.490242,308.165863,1182.000244,-68.745461,333.913818,995.849609,106.892822,256.22522,1028.479126,156.074982,318.230682,938.794495,114.642372,-86.04628,1333.805786,-65.48243,-153.940308,1406.735962,79.807564,-224.129822,1290.226807,-61.655117,-277.603973,1169.076782,-111.799553,-269.687561,960.626099,25.858055,-223.845917,1014.468567,87.248215,-258.779449,914.629333,49.291714,153.581696,1032.836182,147.360764,180.785767,1091.522217,-43.9384,-80.463898,1079.584106,-89.007347,-117.274994,1037.57019,118.284561
7.917,30.280937,1672.865234,121.792137,34.7672,1629.018921,221.279541,-57.787231,1615.371216,143.77153,21.8657,1431.509766,1.924615,85.025452,1262.671753,-69.454971,-15.881902,1256.204834,-85.541969,-33.298569,1287.808594,190.251907,158.829819,1347.001831,-31.716391,177.965897,1406.736084,132.240799,238.733994,1267.345093,-36.908783,307.436981,1181.088623,-69.589287,333.641449,996.287537,107.510155,255.687057,1029.108887,156.095352,318.196533,939.56897,115.457817,-86.825241,1333.875732,-64.337044,-153.8414,1406.575439,81.566399,-224.890396,1290.408569,-59.824562,-278.380249,1169.339478,-110.008965,-269.62149,959.458862,25.36216,-223.753159,1012.618774,87.22303,-258.402008,913.135071,48.41433,152.738083,1033.917358,147.011536,180.421112,1092.047729,-43.956039,-80.795952,1078.838745,-89.034561,-117.152328,1035.850464,117.15345
7.925,30.871698,1672.400391,122.159637,35.200581,1628.84729,221.675262,-57.267857,1614.996826,143.920349,21.788046,1431.212524,2.815101,84.365295,1262.354614,-69.154953,-16.677771,1256.265015,-84.918152,-32.952869,1287.080444,191.165161,158.513,1346.330566,-31.565149,178.412659,1405.672485,132.429245,238.196732,1266.473145,-37.258965,306.922546,1180.291748,-70.25502,333.32547,996.691833,108.043579,255.083588,1029.681641,156.04512,318.140503,940.171387,116.269295,-87.446274,1334.029175,-63.195362,-153.659531,1406.448608,83.306664,-225.526489,1290.660889,-57.838528,-279.037292,1169.637451,-108.293556,-269.627869,958.380615,24.947025,-223.700455,1010.982727,87.25267,-258.143616,911.762268,47.5411,151.737793,1035.1073,146.608871,180.036835,1092.543579,-43.945469,-81.097572,1078.275024,-89.059525,-117.184593,1034.359741,116.767761
7.933,31.480293,1672.044312,122.474632,35.60088,1628.770386,222.086868,-56.649254,1614.612183,144.640671,21.809603,1430.966919,3.750584,83.679977,1262.010986,-68.802818,-17.401918,1256.295288,-84.203552,-32.591652,1286.299316,192.048981,158.189392,1345.660278,-31.324215,178.87381,1404.558838,132.628891,237.752014,1265.662964,-37.50108,306.391907,1179.375732,-70.997086,333.027344,996.995056,108.56601,254.560776,1030.067993,156.124756,318.067505,940.614075,117.04409,-88.004425,1334.172363,-62.030861,-153.439529,1406.308228,85.129898,-226.23114,1290.906372,-56.025806,-279.745544,1170.017822,-106.380737,-269.581696,957.411682,24.502041,-223.752258,1009.287109,87.37159,-258.022308,910.316528,46.469112,150.818253,1035.822876,146.255188,179.624115,1092.999756,-43.960556,-81.461746,1077.730347,-89.011543,-117.314636,1032.900146,116.605095
7.942,32.036221,1671.717041,122.754585,36.051384,1628.759888,222.47377,-56.099598,1614.355347,145.122025,21.923767,1430.731445,4.779567,83.056297,1261.695679,-68.391739,-18.120356,1256.402954,-83.499809,-32.289471,1285.590576,192.966309,157.99588,1345.01062,-31.023865,179.339203,1403.448975,132.968521,237.226044,1264.737671,-37.721905,305.998749,1178.610596,-71.629448,332.72998,997.226379,109.056015,254.028564,1030.463501,156.210236,317.91861,940.976807,117.605865,-88.499428,1334.423584,-60.752693,-153.136887,1406.247437,86.942741,-226.84137,1291.203369,-54.251961,-280.268463,1170.454834,-104.564262,-269.670715,956.431946,24.017885,-223.744476,1007.712036,87.409225,-257.939362,909.148315,45.469234,150.162964,1036.02124,146.157257,179.116882,1093.434692,-43.985176,-81.948746,1077.177002,-88.828819,-117.412025,1031.364136,116.26741
7.95,32.588753,1671.416748,122.925537,36.582027,1628.830444,222.792557,-55.577965,1614.142822,145.452225,22.0779,1430.546753,5.802911,82.471832,1261.413818,-67.907249,-18.705544,1256.462402,-82.646904,-32.053024,1284.846558,193.947571,157.833984,1344.416382,-30.661547,179.919601,1402.381226,133.293762,236.835022,1263.914062,-37.902512,305.723846,1177.805176,-72.172737,332.418701,997.383362,109.458794,253.595627,1030.759766,156.30159,317.726227,941.280396,118.099861,-88.826073,1334.674072,-59.55994,-152.919144,1406.332031,88.673431,-227.213196,1291.571167,-52.267879,-280.727051,1170.908325,-102.757812,-269.732697,955.688354,23.542217,-223.782242,1006.197205,87.530197,-257.796783,907.913574,44.427052,149.592422,1035.998901,146.205597,178.584427,1093.920044,-43.924557,-82.417465,1076.830078,-88.657867,-117.507973,1030.043579,116.140511
7.958,33.083336,1671.159668,123.065376,37.3325,1629.0448,223.217041,-55.069374,1613.967773,145.586792,22.294912,1430.382446,6.901638,81.924004,1261.227661,-67.424225,-19.228817,1256.604858,-81.832413,-31.606991,1284.241577,194.937134,157.6427,1343.81897,-30.226372,180.448517,1401.336792,133.691589,236.482574,1263.152466,-37.978237,305.420258,1177.111084,-72.631477,332.133911,997.496338,109.815681,253.292801,1031.063232,156.432373,317.572906,941.56488,118.592346,-89.163025,1334.984741,-58.227039,-152.567459,1406.460205,90.481377,-227.531662,1291.967773,-50.535301,-281.168884,1171.532471,-101.069313,-269.777924,955.045593,22.88282,-223.792572,1004.778015,87.509071,-257.787659,906.879639,43.434151,149.114548,1036.012695,146.237076,178.124222,1094.430054,-43.850971,-82.956451,1076.556519,-88.407677,-117.624336,1028.69458,116.018608
7.967,33.561428,1670.920898,123.149162,37.820507,1629.239258,223.473709,-54.531841,1613.82373,145.831726,22.536879,1430.255249,7.972233,81.438957,1261.088623,-66.919128,-19.77158,1256.778564,-80.944252,-31.16321,1283.578003,195.976196,157.55304,1343.303711,-29.75915,180.988495,1400.318604,134.22049,236.154556,1262.412842,-37.956802,305.152863,1176.4021,-73.055428,331.867645,997.553162,110.204193,253.073929,1031.336792,156.584305,317.434906,941.839844,119.006355,-89.459877,1335.404297,-56.942619,-152.202988,1406.626709,92.303436,-227.773972,1292.461792,-48.703526,-281.457428,1172.217773,-99.412308,-269.838562,954.401245,22.301453,-223.703125,1003.391357,87.42485,-257.728088,905.896057,42.33926,148.715195,1036.079956,146.280792,177.614105,1095.122925,-43.71402,-83.604591,1076.369263,-88.022453,-117.642563,1027.424072,115.766434
7.975,34.112343,1670.693359,123.187408,38.221008,1629.564941,223.734344,-53.888653,1613.701172,146.26001,22.827272,1430.179932,9.09792,81.009735,1260.921509,-66.273438,-20.333542,1257.062866,-80.039246,-30.72901,1283.016846,197.076645,157.47644,1342.816284,-29.268721,181.621689,1399.324463,134.796402,235.887283,1261.754761,-37.924091,304.84198,1175.763184,-73.381538,331.67807,997.578247,110.508263,252.896698,1031.590088,156.758316,317.334961,941.969116,119.528618,-89.700417,1335.830444,-55.544155,-151.692902,1406.814941,94.280197,-228.001434,1293.102905,-46.846653,-281.70459,1173.013916,-97.699501,-270.003448,954.015991,21.629906,-223.657928,1002.198486,87.280609,-257.725098,905.013184,41.122707,148.360397,1036.12085,146.42215,177.090454,1095.804321,-43.607098,-84.250076,1076.338379,-87.655304,-117.653252,1026.187988,115.827751
7.983,34.704021,1670.529907,123.250648,38.659878,1629.932373,223.950958,-53.298351,1613.617432,146.654404,23.116251,1430.191162,10.269936,80.633171,1260.884888,-65.737595,-20.798624,1257.440063,-79.089172,-30.348032,1282.563721,198.121033,157.447556,1342.423706,-28.597456,182.247406,1398.460815,135.424545,235.650024,1261.034424,-37.781845,304.63678,1175.207642,-73.70826,331.588379,997.56665,110.726295,252.807312,1031.78064,156.969727,317.247833,942.089417,119.976364,-89.916565,1336.361694,-54.221615,-151.237091,1407.044067,96.079666,-228.194061,1293.7677,-45.129578,-281.877777,1173.79126,-96.034149,-270.109375,953.784973,20.946129,-223.577576,1001.074097,87.119789,-257.736176,904.335571,39.999947,148.02977,1036.180054,146.621735,176.611557,1096.326172,-43.544258,-84.938553,1076.389404,-87.104126,-117.633629,1025.12561,115.755836
7.992,35.273373,1670.470581,123.350769,39.031197,1630.298096,224.128769,-52.818035,1613.575317,146.864731,23.477341,1430.215332,11.477932,80.284698,1260.890747,-65.078934,-21.221029,1257.842041,-78.088028,-29.92211,1282.158325,199.236023,157.496521,1342.146118,-28.033222,182.885727,1397.597412,135.967117,235.462189,1260.459351,-37.513111,304.359253,1174.641724,-73.863907,331.507629,997.536987,110.977242,252.794144,1031.961304,157.222809,317.139069,942.175293,120.348709,-90.04245,1336.858887,-52.726841,-150.756653,1407.335815,97.945335,-228.243042,1294.508057,-43.254147,-281.968292,1174.909302,-94.445122,-270.186737,953.601807,20.291155,-223.419357,1000.099426,86.77626,-257.799225,903.815308,38.700779,147.79483,1036.257202,146.824509,176.058502,1096.94812,-43.423965,-85.567772,1076.609253,-86.527077,-117.527328,1024.01001,115.724022
8.0,35.789295,1670.480225,123.363098,39.420273,1630.793335,224.399231,-52.343204,1613.630371,146.894516,23.91506,1430.323242,12.766709,79.969673,1260.961426,-64.359734,-21.565964,1258.265503,-77.115875,-29.42449,1281.853882,200.355789,157.565125,1341.86499,-27.312429,183.409973,1396.802979,136.805145,235.30275,1259.981445,-37.264446,304.132599,1174.18457,-73.966461,331.452637,997.481262,111.225098,252.857178,1032.113159,157.485718,317.054382,942.261536,120.436661,-90.127159,1337.559326,-51.295349,-150.256531,1407.668335,99.835121,-228.333359,1295.380005,-41.451424,-282.027527,1175.874023,-92.96209,-270.262512,953.526184,19.548477,-223.335419,999.367737,86.463867,-257.816101,903.461792,37.554836,147.543564,1036.38623,147.082962,175.482132,1097.607056,-43.245979,-86.205429,1076.876709,-85.868202,-117.446083,1023.053162,115.792831
8.008,36.224846,1670.559692,123.420464,39.978733,1631.385132,224.673004,-51.84185,1613.764648,146.92598,24.239525,1430.455688,13.945522,79.707611,1261.128418,-63.655064,-21.943949,1258.777832,-76.06234,-28.802193,1281.613892,201.583618,157.646179,1341.668213,-26.571541,184.127243,1396.132202,137.627472,235.20549,1259.583374,-36.983124,303.955505,1173.842896,-73.996025,331.426117,997.366943,111.479042,252.962952,1032.253296,157.759583,316.926697,942.253418,120.691826,-90.203125,1338.16272,-49.855659,-149.634109,1408.031982,101.71357,-228.367859,1296.377319,-39.644455,-282.073059,1177.113525,-91.464149,-270.279053,953.654663,18.715456,-223.278351,998.671753,86.161812,-257.817169,903.154907,36.330639,147.257751,1036.490234,147.32695,174.986328,1098.162231,-42.999199,-86.7183,1077.185181,-85.185959,-117.431343,1022.294495,115.902473
8.017,36.604317,1670.754272,123.426468,40.474724,1632.072266,224.871658,-51.32304,1613.935303,147.162628,24.75017,1430.682861,15.216581,79.508133,1261.266846,-62.804005,-22.259066,1259.363892,-74.918495,-28.220346,1281.415283,202.747025,157.812271,1341.547607,-25.801306,184.883514,1395.596802,138.377289,235.175919,1259.265015,-36.542164,303.868164,1173.594727,-73.937767,331.439911,997.212769,111.69149,253.120331,1032.381104,158.07048,316.83667,942.239807,120.840836,-90.158958,1338.958008,-48.473747,-148.925842,1408.405396,103.531395,-228.260925,1297.366211,-38.016438,-282.025574,1178.348389,-90.005333,-270.339935,953.88623,17.983446,-223.230194,998.121887,85.758003,-257.85614,903.039307,35.121681,146.939407,1036.584351,147.563049,174.476242,1098.645874,-42.722015,-87.408615,1077.859985,-84.292053,-117.463234,1021.679993,116.078743
8.025,37.004608,1671.003784,123.44046,40.844448,1632.85144,225.139526,-50.767647,1614.15918,147.65477,25.277481,1430.942505,16.428596,79.34127,1261.580933,-62.019333,-22.494604,1259.988525,-73.852669,-27.668993,1281.359131,204.037262,158.017609,1341.46814,-24.989384,185.651855,1395.206055,139.164505,235.170242,1259.019897,-36.03709,303.839203,1173.448975,-73.787224,331.385925,997.084473,111.955757,253.269608,1032.432373,158.380478,316.707306,942.209045,120.987473,-90.138626,1339.594604,-46.92971,-148.279144,1408.850098,105.324585,-228.166946,1298.524048,-36.262192,-281.947571,1179.658691,-88.699112,-270.404175,954.20575,17.23959,-223.234604,997.762085,85.488045,-257.91626,903.081177,33.899784,146.589645,1036.670166,147.83519,173.975143,1099.112549,-42.386902,-88.042435,1078.571899,-83.446213,-117.557144,1021.17395,116.33989
8.033,37.462749,1671.370483,123.47702,41.165504,1633.617798,225.404404,-50.315346,1614.481201,148.1819,25.868311,1431.198242,17.57745,79.266647,1261.845703,-61.122375,-22.579319,1260.549316,-72.64621,-27.095964,1281.44751,205.329926,158.23671,1341.433594,-23.995958,186.331177,1394.866333,140.225403,235.244186,1258.92627,-35.480579,303.917816,1173.426392,-73.482796,331.399902,996.917908,112.084595,253.42453,1032.417603,158.659134,316.592224,942.11322,121.046936,-89.860939,1340.420532,-45.577793,-147.657516,1409.396484,107.029732,-227.960526,1299.659302,-34.744232,-281.929443,1181.11792,-87.444313,-270.436127,954.74408,16.449247,-223.251068,997.578003,85.178207,-258.073639,903.323608,32.798859,146.238968,1036.708008,148.094894,173.517914,1099.585327,-41.875732,-88.619926,1079.480469,-82.495499,-117.709,1020.810852,116.782021
8.042,37.845238,1671.776001,123.623688,41.410667,1634.331787,225.619156,-49.896107,1614.967529,148.546997,26.528999,1431.496216,18.83423,79.343025,1262.200806,-60.130154,-22.543785,1261.26062,-71.584663,-26.474243,1281.66272,206.609619,158.540527,1341.525269,-23.119715,186.992966,1394.692505,141.155167,235.401276,1258.920288,-34.743084,304.061157,1173.559204,-73.093178,331.409515,996.733398,112.154762,253.572525,1032.335205,158.900345,316.46524,941.981323,121.056602,-89.648216,1341.181641,-44.305969,-146.840622,1409.918335,108.707191,-227.717941,1300.861328,-33.308674,-281.798767,1182.522949,-86.36293,-270.484772,955.410034,15.779077,-223.30687,997.586609,84.919563,-258.24057,903.7547,31.921558,145.85498,1036.740356,148.46431,173.100342,1100.03833,-41.225868,-89.108101,1080.610596,-81.659439,-117.964333,1020.576843,117.298798
8.05,38.223618,1672.273193,123.872421,41.743702,1635.300903,225.860764,-49.595112,1615.432861,148.772842,27.157133,1431.936035,19.920895,79.460182,1262.582397,-59.050148,-22.461542,1261.965454,-70.408989,-25.814583,1282.018555,207.888733,158.967682,1341.713257,-22.081558,187.790375,1394.665161,142.203339,235.618973,1259.07251,-34.033104,304.31665,1173.790161,-72.548065,331.390717,996.514832,112.219292,253.659225,1032.18457,159.1035,316.283417,941.75415,120.977165,-89.249672,1341.980225,-42.984028,-146.190491,1410.627075,110.119781,-227.299179,1302.101807,-31.912371,-281.610321,1184.079468,-85.240456,-270.603088,956.164551,15.32388,-223.361954,997.77417,84.658066,-258.450409,904.326233,31.122784,145.456696,1036.719849,148.868668,172.770096,1100.428833,-40.584316,-89.566483,1081.82312,-80.80806,-118.314018,1020.526978,117.890793
8.058,38.426411,1672.745483,123.992592,42.053146,1636.286377,226.152695,-49.3675,1615.859253,148.961838,27.890795,1432.432129,21.122026,79.687675,1263.018311,-58.002605,-22.285501,1262.668579,-69.378937,-25.281734,1282.501465,209.138885,159.48262,1341.921265,-20.990019,188.481354,1394.730347,143.237915,235.828918,1259.270996,-33.062363,304.571838,1174.230347,-71.954872,331.382324,996.184631,112.191849,253.734283,1031.959961,159.272446,316.023773,941.481445,120.637924,-88.757294,1342.814453,-41.731125,-145.448242,1411.375,111.552307,-226.906998,1303.256348,-30.790796,-281.425629,1185.572754,-84.273628,-270.795166,957.031616,14.972883,-223.446289,998.14856,84.434708,-258.825409,905.034485,30.48358,145.074646,1036.652954,149.382339,172.412155,1100.85437,-39.88327,-90.108398,1083.178833,-79.839455,-118.649193,1020.527832,118.463097
8.067,38.580208,1673.296509,124.164413,42.156338,1637.15979,226.431717,-49.158562,1616.376709,149.351013,28.603798,1432.97583,22.171806,79.924141,1263.440552,-56.97327,-21.947886,1263.352173,-68.204391,-24.785254,1283.042236,210.319458,159.965485,1342.212402,-19.914751,189.120514,1394.922363,144.381912,236.013733,1259.660889,-32.098133,304.914581,1174.72583,-71.174248,331.347534,995.863647,112.17173,253.782715,1031.650635,159.417145,315.777649,941.098755,120.33828,-88.239067,1343.618652,-40.611839,-144.800354,1412.134766,112.636627,-226.334671,1304.519775,-29.644358,-281.108093,1187.069336,-83.488281,-270.978943,958.13501,14.721089,-223.58342,998.718079,84.421883,-259.275543,905.93042,29.965887,144.668259,1036.515381,149.993851,172.066208,1101.328979,-38.965111,-90.496452,1084.580322,-78.917992,-119.075294,1020.740601,119.136436
8.075,38.651489,1674.051514,124.24572,42.270931,1638.226807,226.754379,-48.926067,1617.097412,149.745056,29.261818,1433.555542,23.205566,80.371643,1263.999146,-55.823635,-21.545477,1264.143188,-67.172684,-24.155163,1283.748047,211.602631,160.426392,1342.530029,-18.800352,189.733887,1395.267944,145.51741,236.355347,1260.142578,-31.050722,305.341705,1175.375122,-70.26516,331.296936,995.453979,112.050056,253.835739,1031.196411,159.62793,315.447449,940.661133,120.112175,-87.621887,1344.46106,-39.441956,-144.099884,1412.949463,113.802528,-225.814926,1305.720093,-28.780832,-280.817291,1188.543213,-82.753601,-271.165833,959.300598,14.5892,-223.737808,999.471985,84.646667,-259.694519,906.935242,29.831926,144.280396,1036.329956,150.688293,171.855103,1101.751099,-37.901642,-90.907272,1086.121338,-78.116257,-119.557137,1021.231323,120.038979
8.083,38.740593,1674.899902,124.521263,42.454384,1639.366333,227.120544,-48.77607,1617.764771,150.227112,29.962381,1434.256592,24.199661,80.832649,1264.574951,-54.689629,-21.089329,1264.814697,-66.095711,-23.58,1284.5896,212.753693,161.05986,1343.078735,-17.606533,190.247803,1395.748779,146.626068,236.855148,1260.76416,-29.865788,305.871582,1176.160278,-69.179207,331.159943,994.955627,112.006592,253.845215,1030.593872,159.827759,315.09613,940.028625,119.812782,-87.003601,1345.303345,-38.455986,-143.397141,1413.683228,114.873787,-225.158005,1306.899414,-27.896807,-280.49588,1189.966675,-82.226585,-271.579742,960.514099,14.72665,-223.902924,1000.359802,84.774178,-260.251434,908.18811,29.863617,143.952881,1036.119995,151.387817,171.622116,1102.182251,-36.805138,-91.272125,1087.621948,-77.33078,-119.858604,1021.883728,120.930168
8.092,38.68372,1675.650024,124.819504,42.518806,1640.376221,227.527039,-48.684933,1618.532349,150.478531,30.622089,1435.002197,25.137774,81.314568,1265.195435,-53.571781,-20.437225,1265.602783,-65.038399,-23.147627,1285.498657,213.863754,161.67984,1343.66687,-16.511559,190.697784,1396.407349,147.9245,237.314423,1261.474121,-28.716995,306.354187,1177.028809,-67.955505,331.075378,994.397888,111.849518,253.915009,1029.991333,160.027237,314.726318,939.409058,119.420998,-86.371605,1346.059692,-37.609375,-142.882355,1414.571167,115.609871,-224.571548,1308.014893,-27.390711,-280.012817,1191.411621,-81.785339,-271.878174,961.871887,14.952771,-224.033234,1001.496216,85.020599,-260.822205,909.453369,30.119318,143.623428,1035.902222,152.126343,171.512131,1102.575806,-35.444786,-91.647675,1089.468506,-76.486107,-120.135231,1022.737,121.860207
8.1,38.567871,1676.59082,125.254601,42.494015,1641.53186,227.949127,-48.677696,1619.320557,150.926041,31.301611,1435.786011,26.031677,81.964256,1265.901489,-52.404709,-19.796465,1266.329102,-64.040413,-22.735544,1286.505981,214.967133,162.390488,1344.284424,-15.331831,191.193665,1397.150391,149.058762,237.926361,1262.277588,-27.402817,307.047546,1177.849609,-66.603737,330.98526,993.811768,111.847725,253.997269,1029.42749,160.239243,314.329773,938.797852,118.960556,-85.551971,1346.88623,-36.683186,-142.358734,1415.539307,116.380501,-223.683868,1309.184326,-26.76367,-279.587158,1192.772095,-81.392105,-272.276917,963.253723,15.501928,-224.302368,1002.825867,85.578659,-261.392303,910.937195,30.61729,143.245926,1035.549927,152.998688,171.482773,1102.957031,-34.194195,-91.848503,1091.25769,-75.606598,-120.381142,1023.821838,122.757301
8.108,38.400711,1677.654785,125.664635,42.411594,1642.656616,228.487808,-48.722515,1620.296265,151.427567,31.992186,1436.584473,26.863949,82.64724,1266.610352,-51.190628,-19.102116,1267.059814,-63.079998,-22.403599,1287.578369,216.01236,163.090958,1345.049316,-14.144049,191.57605,1398.065186,150.22403,238.608749,1263.076538,-26.002123,307.754211,1178.853271,-65.170471,330.873749,993.226196,111.81797,254.041992,1028.815063,160.484879,313.782196,938.135376,118.315895,-84.822792,1347.64563,-35.933716,-141.75528,1416.393066,116.870178,-222.932343,1310.291138,-26.495543,-279.067322,1194.046631,-81.239494,-272.689697,964.716248,16.160597,-224.51619,1004.181152,86.086662,-262.092865,912.478638,31.220177,142.850555,1035.228638,153.846451,171.483917,1103.326782,-32.698101,-91.985489,1093.096436,-74.639748,-120.482796,1024.875854,123.636772
8.117,38.264107,1678.675415,126.275078,42.229687,1643.634888,229.013397,-48.841599,1621.071167,152.078339,32.628216,1437.402832,27.571009,83.366936,1267.260986,-50.057991,-18.293871,1267.765137,-62.151604,-21.998833,1288.785278,217.064041,163.839859,1345.891724,-12.998942,192.017319,1399.109619,151.346741,239.343323,1264.04248,-24.665457,308.515106,1179.871704,-63.551598,330.741028,992.670837,111.80088,254.013931,1028.205933,160.807144,313.331024,937.453613,118.069725,-83.979103,1348.34314,-35.24353,-141.177765,1417.280396,117.295929,-222.055557,1311.312378,-26.302605,-278.474823,1195.234741,-81.029289,-272.994568,966.166687,16.940813,-224.83461,1005.648132,86.915833,-262.830505,914.123169,32.100624,142.617172,1034.92627,154.815872,171.49292,1103.613159,-31.3339,-92.147949,1095.034058,-73.678497,-120.540039,1026.105225,124.747993
8.125,37.861404,1679.702881,126.850533,41.914429,1644.78772,229.605713,-49.048386,1621.940063,152.536545,33.387371,1438.180786,28.339043,84.232979,1268.025635,-48.884403,-17.427332,1268.508911,-61.357899,-21.680971,1290.049927,217.96579,164.59404,1346.678589,-11.795769,192.482498,1400.209351,152.507217,240.205292,1265.051758,-23.177961,309.391663,1180.908447,-61.882465,330.558472,992.12323,111.907074,254.005844,1027.570068,161.293488,312.812134,936.776123,117.946632,-82.962944,1349.098999,-34.741436,-140.563843,1418.287964,117.655701,-221.133682,1312.324463,-26.161623,-277.868774,1196.386475,-80.898926,-273.347717,967.691956,17.805994,-225.08049,1007.248535,87.666557,-263.46936,915.812744,33.01125,142.343857,1034.569214,155.787674,171.555206,1103.928711,-29.827108,-92.332069,1096.924194,-72.591446,-120.673134,1027.560425,125.718849
8.133,37.377903,1680.803101,127.407074,41.692421,1645.869995,230.294037,-49.322891,1622.817139,153.369553,34.151356,1439.084961,28.976681,85.039513,1268.709473,-47.744862,-16.433399,1269.147705,-60.482826,-21.343512,1291.324707,218.893799,165.42569,1347.563843,-10.563749,192.833267,1401.377686,153.634155,241.049149,1266.053223,-21.631443,310.398895,1181.930542,-60.07793,330.391083,991.57312,112.188179,253.974319,1026.935669,161.771606,312.297516,936.225586,117.629128,-82.05397,1349.752808,-34.22533,-140.065018,1419.246338,117.672859,-220.254868,1313.303589,-26.266443,-277.298859,1197.482788,-80.955429,-273.75415,969.288818,18.746407,-225.446152,1008.889221,88.691925,-264.14624,917.611084,34.074589,142.08017,1034.269409,156.829773,171.66713,1104.032349,-28.208694,-92.395622,1098.843994,-71.464363,-120.827805,1028.95752,126.700043
8.142,36.864418,1681.94519,128.156021,41.296738,1646.849854,230.932159,-49.619045,1623.630493,153.93103,34.811676,1439.819946,29.485249,86.03598,1269.5,-46.605423,-15.52225,1269.723145,-59.66095,-21.06711,1292.706787,219.638229,166.291672,1348.411011,-9.414339,193.200302,1402.637817,154.721481,242.022003,1267.063721,-20.027998,311.364075,1183.026978,-58.143356,330.218323,991.02124,112.499489,253.95903,1026.354492,162.333267,311.749634,935.605408,117.440765,-80.997246,1350.330688,-33.739952,-139.556946,1420.234619,117.640434,-219.237778,1314.161499,-26.396259,-276.615997,1198.458008,-81.07502,-274.042114,970.781433,19.714951,-225.800659,1010.510315,89.594673,-264.918518,919.368103,35.311668,141.832382,1033.96167,157.904297,171.719254,1104.106323,-26.602432,-92.465065,1100.67627,-70.403046,-121.009102,1030.545776,127.920433
8.15,36.267445,1682.924561,128.905853,40.809784,1647.770752,231.627823,-50.02066,1624.383545,154.39563,35.708523,1440.635742,30.04517,86.950119,1270.264282,-45.517223,-14.497724,1270.353638,-58.912716,-20.857107,1294.062012,220.346313,167.171997,1349.278442,-8.249265,193.550995,1403.910278,155.821045,243.095184,1268.181274,-18.374477,312.423492,1184.169678,-56.083599,330.07193,990.546021,112.813873,253.969345,1025.749023,162.888702,311.193176,935.044495,117.146454,-79.936974,1350.927368,-33.503822,-139.004318,1421.223633,117.448357,-218.243591,1315.030762,-26.603266,-275.851471,1199.435791,-81.191124,-274.489624,972.256714,20.971682,-226.155045,1012.156738,90.62233,-265.599792,921.105957,36.450134,141.486618,1033.480591,158.968933,171.792007,1104.200684,-25.055134,-92.526062,1102.481689,-69.338081,-121.07827,1032.237427,129.058563
8.158,35.604637,1684.0354,129.714371,40.230179,1648.755615,232.397552,-50.472851,1625.15918,155.340088,36.418175,1441.45459,30.478895,87.987572,1270.978027,-44.462822,-13.401149,1270.888184,-58.261604,-20.594097,1295.418335,220.960785,168.106674,1350.18689,-7.098641,193.812088,1405.230591,156.889496,244.108887,1269.220825,-16.703722,313.669556,1185.146118,-53.917995,329.984863,989.999329,113.149712,253.940903,1025.02063,163.475281,310.667755,934.436096,116.926346,-78.88932,1351.470825,-33.225479,-138.465164,1422.204834,117.221939,-217.268387,1315.792603,-26.941959,-275.073761,1200.154419,-81.34024,-274.883972,973.804626,22.190992,-226.457062,1013.783813,91.630112,-266.378967,922.835999,37.905079,141.302811,1033.125488,160.054413,171.860535,1104.279785,-23.583721,-92.516243,1104.234619,-68.166748,-121.174278,1033.864746,130.133698
8.167,34.931812,1685.101929,130.574905,39.42495,1649.488159,233.158829,-50.975189,1625.834106,156.10318,37.069649,1442.218628,30.802673,88.96624,1271.586792,-43.46529,-12.446746,1271.364746,-57.605522,-20.514681,1296.832031,221.463531,168.926849,1351.002075,-5.976505,194.028992,1406.622681,157.912766,245.246109,1270.237183,-14.900309,314.973663,1186.281372,-51.656895,329.792816,989.460327,113.709068,253.839584,1024.240234,164.160095,310.208282,933.897522,116.762451,-77.72197,1351.980103,-33.052414,-137.973038,1423.051392,116.893929,-216.217606,1316.44873,-27.246496,-274.233765,1200.83667,-81.50106,-275.273804,975.108643,23.458158,-226.768433,1015.435486,92.759514,-267.039062,924.542236,39.388512,141.174316,1032.756592,161.178268,171.960068,1104.273682,-22.099543,-92.473648,1105.795044,-67.037384,-121.24205,1035.619507,131.330887
8.175,34.147022,1686.025757,131.514282,38.780685,1650.111938,233.967285,-51.700989,1626.41748,156.508255,37.848972,1442.965332,31.190159,90.068848,1272.217896,-42.43903,-11.378519,1271.843384,-56.977196,-20.338612,1298.25354,222.003616,169.963211,1351.882324,-4.812984,194.260117,1408.017822,159.032364,246.42485,1271.178711,-13.165095,316.175262,1187.351074,-49.343182,329.667725,988.912231,114.09053,253.719635,1023.555664,164.73114,309.788208,933.269836,116.87326,-76.626823,1352.378296,-32.912628,-137.424011,1424.042725,116.623573,-215.184204,1317.120972,-28.051031,-273.327759,1201.383301,-81.82637,-275.648804,976.400818,24.818062,-227.099762,1017.012024,93.815826,-267.817047,926.205383,40.861412,141.004578,1032.442139,162.218246,171.979492,1104.206665,-20.67885,-92.534683,1107.356567,-66.006714,-121.233963,1037.345703,132.347122
8.183,33.36882,1686.994385,132.509613,38.183121,1650.784424,234.834564,-52.30418,1627.042236,157.43396,38.612297,1443.702026,31.57007,91.053802,1272.801392,-41.499161,-10.353487,1272.240234,-56.431725,-20.299957,1299.598145,222.539581,170.928391,1352.715332,-3.811729,194.413574,1409.400146,160.121307,247.530838,1272.172485,-11.444643,317.488007,1188.373291,-46.954674,329.561249,988.306641,114.550217,253.671432,1022.811157,165.436005,309.198944,932.501343,116.888504,-75.564468,1352.734375,-32.901321,-136.965866,1424.796753,116.126045,-214.216812,1317.672119,-28.54026,-272.438568,1201.816406,-82.137985,-276.041168,977.69165,26.060081,-227.357285,1018.544678,94.736519,-268.473755,927.78595,42.339485,140.919983,1032.208496,163.179367,171.987167,1104.117188,-19.432972,-92.451019,1108.798218,-64.939819,-121.268066,1038.938354,133.517136
8.192,32.571251,1687.805908,133.592224,37.482262,1651.300171,235.815414,-52.851738,1627.719116,158.433945,39.203209,1444.367554,31.79071,92.18824,1273.36438,-40.563244,-9.293042,1272.603638,-55.857643,-20.269199,1300.957275,222.92984,171.84465,1353.421509,-2.619715,194.650238,1410.695312,161.058533,248.860855,1273.133301,-9.599881,318.926636,1189.40686,-44.566723,329.526001,987.713501,115.112083,253.642975,1022.052307,166.229141,308.51651,931.520325,117.159248,-74.4729,1353.004272,-32.731476,-136.432785,1425.490845,115.525475,-213.258698,1318.007935,-29.039398,-271.603271,1202.149292,-82.406967,-276.421295,978.873901,27.513226,-227.66391,1020.040527,96.0728,-269.218842,929.266602,44.058365,140.777847,1031.900757,164.194443,172.044327,1103.945312,-18.114098,-92.438499,1110.181641,-63.930325,-121.24752,1040.839355,134.68837
8.2,31.778864,1688.638794,134.759995,36.819019,1651.673462,236.854446,-53.471878,1628.1427,159.364838,39.823292,1445.000732,31.997614,93.085335,1273.842651,-39.719795,-8.312705,1272.889282,-55.425026,-20.264448,1302.225342,223.325699,172.689743,1354.184448,-1.598019,194.861374,1412.060913,162.072296,250.122574,1274.027466,-7.771842,320.363953,1190.30249,-42.064453,329.414612,987.196899,115.245918,253.58876,1021.191223,167.005371,307.982391,930.915466,116.927521,-73.435631,1353.243164,-32.778358,-136.003586,1426.091187,114.966339,-212.216293,1318.29895,-29.490597,-270.785095,1202.387573,-82.699173,-276.681091,979.918518,28.921461,-227.885269,1021.444336,97.241325,-269.824097,930.731628,45.710918,140.642288,1031.633057,165.07608,172.079025,1103.666382,-16.92141,-92.366699,1111.519653,-63.021534,-121.275436,1042.519897,135.763229
8.208,31.068007,1689.403442,135.935165,36.100658,1651.913086,237.822952,-54.162495,1628.53064,160.31575,40.39024,1445.498291,32.264072,94.168205,1274.369629,-38.905064,-7.28563,1273.140503,-55.026623,-20.379026,1303.377319,223.603699,173.583099,1354.881592,-0.505196,194.949768,1413.3479,163.178146,251.25238,1274.908813,-6.04432,321.714966,1191.253174,-39.576721,329.362885,986.577332,115.932205,253.611389,1020.434265,167.697296,307.613007,930.750061,116.244659,-72.474823,1353.379028,-32.775127,-135.627289,1426.700439,114.310616,-211.304001,1318.455811,-30.084515,-270.005035,1202.481567,-82.981285,-276.943268,981.016235,30.243732,-228.054428,1022.816895,98.37516,-270.337524,932.219971,47.373665,140.556305,1031.445435,165.895081,172.062881,1103.399658,-15.836263,-92.207115,1112.682983,-62.201771,-121.194748,1044.273438,136.773834
8.217,30.181698,1690.066772,137.069229,35.22472,1652.045044,238.887238,-54.806396,1628.896851,161.256821,41.014816,1446.021362,32.560852,95.082481,1274.7771,-38.119686,-6.312713,1273.312134,-54.564877,-20.448782,1304.604614,223.863419,174.433655,1355.507324,0.521784,194.638855,1414.457886,164.048386,252.526611,1275.758545,-4.237678,323.204712,1192.243042,-37.342308,329.270599,986.013123,116.350334,253.611298,1019.567871,168.476883,307.151276,930.093201,116.266602,-71.416534,1353.46875,-32.865379,-135.325439,1427.213379,113.682236,-210.523926,1318.395752,-30.197048,-269.212616,1202.435547,-83.304855,-277.253754,981.785828,31.797632,-228.518097,1024.195435,99.909691,-270.828339,933.533447,49.098145,140.503296,1031.283081,166.586044,172.081573,1103.156494,-15.005904,-92.119621,1113.830811,-61.387569,-121.192871,1046.092041,138.022644
8.225,29.36578,1690.635864,138.516006,34.498405,1652.047485,240.021851,-55.547028,1629.233521,162.285065,41.498013,1446.444336,32.795082,96.037384,1275.163818,-37.401844,-5.455748,1273.373291,-54.115513,-20.510323,1305.626953,224.183762,175.185425,1356.087769,1.504302,194.380264,1415.574829,164.898926,253.754166,1276.559082,-2.464932,324.629822,1193.070435,-34.906921,329.221802,985.395996,116.856544,253.556854,1018.700134,169.119843,306.733826,929.532166,116.294991,-70.51754,1353.434082,-32.867874,-135.074219,1427.665405,112.977951,-209.603302,1318.394775,-31.323538,-268.544739,1202.248779,-83.656792,-277.35553,982.77179,33.239235,-228.450699,1025.441772,100.951569,-271.289795,934.791321,50.858932,140.49884,1031.076172,167.257202,172.108322,1102.874268,-14.208713,-91.953011,1114.784424,-60.660374,-120.99485,1047.543457,138.830444
8.233,28.641857,1691.065674,139.974915,33.90057,1652.015625,241.299408,-56.281639,1629.450317,163.377441,41.878487,1446.726196,32.970547,96.901001,1275.437378,-36.66396,-4.53987,1273.473877,-53.783024,-20.68668,1306.494141,224.518814,175.898621,1356.583618,2.521706,194.249969,1416.66333,165.930771,254.829132,1277.34021,-0.775991,325.828827,1193.80896,-32.533268,329.112762,984.802551,117.463142,253.458435,1018.009521,169.851059,306.317719,928.989929,116.186752,-69.75161,1353.343018,-32.955124,-134.879105,1427.950439,112.299454,-208.93129,1318.167847,-31.696945,-267.98645,1202.007568,-83.9561,-277.526611,983.40863,34.958672,-228.381485,1026.705933,102.157722,-271.658722,935.990295,52.711853,140.514542,1030.864868,167.860764,172.181061,1102.501587,-13.421446,-91.824112,1115.618774,-60.060383,-120.864151,1049.267212,139.936188
8.242,27.827097,1691.451416,141.54364,33.346096,1651.891602,242.591644,-56.942795,1629.580688,164.623154,42.19775,1446.989624,33.149872,97.65876,1275.701416,-35.994801,-3.679895,1273.50708,-53.439789,-20.894764,1307.439453,224.744339,176.448257,1357.025391,3.442167,194.018753,1417.543945,166.79718,255.920944,1277.983398,0.88159,326.953186,1194.488281,-30.269672,328.983337,984.311523,118.028061,253.319443,1017.302185,170.484024,305.853851,928.388245,116.170944,-68.932961,1353.220337,-33.13747,-134.773941,1428.108887,111.613968,-208.301712,1317.883545,-32.340191,-267.459442,1201.659668,-84.373825,-277.64978,984.186462,36.524128,-228.237717,1027.831299,103.278076,-271.88266,937.157593,54.506695,140.585602,1030.610352,168.426926,172.312546,1102.038452,-12.577531,-91.642189,1116.431519,-59.379131,-120.622604,1050.649658,140.63562
8.25,27.158846,1691.716431,143.091354,32.716736,1651.61145,243.942596,-57.552223,1629.67041,165.794693,42.438278,1447.182861,33.342239,98.376938,1275.944214,-35.384674,-3.034018,1273.524292,-53.127083,-21.175924,1308.087402,225.065994,177.079041,1357.414307,4.394961,193.885086,1418.411499,167.782166,256.935455,1278.608887,2.486236,328.169647,1195.19104,-28.03013,328.77774,983.83313,118.672081,253.038651,1016.651123,171.079285,305.372986,927.964294,116.104912,-68.19059,1352.974609,-33.101685,-134.758667,1428.10498,110.993912,-207.78923,1317.455933,-32.800636,-267.129242,1201.112915,-84.548645,-277.775482,984.784729,38.119625,-228.048126,1028.9375,104.408485,-272.292114,938.241699,56.387558,140.746429,1030.264038,168.976501,172.420792,1101.567139,-11.990431,-91.46138,1117.081787,-58.806755,-120.398987,1051.855469,141.53389
8.258,26.413574,1691.886963,144.797623,32.034313,1651.081543,245.437164,-58.224308,1629.673828,167.173035,42.594852,1447.280762,33.593636,99.036163,1276.115967,-34.738701,-2.384858,1273.464233,-52.756405,-21.510262,1308.634644,225.315933,177.539276,1357.776978,5.291108,193.728668,1419.11084,168.661667,257.815033,1279.145142,4.011559,329.32959,1195.779053,-25.930798,328.488068,983.455078,119.188087,252.561478,1015.916199,171.572495,304.794006,927.647339,116.071999,-67.611031,1352.690674,-33.143604,-134.839615,1428.052734,110.41642,-207.299698,1316.926392,-33.363926,-266.934998,1200.486938,-84.835052,-277.911591,985.388977,39.709198,-227.84465,1029.978516,105.438217,-272.536652,939.126465,58.303913,140.907349,1029.877319,169.409729,172.493546,1101.126831,-11.480645,-91.254509,1117.615967,-58.257698,-120.273842,1053.512817,143.440903
8.267,25.590132,1692.004517,146.573257,31.435192,1650.483521,246.901886,-58.896679,1629.583618,168.600845,42.680885,1447.327148,33.893925,99.591736,1276.302002,-34.218792,-1.821898,1273.362671,-52.476166,-21.925085,1309.070923,225.601486,177.900284,1358.074829,6.196193,193.335648,1419.68396,169.388672,258.642639,1279.536499,5.511799,330.226807,1196.328857,-24.03833,328.184998,983.122009,119.776337,251.999588,1015.456543,171.913101,304.247131,927.356689,116.140144,-67.172134,1352.378296,-33.236515,-135.012833,1427.934448,109.871529,-206.913147,1316.32666,-33.728035,-266.707855,1199.742554,-85.114204,-278.017731,985.736328,41.637753,-227.600281,1030.932129,106.637749,-272.859924,940.020386,60.411552,141.095444,1029.517334,169.864014,172.529099,1100.650879,-11.039808,-91.023125,1118.057251,-57.739948,-120.232658,1054.522949,143.971954
8.275,24.947464,1692.014282,148.535385,30.886267,1649.889404,248.503418,-59.438808,1629.379639,170.413574,42.685448,1447.315552,34.276974,100.081497,1276.441284,-33.717381,-1.33225,1273.275269,-52.208912,-22.313772,1309.323608,225.830399,178.204285,1358.3302,7.035546,193.038834,1420.153198,170.347382,259.279602,1279.963379,6.83705,331.118347,1196.880371,-22.224028,327.807617,982.866333,120.381325,251.368073,1014.996277,172.249939,303.729736,927.012817,116.341492,-66.789047,1351.971436,-33.254791,-135.288544,1427.710815,109.424591,-206.710281,1315.612183,-34.15118,-266.665771,1198.970215,-85.237061,-278.197266,986.096741,43.362549,-227.374268,1031.694824,107.823685,-273.110687,940.690125,62.469975,141.316238,1029.16626,170.292236,172.524673,1100.083252,-10.627288,-90.894325,1118.306763,-57.119934,-120.150558,1055.308838,144.563568
8.283,24.371964,1691.986816,150.610855,30.383656,1649.014771,250.327316,-60.063156,1629.146606,172.220093,42.597519,1447.297241,34.642017,100.486877,1276.522949,-33.210785,-0.943533,1273.140381,-51.932808,-22.70956,1309.410767,226.062271,178.446304,1358.565674,7.856023,192.57637,1420.470825,171.17009,259.868622,1280.320435,8.145679,331.837311,1197.275146,-20.63122,327.344269,982.667725,120.915512,250.540253,1014.5849,172.389267,303.176544,926.833435,116.350464,-66.546623,1351.617798,-33.266735,-135.755753,1427.436768,108.962051,-206.597748,1314.816162,-34.503719,-266.687439,1197.998535,-85.347649,-278.346741,986.31427,45.038048,-227.119461,1032.398926,108.88855,-273.444946,941.329102,64.396317,141.54895,1028.696655,170.73848,172.567657,1099.436768,-10.265954,-90.753319,1118.452271,-56.716137,-120.211761,1056.046021,145.152298
8.292,23.688379,1691.812622,152.852921,29.784925,1647.979858,252.181503,-60.823261,1628.803467,173.7229,42.414997,1447.284546,35.073288,100.775818,1276.587158,-32.73518,-0.652277,1272.985962,-51.628262,-23.117884,1309.365356,226.265488,178.617752,1358.780151,8.606735,191.980896,1420.520142,171.968521,260.315247,1280.639404,9.226104,332.479828,1197.721191,-19.227144,326.682709,982.46814,121.358818,249.834991,1014.25824,172.580307,302.486389,926.675049,116.436089,-66.394432,1351.268066,-33.217709,-136.142838,1427.097534,108.645546,-206.519867,1314.065063,-34.735962,-266.837738,1197.053589,-85.339111,-278.486542,986.4646,46.786259,-226.823853,1032.987915,109.947144,-273.659912,941.751831,66.391045,141.853622,1028.2052,171.181992,172.525131,1098.818115,-9.945688,-90.680138,1118.52417,-56.331329,-120.321625,1056.712769,145.762711
8.3,23.04702,1691.527466,155.334991,29.26524,1646.847168,254.240036,-61.487663,1628.461914,175.485809,42.163902,1447.259277,35.582813,100.955681,1276.643555,-32.287525,-0.43526,1272.776367,-51.303909,-23.557482,1309.206299,226.519836,178.665451,1358.980469,9.378297,191.503021,1420.564941,172.746719,260.570465,1280.904419,10.196974,332.938141,1198.041138,-17.992876,325.943817,982.249878,121.711876,248.816818,1013.951294,172.638306,301.646545,926.564941,116.234222,-66.337379,1350.859619,-33.083706,-136.582626,1426.644653,108.564751,-206.550995,1313.214355,-34.762436,-267.01059,1196.054077,-85.232071,-278.569153,986.486633,48.543045,-226.575867,1033.442993,111.064316,-273.820312,942.177917,68.345947,142.160629,1027.791138,171.598785,172.43573,1098.265503,-9.681705,-90.633057,1118.53894,-55.950657,-120.516212,1057.269409,146.430893
8.308,22.518,1691.204956,157.976089,28.719763,1645.497559,256.399445,-61.976421,1627.91272,177.67247,41.795349,1447.157959,36.115326,101.036568,1276.679688,-31.832684,-0.322947,1272.556763,-50.991985,-24.070475,1308.824707,226.797745,178.633102,1359.08374,10.065176,191.186356,1420.618408,173.61116,260.739014,1281.116211,11.159908,333.295532,1198.304199,-16.893295,325.194305,982.00415,121.900909,247.645477,1013.639954,172.549988,300.74942,926.363586,116.189499,-66.384598,1350.483887,-32.911835,-137.141678,1426.115479,108.657478,-206.769928,1312.279419,-34.856857,-267.325226,1194.976074,-85.055237,-278.73877,986.369202,50.132633,-226.27034,1033.710938,112.174614,-273.89209,942.41803,70.096466,142.372162,1027.433105,172.067017,172.309784,1097.714966,-9.377611,-90.64399,1118.483643,-55.563293,-120.745628,1057.588135,147.102737
8.317,22.009193,1690.807373,160.802948,28.193121,1643.989624,258.729492,-62.570377,1627.428467,179.911621,41.342205,1447.027222,36.679764,101.038277,1276.644775,-31.363756,-0.310052,1272.308228,-50.663784,-24.588146,1308.360474,227.125626,178.49025,1359.116821,10.780198,190.817368,1420.497192,174.352097,260.789124,1281.264282,11.93905,333.445862,1198.490967,-16.003521,324.355804,981.814514,121.935577,246.594925,1013.252747,172.38446,299.932281,926.134583,115.929581,-66.509727,1350.090454,-32.674259,-137.699448,1425.47876,108.703178,-207.17244,1311.515869,-34.474178,-267.699371,1193.962036,-84.83773,-278.886444,986.155029,51.812222,-225.972977,1033.852539,113.179604,-274.036652,942.535645,71.88868,142.543671,1027.050537,172.464478,172.146271,1097.221802,-9.10349,-90.702232,1118.339478,-55.134239,-121.041618,1057.785889,147.712967
8.325,21.47788,1690.293701,163.812897,27.708607,1642.32019,261.239838,-63.118645,1626.780884,182.34404,40.7939,1446.831055,37.224483,100.90844,1276.54895,-30.929562,-0.438143,1272.064819,-50.369392,-25.196066,1307.80188,227.433594,178.269241,1359.153564,11.352251,190.164764,1420.344849,175.07135,260.742615,1281.388916,12.634211,333.44104,1198.650635,-15.424695,323.251282,981.5224,121.725334,245.478149,1012.796997,172.046982,298.847168,925.859558,115.49485,-66.857162,1349.626709,-32.338268,-138.250977,1424.872437,108.889549,-207.491089,1310.526855,-34.578739,-268.177582,1192.917969,-84.333557,-278.883545,985.886414,53.313187,-225.719147,1033.919189,114.116241,-274.132355,942.4953,73.704269,142.620621,1026.675537,172.818985,171.977966,1096.694824,-8.860326,-90.816956,1118.142212,-54.738266,-121.376198,1057.838501,148.295166
8.333,20.978151,1689.699829,167.088074,27.238495,1640.422852,263.894897,-63.623672,1626.002686,185.057663,40.229916,1446.617676,37.81913,100.703804,1276.429199,-30.533548,-0.638161,1271.727051,-49.937595,-25.802366,1307.166992,227.749298,177.960068,1359.088501,11.902882,189.547546,1420.055298,175.730835,260.560638,1281.497437,13.198214,333.284882,1198.746094,-14.964317,322.21756,981.19873,121.550591,244.255417,1012.415527,171.590775,297.774475,925.62207,114.971779,-67.262192,1349.172729,-31.972054,-138.875381,1424.242065,109.210495,-207.925644,1309.670288,-34.165253,-268.66333,1191.874146,-83.916313,-278.985535,985.50293,55.016743,-225.485184,1033.974976,115.188797,-274.179962,942.380493,75.292961,142.626999,1026.28833,173.156647,171.818253,1096.201172,-8.622639,-91.012985,1117.873169,-54.270985,-121.690331,1057.754272,148.831192
8.342,20.555613,1688.97876,170.633194,26.776402,1638.370483,266.663971,-64.175331,1625.10498,187.611053,39.53566,1446.272217,38.446091,100.425392,1276.266235,-30.20384,-1.020929,1271.395752,-49.623657,-26.305456,1306.362671,228.101761,177.562393,1358.983276,12.400533,188.909149,1419.62793,176.339981,260.225281,1281.463135,13.606058,333.019714,1198.7771,-14.731195,321.246063,980.852234,121.176178,243.145859,1011.967285,170.952881,296.710022,925.34375,114.419487,-67.756569,1348.643066,-31.481922,-139.582703,1423.5354,109.726013,-208.712097,1308.835571,-33.412605,-269.296844,1190.802856,-83.28495,-279.081757,985.054626,56.579659,-225.368988,1033.878906,116.279442,-274.262054,942.188171,76.888321,142.542557,1025.884766,173.398727,171.602005,1095.529785,-8.315489,-91.228821,1117.572876,-53.881954,-121.979797,1057.565918,149.344437
8.35,20.089033,1687.987793,174.201279,26.295168,1636.078003,269.483093,-64.711906,1623.956299,190.370636,38.871181,1445.869751,39.118801,99.966499,1275.997314,-29.881271,-1.505865,1271.011353,-49.24995,-26.775263,1305.486206,228.489532,177.080139,1358.819702,12.774213,188.33252,1418.961914,176.901169,259.731384,1281.349487,13.84669,332.553986,1198.650635,-14.623032,320.119812,980.472107,120.559227,242.063599,1011.504883,170.480179,295.562134,924.876343,113.565849,-68.415604,1348.111572,-31.091393,-140.347336,1422.68335,110.348648,-209.30629,1307.93042,-33.157806,-269.925934,1189.814331,-82.615623,-279.149323,984.576111,57.973774,-225.236237,1033.563477,117.328995,-274.27655,941.930725,78.473526,142.408676,1025.486938,173.559372,171.342239,1094.943237,-8.145572,-91.46933,1117.210693,-53.492619,-122.226265,1057.271362,149.780914
8.358,19.687056,1686.835693,177.918762,25.776476,1633.598389,272.486176,-65.202003,1622.699829,193.210373,38.163708,1445.413208,39.906067,99.413857,1275.662598,-29.581501,-2.040545,1270.544312,-48.769394,-27.277739,1304.570312,228.84642,176.452652,1358.52124,13.128711,187.823181,1418.401733,177.27356,259.142151,1281.148315,13.942131,331.983185,1198.514038,-14.764793,318.980255,979.956055,119.938438,240.79454,1011.10437,169.785858,294.466888,924.434937,112.762039,-69.167099,1347.506226,-30.399727,-140.967667,1421.797241,110.938812,-210.243683,1307.076538,-32.043316,-270.695953,1188.804932,-81.708481,-279.259857,983.937378,59.609615,-224.814545,1033.200684,118.01606,-274.320099,941.531433,80.021233,142.224228,1025.026978,173.661911,171.013901,1094.34436,-8.095247,-91.786964,1116.708862,-53.057682,-122.528038,1056.849976,150.212646
8.367,19.258886,1685.577271,181.838501,25.286379,1630.819458,275.515015,-65.706169,1621.396973,196.313751,37.333313,1444.829346,40.637169,98.890175,1275.282104,-29.328251,-2.673145,1270.088379,-48.337402,-27.730322,1303.492432,229.276367,175.779541,1358.139526,13.417874,187.426285,1417.687378,177.636276,258.501984,1280.859131,13.939394,331.197266,1198.239746,-15.224733,317.872253,979.406616,119.106346,239.77063,1010.559692,168.992142,293.258911,923.957031,111.8461,-69.904335,1346.978516,-29.733753,-141.621735,1420.801636,111.815292,-211.136139,1306.160156,-31.549484,-271.608002,1187.812744,-80.681732,-279.419067,983.199768,61.115494,-224.656082,1032.692871,119.206909,-274.346436,941.02832,81.45266,142.025604,1024.509033,173.704529,170.712646,1093.753418,-8.019489,-92.098,1116.184204,-52.664001,-122.802208,1056.300171,150.709122
8.375,18.682291,1684.224731,185.797653,24.853292,1627.940918,278.739258,-66.142929,1619.668335,199.507111,36.471962,1444.177246,41.464077,98.251022,1274.837402,-29.016886,-3.370223,1269.570435,-47.979431,-28.123333,1302.330078,229.73941,175.052216,1357.709106,13.632831,186.925354,1416.870605,178.057892,257.798859,1280.46106,13.825237,330.407684,1197.874878,-15.719248,316.903809,978.861816,118.273048,238.656403,1009.92749,168.248337,292.255676,923.433899,111.155281,-70.777466,1346.305664,-28.950294,-142.329605,1419.731567,112.876236,-212.11322,1305.167847,-30.393597,-272.710449,1186.780029,-79.656937,-279.520477,982.41156,62.391209,-224.51236,1032.017944,120.315819,-274.417511,940.268066,82.846458,141.755829,1023.885498,173.683243,170.397186,1093.082886,-8.038244,-92.38311,1115.549927,-52.160984,-123.177307,1055.740723,151.227264
8.383,18.252682,1682.387207,189.741287,24.542929,1624.974731,281.864319,-66.495094,1617.769165,203.036743,35.519184,1443.346558,42.292019,97.472748,1274.263184,-28.847746,-4.203292,1268.849731,-47.409676,-28.539341,1301.122192,230.231094,174.319168,1357.259521,13.738507,186.343613,1415.809448,178.30925,256.939056,1279.980957,13.550504,329.445953,1197.385742,-16.459053,315.823883,978.245178,117.331894,237.6064,1009.289368,167.26123,291.189819,922.727905,110.240608,-71.702614,1345.594604,-28.219978,-143.043839,1418.539795,113.969269,-213.30687,1304.236694,-29.278496,-273.939026,1185.679199,-78.447502,-279.669128,981.46875,63.830204,-224.378738,1031.216431,121.164597,-274.435974,939.434265,84.203674,141.479797,1023.282532,173.533127,170.082764,1092.202637,-8.207106,-92.710609,1114.843506,-51.777206,-123.620872,1054.924316,151.801498
8.392,17.801773,1680.440674,193.686142,24.332176,1621.874634,284.974579,-66.713165,1615.684814,206.673447,34.608559,1442.336426,43.169109,96.58194,1273.632568,-28.671745,-5.080228,1268.164307,-46.996456,-28.874672,1299.664307,230.763885,173.369446,1356.654541,13.800008,185.95842,1414.786133,178.555862,256.009888,1279.390991,13.081663,328.410736,1196.743408,-17.451008,314.786072,977.521179,116.396744,236.782349,1008.649963,166.393311,290.274902,921.878418,109.478783,-72.684959,1344.773804,-27.348013,-143.682266,1417.129272,115.182037,-214.561172,1303.119019,-27.906551,-275.210236,1184.616577,-77.01619,-279.85379,980.315735,65.286652,-224.2798,1030.122314,122.228241,-274.420624,938.428101,85.521515,141.19278,1022.560486,173.268463,169.821457,1091.384521,-8.435969,-93.136879,1114.053833,-51.314369,-124.049034,1054.106567,152.308395
8.4,17.397181,1678.36084,197.327377,24.078695,1618.61084,288.042114,-67.04789,1613.498779,209.759674,33.670315,1441.264038,44.141907,95.675293,1272.913208,-28.570766,-5.970344,1267.404175,-46.45256,-29.126923,1298.158203,231.280319,172.44632,1355.891602,13.852757,185.538376,1413.366577,178.781631,255.107407,1278.653931,12.660406,327.243591,1196.01709,-18.650038,313.825531,976.761902,115.169327,235.929031,1007.874817,165.346588,289.426819,921.087341,108.517578,-73.742821,1343.819336,-26.426706,-144.384644,1415.653687,116.61657,-215.918411,1301.914917,-26.40641,-276.744659,1183.495239,-75.544235,-280.105896,979.033386,66.598396,-224.127701,1028.896118,123.348534,-274.447845,937.146973,86.70005,140.899399,1021.762268,172.973663,169.369904,1090.390869,-8.893357,-93.514511,1113.292969,-50.920033,-124.121223,1052.70459,151.376755
8.408,17.094084,1676.099121,201.106781,23.767021,1615.415771,290.936157,-67.458221,1611.063965,212.591125,32.666477,1439.958862,45.174431,94.769318,1272.102783,-28.361525,-6.994167,1266.565918,-45.996857,-29.413271,1296.400269,231.977921,171.537872,1355.000122,13.930046,185.23584,1411.989258,178.918594,254.063904,1277.758423,12.040874,325.959167,1195.129395,-19.815863,312.967712,975.964478,114.171631,235.002335,1007.035583,164.123474,288.597717,920.083984,107.623474,-74.932426,1342.816895,-25.41268,-145.095993,1413.964233,118.018494,-217.384323,1300.631226,-24.758162,-278.489227,1182.285522,-73.929314,-280.344818,977.619141,67.874214,-224.153717,1027.457275,124.461914,-274.440308,935.791748,87.811119,140.648849,1020.824097,172.523254,168.927246,1089.347778,-9.505634,-94.000534,1112.449097,-50.554085,-124.620422,1051.465942,151.637512
8.417,16.922039,1673.454346,204.241028,23.657907,1612.187988,293.621002,-67.790291,1608.460815,215.305267,31.694342,1438.515625,46.300186,93.768234,1271.166626,-28.284103,-7.986934,1265.616333,-45.434177,-29.605986,1294.577637,232.729004,170.4617,1353.98999,13.904523,184.872299,1410.144043,179.170288,253.088181,1276.797119,11.274919,324.630981,1194.117676,-21.314838,312.142853,975.021606,112.884659,234.319122,1006.24646,163.18338,287.817352,919.047119,106.911835,-76.065895,1341.753052,-24.360443,-145.666687,1412.061401,119.660698,-218.980621,1299.268921,-23.032551,-280.244995,1180.916504,-72.09005,-280.635651,975.971497,69.241211,-224.150177,1025.885742,125.481323,-274.329376,934.135376,88.971947,140.362167,1019.662842,171.987411,168.509705,1088.247803,-10.142114,-94.527283,1111.508911,-50.153835,-125.063583,1050.092651,151.735947
8.425,16.606934,1670.786621,207.172852,23.801653,1609.04126,296.211548,-68.050247,1605.810669,218.141113,30.73719,1436.902344,47.481884,92.757874,1269.987793,-28.163019,-9.096194,1264.462891,-44.888802,-29.709274,1292.59314,233.48761,169.452835,1352.798462,13.926836,184.703156,1408.141479,179.169128,251.922668,1275.663818,10.533521,323.281067,1192.968262,-22.959648,311.293579,974.004578,111.611458,233.578003,1005.189087,162.004486,287.019928,917.928772,105.940178,-77.25602,1340.471924,-23.261909,-146.152161,1409.973755,121.386307,-220.756454,1297.665161,-20.75489,-282.237274,1179.457397,-70.119385,-280.904724,974.117737,70.54258,-224.1483,1024.083252,126.602692,-274.274902,932.295349,90.114952,140.268341,1018.519165,171.325378,168.086609,1086.813965,-10.662327,-95.000946,1110.315186,-49.796188,-125.537384,1048.438354,151.924942
8.433,16.433634,1668.026733,209.727417,24.013062,1605.907837,298.487823,-68.123772,1602.848267,220.87851,29.785034,1435.111328,48.740135,91.648659,1268.69104,-28.098183,-10.163015,1263.198975,-44.213745,-29.750481,1290.246948,234.360641,168.406693,1351.453247,13.846288,184.650146,1406.05603,179.485321,250.811279,1274.331299,9.698267,321.849243,1191.603394,-24.811525,310.482819,972.819153,110.297234,232.8564,1004.176636,160.761307,286.306183,916.601807,105.134094,-78.372101,1339.046997,-22.064791,-146.611298,1407.620361,123.264168,-222.501312,1296.053833,-19.160589,-284.337494,1177.874268,-68.107384,-281.162567,972.059937,71.934563,-224.088867,1021.998291,127.711578,-274.164551,930.267334,91.08683,140.143051,1017.117859,170.553589,167.478638,1085.572144,-11.571149,-95.571281,1108.92395,-49.562038,-125.923546,1046.549316,151.874893
8.442,16.288296,1665.102661,211.938187,24.127731,1602.683472,300.481171,-68.045433,1599.836548,223.346909,28.88648,1433.060425,50.12059,90.504745,1267.212891,-27.990583,-11.364183,1261.707275,-43.592197,-29.674898,1287.703003,235.337097,167.302414,1349.838989,13.777205,184.194916,1403.431274,179.551056,249.664322,1272.818604,8.677156,320.512756,1190.113281,-26.775707,309.655945,971.63147,108.820831,232.303268,1003.029236,159.387909,285.739624,915.453125,104.082024,-79.594589,1337.47937,-20.670532,-147.170013,1405.10376,125.309456,-224.24733,1294.172241,-17.029495,-286.508636,1176.181396,-65.936134,-281.412476,969.79071,73.22937,-224.091736,1019.712341,128.86319,-273.983093,927.964844,92.229652,140.024429,1015.498657,169.681198,166.715103,1084.108398,-12.576437,-96.392654,1107.224609,-49.388302,-126.389473,1044.503296,151.945435
8.45,16.295004,1662.031372,213.704132,24.423052,1599.491455,302.169464,-68.066544,1596.639893,225.351715,27.963413,1430.758789,51.550682,89.297668,1265.562866,-27.926867,-12.665572,1260.092041,-42.849556,-29.564661,1284.900879,236.358353,166.160934,1347.979858,13.735483,183.982941,1400.638428,179.639679,248.468918,1271.079834,7.658711,319.03302,1188.499878,-28.958626,309.001343,970.306396,107.2369,231.712799,1001.912598,157.876663,285.11969,913.894836,103.039848,-80.790779,1335.590576,-19.311388,-147.653259,1402.322876,127.3853,-226.100342,1292.056152,-14.590408,-288.79834,1174.181519,-63.554317,-281.621063,967.255066,74.670929,-223.952698,1017.126587,129.818237,-274.089417,925.070618,93.737473,140.058395,1013.839844,168.706909,166.004166,1082.442139,-13.464257,-97.257774,1105.165161,-49.249756,-126.684921,1042.096924,151.831848
8.458,16.306738,1658.771606,215.125473,25.026896,1596.399048,303.738037,-67.987892,1593.308594,226.964798,27.002625,1428.309204,53.00526,87.978729,1263.670288,-27.965364,-13.983671,1258.215576,-42.121964,-29.349218,1281.824219,237.497498,164.968994,1345.920532,13.644611,183.838913,1397.439819,179.573257,247.258575,1269.133057,6.428769,317.65506,1186.640137,-31.282394,308.279358,968.803772,105.485672,231.108017,1000.433594,156.283386,284.661163,912.253235,102.006004,-82.118065,1333.61499,-17.72081,-148.063187,1399.269043,129.743835,-227.943008,1289.824341,-12.139842,-291.158264,1172.063354,-61.040123,-281.730438,964.403015,76.025948,-223.90242,1014.335876,131.049103,-273.854004,922.44696,94.616074,140.052338,1011.962402,167.637207,165.128693,1080.867676,-14.65235,-98.171043,1102.756348,-49.276638,-127.156227,1039.567261,151.978897
8.467,16.373545,1655.501709,216.209549,25.386572,1593.237549,304.729462,-67.855858,1589.888794,228.317215,26.038769,1425.67395,54.498707,86.541222,1261.5448,-27.973534,-15.489876,1256.077148,-41.323612,-29.091946,1278.466064,238.745911,163.730072,1343.50769,13.366633,183.814056,1393.981934,179.413864,246.052963,1266.98877,5.222565,316.192993,1184.706177,-33.795216,307.609802,967.134766,103.662041,230.390137,999.018005,154.543625,284.194916,910.599487,100.919067,-83.514328,1331.315918,-16.147211,-148.526489,1396.046387,132.118225,-229.847076,1287.291138,-9.510475,-293.571228,1169.877563,-58.32106,-281.934448,961.465454,77.472572,-223.760284,1011.28064,132.277863,-273.58606,919.49353,95.545929,140.133286,1010.083801,166.551193,164.309311,1079.023804,-15.94566,-99.273842,1099.987183,-49.233646,-127.50238,1036.678955,151.944061
8.475,16.598253,1651.859009,216.737122,25.957247,1590.044556,305.62381,-67.314209,1586.40625,230.190475,25.008783,1422.880371,55.812042,85.104324,1259.196289,-28.071579,-17.078257,1253.704102,-40.589386,-28.799952,1274.77771,239.927032,162.441345,1340.905029,13.061338,183.706085,1390.203735,179.249344,244.697281,1264.587158,3.681682,314.766846,1182.521606,-36.437405,306.869019,965.392822,101.671837,229.873596,997.429993,152.619598,283.667786,908.688782,99.443169,-84.96904,1328.779053,-14.504496,-149.060593,1392.500488,134.807755,-231.730759,1284.391968,-6.223794,-295.981842,1167.275757,-55.482044,-281.983154,958.255737,78.969666,-223.475327,1008.078003,133.430878,-273.201996,916.141541,96.786514,140.297089,1008.054749,165.305511,163.248016,1077.065796,-17.275326,-100.443428,1096.7948,-49.211361,-127.773331,1033.404663,152.001144
8.483,16.841696,1648.200806,217.014404,26.889706,1586.933716,306.300446,-67.062363,1582.796021,230.909317,23.857918,1419.88501,57.053257,83.542839,1256.555664,-28.32169,-18.757561,1250.949097,-39.89624,-28.486614,1270.844727,241.031219,161.135452,1338.078125,12.637622,183.60849,1386.187256,178.812973,243.303406,1261.904785,2.099421,313.263428,1180.196899,-39.316418,306.26059,963.454834,99.822601,229.361465,995.599182,150.716354,283.226624,906.685303,97.881012,-86.606277,1326.0,-12.746266,-149.519592,1388.762817,137.510223,-233.610611,1281.416504,-3.303009,-298.405273,1164.634766,-52.525333,-281.993896,954.789978,80.691811,-223.156494,1004.606018,134.769363,-272.574097,912.566833,98.395927,140.39325,1005.879761,164.049042,162.217148,1074.832031,-18.796129,-101.70858,1093.361084,-49.101437,-127.928154,1029.813843,152.099411
8.492,17.21463,1644.534302,217.193085,27.593956,1583.529175,306.530884,-66.804008,1578.997314,231.51326,22.652639,1416.802734,57.860687,81.855263,1253.649048,-28.724522,-20.62188,1248.01416,-39.20628,-27.793814,1266.447632,242.149078,159.829361,1334.964844,12.033059,183.623764,1382.030762,178.323105,241.881012,1259.064087,0.337681,311.736969,1177.685181,-42.260475,305.575226,961.236328,97.546562,228.993988,993.661255,148.667023,282.781464,904.525513,96.187408,-88.38797,1322.901489,-10.826024,-150.048523,1384.786499,140.447449,-235.469803,1278.173706,0.079552,-300.954803,1161.700806,-49.34729,-282.104645,951.183472,82.57196,-222.852036,1000.935303,136.180817,-272.199188,909.052795,99.71386,140.62027,1003.527161,162.720032,160.954376,1072.462158,-20.496569,-103.142281,1089.578735,-48.6441,-128.087631,1025.921631,152.447098
8.5,17.61058,1640.795654,217.207031,28.444124,1580.160278,306.672699,-66.279587,1575.241211,232.278824,21.427114,1413.576782,58.662304,80.073181,1250.521484,-29.161572,-22.532524,1244.817383,-38.590397,-27.258118,1261.750732,243.079849,158.415283,1331.665161,11.275276,183.507538,1377.668335,177.706726,240.438324,1255.934814,-1.674882,310.111328,1174.987061,-45.426964,305.044678,958.928345,95.12851,228.908844,991.480347,146.56955,282.178894,902.130676,94.16433,-90.329681,1319.626831,-9.020587,-150.580719,1380.627686,143.379883,-237.390213,1274.682251,3.48388,-303.405334,1158.534302,-46.073311,-282.166351,947.398071,84.661713,-222.499527,997.165588,137.834229,-271.927612,905.140991,101.540253,140.902008,1000.77655,161.32251,159.767776,1069.784546,-22.228125,-104.627495,1085.508789,-48.211807,-128.094452,1021.630859,152.874298
8.508,17.835726,1637.031494,216.720749,29.419071,1576.828247,306.585022,-65.641472,1571.574707,233.235641,20.299633,1410.276001,59.323925,78.10434,1247.266235,-29.827293,-24.584448,1241.422485,-37.997005,-26.423809,1256.746948,243.878677,157.042206,1328.215454,10.298236,183.422089,1373.112061,176.845413,238.929077,1252.725342,-3.846154,308.48941,1171.973145,-48.776085,304.420898,956.408264,92.330429,228.767487,989.204834,144.455292,281.718658,899.710754,91.956619,-92.494728,1316.050415,-7.13976,-151.031387,1376.33252,146.476944,-239.320633,1271.020874,6.990376,-305.866119,1155.239136,-42.704418,-282.342468,943.548279,86.885353,-222.086319,993.131897,139.504654,-271.636383,901.328796,103.310249,141.321655,997.794189,159.977905,158.368256,1066.836792,-24.250921,-106.278595,1081.230591,-47.455475,-127.926903,1017.12439,153.492859
8.517,18.395617,1633.184082,216.389847,30.360296,1573.404297,306.197693,-65.213188,1567.776855,232.849319,18.959372,1406.734009,60.009369,76.127197,1243.826538,-30.541739,-26.857641,1237.848022,-37.419086,-25.425734,1251.541992,244.641663,155.524323,1324.617676,9.141304,183.55983,1368.687134,175.768997,237.443436,1249.345825,-6.299067,306.731903,1169.000854,-52.349613,303.843964,953.770752,89.183533,228.833038,986.768127,142.298309,281.152466,897.066284,89.408104,-94.805542,1312.373657,-5.251198,-151.478821,1371.762451,149.466965,-241.304565,1267.077148,10.761328,-308.394135,1151.675537,-39.123619,-282.535553,939.465576,89.519882,-221.686096,988.984131,141.543106,-271.570679,897.286682,105.725754,142.636444,994.638062,159.210831,156.862488,1063.581543,-26.427658,-108.018303,1076.735474,-46.287975,-127.684593,1012.369507,154.403091
8.525,18.727037,1629.37439,215.59993,31.438656,1570.127319,305.661591,-64.697121,1563.880493,232.732117,17.628288,1403.12207,60.467617,74.023582,1240.233887,-31.356491,-29.205196,1234.112915,-36.887268,-24.473764,1246.190918,245.154388,154.021286,1320.864868,7.820007,183.688858,1364.274658,174.41925,235.840561,1245.869385,-8.974149,304.877228,1165.704712,-56.092636,303.420868,950.820312,86.002617,228.996033,984.136292,139.881882,280.669525,894.254517,86.698616,-97.279198,1308.445801,-3.215746,-151.635803,1367.077271,152.58963,-243.29483,1263.033325,14.627342,-310.983521,1147.676758,-34.450375,-282.931854,935.335632,92.506783,-221.267471,984.785217,143.6745,-271.667206,893.249268,108.446854,142.960907,990.857178,157.387604,155.302902,1060.017334,-28.821724,-109.769745,1072.135986,-44.750748,-127.145485,1007.262939,155.243332
8.533,19.160238,1625.638794,214.693329,32.463959,1566.800049,304.85022,-63.963375,1560.119141,233.092438,16.309799,1399.337891,60.651512,71.758949,1236.500366,-32.341381,-31.656387,1230.221313,-36.421604,-23.201902,1240.648193,245.585678,152.365829,1317.199463,6.170133,183.91008,1359.85083,172.836578,234.172882,1242.295776,-12.030952,302.832458,1162.388062,-60.070148,302.878021,947.795532,82.701065,229.372391,981.21698,137.340012,280.184052,891.208191,83.534225,-99.688477,1304.536255,-1.379146,-151.819458,1362.377808,155.643723,-245.319031,1258.863037,18.556784,-313.609589,1143.715332,-30.259819,-283.27298,930.977966,95.945641,-220.897141,980.55603,146.093307,-271.606628,888.979553,111.528656,143.538971,987.084595,155.707016,153.646194,1056.138184,-31.161278,-111.464706,1068.10498,-44.008057,-126.627518,1002.239258,156.602875
8.542,19.577909,1622.019409,213.512177,33.39201,1563.524902,303.861481,-63.435078,1556.474976,232.880539,14.924386,1395.480347,60.55666,69.327408,1232.833374,-33.412128,-34.236279,1226.300659,-35.971401,-21.741917,1235.050903,245.832153,150.662567,1313.479004,4.315625,184.212006,1355.557739,170.903305,232.442032,1238.751099,-15.250395,300.608734,1158.962402,-64.312294,302.456085,944.503052,78.97863,229.696945,978.16272,134.566208,279.831329,888.081238,80.257423,-102.20977,1300.475342,0.469061,-151.898804,1357.64502,158.595062,-247.31395,1254.556152,22.570633,-316.250458,1139.578369,-25.8067,-283.656677,926.704712,99.595284,-220.576035,976.264771,148.965897,-271.681976,884.708679,115.235214,144.162125,983.258362,153.931137,151.981812,1052.17627,-33.865101,-113.480698,1063.671753,-42.586246,-125.867485,997.047607,157.974716
8.55,20.088366,1618.432373,212.062363,34.552376,1560.527832,302.780914,-62.926254,1552.866089,232.1539,13.561948,1391.590454,60.297531,66.854019,1229.008179,-34.494572,-36.844254,1222.366577,-35.509842,-20.122829,1229.548218,245.988525,148.73555,1309.749512,2.216807,184.517746,1351.476196,168.387527,230.619156,1235.209961,-18.855286,298.113464,1155.262817,-68.501251,302.08139,941.28363,74.764091,230.241699,974.997803,131.630753,279.5578,884.849915,76.715591,-104.84594,1296.338379,2.324107,-151.873779,1352.998413,161.521851,-249.166565,1250.122559,26.696037,-318.831909,1135.264893,-21.013054,-284.027283,922.373657,103.811897,-220.26123,971.958374,152.231506,-271.81488,880.303223,119.24015,144.826752,979.398193,151.769897,149.952271,1047.790039,-36.174927,-115.62764,1059.273193,-41.031738,-124.91291,992.190125,159.820221
8.558,20.425051,1615.055298,210.460342,35.630775,1557.576416,301.363068,-62.213398,1549.414429,231.357498,12.209333,1387.796509,59.913414,64.286163,1225.31189,-35.696846,-39.588905,1218.464233,-35.182037,-18.291298,1224.238647,245.828674,146.856094,1306.090332,-0.091629,185.023987,1347.662842,165.560425,228.697586,1231.628052,-22.650454,295.500763,1151.683594,-73.169937,301.709747,937.923218,70.25486,230.961655,971.885437,128.421219,279.300049,881.524109,72.8452,-107.287842,1292.204712,3.997792,-151.542358,1348.46936,164.330154,-251.016312,1245.814453,30.831017,-321.421875,1130.87146,-16.040993,-284.355255,918.000549,108.354469,-219.890442,967.784973,155.793289,-271.79715,876.113037,123.639389,145.602234,975.401123,149.652847,147.590424,1043.510376,-38.590595,-117.896347,1054.920898,-39.298939,-123.795624,987.366211,161.789688
8.567,20.824581,1611.74707,208.693787,36.647583,1554.946289,299.772095,-61.425526,1546.208252,230.617233,10.856836,1384.202759,59.376762,61.636738,1221.592041,-36.945797,-42.373859,1214.535156,-34.681057,-16.33024,1219.080078,245.732681,144.777191,1302.458252,-2.660486,185.420776,1343.944824,162.68959,226.556702,1228.104126,-26.668442,292.666168,1148.150024,-78.119102,301.299683,934.518616,65.760956,231.661194,968.448608,124.970078,279.220886,878.197388,68.753006,-109.688805,1288.147461,5.914347,-151.138672,1344.118774,166.97142,-252.998856,1241.713989,34.918552,-324.000366,1126.507812,-10.603859,-284.609222,913.7547,113.184807,-219.558151,963.630798,159.788223,-271.500275,871.9245,128.314651,146.540924,971.617981,147.518631,145.316956,1039.221191,-41.268642,-120.20871,1050.700073,-37.443188,-122.406952,982.754333,163.900696
8.575,21.170973,1608.732178,206.768661,38.034184,1552.525757,298.021118,-60.83815,1543.10791,229.595383,9.488957,1380.720337,58.748573,58.810551,1217.944214,-38.267056,-45.184734,1210.708984,-34.313004,-14.173256,1214.233521,245.401016,142.67424,1298.992432,-5.424832,185.988541,1340.409058,159.28212,224.268677,1224.639038,-30.910931,289.534698,1144.568848,-83.296188,301.048676,931.264282,60.745731,232.473648,965.126221,121.304085,279.005798,874.723206,64.418198,-112.07531,1284.164551,7.684485,-150.453568,1340.080933,169.528702,-254.818619,1237.573364,39.176224,-326.527985,1122.321655,-4.842139,-284.709137,909.552612,118.404922,-219.020294,959.632202,164.041199,-271.174835,867.823303,133.186661,146.88942,967.294128,143.712799,142.867584,1035.187988,-43.973373,-122.613976,1046.505493,-35.409561,-120.979836,978.466919,166.292297
8.583,21.50013,1605.934082,204.516129,39.185829,1550.375732,296.0242,-60.208576,1540.212769,228.418259,8.109806,1377.406982,57.949608,55.976658,1214.481323,-39.66571,-48.022392,1207.054443,-33.865086,-11.896135,1209.717529,245.115997,140.395187,1295.583862,-8.355151,186.579788,1337.379883,155.617249,221.678299,1221.210815,-35.311195,286.123932,1141.106201,-88.692886,300.751038,927.994812,55.512302,233.265442,961.888306,117.509163,278.787415,871.382385,59.843166,-114.316345,1280.39978,9.345371,-149.76799,1336.291016,172.03006,-256.295563,1233.438965,43.433872,-328.963898,1118.149902,1.234772,-284.588409,905.463135,124.094765,-218.400665,955.855042,168.569962,-270.702332,863.961121,138.542358,147.98819,963.835693,141.237839,140.32814,1031.350098,-46.673557,-125.025513,1042.41272,-33.254227,-119.331161,974.384521,168.619049
8.592,21.844017,1603.343872,201.986526,40.321899,1548.482056,293.841431,-59.457478,1537.490234,227.144653,6.853201,1374.323975,57.111946,52.976925,1211.167114,-41.135876,-50.858791,1203.608276,-33.359108,-9.431342,1205.489258,244.752899,137.983444,1292.346313,-11.474464,187.187775,1334.382446,151.667267,218.849564,1217.897217,-40.015812,282.343719,1137.682373,-94.384796,300.297455,924.848755,49.998554,234.197968,958.657227,113.687241,278.517853,868.081238,54.976837,-116.505859,1276.869507,10.967175,-148.850739,1332.765625,174.488632,-257.455139,1229.353638,47.815044,-331.329651,1114.033203,7.733431,-284.297516,901.672424,129.929077,-217.401764,952.268127,173.239059,-269.916321,860.253601,144.104599,148.990067,960.449707,138.493668,137.578491,1027.51001,-49.097897,-127.595055,1038.53772,-30.989758,-117.488159,970.827576,171.099823
8.6,22.152388,1600.97522,199.27565,41.527607,1546.9104,291.497864,-58.576706,1535.092407,226.018402,5.478175,1371.401489,56.095219,50.008961,1207.939941,-42.529301,-53.735386,1200.282104,-32.780533,-6.794761,1201.812012,244.288071,135.459808,1289.329834,-14.878917,187.81311,1331.670898,147.504776,215.747513,1214.711304,-44.814102,278.25946,1134.511108,-100.266212,299.738678,921.884583,44.036606,235.158112,955.953247,108.861557,278.168365,864.956909,49.930885,-118.698418,1273.673462,12.475192,-147.876328,1329.608887,176.793228,-258.313782,1225.257812,52.452309,-333.528656,1110.255493,14.616946,-283.691467,898.127747,136.192184,-215.85054,948.920837,178.298035,-268.949219,856.924744,150.104599,150.104645,957.169861,135.646393,134.82309,1024.174805,-51.710148,-130.2061,1034.990479,-28.711529,-115.58448,967.787415,173.820435
8.608,22.489986,1598.925049,196.452469,42.839203,1545.780273,289.011353,-57.941483,1532.84021,223.738647,4.225296,1368.726929,55.047997,46.950909,1204.99646,-44.034573,-56.677025,1197.264893,-32.320847,-4.128147,1198.948975,243.712189,132.861984,1286.447632,-18.306772,188.556335,1329.152832,143.067444,212.331268,1211.808838,-49.87928,273.77475,1131.548584,-106.355164,298.977692,919.128784,37.870731,236.177689,953.368774,104.260529,277.658722,862.075134,44.725643,-120.819672,1270.729004,13.98533,-146.643463,1326.793213,179.033615,-259.247528,1221.594727,57.217827,-335.703247,1106.820312,21.723114,-282.943481,895.001953,142.687302,-214.218491,946.029602,183.218643,-267.724579,853.811951,156.434082,151.259888,954.473999,132.69191,131.782196,1021.022888,-54.441307,-132.771545,1031.644165,-26.193296,-113.50042,965.068726,176.402924
8.617,22.743219,1597.103516,193.360352,43.946987,1544.880127,286.21405,-57.222569,1531.043213,221.873367,2.938226,1366.349609,53.865612,43.742599,1202.137695,-45.543098,-59.590763,1194.501221,-31.868216,-1.387221,1196.909668,243.261627,130.02887,1283.78064,-21.88442,189.232773,1327.169434,137.979111,208.735336,1209.0979,-55.103191,269.148499,1128.731689,-112.654289,298.079071,916.749939,31.504896,237.012589,951.119507,99.526505,276.862305,859.534363,39.072487,-122.910255,1268.081543,15.44538,-145.364777,1324.560059,181.183777,-259.897095,1218.312622,62.13306,-338.067139,1104.013916,28.746954,-282.005951,892.22113,149.061386,-212.201004,943.390564,188.319687,-266.276031,851.054504,162.932098,152.367584,952.142029,129.743683,128.751022,1018.157227,-56.962818,-135.369049,1028.510986,-23.479383,-111.339462,962.813293,178.882019
8.625,23.13069,1595.812256,190.136261,45.11055,1544.473755,283.269989,-56.467602,1529.653931,219.781967,1.686651,1364.181274,52.597382,40.425346,1199.658569,-46.973827,-62.523834,1191.728149,-30.377619,1.701455,1195.48584,242.748993,127.043785,1281.445801,-25.623465,190.025238,1325.477295,132.706345,204.81781,1206.600098,-60.464172,263.950043,1126.241333,-119.130325,296.96405,914.702148,24.873602,237.783768,949.311707,94.466599,275.890228,857.389404,33.475891,-124.904434,1265.555786,17.49954,-143.923965,1322.733276,183.408417,-260.503967,1215.416626,67.415413,-339.688812,1101.183838,36.503746,-280.460236,889.96759,156.222809,-209.845612,941.189392,193.435059,-264.460388,849.008423,169.504883,153.692963,950.467285,126.790375,125.610886,1015.575195,-59.525078,-137.882675,1025.85083,-20.685732,-109.021034,961.020386,181.520248
8.633,23.576843,1594.936279,186.609268,46.281544,1544.491455,280.213501,-55.623188,1528.605591,217.55867,0.283067,1362.435181,51.321022,36.987991,1197.467041,-48.394718,-65.545341,1189.477539,-29.479876,5.093668,1194.663818,242.159164,123.905342,1279.432373,-29.458723,190.663574,1324.252563,127.12632,200.701813,1204.505493,-65.921547,258.630829,1124.125366,-125.744194,295.484894,913.111877,18.071369,238.467697,948.102051,89.306946,274.588837,855.787903,27.524353,-126.919731,1263.382446,19.617903,-142.329422,1321.329468,185.640869,-261.190155,1213.155762,72.857697,-341.160278,1098.806885,44.615448,-278.609955,887.968689,163.364838,-207.279526,939.537048,198.743744,-262.319977,846.790222,177.093796,154.903183,949.180481,123.884247,122.164001,1013.305786,-62.030647,-140.450027,1023.540405,-17.556332,-106.843597,959.727356,184.349487
8.642,23.950695,1594.44751,183.153976,47.744041,1545.093262,277.02948,-54.54126,1528.281128,215.662796,-1.1811,1361.168945,49.928547,33.411449,1195.680786,-50.071487,-68.603363,1187.719849,-28.344671,8.672181,1194.466797,241.379868,120.561531,1277.796997,-33.383881,191.287964,1323.552246,121.298622,196.332687,1202.866821,-71.503853,253.066711,1122.470703,-132.445236,293.812683,912.059448,11.083457,238.965317,947.349365,83.93927,273.157959,854.641663,21.58979,-128.919891,1261.873657,21.430519,-140.679459,1320.424316,187.777603,-261.739685,1211.443604,78.718277,-342.331238,1097.058838,52.847794,-276.531616,886.651917,170.598022,-204.388733,938.311401,204.066254,-259.736176,845.585938,183.633698,156.594025,948.786621,121.292084,118.714546,1011.336182,-64.389656,-142.89476,1021.762939,-14.255234,-104.482941,958.907776,187.25798
8.65,24.386909,1594.57373,179.543991,49.217037,1546.328369,273.793701,-53.54216,1528.506714,213.518066,-2.638758,1360.29541,48.659016,29.864468,1194.742554,-52.530628,-71.684708,1186.359253,-26.992926,12.293679,1195.03833,240.40033,116.933266,1276.623657,-37.313305,191.794479,1323.309448,115.329605,191.78595,1201.682129,-77.219795,247.172714,1121.311035,-139.082245,291.881866,911.496216,4.234898,239.131577,947.14856,78.427643,271.366425,853.962219,15.55753,-130.694595,1260.245361,24.498007,-138.701813,1320.240356,190.062378,-262.172089,1210.421265,84.580894,-343.240295,1095.914185,61.458138,-274.104645,885.856506,177.794235,-201.218719,937.737427,209.442932,-257.061768,844.9151,190.615784,157.459946,948.473022,118.19873,115.03183,1009.919861,-66.678566,-145.401291,1020.524719,-10.668514,-102.046967,958.424683,190.350662
8.658,24.846313,1595.362793,175.870987,50.523849,1548.177856,270.317627,-52.626438,1529.211304,210.812073,-4.124726,1360.098022,47.419502,25.685335,1193.247437,-51.57502,-74.798584,1185.502197,-25.274351,16.02766,1196.219849,239.440872,113.002319,1276.041138,-41.178955,192.172775,1323.838989,108.946075,186.844452,1201.014526,-82.769653,241.005371,1120.621704,-145.913132,289.494598,911.497437,-2.719956,239.036331,947.625061,72.880173,269.260803,854.008545,9.407613,-132.662399,1259.620605,27.103941,-136.68515,1320.646973,192.457092,-262.243042,1209.886963,90.779297,-343.912231,1095.482056,70.275856,-271.478516,885.810547,185.167435,-197.746338,937.760498,214.744598,-254.101212,844.823975,197.622665,158.370377,948.777649,115.035797,111.345627,1008.937622,-68.853645,-147.792786,1019.818909,-6.775114,-99.608543,958.499939,193.670898
8.667,25.311804,1596.863403,172.066864,51.862373,1550.636963,266.779541,-51.655941,1530.719116,208.207764,-5.877581,1360.522705,46.288498,21.721994,1192.955811,-52.388546,-77.940735,1185.281006,-23.771484,19.867155,1197.908081,238.55368,108.919807,1276.033203,-44.993294,192.321152,1324.876465,102.498474,181.652771,1201.047485,-88.338158,234.503052,1120.643555,-152.642258,286.663452,912.062622,-9.691339,238.30246,948.369141,66.962738,267.240875,854.778992,3.135623,-134.587509,1259.668335,29.86187,-134.608276,1321.721436,195.025177,-262.150452,1210.227417,97.133186,-344.287079,1095.80603,79.416801,-268.525055,886.385315,192.441711,-194.100403,938.490112,220.034988,-250.908249,845.472351,204.595688,159.151245,949.657898,111.854164,107.43158,1008.784424,-71.076126,-150.279282,1019.851807,-2.630136,-97.069977,959.272522,197.28952
8.675,25.761961,1599.035156,168.26796,53.534252,1554.018311,263.363708,-50.707897,1532.879639,205.616882,-7.539777,1361.626953,45.329227,17.5082,1193.410767,-53.095104,-81.17411,1185.761108,-21.775003,23.920881,1200.22644,237.773819,104.585831,1276.694092,-48.630543,192.215683,1326.616455,96.100594,176.198059,1201.666504,-93.815331,227.699036,1121.251465,-159.201187,283.773865,913.497253,-16.503208,237.606094,949.935059,60.975822,264.784088,856.144409,-2.935372,-136.379578,1260.384888,32.778751,-132.189362,1323.59729,197.622696,-261.815887,1211.291138,103.711533,-344.425751,1096.919434,88.547005,-265.439911,887.642456,200.086014,-190.055374,939.852173,225.094254,-247.356277,846.814697,211.684143,159.933792,951.314087,108.759644,103.481995,1009.418152,-72.931763,-152.628616,1020.507812,1.936979,-94.34272,960.487976,200.846954
8.683,26.19058,1601.957397,164.460358,54.855305,1557.937622,259.795349,-49.604202,1535.839355,203.035019,-9.305497,1363.484375,44.534229,13.234727,1194.684692,-53.51746,-84.439079,1186.994019,-19.452129,28.168701,1203.201782,237.120789,100.153091,1278.168945,-52.079796,191.962769,1329.114868,89.546432,170.371689,1203.056396,-99.082321,220.388687,1122.608154,-165.734222,280.444397,915.822632,-23.329226,236.308182,952.59668,55.205048,262.068573,858.503479,-8.893888,-138.251358,1261.928345,36.106857,-129.634842,1325.985596,200.495224,-261.091461,1213.163208,110.320274,-344.235657,1098.877075,97.891273,-262.036072,889.850586,207.362045,-185.867371,941.958435,230.124115,-243.616302,848.854675,218.628494,160.431122,953.470825,105.717072,99.383026,1011.064392,-74.706306,-155.144165,1022.040588,6.60846,-91.417961,962.272095,204.458954
8.692,26.552303,1605.580444,160.515884,56.238068,1562.771851,256.064514,-48.659431,1539.437988,200.429443,-11.112829,1366.170532,43.877922,8.883247,1196.733887,-53.85545,-87.753098,1189.097412,-16.886379,32.38446,1206.807129,236.296875,95.410828,1280.449219,-55.356213,191.527481,1332.189697,83.17041,164.289352,1205.336304,-104.271172,212.560471,1124.702026,-172.090134,276.866974,919.033325,-29.868153,234.657654,956.169922,49.483459,259.269653,861.721558,-14.723003,-140.04306,1264.304199,39.778057,-126.88401,1329.216797,203.499268,-260.288361,1215.831421,117.27597,-343.653748,1101.681763,107.293892,-258.338104,892.721069,214.553665,-181.48027,944.817261,234.956268,-239.768829,851.725891,225.403198,160.851944,956.565918,102.61718,95.086082,1013.718018,-76.406311,-157.484863,1024.412109,11.739787,-88.320129,964.888,208.251266
8.7,26.948965,1609.868042,156.640533,57.634846,1568.28186,252.439529,-47.558937,1543.846558,197.712646,-13.035631,1369.663574,43.429146,4.395057,1199.698364,-53.883343,-91.076424,1192.165649,-14.153241,36.570087,1211.213135,235.406113,90.67141,1283.53186,-58.393646,190.835602,1336.114868,76.859032,157.887665,1208.315918,-109.099098,204.290848,1127.655151,-178.309692,273.125366,923.177246,-36.324596,232.507431,960.502197,43.878998,256.194763,865.901672,-20.403051,-141.744263,1267.696289,43.442379,-123.807808,1333.180786,206.554932,-259.074341,1219.453735,124.055023,-342.808472,1105.35791,116.71804,-254.476227,896.321655,221.420044,-176.903625,948.417664,239.613922,-235.470566,855.30072,232.088181,161.059814,960.498474,99.496864,90.696518,1017.280579,-77.835922,-159.57756,1027.419434,17.413607,-84.698105,967.777771,210.419632
8.708,27.318272,1615.007324,152.922806,59.035511,1574.447144,248.872543,-46.462025,1548.967896,195.352417,-14.821197,1374.053223,43.137833,-0.1087,1203.425903,-53.815411,-94.318085,1195.965576,-11.112028,40.899979,1216.138794,234.44017,85.797829,1287.413818,-61.212742,189.99469,1340.741699,70.561287,151.173828,1212.200073,-113.740974,195.57019,1131.285645,-184.026459,268.907288,928.27417,-42.724854,230.303024,965.884949,38.338326,252.986969,870.958923,-25.992172,-143.387772,1271.876709,47.49184,-120.64267,1338.053833,209.80481,-258.131378,1224.186035,131.045013,-341.583649,1109.733032,126.043259,-250.349579,900.89978,228.375763,-172.21048,952.869873,244.291367,-231.086945,859.601624,238.46196,161.280334,965.359192,96.5383,86.259262,1021.585205,-79.045204,-161.581833,1031.32605,23.017841,-81.096321,971.88562,213.956284
8.717,27.671789,1620.762329,149.188354,60.465881,1581.418457,245.351822,-45.3615,1554.834351,192.793228,-16.626081,1379.115723,43.000908,-4.6793,1208.022949,-53.311066,-97.507004,1200.741333,-7.885803,45.193932,1221.898926,233.320007,80.753555,1292.218506,-63.914845,188.990997,1346.161621,64.408081,144.273392,1216.88147,-117.995163,186.521057,1135.734009,-189.60376,264.548981,934.084839,-48.773018,227.815964,972.03772,32.949371,249.596252,877.030762,-31.488247,-144.986099,1276.972168,51.814476,-117.369194,1343.714722,212.996872,-256.802429,1229.674561,138.094513,-340.051147,1115.061768,135.301758,-245.78656,906.177612,235.171494,-167.4039,958.062195,248.844086,-226.374313,864.838928,244.793365,161.337631,971.125183,93.514145,81.655342,1026.920898,-80.437546,-163.381897,1035.979736,29.132925,-77.293777,977.020691,217.366196
8.725,28.048803,1627.193604,145.598419,61.851002,1588.905762,241.81813,-44.41394,1561.483643,190.634338,-18.367207,1385.05249,43.055573,-9.333932,1213.544556,-52.727913,-100.870544,1206.591309,-5.382553,49.494617,1228.498901,232.148132,75.703629,1297.685059,-66.2808,187.835602,1352.290161,58.355701,137.169449,1222.472046,-122.073753,177.085022,1140.971069,-194.855484,259.846863,940.645752,-54.763699,225.06926,978.925293,27.584002,245.77243,883.99823,-36.922451,-146.441483,1282.942017,56.123814,-114.000923,1350.209961,216.222748,-255.358093,1235.907837,145.121109,-338.63208,1121.508301,144.4198,-241.237137,912.23175,241.447311,-162.520004,964.042175,253.184402,-221.628922,870.621033,250.847183,161.437912,977.783752,90.436707,76.779144,1032.973511,-81.641335,-164.939957,1041.536987,35.405514,-73.262894,982.930786,220.720413
8.733,28.40312,1634.537231,142.24144,63.33313,1597.11438,238.444183,-43.317036,1568.747437,188.257736,-20.230349,1391.79895,43.137737,-13.922935,1219.759399,-51.911419,-103.902153,1212.997437,-1.387914,53.900921,1236.029053,230.948502,70.457527,1304.013062,-68.507492,186.474518,1359.105591,52.379265,129.904846,1228.687622,-125.805962,167.392792,1146.935425,-199.655624,254.893631,948.00824,-60.493698,222.327957,986.798889,22.442406,241.989883,891.656189,-42.243481,-147.807159,1289.78186,60.488682,-110.504463,1357.420288,219.363464,-253.72052,1243.077637,152.227982,-336.416779,1128.284668,153.412598,-236.431,918.902039,247.544556,-157.654068,970.81543,257.654907,-216.697311,877.237122,256.738007,161.8591,985.523071,87.606133,72.144661,1039.585815,-82.243568,-166.520493,1047.897827,41.81316,-69.004547,989.683472,224.092163
8.742,28.826283,1642.40271,139.063263,64.758919,1605.89978,235.290787,-42.244965,1576.715454,186.17334,-22.075396,1399.16272,43.390621,-18.596418,1226.710449,-50.937469,-106.979485,1220.022949,2.342351,58.014229,1244.456665,229.652893,65.116592,1311.099609,-70.450378,184.861984,1366.724243,46.508305,122.585266,1235.717529,-129.186996,157.636703,1153.727173,-204.007904,249.93544,956.137329,-66.187813,219.508606,995.149902,17.415855,238.034592,900.119812,-47.416668,-149.06926,1297.31897,64.967735,-106.885017,1365.452515,222.320496,-252.127228,1251.078369,159.183701,-334.116608,1135.888428,162.284241,-231.647141,926.449768,253.190155,-152.250046,978.152954,261.211304,-211.881363,884.534912,262.371765,161.843369,993.813293,84.197128,66.923347,1047.616821,-83.537323,-167.595993,1054.925415,48.349182,-64.505035,997.213379,227.105515
8.75,29.147541,1650.87439,135.919952,66.086006,1615.141724,232.203949,-41.16394,1585.358398,184.303787,-23.879244,1407.154907,43.647896,-23.202217,1234.240479,-49.625565,-109.870766,1227.751343,6.183634,62.282948,1253.651367,228.302124,59.723209,1318.832153,-72.34433,183.061844,1374.933228,40.720074,115.143463,1243.474976,-132.365051,147.765442,1161.199463,-208.135162,244.867691,964.798401,-71.571533,216.569992,1004.318237,12.522467,234.102081,909.08075,-52.517097,-150.197174,1305.482666,69.367409,-103.400864,1374.105347,225.119705,-250.384811,1259.841675,166.145081,-331.66452,1144.220093,171.152847,-226.744766,934.63678,258.601746,-147.046921,986.123535,264.702942,-206.468643,892.257996,267.844299,161.912369,1003.018005,80.801453,61.841358,1056.187012,-84.368233,-168.626663,1062.563599,55.076645,-60.013599,1005.28479,229.964066
8.758,29.70116,1659.888062,133.231857,67.470459,1624.797974,229.263626,-40.169205,1594.439209,182.578995,-25.645916,1415.776245,44.029243,-27.811192,1242.409546,-48.295425,-112.792839,1236.115112,10.076623,66.617645,1263.911255,226.845978,54.125423,1327.164551,-73.880722,180.93187,1383.711426,35.173534,107.744408,1251.778687,-135.305038,137.956055,1169.306885,-211.688461,239.781891,974.376465,-77.387787,213.789612,1014.45459,8.553928,230.131165,918.853149,-57.380093,-151.214966,1314.33252,73.749046,-99.896935,1383.513672,227.785538,-248.654541,1269.292358,173.070328,-328.973969,1153.111084,179.771484,-221.900864,943.349365,263.807129,-141.799988,994.490662,267.355927,-201.363174,900.726318,272.869781,161.875122,1012.821106,77.295776,56.688129,1065.359131,-84.923264,-169.505463,1070.711792,61.618881,-55.492992,1014.132263,232.58139
8.767,30.144608,1669.429688,130.557144,68.688217,1634.523682,226.21817,-39.069687,1604.054443,180.738464,-27.505621,1424.868774,44.283154,-32.314243,1250.95874,-46.67189,-115.535866,1245.015137,14.030418,70.574364,1274.544312,225.217651,48.637379,1335.870605,-75.160416,178.756958,1393.003296,29.657396,100.393944,1260.688965,-138.059906,128.317978,1178.031738,-214.868378,234.615753,984.329529,-82.379761,210.687805,1024.493286,3.45001,226.120041,929.179199,-62.501648,-152.24791,1323.73877,78.029602,-96.46244,1393.414185,230.332642,-246.751602,1279.342651,179.840225,-326.244629,1162.633545,188.20784,-216.817596,952.583679,268.294189,-136.627472,1003.606567,270.443726,-196.093491,909.836548,277.861572,161.692551,1023.337463,73.71801,51.46106,1075.143799,-85.343018,-170.323471,1079.364014,68.189499,-50.935005,1023.420105,235.081558
8.775,30.75877,1679.266724,128.169891,70.096718,1644.878052,223.623383,-38.016476,1613.983765,179.063141,-29.390045,1434.320801,44.888229,-36.817207,1260.115601,-44.963329,-118.244438,1254.38855,17.995243,74.82663,1285.931763,223.389618,43.161606,1345.038452,-76.058899,176.436279,1402.654419,24.394896,93.239662,1269.909424,-140.392792,118.617744,1187.317993,-218.205719,229.701248,994.844055,-87.24868,207.566269,1035.127319,-1.174587,222.390076,939.862183,-67.211777,-153.03537,1333.267212,82.636185,-93.041687,1403.581665,232.152939,-244.823868,1289.963745,186.5383,-323.387207,1172.714111,196.405075,-211.747559,962.224487,272.450592,-131.429596,1013.024597,272.869965,-190.822083,919.293274,281.86734,161.427872,1034.307983,70.101868,46.068138,1085.39856,-85.670029,-171.030945,1088.44873,74.53476,-46.289841,1033.0979,237.270157
8.783,31.267248,1689.279663,125.858795,71.468826,1655.040283,221.137802,-36.902275,1624.230469,177.831711,-31.141674,1444.066895,45.54731,-41.138058,1269.608276,-43.164631,-120.854103,1264.17688,21.878452,78.327362,1297.677002,221.493896,37.78167,1354.548706,-76.693527,173.816986,1412.683105,19.444479,86.152939,1279.627808,-142.351364,109.50161,1196.74939,-220.196075,224.885056,1005.656982,-91.949249,203.96701,1045.813721,-5.106078,218.485352,950.976196,-72.040901,-153.909561,1343.765381,86.267418,-89.672173,1414.098755,234.33725,-243.013336,1301.021484,193.078979,-320.482513,1183.03186,204.382416,-206.680969,972.444519,276.207336,-126.255867,1022.896545,275.023254,-185.817047,929.281372,285.632996,161.071198,1045.628296,66.381256,41.051746,1096.218262,-85.559532,-171.562805,1097.94751,80.729027,-41.86261,1043.194458,239.236816
8.792,31.944475,1699.348145,123.68457,73.002495,1665.462402,218.619736,-35.853161,1634.456787,176.108063,-32.969818,1453.952759,46.70718,-45.379383,1279.380615,-41.390038,-123.286201,1274.139404,25.777641,81.780098,1309.752563,219.294006,32.472137,1364.215576,-76.977676,171.20546,1422.867676,14.793714,79.085587,1289.58313,-143.927811,100.381348,1206.546143,-222.331497,220.062225,1016.711487,-96.632637,200.912933,1056.791626,-9.143623,214.689606,962.262451,-76.57782,-154.579849,1354.108276,90.408524,-86.096725,1424.819214,237.065033,-241.07756,1312.199951,199.523651,-317.426239,1193.703857,211.838776,-201.693237,983.042358,279.675934,-121.208481,1033.144775,276.963318,-180.779129,939.895874,288.929443,160.802826,1057.283203,62.955624,35.974438,1107.181152,-85.656784,-172.137421,1107.612549,86.627266,-37.260281,1053.662842,242.378754
8.8,32.684807,1709.365723,121.663948,74.470337,1675.580444,216.314682,-34.681953,1644.840942,175.04805,-34.407738,1464.012817,47.808559,-49.472801,1289.689819,-40.173527,-125.670341,1284.355225,29.474066,84.814873,1321.944336,216.927292,27.408571,1374.313232,-77.45932,168.224289,1433.2854,10.254442,72.287621,1299.633545,-145.274429,91.608452,1216.596313,-224.250626,215.543961,1027.876587,-101.156197,197.869629,1067.750244,-13.256322,211.015488,973.423218,-81.093552,-155.216415,1364.576904,94.23954,-82.949753,1435.678955,238.249451,-238.83252,1323.350342,205.591599,-314.515289,1204.420898,218.996765,-196.499908,993.666565,282.953217,-116.160156,1043.711914,278.892609,-175.419617,950.411377,291.974823,160.525955,1069.410767,59.435822,30.923197,1118.152222,-85.738235,-172.302902,1117.564697,91.980843,-33.389084,1064.226685,243.176147
8.808,33.489342,1719.336548,119.816811,76.120567,1685.731079,214.070709,-33.581429,1654.911255,173.820511,-35.98571,1474.122437,48.607903,-53.643574,1299.66748,-38.401791,-127.777023,1294.609375,33.088963,87.836975,1334.098633,214.651474,22.384855,1384.368164,-77.739883,165.415894,1443.50354,6.093246,65.871864,1309.752686,-145.888412,83.220261,1226.633423,-225.728577,210.968124,1038.8125,-105.62722,195.086716,1078.503296,-17.206682,207.306534,984.473938,-85.536224,-155.681442,1375.175049,97.900375,-79.978539,1446.436523,239.70369,-236.722214,1334.539551,211.337112,-311.584595,1215.068604,225.43541,-191.433929,1004.519348,285.848663,-111.355743,1054.663696,280.323944,-169.992966,961.366394,294.59137,159.047607,1080.775024,55.509018,25.948433,1129.080078,-85.795761,-172.243958,1127.634644,97.556213,-29.370972,1075.073975,244.735703
8.817,34.423473,1728.8302,117.9673,77.88475,1695.297974,211.902924,-32.33572,1665.00647,172.605881,-37.711742,1484.32373,49.166286,-57.42284,1309.714966,-36.671589,-129.927658,1304.923828,36.607441,90.282158,1345.91394,212.12294,17.62409,1394.388916,-78.039009,162.235489,1453.824829,2.089351,59.719162,1319.939819,-146.958542,75.289459,1236.627686,-226.872574,206.640945,1049.553589,-109.919785,192.311951,1088.911499,-21.11272,203.6586,995.318054,-89.903656,-156.040756,1385.423584,101.572586,-77.065742,1456.933838,241.236389,-234.478638,1345.485229,216.662155,-309.015076,1225.734741,231.485825,-186.283386,1015.409729,288.51828,-106.528862,1065.940674,281.925659,-164.539856,972.331604,296.815552,158.08902,1092.537598,51.795952,21.079393,1139.854492,-85.920143,-172.060486,1137.766724,102.302254,-25.644184,1086.065918,245.947937
8.825,35.263733,1737.915527,116.22052,79.469238,1704.373901,209.8582,-31.242666,1674.556152,171.666962,-39.290821,1494.105225,49.888035,-60.976074,1319.630371,-34.884712,-131.851532,1314.881592,39.852283,92.348198,1357.494019,209.684525,12.800033,1404.262817,-78.222298,159.153915,1463.727905,-1.654179,53.90696,1329.994995,-148.047592,67.883614,1246.376709,-227.896759,202.253479,1059.872925,-114.152252,189.615982,1098.898315,-24.881954,199.877121,1005.794067,-94.413109,-156.220108,1395.468018,104.999153,-74.256996,1467.177979,242.552963,-232.32933,1356.202881,221.64653,-306.134033,1235.745972,236.94072,-181.142822,1026.259399,290.90097,-101.789574,1077.165527,283.547089,-158.923859,983.270569,298.906342,157.063507,1104.003296,47.996407,16.319336,1150.328857,-86.088806,-172.090652,1147.421875,106.844437,-22.031469,1097.099365,247.041565
8.833,36.319012,1746.533447,114.784401,81.209236,1712.750366,207.892517,-30.056017,1683.538452,170.728363,-40.742523,1503.063232,51.491943,-64.354797,1329.173584,-33.318798,-133.566971,1324.503052,43.031178,94.439796,1368.810547,207.252777,8.17864,1413.722534,-78.454033,155.633881,1473.268188,-5.243053,48.319332,1339.729248,-149.131393,60.91066,1255.826904,-228.988144,198.149582,1069.743774,-118.155846,186.66571,1108.393188,-28.554352,196.158432,1015.626282,-98.526222,-156.375717,1405.120728,108.292534,-71.889938,1476.903809,243.737518,-230.102661,1366.379883,226.247223,-303.474976,1245.517456,241.846954,-176.038757,1036.904785,293.121826,-97.224747,1088.382568,284.969116,-153.356445,994.023682,300.822968,155.90065,1115.013184,44.160694,11.62583,1160.292603,-86.251045,-171.932037,1156.80603,111.149391,-18.55208,1108.072754,247.920578
8.842,37.440159,1754.529297,113.447189,82.976082,1720.364258,205.907745,-28.804796,1691.921021,169.605255,-42.075172,1511.981567,51.507305,-67.59687,1338.270264,-31.944525,-135.123886,1333.619751,45.926804,96.655945,1379.899414,204.910629,3.753464,1422.521484,-78.259216,152.140823,1482.219482,-8.585865,43.153736,1348.828857,-150.065918,54.423141,1264.723877,-229.966797,193.957825,1078.894165,-122.109077,183.915192,1117.259033,-32.180061,192.462982,1024.926514,-102.535385,-156.493988,1414.170776,111.422684,-69.436256,1486.020996,244.822678,-227.810425,1376.02124,230.253998,-300.764099,1254.651611,246.316574,-170.802521,1047.136108,295.216156,-92.720932,1099.208618,286.337952,-147.714447,1004.361511,302.647675,154.893585,1125.626953,40.15464,7.055647,1169.780518,-86.42276,-171.654556,1165.875,115.134369,-15.069162,1118.962402,248.647354
8.85,38.42297,1761.75061,112.168297,84.649399,1727.105225,204.111816,-27.722567,1699.604248,169.136246,-43.519196,1519.810791,52.63702,-70.507935,1346.671997,-30.468979,-136.53978,1342.188843,48.543365,98.448013,1390.473877,202.659637,-0.526506,1430.935059,-78.380226,148.801895,1490.534668,-11.759451,38.175632,1357.410767,-151.221283,48.303089,1273.128174,-231.124771,190.044464,1087.459351,-125.889153,181.49852,1125.623413,-35.536846,188.727982,1033.407104,-106.460754,-156.663116,1422.494507,114.217865,-67.48867,1494.444214,245.598236,-225.724854,1384.809082,233.827469,-298.012543,1263.078857,250.37796,-165.731247,1056.825806,296.993622,-88.377663,1109.532715,287.589417,-142.110626,1014.15625,304.479858,153.957336,1135.585205,36.022572,2.776345,1178.657959,-86.583549,-171.276978,1174.557373,118.640511,-11.582229,1129.710083,249.053696
8.858,39.329575,1768.335083,111.055077,86.383018,1733.30249,202.586044,-26.587172,1706.521973,168.402603,-45.165138,1526.984619,53.772163,-73.158333,1354.260986,-29.136667,-137.771927,1349.91333,50.962811,100.024277,1400.621704,200.332428,-4.743265,1438.669189,-78.64933,145.420273,1498.142578,-14.908593,33.409977,1365.14624,-152.481277,42.685883,1280.87561,-232.311203,186.09433,1095.244507,-129.663345,178.436371,1133.207886,-39.1241,185.123795,1041.271606,-110.134956,-156.854355,1429.743408,116.703232,-65.530746,1502.092285,246.18042,-223.549835,1392.644653,236.960388,-295.491364,1270.63562,254.133759,-161.227646,1065.717773,298.991974,-84.220581,1119.10022,288.732147,-136.780121,1023.322449,306.237274,153.10527,1144.858276,32.138042,-1.298952,1186.935425,-86.920479,-170.972366,1182.750244,121.743149,-8.072222,1140.216675,249.443558
8.867,40.011383,1774.247559,109.895073,87.891991,1738.78064,200.808136,-25.557636,1712.700073,168.370148,-46.460747,1533.503662,53.983826,-75.585281,1360.846313,-28.124901,-138.826294,1356.542236,53.083332,101.210411,1410.489258,198.125153,-8.540191,1445.281738,-78.946045,142.577225,1504.828979,-17.777262,29.05439,1371.963745,-153.790115,37.449055,1287.817993,-233.657303,182.271194,1102.209351,-133.264526,175.825531,1140.031982,-42.63686,181.544159,1048.250244,-113.86216,-157.16008,1436.085327,118.789124,-64.058769,1509.098877,246.56041,-221.727692,1399.43689,239.557831,-292.941986,1277.254761,257.566254,-156.237869,1073.732056,300.833221,-80.247719,1127.836792,289.948456,-131.337509,1031.479248,307.99585,152.328247,1153.414185,28.397266,-5.200343,1194.511963,-87.411972,-170.751541,1190.429199,124.612305,-4.655457,1150.269653,249.682709
8.875,40.580685,1779.550537,109.026047,89.196877,1743.497925,199.310135,-24.411821,1718.067139,168.31781,-48.044052,1538.960327,55.121513,-77.818733,1366.431274,-27.40534,-139.816727,1362.000732,54.802628,102.16925,1419.717041,195.83728,-11.924094,1451.050903,-79.514206,139.697586,1510.821777,-20.856813,24.878798,1377.98291,-154.926865,32.593678,1293.796387,-235.007645,178.712509,1108.279907,-136.720245,173.42392,1146.020508,-46.058052,178.109528,1054.376221,-117.254379,-157.548721,1441.464478,120.442276,-62.796093,1515.256348,246.645737,-219.822174,1405.141846,241.806107,-290.553619,1282.804077,260.594696,-151.648132,1080.817261,302.694366,-76.303963,1135.583496,291.259125,-126.245262,1038.487793,309.60965,151.511063,1161.178345,24.931257,-8.616426,1201.343872,-88.399986,-170.421173,1197.359497,127.06144,-1.62947,1159.519409,249.918228
8.883,41.036865,1784.311523,108.318253,90.609413,1747.830688,198.030426,-23.496281,1722.765503,167.785431,-49.125538,1543.897095,54.906635,-79.687279,1370.816528,-26.735867,-140.544113,1366.472656,56.225174,102.369713,1428.249146,193.639526,-15.088886,1455.710205,-80.234146,136.874084,1516.071045,-24.184286,20.927868,1383.02417,-156.130737,28.061096,1299.017212,-236.508713,175.241318,1113.521851,-140.196991,171.044861,1151.171021,-49.448719,174.73407,1059.454224,-120.760796,-158.133667,1445.993286,121.716179,-61.817226,1520.494629,246.644547,-218.25647,1409.8396,243.88736,-288.324646,1287.282593,263.189331,-147.325409,1086.835938,304.232758,-72.375519,1142.266479,292.732727,-121.279243,1044.817871,311.192719,150.989059,1168.018555,21.675776,-11.67102,1207.045166,-89.471519,-170.264374,1203.587646,129.238449,1.105388,1167.643433,250.307556
8.892,41.452564,1788.31604,107.453972,92.055504,1751.518188,196.690475,-22.488569,1726.668213,167.322769,-50.297684,1547.811035,55.030823,-81.747505,1374.560059,-26.427725,-141.17482,1370.044678,57.405102,102.346779,1435.886841,191.351959,-17.924084,1459.507446,-80.85997,134.270309,1520.48291,-27.363503,17.276663,1387.157471,-157.379684,23.707783,1303.278442,-237.999008,171.998322,1117.685791,-143.531357,168.996475,1155.431763,-52.713486,171.499527,1063.803467,-124.029869,-158.587845,1449.557617,122.871124,-60.864918,1525.004272,246.88414,-216.685364,1413.488281,245.545334,-286.00885,1290.679565,265.629272,-142.946167,1091.653442,305.999481,-68.620903,1147.860596,294.109528,-116.765358,1050.207764,312.820038,150.524689,1173.877319,18.738239,-13.481209,1212.645752,-89.625839,-170.208939,1208.499634,131.598572,3.6612,1174.640991,250.693802
8.9,41.865429,1791.784302,106.757004,93.219223,1754.580444,195.617996,-21.709259,1729.945801,166.624466,-51.196404,1551.062012,55.00515,-83.619591,1377.459229,-26.185709,-141.968262,1372.931763,58.40797,101.786583,1442.707031,189.186508,-20.684238,1462.550049,-81.58709,131.684067,1524.11145,-30.543146,13.972732,1390.237427,-158.570175,19.506117,1306.628052,-239.448166,168.900146,1121.019897,-146.733276,167.179428,1158.765015,-55.915405,168.266846,1067.069336,-127.186996,-158.704773,1452.503052,123.97776,-60.147316,1528.82666,247.063644,-215.26181,1416.126953,246.610855,-283.551758,1293.044067,267.73172,-138.714859,1095.665161,307.762695,-64.888702,1152.400513,295.391327,-112.478363,1054.685791,314.448578,149.973068,1178.755615,16.071718,-15.338084,1215.99231,-86.800377,-170.074249,1212.719971,133.745926,6.364085,1180.277466,250.612976
8.908,42.16087,1794.636475,106.101151,94.435295,1757.030518,194.314529,-20.985241,1732.602417,166.171219,-51.941715,1553.754883,54.407867,-85.522041,1379.661621,-26.254105,-142.721603,1375.03894,59.252422,101.279518,1448.546997,187.12468,-23.223316,1464.955933,-82.466537,129.599854,1526.959229,-33.937599,10.727282,1392.485107,-159.764313,15.522319,1308.942505,-240.944168,165.995132,1123.412842,-149.890472,165.588562,1161.493774,-59.220543,165.132935,1069.493408,-130.138718,-158.589279,1454.614502,124.896179,-59.472107,1531.972412,247.483505,-214.04921,1417.939575,247.863113,-281.255402,1294.58374,269.423462,-134.545868,1098.636841,309.350067,-61.28796,1155.950195,296.324554,-108.102921,1058.094727,316.265137,149.511185,1182.488281,13.595016,-17.44912,1219.130249,-87.22052,-169.702042,1216.044312,135.694916,9.113161,1184.842529,250.501785
8.917,42.593369,1797.024414,105.807632,95.542992,1758.910522,193.209442,-20.22801,1734.852783,165.952179,-52.695793,1555.68042,54.256313,-87.270851,1381.261841,-26.188295,-143.329666,1376.40686,60.16753,101.348183,1453.14502,185.192596,-25.777023,1466.477173,-83.54879,127.312172,1529.140381,-37.212627,7.540055,1393.847168,-161.111588,11.526519,1310.301392,-242.111725,163.146591,1124.866211,-152.932526,164.382339,1163.477295,-62.272396,161.966034,1071.256836,-133.1306,-158.584457,1456.272339,125.705231,-58.914219,1534.278442,247.832184,-212.609894,1418.952637,248.956268,-278.914886,1295.238892,270.792664,-130.463104,1100.635498,311.051727,-57.759933,1158.468018,297.086548,-103.753204,1060.680176,317.996216,148.061096,1184.881714,11.672276,-19.301023,1221.363525,-87.725861,-169.024353,1218.6698,137.474075,11.726722,1188.251953,250.037964
8.925,42.965538,1798.810303,104.39373,96.555077,1760.219849,192.139465,-19.116255,1736.384033,166.214417,-53.576782,1556.981934,54.158928,-89.182716,1381.927124,-26.534454,-144.081009,1377.226929,60.970871,101.880913,1456.585327,183.366714,-28.391621,1467.424072,-84.704956,125.003624,1530.559204,-40.576534,4.407982,1394.476929,-162.455811,7.437225,1310.915649,-243.557037,160.371964,1125.650024,-155.860443,163.271881,1164.474609,-65.315407,158.945877,1072.23584,-135.833939,-158.684097,1457.26001,126.417297,-58.250759,1535.817627,248.227585,-211.372299,1419.326294,250.211334,-276.371429,1295.155273,272.234558,-126.266701,1101.728394,312.650116,-54.118885,1160.060669,297.57373,-99.457741,1062.253296,319.694763,147.209152,1186.616943,9.307164,-21.30826,1222.794067,-88.307159,-167.853073,1220.525757,139.744873,14.277334,1190.543457,249.369629
8.933,43.319103,1799.825562,104.409973,97.925064,1760.905884,191.070572,-18.14967,1737.581909,166.125931,-54.414482,1557.525635,53.587208,-91.076019,1382.068481,-26.706459,-144.835312,1377.418823,61.787144,102.14045,1458.755737,181.656082,-31.091545,1467.696045,-85.775749,122.743004,1531.383301,-43.792736,1.287528,1394.28894,-163.9758,3.303949,1310.549438,-244.671005,157.609253,1125.584717,-158.693817,162.436996,1164.80603,-68.288933,155.817352,1072.360596,-138.658371,-158.345062,1457.532227,127.526802,-57.33704,1536.797241,248.547165,-209.701279,1419.097656,251.483475,-273.539398,1294.337891,274.071289,-122.134674,1102.081543,314.157959,-50.668903,1160.767456,297.728912,-94.837051,1062.867065,321.45636,146.413757,1187.398315,7.063225,-23.187653,1223.587769,-88.966766,-166.915421,1221.717773,141.250763,16.802193,1191.740479,248.521164
8.942,43.935555,1800.55188,103.96244,99.289223,1761.070557,190.487457,-17.367628,1737.885132,165.625916,-55.494419,1557.422729,53.353653,-92.949226,1381.631348,-26.702169,-145.502716,1377.05481,62.65617,102.2593,1459.598877,180.095459,-33.848049,1467.342896,-86.74749,120.265419,1531.670898,-46.969528,-1.941506,1393.47522,-165.3526,-0.851128,1309.431763,-245.262695,154.940414,1124.708618,-161.418137,161.622787,1164.357544,-71.208649,152.931595,1071.849854,-141.223801,-158.066956,1457.21814,128.82692,-56.024078,1536.984985,248.941544,-208.15831,1418.30188,253.101532,-270.644989,1292.893677,275.622955,-118.010231,1101.652222,315.608093,-47.015236,1160.583008,297.701294,-90.516151,1062.853027,322.909271,145.395874,1187.394287,4.852188,-25.304201,1223.672607,-89.455948,-165.937256,1221.939819,142.941727,19.256231,1192.078125,247.641708
8.95,44.596462,1800.30188,103.819237,100.704033,1760.661011,189.807037,-16.46184,1737.750244,165.322266,-56.457386,1556.94519,52.312843,-94.8992,1380.630371,-26.549028,-146.145721,1376.160767,63.64233,102.643608,1459.609985,178.195602,-36.706207,1466.430298,-87.624847,117.920799,1531.28186,-50.102222,-5.288355,1392.043335,-166.409042,-5.192494,1307.465942,-245.545807,152.245667,1123.287842,-164.009094,160.71228,1163.197021,-74.079918,149.991745,1070.710938,-143.97168,-158.01712,1456.650757,129.896088,-54.828499,1536.552124,249.115875,-206.300613,1416.991333,254.879379,-267.614014,1290.961182,277.314362,-113.616737,1100.451416,316.873352,-43.357605,1159.697754,297.530823,-86.097893,1062.128784,324.321045,144.249908,1186.577271,2.626364,-27.448208,1223.038208,-89.87011,-164.904068,1221.322876,144.459518,21.550669,1191.464355,246.577545
8.958,45.38205,1799.709106,103.913757,101.989319,1759.127441,188.692078,-15.170497,1737.220093,166.028061,-57.850655,1555.540039,52.453186,-96.798103,1379.243286,-26.26384,-146.885818,1374.810425,64.667618,103.119415,1458.612793,176.201736,-39.561371,1465.00415,-88.222076,115.452957,1530.351807,-52.936668,-8.818569,1390.150879,-167.318314,-9.592022,1304.987061,-245.579773,149.428192,1121.089722,-166.591858,159.656189,1161.292358,-76.767479,147.175308,1068.913696,-146.444229,-158.149872,1455.571655,131.120911,-53.281689,1535.353149,249.201828,-204.264252,1415.204712,256.750549,-264.579865,1288.532227,279.027161,-109.373367,1098.787476,317.846222,-39.546581,1158.106567,297.199097,-81.555077,1060.657715,325.481659,142.886505,1185.012817,0.483235,-29.755617,1221.744507,-90.130348,-164.043396,1219.929199,146.137833,23.925524,1190.233521,245.500778
8.967,46.314148,1798.301636,103.406616,103.413361,1756.986328,187.482986,-14.215129,1735.755005,165.533478,-59.283882,1554.856812,50.91428,-98.684174,1377.413452,-25.913082,-147.677673,1372.986816,65.570198,103.570778,1456.37915,174.036026,-42.443771,1463.074341,-88.785034,113.029129,1528.68396,-55.615601,-12.361239,1387.654541,-167.926224,-13.994946,1302.018921,-245.635681,146.629745,1118.382812,-168.876312,158.299683,1158.696899,-79.300613,144.35112,1066.446777,-148.930023,-158.11438,1453.816772,132.536041,-51.819626,1533.681274,249.131805,-202.215057,1412.891235,258.786652,-261.234741,1285.453857,281.200806,-105.022186,1096.327881,318.729492,-35.688854,1155.875122,296.653687,-77.024445,1058.595703,326.457184,141.409973,1182.926392,-1.900382,-32.219597,1219.80835,-90.262291,-163.106918,1217.764282,147.793518,26.007074,1188.21582,244.356415
