Time,Bone_Marker_Sammy:HeadTop_D_Position_X,Bone_Marker_Sammy:HeadTop_D_Position_Y,Bone_Marker_Sammy:HeadTop_D_Position_Z,Bone_Marker_Sammy:HeadFront_E_Position_X,Bone_Marker_Sammy:HeadFront_E_Position_Y,Bone_Marker_Sammy:HeadFront_E_Position_Z,Bone_Marker_Sammy:HeadSide_F_Position_X,Bone_Marker_Sammy:HeadSide_F_Position_Y,Bone_Marker_Sammy:HeadSide_F_Position_Z,Bone_Marker_Sammy:BackTop_9_Position_X,Bone_Marker_Sammy:BackTop_9_Position_Y,Bone_Marker_Sammy:BackTop_9_Position_Z,Bone_Marker_Sammy:BackLeft_A_Position_X,Bone_Marker_Sammy:BackLeft_A_Position_Y,Bone_Marker_Sammy:BackLeft_A_Position_Z,Bone_Marker_Sammy:BackRight_B_Position_X,Bone_Marker_Sammy:BackRight_B_Position_Y,Bone_Marker_Sammy:BackRight_B_Position_Z,Bone_Marker_Sammy:Chest_C_Position_X,Bone_Marker_Sammy:Chest_C_Position_Y,Bone_Marker_Sammy:Chest_C_Position_Z,Bone_Marker_Sammy:LShoulderBack_11_Position_X,Bone_Marker_Sammy:LShoulderBack_11_Position_Y,Bone_Marker_Sammy:LShoulderBack_11_Position_Z,Bone_Marker_Sammy:LShoulderTop_10_Position_X,Bone_Marker_Sammy:LShoulderTop_10_Position_Y,Bone_Marker_Sammy:LShoulderTop_10_Position_Z,Bone_Marker_Sammy:LUArmHigh_13_Position_X,Bone_Marker_Sammy:LUArmHigh_13_Position_Y,Bone_Marker_Sammy:LUArmHigh_13_Position_Z,Bone_Marker_Sammy:LElbowOut_12_Position_X,Bone_Marker_Sammy:LElbowOut_12_Position_Y,Bone_Marker_Sammy:LElbowOut_12_Position_Z,Bone_Marker_Sammy:LWristOut_15_Position_X,Bone_Marker_Sammy:LWristOut_15_Position_Y,Bone_Marker_Sammy:LWristOut_15_Position_Z,Bone_Marker_Sammy:LWristIn_16_Position_X,Bone_Marker_Sammy:LWristIn_16_Position_Y,Bone_Marker_Sammy:LWristIn_16_Position_Z,Bone_Marker_Sammy:LHandOut_14_Position_X,Bone_Marker_Sammy:LHandOut_14_Position_Y,Bone_Marker_Sammy:LHandOut_14_Position_Z,Bone_Marker_Sammy:RShoulderBack_18_Position_X,Bone_Marker_Sammy:RShoulderBack_18_Position_Y,Bone_Marker_Sammy:RShoulderBack_18_Position_Z,Bone_Marker_Sammy:RShoulderTop_17_Position_X,Bone_Marker_Sammy:RShoulderTop_17_Position_Y,Bone_Marker_Sammy:RShoulderTop_17_Position_Z,Bone_Marker_Sammy:RUArmHigh_1A_Position_X,Bone_Marker_Sammy:RUArmHigh_1A_Position_Y,Bone_Marker_Sammy:RUArmHigh_1A_Position_Z,Bone_Marker_Sammy:RElbowOut_19_Position_X,Bone_Marker_Sammy:RElbowOut_19_Position_Y,Bone_Marker_Sammy:RElbowOut_19_Position_Z,Bone_Marker_Sammy:RWristOut_1C_Position_X,Bone_Marker_Sammy:RWristOut_1C_Position_Y,Bone_Marker_Sammy:RWristOut_1C_Position_Z,Bone_Marker_Sammy:RWristIn_1D_Position_X,Bone_Marker_Sammy:RWristIn_1D_Position_Y,Bone_Marker_Sammy:RWristIn_1D_Position_Z,Bone_Marker_Sammy:RHandOut_1B_Position_X,Bone_Marker_Sammy:RHandOut_1B_Position_Y,Bone_Marker_Sammy:RHandOut_1B_Position_Z,Bone_Marker_Sammy:WaistLFront_5_Position_X,Bone_Marker_Sammy:WaistLFront_5_Position_Y,Bone_Marker_Sammy:WaistLFront_5_Position_Z,Bone_Marker_Sammy:WaistLBack_7_Position_X,Bone_Marker_Sammy:WaistLBack_7_Position_Y,Bone_Marker_Sammy:WaistLBack_7_Position_Z,Bone_Marker_Sammy:WaistRBack_8_Position_X,Bone_Marker_Sammy:WaistRBack_8_Position_Y,Bone_Marker_Sammy:WaistRBack_8_Position_Z,Bone_Marker_Sammy:WaistRFront_6_Position_X,Bone_Marker_Sammy:WaistRFront_6_Position_Y,Bone_Marker_Sammy:WaistRFront_6_Position_Z
0.0,87.781479,1678.035522,19.069246,162.903885,1599.160156,15.880663,79.22541,1610.017822,101.800613,-118.353996,1445.365723,23.796011,-188.063385,1266.24707,-20.631508,-183.023331,1263.958496,83.984924,87.56752,1321.073608,39.913769,-171.236694,1348.285522,-106.40374,-21.795597,1416.648804,-159.416687,-181.00058,1265.130981,-198.970688,-213.091843,1178.634033,-268.88092,-25.818262,1003.095276,-266.298187,20.947397,1046.885498,-191.392731,-18.359961,951.836853,-246.020981,-152.894379,1345.280273,150.013687,-5.067567,1433.656372,181.976349,-61.767632,1280.118042,299.140106,-6.172771,1164.781738,379.974823,229.612671,1205.916992,305.083679,190.630936,1264.218628,244.098022,292.060638,1233.107422,296.509583,34.8741,1055.283203,-120.604858,-159.439484,1092.786743,-111.455948,-152.416138,1101.20813,158.372391,59.059593,1068.2854,148.004272
0.008,86.916214,1677.5354,18.16923,162.019592,1598.759766,15.12903,78.191841,1609.800903,100.73336,-119.526222,1444.951172,22.526373,-188.920151,1265.78186,-21.85117,-184.16539,1263.708618,82.673576,86.964897,1322.22522,39.046158,-172.033035,1347.656616,-107.596054,-22.715256,1416.259644,-160.571579,-181.415314,1264.150879,-200.461044,-212.947495,1177.453003,-270.180267,-24.946096,1002.768372,-266.721436,21.334923,1046.77356,-191.644653,-17.339521,951.534119,-246.462006,-154.399857,1345.137085,149.028732,-6.957288,1434.146729,180.514191,-57.827496,1278.987793,298.273071,3.374024,1164.556885,377.105194,236.780258,1217.196045,301.517151,194.945511,1274.318481,241.015717,298.297241,1250.102417,293.153687,34.509109,1055.484009,-121.023964,-159.81752,1092.132812,-112.444191,-153.149414,1101.168457,157.428177,56.969044,1068.629517,146.608887
0.017,85.960609,1677.146362,17.101799,161.014297,1598.38501,14.568913,77.033257,1609.533813,99.813469,-120.877968,1444.460815,21.361914,-189.517029,1265.036499,-23.204,-185.352463,1263.323486,81.54213,86.195786,1322.946167,38.106915,-172.936874,1346.949951,-108.891769,-23.806398,1415.918579,-161.632629,-181.743088,1263.114136,-201.68866,-212.809448,1176.225342,-271.65683,-24.056124,1002.378113,-267.25528,21.709558,1046.611328,-191.908676,-16.283516,951.141663,-246.686279,-155.746521,1344.857178,148.240906,-8.902881,1434.50769,178.987839,-53.558014,1278.051758,297.631958,13.212049,1164.509888,374.20575,244.650574,1227.459229,297.06015,199.359741,1284.018921,238.423981,303.678711,1266.834473,290.614807,34.200588,1055.643799,-121.468292,-160.405975,1091.535156,-113.479088,-154.00972,1100.89563,156.305481,56.693779,1069.067383,146.703278
0.025,84.94075,1676.85498,15.783722,159.902573,1597.930298,13.540195,75.750168,1609.209351,98.770767,-122.107399,1443.875122,20.297741,-190.521561,1264.442139,-24.419231,-186.449875,1262.890381,80.383278,85.446671,1323.629883,37.367119,-173.973343,1346.257812,-110.097435,-24.79188,1415.505859,-162.623444,-182.19165,1262.051392,-203.139359,-212.574142,1175.019531,-273.011749,-23.117868,1001.932617,-267.744232,22.045387,1046.359741,-192.134827,-15.284758,950.574402,-247.061951,-157.035477,1344.432495,147.575729,-10.605669,1434.650879,177.636185,-49.185902,1277.352051,296.976318,23.23374,1164.7948,371.221985,252.343475,1237.733276,293.853088,203.850845,1293.094849,235.302917,309.066284,1282.526733,287.842255,33.883984,1055.669434,-121.841011,-160.833954,1090.780518,-114.389366,-154.998886,1100.563354,155.367111,54.979107,1069.254395,145.730118
0.033,83.960846,1676.4021,15.142337,158.973251,1597.446045,12.879837,74.567169,1608.792114,97.818306,-123.48381,1443.203125,19.393055,-191.39386,1263.662354,-25.510469,-187.575089,1262.445923,79.234695,85.018867,1323.745605,37.032394,-174.867905,1345.522095,-111.13295,-25.837191,1415.000732,-163.545685,-182.447479,1260.95752,-204.421463,-212.31163,1173.746094,-274.250427,-22.17972,1001.348755,-268.196655,22.386202,1046.047852,-192.408005,-14.422604,950.227417,-247.573624,-158.220596,1343.861694,147.265732,-12.162211,1434.666626,176.335419,-44.728699,1276.977295,296.448975,33.3283,1165.386719,367.811707,260.121277,1247.503418,290.222412,208.80101,1301.025146,232.6241,314.014709,1297.365845,285.377472,33.60017,1055.555298,-122.201622,-161.220337,1089.856201,-115.473228,-156.179794,1100.105713,154.329193,53.900482,1069.382568,145.238495
0.042,82.842049,1675.762451,14.110975,157.874313,1596.981934,12.006486,73.311935,1608.280273,96.910622,-124.726967,1442.485962,18.599361,-192.321808,1262.891479,-26.593355,-188.765533,1262.007324,78.104347,82.464798,1324.057739,35.136471,-175.724609,1344.790649,-112.205284,-26.856859,1414.55188,-164.41684,-182.738342,1259.914795,-205.777634,-212.030762,1172.419067,-275.610046,-21.382124,1000.860901,-268.502472,22.631472,1045.618896,-192.667847,-13.416251,949.622559,-247.929382,-159.265442,1343.272583,147.076508,-13.430072,1434.444092,174.95549,-40.123428,1276.740845,295.833435,43.234837,1166.291626,364.305542,268.05072,1256.837646,286.283661,214.007614,1308.566528,229.738373,318.412781,1311.119873,282.555969,33.310402,1055.317627,-122.481628,-161.707138,1089.052246,-116.510277,-157.486374,1099.510132,153.211777,52.798069,1069.486694,144.913666
0.05,81.773315,1675.142944,13.188045,156.705383,1596.404785,11.239616,72.14679,1607.734009,96.009079,-125.986488,1441.73938,17.882511,-193.446533,1262.233276,-27.65082,-189.722198,1261.431396,76.968262,81.382896,1324.123413,34.303497,-176.77919,1344.109863,-113.244766,-27.875977,1414.033691,-165.212036,-183.077011,1258.769531,-207.183762,-211.83992,1171.20166,-277.080566,-20.669422,1000.214233,-268.992828,22.968117,1045.177979,-192.904495,-12.371159,948.982178,-248.210709,-160.401657,1342.519287,146.965439,-14.504332,1434.140747,173.616425,-35.495686,1276.508545,295.059814,53.060204,1167.643921,360.623047,275.870728,1265.522705,282.60376,219.448578,1315.263184,226.745712,322.702087,1323.793823,279.681091,33.05558,1055.026489,-122.741096,-162.187057,1087.95752,-117.732491,-158.956772,1098.859375,152.052643,51.540936,1069.411255,144.522751
0.058,80.609436,1674.516479,12.371659,155.745102,1595.776245,10.438124,71.032364,1607.113892,95.289314,-127.377998,1440.943115,17.28931,-194.433517,1261.594482,-28.665796,-190.855545,1260.873413,76.08905,80.338371,1323.911987,33.376236,-177.664185,1343.245361,-114.01329,-28.824446,1413.455566,-165.923538,-183.371292,1257.630493,-208.436523,-211.585373,1169.902222,-278.297363,-19.845341,999.444275,-269.552399,23.218048,1044.733032,-193.196045,-11.551516,948.24115,-248.556366,-161.191116,1341.725464,147.039734,-15.249159,1433.576538,172.364975,-30.796814,1276.567261,294.151764,62.820576,1169.194214,356.92514,283.386475,1274.160278,279.18158,225.70256,1320.700806,223.338943,326.760468,1335.581055,277.062988,32.747959,1054.607422,-122.973785,-162.546402,1086.920044,-118.762314,-160.615997,1098.033936,150.967575,50.156311,1069.129517,144.236786
0.067,79.408806,1673.693359,11.637787,154.541519,1595.024658,9.83501,69.723602,1606.413452,94.394035,-128.623306,1440.096069,16.842745,-195.36409,1260.805298,-29.553637,-192.132355,1260.307373,75.455269,79.429276,1323.437866,32.762104,-178.565002,1342.36731,-115.013115,-29.819317,1412.780273,-166.682724,-183.662949,1256.38855,-209.800171,-211.351273,1168.475098,-279.723969,-19.120289,998.851013,-270.030243,23.391117,1044.211304,-193.421631,-10.571939,947.651733,-249.108978,-161.940765,1340.833984,147.261383,-15.905539,1432.900879,171.019699,-26.103443,1276.413208,292.809174,72.087303,1171.008789,352.920502,291.132324,1282.084473,276.050232,231.966537,1325.915894,219.748932,330.421082,1346.61792,274.696442,32.361328,1054.074951,-123.195564,-162.859741,1085.611572,-119.933006,-162.396408,1097.156372,149.768448,48.86047,1068.844238,143.937393
0.075,78.266579,1672.98877,10.792985,153.428589,1594.252075,9.141044,68.423767,1605.59436,93.760956,-129.920303,1439.280151,16.324596,-196.440445,1259.852295,-30.404615,-193.25264,1259.52417,74.828056,78.115768,1322.546997,32.020664,-179.492218,1341.685547,-115.879066,-30.721785,1412.036743,-167.29805,-184.014587,1255.18042,-211.222595,-211.074295,1167.095947,-281.181152,-18.303093,998.108032,-270.55246,23.572721,1043.650513,-193.718582,-9.6115,946.82196,-249.575592,-162.508331,1340.070435,147.473618,-16.251726,1432.27417,169.771637,-21.519958,1276.299683,291.246368,80.981407,1173.01001,349.162354,298.664337,1289.182007,273.011688,238.745193,1330.331177,216.071091,334.141846,1356.721924,272.47699,32.098618,1053.572632,-123.449081,-163.401321,1084.503174,-121.081146,-164.303131,1096.091797,148.630585,47.380764,1068.346436,143.664871
0.083,77.195374,1672.140747,10.314559,152.288864,1593.317749,8.670832,67.098198,1604.661255,92.979134,-131.090912,1438.386475,15.929775,-197.521255,1259.106689,-31.178343,-194.331573,1258.80127,74.378387,76.807098,1321.354492,31.501781,-180.505066,1340.824463,-116.666656,-31.71109,1411.248901,-167.983032,-184.340973,1253.845581,-212.581848,-210.881348,1165.657593,-282.644531,-17.496433,997.188599,-270.984161,23.734119,1042.88501,-194.021469,-8.571857,945.944641,-249.972672,-163.000778,1339.178345,147.709213,-16.463068,1431.312744,168.320557,-16.779362,1276.210938,289.377319,89.789238,1174.898193,344.217987,306.226074,1295.508545,270.331451,245.948196,1334.275024,212.090271,337.715851,1365.721558,270.568054,31.778131,1052.980225,-123.686157,-163.711807,1083.112061,-122.240044,-166.173035,1094.849731,147.399414,45.776993,1067.693237,143.523834
0.092,75.915703,1671.089844,9.796637,151.035248,1592.379028,8.126902,65.855194,1603.690063,92.437805,-132.200607,1437.41626,15.485251,-198.49823,1258.248779,-31.858538,-195.388504,1258.081177,73.779541,75.388153,1319.897095,30.892485,-181.441681,1339.824829,-117.349785,-32.645851,1410.237793,-168.546982,-184.75029,1252.442139,-214.016525,-210.653442,1164.000488,-284.055206,-16.775526,996.326904,-271.411743,23.908571,1042.224365,-194.285294,-7.549079,945.125488,-250.41008,-163.381042,1338.203979,148.076309,-16.465107,1430.303101,166.721741,-12.229943,1276.250366,287.254578,97.780197,1176.838013,339.799072,313.623688,1301.278564,267.641846,253.424377,1337.746582,208.111389,341.527588,1373.337524,268.693634,31.387794,1052.253052,-123.951706,-163.97464,1081.685425,-123.247185,-168.122314,1093.503052,146.221176,44.231884,1067.099976,143.374252
0.1,74.710472,1670.054932,9.235475,149.988007,1591.465576,7.614886,64.473488,1602.595337,91.835258,-133.400909,1436.420654,15.051011,-199.617752,1257.449585,-32.488503,-196.405762,1257.387939,73.521309,74.055641,1318.292847,30.466269,-182.307632,1338.880615,-118.015419,-33.565941,1409.199829,-169.148026,-185.126038,1251.001221,-215.589935,-210.33609,1162.305786,-285.602203,-15.910836,995.36084,-271.915924,24.107367,1041.551392,-194.582565,-6.621284,944.163452,-250.893585,-163.715363,1337.453979,148.397476,-16.397423,1429.278442,165.206451,-8.074857,1276.228149,284.86676,105.296928,1178.821899,335.2117,320.908142,1306.141113,265.223785,261.202148,1340.700073,204.384766,345.660522,1379.883057,266.771973,30.997456,1051.530273,-124.267624,-164.369507,1080.372314,-124.284401,-169.975464,1092.129028,144.961258,42.566677,1066.361572,143.333588
0.108,73.399246,1669.106201,8.741022,148.718384,1590.410156,7.367225,62.997742,1601.421143,91.239197,-134.452408,1435.424438,14.636255,-200.491638,1256.367432,-32.870029,-197.376038,1256.591553,73.277405,72.674995,1316.384521,29.7535,-183.31279,1337.784912,-118.64138,-34.581512,1407.96936,-169.746414,-185.510468,1249.376221,-217.074387,-210.163162,1160.559204,-287.198578,-15.091498,994.441589,-272.404846,24.335983,1040.703491,-194.875702,-5.516262,943.306213,-251.317596,-164.134003,1336.650146,148.656296,-16.191509,1427.786743,163.458557,-4.000274,1276.305298,282.363983,112.406502,1180.536621,330.185181,328.129425,1310.053711,262.773163,268.946136,1343.39624,200.5224,350.09137,1384.975586,264.83075,30.494886,1050.721069,-124.684502,-164.858505,1078.927856,-125.293686,-171.856583,1090.571655,143.860214,41.081661,1065.498413,143.348297
0.117,72.143181,1667.872192,8.235196,147.322189,1589.428223,6.944241,61.659065,1600.264648,90.77652,-135.535309,1434.300415,14.24679,-201.514587,1255.321289,-33.350391,-198.376663,1255.563477,73.199348,71.452049,1314.417236,29.232069,-184.277283,1336.606445,-119.193214,-35.461967,1406.80249,-170.276413,-185.952255,1247.739136,-218.660156,-209.901108,1158.571899,-288.606415,-14.070122,993.403381,-272.896179,25.098473,1039.987061,-195.551727,-4.339008,942.170349,-251.727966,-164.619888,1335.744629,149.028488,-16.146858,1426.393921,161.602737,-0.386323,1276.350586,280.272583,118.77668,1182.130127,325.127533,335.341217,1312.929688,260.439972,276.995605,1345.185303,196.298676,355.029877,1388.885132,262.779877,30.113741,1049.987793,-125.06485,-165.331802,1077.567749,-126.146034,-173.588715,1088.983887,142.688721,39.531937,1064.520874,143.389771
0.125,70.796944,1666.702881,7.837118,146.169266,1588.417603,6.571223,60.05975,1598.903564,90.082924,-136.464279,1433.11145,13.805852,-202.521683,1254.289673,-33.710659,-199.2276,1254.629639,72.959503,70.575195,1312.202393,28.581274,-185.283966,1335.318848,-119.646996,-36.469387,1405.355591,-170.868439,-186.333878,1245.935791,-220.268341,-209.677124,1156.650513,-290.312256,-13.099851,992.384888,-273.334534,25.201696,1039.050781,-195.671234,-3.435882,941.221191,-252.113434,-165.022842,1334.825684,149.26915,-15.963472,1424.730103,159.825089,2.994919,1276.186523,278.169983,124.853607,1183.621826,320.016113,342.459717,1314.949219,258.20517,285.023224,1346.792114,192.039459,360.630524,1391.519531,260.802765,29.721148,1049.189453,-125.558807,-165.760712,1075.923706,-126.907211,-175.234253,1087.272217,141.448944,37.992355,1063.532715,143.482498
0.133,69.206032,1665.492432,7.348392,144.906403,1587.30957,6.192273,58.654613,1597.694336,89.602989,-137.573883,1431.847168,13.367306,-203.627045,1252.981567,-33.951721,-200.101013,1253.61377,73.011879,69.89003,1309.820923,27.82917,-186.21788,1333.932373,-120.147911,-37.430672,1403.807373,-171.376266,-186.805725,1243.921631,-221.850662,-209.449036,1154.451904,-291.913635,-12.212721,991.191223,-273.885132,25.410727,1038.05896,-195.998581,-2.393323,940.132629,-252.601349,-165.461884,1333.910889,149.533279,-15.822062,1422.940186,158.143082,6.298131,1275.826294,274.645538,130.195343,1184.86084,314.866028,349.392029,1315.925293,255.918564,293.287201,1347.719849,188.139206,366.794983,1392.95105,258.671631,29.250662,1048.437744,-126.052887,-166.530228,1074.453369,-127.739029,-176.76622,1085.629761,140.525223,36.591404,1062.379395,143.490082
0.142,67.792084,1664.175171,6.901793,143.441864,1586.233887,5.873654,56.974331,1596.221802,88.990692,-138.619797,1430.429077,12.977735,-204.657089,1251.72168,-34.147305,-200.988861,1252.309082,73.064369,69.315796,1307.266602,27.059118,-187.258255,1332.309082,-120.539566,-38.488708,1402.180908,-171.895508,-187.22496,1241.863037,-223.421707,-209.178787,1152.233398,-293.623413,-11.203217,990.064392,-274.41861,25.520617,1037.054688,-196.208008,-1.344271,939.043884,-253.164566,-165.822128,1332.774414,149.712646,-15.779153,1421.249512,156.460388,9.001536,1275.328979,272.39798,135.022827,1185.849487,309.625916,356.293304,1315.827271,253.731583,301.385315,1347.913086,184.436554,373.621399,1393.048584,256.596497,28.798952,1047.581055,-126.659203,-167.217957,1072.716919,-128.428314,-178.069611,1083.949463,139.490356,35.215714,1061.126953,143.455353
0.15,66.143318,1662.812378,6.337255,142.216614,1585.05896,5.567157,55.508076,1594.830566,88.535538,-139.566956,1429.003174,12.531785,-205.635681,1250.285522,-34.297771,-201.996323,1251.190674,73.009651,68.767448,1304.686768,26.164196,-188.333023,1330.803589,-120.900551,-39.627602,1400.374878,-172.594269,-187.688858,1239.543457,-224.917007,-208.844131,1149.883545,-295.374298,-10.138991,988.685974,-275.061951,25.631662,1035.9104,-196.438843,-0.235571,937.769226,-253.579773,-166.228058,1331.547974,149.826157,-15.769165,1419.008179,154.649979,11.447101,1274.740845,270.308685,139.355133,1186.765747,304.498871,363.059235,1314.699219,251.457001,310.562988,1346.352539,184.579834,381.070557,1391.847412,254.551865,28.332304,1046.654907,-127.242905,-168.101501,1070.96814,-129.092545,-179.496353,1082.170898,138.553375,33.919407,1059.684326,143.453598
0.158,64.426735,1661.330688,5.868645,140.732666,1583.85022,5.192974,53.690788,1593.278198,87.915871,-140.628555,1427.362305,12.193321,-206.701736,1248.718872,-34.388409,-202.853745,1249.671143,73.203804,68.177505,1302.082031,25.329016,-189.408661,1328.990112,-121.342079,-40.701267,1398.775635,-173.394836,-188.269989,1237.258179,-226.619598,-208.632278,1147.481201,-297.16391,-9.174286,987.413452,-275.562653,25.780094,1034.651001,-196.708878,0.777563,936.520081,-254.100296,-166.684677,1330.329468,149.928879,-15.812028,1416.915527,152.920792,13.643543,1273.954834,268.272858,143.57518,1187.346313,299.113281,369.529022,1312.414307,249.077301,319.002716,1345.059692,181.288147,388.757355,1389.421631,252.351456,27.778189,1045.717651,-127.95195,-168.967865,1069.179443,-129.788422,-180.648727,1080.237793,137.666458,32.772667,1058.181885,143.309479
0.167,62.7449,1659.838745,5.245354,139.304718,1582.647339,4.876131,52.207436,1591.754272,87.425468,-141.653427,1425.747314,11.698781,-207.861481,1247.138916,-34.527443,-203.796875,1248.278687,73.198448,67.647041,1299.48999,24.454721,-190.357193,1327.080688,-121.641937,-41.844208,1396.728394,-174.080841,-188.648376,1234.656006,-228.109955,-208.286911,1144.934082,-298.962952,-8.132182,985.874451,-276.199554,25.903797,1033.417114,-196.95459,1.66092,935.153076,-254.736984,-167.225067,1328.740601,150.099792,-15.970882,1414.550781,151.356216,15.414528,1273.321777,267.24588,146.967453,1187.938721,294.035095,376.068329,1308.893188,246.796692,327.419006,1343.035522,178.472427,397.385101,1385.636475,250.473022,27.141251,1044.656128,-128.663727,-169.902954,1067.288574,-130.344986,-181.799026,1078.334473,136.961487,31.66407,1056.37854,143.100067
0.175,60.925743,1658.218018,4.753968,137.736557,1581.270874,4.533001,50.335846,1590.088135,86.740692,-142.643921,1423.975952,11.456532,-208.995819,1245.366943,-34.544846,-204.695068,1246.547119,73.292984,67.0578,1296.904785,23.592005,-191.403168,1325.140015,-121.947075,-42.970482,1394.622437,-174.640747,-189.060211,1232.037842,-229.617157,-207.885696,1142.464233,-300.820282,-7.172549,984.422485,-276.884552,26.000683,1031.954468,-197.259293,2.745171,933.677002,-255.226105,-167.758362,1327.319702,150.234695,-16.175989,1412.376831,149.868912,17.159039,1272.314331,265.666321,150.293762,1188.484253,288.998322,382.776062,1304.338501,244.376633,336.027405,1340.095093,175.679977,406.243347,1380.369019,248.540787,26.496698,1043.478882,-129.383408,-170.885742,1065.23877,-130.875977,-182.829224,1076.323364,136.308075,30.633814,1054.449463,142.817703
0.183,59.043224,1656.646729,4.012927,136.348465,1580.072754,4.048947,48.683319,1588.605469,86.184669,-143.685532,1422.111572,11.211709,-210.023788,1243.413452,-34.643711,-205.569717,1244.903198,73.376083,66.525826,1294.328125,22.567675,-192.620758,1323.015381,-122.241508,-43.993378,1392.361938,-175.173706,-189.3974,1229.3573,-231.189133,-207.514877,1139.859375,-302.691223,-6.164064,982.84436,-277.557037,26.114481,1030.432861,-197.629669,3.759625,932.078674,-255.888947,-168.273636,1325.52771,150.36409,-16.520926,1410.114746,148.603256,18.732033,1271.055054,263.609253,153.104004,1188.937378,284.105286,389.228577,1298.466553,241.994461,344.840302,1336.3125,172.83638,415.652496,1373.725342,246.840958,25.801504,1042.190063,-130.087234,-171.889832,1063.146118,-131.453339,-183.87587,1074.257202,135.80336,29.659521,1052.42749,142.461884
0.192,57.256435,1654.978394,3.476648,134.765808,1578.74646,3.832716,46.741405,1586.854248,85.537086,-144.749054,1420.202148,10.735293,-211.171036,1241.560669,-34.743767,-206.624908,1242.9375,73.393356,65.751183,1291.974121,21.500313,-193.615509,1320.895752,-122.611382,-45.224041,1390.136719,-175.777847,-189.758392,1226.513428,-232.65123,-207.003708,1137.293335,-304.645386,-5.094544,981.042236,-278.182129,26.288851,1028.765259,-197.998077,4.664029,930.425903,-256.619232,-168.962616,1323.831177,150.365356,-17.08243,1407.994873,147.336105,20.031275,1269.793213,261.496643,155.763077,1189.455933,279.42981,395.388641,1291.744873,239.895859,353.64975,1331.509277,170.354095,425.153564,1365.605469,245.28093,25.144299,1040.803833,-130.769409,-172.99588,1060.963257,-131.871735,-184.813126,1072.028442,135.223663,28.775816,1050.404663,141.968903
0.2,55.181896,1653.284546,2.804587,133.119476,1577.501709,3.297981,45.117405,1585.44458,85.035645,-145.834152,1418.234253,10.334414,-212.246536,1239.463013,-34.796211,-207.574265,1241.132812,73.461685,65.023979,1289.619385,20.422709,-194.592255,1318.558838,-122.841263,-46.300884,1387.766113,-176.26033,-190.008347,1223.595459,-234.06456,-206.414291,1134.549438,-306.642395,-4.136461,979.232422,-278.856659,26.501947,1027.026855,-198.489395,5.546848,928.581726,-257.255127,-169.618103,1321.943359,150.336792,-17.721739,1405.946289,146.120193,21.337973,1268.413818,259.423187,157.999084,1190.029907,274.972351,401.298309,1283.816284,237.737457,362.46521,1325.728027,167.918961,434.78006,1356.091064,243.851852,24.241095,1039.266357,-131.44632,-173.971619,1058.67334,-132.304642,-185.659866,1069.764771,134.731354,27.816256,1048.225952,141.391266
0.208,53.404968,1651.756348,2.098646,131.584549,1576.199219,2.983592,43.208355,1583.797363,84.445938,-146.888672,1416.384766,10.064735,-213.235489,1237.460571,-34.959351,-208.48967,1239.07251,73.438316,64.217461,1287.51416,19.135775,-195.560257,1316.243896,-123.129593,-47.436359,1385.491089,-176.830887,-190.222137,1220.63916,-235.593094,-205.807266,1131.988281,-308.73645,-3.133394,977.450378,-279.664764,26.763639,1025.259521,-198.942657,6.47431,926.857483,-257.91922,-170.222244,1319.983032,150.450363,-18.554222,1404.022461,145.298431,22.507626,1267.188477,257.369995,160.171707,1190.61084,270.552124,406.750885,1275.172607,235.798004,371.01825,1319.095581,165.610855,444.132935,1345.15271,242.494873,23.387302,1037.591675,-132.055695,-175.024414,1056.389648,-132.796188,-186.574295,1067.465454,134.391037,27.203024,1045.88623,140.287109
0.217,51.290192,1650.232178,1.651602,129.83522,1574.9823,2.53374,41.635948,1582.42041,84.000404,-147.959763,1414.374146,9.827483,-214.174561,1235.307739,-35.01976,-209.409439,1237.037354,73.388504,63.382423,1285.483154,17.939053,-196.638016,1314.001953,-123.404915,-48.58046,1383.163818,-177.347916,-190.328278,1217.680542,-237.187225,-205.007614,1129.441162,-310.85611,-1.950357,975.608582,-280.500092,27.194387,1023.508789,-199.466293,7.530477,925.029602,-258.832184,-170.906448,1318.105835,150.439987,-19.271875,1402.425903,144.490677,23.528103,1265.975708,255.144562,161.931793,1191.492798,266.557556,411.39447,1265.959595,233.860123,379.258179,1311.869751,162.99527,453.387115,1333.065308,241.20871,22.632545,1035.814575,-132.702469,-175.923019,1053.995239,-133.248154,-187.339645,1065.002197,133.884842,26.286358,1043.955322,140.175812
0.225,49.488594,1648.751099,0.938042,128.371521,1573.876343,2.052747,39.784649,1580.954346,83.44149,-149.085953,1412.558594,9.75153,-215.128189,1233.18042,-35.083107,-210.36557,1235.246826,73.347466,62.621899,1283.635986,16.641939,-197.594879,1311.676758,-123.703506,-49.596867,1380.919556,-177.815536,-190.431732,1214.752686,-238.695465,-204.038513,1126.911499,-313.059174,-0.771895,973.727844,-281.341217,27.624573,1021.571655,-200.019592,8.494177,923.193726,-259.639008,-171.631317,1316.128296,150.333817,-20.210649,1400.883057,143.563278,24.538486,1264.900269,252.9617,163.498856,1192.24585,262.912262,415.223145,1256.337646,232.069153,387.017975,1303.929932,160.840881,462.308777,1319.627197,240.002106,21.851196,1034.118652,-133.376846,-176.848373,1051.638062,-133.609451,-188.130981,1062.55188,133.441467,25.604954,1041.813843,139.464737
0.233,47.57452,1647.378906,0.474167,126.739349,1572.708008,1.737135,38.288265,1579.734497,83.102142,-150.151367,1410.728394,9.468193,-216.149048,1231.327148,-35.316299,-211.301468,1233.217651,73.163589,61.693672,1281.892822,15.475982,-198.476212,1309.466064,-123.901459,-50.696281,1378.890137,-178.309235,-190.365509,1211.870972,-240.132523,-202.966476,1124.568604,-315.246307,0.508176,971.954224,-282.283142,28.175369,1019.78302,-200.615036,9.555027,921.432739,-260.591522,-172.163788,1314.298462,150.273819,-21.215548,1399.314331,142.60257,25.329704,1263.939087,250.826859,164.799973,1193.272217,259.373169,418.466156,1246.383911,230.194092,394.212341,1295.838379,158.699493,470.234619,1305.228516,238.689377,21.069262,1032.361084,-134.019958,-177.753555,1049.363892,-134.069016,-188.860321,1060.24939,133.068329,24.911724,1039.648438,138.758286
0.242,45.728413,1646.178711,-0.021365,125.202255,1571.853271,1.526665,36.48172,1578.445801,82.620354,-151.186157,1409.049805,9.126437,-216.987671,1229.404297,-35.465866,-212.087814,1231.52771,72.978668,60.768318,1280.268433,14.543452,-199.230576,1307.400879,-124.355354,-51.742794,1376.924316,-178.874969,-190.225204,1209.170532,-241.664429,-201.707504,1122.24353,-317.578186,1.984773,970.326782,-283.384888,28.828444,1018.145325,-201.149719,10.659805,919.879456,-261.38559,-172.698959,1312.488037,150.133179,-21.963037,1397.873047,141.689453,26.272795,1263.148315,248.716095,166.064865,1194.29187,256.185699,420.654053,1236.834106,228.526703,400.78418,1287.257812,156.471176,477.321014,1290.19397,237.508453,20.348364,1030.550049,-134.574478,-178.692657,1047.248535,-134.611572,-189.546906,1058.013062,132.640228,24.709713,1037.530396,138.541458
0.25,43.966236,1645.210205,-0.474472,123.617081,1571.142944,1.120248,34.896149,1577.498169,82.411835,-152.103683,1407.337036,8.694759,-217.856781,1227.809204,-35.738937,-212.920593,1229.821777,72.80587,59.678589,1278.639648,13.52947,-199.953629,1305.453979,-124.64019,-52.673038,1375.260498,-179.336044,-190.026978,1206.413452,-243.159912,-200.238068,1120.22522,-319.836151,3.728907,968.869507,-284.446411,29.666952,1016.59729,-201.74324,12.105265,918.390564,-262.266235,-173.233475,1310.733887,150.021652,-22.605249,1396.449829,140.617416,27.285841,1262.51062,246.867569,167.012207,1195.401123,253.375076,422.052185,1227.612305,226.940414,406.650452,1278.418823,154.377075,483.405243,1274.402954,236.391174,19.733286,1028.949463,-135.18837,-179.573639,1045.314453,-135.007416,-190.283127,1055.893555,132.254181,24.413866,1035.546143,138.248245
0.258,42.009151,1644.348145,-0.55466,122.073906,1570.544312,1.084998,33.247498,1576.598145,82.067505,-153.057999,1405.892212,8.312478,-218.543182,1226.09314,-35.874287,-213.636078,1228.350464,72.583374,58.508099,1277.116699,12.893707,-200.610962,1303.662598,-125.004616,-53.639156,1373.723877,-179.855743,-189.57724,1203.943481,-244.665909,-198.612823,1118.354248,-322.056274,5.751396,967.65686,-285.417755,30.644426,1015.168335,-202.385559,13.575854,917.073853,-263.219849,-173.597763,1309.252441,149.953613,-23.411266,1395.132935,139.809433,28.253187,1261.924438,244.990479,168.062759,1196.637085,250.851486,422.838287,1218.408203,225.702774,412.031647,1269.017212,151.931213,487.857452,1258.275879,235.44725,19.181152,1027.351318,-135.782837,-180.127853,1043.515015,-135.548676,-190.947372,1053.955688,131.866562,23.593199,1033.603882,137.483826
0.267,40.319328,1643.731934,-0.885877,120.41317,1570.1875,0.901979,31.511251,1575.851318,81.878929,-153.849045,1404.676758,8.026679,-219.29422,1224.937866,-36.21246,-214.19664,1227.038574,72.472511,57.308121,1275.717896,12.106421,-201.23494,1302.178223,-125.301186,-54.462704,1372.453369,-180.271576,-188.986221,1201.75,-246.184021,-196.618698,1116.791748,-324.37735,7.93475,966.664734,-286.235718,31.9314,1014.118103,-202.723206,15.364304,916.179932,-264.151672,-173.93782,1308.012085,149.897232,-23.949203,1394.015625,138.834335,29.270575,1261.624634,243.18689,168.869171,1197.886597,248.412872,422.98288,1209.868408,225.05098,416.533752,1259.020142,149.580521,490.814697,1242.12915,235.009735,18.743343,1026.06604,-136.276138,-181.01535,1042.165649,-136.040192,-191.649933,1052.383667,131.605865,23.237713,1032.040039,137.27803
0.275,38.302029,1643.222046,-1.003906,118.952911,1570.182983,0.834142,29.869009,1575.346558,81.602638,-154.481308,1403.726074,7.857548,-220.047195,1224.081787,-36.421604,-214.762329,1226.070801,72.273941,56.305309,1274.445068,11.385371,-201.692398,1300.930664,-125.619637,-55.251114,1371.449341,-180.587051,-188.186401,1199.796143,-247.722946,-194.424866,1115.562012,-326.632416,10.403252,966.074219,-287.033234,33.406116,1013.364075,-203.133224,17.451153,915.518311,-264.952301,-174.161911,1306.914429,149.824036,-24.266409,1393.212036,138.188873,30.222418,1261.723267,241.542221,169.971313,1199.004761,246.078171,422.636017,1201.29895,223.832504,420.252045,1248.442261,147.489914,492.173798,1226.902832,235.046921,18.356058,1025.035156,-136.791229,-181.472549,1040.89563,-136.449066,-192.310486,1051.07373,131.290466,22.404629,1030.528564,136.593719
0.283,36.590706,1643.112061,-1.128297,117.4534,1570.532593,0.70039,28.368046,1575.141724,81.545448,-155.005371,1402.954834,7.640467,-221.070923,1223.356201,-36.325886,-215.248428,1225.436523,72.120224,55.649921,1273.527832,10.416308,-202.01857,1300.039673,-125.945541,-55.926918,1370.677002,-180.848648,-187.093842,1198.13623,-249.306717,-191.759125,1114.618652,-329.145233,13.284057,965.861694,-287.629028,35.001091,1012.955688,-203.302505,19.804466,915.297913,-265.607849,-174.333862,1306.314087,149.882828,-24.235979,1392.543823,137.369415,31.318687,1261.962158,240.053497,170.921646,1199.797363,243.764313,421.848297,1193.411621,223.102951,422.97403,1237.926758,145.761032,491.957123,1212.94812,235.394272,18.010721,1024.368774,-137.179581,-181.985214,1039.972656,-136.978958,-192.930969,1050.068726,130.936523,22.146374,1029.517578,136.539627
0.292,34.538246,1643.213013,-1.174998,116.039467,1571.214844,0.597791,26.761173,1575.166138,81.297272,-155.407211,1402.480103,7.500059,-221.502579,1223.01416,-36.375031,-215.537979,1225.106567,72.123657,55.086983,1272.748535,9.623442,-202.330002,1299.372314,-126.14949,-56.47797,1370.315552,-180.985001,-185.6082,1196.782227,-250.979965,-188.72699,1113.993286,-331.741577,16.466509,966.054321,-287.949158,36.875771,1013.124451,-203.281326,22.350271,915.651367,-266.268921,-174.178467,1305.979248,150.001587,-24.048779,1392.107666,136.642227,32.506031,1262.373901,238.856308,171.677979,1200.462158,241.749008,420.81781,1186.37793,222.637039,425.024719,1228.045166,144.549194,490.99231,1200.805908,236.04361,17.730392,1024.09021,-137.426498,-182.483353,1039.490112,-137.351151,-193.538834,1049.554077,130.741577,21.42387,1028.743164,136.313538
0.3,32.633099,1643.715576,-1.232057,114.569855,1572.188477,0.629522,25.341354,1575.428955,81.331734,-155.738693,1402.249878,7.391445,-221.861603,1222.958862,-36.404961,-215.781708,1225.072266,72.193008,54.734447,1272.107788,8.973153,-202.599609,1299.110352,-126.289841,-56.947483,1370.212891,-181.047302,-183.992065,1195.712402,-252.779221,-185.423889,1113.622925,-334.453491,20.049328,966.793091,-288.118805,38.956551,1013.789917,-203.024719,25.418795,916.573364,-266.672028,-173.959717,1306.033447,150.110794,-23.661909,1391.796875,135.809525,33.43359,1262.855957,237.998688,172.349518,1200.8927,240.184052,419.66272,1179.856445,222.782562,425.84845,1218.316162,144.584213,490.105804,1190.644653,236.989685,17.494493,1024.162964,-137.6138,-182.502655,1039.120972,-137.846527,-193.972046,1049.31897,130.540039,21.163342,1028.390381,136.496185
0.308,30.741604,1644.40332,-1.155993,113.048607,1573.376587,0.589831,23.692333,1575.963135,81.204285,-155.931,1402.381104,7.387003,-222.082336,1223.154785,-36.327335,-215.611145,1225.357666,72.399826,54.471764,1271.731079,8.462434,-202.761185,1299.173218,-126.367897,-57.260899,1370.353027,-181.006134,-182.113831,1195.028931,-254.640259,-181.36937,1113.555176,-337.231537,23.98299,968.016052,-288.26062,41.156849,1014.956726,-202.579269,28.903484,917.898926,-266.959137,-173.670258,1306.417603,150.236649,-23.004059,1391.869507,135.167435,34.429916,1263.621094,237.343307,172.844574,1200.726562,238.604736,418.408844,1173.852173,223.425491,426.178314,1210.129028,144.58844,489.275238,1181.623535,238.132507,17.274603,1024.668213,-137.729324,-182.856827,1039.303833,-138.065811,-194.296173,1049.362183,130.304535,20.814842,1028.437988,136.629532
0.317,28.76688,1645.363159,-1.053377,111.761131,1575.053955,0.601664,22.265554,1576.81311,81.136169,-156.009537,1402.832275,7.347642,-222.258026,1223.70752,-36.20784,-215.795425,1225.999878,72.662048,54.326443,1271.688843,7.973766,-202.790253,1299.603516,-126.543533,-57.370129,1370.702271,-180.856934,-179.883865,1194.635254,-256.784698,-177.520645,1114.052979,-340.231781,28.552351,969.857117,-287.97467,43.725445,1016.598572,-202.015945,32.830986,920.027832,-267.044037,-173.326904,1307.243408,150.403915,-22.215584,1392.092896,134.57048,35.275539,1264.495728,237.225586,172.939484,1199.898315,237.220673,417.25,1168.26355,224.288971,426.153351,1203.142578,144.632233,488.224609,1173.901611,239.207397,17.079185,1025.575928,-138.133301,-183.056213,1039.795044,-138.113968,-194.520721,1049.737427,130.157364,20.600115,1028.890625,136.849167
0.325,26.933474,1646.710693,-1.044769,110.226181,1576.995728,0.425758,20.742044,1577.919067,81.06916,-155.91951,1403.646973,7.232101,-222.362061,1224.634277,-36.042114,-215.502945,1226.974854,72.990807,54.329067,1271.971191,7.65838,-202.813431,1300.321289,-126.557365,-57.281876,1371.376221,-180.681885,-177.40506,1194.699585,-258.971924,-172.710449,1114.471558,-343.192169,33.427814,972.189392,-287.521606,47.201077,1019.371277,-201.641296,37.35355,922.668762,-267.181122,-172.849854,1308.466675,150.489212,-21.318472,1392.493286,134.013351,36.164757,1265.293701,237.343292,172.591354,1198.448486,236.05368,416.037018,1162.950684,224.854904,425.791473,1197.34314,144.64856,486.954376,1167.186279,239.615417,16.999247,1026.946533,-138.444733,-183.352753,1040.669678,-138.163498,-194.591064,1050.345703,130.033768,20.360258,1029.614258,137.059235
0.333,24.885653,1648.356567,-0.938489,109.00811,1579.360718,0.371714,19.306965,1579.238892,81.073181,-155.626205,1404.610596,7.164134,-222.260254,1225.685181,-35.865669,-215.232147,1228.306274,73.141388,54.484898,1272.584595,7.363788,-202.675339,1301.233154,-126.51503,-57.07103,1372.429565,-180.590836,-174.62291,1195.066528,-261.414337,-167.745987,1115.469238,-346.213654,38.857845,975.321167,-287.02829,50.52367,1022.326355,-200.777466,42.624195,925.742126,-266.981384,-172.352798,1309.701904,150.605057,-20.225891,1393.068237,133.636063,36.625793,1265.89563,237.491928,171.718536,1196.854492,235.144577,414.996887,1157.937012,224.931076,425.056091,1192.632202,144.510147,485.654053,1161.880371,239.493057,16.790157,1028.379883,-138.601837,-183.570587,1041.707153,-138.228088,-194.511475,1051.385986,129.814499,20.363092,1030.640381,137.336807
0.342,22.883352,1650.180542,-0.79158,107.402344,1581.768921,0.699636,17.878969,1580.963257,80.918968,-155.215347,1405.787964,7.004117,-222.156113,1226.986938,-35.681225,-214.97998,1229.794067,73.35939,54.710369,1273.422119,7.22494,-202.272141,1302.459961,-126.845314,-56.58461,1373.639282,-180.444809,-171.543503,1195.807251,-263.863373,-162.397598,1116.605591,-349.178314,44.987984,979.056274,-286.355225,53.977295,1025.957275,-199.606628,48.56356,929.301758,-266.886566,-171.850632,1311.317261,150.674072,-19.443945,1393.940063,133.521103,36.849178,1266.38501,237.643753,170.7155,1195.137939,234.366989,413.709167,1153.687256,224.243881,424.067108,1188.896484,144.16333,484.62384,1157.605103,239.102722,16.931217,1030.161377,-138.749527,-183.861481,1043.0271,-138.247818,-194.32724,1052.814331,129.843826,20.29104,1031.981201,137.598114
0.35,20.815773,1652.231079,-0.801756,106.099861,1584.53064,0.830235,16.405535,1582.742554,80.891357,-154.781662,1407.222534,6.883504,-221.951645,1228.661133,-35.644138,-214.691422,1231.448364,73.415886,55.041752,1274.501343,7.22443,-201.790054,1303.952881,-127.135513,-55.744446,1375.061279,-180.137314,-168.200363,1196.876099,-266.507812,-156.762985,1118.045044,-351.958099,51.57914,983.525696,-285.697693,58.39386,1030.737549,-198.780396,55.925953,934.466919,-266.013947,-171.371994,1312.911987,150.687592,-18.225264,1394.67981,133.439056,36.846756,1266.534302,237.751312,169.659286,1193.812622,234.132812,412.639709,1150.310425,223.489822,422.999054,1186.218018,143.665222,483.597504,1154.393433,238.336639,16.636801,1031.746582,-138.86412,-184.036011,1044.585571,-138.295471,-193.908783,1054.376221,129.817505,20.385818,1033.613525,137.881119
0.358,18.749233,1654.277344,-0.935532,104.531693,1587.578369,0.866578,14.948531,1584.867432,80.758507,-154.324356,1408.754272,6.852872,-221.594177,1230.360352,-35.623024,-214.413635,1233.220093,73.418571,55.35128,1275.621338,7.301797,-201.067474,1305.512207,-127.529922,-54.820038,1376.782104,-180.019028,-164.473099,1198.269897,-269.097076,-150.734253,1119.600098,-354.687378,58.958939,988.869141,-284.746979,63.461571,1036.636841,-198.156311,64.09964,939.853271,-264.986572,-170.88002,1314.682739,150.61232,-17.383184,1395.446533,133.530228,36.639717,1266.421387,237.740189,168.534103,1192.764282,234.120651,411.841797,1148.046387,222.675644,421.836884,1184.653564,143.125504,482.917084,1152.233398,237.263672,16.488195,1033.485107,-138.900406,-184.178925,1046.394897,-138.299637,-193.500687,1056.294434,129.868698,20.503128,1035.388184,137.894745
0.367,16.505053,1656.563599,-0.860198,103.083527,1590.866455,0.706064,13.443136,1587.041382,80.71608,-153.763062,1410.463867,6.799463,-221.349213,1232.41394,-35.747734,-214.12735,1235.206543,73.274887,56.006939,1277.136597,7.304042,-200.102264,1307.341919,-128.102921,-53.533413,1378.63916,-179.647537,-160.576126,1199.960938,-271.636749,-144.405731,1121.589233,-357.343536,67.029236,995.077881,-283.704803,68.969826,1043.539185,-197.365463,73.344841,946.211426,-263.55188,-170.463257,1316.371948,150.568176,-16.473753,1396.434448,133.760193,36.251808,1266.117554,237.624161,167.67186,1192.000244,234.519272,411.273254,1146.966675,222.055664,420.814056,1184.046631,142.418625,482.620178,1151.348877,236.117004,16.350292,1035.275513,-139.071808,-184.235321,1048.356323,-138.286285,-192.967407,1058.239624,129.904404,20.830463,1037.410522,138.0271
0.375,14.24542,1659.058594,-0.921515,101.608078,1594.346436,0.479205,11.935157,1589.400391,80.652435,-153.17572,1412.168091,6.692101,-220.850479,1234.483398,-35.942875,-213.715866,1236.992065,73.049789,56.767616,1278.825317,7.302605,-198.937592,1309.271851,-128.674271,-52.039585,1380.738281,-179.03064,-156.290939,1201.890869,-274.026367,-137.635391,1123.575928,-359.563385,75.874931,1002.479553,-282.563538,75.296806,1052.047852,-196.96521,83.744247,953.70105,-261.488983,-170.117371,1318.1521,150.405106,-15.789337,1397.603027,134.468719,35.570992,1265.903442,237.384644,166.915802,1191.797852,235.199661,410.7677,1146.880981,221.410965,419.861267,1184.177612,141.761749,482.577454,1151.354858,234.968872,16.426428,1037.192261,-139.116547,-184.18866,1050.448364,-138.338318,-192.507797,1060.402832,129.945618,21.068674,1039.405762,137.996033
0.383,11.942745,1661.489868,-1.009614,100.147141,1597.870728,0.414785,10.707726,1591.919922,80.635216,-152.634506,1413.862305,6.681495,-220.312683,1236.666016,-36.321106,-213.288254,1239.099487,72.805092,57.59478,1280.735962,7.440606,-197.691177,1311.327637,-129.345551,-50.514175,1382.977417,-178.33078,-151.761017,1203.953857,-276.349762,-130.54776,1125.702026,-361.728088,85.249115,1010.818848,-280.902313,81.961006,1061.358032,-196.048599,95.26255,962.401184,-258.86261,-169.833252,1319.824463,150.308655,-14.989922,1398.759644,135.184906,34.852299,1265.929321,237.167786,166.439575,1192.257935,236.091202,410.607513,1147.548218,220.890518,419.031311,1184.686646,141.05777,482.713989,1152.138794,233.836929,16.519901,1038.792236,-139.352051,-184.111145,1052.681274,-138.371689,-192.007614,1062.674194,130.065567,21.427803,1041.574829,137.809448
0.392,9.563898,1663.907104,-0.949795,98.522812,1601.35791,0.340171,9.16928,1594.392578,80.639481,-152.023773,1415.644287,6.727369,-219.643707,1238.956909,-36.755817,-212.831314,1240.954712,72.479881,58.423042,1282.68689,7.801909,-196.475021,1313.451904,-130.018921,-48.971931,1385.408569,-177.458237,-146.958176,1206.267334,-278.401825,-122.983429,1127.815552,-363.585022,95.400932,1020.423645,-279.071533,88.864342,1071.345703,-194.607956,107.7108,972.43219,-255.968246,-169.672119,1321.574951,150.104752,-14.575517,1400.324219,136.025269,34.258579,1266.337036,237.067093,166.161041,1193.369385,237.04303,410.587097,1148.665405,220.434616,418.386169,1185.533203,140.377441,483.034424,1153.449707,232.759171,16.592983,1040.890747,-139.245956,-183.822006,1054.982056,-138.473251,-191.49411,1064.867188,130.181274,21.785391,1043.7677,137.619629
0.4,7.186218,1666.504517,-1.010467,97.014374,1604.900024,0.37798,7.717933,1596.907471,80.670609,-151.490082,1417.389038,6.61236,-218.977036,1241.234619,-37.27969,-212.447479,1242.912598,72.100403,59.131134,1284.765503,8.121636,-195.126007,1315.677612,-130.819138,-47.370148,1387.857666,-176.334396,-141.793015,1208.566284,-280.455292,-114.982285,1130.003906,-365.189026,105.964607,1031.258667,-277.120697,96.71357,1083.452881,-193.985382,121.321198,983.731567,-252.64299,-169.53569,1323.192993,149.944702,-14.29726,1401.806396,136.741058,33.92424,1267.150635,236.976532,166.248306,1195.033203,237.669617,410.712677,1150.127686,220.116135,417.996094,1186.612183,139.908188,483.440155,1155.015869,231.890656,16.776535,1042.321655,-139.666977,-183.489731,1057.405884,-138.643066,-191.052032,1067.259888,130.20079,22.184559,1045.93396,137.336792
0.408,5.074884,1668.858765,-0.980677,95.480682,1608.393433,0.290284,6.396039,1599.50354,80.720802,-151.097244,1419.130127,6.6589,-218.299789,1243.210449,-37.699165,-211.987808,1244.846313,71.617622,59.821617,1286.727783,8.451525,-193.766907,1317.836182,-131.670578,-45.959068,1390.522583,-175.23877,-136.375687,1210.677124,-282.20282,-106.240662,1132.110229,-366.549805,117.25518,1043.214722,-275.07962,104.691986,1095.536133,-192.442535,136.218765,996.53363,-248.997437,-169.357101,1324.77832,149.737976,-14.223104,1403.41687,137.248932,33.848236,1268.318359,237.00351,166.506638,1196.844604,238.321243,411.023254,1151.866211,219.743607,417.876923,1188.142456,139.485001,483.791016,1156.818481,231.221695,16.819088,1044.012329,-139.804733,-183.281708,1059.91687,-138.855927,-190.670563,1069.526978,130.232956,22.501568,1048.000122,136.801147
0.417,2.90593,1671.078125,-0.932956,93.902603,1611.690186,0.38254,5.0553,1601.993042,80.91922,-150.615112,1420.856689,6.558053,-217.78717,1245.356323,-38.233498,-211.587372,1246.565552,71.20298,60.38805,1288.818237,8.708711,-192.585144,1319.93335,-132.365997,-44.60968,1393.239136,-173.92627,-130.74971,1212.831909,-283.78421,-97.194122,1134.504517,-367.533875,128.951385,1056.172485,-272.913971,112.622917,1108.439697,-190.798508,151.994141,1010.6026,-245.111725,-169.189362,1326.309814,149.584473,-14.094532,1405.230225,137.650436,33.855,1270.123169,237.217117,166.883026,1198.897461,238.901794,411.437469,1154.007568,219.683746,418.091187,1189.918945,139.238297,484.223022,1158.948242,230.792114,16.994961,1045.652466,-139.97139,-182.866318,1062.245117,-139.152206,-190.304352,1071.786987,130.21727,23.051695,1050.066895,136.415222
0.425,0.748613,1673.528442,-0.822315,92.327156,1614.915039,0.490132,3.63271,1604.164062,80.999176,-149.953003,1422.165771,6.928269,-217.063705,1247.27124,-38.785526,-211.200058,1248.390137,70.750252,61.041115,1290.820923,9.182205,-191.485199,1321.976196,-133.217651,-43.422695,1395.876099,-172.593719,-124.703278,1214.592163,-285.179199,-87.272026,1136.446655,-368.340637,141.076691,1070.122803,-270.60733,121.124191,1121.509888,-188.939697,168.722763,1026.309692,-241.101562,-169.000229,1327.8396,149.307159,-14.030119,1407.059814,137.879745,34.137863,1272.525146,237.929672,167.454758,1201.643555,241.759018,411.985321,1156.087158,219.426056,418.439453,1192.053223,139.054367,484.759644,1160.967651,230.530945,17.072021,1047.203125,-140.082687,-182.465546,1064.692993,-139.24971,-189.887177,1074.027466,130.262466,23.365131,1051.99231,135.630219
0.433,-1.289008,1675.656982,-0.635109,90.905243,1618.085571,0.679277,2.298054,1606.425903,81.238739,-149.67775,1423.713867,6.961548,-216.486328,1249.109131,-39.2593,-210.791565,1249.948364,70.313728,61.543701,1292.886963,9.609582,-190.476883,1323.882446,-133.988831,-42.430378,1398.522949,-171.18338,-118.457535,1216.17627,-286.301666,-76.813957,1138.410522,-368.749237,153.244659,1084.690063,-268.280518,129.551559,1134.916016,-186.850525,185.627014,1043.076172,-237.228256,-168.680252,1329.258667,149.109756,-13.932885,1408.902466,137.69725,34.521023,1275.411865,238.749924,168.097977,1203.900635,242.112885,412.684235,1158.526245,219.402084,419.051605,1194.455322,139.058868,485.167206,1163.42395,230.501984,17.185728,1048.505615,-140.269272,-181.877594,1066.911377,-139.389984,-189.526108,1076.152588,130.257385,23.8599,1053.823242,135.138443
0.442,-3.328671,1677.766357,-0.396081,89.512527,1621.041748,0.80368,1.082974,1608.640015,81.582756,-149.592422,1425.155762,7.014297,-215.971924,1251.050903,-39.863373,-210.420761,1251.760864,69.897934,62.004913,1294.801514,9.855559,-189.325806,1325.665527,-134.825089,-41.62149,1400.869385,-169.591171,-111.979927,1217.483032,-287.215698,-66.038643,1140.472534,-368.797241,165.464554,1099.69043,-265.875305,138.037399,1148.386108,-184.540161,202.777344,1061.149292,-233.277939,-168.356339,1330.852661,148.915573,-13.861984,1410.83374,137.432922,34.968468,1278.556152,239.801376,168.88591,1206.46167,242.52562,413.314636,1161.223633,219.776184,419.788574,1197.085449,139.144897,485.816681,1166.24585,230.827194,17.202017,1049.669067,-140.424881,-181.461731,1069.121704,-139.4832,-189.121964,1078.318359,130.244995,24.054646,1055.466919,134.324844
0.45,-5.365829,1679.891235,-0.222331,87.900978,1623.774414,1.231838,-0.350288,1610.588623,81.727501,-149.350906,1426.561401,6.779119,-215.413147,1252.654541,-40.289261,-210.024551,1253.260742,69.485756,62.523224,1296.755493,10.146553,-188.376968,1327.249634,-135.657761,-40.835602,1403.487183,-168.185837,-105.185188,1218.836792,-287.979797,-54.475449,1142.683716,-368.457947,177.525024,1115.090454,-263.282898,146.981339,1161.874146,-182.31929,219.697037,1080.118408,-229.570709,-167.883362,1332.225098,148.773529,-13.621226,1412.663574,136.985214,35.55843,1281.685303,240.885132,169.665878,1209.008545,242.687683,414.073517,1164.00708,219.831497,420.660492,1199.81543,139.293427,486.556305,1169.335205,231.294525,17.271467,1050.477173,-140.509903,-181.019958,1071.240601,-139.486069,-188.774734,1080.315674,130.328781,24.565315,1057.035645,133.817917
0.458,-7.063895,1681.746094,0.387821,86.562988,1626.423584,1.470275,-1.625688,1612.514771,82.138489,-149.364273,1427.874878,6.508092,-215.005417,1254.434326,-40.832333,-209.647705,1254.983154,69.129066,63.077599,1298.731934,10.356452,-187.47377,1328.763062,-136.480576,-40.241356,1405.88855,-167.047562,-97.967644,1219.891357,-288.562958,-42.68351,1144.952271,-367.698395,189.33609,1130.41333,-260.692963,155.621689,1174.089844,-179.162384,236.004776,1099.944214,-226.309265,-167.501083,1333.818359,148.48439,-13.467466,1414.470459,136.622925,36.224133,1284.669678,241.807938,170.276825,1211.476318,242.807739,414.874603,1167.108154,220.279221,421.48056,1202.682617,139.51796,487.32254,1172.68457,231.745255,17.318125,1051.359985,-140.614441,-180.641754,1073.189453,-139.636246,-188.271927,1082.246094,130.364319,24.73373,1058.359863,132.928741
0.467,-8.986891,1683.72876,0.696703,85.190346,1628.998169,1.832182,-3.087625,1614.192139,82.425766,-149.268906,1429.125488,6.251592,-214.47876,1255.8125,-41.261726,-209.219162,1256.393188,68.847122,63.803078,1300.544556,10.556309,-186.511002,1330.058838,-137.395782,-39.787167,1408.28833,-165.980881,-90.183037,1220.847168,-288.633698,-30.541645,1147.448975,-366.571411,200.910995,1145.6427,-257.987274,164.589035,1186.538086,-176.167816,251.654648,1120.058838,-223.043015,-167.145538,1335.187866,148.363068,-13.28269,1416.153687,136.114822,36.961746,1287.386353,242.446121,170.957901,1214.096802,243.005127,415.58902,1170.153076,220.750183,422.332855,1205.678711,139.856552,487.988708,1176.078857,232.24144,16.202564,1051.474731,-140.837494,-180.447906,1075.013184,-139.608749,-187.769485,1084.089966,130.525452,25.083742,1059.482788,132.283432
0.475,-10.968322,1685.359619,1.026937,83.542236,1631.407349,2.203881,-4.285676,1615.933716,82.799126,-149.23764,1430.21521,5.872662,-214.074814,1257.454712,-41.763157,-208.863068,1257.914062,68.473717,64.524147,1302.2771,10.674052,-185.643112,1331.276367,-138.398804,-39.18158,1410.559448,-164.91185,-82.247894,1222.14856,-288.53894,-18.257231,1150.000977,-364.988434,212.334686,1160.442993,-255.519028,174.134827,1198.741821,-173.549057,266.484863,1140.160889,-220.233124,-166.798813,1336.670654,148.081467,-13.140197,1417.67627,135.563797,37.508339,1289.859131,242.784515,171.55217,1216.655273,243.223083,416.524261,1173.290283,221.194778,423.058441,1208.688232,140.181503,488.604431,1179.553223,232.719055,16.696238,1051.714966,-140.82074,-180.435089,1076.673828,-139.834595,-187.214279,1085.894043,130.653244,24.845951,1060.543213,131.086334
0.483,-12.716331,1686.893433,1.575799,82.323288,1633.900391,2.524061,-5.713313,1617.38562,83.077934,-149.172516,1431.364014,5.469377,-213.587906,1258.627808,-42.26218,-208.499725,1259.206177,68.120003,65.176117,1303.870239,11.008376,-184.596817,1332.341431,-139.525757,-38.650642,1412.588989,-163.981812,-73.898857,1223.560791,-288.5448,-5.616187,1152.815674,-362.672302,223.445572,1174.164307,-252.918182,183.946808,1210.035278,-170.730804,280.762421,1159.882202,-217.75148,-166.474258,1337.875,147.77774,-13.077894,1419.231445,135.281479,38.132435,1291.998047,242.656158,172.279282,1219.060791,243.4785,417.336914,1176.614868,221.661789,423.778107,1211.764038,140.494583,489.334259,1183.035278,233.215744,16.323133,1053.086548,-140.900452,-180.245621,1078.185181,-139.563995,-186.586594,1087.567017,130.789383,25.162029,1061.415771,130.397736
0.492,-14.638577,1688.417236,2.081325,80.752075,1636.105835,2.881897,-7.006806,1618.790405,83.414665,-149.189911,1432.351562,4.983637,-212.821243,1259.884888,-42.988647,-208.232071,1260.558105,67.7146,65.749489,1305.359863,11.224792,-183.685959,1333.262085,-140.703003,-38.121975,1414.569214,-163.134857,-65.102806,1224.848633,-287.289612,6.750454,1156.068726,-360.30191,234.720535,1187.187744,-250.953796,194.141129,1220.839722,-168.320755,294.701538,1178.956665,-215.843613,-166.253448,1339.120728,147.459702,-12.946615,1420.617432,134.599243,38.442169,1293.66394,242.163681,172.780441,1221.354614,243.633163,417.954315,1179.72644,221.961639,424.416565,1214.782471,140.862854,490.1604,1186.538818,233.715454,16.120512,1053.464844,-140.969879,-180.307495,1079.443115,-139.483749,-185.888916,1089.116943,130.95282,25.533648,1062.262573,129.670517
0.5,-16.557018,1689.83606,2.652911,79.250175,1638.291382,3.459748,-8.428147,1620.057007,83.734818,-149.160553,1433.240967,4.361039,-212.40004,1260.873291,-43.604633,-207.951843,1261.663818,67.360985,66.372116,1306.840454,11.422904,-182.662857,1334.103882,-142.033051,-37.657696,1416.340454,-162.402191,-56.626881,1226.44397,-286.311249,19.28949,1159.778809,-357.552582,245.97287,1198.76355,-248.716019,204.96759,1231.14209,-166.460175,308.038513,1197.018066,-213.890594,-166.090012,1340.307495,147.07872,-13.040985,1422.056152,134.522949,38.723473,1295.109375,241.441818,173.193054,1223.42627,243.678146,418.594635,1182.825195,222.51091,424.888947,1217.690552,141.136124,490.812866,1189.943848,234.049164,15.888447,1053.72998,-141.036987,-180.539398,1080.748901,-139.345581,-185.260437,1090.570801,131.076294,25.869469,1062.922852,129.016907
0.508,-18.488241,1691.044312,3.018566,77.80349,1640.356323,3.724077,-9.906674,1621.159546,84.042076,-149.242905,1434.110718,3.973882,-212.017838,1261.87146,-44.288456,-207.714951,1262.587769,66.853722,67.062637,1308.153687,11.680161,-181.611969,1334.849243,-143.550598,-36.873695,1418.040039,-161.464401,-48.299095,1228.340698,-285.179718,31.505793,1163.893188,-354.645569,257.350403,1209.088501,-246.47522,216.113297,1240.850464,-164.372498,320.699951,1214.042847,-212.202988,-165.972885,1341.177368,146.548279,-13.235137,1423.403442,134.278976,38.865677,1296.150879,240.522125,173.50885,1225.55542,243.986877,419.308563,1185.895264,222.958374,425.395752,1220.571533,141.484558,491.286133,1193.176758,234.461105,15.640898,1053.914429,-141.14035,-180.662018,1081.768188,-139.27861,-184.644547,1092.060669,131.347198,26.309484,1063.70105,128.380768
0.517,-20.425615,1692.225464,3.662871,76.187637,1642.26355,4.225311,-11.156307,1622.129517,84.399712,-149.357513,1434.906128,3.406958,-211.827072,1262.879028,-45.110474,-207.512024,1263.484741,66.253586,67.605148,1309.451538,11.976702,-180.592224,1335.474731,-145.004181,-36.217632,1419.493042,-160.689117,-40.23571,1230.398438,-284.017029,43.586155,1168.150635,-351.328918,268.975983,1218.602051,-244.113983,227.575348,1250.085327,-162.340881,332.783691,1230.132446,-211.02739,-165.988678,1342.048828,146.062393,-13.423345,1424.434204,133.8134,38.766361,1297.005859,239.604523,173.738251,1227.294434,243.952744,419.902008,1188.747803,223.22583,425.709808,1223.291016,141.781464,491.780151,1196.292969,234.700912,15.394074,1054.133423,-141.325089,-180.992386,1082.856934,-139.231705,-183.924026,1093.322266,131.567841,26.635719,1064.323975,127.843338
0.525,-22.451471,1693.17749,4.108066,74.664665,1644.077026,4.537629,-12.628203,1623.016724,84.674751,-149.471039,1435.537354,2.629069,-211.539612,1263.623657,-45.931862,-207.421692,1264.237793,65.675941,68.061165,1310.5979,12.155081,-179.264557,1336.083008,-146.677872,-35.36919,1420.885132,-159.790558,-32.400333,1232.439453,-282.677643,55.197632,1172.721802,-347.843506,280.8479,1227.25,-241.674591,239.527832,1259.147583,-160.384964,344.411804,1245.19043,-210.015778,-166.044632,1342.879639,145.427734,-13.563784,1425.373047,133.556198,38.634304,1297.779053,238.810577,174.051041,1228.491943,242.448166,420.316956,1191.34375,223.583374,426.082794,1225.859253,142.041962,492.375885,1199.173828,235.063721,15.087151,1054.34021,-141.551376,-181.315674,1083.745728,-139.075729,-183.31076,1094.403687,131.777771,27.054085,1064.987305,127.32251
0.533,-24.392189,1694.265015,4.292785,73.165787,1645.856934,4.918537,-13.929772,1623.778564,84.973877,-149.572922,1436.043945,1.991154,-211.670044,1264.396118,-47.061623,-207.317612,1264.820435,65.026878,68.256546,1311.555908,12.444395,-177.979874,1336.655151,-148.215225,-34.441799,1422.03479,-158.767517,-24.705561,1234.744507,-281.159943,66.597672,1177.271606,-343.986664,292.751862,1235.603638,-239.573959,251.45752,1267.69043,-158.386551,355.382172,1259.401733,-209.331863,-166.276505,1343.478027,144.682678,-13.941854,1426.210571,133.333954,38.239365,1298.374512,238.193756,174.108841,1229.907959,242.49823,420.690979,1193.817749,223.98439,426.320831,1228.276367,142.295547,492.64621,1201.883545,235.349442,14.770909,1054.558838,-141.818039,-181.640778,1084.554443,-139.072418,-182.673523,1095.46521,131.835541,27.413795,1065.586548,126.790207
0.542,-26.26944,1694.970459,4.973976,71.458885,1647.334473,5.28468,-15.545163,1624.350708,85.139671,-149.6633,1436.549072,1.227821,-211.501282,1265.13623,-48.18203,-207.30806,1265.379761,64.316978,68.477333,1312.305786,12.6309,-176.627792,1337.369873,-149.784271,-33.341469,1423.053101,-157.848221,-17.188129,1237.14502,-279.585602,77.442856,1181.72937,-339.789825,304.486877,1243.729248,-237.874603,263.429138,1275.15686,-157.039337,366.000641,1272.766846,-208.98558,-166.517944,1343.98291,144.041336,-14.200844,1426.957886,133.07634,37.783157,1298.886597,237.84996,174.224915,1231.180786,242.27626,421.019714,1196.1427,223.983139,426.586395,1230.551636,142.561264,492.956665,1204.506104,235.682083,14.455785,1054.733154,-142.00415,-182.012512,1085.331299,-139.062943,-182.109436,1096.406982,132.04776,27.781536,1066.17688,126.399918
0.55,-28.258837,1695.608643,5.192593,70.073311,1648.912964,5.497756,-16.816935,1624.952148,85.309883,-149.744583,1437.058472,0.435724,-211.303665,1265.907471,-49.411732,-207.399872,1265.951538,63.288078,68.559837,1312.848999,12.751561,-175.167282,1338.043701,-151.335495,-31.942528,1423.874512,-156.742645,-9.797631,1239.494019,-277.535614,87.758629,1186.11731,-335.34201,316.082306,1251.733887,-236.440567,275.468689,1282.333374,-155.428436,376.007538,1285.380249,-209.188507,-166.849838,1344.431152,143.325195,-14.537162,1427.545044,133.000519,37.344536,1299.482178,237.720123,174.174484,1232.179688,242.265671,421.205597,1198.060425,224.303848,426.795532,1232.63147,142.816315,493.190002,1206.941284,235.987152,14.101613,1054.91687,-142.234482,-182.348557,1086.078735,-139.104462,-181.62056,1097.213623,132.179321,28.141483,1066.809082,125.938385
0.558,-30.035208,1696.145508,5.637306,68.46196,1650.262207,5.781795,-18.288321,1625.462036,85.459122,-149.727661,1437.537476,-0.238553,-211.091599,1266.565918,-50.537853,-207.461395,1266.395264,62.409958,68.426918,1313.309937,12.811579,-173.708344,1338.777222,-152.907684,-30.5697,1424.55481,-155.574493,-2.840795,1241.855469,-275.604614,97.493217,1190.321777,-330.518463,327.15509,1259.789429,-235.544312,287.319977,1288.55127,-153.101898,385.463867,1297.157227,-209.65155,-167.164139,1344.816895,142.514496,-14.952628,1428.159302,132.801163,36.84565,1300.151733,237.841431,174.001175,1232.936157,242.14151,421.335815,1199.907959,224.374756,426.782043,1234.640259,143.059998,493.315186,1209.077148,236.285385,13.735452,1055.108521,-142.522217,-182.647141,1086.658203,-139.086136,-181.162369,1097.950439,132.091629,28.442398,1067.373657,125.514626
0.567,-31.972061,1696.606934,5.661561,67.029327,1651.490967,5.937762,-19.672676,1625.7771,85.535583,-149.666885,1437.990234,-1.095812,-210.829529,1267.216064,-51.687614,-207.581329,1266.791016,61.482822,68.467064,1313.568848,12.860885,-172.297821,1339.634766,-154.443985,-29.210346,1425.153076,-154.551651,3.72721,1244.17395,-273.363861,106.687447,1194.348389,-325.531403,337.703461,1267.539917,-235.071121,299.720825,1293.637207,-151.853882,394.405334,1308.18335,-210.809433,-167.490753,1345.175415,141.702911,-15.228668,1428.611816,132.506638,36.438156,1300.720581,238.054398,173.790649,1233.567627,241.982803,421.368958,1201.324219,224.599518,426.870758,1236.321289,143.325348,493.324127,1210.885498,236.55188,13.366448,1055.330566,-142.823013,-182.904984,1087.186157,-139.128555,-180.888779,1098.645508,132.146317,28.622156,1067.812622,125.219452
0.575,-33.850105,1696.978516,5.926504,65.462761,1652.620728,6.160676,-20.895012,1626.13623,85.645081,-149.64772,1438.375366,-1.79587,-210.645447,1268.046509,-53.097027,-207.787369,1267.13269,60.454758,68.474289,1313.633667,12.874493,-170.768066,1340.489258,-155.897827,-27.72904,1425.724854,-153.491348,9.823896,1246.463623,-271.244873,115.415947,1198.079956,-320.292114,347.580353,1274.918091,-234.92485,311.502991,1298.899902,-150.440781,403.181091,1317.83374,-212.056625,-167.920746,1345.478394,140.913895,-15.611763,1428.973511,132.085495,35.8853,1301.286011,238.28714,173.493698,1233.982544,241.812073,421.232422,1202.606567,224.53511,426.76947,1237.897949,143.482834,493.140198,1212.391602,236.715317,13.014842,1055.492432,-143.151276,-183.152069,1087.657715,-139.2258,-180.736252,1099.146973,132.059982,28.794319,1068.261719,124.961983
0.583,-35.595844,1697.226929,5.910851,64.10228,1653.616821,6.3016,-22.312458,1626.414917,85.621307,-149.594849,1438.805054,-2.665863,-210.414246,1268.706909,-54.471039,-207.968735,1267.523682,59.468552,68.462845,1313.560547,12.881693,-169.302628,1341.346313,-157.448471,-26.112288,1426.224609,-152.420532,15.378552,1248.643311,-269.186523,123.329453,1201.607788,-315.035034,356.948303,1281.581665,-235.085571,323.165375,1303.541016,-149.009323,411.612701,1326.506348,-213.550568,-168.390961,1345.712036,140.118439,-16.022686,1429.182007,131.586044,35.120556,1301.776978,238.475555,173.05275,1234.37854,241.695465,421.107117,1203.441284,224.5,426.590546,1239.195435,143.666916,492.944946,1213.714111,236.807358,12.694285,1055.60376,-143.453461,-183.369049,1088.153809,-139.410141,-180.681168,1099.577759,131.888474,28.952602,1068.819092,124.662506
0.592,-37.267239,1697.436035,6.016156,62.731953,1654.49707,6.287862,-23.451607,1626.673096,85.623352,-149.554077,1439.139038,-3.438114,-210.158417,1269.331909,-55.738079,-208.248184,1268.085205,58.332249,68.455666,1313.353271,12.933306,-167.999512,1342.170044,-158.878159,-24.673271,1426.631226,-151.490402,20.606852,1250.686035,-267.186371,130.720978,1205.039429,-309.605499,365.660248,1287.27356,-235.36235,334.46524,1307.793457,-147.995148,419.841003,1333.514038,-215.083923,-168.971954,1345.948486,139.275848,-16.440802,1429.290283,131.235352,34.405109,1302.178589,238.550064,172.51088,1234.533936,241.630356,420.698914,1204.092041,224.673157,426.139618,1240.291016,143.840866,492.561371,1214.621826,236.905472,12.417284,1055.664795,-143.750732,-183.502014,1088.533081,-139.436829,-180.782013,1099.891357,131.698181,28.981672,1069.284058,124.430176
0.6,-38.823696,1697.471313,5.935391,61.504036,1655.347656,6.348171,-24.663862,1626.850098,85.52549,-149.542923,1439.466309,-4.26683,-209.95285,1270.098877,-57.191738,-208.488861,1268.404053,57.126122,68.430946,1313.005737,12.965274,-166.55014,1343.030273,-160.313828,-23.178391,1426.89563,-150.554794,25.421659,1252.581421,-265.252991,137.300385,1208.328125,-304.285828,373.763214,1292.003296,-235.57753,345.350128,1311.215576,-147.355255,427.726868,1339.025635,-216.66095,-169.497604,1346.207642,138.377563,-16.853237,1429.302368,130.860855,33.733711,1302.403931,238.513382,171.932983,1234.617188,241.631027,420.31723,1204.578369,224.555649,425.78891,1240.858032,143.877487,492.146759,1215.302002,236.946899,12.18676,1055.680054,-144.052094,-183.598923,1088.821533,-139.49826,-180.987793,1100.137207,131.424713,28.869839,1069.733887,124.296761
0.608,-40.319584,1697.514282,5.947868,60.199799,1655.946533,6.368711,-25.820087,1626.988892,85.52697,-149.516647,1439.69165,-5.12985,-209.765686,1270.680176,-58.556973,-208.760406,1268.760742,56.056103,68.357948,1312.652344,13.01779,-165.286148,1343.781128,-161.709335,-21.790438,1427.104858,-149.561722,29.967808,1254.401123,-263.229095,143.379623,1211.411499,-299.061401,381.06488,1295.659668,-235.929352,355.834808,1314.207764,-146.608292,435.416077,1342.984497,-218.259827,-169.979538,1346.432739,137.494171,-17.22963,1429.244995,130.383911,32.996899,1302.579468,238.398834,171.261383,1234.636597,241.710876,419.814209,1204.78186,224.529282,425.295135,1241.124878,143.909119,491.808167,1215.873169,236.967148,11.975731,1055.595093,-144.364944,-183.666702,1089.023315,-139.616898,-181.352631,1100.309692,131.086624,28.616219,1070.199829,124.187561
0.617,-41.77832,1697.464844,5.79719,59.037617,1656.420654,6.393228,-26.813961,1627.029297,85.507904,-149.444321,1439.886475,-5.991905,-209.541443,1271.141968,-59.873814,-209.078598,1269.057007,54.89571,68.270386,1312.287598,13.090111,-164.181213,1344.464722,-163.053421,-20.509363,1427.151855,-148.641235,34.163486,1255.990967,-261.108795,148.755508,1214.546143,-294.096008,388.249237,1298.034546,-235.912567,365.623199,1316.739502,-145.824356,443.027771,1345.470825,-219.952774,-170.497711,1346.565552,136.663513,-17.675016,1429.109253,130.068069,32.165676,1302.56543,238.162415,170.46019,1234.397339,241.872086,419.262177,1204.740845,224.575104,424.631927,1241.212036,143.992538,491.310852,1216.248657,236.942917,11.800705,1055.45874,-144.642273,-183.715454,1089.200806,-139.851425,-181.810226,1100.354248,130.727966,28.308382,1070.606934,124.14035
0.625,-42.953808,1697.317993,5.820124,57.970604,1656.840576,6.285521,-27.794243,1627.00769,85.379562,-149.507736,1439.951172,-6.704861,-209.352615,1271.501465,-61.214649,-209.33934,1269.237915,53.88026,68.173599,1311.865234,13.241629,-163.000076,1344.973145,-164.313492,-19.367672,1427.160645,-147.69075,38.001438,1257.565063,-258.989807,153.697525,1217.373047,-289.192505,394.528229,1299.519287,-236.062347,375.257812,1318.096436,-145.301895,450.430206,1346.288818,-221.53891,-171.046722,1346.637817,135.853485,-18.251278,1428.910522,129.805237,31.142845,1302.290039,237.819489,169.557541,1234.078125,242.107834,418.656586,1204.485718,224.411545,423.840912,1240.906982,144.028748,490.749451,1216.401855,236.884247,11.629727,1055.254028,-144.865479,-183.704102,1089.240601,-140.036591,-182.337326,1100.261353,130.399368,27.929472,1070.89624,124.104988
0.633,-44.238163,1697.07959,5.629402,56.970142,1657.084106,6.398829,-28.71521,1626.885742,85.322052,-149.517029,1439.941895,-7.4049,-209.216248,1271.867065,-62.573566,-209.56105,1269.401611,52.456871,68.050186,1311.401367,13.411429,-161.993805,1345.408447,-165.481644,-18.426924,1427.116821,-146.865189,41.667534,1259.040283,-256.811829,158.030273,1220.181885,-284.592407,400.572632,1299.807739,-235.949921,383.925964,1319.189697,-144.294098,457.619019,1345.576294,-223.098206,-171.78653,1346.675781,134.922272,-18.809946,1428.639526,129.680954,30.366224,1301.894043,237.508453,168.642914,1233.632812,242.260895,418.002869,1204.158325,224.628845,423.04007,1240.359497,143.994308,490.065247,1216.249023,236.854462,11.545522,1054.986572,-144.999939,-183.695282,1089.174438,-140.228378,-182.912491,1100.133911,129.996933,27.512943,1071.034302,124.028084
0.642,-45.41494,1696.734741,5.436341,55.992828,1657.156006,6.393931,-29.628643,1626.58667,85.290276,-149.691452,1439.90332,-8.260269,-209.133545,1272.073242,-63.842117,-209.899429,1269.472778,51.443615,67.955704,1310.911255,13.728456,-160.519058,1345.463379,-166.517426,-17.531406,1426.924927,-146.005951,44.946186,1260.167358,-254.694046,161.924942,1222.8479,-280.260254,406.315491,1298.869019,-235.736862,392.381104,1318.860474,-143.963318,464.528961,1343.543457,-224.75589,-172.431625,1346.577393,134.193161,-19.251501,1428.205933,129.478699,29.517395,1301.358521,237.229492,167.767517,1232.992065,242.529388,417.310974,1203.496704,224.790161,422.08371,1239.439819,144.025024,489.224152,1215.771606,236.68721,11.484687,1054.644653,-145.108109,-183.673325,1088.988037,-140.45549,-183.571198,1099.916626,129.587067,26.989529,1071.105591,124.000389
0.65,-46.365955,1696.249878,5.55495,55.112801,1657.110474,6.230263,-30.295372,1626.285278,85.273979,-149.748596,1439.676147,-8.933481,-209.104767,1272.078247,-65.015953,-210.379868,1269.401978,50.35936,67.82122,1310.33667,14.05088,-159.638992,1345.51709,-167.49202,-16.845345,1426.718262,-145.267014,47.782139,1261.271362,-252.724442,165.410767,1225.233032,-276.087799,411.468445,1296.800049,-235.486053,400.64917,1317.621582,-143.909363,471.220947,1340.074951,-226.702545,-173.037781,1346.283569,133.466476,-19.744665,1427.643066,129.325424,28.427721,1300.59375,237.026962,166.821701,1232.185181,242.81456,416.412506,1202.527832,224.954178,421.214539,1238.294067,144.038223,488.445343,1215.064209,236.554459,11.441736,1054.190918,-145.165588,-183.650528,1088.672119,-140.717926,-184.221939,1099.66687,129.278137,26.388575,1071.147461,123.997551
0.658,-47.455563,1695.660889,5.262686,54.291573,1656.93103,6.226144,-31.094753,1625.786987,85.133331,-149.845352,1439.307983,-9.47172,-209.103409,1271.951782,-66.087395,-210.780518,1269.172607,49.438385,67.625099,1309.707275,14.424781,-158.817886,1345.397705,-168.345642,-16.301828,1426.454956,-144.59729,50.376915,1262.187134,-250.82428,168.369232,1227.406372,-272.258911,416.262482,1293.804932,-235.214523,408.161163,1315.422485,-143.811859,477.302094,1335.678467,-228.081146,-173.603394,1345.901611,132.753265,-20.161966,1427.06665,129.257065,27.390209,1299.768066,236.891846,165.668716,1231.037598,243.048615,415.461945,1201.244263,224.898865,420.216278,1236.893433,144.093185,487.687775,1213.984497,236.515015,11.398436,1053.613159,-145.217712,-183.575104,1088.171021,-141.029053,-184.985199,1099.225952,128.844406,25.803612,1071.058594,124.002022
0.667,-48.407486,1695.065796,5.192022,53.424202,1656.537109,6.242087,-31.849596,1625.231689,85.080734,-150.036987,1438.687988,-9.967767,-209.201401,1271.686035,-67.108948,-211.235001,1268.767822,48.583763,67.401192,1309.117798,14.978815,-158.142288,1345.11377,-169.107758,-15.9084,1426.113525,-143.997726,52.72403,1262.848511,-249.097443,171.070221,1229.258057,-268.594177,420.466644,1289.80249,-234.871857,414.961731,1312.496582,-143.612793,483.112152,1329.577759,-229.595398,-174.352524,1345.388916,132.031204,-20.62886,1426.259399,129.322968,26.466995,1298.753906,236.956024,164.643814,1229.846802,243.316071,414.591797,1199.536621,225.095444,419.134613,1235.14917,144.137024,486.773499,1212.480225,236.587097,11.399426,1052.902466,-145.182663,-183.575302,1087.53894,-141.384979,-185.791504,1098.722778,128.447495,25.155661,1070.855225,124.098785
0.675,-49.229908,1694.411499,5.192763,52.573036,1656.086792,6.223305,-32.69025,1624.49292,84.997574,-150.276108,1437.999634,-10.35031,-209.332672,1271.203003,-68.018753,-211.758957,1268.226318,47.773312,67.162605,1308.519775,15.494157,-157.631958,1344.71167,-169.842758,-15.646577,1425.726807,-143.475769,54.640675,1263.374146,-247.634186,173.205032,1230.742188,-265.268982,423.963654,1285.468384,-234.504791,420.78714,1308.660034,-143.51152,488.040253,1322.903442,-230.571747,-175.006531,1344.74646,131.476318,-21.098442,1425.424683,129.313446,25.433418,1297.697876,237.04274,163.638596,1228.426636,243.517578,413.586884,1197.70166,225.101471,418.071808,1233.109009,144.170364,485.70163,1210.607056,236.447952,11.414675,1052.213989,-145.10379,-183.574356,1086.762085,-141.675537,-186.513596,1098.103638,128.032883,24.491394,1070.56189,124.262672
0.683,-50.085281,1693.419434,5.250663,51.799133,1655.533691,6.09719,-33.323399,1623.713623,84.996765,-150.542343,1437.317139,-10.756318,-209.520065,1270.543701,-68.72464,-212.220825,1267.645508,47.108631,66.866768,1307.828247,16.163908,-157.158707,1344.139038,-170.482956,-15.49994,1425.356079,-143.052505,56.333897,1263.663452,-246.211899,174.981644,1231.756714,-262.328491,426.89682,1280.417725,-234.155212,426.117981,1303.759888,-143.199738,492.669373,1315.227051,-231.536545,-175.664688,1344.047729,130.944122,-21.692478,1424.41394,129.483551,24.34164,1296.434814,237.200073,162.520874,1226.858521,243.8479,412.464081,1195.411011,225.232956,417.031799,1230.671997,144.287491,484.616547,1208.483887,236.482697,11.401111,1051.529297,-145.049286,-183.610153,1085.800415,-142.04068,-187.212967,1097.32312,127.559784,23.905878,1070.172119,124.31134
0.692,-51.021988,1692.548218,5.098721,51.169258,1654.922119,6.072524,-33.858742,1622.912354,85.017662,-150.882202,1436.52124,-11.152969,-209.785629,1269.817017,-69.464256,-212.840149,1266.904663,46.321041,66.613754,1306.996338,16.678108,-156.795319,1343.503784,-170.97258,-15.337886,1424.966064,-142.733063,57.622807,1263.598022,-245.055099,176.44165,1232.459229,-259.705658,429.376709,1274.925659,-233.768402,430.687561,1298.023071,-142.85408,496.581329,1306.572388,-232.376266,-176.337433,1343.102295,130.481842,-22.332426,1423.401245,129.493286,23.367197,1295.158203,237.445694,161.184982,1225.034546,244.035065,411.112366,1192.917725,225.443283,415.646088,1228.227905,144.367966,483.508087,1205.877808,236.511398,11.342139,1050.63147,-144.897934,-183.704895,1084.792725,-142.499481,-188.059799,1096.429565,127.125893,23.262125,1069.647339,124.489311
0.7,-51.793503,1691.584351,5.085623,50.445332,1654.167236,5.957922,-34.560974,1621.863037,85.000122,-151.205978,1435.630981,-11.396855,-210.060165,1269.006226,-70.096603,-213.430328,1265.97644,45.822784,66.06369,1306.022339,17.341518,-156.531296,1342.643188,-171.425247,-15.173635,1424.458008,-142.392029,58.703617,1263.355347,-243.94603,177.533981,1232.645996,-257.3797,431.085571,1269.118408,-233.53331,434.515686,1291.518433,-142.371628,499.73291,1297.47644,-232.266251,-176.986252,1342.113037,130.113922,-22.94986,1422.256958,129.675125,22.32114,1293.764648,237.734329,160.105392,1223.173584,244.237274,409.813416,1190.167847,225.769913,414.51358,1225.231812,144.502731,482.23288,1203.027832,236.586105,11.302584,1049.662476,-144.714798,-183.78183,1083.556641,-142.759689,-188.812943,1095.482422,126.79541,22.49931,1068.903564,124.674492
0.708,-52.605419,1690.319336,5.085659,49.600037,1653.227783,6.129761,-35.238239,1620.840332,84.969955,-151.642868,1434.590088,-11.638776,-210.416046,1268.091675,-70.690392,-214.014557,1264.862061,45.322895,65.588882,1305.154297,17.972425,-156.313339,1341.780396,-171.82988,-15.049411,1423.805176,-142.186264,59.55788,1262.880005,-243.006607,178.185883,1232.576294,-255.476562,432.292023,1263.564697,-233.531097,437.672638,1284.368652,-141.749222,502.403961,1287.911499,-232.535721,-177.834793,1341.08252,129.78241,-23.608667,1420.984131,129.843964,21.209431,1292.208374,237.874756,158.900528,1221.09375,244.445267,408.610016,1187.041016,225.779678,413.213226,1222.513794,144.72168,480.894867,1199.747314,236.712555,11.255233,1048.774902,-144.605591,-183.964478,1082.329834,-143.121078,-189.583145,1094.359741,126.306236,21.961773,1068.226318,124.931015
0.717,-53.399574,1689.27771,5.1832,48.79705,1652.16626,6.075435,-35.890701,1619.763916,84.986496,-152.076462,1433.540771,-11.812943,-210.809753,1267.071533,-71.289917,-214.609238,1263.758423,44.850178,65.084679,1304.098511,18.668261,-156.25058,1340.888184,-172.21463,-14.87548,1422.979126,-142.052399,60.077301,1262.25,-242.306335,178.542145,1232.104248,-253.883774,433.139496,1257.582397,-233.203857,440.152893,1276.533447,-141.086639,504.716858,1277.805786,-232.674728,-178.590454,1339.861206,129.359421,-24.242149,1419.748413,130.027496,20.157669,1290.553955,238.049316,157.524414,1218.913818,244.625412,407.11084,1183.706177,226.085556,411.92569,1218.752441,144.883469,479.66922,1196.17041,236.830688,11.206289,1047.834229,-144.409851,-184.154449,1080.829712,-143.450012,-190.299927,1093.011597,125.96962,21.307394,1067.269409,125.378983
0.725,-54.260696,1687.988647,5.185861,48.047905,1651.037598,5.954084,-36.616421,1618.459473,85.021187,-152.642654,1432.41394,-12.023638,-211.185501,1265.828369,-71.762428,-215.254715,1262.575073,44.414837,64.491455,1302.845093,19.302895,-156.251282,1339.812134,-172.557785,-14.648159,1421.934204,-142.021973,60.414177,1261.224487,-241.658478,178.677002,1231.406372,-252.604752,433.630005,1251.501953,-232.757919,442.029999,1268.075195,-140.254303,506.380554,1267.272827,-232.730469,-179.390686,1338.627563,129.093521,-25.024624,1418.257812,130.288376,19.124002,1288.7854,238.146957,156.265213,1216.699707,244.797577,405.656097,1180.127441,226.253601,410.601929,1215.127441,145.138962,478.22934,1192.211426,237.041183,11.147083,1046.778076,-144.227356,-184.442474,1079.4021,-143.842743,-191.053894,1091.647827,125.504646,20.696547,1066.399658,125.722244
0.733,-55.119049,1686.636719,5.114098,47.307598,1649.892212,6.060436,-37.202438,1617.228394,85.177467,-153.276367,1431.13623,-12.226811,-211.676575,1264.702759,-72.360542,-216.026505,1261.172119,44.022552,63.686302,1301.635254,19.951704,-156.301163,1338.787231,-172.864105,-14.434476,1420.614014,-142.049072,60.569016,1259.956299,-241.177139,178.699249,1230.438232,-251.608826,433.866974,1245.177612,-232.311249,443.220825,1258.888672,-139.46022,507.553802,1256.893188,-233.430359,-180.133972,1337.204834,128.767288,-25.607174,1416.751465,130.478165,18.0914,1286.924072,238.307938,154.963928,1214.408936,244.97261,404.035339,1176.428467,226.538391,409.196136,1211.230835,145.264359,476.5849,1188.059448,237.217728,11.166485,1045.799316,-144.143387,-184.6026,1077.700806,-144.168121,-191.899841,1090.231323,125.156807,20.095591,1065.342651,126.218781
0.742,-55.960503,1685.31665,5.302467,46.615543,1648.692749,6.021284,-37.895679,1615.888794,85.214325,-153.811646,1429.862427,-12.394307,-212.238098,1263.481079,-72.786171,-216.7211,1259.905273,43.484283,62.937542,1300.198242,20.691448,-156.432602,1337.596802,-173.174805,-14.257025,1419.210815,-142.074417,60.494884,1258.5271,-240.761063,178.489594,1229.397461,-250.827728,433.687225,1239.071045,-231.832932,443.97641,1249.463745,-138.683258,508.270691,1245.487793,-232.717194,-180.908905,1335.758667,128.527893,-26.411175,1415.091675,130.713684,16.787252,1284.850952,238.266434,153.453491,1211.993286,245.217621,402.303619,1172.478394,226.816055,407.706573,1207.027344,145.389297,475.049622,1183.514404,237.355484,11.110811,1044.767456,-144.016907,-184.81662,1076.069946,-144.373505,-192.731903,1088.704346,124.78334,19.486694,1064.287842,126.712364
0.75,-56.815468,1683.810425,5.427209,45.737835,1647.354248,6.144593,-38.680653,1614.488159,85.352028,-154.408463,1428.515747,-12.575682,-212.734375,1262.052979,-73.195358,-217.489563,1258.323853,43.15366,62.314747,1298.787964,21.237879,-156.619446,1336.450562,-173.515228,-14.090535,1417.619141,-142.039825,60.440567,1256.873779,-240.544739,178.252579,1228.033813,-250.201828,433.401093,1232.822632,-231.391769,444.115112,1239.663818,-137.979141,508.457062,1235.013916,-232.846863,-181.925171,1334.246826,128.216721,-27.264185,1413.551514,131.016785,15.680737,1282.859375,238.318787,152.028885,1209.52356,245.5914,400.716888,1168.418091,227.034882,406.171143,1202.650269,145.523743,473.281799,1178.852295,237.407562,11.158549,1043.704468,-144.012527,-184.936859,1074.243774,-144.799622,-193.571762,1087.030029,124.473457,18.893845,1063.119263,127.18119
0.758,-57.744568,1682.431885,5.612217,44.76712,1646.009277,6.085159,-39.639961,1612.990967,85.520401,-155.007385,1427.208008,-12.786477,-213.46991,1260.823853,-73.725685,-218.210327,1256.925171,42.781933,61.453224,1297.268188,21.838938,-156.826721,1335.168335,-173.76004,-14.012041,1416.057861,-141.97023,60.209259,1255.120361,-240.331009,178.076233,1226.422119,-249.825577,432.825256,1226.720703,-230.905746,443.832275,1229.696899,-137.346436,508.044647,1224.387573,-233.102036,-182.808701,1332.671753,127.963692,-28.15518,1411.864258,131.354492,14.609946,1280.690674,238.30127,150.634857,1207.161133,245.868195,398.835571,1164.258301,227.160294,404.824738,1198.353271,145.274933,471.555054,1173.9198,237.687683,11.191459,1042.577637,-143.973404,-185.151703,1072.439697,-145.122086,-194.39621,1085.273071,124.095222,18.424789,1061.94043,127.709389
0.767,-58.830547,1680.869629,5.687176,43.745129,1644.671509,6.55115,-40.581287,1611.509521,85.547783,-155.642715,1425.83728,-12.854033,-214.036331,1259.268188,-74.082108,-218.949127,1255.196655,42.379585,60.647705,1295.633667,22.368608,-157.089752,1333.964355,-174.05867,-13.837854,1414.319336,-141.819382,59.88134,1253.298462,-240.394821,177.688004,1224.459717,-249.389542,432.406097,1220.019897,-230.433273,443.176727,1219.943115,-136.791321,507.120789,1214.217651,-234.012268,-183.650391,1331.108398,127.658127,-28.880053,1410.181274,131.581863,13.428854,1278.479736,238.269409,149.161514,1204.790527,246.141388,396.870178,1160.124268,227.648315,402.717133,1193.234863,145.519836,469.754791,1168.96936,237.701279,11.264642,1041.434937,-144.011078,-185.24939,1070.509644,-145.358063,-195.238495,1083.408081,123.697075,17.971117,1060.78833,128.223404
0.775,-59.916428,1679.453735,5.914265,42.714363,1643.272949,6.69821,-41.492008,1609.984253,85.762184,-156.261932,1424.405151,-13.092655,-214.636383,1257.876099,-74.545189,-219.699677,1253.744873,41.905613,59.802948,1294.031738,22.711403,-157.386749,1332.702271,-174.342667,-13.664865,1412.595459,-141.639343,59.589989,1251.430298,-240.387817,177.243896,1222.066528,-248.923584,431.482697,1213.293701,-230.013779,442.275391,1210.491211,-136.425018,505.780945,1203.65271,-234.862656,-184.545776,1329.408081,127.399788,-29.652159,1408.358154,131.731354,12.246501,1276.380127,238.176071,147.800644,1203.015625,248.929169,394.881683,1155.915894,227.831879,400.83725,1188.3479,145.581711,467.809875,1163.551147,237.699982,11.322898,1040.266235,-143.983932,-185.303543,1068.55542,-145.663361,-196.143127,1081.550049,123.36248,17.444304,1059.511719,128.720764
0.783,-61.004498,1677.921753,6.083542,41.672707,1641.98291,6.975455,-42.596146,1608.462036,85.92421,-157.086609,1423.065552,-13.352046,-215.215012,1256.45105,-75.002693,-220.440323,1251.999634,41.666386,58.817501,1292.376343,23.166277,-157.600143,1331.418701,-174.66037,-13.562295,1410.776733,-141.39209,59.312279,1249.334106,-240.321838,176.778885,1219.375,-248.330734,430.382812,1206.020386,-229.761154,441.365997,1201.453125,-136.256454,503.796509,1193.211304,-235.685959,-185.569717,1327.812134,127.129272,-30.518396,1406.68042,132.252304,11.172005,1274.314941,238.194458,146.440857,1200.667603,249.615494,392.988861,1151.694092,228.149384,398.737518,1183.465332,145.375015,465.696381,1158.135254,237.458496,11.517989,1039.177002,-144.010895,-185.347122,1066.6698,-146.101044,-196.919266,1079.63269,123.000343,17.11323,1058.314331,129.207016
0.792,-62.175304,1676.511108,6.340149,40.535679,1640.648315,7.091781,-43.947987,1606.927368,85.990898,-157.811874,1421.583252,-13.592585,-215.789139,1254.895874,-75.311226,-221.283752,1250.442993,41.161388,58.206104,1290.93396,23.514967,-157.895538,1330.141602,-175.00824,-13.486181,1408.978882,-141.198563,58.913113,1247.464478,-240.376633,176.134537,1216.426758,-247.732483,428.888489,1198.526123,-229.729095,440.520935,1193.067505,-136.470932,501.505737,1183.054688,-236.649521,-186.515549,1326.109985,126.859512,-31.443413,1405.0979,132.498611,10.005563,1272.261597,238.194183,144.796997,1198.300293,250.316925,390.738037,1147.626099,228.228455,396.483246,1178.766479,145.125626,463.605621,1152.640747,237.031662,11.719392,1038.05835,-144.070358,-185.385071,1064.731812,-146.306046,-197.740173,1077.67688,122.586044,16.682379,1057.09436,129.680679
0.8,-63.488609,1675.099609,6.461228,39.294128,1639.442627,7.589925,-45.171688,1605.525024,86.242889,-158.579422,1420.317383,-13.797553,-216.342712,1253.457397,-75.724854,-221.991348,1248.79895,40.956184,57.494667,1289.427979,23.813248,-158.231766,1328.779297,-175.272858,-13.378484,1407.139648,-140.969208,58.500191,1245.260498,-240.332611,175.392746,1213.207764,-247.042923,427.543457,1190.691406,-229.772171,439.60141,1184.929321,-137.388046,499.152985,1173.298096,-237.748764,-187.447586,1324.615234,126.630081,-32.426533,1403.418213,132.725311,8.697141,1270.391724,238.104782,143.379456,1196.128296,251.195312,388.817963,1143.76001,227.923294,393.963928,1174.121094,144.617508,461.268463,1146.889038,236.291702,12.009107,1037.009277,-144.16127,-185.303329,1062.752319,-146.468796,-198.478973,1075.670166,122.375755,16.398615,1056.068604,130.087967
0.808,-64.768143,1673.834229,6.818734,38.035824,1638.209351,7.926991,-46.704323,1604.074463,86.284836,-159.33696,1418.858887,-14.021895,-216.825577,1251.859741,-75.994507,-222.813599,1247.254883,40.523895,56.888664,1288.098999,24.010506,-158.479279,1327.515991,-175.67276,-13.365554,1405.406738,-140.773026,58.063839,1242.966187,-240.117889,174.358688,1209.676636,-246.217117,425.461212,1183.216919,-230.38266,438.504517,1177.382935,-138.207123,496.822327,1164.440186,-238.881943,-188.45517,1323.063843,126.417786,-33.312168,1401.958984,132.937988,7.55317,1268.620605,238.162811,141.909943,1194.229126,252.095367,386.700409,1140.206177,227.388962,391.339355,1169.895874,144.002213,458.810425,1141.146484,235.283051,12.323557,1036.051025,-144.247574,-185.145782,1060.858032,-146.741074,-199.084152,1073.809937,122.004234,16.123953,1054.939819,130.544571
0.817,-66.153725,1672.547363,6.895984,36.566055,1637.155884,8.22286,-48.111225,1602.933594,86.414978,-160.107361,1417.595703,-14.12263,-217.318649,1250.445068,-76.255363,-223.475342,1245.791016,40.275543,56.22205,1286.684692,24.149776,-158.810806,1326.174561,-175.834335,-13.454556,1403.692871,-140.64476,57.383808,1240.576904,-239.852844,173.306854,1206.123169,-245.413971,423.380035,1176.268066,-231.171906,437.227844,1170.427612,-139.070679,494.6409,1156.549683,-239.833893,-189.548401,1321.708008,126.272095,-34.135509,1400.472656,133.113144,6.349693,1267.030029,238.293793,140.328186,1192.428589,253.181519,384.399475,1136.722778,226.976425,388.497009,1166.190918,143.183151,456.564758,1135.57251,233.918564,12.71569,1035.085205,-144.426804,-185.040054,1059.117188,-146.992706,-199.591553,1071.834595,121.808495,15.843155,1053.838745,130.90979
0.825,-67.573593,1671.481323,7.036457,35.39431,1636.302368,8.534586,-49.57246,1601.807373,86.613533,-161.082275,1416.446167,-14.305226,-217.833847,1248.919922,-76.371933,-224.140182,1244.252075,40.109852,55.613926,1285.427612,24.287703,-159.162552,1324.814819,-176.062241,-13.51014,1401.996948,-140.535446,56.672276,1238.076904,-239.351776,171.94075,1202.455811,-244.506363,421.45752,1169.717041,-231.663193,435.711823,1164.021973,-139.725174,492.735321,1149.691284,-240.518997,-190.572006,1320.359497,126.05542,-35.11636,1399.310913,133.323715,5.023184,1265.637207,238.426163,138.921921,1190.773682,254.512543,382.343414,1133.860107,226.942581,385.467682,1163.169067,142.223282,453.884857,1129.782593,232.202744,13.141631,1034.264648,-144.570114,-184.82222,1057.307495,-147.233002,-200.082184,1070.065674,121.556206,15.685804,1052.970947,131.313446
0.833,-69.082733,1670.35498,7.06431,33.843384,1635.46521,8.955894,-51.144886,1600.826416,86.638138,-161.847763,1415.310303,-14.464745,-218.230179,1247.561401,-76.531364,-224.807053,1242.990967,39.870781,54.744305,1284.190308,24.129025,-159.558929,1323.48584,-176.178177,-13.690447,1400.522095,-140.553192,55.766922,1235.562866,-238.720993,170.463776,1198.687744,-243.629257,419.608154,1163.910522,-231.835892,433.917877,1158.138062,-140.194885,491.052521,1143.088867,-240.929428,-191.533661,1319.210815,125.990555,-36.077076,1398.218628,133.51918,3.78598,1264.579224,238.655487,137.400009,1189.442627,256.051758,380.205261,1131.112061,225.949738,382.329376,1160.979736,141.081329,450.951965,1124.082642,230.049469,13.656591,1033.583984,-144.724121,-184.58548,1055.750244,-147.324295,-200.37645,1068.38562,121.445641,15.511405,1052.075928,131.691864
0.842,-70.652267,1669.602783,6.977778,32.356552,1634.853516,9.108046,-52.664463,1600.129761,86.760719,-162.554657,1414.294434,-14.634629,-218.555725,1246.253296,-76.527969,-225.292648,1241.627075,39.84763,54.090221,1283.135498,23.941566,-160.010956,1322.196899,-176.164993,-13.82995,1399.09668,-140.682831,54.824615,1232.973999,-237.784683,168.890991,1195.113525,-242.858627,417.837555,1158.819214,-231.984299,432.134033,1153.074463,-140.387711,489.400146,1138.211914,-241.095215,-192.481598,1318.169556,125.776215,-37.13205,1397.308228,133.875168,2.637623,1263.655396,239.024139,135.764465,1188.343872,257.743347,378.073425,1128.68811,224.511932,379.184631,1159.741943,139.823181,447.647308,1118.61084,227.488876,14.266372,1033.004639,-144.872223,-184.181458,1054.248291,-147.522751,-200.587952,1066.852295,121.394791,15.37231,1051.332642,132.105499
0.85,-72.125854,1668.914185,6.955507,30.967037,1634.527222,9.478291,-54.213093,1599.534546,86.748497,-163.142883,1413.427368,-14.910351,-218.752411,1244.892212,-76.452667,-225.62709,1240.471558,39.847904,53.528893,1282.243164,23.855417,-160.453781,1320.997681,-176.23938,-14.056288,1397.928833,-141.047653,53.838863,1230.369873,-236.7845,167.402466,1191.957397,-242.29129,416.322845,1154.558594,-232.068741,430.337036,1148.675659,-140.523773,487.763855,1133.285767,-240.754089,-193.345444,1317.210938,125.712456,-37.907494,1396.678345,133.998093,1.288843,1263.077759,239.398499,134.395721,1187.528931,259.761902,375.920288,1126.827637,222.639496,376.142578,1159.501343,138.296417,443.896362,1113.244629,224.358688,14.877864,1032.604858,-144.854004,-183.814072,1053.060791,-147.571106,-200.628021,1065.454346,121.226715,15.292562,1050.688843,132.545242
0.858,-73.914673,1668.344238,6.993635,29.39876,1634.275757,9.699215,-55.920876,1598.945801,86.851402,-163.779602,1412.633789,-14.990104,-218.963333,1243.805786,-76.346306,-225.883896,1239.586548,39.783573,52.96048,1281.577759,23.711914,-160.90686,1319.940674,-176.198074,-14.316265,1396.973877,-141.506485,52.796127,1228.005493,-235.519516,165.978409,1189.064209,-241.730438,415.073181,1151.098633,-232.135254,428.636108,1145.108643,-140.326431,486.991577,1129.545776,-240.297775,-194.1306,1316.532959,125.576317,-38.637497,1396.170776,134.285629,0.097053,1262.840698,239.98822,132.880341,1186.989014,261.784546,373.885254,1125.547485,220.282852,373.098572,1160.582275,136.584198,439.568298,1108.610718,220.672577,15.538788,1032.432251,-144.795212,-183.301208,1051.951416,-147.584457,-200.528809,1064.290894,121.261642,15.321659,1050.334595,132.952652
0.867,-75.472809,1667.898926,6.918986,27.95628,1634.442383,9.948314,-57.435463,1598.71814,86.81147,-164.278809,1412.028442,-15.133592,-219.086792,1242.977295,-76.308067,-226.014603,1238.687134,39.891975,52.533173,1281.169434,23.608582,-161.299744,1319.027954,-176.203506,-14.483717,1396.208374,-142.137207,51.826069,1225.80957,-234.258881,164.641251,1186.608887,-241.409424,414.098999,1148.268921,-231.852341,426.967224,1142.209229,-140.071533,486.052795,1126.67334,-239.602661,-194.78598,1316.0802,125.467003,-39.446255,1395.891357,134.328445,-0.975397,1262.687256,240.746857,131.499252,1186.735107,264.041962,371.858002,1124.610596,217.558182,370.180481,1162.744873,134.840775,435.063049,1105.046265,216.249817,16.266579,1032.433472,-144.664536,-182.750702,1051.251709,-147.574112,-200.37352,1063.436768,121.305412,15.488089,1050.114502,133.323257
0.875,-77.265686,1667.763428,6.888023,26.346041,1634.753418,10.1263,-59.065315,1598.600464,86.876144,-164.763596,1411.675049,-15.38376,-219.082962,1242.137695,-76.038223,-226.110397,1238.033325,39.965733,52.155441,1281.051758,23.473234,-161.665558,1318.267822,-176.115967,-14.684082,1395.749146,-142.742538,50.798046,1223.872925,-233.06311,163.506485,1184.828003,-241.363861,413.160645,1146.245117,-231.740051,425.452484,1140.070679,-139.727753,485.48291,1124.175049,-238.810638,-195.286743,1315.783203,125.388939,-40.112026,1395.884644,134.675232,-2.07411,1262.861816,241.615173,130.305161,1186.764526,266.551056,370.136078,1124.460205,214.437225,367.149506,1165.575317,132.96199,430.805267,1102.691895,211.36412,17.055376,1032.630737,-144.509171,-182.164383,1050.748169,-147.544815,-200.06723,1062.859375,121.422928,15.785833,1050.048096,133.726318
0.883,-78.879005,1667.675171,6.847655,24.925915,1635.343506,10.335885,-60.53476,1598.724121,86.871956,-165.07663,1411.527832,-15.554193,-218.975388,1241.653198,-75.912224,-226.091858,1237.697632,40.043182,51.875542,1281.178833,23.411798,-161.896057,1317.78833,-176.020645,-14.881102,1395.560303,-143.425964,49.921917,1222.464722,-232.092361,162.511383,1183.607666,-241.657028,412.600281,1144.70166,-231.472488,424.24173,1138.737183,-139.728378,484.766846,1122.484985,-238.020126,-195.643372,1315.665771,125.307007,-40.610249,1396.047119,134.756119,-3.08046,1263.333862,242.569,129.179886,1187.115234,269.006348,368.526459,1125.139771,211.081329,363.913086,1169.269287,130.969086,426.683441,1101.594971,205.703674,17.882191,1032.956665,-144.309494,-181.533676,1050.512451,-147.540619,-199.556366,1062.560913,121.511711,16.159981,1050.166382,134.090714
0.892,-80.687569,1667.914062,6.819808,23.324272,1636.145874,10.672923,-62.028965,1598.997314,86.894852,-165.288834,1411.567261,-15.626444,-218.743958,1241.442261,-75.742157,-225.947601,1237.588257,40.147491,51.750122,1281.614502,23.446112,-162.045517,1317.541626,-175.911331,-15.076881,1395.730591,-143.99649,49.301033,1221.583008,-231.537811,161.878326,1182.916992,-241.880005,412.087433,1143.796509,-231.289734,423.337646,1137.962158,-139.345306,484.472992,1121.209839,-237.268738,-195.835052,1315.727295,125.241104,-41.024742,1396.498413,134.953186,-3.890108,1264.111084,243.563354,127.905861,1187.248779,268.766754,367.227112,1126.635986,207.538513,360.484985,1174.111084,128.809845,422.925781,1101.877197,199.435379,18.799522,1033.445557,-143.776199,-180.790924,1050.569946,-147.485748,-198.961609,1062.537964,121.642212,16.613476,1050.4552,134.449554
0.9,-82.246262,1668.201294,6.769345,21.906666,1637.122681,10.832732,-63.348473,1599.484741,86.967087,-165.407028,1411.770508,-15.705513,-218.29715,1241.404785,-75.537544,-225.696625,1237.70166,40.202236,51.747555,1282.487671,23.573545,-162.068115,1317.549927,-175.766006,-15.157809,1396.165405,-144.436676,48.896709,1221.335083,-231.408905,161.412201,1182.734497,-242.322662,411.706207,1143.259888,-231.037216,422.570374,1137.921143,-138.995209,484.182343,1120.496826,-236.640106,-195.951767,1315.994385,125.190781,-41.35738,1397.103394,135.130981,-4.638116,1265.012939,244.61911,127.309952,1188.495728,273.571075,365.888855,1128.779785,203.507996,356.884094,1179.775879,126.453743,419.188141,1103.426147,192.481064,19.71538,1034.171387,-143.477524,-180.086685,1050.888672,-147.502075,-198.2724,1062.826416,121.773888,17.205881,1050.986572,134.777206
0.908,-83.920715,1668.798828,6.793434,20.457756,1638.437744,11.130144,-64.663712,1600.133423,86.94178,-165.407333,1412.1698,-15.611855,-217.817459,1241.580933,-75.353523,-225.303757,1238.008545,40.322968,51.972755,1283.602295,23.788095,-161.933289,1317.79834,-175.586075,-15.162011,1396.837036,-144.657715,48.706821,1221.841064,-231.880035,161.284821,1183.105835,-242.990265,411.510559,1143.192871,-230.841293,422.269836,1138.681274,-138.766464,484.053741,1120.298096,-236.127609,-195.901016,1316.442261,125.185234,-41.447716,1397.833496,135.34433,-5.366056,1266.086548,245.718399,126.64962,1189.109985,274.106659,364.801575,1131.776733,198.899231,353.18457,1186.897949,123.467247,415.523529,1106.556274,184.529495,20.712666,1035.023193,-143.03125,-179.275024,1051.491211,-147.405945,-197.416153,1063.444702,122.011917,17.80707,1051.677856,135.001968
0.917,-85.436836,1669.491455,6.621105,19.103436,1639.866821,11.200785,-65.917465,1601.092285,87.001945,-165.310928,1412.787964,-15.480329,-217.291336,1242.018311,-75.210907,-224.80217,1238.600098,40.448452,52.298973,1284.932739,24.127632,-161.660416,1318.291626,-175.401154,-15.030319,1397.741577,-144.714737,48.748371,1222.677002,-232.648361,161.388092,1183.834717,-243.558395,411.609772,1143.632446,-230.680878,422.213715,1139.715454,-138.513641,483.989288,1120.618286,-235.81929,-195.730804,1317.085327,125.15345,-41.450153,1398.951294,135.637344,-5.906188,1267.324463,246.800186,126.563889,1190.889404,279.391907,363.535095,1135.843262,193.68013,348.988831,1194.515625,121.131935,412.112732,1111.230835,176.526016,21.666319,1035.954834,-142.535004,-178.39624,1052.421265,-147.561584,-196.557037,1064.290039,122.055962,18.505205,1052.587524,135.266739
0.925,-86.91452,1670.432739,6.63527,17.911528,1641.450073,11.589646,-67.158661,1602.015869,87.005142,-165.080551,1413.529907,-15.531669,-216.655502,1242.947144,-75.148933,-224.283371,1239.467407,40.476536,52.795753,1286.520142,24.500175,-161.257904,1319.100586,-175.220856,-14.85361,1398.928223,-144.674423,49.017124,1224.002319,-233.848816,161.791077,1184.981201,-244.225266,411.86911,1144.523804,-230.673355,422.592865,1141.401245,-138.17128,484.219879,1121.470825,-235.610062,-195.492218,1317.967163,125.126198,-41.35083,1400.234985,135.84726,-6.296234,1268.744629,248.054153,126.296577,1192.029053,279.435394,362.28537,1140.827271,188.098724,344.687134,1203.073853,118.989449,408.811401,1117.233154,167.718033,22.581951,1037.096802,-142.170822,-177.496918,1053.533325,-147.404602,-195.663956,1065.416992,122.222404,19.266424,1053.62793,135.445862
0.933,-88.30658,1671.373047,6.638007,16.632416,1643.231812,11.82219,-68.282463,1603.123901,87.054939,-164.73822,1414.425537,-15.434661,-215.904739,1243.799927,-75.006165,-223.551468,1240.347168,40.608356,53.297611,1288.317383,24.954779,-160.674179,1320.119995,-175.022247,-14.591356,1400.384521,-144.432724,49.479511,1225.966919,-235.161392,162.342133,1186.657349,-244.86824,412.239899,1146.029785,-230.704437,423.194336,1143.19104,-138.182648,484.818481,1122.875,-235.392456,-195.073486,1319.014893,125.156326,-41.270081,1401.64624,136.222855,-6.692906,1270.415771,249.298737,126.290993,1193.965942,282.050842,361.080261,1147.141235,182.480515,340.349884,1212.345703,116.926224,405.346222,1124.895508,158.955276,23.639805,1038.294434,-141.701065,-176.440475,1054.939087,-147.3414,-194.770996,1066.72168,122.310165,19.990381,1054.827026,135.653915
0.942,-89.768242,1672.415039,6.663556,15.545113,1645.102173,12.061646,-69.254967,1604.48938,87.200211,-164.272903,1415.454102,-15.291232,-215.052307,1244.876465,-74.93158,-222.801437,1241.480957,40.602863,54.022919,1290.145386,25.390263,-159.916061,1321.306641,-174.865356,-14.032908,1401.895752,-144.029373,50.212631,1228.044312,-236.599609,163.106384,1188.502319,-245.419266,412.832489,1147.918091,-230.873611,423.876068,1145.356201,-138.291367,485.299866,1124.778931,-235.447418,-194.518982,1320.019531,125.198586,-40.944607,1403.173584,136.457245,-6.901782,1272.232056,250.608353,127.235519,1196.568115,287.675842,359.291748,1154.491577,175.972565,335.837677,1222.932495,115.24218,402.124512,1133.453735,149.349884,24.588148,1039.516846,-141.305603,-175.335693,1056.486694,-147.298111,-193.844177,1068.239502,122.307175,20.79006,1056.152344,135.77272
0.95,-91.051895,1673.554077,6.578928,14.396216,1646.969604,12.322697,-70.332214,1605.739258,87.234581,-163.567139,1416.619507,-15.21653,-214.064728,1246.255981,-74.892601,-221.920944,1242.835205,40.619556,54.818092,1292.086548,25.977829,-158.981354,1322.633789,-174.529205,-13.556264,1403.662231,-143.557999,51.05645,1230.536499,-237.790985,164.067307,1190.817871,-245.96611,413.6409,1150.159424,-230.898407,424.689972,1147.751099,-138.3125,486.426331,1127.042725,-235.719467,-193.810242,1321.228394,125.316963,-40.610687,1404.800781,136.737274,-6.776499,1274.185425,251.86795,127.540245,1198.816528,288.573792,357.081787,1162.950806,169.667572,331.426605,1234.079346,113.698738,398.719696,1143.36084,140.090637,25.60268,1040.836182,-140.85199,-174.224472,1058.270874,-147.262039,-192.917526,1069.830566,122.496727,21.515865,1057.487549,135.893845
0.958,-92.119415,1674.770508,6.648564,13.32144,1648.973389,12.64767,-71.227333,1607.125366,87.397575,-162.860123,1417.76709,-14.919692,-213.001282,1247.570068,-74.695427,-220.952042,1244.05127,40.780834,55.679012,1294.066772,26.530447,-158.07077,1324.121948,-174.339142,-12.840347,1405.380981,-143.006775,52.144047,1233.009888,-238.928009,165.180786,1193.317017,-246.419724,414.695099,1152.722412,-231.136887,425.746307,1150.447754,-138.486069,487.160858,1129.582397,-235.917267,-193.027115,1322.417236,125.373024,-40.11454,1406.483154,136.878067,-6.570464,1276.268799,253.131683,128.326767,1200.695068,288.081421,355.079376,1172.299805,163.484222,327.25235,1245.543213,112.487938,395.650879,1154.44812,130.827652,26.105354,1041.683838,-139.195114,-173.094025,1060.171509,-147.199066,-191.999359,1071.582275,122.579559,22.314461,1059.02356,135.869659
0.967,-93.378098,1675.964966,6.654492,12.422317,1651.059448,13.032739,-71.854187,1608.654419,87.610046,-162.132629,1419.038574,-14.68943,-211.996582,1249.178955,-74.718216,-220.011856,1245.641602,40.716667,56.56979,1296.121216,27.050573,-156.999863,1325.718994,-174.052032,-12.256258,1407.335449,-142.509323,53.203991,1235.676514,-239.707474,166.274551,1196.073853,-246.977325,415.736542,1155.63147,-231.336823,426.809753,1153.296631,-138.788956,488.567169,1132.869629,-236.200653,-191.964264,1323.591187,125.586494,-39.682636,1408.226196,137.062683,-6.095476,1278.504639,254.263336,129.524979,1203.264771,289.432922,352.90094,1182.497803,157.741699,323.340729,1257.647827,111.621307,392.6539,1166.296753,121.478249,27.45575,1043.362427,-139.545532,-171.834274,1062.070312,-147.038773,-191.054092,1073.367065,122.696976,22.977646,1060.534668,135.818909
0.975,-94.442291,1677.22522,6.735009,11.485584,1653.137939,13.3877,-72.707703,1610.058716,87.790649,-161.322983,1420.377075,-14.406201,-210.858505,1250.654541,-74.488289,-218.953186,1247.107056,40.977631,57.871014,1298.279419,27.70648,-155.885498,1327.403687,-173.793991,-11.401846,1409.235229,-141.87439,54.420403,1238.391724,-240.325714,167.563019,1199.005249,-247.553802,416.990082,1158.881348,-231.678818,428.037659,1156.282715,-139.105377,489.800079,1136.255371,-236.398758,-191.098633,1325.010376,125.688148,-38.951637,1410.133789,137.115158,-5.415098,1280.791992,255.315247,131.005493,1205.858032,290.253784,350.694183,1192.820435,152.078827,319.678619,1269.959839,111.086479,390.729706,1178.701538,113.026016,28.03603,1044.296143,-138.492188,-170.638458,1064.107056,-146.982605,-190.106537,1075.262695,122.781181,23.838949,1061.957397,135.813278
0.983,-95.537567,1678.376831,6.986432,10.616032,1655.186401,13.807043,-73.396576,1611.532715,88.050652,-160.474792,1421.657837,-14.124042,-209.698029,1252.313354,-74.433601,-217.959747,1248.775513,40.959961,58.836555,1300.251099,28.191307,-154.762161,1328.992798,-173.518814,-10.542026,1411.239624,-141.255478,55.753674,1241.060913,-240.591248,168.814606,1202.024292,-248.047958,418.356659,1162.259644,-231.96312,429.346832,1159.42395,-139.455078,491.322388,1139.704956,-236.729156,-190.122864,1326.348877,125.976921,-38.301788,1411.937622,137.161392,-4.582037,1283.138794,255.981628,132.687668,1208.476685,290.607147,348.911743,1203.803223,146.993713,316.476776,1282.352417,110.834358,388.657898,1192.857056,105.37735,29.084309,1045.674316,-138.152039,-169.417999,1066.157959,-146.987,-189.115814,1077.117188,122.894905,24.700874,1063.30835,135.633743
0.992,-96.473976,1679.470825,7.104258,9.776746,1657.184692,14.283411,-74.057556,1612.850464,88.331154,-159.422012,1423.075439,-13.655472,-208.495926,1253.827393,-74.216774,-216.68483,1250.192749,41.324806,59.942421,1302.28418,28.688873,-153.590607,1330.757324,-173.14357,-9.667662,1413.068359,-140.635193,56.978832,1243.78125,-240.666183,170.120438,1205.118774,-248.554337,419.863342,1165.715576,-232.372879,430.712311,1162.700317,-139.797638,492.73645,1143.231689,-237.006683,-189.078598,1327.768921,126.25325,-37.500427,1413.831909,137.081787,-3.459917,1285.538574,256.491882,134.655075,1211.207153,290.538879,347.87854,1215.333496,142.397827,313.702515,1294.848389,110.956734,387.781067,1206.821289,98.368599,30.046362,1046.899658,-137.885544,-168.174423,1068.12146,-146.977417,-188.140259,1079.069824,123.009193,25.535946,1064.664551,135.577118
1.0,-97.308632,1680.560547,7.293406,9.195257,1659.141724,14.767758,-74.461555,1614.13208,88.703644,-158.512741,1424.291626,-13.301104,-207.431824,1255.530396,-74.065895,-215.485275,1251.78125,41.438595,61.226444,1304.224854,29.231716,-152.436935,1332.364624,-172.773453,-8.909527,1415.003906,-140.026657,58.308197,1246.354858,-240.444656,171.460205,1208.151245,-248.913376,421.332245,1169.279785,-232.798477,432.15564,1166.091675,-140.152832,494.142303,1146.936279,-237.452225,-187.850815,1329.085571,126.612785,-36.652946,1415.698608,137.137955,-1.953405,1287.882324,256.842194,136.905884,1213.73645,289.837463,347.161011,1227.10083,138.358612,311.210114,1307.278809,111.308823,386.243835,1221.796631,91.942245,30.89784,1048.164795,-137.650314,-167.033325,1070.170288,-146.854431,-187.169983,1080.939575,123.183411,26.381212,1066.001587,135.45163
1.008,-98.11895,1681.618652,7.676518,8.479465,1660.905518,15.148185,-74.788513,1615.469482,89.088081,-157.489792,1425.578735,-13.012296,-206.136047,1256.995972,-73.707916,-214.285141,1253.281372,41.798595,62.464359,1306.024658,29.601366,-151.221115,1333.980347,-172.422348,-7.874479,1416.736206,-139.299591,59.63258,1248.85437,-240.081512,172.839294,1211.053833,-249.398605,422.873627,1172.84082,-233.205475,433.61795,1169.502686,-140.506699,495.74176,1150.791626,-237.72612,-186.80957,1330.467651,126.966614,-36.013168,1417.560791,137.037445,-0.406439,1290.255859,256.840149,139.269974,1216.411743,288.848053,346.902954,1238.345459,134.713043,309.468109,1319.708496,112.121086,385.637939,1236.61731,86.142464,31.68255,1049.272217,-137.363724,-165.96376,1072.083618,-146.932892,-186.084991,1082.786133,123.265518,27.204996,1067.143066,135.166595
1.017,-98.904068,1682.469604,8.034759,7.803304,1662.635986,15.681437,-75.189972,1616.559326,89.519836,-156.366409,1426.729004,-12.636205,-205.007294,1258.568848,-73.468697,-213.012314,1254.838379,42.082104,63.825264,1307.768433,30.112062,-150.051834,1335.661865,-171.964554,-6.965868,1418.537476,-138.780685,60.891479,1251.295776,-239.657761,174.063278,1213.884766,-249.865524,424.366791,1176.36377,-233.513809,435.084412,1173.009521,-140.543716,497.393921,1154.364502,-238.192612,-185.581573,1331.712036,127.367928,-35.159031,1419.433472,136.926483,1.556945,1292.499512,256.770599,141.938843,1218.907593,287.37558,347.107483,1249.689941,131.830795,308.261658,1331.637695,113.290543,384.766418,1251.383911,81.032845,33.005909,1050.885498,-138.671158,-164.84079,1073.950073,-146.957764,-184.932465,1084.60022,123.335426,28.182425,1068.214478,134.979721
1.025,-99.630257,1683.287964,8.41538,7.294772,1664.363159,16.284138,-75.593651,1617.547729,89.949669,-155.352661,1427.892578,-12.227481,-203.990799,1260.092407,-73.154678,-211.866196,1256.239014,42.489281,65.103226,1309.513062,30.430752,-148.949524,1337.079102,-171.587753,-6.082691,1420.151123,-138.180481,62.108437,1253.416504,-239.269836,175.418915,1216.559814,-250.200989,425.943237,1179.886108,-233.787277,436.390381,1176.632568,-140.970413,498.774109,1158.276367,-238.379562,-184.219589,1332.929199,127.836693,-34.334473,1421.152954,136.742798,3.46525,1294.69812,256.347778,144.679749,1221.405518,285.573059,347.542847,1260.715698,129.191132,307.761871,1343.164062,114.854813,384.336639,1266.03833,76.56205,33.605053,1051.719482,-138.446701,-163.852417,1075.773438,-146.922638,-183.906631,1086.293457,123.518387,29.167807,1069.077759,134.646301
1.033,-100.260895,1684.130005,8.82067,6.816998,1665.845825,16.913403,-75.873581,1618.540527,90.4217,-154.44603,1429.028931,-11.891763,-202.969528,1261.421997,-72.809372,-210.633499,1257.485229,42.886463,66.471741,1311.017456,30.863911,-147.780899,1338.543091,-171.095139,-5.119962,1421.677979,-137.643738,63.32869,1255.453979,-238.846405,176.747498,1218.989258,-250.481491,427.495667,1183.230469,-234.172043,438.041077,1180.048462,-141.385529,500.570312,1161.963013,-238.763153,-183.047165,1334.162598,128.193359,-33.421253,1422.767212,136.52504,5.67544,1296.63501,255.948242,147.592865,1223.768799,283.503876,348.409088,1271.411499,126.724403,307.834717,1354.379028,116.835899,384.391998,1280.281982,73.029747,33.757202,1051.950684,-136.695526,-162.972733,1077.385498,-146.825623,-182.82666,1087.990356,123.727562,30.199696,1069.84082,134.319702
1.042,-100.71917,1684.874268,9.330959,6.31459,1667.257568,17.478909,-76.12751,1619.378296,90.935638,-153.423691,1430.057129,-11.490119,-201.810516,1262.818726,-72.524162,-209.434219,1258.880859,43.160168,67.759171,1312.391602,31.121977,-146.725922,1339.838745,-170.771133,-4.233043,1423.117798,-137.163589,64.47921,1257.146606,-238.352386,177.94545,1221.418579,-250.853745,428.990173,1186.50708,-234.675034,439.595001,1183.487183,-141.802979,502.159882,1165.356445,-239.162125,-181.697327,1335.266357,128.693649,-32.300549,1424.247681,136.412216,7.673625,1298.377319,255.302582,150.616943,1225.999634,281.236359,349.541199,1281.970459,124.299026,308.339294,1365.22522,118.404472,384.938416,1294.324341,70.04277,34.69479,1053.028442,-137.79599,-162.149033,1078.994873,-146.863922,-181.651947,1089.533447,123.848381,31.248123,1070.365967,134.075302
1.05,-101.209526,1685.436401,9.929439,6.004062,1668.556519,18.154005,-76.274216,1620.117676,91.445038,-152.281143,1431.001709,-10.97651,-200.874176,1263.994507,-72.179489,-208.330826,1259.961914,43.70459,69.176659,1313.727295,31.343538,-145.683853,1341.092041,-170.343216,-3.359536,1424.39563,-136.749115,65.656242,1258.79187,-238.099136,179.267288,1223.463501,-251.05098,430.666443,1189.568115,-235.145187,441.14621,1186.849121,-142.284805,503.677246,1168.793701,-239.655075,-180.248917,1336.244019,129.193817,-31.259663,1425.57373,136.146149,10.059472,1299.841553,254.575607,153.795258,1228.03064,278.545532,350.653625,1292.165283,122.208382,309.463745,1375.343018,121.932823,385.647522,1307.563843,68.272278,35.1087,1053.586914,-137.851181,-161.504562,1080.380981,-146.916412,-180.593338,1090.969849,124.037033,32.263748,1070.979858,133.846268
1.058,-101.667114,1685.885986,10.385964,5.675534,1669.670532,18.769714,-76.378441,1620.719238,91.94339,-151.304932,1431.925781,-10.718911,-199.984024,1265.110962,-71.684769,-207.22821,1261.124634,44.098652,70.41954,1314.81897,31.670942,-144.645126,1342.127441,-170.014603,-2.391479,1425.571899,-136.326706,66.767372,1260.325928,-237.893387,180.420471,1225.375854,-251.2668,431.892395,1192.526367,-235.677231,442.724579,1190.070679,-142.687759,505.122131,1172.062744,-240.089417,-178.96666,1337.234253,129.545532,-30.192245,1426.782471,136.087784,12.388749,1301.204224,253.819641,157.024323,1230.010742,275.768036,352.311218,1301.95752,120.583229,310.983521,1384.687134,124.934914,385.589508,1320.634033,65.547142,35.522888,1053.968872,-137.771637,-160.865875,1081.647217,-146.926056,-179.582779,1092.34729,124.190018,33.31036,1071.380615,133.483307
1.067,-102.087135,1686.29248,10.935541,5.388582,1670.739136,19.429659,-76.405357,1621.258789,92.525902,-150.295029,1432.811523,-10.225602,-199.201157,1266.27771,-71.454124,-206.232574,1262.187988,44.578259,71.4403,1315.62085,31.72617,-143.840134,1343.116211,-169.577942,-1.619734,1426.657471,-135.999695,67.803329,1261.692505,-237.774948,181.593506,1227.223022,-251.376297,433.246399,1195.272705,-236.240906,444.132996,1193.092773,-143.15567,506.539276,1175.190918,-240.545822,-177.4422,1338.12854,130.09549,-28.971169,1427.876099,135.969788,14.711642,1302.086792,252.94072,160.372284,1231.831421,272.804504,354.546814,1311.198608,119.459915,313.006866,1393.535156,128.02002,387.349548,1333.171997,64.062904,35.864067,1054.173096,-137.654556,-160.420853,1082.808472,-146.866776,-178.475876,1093.551147,124.436859,34.310997,1071.682373,133.157822
1.075,-102.427063,1686.649536,11.542864,5.130913,1671.683838,20.09973,-76.38868,1621.70459,93.124176,-149.212143,1433.568848,-9.774146,-198.250046,1267.0979,-70.957947,-205.12709,1262.98938,45.074593,72.718964,1316.393921,31.902235,-142.982315,1344.060791,-169.331894,-0.832351,1427.591187,-135.688858,68.900772,1262.873657,-237.632858,182.698715,1228.767212,-251.497955,434.511536,1197.939453,-236.648529,445.492279,1195.980835,-143.643295,507.846954,1177.854858,-241.027222,-176.06488,1338.812134,130.603653,-27.870419,1428.904907,136.004715,17.119928,1302.90686,252.059158,163.820023,1233.602539,269.646759,357.205933,1320.015259,118.657509,315.346161,1401.523071,131.227264,389.915192,1345.580688,64.597252,36.134441,1054.270874,-137.578537,-160.090195,1083.804688,-146.844498,-177.52298,1094.716919,124.698769,35.252617,1071.803833,132.828796
1.083,-102.692894,1686.919189,12.114136,4.807146,1672.537109,20.581728,-76.392021,1622.055786,93.639793,-148.289291,1434.239502,-9.323137,-197.505112,1267.845947,-70.539642,-204.144821,1263.726318,45.518459,73.570679,1316.993164,31.961105,-142.211517,1344.811157,-168.997284,-0.106831,1428.411133,-135.387894,69.800018,1264.04895,-237.765823,183.758453,1230.301636,-251.601547,435.807953,1200.253418,-237.010818,446.933899,1198.787964,-144.026215,509.224579,1180.555298,-241.642731,-174.552475,1339.449463,131.112305,-26.543724,1429.753662,136.005447,19.409023,1303.361694,251.210892,166.964767,1235.284424,266.426971,360.266876,1328.430664,118.24192,317.933533,1408.774902,134.560776,392.455719,1356.976807,64.917435,36.34634,1054.275513,-137.589874,-159.784714,1084.668945,-146.759583,-176.573135,1095.702271,124.845833,36.183563,1071.958862,132.514938
1.092,-102.964386,1687.135132,12.732941,4.598905,1673.225342,21.252874,-76.364189,1622.337769,94.139343,-147.371887,1434.920776,-8.913913,-196.821899,1268.65271,-70.192017,-203.191071,1264.612183,45.981052,74.57399,1317.498779,31.937201,-141.534378,1345.616455,-168.697021,0.497656,1429.124023,-135.09137,70.629288,1265.151978,-237.911926,184.730804,1231.724976,-251.84935,436.733734,1202.436279,-237.376572,448.131317,1201.462402,-144.505768,510.358582,1183.081543,-241.950775,-173.230698,1340.015015,131.552658,-25.258038,1430.496216,136.122528,21.821905,1303.647583,250.276779,170.375702,1236.731323,263.08847,363.259674,1336.639282,118.304565,320.936768,1415.428833,138.003235,395.459961,1367.685425,65.78994,36.504768,1054.252686,-137.643082,-159.534821,1085.482056,-146.610886,-175.76767,1096.62439,125.174385,37.057762,1071.966431,132.190384
1.1,-103.2444,1687.297974,13.361011,4.430734,1673.94165,21.937141,-76.312439,1622.516724,94.660217,-146.457214,1435.495605,-8.499819,-196.22493,1269.404663,-69.891579,-202.368134,1265.210449,46.338516,75.580032,1317.885376,31.721682,-140.959503,1346.255493,-168.338974,1.157937,1429.756836,-134.889801,71.440308,1266.132812,-238.084717,185.68631,1233.086182,-252.03743,437.797821,1204.460938,-237.789932,449.289948,1203.890991,-144.884613,511.483307,1185.418945,-242.31871,-171.758606,1340.526123,132.08075,-24.14822,1431.159668,136.306976,24.293428,1303.97937,249.378082,173.709579,1237.994141,259.816223,366.659576,1344.235229,118.302094,324.23114,1421.338257,141.368683,399.134979,1377.69873,67.478607,36.625038,1054.185181,-137.763123,-159.273804,1086.059204,-146.503067,-174.972763,1097.462036,125.372276,37.861156,1071.825806,131.848328
1.108,-103.436081,1687.409546,13.911219,4.315711,1674.583618,22.552805,-76.231438,1622.606079,95.179016,-145.445099,1436.018555,-8.090247,-195.63472,1270.020752,-69.38398,-201.463364,1265.758179,46.986488,76.484161,1318.265381,31.086298,-140.496979,1346.796509,-168.040512,1.738944,1430.338867,-134.701935,72.077797,1267.119507,-238.358505,186.436554,1234.179321,-252.377838,438.688965,1206.384155,-238.292358,450.240082,1205.94751,-145.137222,512.523926,1187.578369,-242.620483,-170.309158,1340.977417,132.648895,-22.705246,1431.633301,136.331299,26.716143,1304.087769,248.409576,177.01442,1239.118652,256.4198,370.376373,1350.899536,118.851608,327.65332,1426.575684,144.73912,403.121155,1386.911255,69.481583,36.7103,1054.083984,-137.838913,-159.11676,1086.658813,-146.321701,-174.204193,1098.160034,125.618416,38.494827,1071.671021,131.552628
1.117,-103.560928,1687.45813,14.445769,4.201401,1675.079468,23.083456,-76.163124,1622.657349,95.634628,-144.684372,1436.496582,-7.628942,-195.024841,1270.519165,-68.98597,-200.653214,1266.256836,47.478706,77.234192,1318.202881,31.268627,-140.099594,1347.273071,-167.729599,2.178014,1430.834473,-134.571716,72.581551,1267.873291,-238.602325,187.115036,1235.36731,-252.753738,439.510712,1208.016357,-238.635925,451.088226,1207.91748,-145.437363,513.344299,1189.370972,-242.845016,-168.981216,1341.290405,133.161179,-21.342274,1432.046509,136.594254,29.068653,1304.126587,247.513412,180.038467,1240.187622,253.091629,374.087158,1356.655884,120.022736,331.191132,1431.203857,147.945648,407.557617,1395.045776,71.885422,36.737278,1054.015259,-137.973816,-159.02005,1087.191528,-146.132202,-173.525314,1098.728027,125.842499,39.183109,1071.537842,131.235153
1.125,-103.644257,1687.457275,14.963392,4.171049,1675.515259,23.647457,-76.073639,1622.640259,96.07299,-143.944977,1436.90625,-7.154502,-194.559235,1271.007568,-68.575783,-199.756744,1266.704956,48.03717,77.948952,1318.160767,30.726391,-139.723434,1347.896118,-167.456284,2.648605,1431.219727,-134.408554,73.048332,1268.666992,-238.986847,187.754562,1236.376099,-253.161011,440.174744,1209.471069,-238.922012,451.73526,1209.555786,-145.720825,514.12561,1190.825806,-243.14798,-167.460281,1341.550415,133.71312,-20.055069,1432.503662,136.67276,31.500769,1304.051758,246.727783,183.056824,1241.018921,249.938065,378.079102,1361.703613,121.191658,335.050781,1435.273926,151.287292,412.297058,1402.177612,74.710968,36.743622,1053.957886,-138.163849,-158.971252,1087.661255,-145.891296,-172.878479,1099.307983,126.157608,39.81826,1071.359741,130.902878
1.133,-103.717636,1687.407837,15.413429,4.118097,1675.829102,24.26779,-75.896332,1622.557129,96.516754,-143.140839,1437.237427,-6.733868,-194.069763,1271.499146,-68.111732,-198.976257,1267.07959,48.456829,78.772728,1318.051636,30.07395,-139.40567,1348.354004,-167.110931,3.142025,1431.526001,-134.245377,73.311409,1269.444092,-239.228638,188.200958,1237.160767,-253.599472,440.717102,1210.769531,-239.238937,452.304382,1211.12207,-145.954376,514.716431,1192.344116,-243.385422,-166.168335,1341.843018,134.262848,-18.544559,1432.719727,136.791779,33.77718,1303.989746,245.752945,185.812973,1241.786011,246.652969,382.055084,1366.001709,122.558578,339.016541,1438.705811,154.610367,417.441681,1408.47168,77.699501,36.70377,1053.938843,-138.346619,-158.944229,1088.060303,-145.695053,-172.261978,1099.712769,126.330421,40.419472,1071.121216,130.599823
1.142,-103.737915,1687.299561,15.82671,4.164371,1676.151001,24.772549,-75.778351,1622.435913,96.859489,-142.238251,1437.570923,-6.211087,-193.665787,1271.865967,-67.674141,-198.231812,1267.491577,49.106316,79.33287,1317.990601,29.586231,-139.193253,1348.80188,-166.791367,3.540704,1431.829346,-134.170959,73.493805,1270.096191,-239.643997,188.572708,1237.902344,-254.210617,441.377167,1211.857788,-239.430099,452.617737,1212.329956,-146.018845,515.223816,1193.654419,-243.426697,-164.743988,1342.098022,134.854797,-17.206806,1432.963379,136.810165,35.917721,1303.862671,244.884064,188.54332,1242.359985,243.698105,386.00766,1369.491089,123.949524,343.138794,1441.550415,157.942795,422.855591,1413.764893,81.093987,36.646191,1053.94873,-138.602585,-158.931808,1088.376953,-145.534363,-171.723206,1100.079712,126.520248,40.913372,1070.912842,130.3116
1.15,-103.734116,1687.155029,16.201544,4.172719,1676.414673,25.248611,-75.713249,1622.236938,97.153801,-141.567795,1437.82605,-5.824975,-193.337769,1272.300537,-67.211006,-197.630447,1267.891113,49.586536,79.99408,1317.888916,28.793425,-139.067047,1349.180786,-166.491653,3.911098,1432.051514,-134.130173,73.595085,1270.576416,-239.983292,188.730606,1238.443848,-254.694305,441.698578,1212.738281,-239.656723,452.806396,1213.508667,-146.119354,515.565613,1194.647095,-243.469269,-163.545715,1342.42334,135.228683,-15.866332,1433.06311,136.790771,38.113949,1303.836914,244.124832,191.065567,1242.87146,240.818893,389.801544,1372.421509,125.276001,347.417999,1443.570435,161.397766,428.314941,1417.965942,84.501091,36.55027,1053.973877,-138.828186,-158.965012,1088.634033,-145.330185,-171.170563,1100.489014,126.777321,41.332802,1070.72168,130.051636
1.158,-103.735077,1686.977783,16.48089,4.227444,1676.599854,25.641432,-75.595528,1622.057251,97.40934,-140.879517,1438.113037,-5.440462,-193.085403,1272.826416,-66.860291,-197.069489,1268.362549,50.024277,80.949379,1317.813843,27.651484,-138.96666,1349.569458,-166.176376,4.239074,1432.221924,-134.08873,73.566261,1270.920776,-240.326111,188.839264,1238.919434,-255.363876,441.829071,1213.357422,-239.961884,452.868652,1214.397827,-146.170731,515.790527,1195.305298,-243.469269,-162.268173,1342.664795,135.724991,-14.476183,1433.058105,136.722183,40.10519,1303.631226,243.163742,193.137299,1243.192627,238.257111,393.602264,1374.521118,126.687569,351.845947,1445.012695,164.607559,433.963043,1421.123169,88.064919,36.444912,1054.033203,-139.09343,-159.053604,1088.870728,-145.121841,-170.726669,1100.787476,126.988785,41.713753,1070.5354,129.778091
1.167,-103.681404,1686.773804,16.742636,4.293238,1676.685425,26.096558,-75.440262,1621.810913,97.682182,-140.223389,1438.368042,-5.009066,-192.839127,1273.217407,-66.431519,-196.458801,1268.698853,50.48922,81.797707,1317.716919,26.665073,-138.905365,1349.977905,-165.942993,4.513965,1432.315308,-134.098434,73.413132,1271.172485,-240.732208,188.767654,1239.214966,-256.024902,441.955872,1213.700195,-240.150421,452.792542,1214.952881,-146.318466,515.884827,1195.71106,-243.438156,-161.096466,1342.878906,136.242828,-13.474274,1433.145752,136.619125,41.992073,1303.477051,242.369186,195.080124,1243.355103,235.793579,397.456696,1375.784424,128.156296,356.231049,1445.615601,167.597321,439.609436,1423.2229,91.697556,36.332928,1054.11438,-139.408325,-159.174271,1089.071899,-144.948486,-170.30571,1101.011963,127.156708,42.128353,1070.359741,129.50499
1.175,-103.610336,1686.521484,16.96139,4.405219,1676.79187,26.392227,-75.298042,1621.597168,97.858505,-139.656647,1438.573975,-4.65714,-192.655823,1273.530029,-66.026253,-195.812866,1268.937622,51.000988,82.71357,1317.709717,25.67589,-138.8685,1350.349365,-165.683044,4.717949,1432.363647,-134.123917,73.141121,1271.387329,-241.231506,188.601913,1239.315063,-256.626312,441.922211,1213.856812,-240.239365,452.517303,1215.265381,-146.486145,515.859253,1195.874634,-243.382416,-160.006378,1343.098877,136.627686,-12.036108,1433.127686,136.500336,43.668201,1303.310181,241.604248,196.855804,1243.482544,233.595215,401.35791,1376.363281,129.563553,360.804993,1445.622192,170.873489,445.428131,1424.370605,95.316582,36.187763,1054.201416,-139.697266,-159.349777,1089.251465,-144.795517,-169.847122,1101.187378,127.23394,42.518223,1070.238159,129.246094
1.183,-103.511253,1686.248657,17.19051,4.515143,1676.835571,26.670446,-75.095749,1621.36377,98.001442,-139.072266,1438.707642,-4.328884,-192.49437,1273.787476,-65.64048,-195.284836,1269.131104,51.465038,83.345047,1317.531128,24.657232,-138.906357,1350.652222,-165.385193,4.874615,1432.384155,-134.185516,72.810295,1271.509399,-241.708359,188.304047,1239.33606,-257.359833,441.808563,1213.720581,-240.402023,452.129944,1215.363037,-146.596359,515.72699,1195.767578,-243.290405,-158.893219,1343.151489,136.985657,-11.01297,1433.057861,136.285172,45.266476,1303.156128,240.864761,198.3022,1243.262573,231.34082,405.098602,1376.092773,130.977631,365.596924,1444.821655,174.060699,451.193817,1424.490601,98.980927,36.05632,1054.273926,-139.970871,-159.543106,1089.374146,-144.642319,-169.450592,1101.40271,127.413063,42.977882,1070.18457,129.016479
1.192,-103.402382,1686.000977,17.312422,4.661976,1676.843384,26.906088,-74.906029,1621.098755,98.096046,-138.586853,1438.884644,-4.05702,-192.382172,1274.028076,-65.265793,-195.064056,1269.354614,52.177494,84.059837,1317.386108,23.654879,-138.993149,1350.882324,-165.15033,5.002302,1432.359741,-134.294601,72.447075,1271.470459,-242.143829,187.886017,1239.172852,-258.059082,441.545471,1213.399414,-240.52243,451.518494,1215.232422,-146.597595,515.435364,1195.415161,-243.185608,-157.912415,1343.275757,137.306854,-10.104281,1432.977173,136.094238,46.722664,1302.937988,240.191116,199.464035,1243.007935,229.344543,408.84433,1375.135864,132.434448,370.40332,1443.156006,177.140091,456.898102,1423.536499,102.664322,35.900585,1054.33313,-140.258896,-159.741028,1089.44458,-144.515656,-169.088089,1101.5354,127.530022,43.40089,1070.166748,128.812088
1.2,-103.294342,1685.723999,17.413992,4.836031,1676.791748,27.110661,-74.673775,1620.832275,98.169403,-138.203995,1438.954712,-3.80736,-192.305283,1274.224854,-64.914688,-194.669434,1269.462158,52.442467,84.61232,1317.169922,22.868179,-139.171799,1351.061768,-164.956787,5.039886,1432.291382,-134.498322,71.936249,1271.386719,-242.64444,187.370407,1238.89856,-258.83313,441.086884,1212.921265,-240.71402,450.79834,1214.90332,-146.667648,515.032593,1194.814575,-243.017792,-157.092361,1343.347534,137.635834,-8.99165,1432.790894,135.972794,47.858852,1302.60083,239.673203,200.511353,1242.554932,227.671722,412.563965,1373.261475,133.964188,375.253296,1440.942871,180.13739,462.630096,1421.572144,106.11644,35.746243,1054.374268,-140.53688,-159.948883,1089.460327,-144.387436,-168.756165,1101.627075,127.64518,43.847469,1070.189331,128.489395
1.208,-103.138954,1685.417236,17.49313,5.023277,1676.649292,27.283268,-74.393364,1620.549316,98.246529,-137.848984,1438.957275,-3.596617,-192.288193,1274.340332,-64.614761,-194.332458,1269.508423,52.754086,85.064072,1316.907959,22.239279,-139.423492,1351.171631,-164.759583,5.042598,1432.201416,-134.717667,71.377747,1271.21521,-243.105408,186.795242,1238.546143,-259.459442,440.423126,1212.145264,-240.873337,449.995239,1214.303955,-146.8293,514.528748,1193.971191,-242.883469,-156.347763,1343.318726,137.880356,-8.084202,1432.610596,135.740204,49.002834,1302.188232,239.154083,201.403214,1241.963745,226.136887,416.323883,1370.648193,135.598206,380.040497,1437.814453,182.863174,468.371277,1418.63623,109.78727,35.559853,1054.374023,-140.826157,-160.137589,1089.397949,-144.27951,-168.414261,1101.62561,127.755585,44.275112,1070.187256,128.166672
1.217,-102.866577,1685.095825,17.688707,5.230464,1676.504028,27.404018,-74.078056,1620.206787,98.330704,-137.59906,1438.921387,-3.399088,-192.33609,1274.375977,-64.330269,-193.9832,1269.492188,53.132446,85.494514,1316.492554,21.761097,-139.733398,1351.215698,-164.630615,4.968609,1432.041992,-134.954041,70.673065,1270.887695,-243.651062,186.010437,1238.026489,-260.253418,439.796875,1211.19751,-241.102798,448.968353,1213.252075,-146.950439,513.866272,1192.847656,-242.850586,-155.637878,1343.221436,137.986679,-7.421261,1432.372803,135.617966,49.882046,1301.714233,238.593552,201.988007,1241.213379,224.673553,420.071808,1367.145386,137.276184,384.863556,1434.056641,185.57045,474.019836,1414.603638,113.414993,35.328197,1054.369873,-141.240707,-160.38414,1089.263672,-144.251541,-168.123596,1101.583252,127.823158,44.629917,1070.177246,127.897484
1.225,-102.592987,1684.786255,17.851397,5.441924,1676.288452,27.52499,-73.826263,1619.837524,98.38488,-137.390717,1438.790039,-3.267344,-192.409897,1274.320557,-64.094276,-193.724899,1269.414795,53.34597,85.089447,1315.998779,22.532001,-140.070938,1351.175049,-164.536453,4.860772,1431.841919,-135.194031,69.930733,1270.444092,-244.156158,185.193604,1237.267212,-260.945923,439.127716,1209.934814,-241.254501,448.039307,1212.257935,-147.015991,513.118958,1191.425415,-242.715561,-154.89856,1343.080078,138.196884,-6.770337,1432.104004,135.508423,50.597523,1301.05188,238.182434,202.45195,1240.206177,223.360535,423.830353,1362.896851,139.016464,389.599884,1429.581299,188.47052,479.841034,1409.522827,117.241562,35.084728,1054.324829,-141.613068,-160.626465,1089.034302,-144.195129,-167.825226,1101.460205,127.863037,45.011616,1070.168701,127.558571
1.233,-102.33567,1684.470337,17.922516,5.664402,1676.06189,27.594925,-73.599915,1619.485962,98.39756,-137.278595,1438.633423,-3.204066,-192.56044,1274.148438,-63.879333,-193.537018,1269.240112,53.498257,85.200104,1315.735229,21.895035,-140.94194,1351.212769,-164.546738,4.654162,1431.533936,-135.523788,69.097031,1270.001221,-244.702042,184.289902,1236.53125,-261.724945,438.082245,1208.47229,-241.490494,447.131836,1210.920654,-146.947433,512.065613,1189.869995,-242.553284,-154.388672,1342.890015,138.254837,-6.089937,1431.687622,135.408905,51.137726,1300.267822,237.8302,202.565781,1238.929688,222.17424,427.615784,1357.806396,140.921906,394.321716,1424.522949,191.348389,485.465729,1403.399536,120.986946,34.822945,1054.240601,-142.01445,-160.899811,1088.727661,-144.133484,-167.563232,1101.274292,127.875343,45.365543,1070.125366,127.20224
1.242,-102.055733,1684.107544,17.885098,5.862453,1675.707275,27.676311,-73.335297,1619.054077,98.368317,-137.255722,1438.330811,-3.102044,-192.755478,1273.865601,-63.696316,-193.340927,1268.932007,53.701294,85.257912,1315.483154,21.293692,-140.962646,1350.74707,-164.333298,4.3561,1431.174683,-135.887436,68.102669,1269.397339,-245.267624,183.228241,1235.669189,-262.509064,437.009277,1206.799683,-241.717102,445.926025,1209.306641,-146.976746,511.185059,1188.033447,-242.518158,-154.024887,1342.627686,138.291351,-5.491643,1431.274292,135.372742,51.640617,1299.453491,237.495804,202.570343,1237.615845,221.223251,431.169922,1351.9729,142.977097,399.022308,1418.889648,193.27153,490.922913,1396.191895,124.877251,34.535099,1054.101562,-142.376495,-161.183716,1088.312988,-144.088654,-167.261749,1100.987671,127.838524,45.696976,1070.101929,126.897888
1.25,-101.790077,1683.798706,17.903902,6.089183,1675.312134,27.736296,-73.130974,1618.578857,98.318443,-137.136093,1437.975464,-2.841271,-192.96524,1273.505127,-63.575977,-193.270386,1268.526489,53.852047,85.256241,1315.177368,20.609426,-141.95668,1350.621704,-164.417206,3.907523,1430.699829,-136.335648,67.186378,1268.622437,-245.826981,182.149673,1234.505615,-263.34613,435.966644,1204.927612,-241.908203,444.39032,1207.59375,-147.240585,509.845856,1185.793213,-242.444809,-153.736633,1342.203369,138.337448,-5.081367,1430.845947,135.325653,52.058414,1298.516602,237.122086,202.365799,1236.178833,220.295547,434.384216,1345.408203,145.19841,403.55014,1412.593628,195.735352,496.39859,1387.952026,128.791077,34.272945,1053.888184,-142.780731,-161.463913,1087.841309,-144.055878,-167.011612,1100.556274,127.799568,45.873192,1070.182739,126.634079
1.258,-101.503014,1683.4646,17.889425,6.307947,1674.75,27.919184,-72.958122,1618.064819,98.239594,-137.248505,1437.52832,-2.848592,-193.255295,1272.9198,-63.391747,-193.257111,1267.976929,53.981075,85.108414,1314.845337,20.026478,-142.902481,1350.335083,-164.557938,3.377872,1430.182129,-136.838806,66.045761,1267.762695,-246.389954,180.990189,1233.312866,-264.051514,434.708496,1202.810669,-242.11969,442.957397,1205.661499,-147.443893,508.419342,1183.297119,-242.36998,-153.509888,1341.72937,138.340393,-4.794412,1430.311646,135.277634,52.147285,1297.423462,236.829803,201.899841,1234.45105,219.488724,437.613983,1338.095459,147.208298,408.000641,1405.59668,198.004471,501.578735,1378.541138,132.669678,34.010345,1053.580688,-143.172989,-161.719925,1087.294556,-144.028,-166.728439,1100.076904,127.810493,46.282951,1069.921387,126.114693
1.267,-101.189819,1683.076172,17.838648,6.702866,1674.138794,27.851442,-72.813255,1617.539673,98.134712,-137.428375,1437.073608,-2.873032,-193.602402,1272.325073,-63.378677,-193.306702,1267.385132,53.994743,84.922653,1314.567017,19.334099,-143.38414,1349.618164,-164.519592,2.838129,1429.614868,-137.308823,64.948723,1266.793579,-246.937363,179.685104,1232.036621,-264.984985,433.447266,1200.395874,-242.349915,441.408478,1203.487183,-147.682724,507.119232,1180.521973,-242.518784,-153.38588,1341.128418,138.241928,-4.621491,1429.72644,135.270294,52.222961,1296.144287,236.49025,201.363983,1232.71936,218.636734,440.536804,1329.98999,149.222961,412.255005,1397.928589,200.383163,506.516327,1368.095703,136.603943,33.794518,1053.231079,-143.532272,-161.98616,1086.55481,-144.08522,-166.547012,1099.512451,127.847313,46.638515,1069.752563,125.705437
1.275,-100.886024,1682.641846,17.741474,7.078281,1673.613403,27.887016,-72.65242,1616.986084,97.977036,-137.725372,1436.574951,-2.950128,-193.964935,1271.651123,-63.337795,-193.445221,1266.665771,53.991524,84.729561,1314.199219,18.778679,-143.780701,1348.781372,-164.501999,2.336118,1428.968994,-137.855103,63.751034,1265.615845,-247.448746,178.361389,1230.719116,-265.64444,432.131805,1197.964233,-242.532593,439.743225,1201.272339,-147.934402,505.690277,1177.709961,-242.587006,-153.397903,1340.526001,138.147842,-4.559672,1429.099487,135.30896,52.016598,1294.820679,236.12468,200.687088,1230.640503,218.081039,443.092346,1321.230957,151.33786,416.432892,1389.798828,202.528046,511.00766,1356.573608,140.499954,33.650143,1052.772339,-143.879745,-162.218536,1085.710815,-144.15799,-166.362854,1098.979736,127.786697,47.019993,1069.496704,125.31012
1.283,-100.596352,1682.146606,17.594446,7.389338,1673.021851,27.910009,-72.560265,1616.381104,97.784752,-138.114243,1436.046509,-3.096921,-194.362488,1270.903931,-63.352303,-193.638229,1265.983643,53.992668,84.316444,1313.591553,18.367111,-144.564346,1348.144165,-164.605453,1.650404,1428.181274,-138.498444,62.509285,1264.503784,-248.050064,177.074951,1229.220215,-266.543976,430.638885,1195.276001,-242.818176,438.10379,1198.802612,-148.084351,504.060455,1174.83252,-242.578049,-153.497589,1339.873779,138.023361,-4.523165,1428.352905,135.385193,51.774902,1293.335083,235.749603,199.862137,1228.699097,217.31752,445.4505,1311.671997,153.626099,420.470367,1381.118896,204.673508,515.119141,1344.398804,144.201385,33.466305,1052.25354,-144.274933,-162.41127,1084.788452,-144.13559,-166.191711,1098.212769,127.677414,47.358242,1069.195923,124.889267
1.292,-100.242455,1681.522461,17.349186,7.592448,1672.155273,27.895657,-72.54998,1615.663208,97.529434,-138.524124,1435.430908,-3.173032,-194.833603,1270.031128,-63.33979,-193.912918,1265.221313,53.958202,83.912178,1313.00708,17.794783,-145.375366,1347.326416,-164.706375,0.943126,1427.406494,-139.091187,61.205894,1263.212524,-248.517838,175.579712,1227.642944,-267.32309,428.9599,1192.506226,-243.09874,436.306946,1196.142822,-148.315201,502.194336,1171.526367,-242.613327,-153.598557,1339.117676,137.881546,-4.586582,1427.421753,135.370056,51.293743,1291.757935,235.287094,198.706619,1226.527466,216.783081,447.365143,1301.550171,155.761627,424.30423,1371.910034,206.797333,518.725769,1331.11084,147.98497,33.285229,1051.73999,-144.629318,-162.693283,1083.796875,-144.209793,-166.01384,1097.403809,127.666336,47.603767,1068.913452,124.543953
1.3,-99.963684,1680.995972,17.129238,7.849133,1671.298706,27.796547,-72.604416,1614.962524,97.262947,-139.035858,1434.713501,-3.351282,-195.319122,1268.975952,-63.425549,-194.33432,1264.117798,53.858044,83.461067,1312.392456,17.211306,-146.171463,1346.345459,-164.820053,0.165556,1426.520996,-139.733475,59.894176,1261.895996,-249.098602,174.106277,1226.206299,-268.172729,427.214935,1189.734863,-243.298401,434.420959,1193.191162,-148.415619,500.387543,1167.959473,-242.71669,-153.871414,1338.173462,137.671936,-4.751339,1426.555786,135.420868,50.832886,1290.149658,234.864273,197.627014,1224.241821,216.384109,448.956665,1290.771362,157.920639,427.862976,1362.087646,208.779068,521.84729,1317.004272,151.737335,33.127087,1051.229492,-145.036163,-162.946289,1082.636841,-144.2005,-165.950134,1096.534424,127.603485,47.850929,1068.563965,124.199081
1.308,-99.581734,1680.4198,16.8524,8.148598,1670.463257,28.002035,-72.640572,1614.208862,96.947906,-139.60701,1433.912964,-3.377505,-195.930267,1267.962891,-63.550724,-194.704849,1263.106689,53.647514,82.925438,1311.734497,16.646065,-147.071274,1345.340576,-164.916702,-0.722404,1425.616699,-140.340073,58.621773,1260.360718,-249.540863,172.596802,1224.544556,-268.984924,425.507172,1186.69458,-243.588943,433.118164,1190.053223,-148.35321,498.587097,1164.541016,-242.75296,-154.218048,1337.245239,137.46431,-5.062385,1425.642822,135.480225,50.207657,1288.433594,234.571396,196.331467,1222.005127,215.789932,449.992004,1279.537354,160.005402,431.091888,1351.758911,210.59758,524.189087,1302.148804,155.353546,33.004539,1050.619873,-145.501282,-163.183472,1081.435547,-144.295837,-165.9095,1095.507935,127.506081,48.148052,1068.057983,123.907578
1.317,-99.275017,1679.808716,16.458084,8.40793,1669.532349,27.920732,-72.718582,1613.420776,96.642845,-140.307892,1433.108032,-3.654551,-196.46698,1266.789673,-63.589386,-195.175079,1262.016235,53.547035,82.453735,1311.016479,16.106865,-148.106064,1344.299927,-165.097351,-1.64665,1424.704834,-140.971664,57.147465,1258.952271,-249.982407,171.025711,1222.833496,-269.766876,423.61319,1183.636719,-243.887375,429.111115,1185.157349,-149.952118,496.256073,1160.875977,-242.688416,-154.653885,1336.315674,137.235168,-5.393444,1424.520996,135.422485,49.583542,1286.597534,234.245621,194.747421,1219.521362,215.367249,450.47995,1267.814575,162.158646,433.974518,1341.05127,212.518173,525.785034,1286.403564,159.70546,32.93998,1049.920288,-145.84465,-163.319534,1080.07312,-144.341492,-165.81012,1094.434937,127.439949,48.390656,1067.62793,123.581291
1.325,-98.986671,1679.080566,15.977601,8.649425,1668.407959,27.71382,-72.894897,1612.529297,96.273422,-141.16272,1432.142456,-3.834175,-197.2341,1265.484009,-63.644939,-195.652618,1260.711426,53.485233,81.862534,1310.262085,15.563248,-148.971909,1343.023804,-165.141373,-2.620173,1423.65332,-141.508606,55.732132,1257.547241,-250.496231,169.296539,1221.305664,-270.756287,421.562531,1180.415649,-244.111954,427.862885,1182.029663,-149.897415,494.220825,1157.037476,-242.767105,-155.184067,1335.133301,137.054138,-5.800191,1423.442871,135.4319,48.821522,1284.769287,233.849686,193.373734,1216.829102,214.905472,450.498779,1255.668457,164.312653,436.452911,1330.044189,214.021957,526.669189,1270.282349,163.123627,32.882999,1049.266602,-146.227997,-163.596329,1078.735107,-144.323532,-165.820282,1093.291748,127.309143,48.5807,1067.171875,123.281517
1.333,-98.755058,1678.241089,15.568185,8.860916,1667.274414,27.727184,-73.184669,1611.554443,95.849457,-141.960236,1431.080322,-3.948809,-197.929886,1264.200073,-63.86277,-196.236694,1259.458618,53.341583,81.022194,1309.43689,14.982709,-150.008224,1341.849243,-165.284927,-3.823555,1422.568237,-142.08548,54.277176,1256.181274,-250.973434,167.556274,1219.583862,-271.645447,419.544769,1177.072876,-244.581863,426.987,1179.559692,-149.650024,491.754456,1153.104614,-242.646255,-155.737808,1333.932129,136.900482,-6.295175,1422.286621,135.314941,47.962536,1282.876465,233.578491,191.433029,1214.017212,214.42038,449.841583,1243.203613,166.42923,438.502838,1318.777344,215.511566,526.56073,1253.401001,167.373398,32.884262,1048.595703,-146.616943,-163.68689,1077.218506,-144.427704,-165.968506,1091.951538,127.250092,48.70858,1066.739746,123.039772
1.342,-98.442329,1677.348755,15.166293,9.090874,1665.987061,27.607632,-73.403305,1610.592163,95.479004,-142.783768,1430.081543,-4.053382,-198.573151,1262.635254,-63.831566,-196.913071,1257.906128,53.158566,80.268127,1308.501221,14.495024,-151.057999,1340.394531,-165.396469,-4.823124,1421.412231,-142.591888,52.769005,1254.628784,-251.425415,165.786057,1217.877686,-272.597137,417.459686,1173.569458,-244.90274,426.534576,1177.241577,-149.239517,489.66452,1148.761719,-242.497955,-156.601929,1332.812256,136.62735,-6.902206,1421.000122,135.102203,47.031536,1280.936523,233.168762,189.674942,1211.082642,213.85379,448.713928,1230.894043,167.619156,440.142761,1307.396973,216.943451,525.585144,1236.324951,170.954361,32.906189,1047.860229,-147.002228,-163.941467,1075.773926,-144.447235,-165.934174,1090.581055,127.169846,48.856155,1066.186401,122.799042
1.35,-98.196587,1676.487549,14.537153,9.274862,1664.658569,27.617025,-73.726227,1609.547607,95.022171,-143.812866,1428.818481,-4.180671,-199.348389,1261.171997,-63.99712,-197.575668,1256.516235,53.131893,79.324104,1307.400146,14.187803,-152.255936,1339.007202,-165.395874,-6.225904,1420.221191,-143.063217,51.115322,1253.173096,-251.926422,163.962402,1216.272217,-273.675751,415.188324,1169.973999,-244.92366,426.117035,1175.265381,-148.826279,486.874695,1143.936768,-242.614227,-157.261047,1331.428101,136.517883,-7.598033,1419.659912,135.051849,46.181728,1278.932739,232.946533,187.631744,1207.975098,213.263748,447.120819,1218.30127,169.294952,441.299835,1295.846313,218.211014,523.789734,1219.252441,174.376083,32.909962,1047.120605,-147.376755,-164.034058,1074.074951,-144.563995,-166.084122,1089.107422,127.044586,48.979862,1065.635986,122.661278
1.358,-97.893578,1675.519409,13.948307,9.383785,1663.138306,27.510466,-74.177284,1608.376465,94.496254,-144.900986,1427.535156,-4.309103,-200.088623,1259.408813,-63.953003,-198.261322,1254.880981,53.090824,78.216782,1306.247803,13.724007,-153.392578,1337.432251,-165.451797,-7.424611,1419.016357,-143.5186,49.599365,1251.841187,-252.580765,162.067169,1214.619385,-274.694916,412.798737,1166.131104,-245.031494,425.689148,1173.375,-148.34697,484.330597,1139.488159,-242.446854,-157.964066,1330.100952,136.338211,-8.177838,1418.206787,134.99437,45.224426,1276.87085,232.647339,185.588409,1204.62854,212.629639,444.845398,1205.710327,171.279678,441.882935,1284.182251,219.409027,521.038025,1202.259399,177.989105,32.971912,1046.251953,-147.740936,-164.161423,1072.436035,-144.542374,-166.128113,1087.414551,126.943993,49.07732,1064.95813,122.496094
1.367,-97.602837,1674.396606,13.42485,9.632567,1661.654663,27.563742,-74.598076,1607.231812,94.068604,-146.01033,1426.21167,-4.24805,-200.918915,1257.765747,-63.99884,-199.161209,1253.293335,52.972351,77.218185,1305.073242,13.342749,-154.657135,1335.898438,-165.482437,-8.789117,1417.690063,-143.970856,47.866379,1250.317139,-253.185654,160.219131,1212.804321,-275.802429,410.483795,1162.203735,-245.063446,425.328674,1171.353271,-147.779892,481.246796,1134.686157,-242.227737,-158.703156,1328.528076,136.233459,-8.822916,1416.713745,134.847229,44.236126,1274.71582,232.363968,183.30896,1201.032471,211.92128,442.165955,1193.621338,172.779694,442.05719,1272.581177,220.503143,517.584351,1185.865356,181.094604,33.040894,1045.472168,-148.076675,-164.244629,1070.636108,-144.583511,-166.302094,1085.673462,126.919044,49.193939,1064.24646,122.390907
1.375,-97.231827,1673.378906,12.946177,9.859913,1660.007935,27.368715,-74.889168,1606.108643,93.632683,-147.06012,1424.745361,-4.136418,-201.827271,1255.81665,-63.961506,-199.917007,1251.433105,52.972591,76.288536,1303.870728,13.025017,-155.870071,1334.258179,-165.485062,-10.105056,1416.305664,-144.294525,46.150551,1248.768188,-253.854996,158.250458,1211.205566,-277.026611,408.016907,1158.332397,-245.039032,410.444641,1158.211914,-150.72049,478.315491,1129.673462,-242.016281,-159.485794,1327.039917,136.263596,-9.467102,1415.048096,134.738724,43.170708,1272.454468,232.085526,180.929459,1197.377686,211.278336,439.272644,1182.106567,173.65596,441.553253,1261.026367,221.753113,513.481689,1170.124756,183.912781,33.086559,1044.647461,-148.441483,-164.304901,1068.820312,-144.648941,-166.339127,1083.766357,126.907288,49.287193,1063.606812,122.306664
1.383,-96.91275,1672.381348,12.402869,9.971354,1658.365234,27.348431,-75.382729,1604.843628,93.205711,-148.310287,1423.311157,-4.332132,-202.626846,1254.052734,-63.968086,-200.762268,1249.669312,52.951534,75.027718,1302.518311,12.615646,-157.290344,1332.566528,-165.486893,-11.526424,1414.957764,-144.665863,44.399357,1247.303467,-254.652954,156.238831,1209.5448,-278.262848,405.438538,1154.442383,-245.03717,406.742737,1153.61792,-150.795731,475.133423,1124.539307,-241.712097,-160.428833,1325.403687,136.122009,-10.073018,1413.316895,134.563019,42.116188,1270.057007,231.904541,178.669342,1193.386108,210.733429,436.217957,1171.138062,174.482758,440.827026,1249.822998,222.901932,508.863861,1155.1875,186.615173,33.201389,1043.809814,-148.723846,-164.381485,1066.92981,-144.750259,-166.470947,1081.768433,126.902298,49.362434,1062.811646,122.30278
1.392,-96.525696,1671.221924,12.115349,10.178786,1656.777344,27.459509,-75.719818,1603.756836,92.802261,-149.495789,1421.675781,-4.179021,-203.427856,1252.003784,-63.841537,-201.531601,1247.692505,52.967709,74.130295,1301.38269,12.435332,-158.562149,1330.841187,-165.37056,-13.013045,1413.571655,-145.04744,42.691574,1245.830811,-255.380844,154.297089,1207.791382,-279.554535,402.80545,1150.652466,-244.989075,403.601715,1149.681519,-150.592468,471.878662,1119.777222,-241.293945,-161.216904,1323.683594,136.171127,-10.808486,1411.442627,134.543411,41.071918,1267.514526,231.705032,176.173218,1189.137451,210.113022,432.746704,1160.427368,175.584183,439.386749,1238.771484,224.161469,504.087921,1141.370728,188.370361,33.421318,1042.972656,-148.994003,-164.495819,1064.973145,-144.83136,-166.516769,1079.68042,126.841949,49.431278,1061.934692,122.331375
1.4,-96.302254,1670.219727,11.672504,10.252861,1655.100586,27.380213,-76.138824,1602.500732,92.466949,-150.603836,1420.191162,-3.990603,-204.201355,1249.947021,-63.643269,-202.247986,1245.831909,53.053196,73.240501,1299.973999,12.141169,-159.987442,1329.056641,-165.300171,-14.456545,1412.121216,-145.352539,40.873444,1244.375977,-256.200287,152.296692,1206.126221,-280.913483,400.207581,1146.975952,-244.882324,400.685364,1146.158081,-150.281372,468.539337,1114.775635,-240.972992,-162.053833,1321.913086,136.196991,-11.530792,1409.544678,134.637863,39.841667,1264.762939,231.446777,173.547775,1184.715332,209.563095,429.453552,1150.692749,175.506912,437.580566,1228.214233,225.32518,499.039337,1128.592896,189.853821,33.565895,1042.092896,-149.290878,-164.534042,1063.019287,-144.766922,-166.57695,1077.527832,126.769615,49.459538,1060.911499,122.422211
1.408,-96.045578,1669.134155,11.189521,10.272823,1653.369751,27.311623,-76.538216,1601.303345,92.139359,-151.75737,1418.600952,-3.761028,-204.928757,1248.031738,-63.524185,-202.930023,1243.797974,53.223663,72.303917,1298.752319,11.906559,-161.395645,1327.348267,-165.094971,-15.887745,1410.723633,-145.746475,39.02317,1242.764404,-256.881744,150.258835,1204.671143,-282.420624,397.566742,1143.409546,-244.922089,397.342529,1142.298218,-150.14447,465.172729,1109.886963,-240.400681,-163.014465,1320.169189,136.316193,-12.210315,1407.531128,134.769318,38.637791,1261.799316,231.274796,171.044128,1180.030029,209.054291,426.313599,1141.660645,175.221542,435.257599,1218.079468,226.649658,494.348114,1116.974121,190.759827,33.783997,1041.252319,-149.528824,-164.517349,1060.93457,-144.770966,-166.658722,1075.327026,126.776833,49.605659,1060.114868,122.511261
1.417,-95.932487,1668.027344,10.805825,10.340093,1651.835327,27.271042,-76.852051,1600.226318,91.814438,-152.918808,1417.033936,-3.580554,-205.641495,1245.981689,-63.259155,-203.711487,1241.769653,53.220718,71.312843,1297.452881,11.81095,-162.74617,1325.590454,-164.881989,-17.260925,1409.403442,-146.094223,37.179562,1241.364258,-257.805145,148.212753,1203.116211,-283.911865,394.924988,1139.890991,-244.665878,393.82486,1138.814087,-150.031616,461.602905,1105.009033,-239.815521,-163.882782,1318.325073,136.560883,-12.819072,1405.395508,134.979996,37.401756,1258.681763,231.115051,168.413574,1175.253662,208.600296,423.120758,1133.034058,175.087006,432.588226,1208.556519,227.821243,490.240997,1106.530029,191.320755,33.995232,1040.377686,-149.766235,-164.503204,1058.909668,-144.819717,-166.679398,1073.122437,126.751633,49.681206,1059.076904,122.725471
1.425,-95.87326,1666.918213,10.45988,10.316665,1650.227539,27.141312,-77.419601,1598.992554,91.554375,-153.943893,1415.524414,-3.389873,-206.284958,1244.185791,-63.094677,-204.26799,1239.810791,53.30241,70.558273,1296.113037,11.916835,-163.990036,1323.968506,-164.703735,-18.645151,1408.068359,-146.421936,35.37323,1239.952637,-258.532104,146.282303,1201.579834,-285.577789,392.240967,1136.436279,-244.380005,390.436218,1135.744141,-149.635239,457.960999,1100.317749,-239.062561,-164.911011,1316.467896,136.565613,-13.462221,1403.355591,135.412476,35.901073,1255.378784,230.943939,165.711517,1170.462769,208.071259,419.952972,1124.894043,174.908722,429.669983,1199.817017,228.696594,486.425781,1097.032593,192.167953,34.211143,1039.59729,-149.97644,-164.447418,1056.841309,-144.800903,-166.634354,1070.924927,126.665176,49.755543,1057.985962,122.947502
1.433,-95.833023,1665.904541,10.111324,10.265648,1648.799561,27.032534,-77.882309,1597.990479,91.335442,-154.963074,1413.990112,-3.108117,-206.912903,1242.211304,-62.891438,-204.848419,1237.797607,53.537506,69.700394,1294.761108,11.991892,-165.289139,1322.36084,-164.33577,-19.847891,1406.801025,-146.683548,33.663589,1238.614136,-259.223541,144.315979,1200.310425,-287.210938,389.609833,1133.111206,-243.946503,386.524139,1132.534546,-149.456238,454.209473,1095.60083,-238.21846,-165.907974,1314.658936,136.755981,-14.12779,1401.241089,135.878967,34.346233,1251.8573,230.745224,163.031891,1165.702393,207.704102,416.749451,1117.27124,175.101044,426.76886,1191.811401,229.395828,482.697601,1088.334473,193.158966,34.512016,1038.817383,-150.142929,-164.336838,1054.975708,-144.934464,-166.575333,1068.754517,126.604927,49.979725,1057.032104,123.184853
1.442,-95.911911,1664.929321,9.895436,10.114287,1647.422485,27.014227,-78.313438,1596.999023,91.20282,-155.799545,1412.568848,-2.926175,-207.415588,1240.400513,-62.767036,-205.41188,1235.904053,53.610165,68.824745,1293.430298,12.078647,-166.468628,1320.911743,-164.124146,-21.024187,1405.601318,-146.958557,32.019005,1237.378662,-260.038696,142.399078,1199.269043,-289.105347,386.959595,1130.037964,-243.407745,382.563568,1129.627075,-148.987595,450.376343,1091.026367,-237.114777,-166.868668,1312.877197,136.907654,-14.768041,1399.164673,136.487762,32.672379,1248.389282,230.529388,160.491974,1161.247681,207.489243,413.533264,1110.303223,175.42746,423.966187,1184.776611,229.779648,479.161133,1080.733643,193.830063,34.784607,1038.133545,-150.442444,-164.131958,1053.089355,-144.963364,-166.517761,1066.755249,126.447128,50.136429,1056.114258,123.477829
1.45,-96.032394,1663.957642,9.74557,9.934114,1646.262329,26.894932,-78.713844,1596.098511,91.166206,-156.7677,1411.321045,-2.856504,-207.838516,1238.68396,-62.577068,-205.92926,1233.984741,53.575516,67.993446,1292.06543,12.445586,-167.424484,1319.491943,-163.840103,-22.049389,1404.494507,-147.167664,30.391417,1236.265991,-260.712524,140.643097,1198.490723,-291.112946,384.395813,1127.087524,-242.891388,379.086914,1127.640381,-148.388931,446.273682,1086.505005,-235.909775,-167.808014,1311.233765,136.916473,-15.412996,1397.269409,137.19577,30.836187,1244.88269,230.145889,157.851898,1157.180664,207.400757,410.447388,1104.035156,175.793686,421.434875,1178.692627,229.81105,475.833099,1073.902588,194.613541,35.187618,1037.482422,-150.578064,-163.892639,1051.421753,-144.989929,-166.415253,1064.769043,126.343369,50.314297,1055.208862,123.720314
1.458,-96.231239,1663.237183,9.629538,9.672017,1645.231079,26.939829,-79.144112,1595.365234,91.113251,-157.599136,1410.096191,-2.400466,-208.116608,1237.17334,-62.45274,-206.286743,1232.291138,53.643139,67.283089,1290.893921,12.676123,-168.269592,1318.295044,-163.525421,-22.937128,1403.557739,-147.331802,29.051414,1235.549438,-261.554382,139.107071,1197.980225,-293.405792,381.878815,1124.608154,-242.277817,375.465912,1125.891479,-147.67923,442.101318,1082.42041,-234.52475,-168.771118,1309.579834,136.986298,-16.2801,1395.557251,138.081741,29.106199,1241.5354,229.729248,155.388199,1153.47583,207.519119,407.443207,1098.533813,176.208115,419.172455,1173.565674,229.790222,472.360596,1067.899536,195.653732,35.591732,1036.98584,-150.716782,-163.548264,1050.009155,-145.198517,-166.338058,1063.068115,126.213837,50.506687,1054.326416,124.032272
1.467,-96.537712,1662.524902,9.616947,9.368319,1644.390259,26.954094,-79.585068,1594.73999,91.167213,-158.245667,1409.118408,-2.090636,-208.43129,1235.731567,-62.309826,-206.643555,1230.728516,53.672001,66.659325,1289.959473,13.078818,-168.883118,1317.153809,-163.24028,-23.695337,1402.807373,-147.471161,27.800282,1234.947266,-262.325165,137.736786,1197.877319,-295.69812,379.347626,1122.488159,-241.584229,372.078522,1125.009155,-146.867477,437.908386,1078.657104,-232.830154,-169.69931,1308.182983,136.996628,-17.060938,1394.134399,139.030136,27.222607,1238.357788,229.173981,152.950089,1149.975708,207.765228,404.764923,1094.143677,176.495392,417.111145,1169.374023,229.765732,469.026794,1063.114014,196.603546,36.094196,1036.598267,-150.85498,-163.158142,1048.771118,-145.268433,-166.116501,1061.406494,126.089767,50.742119,1053.690186,124.2444
1.475,-96.909325,1661.898193,9.581449,8.996627,1643.73645,26.964912,-79.859657,1594.354004,91.296921,-158.67662,1408.346558,-1.883106,-208.600204,1234.706421,-62.37294,-206.852646,1229.500854,53.560158,66.072159,1288.992432,13.517624,-169.357788,1316.321533,-163.000031,-24.324335,1402.20105,-147.638885,26.708981,1234.669067,-263.15274,136.490906,1198.069946,-298.284729,377.066376,1120.969604,-241.079422,368.421509,1124.238403,-146.154556,433.636414,1075.453247,-231.002701,-170.486343,1306.915039,137.001816,-17.815607,1392.897583,140.017914,25.537394,1235.661011,228.642578,150.55484,1146.685059,208.132599,402.268799,1090.495483,177.031494,415.299133,1166.030151,229.920456,466.880219,1059.494507,196.867584,36.730103,1036.374146,-150.957596,-162.588867,1047.727539,-145.428909,-165.97464,1060.16626,125.99015,50.96616,1053.081421,124.533119
1.483,-97.324936,1661.398315,9.746492,8.527798,1643.318848,27.005127,-80.220879,1594.034912,91.472382,-159.109314,1407.592773,-1.697721,-208.60582,1233.729004,-62.26651,-206.989258,1228.299561,53.543846,65.512428,1288.239014,13.928583,-169.621796,1315.637695,-162.774124,-24.695454,1401.78479,-147.6548,25.922731,1234.665283,-264.195465,135.543839,1198.589355,-301.037903,375.133606,1119.978516,-240.426544,364.834412,1124.463623,-145.044525,429.503845,1072.825195,-228.932388,-171.093933,1305.942993,136.890594,-18.392345,1391.920166,140.983276,23.903381,1233.433472,228.149185,148.422028,1143.848755,208.905075,400.522491,1087.751587,177.662262,413.778229,1163.42688,230.112915,464.967468,1057.063843,196.672241,37.380695,1036.273682,-150.994232,-161.952347,1047.063599,-145.561844,-165.685455,1058.967163,125.798714,51.210773,1052.559204,124.807999
1.492,-97.887207,1661.167114,9.904421,7.960734,1643.123047,27.194653,-80.719337,1593.798218,91.712708,-159.398682,1407.11377,-1.377715,-208.63031,1233.065308,-62.27047,-207.050034,1227.555176,53.504154,65.111336,1287.717041,14.357846,-169.723801,1315.160889,-162.59903,-24.923553,1401.581177,-147.57132,25.250637,1235.06311,-265.321716,134.851456,1199.483765,-303.83313,372.862457,1119.202393,-238.462723,361.27536,1125.173218,-143.960251,425.355743,1070.943848,-226.615311,-171.65416,1305.197388,136.779922,-19.003242,1391.275024,141.930527,22.572344,1231.727051,228.015579,146.507614,1141.283691,209.548691,398.846436,1085.877563,178.163101,412.438629,1161.652588,230.510788,463.937531,1055.385498,196.044006,38.190098,1036.401978,-151.005264,-161.24028,1046.686523,-145.798325,-165.413879,1058.151489,125.713554,51.503426,1052.247559,125.087875
1.5,-98.494728,1661.079346,10.136557,7.375347,1643.154907,27.369459,-81.206932,1593.701294,92.045441,-159.515594,1406.912964,-1.204479,-208.489349,1232.71875,-62.347904,-206.641205,1227.08313,52.885406,64.803253,1287.41394,14.78973,-169.625336,1314.956909,-162.451141,-25.027248,1401.554932,-147.429504,24.786036,1235.873413,-266.550262,134.291992,1200.885254,-306.605652,370.965363,1119.351074,-236.953522,357.764648,1126.667236,-142.78801,421.637421,1070.008423,-225.156387,-172.123703,1304.732178,136.67189,-19.454815,1390.90332,142.618759,21.321291,1230.702393,228.144653,144.747498,1139.389404,210.392273,397.526337,1084.998657,178.204285,411.321838,1160.613647,230.993423,462.989716,1054.558716,195.677124,39.062943,1036.680176,-150.891388,-160.466812,1046.585449,-146.044846,-165.16803,1057.612671,125.49321,51.804489,1052.118286,125.324547
1.508,-99.146545,1661.112915,10.566633,6.782641,1643.438721,27.588774,-81.664902,1593.814941,92.403435,-159.557358,1406.845581,-1.057236,-208.235153,1232.59082,-62.393112,-206.491058,1226.865479,52.717426,64.606888,1287.370361,15.193873,-169.306671,1314.930542,-162.298111,-25.005562,1401.751465,-147.218948,24.544819,1236.986816,-267.908051,133.895386,1202.613525,-309.602325,369.334442,1120.198486,-235.331406,354.300293,1129.017944,-141.6026,417.843506,1069.419434,-220.834213,-172.453995,1304.464844,136.612427,-19.823248,1390.877075,143.23761,20.20425,1230.294189,228.760712,143.564651,1138.136353,211.250092,396.641296,1084.555054,179.303543,410.536163,1160.324829,231.590424,462.386383,1054.572998,195.496567,39.963646,1037.11377,-150.781845,-159.680161,1046.764038,-146.196899,-164.882523,1057.396973,125.278595,52.124908,1052.145752,125.528488
1.517,-99.831192,1661.3125,10.99845,6.188013,1644.006592,27.986349,-82.070061,1594.087891,92.755821,-159.496185,1406.980957,-0.939414,-207.71817,1232.662842,-62.425968,-206.220169,1226.919678,52.597607,64.544113,1287.618774,15.58556,-168.908356,1315.137329,-162.099457,-24.872869,1402.156128,-146.955231,24.408348,1238.462524,-269.428589,133.777283,1204.729614,-312.466919,367.908142,1121.842773,-233.599945,350.842651,1132.236816,-140.309219,414.296875,1069.934814,-217.569717,-172.70813,1304.535522,136.539932,-20.151361,1391.179321,143.794586,19.562584,1230.518921,229.714661,142.944336,1138.254761,212.303375,396.235535,1085.037109,179.830826,410.052643,1160.719238,232.12442,462.194153,1055.263916,195.621521,40.929634,1037.769165,-150.595337,-158.794662,1047.261841,-146.448364,-164.554688,1057.505127,125.054626,52.478558,1052.311768,125.684563
1.525,-100.562347,1661.626221,11.454134,5.527057,1644.717651,28.287275,-82.458336,1594.476685,93.184906,-159.252213,1407.395386,-0.611343,-207.203598,1233.005493,-62.440247,-205.85466,1227.250122,52.458504,64.68869,1288.176636,15.98629,-168.406662,1315.546753,-161.872849,-24.516506,1402.809692,-146.584824,24.496494,1240.419067,-270.952301,133.706818,1207.96167,-317.003296,366.721588,1124.285156,-231.696442,347.53421,1136.374268,-138.91861,410.67981,1071.279785,-213.923889,-172.670334,1304.860718,136.544907,-20.354868,1391.890503,144.122223,19.210833,1231.282959,230.983932,142.948196,1139.29187,213.473114,396.081879,1086.063965,180.541046,409.844177,1161.954834,232.674515,462.392731,1056.644897,195.869675,41.864086,1038.420288,-150.32634,-157.800354,1047.98584,-146.713776,-164.106491,1057.907593,124.913506,52.877209,1052.678711,125.827835
1.533,-101.495506,1662.196289,11.849483,4.706102,1645.562988,28.618742,-82.931961,1595.027466,93.597321,-158.925491,1407.946289,-0.535087,-206.585663,1233.747559,-62.570095,-205.389786,1227.76355,52.38554,64.985565,1289.036743,16.384037,-167.701828,1316.187134,-161.801041,-23.989941,1403.668823,-146.164398,24.655783,1242.602661,-272.542877,134.048294,1209.995117,-318.208588,365.643524,1127.369019,-229.453384,344.628845,1141.692505,-137.241272,407.298279,1073.47644,-209.99321,-172.503128,1305.388306,136.559509,-20.429501,1392.718018,144.466751,19.043777,1232.573975,232.381485,143.438431,1141.243408,214.734726,396.246979,1087.821045,181.306122,409.925293,1163.713379,233.282684,462.837585,1058.676025,196.462753,42.921707,1039.303101,-150.070328,-156.843842,1048.962646,-146.936096,-163.706039,1058.61377,124.748901,53.242207,1053.178223,125.985725
1.542,-102.398682,1662.832886,12.368868,3.985214,1646.817505,28.995827,-83.420448,1595.646851,94.053001,-158.495514,1408.712769,-0.668362,-205.824783,1234.550903,-62.570518,-204.760727,1228.675537,52.263226,65.516632,1290.135254,16.781376,-166.85849,1316.990601,-161.674271,-23.49346,1404.7052,-145.81662,24.944853,1245.022461,-274.073242,134.247055,1213.575195,-322.218292,364.498627,1131.174805,-227.074677,341.593231,1147.728149,-135.729996,403.758331,1076.66333,-205.733704,-171.998749,1306.215454,136.671494,-20.203602,1393.863281,144.414658,19.218855,1234.151001,233.82106,144.248779,1143.688477,216.015701,396.660797,1089.93811,182.060059,410.298798,1166.138062,233.815048,463.589081,1061.424316,198.118454,43.879982,1040.285645,-149.776123,-155.90976,1050.168823,-147.219315,-163.255219,1059.533081,124.419296,53.580978,1053.804932,126.153427
1.55,-103.220894,1663.550415,12.870271,3.235137,1648.161255,29.319538,-83.8395,1596.405762,94.571152,-157.87822,1409.551025,-0.541601,-205.015106,1235.524048,-62.607765,-203.981522,1229.721436,52.312099,66.251587,1291.534912,17.24773,-165.955078,1318.098633,-161.541473,-22.888466,1406.077881,-145.398834,25.377083,1247.699341,-275.642212,134.374939,1217.233887,-325.4375,363.649078,1135.74585,-224.861343,339.214966,1155.321777,-133.430008,400.594635,1080.874512,-201.021881,-171.569199,1307.268555,136.658554,-19.945175,1395.215576,144.582062,19.620701,1236.227173,235.031845,145.296432,1146.314819,217.322189,397.623444,1092.543457,182.997894,410.929382,1169.061035,234.33342,464.668396,1064.519897,198.94191,44.747154,1041.233521,-149.472778,-154.938004,1051.64917,-147.433395,-162.681992,1060.75293,124.323502,53.936878,1054.59729,126.319588
1.558,-104.035545,1664.401489,13.515448,2.35457,1649.614502,29.899019,-84.16684,1597.385498,95.015182,-157.124115,1410.510742,-0.436678,-204.042175,1236.907471,-62.624313,-203.185974,1230.949951,52.241367,67.037651,1293.003052,17.680075,-164.837708,1319.173462,-161.281784,-22.091694,1407.506836,-144.956924,25.837412,1250.439209,-277.119019,134.951385,1220.666992,-327.984222,362.763184,1140.849121,-222.193161,336.838989,1163.52002,-131.551025,397.589355,1085.886597,-196.085007,-170.890762,1308.47937,136.752426,-19.56835,1396.637817,144.681427,20.421677,1238.331665,236.002213,146.495438,1149.063843,218.53035,398.746979,1095.621948,183.910355,411.734192,1172.490112,234.893188,466.225189,1067.939453,199.521118,45.744808,1042.437012,-149.175949,-153.977554,1053.209717,-147.600311,-162.104553,1062.159546,123.906723,54.339226,1055.546753,126.450348
1.567,-105.023018,1665.310303,14.053601,1.74874,1651.361694,30.260576,-84.42894,1598.413208,95.471642,-156.089066,1411.770752,-0.248803,-202.889328,1238.181763,-62.560871,-202.301132,1232.474243,52.172028,67.855148,1294.713135,17.98176,-163.695435,1320.609863,-161.125839,-21.226372,1409.120972,-144.397888,26.459501,1253.213379,-278.391693,135.498978,1224.096313,-330.334564,361.994904,1146.533691,-219.233139,334.703278,1172.553467,-129.896545,394.711426,1091.840088,-190.813477,-170.188416,1309.758545,136.863724,-19.024588,1398.29126,144.70401,21.331308,1240.631958,236.910828,147.481766,1151.386841,219.680725,400.097534,1098.956299,185.368469,412.673737,1176.301147,235.55571,467.860748,1071.870972,200.521271,46.728848,1043.607178,-148.836075,-152.943893,1054.923706,-147.818146,-161.465454,1063.726318,123.83326,54.664837,1056.560425,126.553444
1.575,-105.911156,1666.312134,14.546294,0.887914,1652.930176,30.575008,-84.780891,1599.443604,95.863266,-155.145065,1412.940186,-0.030476,-201.732132,1239.782471,-62.57653,-201.279861,1233.982788,52.194706,68.949631,1296.402222,18.55504,-162.431152,1322.003052,-160.930084,-20.260971,1410.831421,-143.876709,27.08744,1256.097168,-279.683411,136.712006,1226.176758,-330.483093,361.433624,1152.882202,-216.190353,332.885559,1182.559448,-128.383698,392.11734,1098.601562,-185.161514,-169.279266,1311.250977,136.882187,-18.451992,1399.982544,144.748779,22.289474,1243.085205,237.574066,148.633636,1153.573364,220.896759,401.914734,1102.967163,186.121964,413.896698,1180.47876,236.250946,469.837006,1076.204956,201.832382,47.539135,1044.773926,-148.494797,-151.852737,1056.700073,-148.03215,-160.847672,1065.545166,123.648003,55.008598,1057.610596,126.7183
1.583,-106.680466,1667.282104,14.843611,0.094461,1654.719971,30.858194,-85.231316,1600.493164,96.162041,-154.082382,1414.273926,0.12041,-200.603363,1241.318726,-62.576347,-200.372223,1235.733154,52.169117,70.053123,1298.116577,19.077345,-161.06723,1323.55249,-160.605728,-19.15757,1412.587769,-143.308609,27.724079,1259.073242,-280.898956,137.50415,1229.442261,-332.297485,360.872101,1159.702637,-213.07608,331.352142,1193.46582,-126.961067,389.748047,1106.146484,-179.017029,-168.175491,1312.692749,137.050812,-17.660648,1401.764893,144.841049,23.40065,1245.360474,238.026871,150.172684,1156.17627,221.95787,403.864777,1107.307861,186.845779,415.216827,1184.973267,237.050888,472.007141,1080.839355,203.260529,48.460701,1045.996826,-148.09433,-150.75975,1058.628906,-148.151596,-160.217148,1067.446289,123.439285,55.369755,1058.768066,126.793251
1.592,-107.548218,1668.214844,15.310273,-0.599198,1656.533325,31.282303,-85.434387,1601.61145,96.560707,-152.791763,1415.639771,0.319477,-199.190109,1243.091187,-62.557034,-199.225433,1237.341919,52.186039,71.216476,1299.867676,19.520885,-159.646225,1325.141479,-160.372864,-18.071295,1414.437012,-142.70134,28.47447,1261.991211,-281.87912,138.427032,1232.551147,-333.927948,360.557648,1166.93042,-209.877533,329.977448,1204.916016,-125.851784,387.665924,1114.551025,-172.817825,-167.181671,1314.317261,137.088837,-16.695063,1403.437866,144.887344,24.641216,1247.694336,238.486618,151.74855,1159.010498,223.068939,405.177216,1110.617554,190.135254,416.632172,1189.726196,237.841934,474.218384,1085.869141,204.61409,49.375858,1047.138184,-147.741531,-149.731522,1060.654785,-148.380447,-159.507797,1069.322266,123.267403,55.692337,1059.925415,126.893196
1.6,-108.440277,1669.12146,15.698396,-1.279614,1658.303589,31.508204,-85.656891,1602.69751,96.848267,-151.585693,1416.961426,0.473331,-197.981689,1244.756836,-62.552109,-198.134583,1239.180908,52.140255,72.608849,1301.672119,20.055948,-158.179108,1326.89856,-160.108734,-16.812284,1416.264771,-142.099701,29.34285,1264.72168,-282.776978,139.352432,1235.531982,-335.260742,360.238403,1174.707886,-206.608124,328.802246,1217.153809,-124.616699,385.838013,1123.702759,-166.49939,-166.099457,1315.856201,137.157364,-15.722068,1405.154663,144.936478,25.748964,1250.043945,238.74762,153.426544,1161.885376,224.116318,407.081329,1115.001831,192.160416,418.145966,1194.643555,238.721771,476.658264,1091.069702,205.932129,50.250248,1048.396362,-147.297821,-148.671722,1062.700684,-148.590942,-158.910629,1071.306641,123.048943,56.041157,1061.046265,126.936302
1.608,-109.152611,1669.959473,15.960533,-1.972762,1660.040161,31.714722,-85.776573,1603.756104,97.147469,-150.227448,1418.391724,0.611123,-196.611847,1246.687256,-62.63102,-197.050003,1240.952271,52.130234,73.860641,1303.408447,20.57373,-156.665131,1328.602295,-159.867767,-15.495364,1418.165039,-141.464142,30.316162,1267.42688,-283.486237,140.433472,1238.335693,-336.35849,359.970673,1182.839478,-203.206192,327.95401,1229.812744,-124.550766,384.370636,1133.650879,-159.99913,-164.84491,1317.458496,137.181564,-14.847039,1406.905518,145.123016,26.926298,1252.172119,238.973648,155.082962,1164.580811,225.187057,409.415558,1119.908936,193.200714,419.678864,1199.714111,239.606247,479.298615,1096.559326,207.324478,50.983974,1049.44873,-146.875595,-147.589233,1064.733398,-148.815826,-158.306808,1073.341919,122.904282,56.3587,1062.234253,126.984283
1.617,-109.898087,1670.74939,16.137987,-2.653889,1661.764038,31.820818,-85.839211,1604.793945,97.447388,-148.766632,1419.634033,0.828184,-195.203827,1248.349121,-62.593216,-195.767792,1242.716919,52.040001,75.350594,1305.118042,21.173958,-155.068771,1330.435059,-159.75914,-14.174434,1419.950806,-140.850281,31.264118,1269.979492,-284.136292,141.695572,1240.907104,-337.276855,360.05896,1191.251953,-199.807968,327.068787,1242.211304,-124.560867,383.196991,1144.288208,-153.150497,-163.55806,1318.984131,137.292374,-13.81181,1408.585815,145.313385,28.325729,1254.233887,239.278839,156.956177,1167.233887,226.008057,411.91333,1124.615967,194.242569,421.259003,1204.859741,240.524384,482.060028,1102.158813,208.673843,51.80801,1050.536133,-146.520355,-146.527939,1066.85376,-148.915466,-157.70015,1075.363281,122.710739,56.699261,1063.328125,126.903236
1.625,-110.57029,1671.520142,16.388582,-3.253415,1663.381348,32.064728,-85.913933,1605.714722,97.731071,-147.305634,1421.017578,0.771467,-193.811218,1250.266846,-62.770718,-194.652588,1244.581543,51.876968,76.784615,1306.77063,21.641731,-153.413528,1332.115967,-159.470291,-12.693336,1421.789673,-140.19577,32.56636,1272.193237,-284.497437,143.028946,1243.246338,-337.83725,360.123474,1199.955444,-196.429871,326.582977,1255.087524,-124.580765,382.411377,1155.522339,-146.443893,-162.364014,1320.601807,137.266541,-12.613492,1410.152222,145.455597,29.560432,1256.286499,239.449173,158.870605,1169.906372,226.707733,414.14621,1129.378296,195.902191,422.966736,1210.06189,241.390762,484.724487,1107.924316,209.930634,52.619144,1051.537109,-146.139786,-145.504669,1068.829956,-149.055511,-157.132782,1077.391357,122.597466,57.001087,1064.319946,126.844063
1.633,-111.384644,1672.124634,16.622726,-3.731142,1664.973633,32.153854,-85.884193,1606.637329,97.963196,-145.871719,1422.215332,0.883133,-192.461838,1251.973633,-62.741837,-193.433151,1246.211426,51.843819,78.340096,1308.267578,22.229094,-151.798065,1333.857056,-159.47818,-11.27437,1423.483154,-139.668243,33.696987,1274.385986,-284.816345,144.65329,1245.309692,-338.040833,360.52594,1209.048096,-192.974991,326.495514,1267.996094,-124.704987,381.902161,1167.265381,-139.792664,-161.081161,1321.992432,137.263397,-11.548366,1411.700073,145.628265,30.797924,1258.105591,239.658371,160.558838,1172.530273,227.504761,416.441284,1134.26123,197.199982,424.558044,1215.25647,242.217499,487.153473,1113.759155,212.258224,53.224644,1052.357422,-145.788773,-144.551453,1070.888306,-149.254303,-156.673019,1079.246704,122.495811,57.298786,1065.239624,126.752632
1.642,-111.971954,1672.653076,16.862173,-4.24142,1666.414307,32.174011,-85.75769,1607.491943,98.215179,-144.32135,1423.483521,0.895947,-191.035431,1253.745361,-62.945648,-192.381454,1247.998535,51.626472,79.795601,1309.715332,22.724369,-150.13739,1335.459473,-159.272217,-9.797336,1425.038208,-139.111511,35.232437,1276.281494,-284.8909,146.370102,1247.145752,-337.953552,361.109344,1218.318726,-189.695602,326.417023,1280.833862,-125.327126,381.714142,1179.447144,-133.304474,-159.719238,1323.43335,137.310608,-10.445936,1412.992188,145.695206,32.165432,1259.929199,240.026093,162.525345,1174.856445,228.20401,418.695679,1139.03833,198.612747,426.153473,1220.365967,242.977707,489.716278,1119.452393,213.501007,53.955475,1053.470825,-146.059982,-143.592743,1072.758789,-149.489349,-156.13945,1081.161133,122.336433,57.635723,1066.112915,126.599174
1.65,-112.460075,1673.117554,17.145248,-4.775115,1667.932495,32.227718,-85.598099,1608.239746,98.485695,-142.938843,1424.622681,0.848075,-189.66774,1255.385986,-63.034229,-191.122742,1249.509766,51.650105,81.327354,1311.024048,23.272676,-148.544434,1337.077881,-159.321777,-8.365973,1426.580688,-138.588303,36.930325,1277.839966,-284.738953,148.395081,1248.649658,-337.412598,362.009949,1227.675415,-186.491669,326.774475,1293.443604,-126.039642,381.970917,1192.026001,-127.088753,-158.517822,1324.661743,137.320541,-9.102313,1414.29541,145.772873,33.33783,1261.625854,240.244232,164.27713,1177.132324,228.973007,421.467407,1144.077881,198.363937,427.636993,1225.355591,243.685181,492.45166,1125.029175,214.662186,54.595547,1054.122559,-145.69783,-142.772095,1074.622681,-149.611847,-155.657257,1082.901855,122.191902,57.923519,1066.782227,126.470345
1.658,-112.896011,1673.515747,17.450373,-5.255654,1669.151855,32.254326,-85.417252,1608.844482,98.707062,-141.40094,1425.743042,1.03241,-188.390472,1256.974609,-63.270607,-190.001633,1251.091309,51.377174,82.821259,1312.21106,23.802254,-146.937866,1338.480835,-159.202667,-6.839501,1427.994873,-138.051865,38.606892,1279.337402,-284.385681,150.543747,1249.958374,-336.549072,363.202332,1237.067017,-183.432968,327.270142,1305.851685,-127.060219,382.880188,1204.974976,-121.155945,-157.264725,1325.966187,137.227112,-8.026978,1415.554932,146.039368,34.648079,1263.141724,240.49823,166.198227,1179.483765,229.698105,423.784698,1148.780762,198.973862,429.122589,1230.210083,244.365051,495.19986,1130.464844,215.4888,55.244923,1054.629761,-145.433868,-141.956924,1076.419678,-149.773056,-155.260727,1084.526001,121.990677,58.174294,1067.391113,126.385345
1.667,-113.366348,1673.851196,17.780655,-5.630976,1670.442505,32.360268,-85.153748,1609.463501,98.980934,-140.043961,1426.755615,1.032439,-186.980484,1258.472046,-63.429623,-188.833313,1252.415771,51.316444,84.186279,1313.173462,24.329214,-145.406906,1339.896851,-159.19194,-5.448865,1429.308716,-137.641891,40.54493,1280.661865,-283.919342,152.86731,1250.981323,-335.332367,364.649811,1246.31897,-180.517914,328.097656,1317.787354,-128.220413,384.121643,1217.953979,-115.41214,-155.963043,1327.116943,137.33696,-6.92465,1416.584839,146.162796,36.012608,1264.677612,240.856216,167.969131,1181.614502,230.374832,425.749176,1152.817383,200.968567,430.540985,1234.818726,245.071091,497.868591,1135.75769,216.436356,55.816509,1055.016846,-145.239746,-141.100906,1077.888184,-149.830399,-154.749252,1086.122437,121.841377,58.443729,1067.879639,126.240311
1.675,-113.85466,1674.191284,18.049086,-5.933933,1671.503052,32.268291,-84.839073,1609.993896,99.218719,-138.710953,1427.665283,1.169369,-185.768097,1259.847534,-63.55817,-187.865616,1253.846191,51.197193,85.571938,1314.035278,24.814407,-143.808395,1341.182739,-159.307953,-3.979449,1430.509033,-137.19249,42.696087,1281.619751,-283.026337,155.455154,1251.813599,-333.664734,366.360687,1255.432007,-177.755859,329.391449,1329.495728,-129.67865,384.443176,1229.795898,-109.948914,-154.80307,1328.080933,137.325287,-5.600191,1417.494019,146.186096,37.180748,1265.923096,241.183609,169.860107,1183.556274,231.054306,428.095123,1157.055176,201.558777,431.867584,1239.216064,245.567383,500.358459,1140.852539,217.321899,56.340633,1055.276001,-145.040192,-140.403488,1079.367554,-149.95993,-154.382019,1087.599121,121.863068,58.713169,1068.238281,126.068336
1.683,-114.213448,1674.420166,18.395792,-6.24786,1672.623535,32.443314,-84.426666,1610.450195,99.515175,-137.389084,1428.641602,1.270074,-184.577072,1261.066284,-63.691841,-186.866333,1254.94397,51.009399,86.904709,1314.769409,25.194738,-142.380005,1342.325317,-159.429611,-2.632593,1431.58667,-136.874908,44.985073,1282.283936,-281.912659,158.155838,1252.384888,-331.721283,368.236725,1264.727173,-174.948151,330.567963,1340.60144,-131.306183,387.673004,1244.025024,-105.354431,-153.694672,1329.099243,137.265106,-4.483723,1418.353882,146.0952,38.532814,1267.305298,241.510101,171.547958,1185.594727,231.760818,430.244965,1161.016968,202.28334,433.232025,1243.571411,246.01709,503.179718,1145.699341,217.472839,56.851463,1055.460205,-144.792847,-139.7491,1080.680176,-149.995285,-153.988434,1088.935425,121.643776,59.003345,1068.551147,125.932274
1.692,-114.505577,1674.582153,18.823629,-6.484832,1673.434937,32.522179,-84.022881,1610.838867,99.84446,-136.133514,1429.507812,1.314611,-183.509415,1262.313965,-63.967148,-185.869431,1255.988647,50.999683,88.101715,1315.305176,25.510847,-140.910385,1343.449585,-159.485886,-1.25602,1432.530884,-136.469177,47.472744,1282.838013,-280.647064,161.007507,1252.671509,-329.430206,370.583649,1274.041138,-172.524567,332.140442,1351.335693,-133.146149,389.924988,1257.163818,-100.901512,-152.52211,1330.024658,137.401138,-3.505079,1418.998779,146.248245,39.844757,1268.525879,241.814743,173.388245,1187.255371,232.378189,432.057312,1164.544556,203.843857,434.599884,1247.549927,246.359772,505.312866,1150.262573,218.625671,57.282982,1055.574707,-144.709946,-139.180618,1081.826172,-150.038651,-153.602676,1090.163696,121.67247,59.267342,1068.700928,125.816643
1.7,-114.70015,1674.707642,19.210936,-6.642534,1674.240967,32.578064,-83.583778,1611.133301,100.126556,-134.931259,1430.185181,1.422276,-182.394745,1263.256836,-64.072754,-185.005585,1257.033813,50.842285,89.16864,1315.686523,25.926508,-139.585098,1344.338379,-159.626953,-0.022951,1433.4104,-136.195831,50.051174,1283.079468,-279.210083,164.050888,1252.781372,-326.780884,372.574066,1281.876465,-170.099091,334.063019,1361.455811,-135.075912,392.287354,1270.279907,-97.008919,-151.569992,1330.765137,137.350418,-2.328296,1419.694824,146.159348,40.930607,1269.485962,242.070145,174.983521,1189.016846,233.07962,434.261292,1168.51416,203.125488,435.82428,1251.293213,246.611542,507.341736,1154.573364,219.253647,57.620998,1055.53064,-144.603561,-138.647751,1082.944946,-150.137177,-153.257385,1091.251343,121.615631,59.534229,1068.802002,125.71347
1.708,-114.874977,1674.827026,19.578705,-6.770322,1674.984619,32.699894,-83.088539,1611.410889,100.426163,-133.773346,1430.839111,1.593805,-181.386642,1264.162109,-64.156693,-184.18309,1257.88855,50.640091,90.455849,1316.059814,26.24859,-138.275101,1345.118042,-159.817062,1.324858,1434.098022,-135.852707,52.667377,1283.112915,-277.527344,167.286896,1252.672729,-323.767609,375.221771,1290.553711,-167.937943,336.110443,1371.051636,-137.020554,395.278046,1283.074585,-93.688492,-150.585236,1331.495605,137.311569,-1.247934,1420.220947,146.07428,42.18224,1270.608521,242.337662,176.672806,1190.425293,233.755829,437.05896,1172.266846,201.412094,437.042511,1254.783691,246.70546,509.431732,1158.557007,219.753235,57.926754,1055.419556,-144.514374,-138.16507,1083.893188,-150.232986,-152.869064,1092.32251,121.61174,59.763004,1068.83606,125.640228
1.717,-114.951866,1674.894165,19.933365,-6.875154,1675.60022,32.777512,-82.646912,1611.582764,100.699509,-132.743774,1431.61438,1.65904,-180.526733,1265.163208,-64.390411,-183.290039,1258.629761,50.65976,91.10244,1316.098633,26.375038,-137.053833,1345.919922,-160.068359,2.456215,1434.702881,-135.588715,55.328384,1282.95874,-275.746948,170.493118,1252.373657,-320.512817,377.925507,1298.397827,-166.080368,338.261841,1380.190918,-139.326553,398.495605,1295.709961,-91.138084,-149.69281,1332.142578,137.333252,-0.31005,1420.737671,145.927109,43.25713,1271.53772,242.483551,178.249374,1191.939453,234.329193,439.107239,1175.262817,201.551651,438.183289,1258.055664,246.62146,511.445587,1162.255249,220.184158,58.051666,1054.9823,-143.735809,-137.737579,1084.748291,-150.301331,-152.590027,1093.196289,121.597427,60.000816,1068.845825,125.560165
1.725,-114.990814,1674.938232,20.335716,-6.883781,1676.117798,32.694901,-82.175117,1611.744263,100.939705,-131.737534,1432.134033,1.311668,-179.758453,1265.858887,-64.559845,-182.711807,1259.507446,50.523567,91.887627,1316.084717,26.596012,-135.829285,1346.536865,-160.197678,3.786508,1435.147217,-135.292786,58.123676,1282.452393,-273.736389,173.886887,1251.884521,-317.052826,380.83725,1305.928589,-164.243561,340.850555,1388.695557,-141.925507,401.962433,1307.960693,-88.870773,-148.7668,1332.799194,137.343307,0.580988,1421.046631,145.858765,44.313946,1272.360229,242.588333,179.792664,1193.290405,235.036041,440.562195,1178.088745,201.741211,439.314392,1261.096191,246.479019,513.204529,1165.604004,220.448257,58.26368,1054.851685,-143.806366,-137.468414,1085.386475,-150.234756,-152.307938,1094.065674,121.757454,60.213112,1068.808472,125.501305
1.733,-115.002266,1674.968384,20.707417,-6.839184,1676.541504,32.748066,-81.702339,1611.869873,101.165527,-130.716888,1432.631592,1.346259,-178.946548,1266.494263,-64.675858,-182.116974,1260.169922,50.443359,92.607826,1316.02063,26.671955,-134.697769,1347.098755,-160.481262,4.984924,1435.448608,-134.973953,60.900654,1281.932495,-271.54541,177.273071,1251.383545,-313.240295,383.784271,1312.928833,-162.65947,343.4711,1396.419434,-144.220459,405.670074,1319.726562,-87.467896,-148.083191,1333.326172,137.34024,1.575972,1421.322144,145.629959,45.312653,1273.174194,242.707947,181.074509,1194.54895,235.829498,442.124817,1180.610596,202.182922,440.376801,1263.889648,246.234955,514.89386,1168.683594,220.541458,58.328953,1054.622803,-143.656006,-137.34523,1085.997925,-150.034698,-152.101212,1094.799927,121.749763,60.398468,1068.752686,125.468163
1.742,-114.974243,1675.003418,20.992651,-6.755625,1676.956177,32.730251,-81.134789,1611.992798,101.444214,-129.931564,1433.124756,1.415809,-178.317245,1267.208618,-64.76281,-181.639404,1260.754883,50.351643,93.119865,1315.786133,26.642725,-133.557114,1347.53418,-160.759232,6.224303,1435.735107,-134.724045,63.804813,1281.16748,-269.197906,180.77713,1250.74939,-309.208862,387.143097,1319.786377,-161.078735,346.549042,1403.692749,-146.820007,409.525513,1330.338989,-86.266594,-147.393997,1333.81665,137.27626,2.364219,1421.515869,145.529434,46.267071,1273.881714,242.762817,182.533569,1195.637939,236.294922,443.419891,1183.033813,202.170029,441.388,1266.371582,245.910858,516.448242,1171.511719,220.53656,58.386452,1054.468384,-143.669403,-137.178787,1086.556763,-150.068115,-151.861755,1095.438965,121.815155,60.560249,1068.678833,125.417397
1.75,-114.896973,1675.015503,21.26376,-6.662745,1677.276978,32.681953,-80.594963,1612.09668,101.639862,-129.228333,1433.563232,1.325696,-177.849518,1267.843872,-64.991508,-181.162766,1261.305786,50.336243,93.727524,1315.473145,26.658993,-132.619156,1348.033569,-161.157639,7.311135,1435.850952,-134.439774,66.699287,1280.51416,-266.680542,184.233093,1250.101196,-304.992767,390.648285,1325.69812,-159.846436,349.934387,1410.330688,-149.445419,413.767822,1340.695801,-85.430244,-146.785416,1334.356567,137.14444,3.128973,1421.786621,145.24826,47.017117,1274.503052,242.811966,183.567352,1196.519531,236.753815,444.796387,1184.991089,202.117905,442.35965,1268.629395,245.596329,517.848511,1173.991211,220.446426,58.344345,1054.321167,-143.633835,-137.180801,1087.059082,-150.05513,-151.62941,1095.999146,121.912987,60.684734,1068.612427,125.374107
1.758,-114.76976,1675.020386,21.531788,-6.496261,1677.585327,32.633259,-80.114723,1612.193237,101.771744,-128.561996,1433.980469,1.10801,-177.37822,1268.411133,-65.2052,-180.726379,1261.794678,50.313354,94.103241,1315.146973,26.641376,-131.702026,1348.487671,-161.570953,8.537349,1435.960449,-134.203445,69.651283,1279.703857,-263.986969,187.665115,1249.368286,-300.6651,394.50769,1331.658325,-159.193176,353.612946,1416.373047,-152.113495,418.435547,1350.435791,-85.218575,-146.281311,1334.790405,137.076416,3.81382,1421.98645,145.039368,47.699669,1275.03833,242.772644,184.62442,1197.682373,237.324738,446.033508,1186.828613,201.867462,443.106812,1270.532471,245.247391,518.9953,1176.243286,220.209381,58.218369,1054.155151,-143.589401,-137.262039,1087.448242,-149.937271,-151.452682,1096.459106,121.993813,60.767769,1068.522949,125.326347
1.767,-114.616325,1674.974854,21.786993,-6.334201,1677.822021,32.634274,-79.726654,1612.251221,101.890961,-127.919807,1434.281616,0.98706,-177.003601,1268.912231,-65.317841,-180.430328,1262.304321,50.229576,94.347778,1314.813354,26.664558,-130.706055,1348.821899,-161.94783,9.699392,1435.975464,-133.927628,72.549408,1278.998169,-261.331024,191.070999,1248.774658,-296.111694,398.314606,1336.788574,-158.366455,357.475464,1421.450806,-154.90419,423.069489,1359.323853,-85.411758,-145.737503,1335.242065,137.123795,4.340899,1422.144287,144.837814,48.407108,1275.585449,242.716858,185.671341,1198.313477,237.641159,446.928009,1188.611572,201.66954,443.82489,1272.249146,244.862671,520.134521,1178.234985,219.824066,58.067646,1054.06189,-143.595276,-137.421799,1087.773438,-149.808716,-151.32843,1096.863525,122.120766,60.836025,1068.473511,125.328316
1.775,-114.402199,1674.939575,21.981859,-6.106416,1678.005005,32.59716,-79.307823,1612.300293,101.989075,-127.355782,1434.550659,0.912172,-176.659561,1269.376343,-65.477463,-180.208786,1262.873535,50.036236,94.533546,1314.468628,26.642385,-129.745407,1349.079956,-162.266907,10.619671,1435.990479,-133.728485,75.325241,1278.252686,-258.476257,194.338821,1248.035034,-291.500244,402.31662,1340.983643,-157.551239,361.784576,1426.147827,-157.735336,428.008148,1367.405762,-85.799446,-145.320206,1335.653198,137.051971,4.913548,1422.259399,144.558945,49.042755,1276.088135,242.830399,186.496384,1198.936035,237.82724,447.759674,1189.802734,201.422409,444.540894,1273.71521,244.435791,521.019226,1179.924194,219.413574,57.872536,1053.994507,-143.612167,-137.634476,1088.044678,-149.61972,-151.225555,1097.232544,122.34156,60.869926,1068.431519,125.337914
1.783,-114.152695,1674.890869,22.146212,-5.909012,1678.100708,32.4963,-78.810242,1612.361816,102.07106,-126.724335,1434.856323,0.780412,-176.340485,1269.839966,-65.672302,-179.999939,1263.313599,49.946701,94.722153,1314.057739,26.616634,-128.976212,1349.411865,-162.731491,11.592868,1435.942261,-133.48082,77.855179,1277.546997,-255.808441,197.557877,1247.452881,-286.716492,406.421112,1344.733887,-156.966614,366.525391,1430.155396,-160.599503,432.971313,1374.540771,-86.54673,-145.0383,1335.972046,137.009872,5.378195,1422.30957,144.418655,49.541862,1276.439819,242.821503,187.071167,1199.431519,237.924759,448.683533,1190.936646,200.915314,445.038971,1274.901611,243.964066,521.854675,1181.385376,218.756653,57.619179,1053.956909,-143.61351,-137.888931,1088.33606,-149.472977,-151.19635,1097.525024,122.493248,60.860512,1068.431641,125.35527
1.792,-113.945953,1674.805908,22.232771,-5.675127,1678.158569,32.354069,-78.36837,1612.426025,102.100052,-126.320686,1435.136353,0.863731,-176.082932,1270.224854,-65.895569,-179.838852,1263.669312,49.860718,94.796173,1313.549438,26.601938,-128.585449,1350.132202,-163.28215,12.540583,1435.8302,-133.186508,80.374107,1276.767822,-253.13652,200.450897,1246.890137,-282.01709,410.49704,1347.843994,-156.454407,371.328522,1433.578003,-163.704407,438.119995,1380.703003,-87.36985,-144.833084,1336.297241,136.949371,5.880695,1422.393555,144.087799,49.903999,1276.778564,242.770172,187.518265,1199.838013,237.940582,449.220184,1192.001709,200.435577,445.404205,1275.833984,243.447968,522.526184,1182.504639,218.068146,57.327415,1053.931274,-143.605377,-138.226562,1088.529175,-149.200211,-151.218094,1097.74707,122.608688,60.838943,1068.458862,125.414383
1.8,-113.721458,1674.743652,22.270298,-5.408966,1678.230835,32.142235,-77.894051,1612.439575,102.131836,-126.025589,1435.339478,0.90281,-175.918274,1270.703369,-66.179962,-179.765396,1263.954346,49.722851,94.831978,1313.17334,26.647587,-128.148819,1350.488281,-163.664825,13.314651,1435.707275,-132.889099,82.615997,1276.248535,-250.647629,203.366714,1246.262329,-277.221863,414.754425,1350.249023,-155.886078,376.533356,1436.044189,-166.540436,443.442657,1385.994141,-88.635834,-144.703979,1336.591675,136.845505,6.112371,1422.408325,143.948349,50.1586,1277.065308,242.765793,187.842239,1200.121704,237.970108,449.628845,1192.678223,199.954422,445.757812,1276.576172,242.917831,522.975769,1183.40625,217.425751,57.014355,1053.972534,-143.651489,-138.523834,1088.679077,-149.113083,-151.2659,1097.899048,122.726997,60.789227,1068.53064,125.519844
1.808,-113.501434,1674.668335,22.266401,-5.143656,1678.248047,31.97138,-77.484718,1612.427124,102.134758,-125.790474,1435.48938,0.839806,-175.761902,1270.983398,-66.424149,-179.750366,1264.216309,49.551777,94.979256,1312.835327,26.733442,-127.651917,1350.616455,-163.936096,14.016695,1435.581909,-132.522842,84.634407,1275.667847,-248.308762,205.92128,1245.783325,-272.621948,419.075836,1352.008545,-155.649323,382.035034,1437.746704,-169.218872,448.922394,1390.163086,-90.145378,-144.663544,1336.883179,136.696365,6.330812,1422.418945,143.736206,50.257763,1277.214355,242.79068,188.063553,1200.263916,237.853409,449.941956,1193.128052,199.4245,445.895721,1277.106079,242.429581,523.267517,1183.952515,216.63829,56.718792,1054.023071,-143.692062,-138.789291,1088.774048,-148.985352,-151.33725,1097.985474,122.862373,60.724785,1068.624023,125.651207
1.817,-113.237434,1674.591064,22.248747,-4.848487,1678.219482,31.757038,-77.105171,1612.412354,102.105843,-125.616119,1435.571411,0.719878,-175.675751,1271.209473,-66.652344,-179.795425,1264.446045,49.376247,94.962944,1312.53186,26.847534,-126.701477,1350.431152,-164.284363,14.723302,1435.435303,-132.078278,86.537567,1275.242798,-246.082245,208.246704,1245.371948,-268.110443,423.397369,1353.121094,-155.386841,387.433167,1438.782593,-171.983963,454.755615,1393.633667,-91.719879,-144.686768,1337.102417,136.565338,6.325068,1422.359253,143.689819,50.291725,1277.290161,242.776688,188.105728,1200.259033,237.587997,450.109924,1193.360107,198.74765,446.128174,1277.404541,241.638733,523.433594,1184.285278,215.863251,56.399181,1054.095703,-143.739365,-139.091019,1088.789673,-148.851715,-151.459152,1098.025757,122.985008,60.641949,1068.753174,125.789764
1.825,-112.922379,1674.530273,22.150913,-4.581966,1678.157837,31.520668,-76.701775,1612.434937,102.013191,-125.514091,1435.642212,0.63226,-175.611465,1271.392944,-66.877815,-179.86203,1264.628784,49.237648,94.749428,1312.21167,26.919863,-126.195755,1350.710938,-164.65921,15.291351,1435.290039,-131.648788,88.273384,1274.972778,-243.944702,210.260941,1244.992065,-263.659302,427.600281,1353.453125,-155.305527,393.04483,1439.079224,-174.588608,460.729095,1395.989624,-93.532196,-144.788528,1337.269043,136.426224,6.31313,1422.333984,143.567398,50.206013,1277.331543,242.781311,188.040573,1200.204102,237.402649,450.10083,1193.375366,198.068573,446.184692,1277.450073,240.894577,523.429688,1184.369385,215.010605,56.126835,1054.14502,-143.761429,-139.360184,1088.75415,-148.658417,-151.596512,1098.01709,123.085976,60.517372,1068.91748,125.956474
1.833,-112.642685,1674.472046,22.086033,-4.283296,1678.109741,31.283367,-76.327896,1612.45459,101.977989,-125.481483,1435.668701,0.523498,-175.602585,1271.50708,-67.122276,-180.019943,1264.726685,49.069977,94.632607,1311.976562,27.073339,-125.694725,1350.78064,-164.905548,15.683737,1435.157715,-131.188431,89.866524,1274.640381,-241.860931,212.093399,1244.513916,-259.465942,431.729858,1353.097046,-155.248642,398.780975,1438.715942,-177.10553,466.838684,1397.355347,-95.425392,-144.964249,1337.376099,136.311356,6.20744,1422.274048,143.491745,50.006588,1277.307861,242.775864,187.866638,1200.052856,237.239197,449.847076,1193.207886,197.290131,446.06192,1277.294067,240.129089,523.265869,1184.235718,214.181702,55.865398,1054.155518,-143.729874,-139.628433,1088.657227,-148.447906,-151.755829,1097.942505,123.205734,60.404057,1069.116577,126.133652
1.842,-112.2798,1674.420288,21.925932,-4.032526,1678.006226,31.058186,-75.973198,1612.455811,101.905693,-125.519051,1435.624878,0.46881,-175.653595,1271.543457,-67.357162,-180.248993,1264.75,48.814968,94.484314,1311.781982,27.230499,-125.201645,1350.758179,-165.123779,15.982095,1435.023315,-130.791473,91.21743,1274.35022,-240.101379,213.639084,1244.245117,-255.428192,435.934692,1352.161499,-155.281937,404.435364,1437.529541,-179.449356,473.093079,1397.728882,-97.549057,-145.232834,1337.399536,136.193588,5.988628,1422.192261,143.476929,49.738995,1277.210815,242.750275,187.508102,1199.675171,236.941116,449.323273,1192.950684,196.618515,445.805634,1276.891968,239.403641,522.875732,1183.858398,213.341095,55.610554,1054.157837,-143.672485,-139.872635,1088.456299,-148.261948,-151.972641,1097.777222,123.338058,60.270866,1069.289795,126.333427
1.85,-111.990105,1674.396729,21.843075,-3.683375,1677.869751,30.785,-75.582664,1612.482056,101.77459,-125.64489,1435.530518,0.31471,-175.755768,1271.49646,-67.612534,-180.466507,1264.689575,48.627899,94.282921,1311.610962,27.430878,-124.007774,1350.355713,-165.217499,16.174437,1434.869141,-130.404739,92.385689,1274.183228,-238.422379,214.891418,1243.993652,-251.659988,439.956024,1350.374268,-155.422729,410.082764,1435.671509,-181.679001,479.314209,1397.044067,-99.759834,-145.571655,1337.349731,136.06279,5.660481,1422.069214,143.518051,49.31776,1277.018677,242.755539,187.120575,1199.216919,236.588409,448.918365,1192.212524,195.688324,445.421112,1276.310425,238.702209,522.395203,1183.256226,212.301453,55.407249,1054.110718,-143.600861,-140.047165,1088.267456,-148.200378,-152.211487,1097.582031,123.434937,60.105537,1069.435425,126.539902
1.858,-111.698929,1674.386963,21.750149,-3.342798,1677.685059,30.549974,-75.202461,1612.479858,101.677696,-125.832809,1435.376465,0.156957,-175.886642,1271.391724,-67.824905,-180.730026,1264.537598,48.443153,93.961609,1311.409424,27.777496,-123.650414,1350.136108,-165.344818,16.215958,1434.70813,-130.048035,93.297066,1273.932129,-236.863525,215.943726,1243.763184,-248.13382,443.785858,1347.82312,-155.624893,415.37204,1433.112305,-183.70018,485.645691,1395.371582,-102.020096,-146.077606,1337.226807,135.893265,5.155279,1421.929932,143.546906,48.672802,1276.686157,242.633255,186.481796,1198.659302,236.22406,448.515808,1191.49292,194.698013,444.863556,1275.472656,238.009979,521.770874,1182.438477,211.315094,55.243137,1054.026611,-143.503799,-140.193359,1088.004028,-147.966599,-152.439087,1097.297119,123.48867,59.905109,1069.594116,126.755875
1.867,-111.402672,1674.370483,21.664465,-2.949759,1677.449707,30.35343,-74.863174,1612.465088,101.581322,-126.127464,1435.152466,-0.019799,-176.076202,1271.182739,-68.062218,-181.065735,1264.292236,48.187424,93.597961,1311.243164,28.121504,-123.538498,1349.92395,-165.485443,16.135113,1434.547241,-129.739944,94.089256,1273.696899,-235.470978,216.640762,1243.496704,-244.871979,447.371399,1344.704712,-155.890167,420.646027,1429.990112,-185.725922,491.845856,1392.556396,-104.411606,-146.55899,1337.011597,135.791412,4.605857,1421.725342,143.521362,48.055237,1276.367554,242.490891,185.574142,1197.988647,235.920425,447.583466,1190.408691,193.912048,444.194427,1274.392944,237.201309,520.990051,1181.272095,210.4646,55.147839,1053.911011,-143.394867,-140.272827,1087.699829,-147.860672,-152.666855,1096.958496,123.535408,59.720352,1069.689941,126.931534
1.875,-111.016281,1674.321899,21.623581,-2.519725,1677.172729,29.985706,-74.492203,1612.44458,101.558319,-126.532433,1434.781982,-1.268351,-176.310257,1270.855103,-68.335533,-181.449982,1263.949219,48.00539,93.359711,1311.344971,28.541178,-123.510399,1349.580444,-165.630478,15.929308,1434.348267,-129.474258,94.583069,1273.313965,-234.124603,217.116348,1243.131958,-241.76564,450.884674,1340.798096,-156.295013,425.723114,1426.084473,-187.50209,497.97522,1388.67627,-106.902466,-147.145477,1336.634277,135.637192,4.020884,1421.358276,143.547836,47.350365,1275.85376,242.389343,184.675461,1197.223755,235.491531,446.71463,1189.245972,193.072357,443.455658,1273.085449,236.48584,519.943787,1179.876831,209.43306,55.054817,1053.755493,-143.24353,-140.346405,1087.236694,-147.764664,-152.926682,1096.486938,123.498627,59.527481,1069.736206,127.134773
1.883,-110.687782,1674.283325,21.605185,-2.174372,1676.831543,29.710203,-74.180908,1612.387451,101.525536,-127.145096,1434.447021,-1.779737,-176.609848,1270.402344,-68.591469,-181.908615,1263.554077,47.735401,92.978905,1311.3396,28.887798,-123.553062,1349.132568,-165.704987,15.611808,1434.103027,-129.272308,94.900307,1272.95105,-232.995865,217.379227,1242.74939,-239.097275,454.043335,1336.103882,-156.603378,430.693054,1421.557739,-189.237198,503.985291,1383.730347,-109.485802,-147.842529,1336.224121,135.480774,3.243285,1420.878052,143.689774,46.608772,1275.256348,242.4151,183.652985,1196.228516,235.282623,445.444153,1187.684082,192.156113,442.58548,1271.57251,235.711914,518.713257,1178.260986,208.664902,55.024921,1053.532837,-143.095871,-140.366974,1086.759888,-147.745148,-153.200836,1095.959961,123.610542,59.327579,1069.74353,127.376976
1.892,-110.404205,1674.192261,21.578537,-1.885287,1676.478027,29.474409,-73.911049,1612.286987,101.483894,-127.660347,1434.01355,-2.01172,-176.95047,1269.769531,-68.758171,-182.431168,1262.94873,47.480911,92.508728,1311.203735,29.31407,-123.731888,1348.629395,-165.861221,15.12859,1433.892456,-129.168365,95.089851,1272.367554,-231.812881,217.445587,1242.288574,-236.621063,456.922729,1330.862671,-157.056213,435.579224,1416.511963,-190.842636,509.953186,1377.819824,-112.152039,-148.592514,1335.707642,135.309021,2.507233,1420.457275,143.73085,45.688175,1274.636108,242.306763,182.533585,1195.193848,234.791183,444.278656,1186.185181,191.344452,441.696686,1269.892944,234.93689,517.41333,1176.335327,207.805466,55.02494,1053.272705,-142.952835,-140.451126,1086.130981,-147.561066,-153.45816,1095.338379,123.697403,59.123146,1069.706665,127.568604
1.9,-110.131516,1674.040649,21.589281,-1.698272,1676.078247,29.286867,-73.67173,1612.118896,101.469971,-128.362152,1433.478882,-2.104369,-177.341461,1269.088379,-68.986229,-183.048615,1262.2677,47.247681,91.963608,1310.983398,29.747395,-124.009216,1348.039917,-165.989212,14.604334,1433.592896,-129.094345,95.133102,1271.7146,-230.763611,217.306992,1241.645508,-234.320419,459.546204,1324.907227,-157.342361,439.979431,1410.754517,-191.955521,515.371033,1370.596436,-114.859474,-149.584976,1335.109985,135.148682,1.551204,1419.960083,143.850937,44.55719,1273.816895,242.261673,181.212509,1194.027588,234.453522,442.788727,1184.188232,190.491486,440.608795,1267.924561,234.273926,516.083984,1174.291626,206.702911,55.081093,1052.982666,-142.739044,-140.485382,1085.453247,-147.422058,-153.707458,1094.622925,123.716019,58.944839,1069.616455,127.79705
1.908,-109.905937,1673.8396,21.636002,-1.42255,1675.622925,29.161524,-73.420967,1611.888062,101.487785,-129.111511,1432.952026,-2.011463,-177.850159,1268.335571,-69.183449,-183.648758,1261.401245,47.075829,91.069633,1310.390137,29.996399,-124.40007,1347.430664,-166.0961,13.9488,1433.257935,-129.124603,94.986679,1270.941406,-229.671509,216.945419,1240.935547,-232.276352,461.881744,1318.280273,-157.994171,444.299377,1404.288696,-193.019485,520.641052,1362.450928,-117.503822,-150.54335,1334.421387,134.945541,0.474539,1419.289673,144.002594,43.423676,1272.896484,242.199448,179.890289,1192.748535,234.162415,441.567291,1182.125,189.612091,439.501556,1265.873169,233.507935,514.572998,1172.026001,205.654327,55.165779,1052.638062,-142.479797,-140.463608,1084.675415,-147.485046,-153.954819,1093.845093,123.656738,58.742813,1069.459106,128.054947
1.917,-109.644005,1673.560791,21.755533,-1.18703,1675.081665,28.969635,-73.230988,1611.636108,101.477798,-130.077347,1432.406006,-2.327607,-178.460449,1267.557495,-69.522995,-184.39537,1260.603516,46.822578,90.267159,1310.073608,30.561333,-124.958771,1346.68103,-166.157181,13.209098,1432.78479,-129.092896,94.617844,1270.045898,-228.708267,216.343842,1240.026733,-230.386063,463.897003,1310.928345,-159.151306,448.377045,1397.353394,-193.99649,525.545776,1353.303223,-120.236778,-151.480759,1333.577393,134.826523,-0.565899,1418.602173,144.281403,42.282406,1271.872925,242.212845,178.361252,1191.363525,233.640244,439.941711,1179.832642,188.69899,438.321075,1263.616699,232.80629,512.902954,1169.466064,204.746765,55.318874,1052.186279,-142.136612,-140.465576,1083.772217,-147.443314,-154.286148,1092.974854,123.810822,58.525558,1069.281738,128.327194
1.925,-109.465485,1673.274292,21.822573,-0.99825,1674.410034,28.835781,-73.021263,1611.290894,101.532097,-131.088898,1431.703857,-2.654804,-178.966522,1266.485107,-69.698708,-185.121582,1259.541992,46.610294,89.458138,1309.731689,31.151108,-125.594749,1345.881836,-166.315765,12.454763,1432.230469,-129.080719,94.037613,1269.034546,-227.75885,215.442337,1238.929688,-228.536942,465.251465,1303.120728,-159.658142,452.044952,1389.885864,-194.82309,529.938538,1342.9823,-123.040909,-152.675888,1332.664551,134.606277,-1.736647,1417.792236,144.564896,40.872696,1270.683105,242.037003,176.82692,1189.741577,233.42453,436.121216,1176.224121,192.860306,436.95636,1261.145142,232.111923,511.148102,1166.66626,203.713791,55.422459,1051.780762,-141.865982,-140.536499,1082.805298,-147.402817,-154.599884,1091.922119,123.785751,58.287655,1069.029785,128.59848
1.933,-109.303352,1672.873169,21.854172,-0.844169,1673.749512,28.720339,-72.857307,1610.861572,101.637985,-131.956787,1430.844971,-2.19418,-179.630157,1265.493774,-69.906311,-185.980911,1258.44873,46.412876,88.60614,1309.343994,31.658993,-126.307724,1344.966919,-166.32988,11.568205,1431.523071,-129.169052,93.383026,1267.868652,-226.958282,214.515686,1237.760742,-226.971405,466.254913,1294.723511,-160.302155,455.627899,1381.814941,-195.67244,533.627808,1331.727173,-125.980812,-153.870789,1331.702637,134.477249,-3.11296,1417.075562,144.857208,39.534698,1269.394287,242.034363,175.076828,1188.263794,233.00351,434.042419,1173.487427,192.694489,435.556854,1258.609497,231.284012,508.94754,1163.863037,203.201736,55.595295,1051.409912,-141.644043,-140.444138,1081.781006,-147.398132,-154.889893,1090.942017,123.819115,58.093796,1068.799438,128.838531
1.942,-109.199669,1672.427246,22.003946,-0.780045,1673.021118,28.603149,-72.759109,1610.29541,101.745354,-133.229858,1430.014526,-2.421865,-180.38739,1264.3302,-70.16748,-186.832336,1257.303223,46.104279,87.58049,1308.900146,32.19561,-127.029076,1344.029907,-166.455719,10.603106,1430.785889,-129.29187,92.562454,1266.59436,-226.264954,213.30954,1236.535767,-225.679596,466.890137,1285.690186,-161.456909,458.731934,1373.293945,-196.267609,536.749878,1319.612549,-129.089355,-155.036179,1330.597534,134.285904,-4.405961,1416.134521,145.152985,37.948425,1268.075928,241.938507,173.434082,1186.435303,232.610855,432.184174,1170.851562,191.562897,434.052155,1255.83728,230.624832,506.941071,1160.778076,202.104813,55.78685,1051.003662,-141.376129,-140.392975,1080.595825,-147.42804,-155.262817,1089.757446,123.821251,57.923733,1068.571167,129.123093
1.95,-109.104843,1671.744995,22.195333,-0.56813,1672.146118,28.587269,-72.71302,1609.666016,101.881424,-134.461166,1429.195312,-2.550771,-181.08844,1263.04895,-70.338432,-187.750244,1256.011475,45.876957,86.529793,1308.367432,32.577019,-127.916809,1342.877563,-166.48674,9.718145,1429.954102,-129.264267,91.578842,1265.078247,-225.637573,211.961411,1234.949585,-224.453156,467.128815,1276.106445,-162.661285,461.593231,1364.218506,-196.83992,539.341553,1306.52356,-132.166351,-156.462753,1329.455078,134.07724,-5.818777,1415.218994,145.491211,36.422626,1266.559326,241.841125,171.486481,1184.686646,232.0784,429.8862,1167.915894,190.854141,432.332703,1252.880737,229.690964,504.777191,1157.461304,201.031723,56.004311,1050.598022,-141.141968,-140.406921,1079.422974,-147.385635,-155.515747,1088.548462,123.883499,57.781647,1068.336792,129.432373
1.958,-109.080811,1671.059448,22.366644,-0.508404,1671.190186,28.505224,-72.619804,1608.924805,101.991066,-135.701981,1428.259521,-2.607156,-181.951645,1261.706543,-70.5177,-188.60556,1254.577148,45.654202,85.492653,1307.791748,32.920158,-128.912964,1341.8396,-166.567154,8.723945,1428.966797,-129.347427,90.543274,1263.635254,-225.034943,210.537048,1233.257568,-223.197708,466.918274,1266.157471,-164.207733,464.067444,1354.871948,-196.844711,540.946594,1292.71582,-135.383942,-157.914246,1328.30188,133.961044,-7.377339,1414.160278,145.765335,34.70546,1265.144653,241.712433,169.590866,1182.84375,231.626465,427.91684,1165.025391,189.2341,430.623474,1249.793945,228.798325,502.456055,1153.93457,200.014938,56.239151,1050.132812,-140.835114,-140.350815,1077.991943,-147.383301,-155.838425,1087.240479,123.80349,57.581814,1068.051514,129.764221
1.967,-109.077713,1670.288208,22.608206,-0.389442,1670.278564,28.585142,-72.576225,1608.141479,102.173256,-136.951263,1427.18103,-2.538127,-182.912354,1260.39917,-70.744591,-189.560822,1253.134155,45.473816,84.47345,1307.267334,33.279678,-129.878967,1340.653809,-166.619751,7.654235,1427.942871,-129.497406,89.247124,1261.952393,-224.522522,208.84639,1231.515625,-222.296814,466.117706,1255.770264,-166.14566,466.484253,1344.890259,-197.705902,541.732483,1278.354614,-138.64888,-159.314026,1326.947632,133.795731,-8.922289,1413.014404,146.099457,32.950451,1263.545776,241.569183,167.388687,1180.914185,231.186874,425.879944,1161.314941,187.657974,428.890381,1246.58252,227.883484,500.013,1150.16687,198.840927,56.482891,1049.715088,-140.659149,-140.351425,1076.65332,-147.423965,-156.292023,1085.861816,123.790504,57.370945,1067.743286,130.133148
1.975,-109.129662,1669.455322,22.800533,-0.415725,1669.190552,28.623318,-72.530434,1607.234741,102.383774,-138.500259,1426.237915,-2.701194,-183.777618,1258.855347,-70.773209,-190.757874,1251.588135,45.298622,83.175743,1306.534546,33.591515,-130.981125,1339.353271,-166.634613,6.602165,1426.88269,-129.483963,88.081085,1260.210449,-223.992661,207.128159,1229.487793,-221.272537,464.864685,1245.078125,-167.984024,468.288452,1334.566406,-198.42984,541.796326,1263.509766,-142.604736,-161.050537,1325.692993,133.592651,-10.683896,1411.925415,146.550827,31.044336,1261.940552,241.393051,165.162155,1179.133057,230.78421,423.35733,1158.554321,186.474045,427.138947,1243.25415,226.875488,497.448303,1146.307373,197.725845,56.697178,1049.265625,-140.448807,-140.27298,1075.0896,-147.455292,-156.530533,1084.367676,123.835518,57.175629,1067.420654,130.507614
1.983,-109.067055,1668.543579,23.113562,-0.489701,1668.067017,28.667154,-72.529144,1606.233521,102.56768,-140.055695,1425.05603,-2.839651,-184.77359,1257.39502,-70.967407,-191.789276,1250.072266,45.130264,81.960838,1305.766846,33.747017,-132.112289,1338.14209,-166.744888,5.600519,1425.635376,-129.561722,86.661942,1258.385742,-223.555557,205.301331,1227.246826,-220.455292,463.122864,1234.120239,-170.237549,469.67688,1324.060791,-199.083176,540.897034,1248.429443,-146.043106,-162.579498,1324.220337,133.392563,-12.435972,1410.814087,146.787369,29.149828,1260.415161,241.262253,162.931702,1177.145386,230.491852,421.532501,1155.963257,185.926758,425.285919,1239.955322,225.816605,494.629639,1142.332642,196.487198,56.960896,1048.760742,-140.219925,-140.284393,1073.587646,-147.29245,-156.909851,1082.779541,123.792183,56.997189,1067.11853,130.871414
1.992,-109.177269,1667.596436,23.411133,-0.557346,1666.965088,28.647366,-72.516502,1605.324707,102.761467,-141.512085,1423.916626,-2.984722,-185.741699,1255.7229,-71.071815,-192.953888,1248.347534,44.970341,80.625237,1304.981567,33.949814,-133.238571,1336.796143,-166.83783,4.510893,1424.386108,-129.592194,85.342026,1256.60083,-223.164551,203.284668,1224.839966,-219.572479,460.822601,1223.09436,-172.608475,470.546112,1313.361938,-200.116089,539.413696,1232.884277,-150.285233,-164.395325,1322.887573,133.209457,-14.42008,1409.584717,147.100632,27.118223,1258.702515,241.160889,160.56279,1175.203369,230.098221,420.121063,1153.397583,185.809143,423.33725,1236.523682,224.722778,491.809052,1138.349121,195.20137,57.152309,1048.322876,-140.079697,-140.17099,1071.927002,-147.414307,-157.274872,1081.132812,123.749916,56.847202,1066.806885,131.227661
2.0,-109.220634,1666.704102,23.733397,-0.58883,1665.778076,28.773096,-72.572266,1604.299438,103.013199,-143.136307,1422.689941,-3.175589,-186.903488,1254.176514,-71.282127,-194.073273,1246.762451,44.786522,79.016586,1304.218506,34.064323,-134.435333,1335.400635,-166.875916,3.394319,1423.079956,-129.582993,83.94442,1254.559814,-222.729065,201.201447,1222.231934,-218.877945,458.035614,1211.949341,-175.007523,471.000793,1302.394287,-201.002472,537.163696,1217.602783,-154.329636,-166.002441,1321.340942,133.0065,-16.26449,1408.486206,147.464539,25.111605,1257.141357,241.131287,158.081924,1173.35144,229.842148,,,,421.344238,1233.082275,223.609283,488.990479,1134.374756,193.877609,57.338757,1047.90918,-139.975128,-140.203278,1070.310791,-147.326675,-157.574966,1079.394287,123.665375,56.648647,1066.318359,131.662842
2.008,-109.313919,1665.749512,24.007833,-0.724154,1664.628784,28.755892,-72.606705,1603.281006,103.271194,-144.630508,1421.398315,-3.181291,-187.898514,1252.356934,-71.372391,-195.207153,1244.951294,44.560505,77.629395,1303.393677,34.18998,-135.556412,1333.915039,-167.016861,2.40771,1421.807251,-129.542847,82.4076,1252.590332,-222.328583,199.037689,1219.53894,-218.211227,454.792053,1200.997437,-177.281982,471.019989,1291.367554,-202.007812,534.195007,1202.612793,-158.074646,-167.946976,1319.972534,132.722824,-18.300909,1407.184082,147.703781,22.915318,1255.443604,241.104492,155.741043,1171.403687,229.624817,411.831482,1144.428833,184.218185,419.343048,1229.686768,222.428101,486.05246,1130.446899,192.425934,57.591106,1047.421265,-139.860443,-140.056137,1068.514648,-147.295959,-157.962234,1077.643677,123.778389,56.400326,1065.885254,132.123322
2.017,-109.406555,1664.8302,24.332186,-0.82873,1663.455444,28.927927,-72.667542,1602.364868,103.497307,-146.265762,1420.134644,-3.389382,-188.966614,1250.763306,-71.608063,-196.365356,1243.222778,44.36578,76.184364,1302.566895,34.277481,-136.721298,1332.559448,-167.163925,1.389363,1420.320679,-129.565216,80.97171,1250.468384,-221.842667,196.816956,1216.589844,-217.482452,451.499298,1190.165283,-179.684723,470.645233,1280.592773,-202.887878,530.354675,1188.055664,-161.357498,-169.645676,1318.396729,132.491104,-20.17247,1406.078613,147.912857,20.870106,1253.92688,241.119934,153.183334,1169.525635,229.583115,409.013275,1141.022217,183.20108,417.295563,1226.41687,221.15802,482.778076,1126.578735,191.026413,57.860199,1046.95459,-139.711349,-140.044434,1066.784058,-147.362717,-158.277344,1075.873535,123.77787,56.167679,1065.478516,132.553726
2.025,-109.448578,1663.947754,24.588888,-0.933514,1662.275635,28.840857,-72.763718,1601.382812,103.728119,-147.845123,1418.851807,-3.382468,-189.934616,1248.9823,-71.753418,-197.522705,1241.489136,44.143097,74.596237,1301.736084,34.21172,-137.858505,1331.147827,-167.340851,0.448761,1418.952637,-129.588776,79.370255,1248.325928,-221.487762,194.533722,1213.525024,-216.755814,447.75943,1180.001709,-181.627762,469.794678,1270.199829,-203.888031,526.131531,1174.60022,-164.10614,-171.536804,1317.015259,132.203888,-22.224663,1404.802979,148.100891,18.736738,1252.37915,241.032654,150.768539,1167.761963,229.429886,407.077881,1137.931763,182.575089,415.255981,1223.270752,219.683365,479.842346,1122.94458,189.52359,58.10384,1046.567749,-139.596161,-139.972366,1065.054199,-147.402206,-158.63324,1074.012817,123.772614,55.985554,1065.13562,133.010803
2.033,-109.582626,1663.182495,24.928486,-0.985457,1661.16626,28.934381,-72.851326,1600.442871,103.952278,-149.445282,1417.630493,-3.671448,-191.026688,1247.441162,-72.021729,-198.750519,1239.846069,43.80217,73.274261,1300.917725,34.331493,-138.870926,1329.694824,-167.480087,-0.409505,1417.478516,-129.588272,77.848549,1246.019409,-221.059525,192.08284,1210.087646,-216.285645,443.945007,1170.446899,-183.281052,468.626312,1260.288452,-204.67215,521.855469,1161.599121,-167.404648,-173.287643,1315.490967,131.990829,-24.200165,1403.803589,148.302811,16.572752,1250.917847,240.98822,148.347305,1166.098022,229.721039,402.916199,1136.057617,181.232391,413.236359,1220.488037,218.11998,476.898804,1119.598877,187.687103,58.412174,1046.230957,-139.475189,-139.883179,1063.211792,-147.49202,-158.938995,1072.215454,123.715858,55.759861,1064.757446,133.464539
2.042,-109.694366,1662.367065,25.181643,-1.153188,1659.984253,28.943848,-73.004402,1599.595825,104.15757,-150.883698,1416.464355,-3.941549,-191.818451,1245.660767,-72.077499,-199.733734,1238.101685,43.698883,71.804794,1300.176392,34.211521,-139.933121,1328.333008,-167.748093,-1.130354,1416.038574,-129.526169,76.279778,1243.674561,-220.492157,189.692642,1206.452026,-215.831116,440.18869,1161.442871,-184.537781,467.335785,1250.927124,-205.343643,517.227356,1149.862671,-169.6147,-175.10672,1314.174072,131.661072,-26.181946,1402.633911,148.58017,14.655077,1249.648071,241.030563,145.935013,1164.557617,229.918137,400.426453,1132.394775,179.805939,411.213257,1218.025269,216.327545,473.977173,1116.662964,185.879227,58.727654,1045.928223,-139.434464,-139.712265,1061.522339,-147.486633,-159.339127,1070.453369,123.670723,55.542488,1064.435913,133.99295
2.05,-109.879051,1661.673218,25.51634,-1.239641,1658.958618,29.003977,-73.122696,1598.820923,104.364777,-152.339569,1415.257568,-4.165647,-192.62587,1244.135376,-72.35614,-200.704956,1236.457642,43.311577,70.393494,1299.461182,34.267666,-140.84613,1327.03064,-167.866486,-1.757578,1414.584229,-129.655579,74.674118,1241.258667,-220.153259,187.226669,1202.705811,-215.438004,436.659912,1153.571899,-185.148117,465.617249,1242.373169,-205.987091,512.859802,1139.384644,-171.13298,-176.739914,1312.800049,131.402893,-28.062435,1401.80835,148.834549,12.618585,1248.546997,241.054459,143.777527,1163.12915,230.228195,397.66333,1130.179565,178.607529,409.283295,1216.063232,214.506287,470.993713,1114.29248,184.046997,59.118401,1045.637451,-139.349075,-139.544083,1059.79541,-147.584335,-159.583481,1068.655884,123.581841,55.331043,1064.130493,134.537064
2.058,-110.018311,1661.026611,25.827276,-1.440388,1657.962524,28.873116,-73.34584,1598.109253,104.52887,-153.582245,1414.291016,-4.534547,-193.288132,1242.534302,-72.449417,-201.520386,1235.039185,43.13139,69.203674,1298.793457,34.215027,-141.704391,1325.74939,-167.991364,-2.359333,1413.211548,-129.886856,72.994316,1238.664917,-219.500809,184.861984,1198.952881,-215.250565,433.385315,1146.207642,-185.190353,463.770996,1234.389282,-206.665268,508.951904,1130.203125,-172.059921,-178.428497,1311.609253,131.051102,-29.823637,1401.016968,149.048279,10.876185,1247.449707,241.106873,141.707703,1161.97229,230.826782,395.06076,1128.807373,177.597092,407.494995,1214.600464,212.804153,468.254944,1112.676025,182.11763,59.531799,1045.425537,-139.322632,-139.240585,1058.24707,-147.617233,-159.817337,1067.125977,123.522232,55.152088,1063.906006,135.031326
2.067,-110.286972,1660.50061,26.035082,-1.631221,1657.052612,29.04981,-73.634552,1597.339966,104.751259,-154.700531,1413.293335,-4.807316,-193.908066,1241.255981,-72.554001,-202.342453,1233.688721,42.937641,68.068344,1298.197876,34.212196,-142.579239,1324.553833,-168.099976,-2.807497,1411.893188,-130.226562,71.433907,1236.053589,-218.87178,182.619736,1195.257935,-214.98764,430.174896,1139.630981,-185.057037,461.922516,1227.120239,-207.281342,505.488708,1121.961304,-172.755829,-179.8358,1310.52417,130.875595,-31.515919,1400.185547,149.406723,9.002475,1246.471924,241.151047,139.901871,1160.761841,231.401505,393.620728,1128.547729,174.478302,405.774475,1213.752563,211.200027,466.003052,1111.978638,180.13559,59.953533,1045.336914,-139.31105,-138.841873,1056.735229,-147.567642,-160.050369,1065.53479,123.449226,54.925423,1063.691528,135.679108
2.075,-110.564766,1660.044067,26.295946,-1.893174,1656.342896,29.046604,-73.935448,1596.801514,104.882339,-155.645828,1412.498779,-5.140254,-194.438782,1240.068359,-72.632523,-203.018845,1232.429688,42.747211,67.174225,1297.802124,34.348507,-143.312363,1323.442505,-168.2108,-3.235581,1410.651001,-130.634308,69.793861,1233.428223,-218.144836,180.47673,1191.640503,-214.719482,427.495972,1133.868896,-184.820358,460.067139,1220.835449,-207.778671,502.595184,1115.308228,-172.707932,-181.094528,1309.507202,130.595978,-32.922237,1399.588501,149.610916,7.52946,1245.723877,241.364929,138.320694,1159.744629,232.070328,391.984741,1128.86731,172.424667,404.031281,1213.586182,209.754944,464.151154,1111.980713,177.440353,60.41745,1045.348267,-139.302063,-138.375717,1055.454468,-147.665161,-160.197327,1064.207397,123.276474,54.700447,1063.543213,136.356888
2.083,-110.872917,1659.635376,26.565283,-2.281363,1655.724976,29.088562,-74.215973,1596.359131,105.025475,-156.483551,1411.803955,-5.338815,-194.92897,1238.914795,-72.55896,-203.497803,1231.513916,42.609177,66.442574,1297.390259,34.470558,-143.969666,1322.446167,-168.263947,-3.635791,1409.49939,-131.183701,68.268364,1230.781616,-217.417618,178.477005,1188.245239,-214.367844,425.074036,1128.805786,-184.133545,458.369965,1215.269531,-208.205246,500.197479,1109.504761,-172.895294,-182.221954,1308.782715,130.375214,-34.055973,1399.037964,149.822052,6.047383,1245.059082,241.614792,136.906647,1159.02771,232.891327,390.624573,1129.799194,169.950531,402.437988,1214.196655,208.35672,462.725739,1113.159912,174.806793,60.927837,1045.412231,-139.23671,-137.867126,1054.447876,-147.823929,-160.26239,1063.109985,123.234421,54.530228,1063.495972,137.006424
2.092,-111.296242,1659.321899,26.811605,-2.721645,1655.281982,29.103918,-74.624222,1595.949341,105.181953,-157.165848,1411.296021,-5.525991,-195.222931,1238.047974,-72.520081,-203.871521,1230.724609,42.503853,65.81562,1297.035034,34.446587,-144.579803,1321.511719,-168.295441,-3.908644,1408.507812,-131.741913,66.868393,1228.264526,-216.484726,176.647842,1185.183594,-214.102066,423.066772,1124.720703,-183.787201,456.716553,1210.898926,-208.371933,497.838623,1104.695068,-173.090454,-183.069,1308.312012,130.170792,-35.105923,1398.638428,149.976486,4.882966,1244.635986,241.949509,135.762711,1158.153076,233.555695,389.380829,1131.695435,167.874252,400.916046,1215.66626,206.754379,461.596222,1115.292725,172.173813,61.514301,1045.558105,-139.010254,-137.290146,1053.595337,-147.82312,-160.288834,1062.157959,123.08297,54.403557,1063.561768,137.733795
2.1,-111.831604,1659.121948,27.04611,-3.213458,1655.098267,29.225029,-75.01757,1595.687256,105.337601,-157.723251,1410.913452,-5.761857,-195.389572,1237.431274,-72.493492,-204.092316,1230.121826,42.561356,65.41111,1296.819824,34.456463,-145.111572,1320.748291,-168.349518,-4.190402,1407.716553,-132.316666,65.612938,1225.897583,-215.714706,175.125015,1182.203247,-213.614365,421.365936,1121.450684,-183.392288,455.458099,1207.409912,-208.167755,496.082184,1101.051758,-172.994339,-183.703766,1307.864014,130.066574,-35.852173,1398.457397,150.144806,3.967168,1244.465454,242.485352,134.990936,1157.844116,234.334671,389.068695,1134.639771,164.661484,399.515625,1218.119995,205.111252,460.832886,1118.5896,169.642303,62.157383,1045.845093,-138.834778,-136.708817,1053.06189,-147.856506,-160.261063,1061.498779,123.089363,54.32341,1063.669922,138.401077
2.108,-112.368309,1658.963135,27.24066,-3.784789,1655.0979,29.259792,-75.457733,1595.573242,105.45079,-158.107468,1410.648315,-5.865072,-195.435959,1236.910156,-72.354744,-204.203613,1229.738525,42.648697,65.140213,1296.75708,34.472446,-145.486237,1320.073364,-168.258255,-4.466722,1407.172485,-132.943466,64.513641,1223.836182,-215.067368,173.790588,1179.805176,-213.139389,420.004089,1118.993652,-182.797073,454.217163,1204.862183,-207.969986,494.852081,1098.357788,-172.880951,-184.194244,1307.640137,130.012421,-36.379616,1398.399902,150.190689,3.320576,1244.567017,242.964752,134.427246,1157.803833,235.264359,388.237183,1137.849243,162.541046,397.967377,1221.468384,203.336639,460.381348,1123.059204,166.997604,62.820301,1046.33606,-138.69014,-136.011978,1052.670532,-147.817108,-160.172989,1061.118774,123.082764,54.291832,1063.863037,139.042633
2.117,-113.045959,1658.933472,27.377682,-4.409624,1655.316406,29.205004,-75.897667,1595.589722,105.51368,-158.375534,1410.542236,-5.914454,-195.337814,1236.386841,-72.100441,-204.161011,1229.554321,42.696789,64.970833,1296.798462,34.48814,-145.762497,1319.656494,-168.195145,-4.722291,1406.850952,-133.47435,63.547401,1222.128174,-214.602478,172.724182,1177.769043,-212.692139,419.180847,1118.113281,-183.968506,453.468811,1203.141602,-207.724518,493.905548,1096.899048,-172.867538,-184.528687,1307.592407,129.961929,-36.759911,1398.536011,150.213974,2.856261,1244.920288,243.346085,134.11499,1158.04895,236.31662,387.711121,1142.17334,160.54628,396.347687,1225.682007,201.226608,460.237274,1128.923462,162.757034,63.503033,1046.895752,-138.404984,-135.303055,1052.629395,-147.802155,-159.972153,1060.970947,123.014305,54.305729,1064.088623,139.643768
2.125,-113.819054,1659.002563,27.357,-5.140499,1655.671265,29.247778,-76.284622,1595.777466,105.580513,-158.51712,1410.567383,-5.900946,-195.162796,1236.238647,-71.926323,-204.06514,1229.597656,42.805592,64.78434,1296.933472,34.547852,-145.908783,1319.400635,-168.077637,-4.861773,1406.817993,-133.88678,62.867188,1220.829102,-214.265564,171.963089,1176.449951,-212.257324,418.74118,1117.165039,-183.190002,452.860382,1202.373047,-207.484116,493.397461,1096.145996,-172.067078,-184.74614,1307.763306,129.956909,-37.030956,1398.852295,150.26062,2.567182,1245.603882,243.780121,134.121063,1158.548706,237.371124,387.298981,1147.408081,157.959869,394.87738,1231.150269,198.786285,460.222443,1135.812744,159.507477,64.334785,1047.544067,-138.032043,-134.615906,1052.878662,-147.781052,-159.814957,1061.095459,122.98735,54.38839,1064.401489,140.179794
2.133,-114.579041,1659.200439,27.381664,-5.896167,1656.236084,29.288193,-76.784607,1596.093262,105.537354,-158.475464,1410.717163,-6.04502,-194.757721,1236.325684,-71.739853,-203.834122,1229.797363,42.936028,64.686035,1297.241577,34.717285,-145.876663,1319.384766,-167.921799,-4.840326,1407.021362,-134.161697,62.467785,1220.21228,-214.16069,171.593567,1175.817993,-211.990524,418.314911,1116.75354,-181.776505,452.64743,1202.380615,-207.239288,493.334778,1096.277954,-171.307724,-184.719437,1308.10022,130.040771,-37.160378,1399.349731,150.362183,2.507221,1246.495605,244.282867,134.543808,1159.345215,238.460678,387.272614,1153.737549,155.109375,393.204224,1237.477661,195.702515,460.28714,1143.856445,155.674088,65.124771,1048.224487,-137.588455,-133.967773,1053.393921,-147.746078,-159.537582,1061.456909,122.996925,54.540176,1064.773315,140.609177
2.142,-115.365021,1659.645386,27.330015,-6.671148,1656.920166,29.15521,-77.448112,1596.561035,105.450066,-158.291733,1411.02832,-6.041479,-194.326111,1236.76062,-71.568687,-203.575439,1230.202637,43.02438,64.700989,1297.69519,34.947315,-145.653519,1319.615601,-167.720276,-4.676359,1407.455688,-134.239731,62.309532,1220.139648,-214.228424,171.621185,1175.922974,-211.753754,418.450653,1117.294434,-180.992432,452.718292,1203.196411,-206.935577,493.725403,1097.26001,-170.29039,-184.564377,1308.525269,130.193222,-37.22139,1400.09729,150.463409,2.764863,1247.575806,244.689438,135.266037,1160.601196,239.571976,387.133209,1160.773682,152.549698,391.338745,1244.648193,193.10994,460.470215,1153.099365,151.959122,65.941284,1048.966431,-137.191132,-133.363647,1054.021484,-147.760361,-159.286484,1061.971069,122.983795,54.714886,1065.181519,140.950333
2.15,-116.061058,1660.108643,27.194481,-7.430589,1657.806274,29.039608,-78.05732,1597.20105,105.396042,-158.002563,1411.456421,-5.925297,-193.781067,1237.240234,-71.315895,-203.143646,1230.86084,43.207043,64.907646,1298.31189,35.154938,-145.278458,1319.987427,-167.456268,-4.368716,1408.125122,-134.079086,62.504402,1220.553467,-214.350021,172.047577,1176.657837,-211.548431,419.43811,1119.427002,-181.806122,453.15155,1204.792358,-206.587265,494.129486,1099.719971,-169.25882,-184.115341,1309.112915,130.411942,-37.13282,1400.977661,150.605682,3.163703,1248.782349,245.237106,136.252731,1162.173096,240.630493,386.997559,1168.721924,149.947403,389.225769,1252.860596,189.984863,460.776642,1163.594116,147.034134,66.75592,1049.665771,-136.628983,-132.628296,1054.868408,-147.652115,-158.941971,1062.813599,123.082382,54.902996,1065.570068,141.202545
2.158,-116.91053,1660.633911,27.093172,-8.292019,1658.876465,28.97221,-78.560165,1598.042725,105.385941,-157.585205,1412.008911,-5.757707,-193.105347,1237.939575,-71.027069,-202.571976,1231.592529,43.545074,65.363159,1299.241821,35.563534,-144.630997,1320.729004,-167.205429,-3.883588,1409.050781,-133.725357,63.029766,1221.523193,-214.388687,172.769287,1178.110718,-211.532684,420.350189,1121.46875,-181.144089,453.825531,1207.0,-206.23909,495.65802,1102.110229,-168.322906,-183.673569,1309.807861,130.620926,-36.900639,1401.987549,150.71582,3.647637,1250.338257,245.630295,137.583176,1163.98584,241.594467,386.989716,1177.428223,146.792725,387.024536,1261.695801,186.77124,460.802124,1174.971069,142.421814,67.50898,1050.406494,-136.054459,-131.950577,1055.937012,-147.552612,-158.609573,1063.803467,123.097969,55.166824,1066.042603,141.373535
2.167,-117.762924,1661.27478,26.884829,-9.101416,1660.035889,28.793941,-79.03196,1599.083496,105.364151,-156.986023,1412.725464,-5.523185,-192.366089,1238.7771,-70.784729,-201.909409,1232.445435,43.827923,66.117134,1300.363525,35.932522,-143.812134,1321.60022,-166.791,-3.329047,1410.194946,-133.207153,63.900673,1223.222412,-214.482513,173.906021,1180.139282,-211.517044,421.743927,1124.142944,-180.913895,454.89267,1209.784058,-205.703384,497.564087,1105.389893,-167.076096,-183.255478,1310.736206,130.867401,-36.661018,1403.229492,150.838516,4.363073,1251.919312,246.175598,139.071121,1166.275513,242.629852,386.726074,1186.864624,143.784912,384.525574,1271.386353,183.258835,460.626282,1187.249878,137.771317,68.184166,1051.066772,-135.460815,-131.270599,1057.217651,-147.485474,-158.258209,1064.957031,123.220261,55.489361,1066.584351,141.44249
2.175,-118.634628,1661.951782,26.716885,-9.868511,1661.32251,28.622658,-79.549133,1600.075073,105.258179,-156.218643,1413.588013,-5.11394,-191.316177,1239.862183,-70.46154,-201.251846,1233.598755,43.964821,66.854126,1301.694214,36.342716,-142.911011,1322.614014,-166.477081,-2.633059,1411.48877,-132.58522,65.21418,1225.266357,-214.517303,175.362625,1182.449463,-211.624588,423.102631,1126.830811,-179.396423,456.009644,1212.938721,-204.966827,498.975037,1108.991211,-167.873489,-182.548691,1311.788818,131.130661,-36.203594,1404.557373,150.944168,5.255667,1253.803467,246.498978,140.706161,1168.928223,243.457397,386.381226,1196.854492,140.611908,381.665192,1281.620361,179.494232,460.207947,1200.450562,132.717606,68.879578,1051.729004,-134.8228,-130.54895,1058.576294,-147.465302,-157.901733,1066.135376,123.27037,55.788067,1067.074585,141.492874
2.183,-119.361778,1662.658325,26.579763,-10.689855,1662.665405,28.657011,-80.247086,1601.120361,105.162781,-155.434555,1414.540894,-4.840032,-190.374283,1241.125488,-70.261421,-200.370087,1234.835327,44.284706,67.747604,1303.128662,36.628426,-141.686127,1323.860229,-166.13797,-1.789695,1412.881348,-131.834702,66.742989,1227.798828,-214.527512,177.065887,1185.202271,-211.661255,425.133759,1130.297485,-179.054642,457.418152,1216.779053,-204.272644,501.036285,1113.397461,-166.682251,-181.764572,1312.74231,131.411179,-35.665707,1405.926025,151.092026,6.485522,1255.815552,246.95903,142.783936,1171.67688,244.003159,386.091827,1207.63208,136.396133,378.242218,1292.273193,175.534363,459.319214,1214.161011,127.891464,69.528854,1052.416504,-134.289658,-129.772568,1060.228638,-147.380646,-157.428329,1067.543335,123.368698,56.065186,1067.614624,141.456268
2.192,-120.198235,1663.467163,26.340843,-11.569288,1664.04541,28.482235,-80.728523,1602.262817,105.187317,-154.364929,1415.422241,-4.382308,-189.301193,1242.416016,-69.977913,-199.515213,1236.075562,44.454105,68.974068,1304.697754,37.212585,-140.352707,1325.220825,-165.790482,-0.75535,1414.469604,-130.8918,68.637421,1230.417847,-214.61882,179.061539,1188.283447,-211.972855,427.463837,1134.313477,-178.906189,459.041138,1220.785156,-203.335556,503.525604,1117.741455,-166.635086,-180.703506,1313.894531,131.871078,-35.12833,1407.357422,151.17337,7.771685,1257.985962,247.393021,144.935379,1174.703369,244.606461,385.346039,1218.341431,133.332016,374.445435,1303.423584,171.206055,458.185059,1228.797607,122.447838,69.641838,1052.415527,-132.024109,-129.011505,1061.782227,-147.253143,-157.026794,1069.027466,123.562263,56.231026,1068.214478,141.535187
2.2,-121.065582,1664.290161,26.252718,-12.330905,1665.465942,28.545614,-81.238411,1603.320679,105.202133,-153.264465,1416.541138,-3.919006,-188.163986,1244.058472,-69.836182,-198.499207,1237.634521,44.770775,70.125534,1306.265381,37.62524,-138.850006,1326.735352,-165.420746,0.404133,1416.036255,-130.047012,70.560394,1233.161865,-214.615097,181.34288,1191.486816,-212.042511,429.982178,1138.500977,-178.835663,460.925079,1225.314087,-202.481003,506.199829,1122.713745,-165.866165,-179.766266,1315.213867,132.062195,-34.328014,1408.980835,151.273544,9.087809,1260.305542,247.62471,147.330658,1177.857178,244.959366,384.461182,1229.513306,129.896698,369.952728,1314.796753,166.54213,456.470917,1243.830322,116.935097,70.140701,1052.893066,-131.340073,-128.145081,1063.455933,-146.982834,-156.63942,1070.644409,123.624741,56.425838,1068.663452,141.566528
2.208,-121.789719,1664.912109,26.296335,-13.128179,1666.813354,28.745277,-81.719925,1604.410767,105.301262,-152.09053,1417.634399,-3.627815,-186.856689,1245.578125,-69.551941,-197.345367,1239.050537,44.905788,71.570862,1307.9021,38.268864,-137.256729,1328.218994,-164.938477,1.701887,1417.689209,-129.046448,72.696449,1235.949097,-214.75032,183.859879,1194.845215,-212.221039,432.679535,1142.791748,-178.339264,462.748535,1230.221924,-201.554642,509.220612,1127.952637,-165.187317,-178.673859,1316.453003,132.513,-33.455418,1410.5271,151.376099,10.719643,1262.666748,247.991867,149.979828,1181.315796,245.223404,383.230377,1241.015259,126.135841,365.016144,1326.297852,161.718521,454.435852,1258.748169,111.3908,70.572235,1053.354126,-130.658768,-127.375099,1065.250854,-146.815384,-156.191086,1072.243042,123.7472,56.69389,1069.204468,141.515213
2.217,-122.510422,1665.59021,26.276598,-13.834883,1668.232178,28.824274,-82.136948,1605.542847,105.464867,-150.606415,1418.650391,-3.20995,-185.546783,1247.306763,-69.428505,-196.301102,1240.744751,45.154263,72.976173,1309.569336,38.731354,-135.45546,1329.80188,-164.628326,3.100499,1419.37793,-128.022018,74.820549,1238.722046,-214.771927,186.461624,1198.285522,-212.494431,435.637817,1147.143188,-177.886444,464.737183,1235.255737,-200.626968,512.340759,1133.240356,-165.190292,-177.479675,1317.858398,132.814865,-32.455063,1412.090698,151.352188,12.436809,1264.940918,248.368439,152.831955,1184.669067,245.440186,381.649475,1252.78772,122.251984,359.503784,1337.671387,156.622574,451.52948,1274.53894,105.983818,71.038857,1053.861328,-130.14566,-126.508507,1067.014893,-146.86377,-155.828522,1073.996826,123.864815,56.947472,1069.776367,141.501892
2.225,-123.268494,1666.191284,26.353121,-14.6725,1669.507202,29.012804,-82.701767,1606.390625,105.625565,-149.193024,1419.816528,-2.792047,-184.198776,1248.931763,-69.136589,-195.234573,1242.333496,45.412163,74.500854,1311.095337,39.369465,-133.688416,1331.391968,-164.281921,4.601314,1420.978882,-126.995819,77.142838,1241.467163,-214.929596,189.093918,1201.477905,-212.696609,438.502838,1152.076294,-177.797089,466.884247,1240.41272,-199.790115,515.557983,1138.604248,-164.763763,-176.103989,1319.24939,133.281708,-31.440832,1413.766846,151.40033,14.364228,1267.361938,248.716675,155.720581,1188.315918,245.71196,380.364288,1264.234375,118.786102,353.572906,1348.864746,151.44577,447.992523,1290.343994,100.175087,71.44104,1054.323364,-129.678482,-125.79171,1068.877319,-146.495804,-155.395508,1075.759644,123.991913,57.141193,1070.320312,141.54393
2.233,-124.086479,1666.797974,26.454851,-15.480835,1670.742554,29.159266,-83.137161,1607.276855,105.875816,-147.757935,1420.942261,-2.415152,-182.820175,1250.690674,-69.066536,-194.002197,1244.08728,45.654778,75.995346,1312.540161,39.8409,-131.791458,1333.024658,-163.914719,6.240194,1422.574463,-126.068604,79.54052,1244.004761,-214.92131,191.659073,1204.377197,-212.81311,441.72403,1156.698486,-177.632767,469.059998,1245.623291,-198.82431,518.806274,1144.327515,-163.946869,-174.802185,1320.627686,133.65239,-30.340813,1415.198608,151.320663,16.107363,1269.875732,249.007477,158.837509,1192.074585,245.623459,378.229156,1275.973511,114.401085,347.084534,1359.710083,146.122772,443.811127,1305.688599,94.521889,71.84285,1054.740601,-129.202713,-125.015495,1070.573486,-146.509354,-155.003555,1077.501099,124.138382,57.294971,1070.870117,141.476135
2.242,-124.713928,1667.255737,26.70233,-16.103136,1672.055054,29.458038,-83.432739,1608.110229,106.195274,-146.137421,1422.087036,-2.056577,-181.418167,1252.318237,-68.81813,-192.778229,1245.714233,45.797729,77.663666,1313.937866,40.470558,-129.823532,1334.592896,-163.540085,7.814137,1424.128662,-125.080261,82.000557,1246.520264,-214.975235,194.412979,1207.119385,-213.055008,444.902832,1161.533813,-177.620682,471.300995,1250.854736,-197.826828,522.260437,1150.076416,-163.473099,-173.316269,1322.031738,134.095276,-28.979139,1416.650635,151.192078,18.210794,1272.282104,249.313492,162.123917,1195.906372,245.589828,375.824554,1287.813721,110.392776,340.087158,1370.094482,141.071304,439.205444,1320.9823,88.674706,72.226631,1055.141479,-128.733368,-124.241287,1072.228516,-146.171219,-154.640594,1079.28479,124.183937,57.478878,1071.388428,141.545654
2.25,-125.280365,1667.663452,26.995743,-16.762472,1673.171387,29.851171,-83.73542,1608.855957,106.555099,-144.558746,1423.141724,-1.673077,-180.097748,1254.053101,-68.726158,-191.537811,1247.407593,45.955044,79.125175,1315.219849,41.038391,-127.864464,1336.043213,-163.150223,9.605247,1425.525269,-124.150749,84.366966,1248.974731,-214.87532,197.141754,1209.978149,-213.261398,448.122406,1166.380859,-177.164001,473.689941,1256.01416,-196.750107,525.547241,1155.656982,-162.608047,-172.005539,1323.392456,134.387344,-27.78138,1418.084351,151.067017,20.183216,1274.713989,249.508347,165.457077,1199.81958,245.531494,372.990051,1299.201782,107.093391,332.738434,1379.913208,136.019424,434.164124,1336.488525,83.123337,72.504227,1055.436646,-128.382584,-123.661629,1073.871826,-145.993378,-154.297577,1081.005005,124.272789,57.795315,1071.771973,141.620316
2.258,-125.924187,1668.014038,27.306988,-17.529251,1674.171387,30.298082,-83.970741,1609.504761,106.943466,-142.909286,1424.145996,-1.208076,-178.553314,1255.546997,-68.516983,-190.249878,1248.993652,46.2047,80.837425,1316.324829,41.574371,-125.916405,1337.501587,-162.820816,11.413246,1426.871704,-123.307434,86.922234,1251.183716,-214.693588,199.826263,1212.834595,-213.310104,451.38446,1171.276489,-176.593445,475.864807,1261.302002,-195.902145,529.039734,1161.268066,-162.366196,-170.5634,1324.745605,134.847412,-26.480461,1419.437866,150.969742,22.398676,1277.082886,249.685013,168.921112,1203.775391,245.392532,369.53949,1310.299927,102.778397,325.188568,1389.080933,131.03772,428.376465,1351.007324,77.397018,72.769371,1055.700562,-128.059586,-123.007149,1075.513184,-145.910965,-153.971085,1082.630249,124.217293,57.979454,1072.242432,141.670883
2.267,-126.565727,1668.252319,27.680649,-18.174656,1675.182739,30.776522,-84.135857,1609.963745,107.424522,-141.161697,1425.261963,-0.992151,-177.200302,1257.235107,-68.493546,-188.980545,1250.579468,46.404823,82.3209,1317.512451,42.209885,-123.88501,1338.891479,-162.548645,13.116364,1428.225952,-122.513641,89.425117,1253.336548,-214.402664,202.684158,1215.685547,-213.369003,454.542816,1175.927002,-176.078369,478.077576,1266.362549,-195.018936,532.343445,1166.820801,-161.499695,-169.003693,1325.885986,135.264862,-25.069168,1420.770264,150.98555,24.58234,1279.465698,249.842896,172.490387,1207.709717,245.140717,365.943481,1321.205444,98.835503,317.413574,1397.661255,125.998497,421.970306,1364.90332,71.559738,73.018066,1055.897583,-127.772346,-122.411446,1077.024292,-145.726196,-153.603119,1084.277466,124.311188,58.186813,1072.638672,141.672226
2.275,-127.029884,1668.349121,28.132624,-18.614874,1676.020142,31.25997,-84.257057,1610.36853,107.926476,-139.392944,1426.13562,-0.732023,-175.85791,1258.694092,-68.301918,-187.787735,1252.045044,46.727291,84.081383,1318.476318,42.514988,-121.93853,1340.286743,-162.266037,14.900539,1429.403809,-121.783508,91.888466,1255.42749,-214.052246,205.420197,1218.316895,-213.283524,457.640198,1180.346802,-175.726547,480.315735,1271.189697,-194.092453,535.537231,1172.21521,-160.844498,-167.649368,1327.247681,135.519821,-23.83737,1421.874756,150.832336,26.621454,1281.859619,249.849106,175.959641,1211.774536,245.007462,362.09613,1331.503662,94.784241,309.475494,1405.446533,121.118378,414.99939,1378.103149,65.781746,73.248161,1056.063599,-127.495201,-121.972404,1078.500977,-145.836945,-153.284836,1085.90625,124.395226,58.450932,1073.053589,141.681015
2.283,-127.526772,1668.375244,28.768555,-19.1117,1676.805664,31.904264,-84.388954,1610.651245,108.432236,-137.862198,1427.120483,-0.32226,-174.417328,1260.216919,-68.223618,-186.584106,1253.499878,46.768383,85.527122,1318.976562,42.892197,-120.046997,1341.513428,-162.011078,16.709276,1430.536011,-120.912338,94.299011,1257.391724,-213.691986,208.115417,1220.717407,-213.206589,460.65448,1184.697876,-175.283218,482.51709,1275.829468,-193.113327,538.796143,1177.313232,-160.457352,-166.053055,1328.368652,135.895523,-22.368811,1423.122925,150.690903,28.947163,1284.138794,249.852463,179.317398,1215.644043,244.873993,357.940918,1341.354492,90.718796,301.464478,1412.244873,116.161812,407.641968,1390.47998,60.011246,73.442863,1056.108887,-127.271416,-121.538521,1079.736084,-145.701416,-152.835892,1087.30835,124.477859,58.686798,1073.310669,141.697128
2.292,-127.911568,1668.317871,29.33239,-19.621174,1677.504761,32.896542,-84.468117,1610.856812,109.007202,-136.082214,1427.96582,-0.118258,-173.117172,1261.466919,-68.054901,-185.209366,1254.843994,47.099499,86.734489,1319.496216,43.101162,-118.080566,1342.633301,-161.729996,18.44569,1431.5354,-120.160889,96.739922,1259.368408,-213.362091,210.631348,1223.000977,-213.103027,463.513062,1188.839722,-174.826324,484.6315,1280.213501,-192.131073,541.863708,1182.356445,-159.553375,-164.680923,1329.449951,136.171692,-21.150011,1424.242798,150.5242,30.981874,1286.437866,249.746063,182.676575,1219.487427,244.626251,353.287994,1350.446655,86.555779,293.465942,1418.312012,111.662781,399.71582,1401.989868,54.188946,73.601578,1056.078979,-127.072174,-121.141182,1081.003906,-145.623047,-152.594452,1088.771973,124.4506,58.997517,1073.518921,141.705612
2.3,-128.234818,1668.275146,29.905058,-20.00666,1677.972046,33.099106,-84.499886,1610.984253,109.587021,-134.07016,1428.719971,-0.337324,-171.917099,1262.920898,-68.042984,-184.138885,1256.157837,47.123245,88.094803,1319.942627,43.591927,-116.240715,1343.803711,-161.555023,20.203939,1432.435913,-119.44706,99.11792,1261.182495,-212.980225,213.186829,1225.243896,-213.083405,466.376953,1192.748657,-174.595947,486.694794,1284.376343,-191.173935,544.665894,1186.7677,-158.881897,-163.338562,1330.557251,136.516754,-19.775618,1425.132812,150.269852,33.179108,1288.590576,249.78476,185.953644,1223.360962,244.212082,348.364899,1358.984985,82.478859,285.199432,1423.661743,107.317741,391.365234,1412.528809,48.546974,73.729729,1056.00061,-126.914902,-120.753448,1082.15918,-145.53421,-152.309601,1090.048584,124.646301,59.346756,1073.623291,141.695526
2.308,-128.550232,1668.147949,30.532242,-20.378477,1678.480347,33.712967,-84.514999,1611.04541,110.141106,-132.329285,1429.836304,-0.232289,-170.605255,1264.061401,-67.900749,-182.991852,1257.32373,47.384476,89.401611,1320.168335,44.099262,-114.424767,1344.791626,-161.327759,21.848635,1433.327759,-118.654701,101.344749,1262.912964,-212.644867,215.571121,1227.28894,-212.891663,469.149109,1196.368042,-174.34967,488.772186,1288.440918,-190.138351,547.434021,1191.291016,-158.001755,-161.827606,1331.497314,136.799805,-18.471506,1426.062622,150.070663,35.142944,1290.685669,249.808823,188.861252,1227.025513,243.868561,343.039215,1366.711792,78.366333,277.135315,1428.373413,103.261681,382.772736,1422.016724,42.782372,73.847595,1055.880493,-126.774635,-120.468033,1083.249512,-145.432495,-151.857849,1091.273926,124.740715,59.685871,1073.740723,141.651596
2.317,-128.883514,1667.954102,31.124483,-20.85812,1678.856201,34.243641,-84.492241,1611.024048,110.68882,-130.708801,1430.681152,-0.341445,-169.474731,1265.164795,-67.757545,-181.98735,1258.489014,47.453472,90.547348,1320.40686,44.485477,-112.7006,1345.815063,-161.154221,23.56835,1434.00354,-117.877602,103.50724,1264.492554,-212.343994,217.939743,1229.247681,-212.743652,471.783936,1199.79895,-173.969727,490.672455,1292.090454,-189.28624,549.992615,1195.320068,-157.849991,-160.571167,1332.475586,136.992676,-17.460806,1426.916504,149.841278,37.098656,1292.698975,249.79567,191.852951,1230.416748,243.376129,337.618988,1373.776123,74.40802,269.156342,1432.324097,99.526436,373.921326,1430.390503,37.368015,73.922142,1055.676025,-126.655922,-120.193848,1084.112305,-145.115555,-151.600632,1092.430664,124.81707,60.029465,1073.794067,141.618622
2.325,-129.20575,1667.678589,31.934462,-21.181595,1679.206543,34.851181,-84.441719,1610.975586,111.2715,-129.20433,1431.362305,3.1e-05,-168.440979,1266.34082,-67.82135,-180.938385,1259.545288,47.658382,91.721344,1320.618896,44.768921,-111.080933,1346.729004,-160.948685,25.142391,1434.638062,-117.1735,105.596603,1265.937988,-212.05275,220.175049,1231.176636,-212.649857,474.185547,1202.95105,-173.70961,492.535278,1295.366699,-188.457779,552.596252,1199.004395,-156.894745,-159.239716,1333.344238,137.331436,-16.426538,1427.527344,149.62645,38.952198,1294.577026,249.738464,194.713425,1233.698975,242.900787,331.900757,1379.843262,70.331261,261.352875,1435.356689,95.484184,364.869293,1437.790039,31.87599,73.984482,1055.430786,-126.522423,-119.930588,1084.947876,-145.072418,-151.246582,1093.496338,125.129822,60.35685,1073.824829,141.638092
2.333,-129.486954,1667.462036,32.423023,-21.416975,1679.528687,35.463978,-84.375229,1610.890747,111.770622,-127.899185,1432.008545,0.039567,-167.33403,1267.297729,-67.824966,-180.00798,1260.468506,47.729,92.780388,1320.627563,45.086697,-109.488907,1347.512451,-160.796982,26.676319,1435.237671,-116.402893,107.639961,1267.300415,-211.799301,222.250717,1232.897705,-212.611771,476.555023,1205.821533,-173.506378,494.243317,1298.455444,-187.532761,554.895691,1202.296509,-156.307037,-158.03743,1334.078247,137.581406,-15.053451,1428.381104,149.542664,40.672634,1296.352173,249.735229,197.412964,1236.69104,242.199219,326.055328,1385.238892,66.414307,253.566864,1437.816528,91.928482,355.730682,1444.172119,26.628792,74.004837,1055.187866,-126.423386,-119.718185,1085.791626,-144.91095,-150.946991,1094.427124,125.272263,60.665726,1073.809326,141.639603
2.342,-129.671494,1667.223145,33.050823,-21.719889,1679.853882,36.21228,-84.297821,1610.799683,112.350693,-126.417412,1432.990356,-0.241092,-166.456009,1268.122314,-67.484215,-179.050125,1261.265869,47.958641,93.826065,1320.766846,45.749844,-108.037575,1348.328003,-160.61264,28.105677,1435.710571,-115.667114,109.469307,1268.531494,-211.648239,224.347641,1234.578247,-212.573364,478.726227,1208.431763,-173.324753,495.977661,1301.2854,-186.752747,557.011475,1205.51416,-155.443939,-156.982727,1334.725098,137.850388,-14.135466,1428.931396,149.346176,42.348763,1297.93042,249.761169,199.742645,1239.388306,241.422714,320.190918,1389.771484,62.583031,245.875305,1439.475342,88.527634,346.582397,1449.491455,21.518873,74.007034,1054.967529,-126.33461,-119.521614,1086.508057,-144.736908,-150.62912,1095.338379,125.492111,60.93729,1073.761963,141.652466
2.35,-129.8685,1667.003784,33.505165,-21.96533,1679.936157,36.593998,-84.280144,1610.691284,112.791359,-125.36335,1433.570068,-0.04364,-165.637695,1269.080078,-67.460464,-178.322189,1262.18457,48.081959,94.721596,1320.890503,46.15266,-106.643387,1349.070923,-160.430313,29.488394,1436.153931,-115.112617,111.161674,1269.70752,-211.507965,226.297729,1236.068359,-212.479736,480.710236,1210.792114,-172.947968,497.636078,1303.729858,-186.012283,558.869812,1207.990601,-154.94104,-155.863205,1335.41394,138.120728,-13.393429,1429.439087,149.23912,43.89325,1299.448608,249.756882,202.063248,1241.826294,240.72084,314.260895,1393.516846,58.809669,238.469971,1440.004272,85.745667,337.478058,1453.845337,16.50001,74.014183,1054.744873,-126.275826,-119.420959,1087.109863,-144.357773,-150.397797,1096.073242,125.654457,61.21085,1073.711182,141.678177
2.358,-129.985199,1666.805786,34.168396,-22.172148,1680.083984,37.097664,-84.244026,1610.580078,113.234535,-124.491219,1433.980713,0.264471,-164.965652,1269.828125,-67.361061,-177.697144,1262.897217,48.201992,95.558098,1321.021851,46.361561,-105.392387,1349.70874,-160.248428,30.599827,1436.700439,-114.454384,112.759331,1270.796631,-211.423553,228.087585,1237.556641,-212.380157,482.542084,1212.831055,-172.924393,498.986816,1305.890381,-185.172943,560.755493,1210.189819,-154.932495,-155.04834,1336.022583,138.342194,-12.487451,1429.842896,149.105682,45.178333,1300.72937,249.70076,204.444534,1244.218506,242.47467,308.259247,1396.444458,55.091057,231.111893,1439.991821,81.817078,328.391113,1457.069458,11.76154,73.986473,1054.510376,-126.197548,-119.291397,1087.659668,-144.164307,-150.117691,1096.772583,126.009598,61.532269,1073.61731,141.712265
2.367,-130.125519,1666.580811,34.602928,-22.380627,1680.2854,37.896103,-84.207405,1610.450073,113.733124,-123.578438,1434.41394,0.519176,-164.319458,1270.519287,-67.197571,-177.154953,1263.481689,48.440975,96.399628,1321.252686,46.213013,-104.23983,1350.264038,-160.163696,31.818632,1436.861328,-113.653198,114.205811,1271.738892,-211.387283,229.712128,1238.80481,-212.245224,484.216583,1214.623047,-172.841293,500.575012,1307.806274,-184.194122,562.354126,1212.225586,-154.407791,-154.259613,1336.518555,138.549759,-11.749042,1430.097046,148.94696,46.509708,1301.832642,249.735626,205.880234,1245.823975,240.534012,302.409851,1398.545776,51.501148,224.06868,1439.423218,78.550919,319.467041,1459.230713,7.196853,73.968544,1054.293579,-126.102058,-119.238594,1088.17334,-143.992722,-149.847504,1097.325928,126.228378,61.781963,1073.520264,141.729599
2.375,-130.244263,1666.407349,34.966526,-22.529398,1680.380371,38.331501,-84.196686,1610.328979,114.124916,-122.889893,1434.726929,0.608757,-163.797287,1270.990845,-67.336189,-176.618912,1263.979248,48.650093,96.994087,1321.54895,46.328728,-103.299065,1350.764893,-160.026291,32.860146,1437.125854,-113.034058,115.570877,1272.657471,-211.309708,231.204086,1240.057007,-212.279175,485.683777,1216.171509,-172.556839,501.829254,1309.482666,-183.389359,563.78241,1213.805664,-154.062653,-153.643295,1336.831177,138.785995,-11.059982,1430.381226,148.856735,47.571342,1302.779907,249.674179,207.416351,1247.277344,240.062576,296.416809,1399.745483,47.971001,217.171448,1438.18689,75.54493,310.907928,1460.432495,2.787953,73.933372,1054.081909,-126.019745,-119.151466,1088.66748,-143.793716,-149.610565,1097.730347,126.444427,62.001076,1073.436035,141.754211
2.383,-130.308044,1666.259644,35.362114,-22.598284,1680.346802,38.48053,-84.16806,1610.203003,114.484703,-122.356865,1434.937622,0.745167,-163.324646,1271.474243,-67.138588,-176.232483,1264.344604,48.759563,97.270126,1320.924805,44.752922,-102.420288,1351.208496,-159.786942,33.685581,1437.33606,-112.447678,116.668076,1273.399414,-211.221466,232.534637,1241.0625,-212.27449,486.907562,1217.433105,-172.538147,503.03595,1310.894775,-182.659134,564.923584,1215.100098,-153.703842,-153.104416,1337.126587,139.027954,-10.615544,1430.505737,148.70726,48.407196,1303.47583,249.509766,208.515427,1248.213745,238.760849,290.518555,1400.107544,44.586918,210.881165,1436.31665,73.148193,302.415741,1460.545532,-1.478507,73.877815,1053.9021,-125.946358,-119.182037,1088.963501,-143.447464,-149.361923,1098.100952,126.756508,62.215401,1073.339966,141.786926
2.392,-130.31691,1666.113281,35.695965,-22.636976,1680.377441,38.881573,-84.142654,1610.089722,114.812508,-121.892075,1435.090454,0.960151,-163.026108,1271.874634,-67.060631,-175.97612,1264.613159,48.863087,98.083214,1320.088745,44.638668,-101.747902,1351.510254,-159.670563,34.295631,1437.479492,-112.023849,117.742035,1274.097778,-211.187164,233.604401,1241.911621,-212.09491,487.933533,1218.442261,-172.245056,503.862335,1311.954956,-181.760422,565.919922,1216.075195,-153.402588,-152.53746,1337.352905,139.329361,-10.274771,1430.543091,148.630386,49.146149,1304.057495,249.361298,209.746109,1248.965454,238.150909,284.784546,1399.72522,41.315285,204.815735,1433.88269,70.983261,294.21579,1459.618774,-5.693177,73.83844,1053.756836,-125.849617,-119.202057,1089.225952,-143.19873,-149.18428,1098.341675,127.036079,62.421513,1073.258179,141.821915
2.4,-130.297211,1666.007324,35.949364,-22.614357,1680.377441,39.243767,-84.075897,1609.975586,115.151886,-121.563843,1435.280396,1.175756,-162.84848,1272.202759,-67.059036,-175.760452,1264.876221,48.97403,97.605865,1319.081787,46.045357,-101.20726,1351.813232,-159.542175,34.791859,1437.57666,-111.514656,118.474434,1274.646118,-211.061447,234.432693,1242.664673,-212.108078,488.729645,1219.22229,-171.90921,504.644348,1312.753296,-180.952072,566.682312,1216.719482,-153.046646,-152.286819,1337.487549,139.53009,-10.02686,1430.484375,148.628693,49.743107,1304.4104,249.197647,210.375656,1249.281372,237.306046,279.264465,1398.321777,38.139626,199.204025,1431.239136,69.153084,286.523071,1457.911865,-9.796118,73.771118,1053.654297,-125.76741,-119.302376,1089.356934,-142.912216,-149.005951,1098.482544,127.288681,62.598949,1073.205688,141.865692
2.408,-130.280487,1665.915405,36.156166,-22.550192,1680.345337,39.552101,-84.045143,1609.898071,115.395706,-121.333542,1435.387695,1.299899,-162.73468,1272.369385,-67.028381,-175.666336,1264.968994,49.133942,96.262497,1318.130371,48.437912,-100.830566,1351.984253,-159.376709,35.227493,1437.624878,-111.05307,119.024696,1275.096191,-210.966156,235.114761,1243.245972,-211.889984,489.269623,1219.623413,-171.752274,505.183685,1313.242676,-180.171661,567.164978,1217.064697,-152.666626,-152.181305,1337.504639,139.71373,-9.874848,1430.340332,148.681305,50.251923,1304.56958,248.991379,210.811295,1249.260864,236.69519,273.8461,1396.383789,35.161716,193.865433,1428.066162,67.193413,279.081055,1455.118286,-13.780145,73.701126,1053.584106,-125.69812,-119.344551,1089.484009,-142.813263,-148.857269,1098.533936,127.561096,62.756523,1073.164673,141.940674
2.417,-130.107117,1665.886841,36.366825,-22.427057,1680.260742,39.815228,-83.992401,1609.822021,115.624557,-121.261017,1435.396484,1.509261,-163.039948,1272.433716,-67.558495,-175.681198,1264.964111,49.247929,94.599091,1317.082397,51.288929,-100.619347,1352.069458,-159.214722,35.395187,1437.64917,-110.684181,119.377357,1275.465332,-210.854385,235.545639,1243.602417,-211.648636,489.653137,1219.927734,-171.654953,505.596924,1313.518555,-179.487137,567.493408,1217.112549,-152.388031,-152.181076,1337.425415,139.876968,-9.801636,1430.111816,148.761856,50.467972,1304.374634,248.810867,211.038986,1248.909302,236.155518,268.689697,1393.718384,32.25367,188.895203,1424.483398,65.264832,271.988831,1451.465332,-17.674795,73.644119,1053.530396,-125.623528,-119.425194,1089.466064,-142.654129,-148.766708,1098.481812,127.823891,62.895721,1073.18335,142.034134
2.425,-129.966492,1665.844116,36.603722,-22.260073,1680.140015,40.147964,-83.937523,1609.736816,115.849335,-121.340378,1435.31543,1.746126,-163.08963,1272.391235,-67.435379,-175.761337,1264.776489,49.394127,92.886673,1316.046509,54.113728,-100.574005,1352.066772,-159.040283,35.393906,1437.635742,-110.408524,119.562965,1275.710449,-210.652542,235.712585,1243.790283,-211.434128,489.809723,1219.910034,-171.298447,505.758057,1313.428711,-178.819656,567.596558,1216.942383,-152.178574,-152.323135,1337.294922,140.02951,-9.931205,1429.736938,148.870377,50.506599,1303.995239,248.604401,211.00647,1248.119507,235.5952,263.807343,1390.24585,29.505379,184.212112,1420.499146,63.322975,265.482056,1446.78894,-21.269487,73.531754,1053.484985,-125.498009,-119.553497,1089.348755,-142.44223,-148.729874,1098.331055,128.044647,63.009232,1073.237305,142.160233
2.433,-129.727463,1665.873169,36.818958,-22.119085,1680.038696,40.559372,-83.843246,1609.66687,116.043564,-121.552597,1435.180786,1.909,-163.288071,1272.236328,-67.373215,-176.000793,1264.55481,49.425423,97.756111,1319.025269,45.578682,-100.719757,1351.977295,-158.896835,35.214607,1437.598145,-110.174347,119.538368,1275.807495,-210.398315,235.656021,1243.858887,-211.253036,489.732513,1219.663696,-171.023087,505.901886,1313.334717,-178.035538,567.478577,1216.505493,-151.93988,-152.596588,1337.068359,140.169952,-9.999989,1429.247681,149.033051,50.368679,1303.334717,248.506973,210.740845,1246.82312,235.235825,258.902283,1386.017456,26.881914,179.839966,1416.254028,61.58942,259.482361,1441.502441,-24.858662,73.478195,1053.470459,-125.452263,-119.714569,1089.12915,-142.155334,-148.747009,1098.106079,128.272552,63.086727,1073.309814,142.298843
2.442,-129.494904,1665.920044,37.00948,-21.855257,1679.864502,40.73119,-83.725677,1609.592041,116.251152,-121.870537,1435.077515,2.015764,-163.514374,1271.894409,-67.071579,-176.264099,1264.288696,49.59964,97.202805,1318.776367,46.210957,-100.994713,1351.79834,-158.717209,34.889561,1437.500244,-109.988808,119.283333,1275.712524,-210.1483,235.392548,1243.759766,-211.021423,489.428345,1219.23645,-170.824127,505.638885,1312.831787,-177.658356,567.202759,1215.884888,-151.886917,-153.10733,1336.761841,140.30101,-10.526136,1428.853394,149.182343,50.006512,1302.486938,248.405716,210.218445,1245.36084,235.082184,254.577728,1381.072998,24.546062,175.920349,1411.432861,59.809895,254.057144,1435.36853,-28.192612,73.418709,1053.46167,-125.422729,-119.843292,1088.835571,-141.908081,-148.814331,1097.781372,128.532272,63.142807,1073.39502,142.451904
2.45,-129.242554,1665.982666,37.206375,-21.376741,1679.585449,40.868584,-83.614311,1609.517822,116.436363,-122.271652,1434.929077,2.074967,-163.901947,1271.491211,-67.138809,-176.620438,1263.919312,49.712471,96.468422,1318.53125,46.983994,-101.441612,1351.55603,-158.589737,34.45023,1437.364868,-109.874588,118.824791,1275.534912,-209.956726,234.892593,1243.473633,-210.769623,488.837433,1218.561401,-170.460007,505.257843,1312.078857,-177.173355,566.611816,1214.880981,-151.422821,-153.568924,1336.411743,140.442795,-10.406867,1428.145752,149.472305,49.457863,1301.457275,248.209824,209.340088,1243.310181,234.828293,250.413269,1375.594849,22.345001,172.287918,1406.338989,58.077469,248.817322,1428.672852,-31.344183,73.342453,1053.461182,-125.372795,-119.973373,1088.483643,-141.698578,-148.915176,1097.320923,128.7966,63.158401,1073.519653,142.607452
2.458,-128.917603,1666.07959,37.420975,-21.019382,1679.338989,41.063232,-83.486168,1609.433594,116.605812,-122.733055,1434.57312,2.424813,-164.081558,1271.11499,-66.249916,-177.073135,1263.438599,49.828697,95.582291,1318.127808,47.994125,-102.104187,1351.231323,-158.45549,33.784805,1437.295044,-110.001854,118.194794,1275.175171,-209.801636,234.084732,1242.980225,-210.417908,488.045746,1217.477417,-170.050858,504.681061,1311.086426,-176.769821,565.774231,1213.755005,-150.835846,-154.059113,1335.963501,140.525772,-10.659991,1427.268555,149.714203,48.7966,1300.160645,248.224411,208.351089,1241.004883,234.942429,246.553528,1369.656128,20.34498,169.050903,1400.791626,56.405903,244.355667,1421.323608,-34.143547,73.293686,1053.478271,-125.314507,-120.086166,1087.991821,-141.47551,-149.079605,1096.849609,129.046112,63.136608,1073.609131,142.826126
2.467,-128.623703,1666.192749,37.570724,-20.663553,1679.053711,41.304638,-83.35524,1609.338501,116.764786,-123.435776,1434.376709,2.28215,-164.964951,1270.632935,-66.598709,-177.548981,1262.896973,49.873024,94.990524,1317.733032,48.453648,-102.828438,1350.816895,-158.380554,33.068062,1436.830933,-109.989182,117.357994,1274.656372,-209.532455,233.181366,1242.325684,-210.169403,487.09903,1216.331909,-169.596008,503.928589,1309.830688,-176.23027,564.7547,1212.25,-150.610291,-154.652786,1335.324219,140.653748,-11.049628,1426.40271,150.209488,47.978615,1298.753296,248.25267,207.090302,1238.456177,235.165283,242.922684,1363.080078,18.635542,166.106613,1395.196167,54.969296,240.271881,1413.401367,-36.791065,73.232735,1053.474609,-125.244545,-120.227768,1087.440186,-141.313171,-149.252579,1096.174683,129.214417,63.064178,1073.721191,143.038864
2.475,-128.37085,1666.265503,37.633228,-20.352091,1678.828979,41.719852,-83.231133,1609.256348,116.907242,-124.272041,1433.94873,2.610519,-165.63205,1270.037842,-66.988022,-178.127655,1262.074707,49.920242,94.295776,1317.374878,48.601208,-103.674118,1350.252808,-158.343063,32.114494,1436.513306,-110.010956,116.366951,1274.046631,-209.322159,232.108231,1241.468384,-209.804092,485.884491,1214.973022,-169.384003,502.89566,1308.468262,-175.876663,563.604065,1210.80542,-149.9216,-155.237671,1334.696411,140.678741,-11.41362,1425.52771,150.743439,47.023354,1297.12793,248.321915,205.386688,1235.526001,235.357635,239.801727,1356.115845,17.020052,163.445831,1389.217163,53.406693,236.701752,1405.162354,-39.454647,73.163239,1053.472778,-125.122231,-120.382683,1086.743164,-141.136505,-149.478897,1095.430054,129.376785,62.929562,1073.802246,143.266418
2.483,-127.982841,1666.341431,37.818508,-19.95668,1678.352905,41.548393,-83.104256,1609.143433,117.065338,-125.135468,1433.275391,2.541226,-166.311111,1269.303833,-66.848419,-178.835983,1261.271118,49.87566,93.460922,1317.121948,48.55574,-104.769547,1349.639404,-158.297668,31.131329,1436.054321,-110.104744,115.154655,1273.210327,-209.187988,230.731598,1240.455444,-209.511902,484.517487,1213.290894,-169.095383,501.974396,1306.744507,-175.583832,562.181274,1208.881348,-149.856323,-155.927475,1334.067749,140.662064,-11.797911,1424.621826,151.458817,45.933037,1295.39978,248.417191,203.610153,1232.250732,235.913422,236.884827,1348.750366,15.449297,161.262512,1382.99646,51.989391,233.563156,1396.388794,-41.95153,73.117279,1053.470215,-124.985687,-120.600067,1085.999634,-140.990143,-149.73436,1094.704346,129.540039,62.748699,1073.849854,143.490692
2.492,-127.579468,1666.372314,38.083271,-19.617498,1677.959717,41.647194,-82.97628,1608.986084,117.221748,-126.154411,1432.776123,2.578003,-166.678238,1268.425171,-65.905121,-179.583801,1260.506348,49.955467,92.650887,1316.763062,48.881557,-105.855911,1349.047363,-158.231995,29.984203,1435.511841,-110.306213,113.8601,1272.316895,-208.952408,229.299881,1239.310059,-209.185211,482.969269,1211.458984,-168.646133,500.529755,1304.83252,-175.367142,560.502197,1206.885864,-149.473938,-156.919739,1333.324585,140.642792,-12.423173,1423.59436,152.259445,44.590134,1293.422729,248.506989,201.559479,1228.77832,236.477142,234.261749,1341.022339,14.089503,159.322296,1376.72644,50.559944,230.631104,1387.204102,-44.294872,73.053864,1053.456543,-124.826332,-120.788399,1085.211182,-140.905823,-150.035904,1093.850464,129.659882,62.552216,1073.843628,143.768768
2.5,-127.244484,1666.287354,38.376728,-19.227386,1677.560425,41.79636,-82.837334,1608.789185,117.366257,-127.23494,1432.197388,2.615398,-167.617844,1267.546021,-65.749512,-180.46788,1259.607666,50.040688,91.74102,1316.350098,49.133469,-107.113426,1348.233154,-158.127701,28.696827,1434.866333,-110.454506,112.313599,1271.168579,-208.773804,227.710297,1237.966553,-208.86351,481.299835,1209.542969,-168.378235,499.342987,1302.787842,-175.171982,558.789734,1204.706543,-149.009903,-157.777847,1332.433594,140.721207,-13.105825,1422.582642,152.888809,43.149296,1291.425659,248.736694,199.216873,1225.164917,237.157654,231.821243,1333.053223,12.779414,157.829514,1370.256836,48.889046,228.182877,1377.901001,-46.538815,72.986626,1053.428589,-124.604942,-121.058281,1084.340942,-140.717361,-150.309967,1092.827393,129.771332,62.333023,1073.851807,144.021301
2.508,-126.967056,1666.156738,38.514046,-18.937517,1677.058838,41.989788,-82.687996,1608.526733,117.543022,-128.35611,1431.45813,2.680999,-168.600067,1266.571533,-65.905502,-181.383179,1258.440796,50.037071,91.072075,1316.278564,49.264191,-108.478897,1347.347168,-158.126282,27.320705,1434.175293,-110.649529,110.67469,1269.990723,-208.638535,225.924286,1236.619263,-208.62619,479.505249,1207.401855,-168.346161,497.794495,1300.564331,-174.998169,557.006958,1202.28186,-149.072067,-158.709015,1331.471558,140.614044,-14.111566,1421.449097,153.538956,41.479858,1289.364258,248.929398,196.632111,1221.450684,237.788345,229.448654,1324.86438,11.605228,156.372345,1363.719971,47.136448,225.313797,1367.645508,-48.45232,72.921814,1053.348511,-124.395683,-121.302582,1083.21106,-140.694229,-150.615967,1091.850342,129.837189,62.056683,1073.872437,144.289963
2.517,-126.68042,1665.910645,38.75856,-18.541058,1676.351685,41.982529,-82.587692,1608.185791,117.704437,-129.618683,1430.8479,2.717236,-169.483368,1265.259644,-65.767761,-182.267471,1257.420288,50.086086,90.995926,1316.861572,52.550594,-109.86628,1346.362061,-158.062729,25.956779,1433.355103,-110.785637,108.966873,1268.728882,-208.48497,224.176895,1235.009033,-208.383804,477.587463,1205.077026,-168.337646,496.25061,1298.236816,-174.597458,555.140686,1199.53125,-149.13797,-159.775726,1330.44043,140.581879,-14.918312,1420.358276,154.188278,39.830025,1287.14856,249.231232,194.080765,1217.64978,238.69104,227.093826,1316.520386,10.581326,154.433884,1356.76062,46.082054,222.929626,1357.501953,-50.280304,72.855965,1053.250244,-124.191902,-121.548866,1082.121338,-140.662415,-151.038055,1090.718262,129.874435,61.790184,1073.804932,144.634109
2.525,-126.502022,1665.494385,38.94725,-18.27762,1675.541504,42.005032,-82.47036,1607.690063,117.870949,-130.896683,1430.015747,2.782014,-170.550125,1264.08728,-65.744499,-183.324402,1256.088379,50.081696,89.221848,1315.586548,49.719872,-111.362465,1345.339478,-158.026535,24.521223,1432.253662,-110.953842,107.255745,1267.24353,-208.461761,222.242416,1233.415283,-208.328674,475.502136,1202.562744,-168.120834,494.617981,1295.741577,-174.497192,552.931641,1196.820557,-148.821335,-160.956985,1329.352295,140.559219,-15.874804,1419.01355,154.836014,37.868202,1284.939941,249.56308,191.139511,1213.627197,239.617767,224.854095,1307.991455,9.777918,152.576782,1350.031494,44.956547,220.496033,1347.205566,-51.882866,72.778069,1053.11377,-123.970947,-121.842194,1080.903076,-140.409103,-151.380188,1089.50061,129.996063,61.514515,1073.697266,144.896667
2.533,-126.318451,1664.922241,39.178658,-18.031443,1674.824341,42.059502,-82.255707,1607.049561,118.056007,-132.379547,1428.9729,3.318644,-171.625137,1262.694702,-65.639282,-184.374252,1254.703979,50.122051,87.969536,1314.362183,49.306007,-112.906975,1344.180298,-158.086273,23.094755,1430.870117,-111.209274,105.432495,1265.494873,-208.389191,220.25946,1231.608521,-208.284302,473.444946,1200.005981,-168.129257,492.861145,1293.125366,-174.251373,550.701599,1193.953979,-148.584732,-162.124054,1328.134277,140.406357,-17.022898,1417.747925,155.355881,36.023685,1282.739624,249.977951,188.060684,1209.596924,240.716583,222.493439,1299.269775,9.392467,150.99617,1342.890015,43.419125,218.085861,1336.90625,-53.272968,72.657692,1052.919189,-123.737778,-122.083351,1079.663452,-140.402542,-151.796829,1088.153564,129.98912,61.27137,1073.540039,145.182755
2.542,-126.170906,1664.255737,39.401691,-17.834875,1673.882446,42.091103,-82.049324,1606.22998,118.266167,-134.048004,1427.877441,4.124422,-172.867065,1261.319214,-65.630745,-185.413116,1253.31543,50.123043,86.90052,1313.743652,49.408585,-114.566307,1342.877075,-157.866425,21.506626,1429.537109,-111.766045,103.359535,1263.507812,-208.309174,218.21434,1229.619751,-208.307587,471.229645,1197.357056,-168.382217,490.995819,1290.371704,-174.188293,548.444153,1190.887817,-148.863358,-163.333389,1326.729004,140.446869,-18.294178,1416.385742,155.878235,33.929466,1280.511841,250.488693,184.905487,1205.554321,241.851227,219.907394,1290.908325,9.02935,149.309204,1335.832764,42.185768,215.474106,1327.283203,-54.683002,72.529358,1052.716431,-123.579552,-122.361961,1078.22168,-140.314285,-152.20137,1086.669678,130.008224,61.010349,1073.290894,145.55545
2.55,-125.978691,1663.467773,39.650143,-17.719419,1672.728394,42.159893,-81.955696,1605.359375,118.412498,-135.419373,1426.999146,3.225382,-174.137299,1259.654297,-65.533936,-186.644775,1251.747803,50.148678,85.689095,1312.878906,49.473846,-116.35215,1341.349731,-157.827988,19.971128,1428.235962,-112.366562,101.273483,1261.385132,-208.297546,215.987411,1227.161133,-208.203934,469.05954,1194.603394,-168.596863,488.987335,1287.549561,-174.189758,546.112,1187.714722,-148.966675,-164.757919,1325.415405,140.296616,-19.728701,1415.08667,156.339767,31.82822,1278.39917,251.100845,181.490234,1201.361572,243.050049,216.733643,1282.390137,8.578244,148.063019,1329.98291,41.784023,214.069229,1319.290405,-55.665863,72.402954,1052.44397,-123.474136,-122.687767,1076.710938,-140.295792,-152.641251,1085.172607,130.14328,60.744003,1073.043457,145.897263
2.558,-125.912773,1662.429321,39.972164,-17.6012,1671.685059,42.190041,-81.85244,1604.350952,118.610825,-137.048553,1425.669067,3.42124,-175.39119,1257.98291,-65.394081,-187.870575,1250.137207,50.199589,84.544571,1311.805908,49.458313,-118.046272,1339.769653,-157.790268,18.379221,1426.731812,-113.024719,99.210426,1259.220947,-208.296463,213.8396,1224.688477,-208.352585,466.639496,1191.589844,-168.719772,487.134888,1284.42041,-174.341309,543.813232,1184.320312,-149.349701,-166.129578,1324.049438,140.101685,-20.953442,1413.667114,156.825897,29.519897,1276.196655,251.73056,177.87944,1197.186768,243.904282,213.921036,1274.909546,8.41129,147.533081,1325.632202,41.526402,213.072601,1312.524292,-56.116718,72.29319,1052.131592,-123.395592,-123.059448,1075.108765,-140.034286,-153.073044,1083.484131,130.189911,60.4328,1072.744141,146.234329
2.567,-125.864922,1661.391602,40.194645,-17.560522,1670.512329,42.327255,-81.640205,1603.172974,118.831444,-138.924744,1424.386108,4.382415,-176.778839,1256.140503,-65.315834,-189.048172,1248.353027,50.182266,83.107452,1310.767334,49.396408,-119.816879,1338.142334,-157.856644,16.818655,1425.097778,-113.238083,97.018867,1257.125977,-208.462158,211.594696,1222.075195,-208.483231,464.288391,1188.441284,-168.974884,484.976044,1281.214966,-174.398315,541.252197,1181.132568,-149.105896,-167.41951,1322.586548,139.952118,-22.531084,1412.277588,157.191437,27.187954,1273.951782,252.454849,174.151489,1192.797241,244.522797,211.604874,1268.752075,8.509883,147.031799,1322.126221,41.337177,211.087341,1306.106445,-56.110973,72.1661,1051.735107,-123.301697,-123.353958,1073.443726,-140.078735,-153.45105,1081.647095,130.263199,60.04908,1072.334595,146.610825
2.575,-125.815735,1660.319336,40.453213,-17.575878,1669.203491,42.39296,-81.525154,1602.011353,118.982506,-140.75116,1422.773682,4.941464,-178.048264,1254.449951,-65.202744,-190.159912,1246.513428,50.324955,81.63401,1309.653076,49.303547,-121.534935,1336.494507,-157.854385,15.18669,1423.567139,-113.389282,94.970978,1255.172974,-208.578659,209.210419,1219.529419,-208.617142,461.902344,1185.062988,-169.434525,482.831909,1277.802734,-174.632431,538.839417,1177.530151,-149.447006,-169.049377,1321.133911,139.732697,-24.005453,1410.946289,157.647629,24.692455,1271.649048,253.081619,170.386871,1188.417114,244.894791,209.024277,1263.605957,8.637762,146.409882,1317.964966,41.974121,208.617477,1300.241943,-56.101257,71.989502,1051.310059,-123.2239,-123.811882,1071.556152,-139.90239,-153.892731,1079.820435,130.240463,59.773697,1071.838623,146.982193
2.583,-125.77327,1659.077515,40.680443,-17.518711,1668.074585,42.512886,-81.523087,1600.808838,119.100922,-142.29126,1421.322998,4.963271,-179.293045,1252.547485,-65.0886,-191.459152,1244.807617,50.205269,80.20089,1308.458496,49.243229,-123.169678,1334.788574,-157.954697,13.699313,1421.962769,-113.357689,92.852386,1252.797852,-208.681854,206.976349,1216.967896,-208.973602,459.462769,1181.628662,-169.707809,480.74472,1274.348511,-174.910431,536.44104,1173.75354,-149.944321,-170.423782,1319.584229,139.505859,-25.533115,1409.459229,158.025787,22.150593,1269.25,253.714676,166.677094,1183.940918,244.879288,206.54541,1259.264648,9.018082,145.350204,1315.233643,42.365082,206.496658,1295.707275,-55.79385,71.815392,1050.797729,-123.164673,-124.278664,1069.678467,-139.85936,-154.261017,1077.8125,130.358429,59.49654,1071.205078,147.331467
2.592,-125.766113,1657.983032,40.820957,-17.442225,1666.705933,42.694096,-81.420265,1599.521851,119.252045,-143.84761,1419.917358,4.893091,-180.69519,1250.844604,-65.089485,-192.660339,1242.926147,50.277161,78.62159,1307.209717,49.127979,-124.785057,1333.155029,-157.937363,12.117502,1420.457886,-113.308983,90.709236,1250.261597,-208.962448,204.83139,1214.661621,-209.355621,457.024261,1178.056274,-170.273087,478.761108,1270.674438,-175.25383,534.057251,1170.137207,-150.007751,-172.078827,1318.077393,139.342026,-27.05125,1407.793091,158.357925,19.709652,1266.795166,254.25798,163.181381,1179.719116,244.772873,204.358597,1255.673218,9.247437,143.411346,1312.606079,44.565376,204.631134,1292.610596,-55.372566,71.643356,1050.253052,-123.146408,-124.703125,1067.655518,-139.761795,-154.566635,1075.884033,130.443268,59.117939,1070.373657,147.608109
2.6,-125.736031,1656.867676,40.952927,-17.356806,1665.565796,42.850277,-81.467468,1598.477295,119.369255,-145.313904,1418.497559,5.241374,-181.848404,1248.924316,-64.990723,-193.833374,1241.13147,50.095867,77.066254,1305.950195,48.996944,-126.290588,1331.548706,-157.952316,10.713164,1418.920166,-113.249321,88.984566,1248.589844,-209.73793,202.761429,1212.555542,-209.773514,454.714874,1174.481567,-170.74028,476.782898,1267.074341,-175.458389,531.822388,1166.107788,-150.664215,-173.50058,1316.407715,139.142288,-28.578777,1406.222168,158.774384,17.358974,1264.199341,254.443176,159.964127,1175.805908,244.537231,202.141907,1252.780273,9.534568,140.535889,1309.098755,44.878086,203.010101,1290.691528,-54.639095,71.432259,1049.645386,-123.137688,-125.136612,1065.60498,-139.627502,-154.987869,1073.932983,130.519836,58.848911,1069.596558,147.812469
2.608,-125.697289,1655.787842,41.059631,-17.3703,1664.215698,42.792843,-81.554581,1597.292725,119.414619,-146.710297,1417.034912,5.532156,-182.929337,1247.073486,-64.932411,-194.901398,1239.246094,50.197201,75.705566,1304.594727,48.985374,-127.743347,1329.907959,-157.842789,9.254155,1417.545044,-113.152657,87.415207,1247.265747,-210.037796,200.721283,1210.442749,-210.211594,452.48349,1171.018555,-171.135193,475.050659,1263.51001,-175.699509,529.609619,1162.11853,-151.364639,-175.017532,1314.647827,139.053726,-30.286243,1404.59082,159.308426,15.033324,1261.531006,254.478012,157.183075,1172.424194,244.298813,199.83403,1250.627808,10.096105,137.242828,1304.794067,43.964401,200.949997,1289.346802,-53.875713,71.183769,1049.012695,-123.167992,-125.637932,1063.560669,-139.518082,-155.226486,1072.02002,130.597595,58.567799,1068.852783,148.022293
2.617,-125.690254,1654.830078,41.104645,-17.338579,1662.991211,42.905956,-81.616219,1596.233154,119.556084,-148.126465,1415.621826,5.457905,-184.097198,1245.34436,-64.938538,-196.065018,1237.408203,50.013744,74.237244,1303.239258,49.008743,-129.072632,1328.369873,-157.728592,7.807524,1416.173828,-113.188614,85.782913,1245.842041,-209.843796,198.875961,1208.457153,-210.705322,450.455566,1167.735474,-171.711899,473.560822,1260.021729,-175.722717,527.561157,1158.241821,-151.975082,-176.662537,1312.931885,138.863434,-31.712637,1402.921265,159.835464,13.014899,1258.909912,254.205322,154.773697,1169.62146,244.120285,197.480408,1249.036743,10.502905,133.727493,1301.853394,45.224194,199.019226,1288.532959,-53.257545,70.924759,1048.312134,-123.233009,-126.006706,1061.419434,-139.410965,-155.61528,1070.139648,130.673752,58.2817,1067.99646,148.378052
2.625,-125.687508,1653.990234,41.173832,-17.324501,1661.795044,42.842945,-81.802628,1595.340332,119.642586,-149.463135,1414.419189,5.617042,-185.213196,1243.509888,-64.856392,-196.876694,1235.497803,50.090572,72.677139,1302.011597,49.117035,-130.416901,1326.879639,-157.604172,6.440099,1414.989502,-113.074661,84.359573,1244.536011,-209.387451,197.182709,1206.664673,-211.209381,448.581879,1164.599487,-172.580276,472.272064,1256.796387,-175.773209,525.577393,1154.404663,-152.766876,-178.069214,1311.049561,138.818741,-33.57613,1401.371704,160.404785,11.06163,1256.330688,253.616776,152.875336,1167.356934,244.097733,195.091324,1247.678589,10.840246,130.068665,1299.48877,45.44709,196.537155,1287.691772,-52.637627,70.659096,1047.607666,-123.308144,-126.419754,1059.401367,-139.307892,-155.778198,1068.20874,130.668457,58.014,1067.178833,148.706543
2.633,-125.71843,1653.154175,41.251415,-17.335545,1660.640015,42.921589,-82.047501,1594.43396,119.690071,-150.683594,1413.30249,5.592495,-186.187592,1241.889404,-64.851692,-197.727524,1233.515137,49.951214,71.365257,1300.602783,49.204338,-131.526031,1325.392334,-157.375137,5.272893,1413.842285,-113.100769,83.101128,1243.216309,-209.074982,195.664291,1205.198242,-211.603195,447.096832,1161.767944,-173.413025,471.278381,1253.925049,-175.630936,523.942566,1150.785278,-154.148575,-179.689346,1309.320679,138.615555,-35.165073,1399.94751,160.916107,9.330081,1254.119385,252.969559,151.251923,1165.743042,244.085403,192.72258,1246.487671,11.09107,126.869408,1297.400391,45.603294,194.113098,1286.751709,-52.264435,70.870453,1047.429688,-124.978004,-126.767891,1057.592896,-139.299149,-156.126816,1066.497314,130.64772,57.877987,1066.510986,149.060287
2.642,-125.72995,1652.456421,41.254921,-17.305094,1659.586792,42.986515,-82.305283,1593.59375,119.815529,-151.922211,1412.097778,5.566924,-187.050827,1240.265991,-64.712578,-198.489197,1231.767334,49.907356,69.862518,1299.384766,49.239651,-132.525681,1324.040527,-157.236389,3.995636,1412.921631,-113.075912,82.047302,1242.010864,-208.707809,194.578094,1204.243042,-211.924393,445.56546,1159.469604,-174.471802,470.463165,1251.595825,-175.651276,522.173828,1147.885254,-154.799271,-181.060699,1307.526367,138.383972,-37.167221,1398.72644,161.559875,7.696231,1252.183472,252.323959,150.000824,1164.761108,244.285416,190.438263,1245.559448,11.303327,124.316986,1295.998779,45.667221,191.974747,1285.996826,-51.937935,70.642113,1046.733398,-124.941299,-127.048508,1055.736572,-139.182556,-156.221542,1064.734985,130.595581,57.697716,1065.821777,149.491867
2.65,-125.802177,1651.905518,41.18153,-17.342493,1658.741821,43.014099,-82.546432,1593.002808,119.900421,-153.075058,1411.156494,5.087876,-187.868851,1238.847046,-64.735207,-199.140228,1230.017334,49.91254,68.440041,1298.330444,49.322651,-133.432205,1322.872681,-157.05249,2.979515,1412.239868,-112.982544,81.023376,1241.002686,-208.506088,193.646088,1203.513672,-211.994293,444.412964,1157.685669,-175.515152,469.900513,1249.76001,-175.607605,520.859009,1145.305786,-156.089569,-182.326096,1305.938232,138.222519,-38.859505,1397.80127,162.05629,6.358346,1250.683105,251.840775,149.095505,1164.355957,244.712158,188.692505,1244.900635,11.5732,122.282021,1295.070923,45.813343,190.191025,1285.553223,-51.553352,70.50383,1046.063965,-125.179413,-127.281067,1054.246582,-139.17305,-156.395081,1063.28894,130.579132,57.651585,1065.137573,149.831711
2.658,-125.895309,1651.503174,41.18811,-17.401121,1657.977905,43.010403,-82.824951,1592.545532,119.976601,-154.127792,1410.263184,4.786877,-188.577957,1237.600708,-64.753586,-199.737839,1228.535522,49.68359,67.206284,1297.431885,49.333317,-134.145203,1321.819336,-156.882767,2.081609,1411.573364,-112.999771,80.373863,1240.273315,-208.381348,193.06044,1203.240601,-212.131607,443.618347,1156.663086,-176.316147,469.600311,1248.681152,-175.61084,519.716492,1143.50354,-157.271912,-183.601898,1304.397217,137.847122,-40.635231,1397.092529,162.469849,5.303536,1249.774536,251.558121,148.483902,1164.361328,245.136368,187.454544,1244.698486,11.891051,120.740128,1294.643677,45.948879,189.048859,1285.563965,-51.097698,70.313637,1045.441772,-125.19294,-127.361534,1052.910889,-139.164581,-156.543503,1061.896851,130.623459,57.622391,1064.488647,150.187958
2.667,-126.027985,1651.220459,41.146439,-17.551964,1657.262817,43.053795,-83.247826,1592.213745,119.97654,-155.036972,1409.390503,4.856378,-189.281219,1236.528198,-64.682243,-200.276428,1227.304565,49.617855,65.976692,1296.589844,49.271049,-134.715439,1321.022583,-156.856064,1.301445,1411.130249,-112.982231,79.967674,1239.824341,-208.234192,192.692413,1203.228882,-212.281967,443.024292,1156.512329,-177.12793,469.462646,1248.32605,-175.766541,518.757263,1142.571899,-158.428864,-184.589798,1303.269531,137.710617,-42.180809,1396.631714,162.686249,4.14171,1249.41626,251.41748,148.060089,1164.774292,245.693115,186.776566,1244.92749,12.333369,119.644089,1294.499756,46.140083,188.485336,1285.972778,-50.689594,70.184608,1044.973145,-125.315804,-127.448051,1051.887939,-139.17981,-156.648849,1060.644897,130.557999,57.594299,1063.763062,150.488373
2.675,-126.221733,1651.063354,41.139156,-17.738514,1656.854004,43.026863,-83.632179,1592.019775,120.036659,-155.76799,1408.895386,4.615974,-189.804794,1235.782349,-64.870193,-200.717957,1226.371826,49.510334,64.939507,1295.939697,49.245583,-135.148102,1320.387695,-156.86496,0.682981,1410.844238,-112.942146,79.802849,1239.711182,-208.214935,192.558304,1203.487305,-212.402634,442.91571,1156.821045,-178.407227,469.521515,1248.793823,-175.993423,518.294617,1142.568604,-159.46106,-185.37114,1302.313965,137.464172,-43.285557,1396.450806,162.733459,3.499604,1249.605957,251.517899,147.827972,1165.565674,246.291382,186.584778,1245.422607,12.677114,119.084915,1294.687866,46.329117,188.38266,1286.69104,-50.38467,70.155304,1044.702148,-125.323341,-127.458778,1051.270264,-139.23082,-156.678604,1059.770874,130.568329,57.686535,1063.242065,150.67186
2.683,-126.51503,1651.040039,41.103748,-17.99601,1656.656494,42.984848,-84.00663,1591.999512,120.10218,-156.411621,1408.540649,4.2912,-190.142868,1235.285767,-64.885292,-201.052673,1225.716797,49.451202,63.962952,1295.444946,49.159164,-135.38501,1320.0177,-156.857849,0.229133,1410.811523,-112.88121,79.913658,1239.99939,-208.376495,192.735229,1204.053833,-212.475784,442.945892,1158.129272,-179.006943,469.657898,1250.006836,-176.233109,518.179871,1143.59668,-160.336914,-185.905411,1301.792236,137.370743,-44.396374,1396.536621,162.559265,3.158995,1250.233765,251.865295,147.820969,1166.753052,246.905701,186.808258,1246.188354,13.045989,118.891594,1295.149902,46.505867,188.58078,1287.480225,-50.215752,70.229698,1044.624268,-125.388298,-127.313347,1050.954224,-139.272003,-156.714951,1059.179688,130.604294,57.763615,1062.786133,150.830368
2.692,-126.812813,1651.155029,41.124859,-18.286369,1656.692383,42.983067,-84.351616,1592.134155,120.159538,-156.939087,1408.444824,4.071622,-190.32724,1235.112061,-64.952721,-201.2771,1225.542725,49.401047,63.238792,1295.23645,49.140106,-135.495911,1319.873779,-156.849365,-0.104784,1411.0177,-112.803802,80.207069,1240.57251,-208.494705,193.119659,1205.250244,-212.642136,443.225647,1160.095581,-179.499329,469.908264,1252.204224,-176.483887,518.557312,1145.689575,-161.016785,-186.473068,1301.610107,137.294876,-45.23634,1396.834839,162.224243,2.966094,1251.417236,252.310638,148.020966,1168.501099,247.552231,187.305634,1247.185181,13.324611,119.170403,1296.013062,46.592743,188.946014,1288.39624,-50.074062,70.408882,1044.716553,-125.33522,-127.143456,1050.943726,-139.261139,-156.753906,1058.867188,130.633759,57.798988,1062.424194,150.946884
2.7,-127.16246,1651.43689,41.16827,-18.663929,1656.937622,42.985607,-84.678261,1592.450684,120.171249,-157.346878,1408.518188,3.811869,-190.422058,1235.175171,-65.010368,-201.366089,1225.64978,49.381111,62.857738,1295.387329,49.197205,-135.437469,1319.988892,-156.909897,-0.392339,1411.521118,-112.688576,80.657402,1241.480835,-208.430222,193.83844,1206.729736,-212.563873,444.008179,1163.131958,-178.655685,470.321259,1255.297607,-176.683807,519.379578,1148.915771,-161.288635,-186.72496,1301.787964,137.278656,-45.646748,1397.447632,161.921234,3.054933,1252.934692,252.835922,148.38002,1170.48291,248.270554,187.914352,1248.269653,13.511927,119.710213,1297.138916,46.722725,189.283081,1289.209351,-50.047173,70.646217,1044.994629,-125.265778,-126.983864,1051.253662,-139.189758,-156.76149,1058.906982,130.706161,57.810497,1062.326416,150.999786
2.708,-127.582161,1651.922119,41.249004,-19.048889,1657.492798,43.023197,-85.021759,1592.959839,120.262505,-157.507599,1408.829468,3.689306,-190.413925,1235.465454,-65.041153,-201.338425,1226.072021,49.348118,62.560066,1295.932983,49.196751,-135.266479,1320.333984,-156.945511,-0.568581,1412.192505,-112.518608,81.317642,1242.852539,-208.352692,194.624283,1208.690796,-212.49231,444.990295,1166.877808,-178.445801,470.858826,1259.208984,-176.818466,520.82019,1153.156494,-161.73114,-186.771835,1302.309204,137.304565,-45.764645,1398.333618,161.494598,3.191267,1254.61499,253.480942,149.018692,1172.788696,248.912064,188.55722,1249.397583,13.616041,120.622169,1298.711426,46.794544,189.677429,1289.999878,-50.304401,70.975067,1045.483765,-125.124855,-126.693352,1051.970581,-139.173218,-156.725235,1059.287354,130.787369,57.799355,1062.438232,150.986069
2.717,-128.004379,1652.50769,41.311768,-19.343035,1658.220093,43.021332,-85.382004,1593.580078,120.267586,-157.445236,1409.429443,3.685175,-190.271133,1236.071411,-65.072495,-201.118866,1226.832397,49.416992,62.511101,1296.88208,49.233376,-134.959503,1320.942993,-156.914062,-0.64395,1412.986084,-112.342163,82.102394,1244.473145,-208.139938,195.682327,1211.07251,-212.473022,446.520172,1171.486694,-177.809158,471.442383,1264.013794,-176.855103,522.493958,1158.597534,-161.30838,-186.645599,1303.22229,137.306641,-45.815811,1399.459473,161.196167,3.47578,1256.662598,253.984863,149.758774,1175.484497,249.629913,189.195786,1250.698486,13.688498,121.762077,1300.690063,46.744949,190.243866,1291.004639,-50.642803,71.374588,1046.130859,-124.943741,-126.420883,1052.976562,-139.186798,-156.658432,1059.919556,130.83876,57.76078,1062.803101,150.923859
2.725,-128.404099,1653.376221,41.363007,-19.721035,1659.125,43.006844,-85.763374,1594.402344,120.257217,-157.370331,1410.136963,3.565949,-190.017792,1236.918823,-65.027046,-200.859222,1227.84668,49.477146,62.875481,1297.953979,49.288296,-134.569412,1321.668823,-156.786957,-0.616695,1414.074463,-112.086014,83.039459,1246.523804,-207.801605,196.914963,1213.884521,-212.38504,448.538208,1176.820923,-177.358292,472.131012,1269.719971,-176.749451,524.628235,1164.952881,-161.113235,-186.283997,1304.209961,137.459427,-45.75415,1400.690552,160.82193,4.02747,1258.943237,254.583679,150.781738,1178.278931,250.223755,189.890594,1252.097168,13.657569,123.027817,1302.824585,46.785122,190.764542,1292.055786,-50.783295,71.788696,1047.013672,-124.716125,-126.047981,1054.254761,-139.034164,-156.546295,1060.902222,131.057892,57.704296,1063.305786,150.894669
2.733,-128.787201,1654.358765,41.270966,-20.187166,1660.209595,43.172569,-86.152466,1595.462646,120.189651,-156.933197,1411.065308,3.63162,-189.635651,1238.081421,-65.06237,-200.518539,1229.114014,49.539288,63.305885,1299.19751,49.34602,-134.069351,1322.671875,-156.810242,-0.498987,1415.324341,-111.821518,84.036606,1248.78125,-207.554352,198.401566,1217.144653,-212.368225,450.527527,1183.09436,-176.373276,472.977264,1276.281982,-176.358261,527.151306,1172.429077,-160.528534,-185.695175,1305.408081,137.639725,-45.357552,1402.258911,160.420975,4.729702,1261.287354,255.057449,151.876312,1181.247925,250.843643,190.736893,1253.731567,13.554442,124.142197,1304.954956,46.794353,191.473007,1293.545898,-51.154472,72.16922,1048.031006,-124.3843,-125.670982,1055.666382,-139.006302,-156.287384,1062.175293,131.093292,57.661427,1063.904663,150.891602
2.742,-129.168686,1655.339478,41.162846,-20.698555,1661.442261,42.921261,-86.54998,1596.545776,120.156349,-156.522781,1412.0802,3.795374,-189.12265,1239.243774,-64.806458,-199.903244,1230.461792,49.820057,63.876949,1300.859009,49.507324,-133.47496,1323.760498,-156.716431,-0.265464,1416.741089,-111.478912,85.279335,1251.423706,-207.313828,200.085724,1220.675049,-212.319412,452.922882,1190.106201,-175.294022,473.879425,1283.60144,-175.81221,530.014954,1180.707031,-159.739059,-185.046234,1306.945679,137.747574,-44.931087,1403.888062,160.094803,5.75468,1263.860718,255.491821,153.171829,1184.289551,251.222733,191.873428,1255.761475,13.586168,125.495392,1306.431396,45.173969,192.354065,1295.494385,-51.2616,72.638229,1049.131714,-124.020912,-125.241058,1057.412231,-138.889664,-155.950211,1063.607056,131.198547,57.769501,1064.771851,150.821503
2.75,-129.624481,1656.414185,41.096359,-21.122665,1662.86084,42.871281,-86.765579,1597.703247,119.971771,-155.89653,1413.319946,4.011336,-188.473038,1240.562012,-64.70533,-199.311096,1232.088013,49.999966,64.520561,1302.574463,49.602905,-132.76413,1325.15564,-156.540054,-0.048047,1418.340088,-111.127052,86.628265,1254.319946,-207.102417,202.007385,1224.672119,-212.42189,455.528961,1197.969604,-174.119186,474.805847,1291.605103,-175.074631,533.00708,1189.752563,-158.850113,-184.257797,1308.42749,137.977768,-44.320526,1405.801147,159.702286,6.928043,1266.542847,255.739212,154.694,1187.553101,251.731033,193.089401,1258.134888,13.617805,126.656128,1309.016968,46.620083,193.285889,1297.877075,-51.452366,72.974701,1050.208008,-123.716743,-124.791084,1059.172363,-138.818832,-155.554886,1065.257324,131.339203,57.835354,1065.642822,150.794113
2.758,-130.054276,1657.579224,40.868065,-21.598507,1664.275146,42.606174,-87.000816,1599.06897,119.859314,-155.006439,1414.604248,4.085496,-187.818436,1242.204224,-64.56501,-198.640121,1233.747192,50.235577,65.358398,1304.48999,49.685917,-131.901047,1326.598511,-156.467957,0.241564,1420.024902,-110.757843,88.120728,1257.553467,-207.20256,204.085846,1229.180786,-212.482666,458.44281,1206.277344,-173.397003,475.819946,1300.361084,-174.105423,536.294861,1200.011475,-157.420334,-183.289856,1310.158569,138.292007,-43.422787,1407.729858,159.33844,8.186553,1269.190918,255.891922,156.261581,1190.67627,252.041397,194.543488,1260.775024,13.619241,127.575531,1310.688354,45.342201,194.441956,1300.573242,-51.537121,73.296753,1051.46521,-123.369431,-124.329773,1061.094604,-138.555649,-155.102051,1067.018188,131.475433,57.88979,1066.664062,150.808273
2.767,-130.433014,1658.653076,40.6702,-21.986252,1665.850342,42.609715,-87.225838,1600.268677,119.649979,-154.094559,1415.928101,4.05547,-187.078125,1243.821045,-64.332504,-197.801727,1235.690308,50.471027,66.42421,1306.35144,49.766399,-130.996765,1328.122559,-156.300644,0.548982,1421.851807,-110.272133,89.683594,1261.043579,-207.239334,206.301682,1233.973389,-212.588501,461.3396,1215.404053,-171.719986,476.843445,1309.693359,-172.937866,539.51001,1210.5802,-155.848099,-182.205139,1311.92395,138.569427,-42.440716,1409.63855,158.992233,9.741972,1271.972656,256.092651,158.082199,1193.921753,252.208389,195.980972,1263.466187,13.52704,128.574753,1313.194214,46.396862,195.530273,1303.523926,-51.638153,73.068741,1051.995972,-121.323639,-123.856743,1063.142578,-138.486053,-154.581909,1068.894287,131.57251,58.013302,1067.647339,150.812454
2.775,-130.86084,1659.883057,40.400543,-22.349409,1667.314209,42.34964,-87.305794,1601.675415,119.469955,-153.133667,1417.338867,4.095679,-186.28006,1245.685669,-64.177322,-196.924683,1237.551758,50.710762,67.433609,1308.349609,49.943501,-130.065445,1329.778198,-156.041138,1.046282,1423.696411,-109.743958,91.452324,1264.756714,-207.540985,208.646896,1239.093506,-212.811646,464.384155,1225.103149,-170.485474,477.88327,1319.590088,-171.622742,542.711121,1222.179199,-153.91655,-180.845108,1313.852661,138.899506,-41.279358,1411.712402,158.641006,11.311809,1274.602417,256.209686,160.105133,1197.117065,252.450943,197.339783,1266.045166,13.334936,129.446121,1315.884644,46.891529,196.603699,1306.643188,-51.773674,73.283371,1053.045898,-120.880188,-123.522552,1065.206909,-138.329071,-154.06218,1070.876709,131.688721,58.201233,1068.774048,150.829269
2.783,-131.098587,1660.938843,40.156792,-22.717661,1668.819214,41.926552,-87.424652,1602.971191,119.253624,-152.012192,1418.741699,4.488149,-185.417603,1247.520874,-63.969463,-196.081406,1239.567627,50.979805,68.680351,1310.357422,50.133488,-128.865768,1331.492676,-155.9198,1.509167,1425.620483,-109.092148,93.338486,1268.699951,-207.965408,211.246521,1244.516968,-213.179092,467.43042,1235.381226,-168.969482,478.835175,1330.017578,-169.969238,546.005981,1233.971558,-152.111588,-179.540268,1315.711548,139.234726,-39.945972,1413.680664,158.346588,13.242251,1277.254639,256.24231,162.275681,1200.330322,252.480453,198.77124,1268.933472,13.131729,130.496658,1318.462402,46.96817,197.709076,1309.839111,-51.996544,73.38929,1054.083374,-120.506691,-123.024696,1067.311646,-138.216766,-153.634689,1072.879761,131.842987,58.416603,1069.918457,150.76474
2.792,-131.292999,1662.017334,39.886612,-23.036276,1670.236694,41.623714,-87.483192,1604.208374,118.931305,-150.77095,1420.104248,4.845603,-184.505585,1249.444824,-63.799599,-195.055008,1241.602295,51.290089,70.085289,1312.347168,50.360058,-127.762657,1333.276978,-155.716324,2.173067,1427.43689,-108.467224,95.300186,1272.865356,-208.495392,213.916718,1250.197754,-213.638824,470.565643,1246.130615,-167.297714,479.760651,1340.918701,-168.223206,549.076782,1246.692993,-149.878021,-177.996384,1317.612549,139.631989,-38.527428,1415.517334,158.098145,15.145364,1279.787842,256.280975,164.514725,1203.413452,252.510132,200.328125,1271.848022,12.922177,131.832672,1320.951416,46.95084,198.85585,1313.046753,-52.037907,73.471596,1055.117554,-120.135979,-122.704361,1069.469849,-137.96698,-153.107468,1074.884033,131.921692,58.610821,1070.887573,150.685562
2.8,-131.462433,1663.181763,39.477726,-23.128,1671.694458,41.437233,-87.527802,1605.493286,118.732826,-149.542542,1421.342285,5.101771,-183.382919,1251.440186,-63.709885,-193.987442,1243.588135,51.576035,71.547928,1314.165771,50.537571,-126.413612,1335.084473,-155.577103,2.74073,1429.350708,-107.807068,97.368294,1276.977417,-209.147095,216.757187,1256.271851,-214.249023,473.606018,1257.224731,-165.594391,480.417694,1352.302002,-166.189194,552.06366,1259.675903,-147.723557,-176.494537,1319.454956,139.975891,-36.961124,1417.383545,157.828293,17.178568,1282.278809,256.387451,166.971008,1206.465942,252.401001,201.891266,1275.038452,12.771725,133.161682,1323.458984,46.82,200.178864,1316.451294,-52.166584,73.487366,1055.947021,-119.884636,-122.433266,1071.579346,-137.888016,-152.683365,1077.003418,132.093857,58.862415,1072.003174,150.602295
2.808,-131.537216,1664.189697,39.219254,-23.203945,1672.849487,41.242413,-87.527679,1606.601562,118.442795,-148.208496,1422.696167,5.404781,-182.359863,1253.250122,-63.529163,-192.988586,1245.704468,51.759068,73.040482,1316.003784,50.7551,-125.11438,1336.850952,-155.428574,3.475003,1431.216309,-107.096336,99.513374,1281.328247,-209.804932,219.639771,1262.354248,-214.828705,476.597137,1268.865356,-163.661774,480.993439,1364.064575,-163.914429,554.830872,1273.46936,-144.773666,-174.85408,1321.264648,140.464981,-35.227234,1419.138428,157.533096,19.278881,1284.645752,256.381683,169.497894,1209.410034,252.227005,203.363358,1277.63916,12.119872,134.796463,1326.055542,46.932358,201.621475,1319.898682,-52.298805,73.439423,1056.790161,-119.714294,-122.127296,1073.530396,-137.805954,-152.240967,1078.95874,132.205261,59.054413,1073.027832,150.408798
2.817,-131.515686,1665.194458,38.962875,-23.216263,1674.094116,41.060928,-87.560738,1607.706787,118.229584,-146.67067,1424.067871,5.498424,-181.263489,1255.281494,-63.507736,-191.868576,1247.748169,52.064148,74.644058,1317.547729,50.981823,-123.683495,1338.697266,-155.244751,4.225532,1433.080811,-106.312912,101.846512,1285.682129,-210.667419,222.629486,1268.667969,-215.428009,479.436127,1280.892578,-161.462769,481.252289,1376.225342,-161.34436,557.467224,1287.55249,-142.038864,-173.047699,1323.104492,140.821762,-33.356667,1420.683838,157.361343,21.594324,1286.934448,256.408356,172.063614,1212.250488,252.01619,205.074173,1280.671753,11.821872,136.12616,1328.665649,46.782925,202.993073,1323.137573,-52.561062,73.323494,1057.529297,-119.599602,-121.944267,1075.469482,-137.675858,-151.919556,1081.01001,132.256546,59.263027,1073.806152,150.15712
2.825,-131.526123,1666.238159,38.663879,-23.234051,1675.189941,40.993179,-87.455414,1608.753296,118.100777,-145.177612,1425.172729,5.690891,-180.17804,1257.011841,-63.378891,-190.618088,1249.559204,52.193668,76.40554,1319.150146,51.230808,-122.210785,1340.433716,-155.155365,5.183999,1434.762817,-105.741852,104.212959,1290.213135,-211.401962,225.572357,1275.04834,-216.193542,482.194794,1293.30481,-159.518143,481.262512,1388.509277,-158.531464,559.762085,1301.928589,-138.964996,-171.334366,1324.697144,141.159286,-31.509195,1422.246094,157.083099,23.93663,1289.049805,256.433594,174.888412,1214.957397,251.828308,207.040741,1283.76001,11.540801,137.776382,1331.189209,46.845745,204.535706,1326.364136,-52.748188,73.170433,1058.06543,-119.536705,-121.804016,1077.27832,-137.68602,-151.462097,1082.868774,132.25032,59.480141,1074.439819,149.86763
2.833,-131.425476,1667.07666,38.514706,-23.173214,1676.2771,40.954205,-87.420677,1609.685669,117.958549,-143.381607,1426.321289,5.961609,-178.814392,1258.858887,-63.441395,-189.361038,1251.452637,52.442471,78.088272,1320.36145,51.422253,-120.620613,1342.13562,-155.065338,6.168459,1436.518311,-105.010536,106.580101,1294.632568,-212.133621,228.549438,1281.522949,-216.936447,484.599182,1305.873779,-157.031326,480.819153,1401.138428,-155.315704,561.696838,1316.765015,-135.735229,-169.461411,1326.32312,141.491196,-29.460751,1423.543091,156.656769,26.188269,1290.938965,256.395538,177.694122,1217.603638,251.638412,208.891876,1286.654785,11.126101,139.242294,1333.57019,46.6343,205.991028,1329.665039,-53.005192,73.003677,1058.456055,-119.612373,-121.706581,1078.904663,-137.717957,-151.175812,1084.701294,132.297806,59.738968,1074.979614,149.487595
2.842,-131.403641,1667.849243,38.376492,-23.13299,1677.290649,40.968922,-87.37159,1610.514404,117.896942,-141.758835,1427.27356,6.123271,-177.612381,1260.583252,-63.42802,-188.105194,1253.213013,52.451931,79.92923,1321.496948,51.626686,-119.033966,1343.845947,-154.910477,7.199312,1438.248535,-104.258377,109.005722,1299.221313,-213.04631,231.503204,1287.94458,-217.760223,486.870148,1318.819458,-154.433167,479.974579,1413.74646,-151.792221,563.248535,1331.88623,-131.666351,-167.535263,1327.744995,141.769882,-27.512239,1424.879028,156.558945,28.806231,1292.80957,256.257904,180.553741,1220.054077,251.199753,210.800018,1289.460327,10.6808,141.079834,1334.89624,44.628094,207.694977,1333.281982,-52.937492,72.777313,1058.639282,-119.698372,-121.547859,1080.431152,-137.649185,-150.761551,1086.49646,132.233307,59.977482,1075.344604,149.012833
2.85,-131.371323,1668.554688,38.366943,-23.102753,1678.143188,41.08046,-87.222145,1611.31665,117.886078,-139.960083,1428.250854,6.313598,-176.293259,1262.375122,-63.538654,-186.731094,1254.931763,52.561996,81.676331,1322.575317,51.778736,-117.335258,1345.48645,-154.891708,8.423169,1439.793213,-103.575066,111.327225,1303.635864,-213.811676,234.373093,1294.381958,-218.769012,488.618805,1331.917236,-151.583206,478.550415,1426.668823,-147.815598,564.109863,1347.155273,-127.504211,-165.701813,1329.214111,142.020065,-25.258911,1425.863647,156.156174,31.165735,1294.486938,256.078583,183.329025,1222.351074,250.779541,212.878082,1292.301025,10.200038,142.83078,1337.451782,46.004475,209.202942,1336.34668,-53.25816,72.53212,1058.713867,-119.847679,-121.406982,1081.754395,-137.737167,-150.463928,1088.136353,132.28215,60.200645,1075.530884,148.556
2.858,-131.392303,1669.168335,38.425529,-23.081764,1678.919189,41.212322,-87.065811,1611.962646,117.946243,-138.238678,1429.28064,6.340566,-174.895264,1264.14624,-63.608654,-185.52919,1256.540283,52.641991,83.621048,1323.600464,51.926414,-115.595551,1347.089478,-154.713226,9.725508,1441.390991,-102.869949,113.642723,1308.055664,-214.622101,237.2668,1300.597412,-219.76088,489.902771,1345.143066,-148.262558,476.405731,1439.47522,-143.653458,564.457886,1362.544556,-122.887428,-163.706223,1330.406494,142.332489,-23.125366,1426.855713,155.865555,33.581184,1295.986938,255.849396,186.271896,1224.579346,250.379654,214.949631,1295.078003,9.796775,144.399719,1338.883667,44.423336,210.869675,1339.703735,-53.472,72.284767,1058.614258,-120.041946,-121.282921,1083.157471,-137.741486,-150.061325,1089.668457,132.146744,60.351799,1075.529907,148.116135
2.867,-131.373459,1669.478638,38.46455,-23.115675,1679.593262,41.290287,-86.938522,1612.453735,118.026657,-136.308258,1430.237183,6.46137,-173.529755,1265.74707,-63.638634,-184.174164,1258.098877,52.626884,85.504532,1324.228638,52.039181,-113.831017,1348.70874,-154.62764,11.112819,1442.87793,-102.159615,115.922028,1312.356934,-215.412766,239.92189,1306.847656,-220.97934,490.689758,1358.295776,-144.762543,473.841431,1451.923706,-139.038422,564.247742,1378.05188,-118.013725,-161.826019,1331.644043,142.545166,-20.933664,1427.651123,155.420395,36.138649,1297.302979,255.542404,189.144135,1226.501099,249.906555,216.8396,1297.571167,9.277159,145.951126,1340.676392,44.410042,212.794083,1342.929932,-53.638081,72.028351,1058.349487,-120.250542,-121.219482,1084.25647,-137.653641,-149.871506,1091.126099,132.028366,60.541283,1075.397461,147.613754
2.875,-131.4198,1669.63916,38.597588,-23.177271,1680.158447,41.328754,-86.816811,1612.757568,118.158554,-134.091354,1431.386597,6.115825,-172.645477,1267.415527,-64.933395,-182.762482,1259.456299,52.740028,87.396095,1324.845825,52.085335,-112.059433,1350.353516,-154.551453,12.469456,1444.286133,-101.499847,118.052292,1316.491089,-216.123352,242.568161,1312.849487,-222.146866,491.08786,1371.360962,-141.113068,470.55423,1464.164795,-134.170212,563.436707,1393.417603,-112.668266,-159.864746,1332.667603,142.80719,-18.850365,1428.296631,155.253265,38.542542,1298.512695,255.255096,192.065689,1228.413452,249.444916,218.893478,1299.936401,8.724753,147.535156,1342.219971,43.881607,214.391708,1345.898438,-53.914139,71.797081,1058.074707,-120.570251,-121.023811,1085.47937,-137.826797,-149.525055,1092.484985,131.97995,60.768993,1075.189209,147.14946
2.883,-131.464661,1669.663208,38.757603,-23.320011,1680.616333,41.49033,-86.671623,1612.943237,118.312469,-132.301682,1432.297729,6.215718,-171.033478,1268.74353,-64.608147,-181.46904,1260.856689,52.676968,89.232269,1325.180786,52.114204,-110.431465,1351.834595,-154.451691,13.905948,1445.631104,-100.732201,120.113785,1320.518677,-216.841156,245.044708,1318.817749,-223.218689,491.086975,1384.05896,-137.722885,466.731049,1476.001953,-129.137436,561.976685,1408.666626,-107.527,-157.941422,1333.658081,142.922043,-16.605215,1428.75354,154.999176,40.962925,1299.488892,254.848831,194.79332,1230.042358,248.781693,220.865753,1302.329468,8.22753,149.020187,1343.520752,43.605389,215.793137,1348.633423,-54.161919,71.574936,1057.607666,-120.816216,-120.97554,1086.559204,-137.743118,-149.261566,1093.706543,131.786926,61.012741,1074.913086,146.64473
2.892,-131.578888,1669.504272,38.961216,-23.432854,1681.012817,41.696903,-86.478134,1613.001221,118.521461,-130.518585,1432.879272,6.842947,-169.772141,1270.262695,-65.249176,-180.212021,1262.13501,52.813869,90.895035,1325.372925,52.047333,-108.69487,1353.342285,-154.347061,15.327527,1446.776489,-100.083511,122.017448,1324.397583,-217.586975,247.431488,1324.546753,-224.497223,490.489532,1396.942993,-133.595749,462.323273,1487.476929,-123.737686,559.707458,1423.612915,-101.973808,-155.995514,1334.570801,143.203247,-14.439787,1429.190796,154.722473,43.343269,1300.341675,254.525833,197.440155,1231.432495,248.319473,222.767746,1304.253174,7.72685,150.693848,1344.895142,43.6315,217.321655,1351.109985,-54.419079,71.278343,1056.967773,-121.17334,-120.768433,1087.550537,-137.721252,-149.031235,1094.927124,131.795471,61.271797,1074.613525,146.208817
2.9,-131.665756,1669.188354,39.294285,-23.573868,1681.238037,41.924274,-86.25412,1612.897583,118.757988,-128.89917,1433.493774,7.444498,-168.46933,1271.578491,-64.806473,-178.897781,1263.297852,52.787846,92.365158,1325.189087,51.935978,-107.006012,1354.751831,-154.183334,16.765299,1447.952637,-99.302689,123.842735,1328.170044,-218.37677,249.691895,1330.175171,-225.607559,489.583527,1409.32666,-130.830643,457.213928,1498.456665,-118.277412,556.914001,1438.221191,-95.901733,-154.162277,1335.261719,143.36879,-12.180763,1429.499023,154.445206,45.726387,1300.950684,254.192917,200.252365,1232.668335,247.657883,224.711807,1306.136475,7.142437,152.288589,1346.005737,42.577263,218.847961,1353.238037,-54.778496,71.010437,1056.262451,-121.521042,-120.637222,1088.514038,-137.771744,-148.76387,1095.939453,131.70253,61.504326,1074.317261,145.779175
2.908,-131.75264,1668.795532,39.648296,-23.723421,1681.379761,42.184147,-85.995026,1612.709106,119.040131,-127.210724,1434.204346,8.062187,-167.08519,1272.845093,-65.139977,-177.613754,1264.322998,52.846054,93.969795,1325.13916,51.798733,-105.56263,1356.085205,-154.050659,18.100311,1448.901001,-98.710464,125.639305,1331.764893,-219.072662,251.819931,1335.679932,-226.706863,487.668335,1421.463623,-126.115959,451.56781,1508.852539,-112.486122,553.151611,1452.476562,-89.618607,-152.276688,1335.946655,143.60054,-10.068049,1429.58374,154.149582,48.048462,1301.36499,253.729401,202.80748,1233.597168,247.045837,226.529617,1307.606201,6.558925,154.136444,1346.968872,41.954136,220.226196,1355.103149,-55.056015,70.735809,1055.589233,-121.912209,-120.525406,1089.447632,-137.708267,-148.437027,1096.994263,131.616013,61.748276,1073.983154,145.353302
2.917,-131.816467,1668.298218,39.915943,-23.897881,1681.553101,42.837402,-85.739578,1612.496338,119.243652,-125.469429,1435.072388,8.727828,-165.884338,1274.098145,-65.104004,-176.559021,1265.31543,52.875706,95.436218,1324.867798,51.697388,-104.040092,1357.397827,-153.920532,19.426584,1449.873901,-97.913338,127.216576,1335.248291,-219.862045,253.760193,1340.895508,-227.686691,485.365265,1433.187012,-121.62352,445.329163,1518.520996,-106.461548,548.642334,1465.976685,-82.849976,-150.410339,1336.528198,143.806702,-7.872691,1429.57605,153.981903,50.343143,1301.623779,253.284103,205.254791,1234.319946,246.388031,228.348602,1308.998047,6.100414,155.656815,1347.806396,41.828018,221.615814,1356.918823,-55.3829,70.444748,1054.898193,-122.252571,-120.301186,1090.40979,-137.855789,-148.201889,1097.928711,131.529846,62.043365,1073.610962,144.914459
2.925,-131.834747,1667.795654,40.296364,-23.970406,1681.557861,43.097122,-85.387665,1612.178345,119.478683,-123.994911,1435.605713,9.09207,-164.916885,1275.157227,-64.949364,-175.427612,1266.235718,52.906487,96.891907,1324.47522,51.590061,-102.714417,1358.621094,-153.862045,20.598896,1450.672119,-97.330841,128.842346,1338.685425,-220.506714,255.463745,1346.086426,-228.696899,482.518127,1444.460693,-116.898643,438.449524,1527.521362,-100.392403,543.393188,1479.073608,-75.8013,-148.573959,1337.118774,144.080811,-5.662499,1429.503052,153.784485,52.648293,1301.793213,252.859299,207.791031,1234.922607,245.758667,230.173599,1310.161987,5.481669,157.269745,1348.338989,41.730488,222.899094,1358.228027,-55.719444,70.210388,1054.225708,-122.552322,-120.326469,1091.098389,-137.702896,-147.965866,1098.824463,131.566345,62.286884,1073.234009,144.514633
2.933,-131.765442,1667.286133,40.691998,-23.988262,1681.53479,43.374485,-84.974869,1611.795654,119.766983,-122.414413,1436.109375,9.454809,-163.612625,1276.26355,-65.266853,-174.387192,1267.029541,52.970303,98.179253,1323.9375,51.420338,-101.510773,1359.614014,-153.695984,21.706312,1451.291504,-96.635483,130.106445,1341.927368,-221.311218,257.062134,1350.947144,-229.500443,478.979248,1455.154663,-111.821503,431.102966,1535.780518,-94.248917,537.422302,1491.38623,-68.265251,-146.679871,1337.454712,144.334473,-3.657822,1429.372314,153.600891,54.764656,1301.655762,252.366272,210.189377,1235.175049,245.068634,231.781143,1311.059204,4.997654,158.800659,1348.731201,41.64769,224.395111,1359.564331,-56.043583,70.017029,1053.558472,-122.858604,-120.308006,1091.899414,-137.693451,-147.73027,1099.593018,131.418167,62.493702,1072.747681,144.065948
2.942,-131.702103,1666.878052,40.986099,-23.939169,1681.380615,43.177681,-84.583138,1611.431519,120.066902,-121.351013,1436.531738,10.436054,-162.680527,1277.149414,-65.018494,-173.385696,1267.667236,53.06377,99.322227,1323.431152,51.298294,-100.372177,1360.703125,-153.606247,22.622711,1451.94397,-96.057098,131.19693,1344.992188,-222.052521,258.517639,1355.585205,-230.217484,474.818787,1465.177856,-106.39933,423.315399,1543.30957,-88.116447,530.581604,1502.752197,-60.47435,-145.169022,1337.824341,144.597137,-1.603554,1429.167847,153.482162,56.966843,1301.428467,251.953873,212.370239,1235.262451,244.412445,233.565079,1311.78064,4.423594,160.265259,1348.861328,41.379566,225.636719,1360.478149,-56.156471,69.823532,1052.956055,-123.12603,-120.350281,1092.570435,-137.78653,-147.543427,1100.262939,131.366394,62.663696,1072.321777,143.659363
2.95,-131.565247,1666.36792,41.434418,-23.879972,1681.401733,43.769577,-84.022316,1611.078369,120.303612,-120.076752,1436.957153,10.788023,-161.939468,1277.916016,-65.002823,-172.411713,1268.292358,53.345341,100.343285,1322.85022,51.110355,-99.448776,1361.613403,-153.455597,23.526148,1452.472534,-95.482002,132.229736,1347.963623,-222.78511,259.825623,1359.996216,-230.85173,470.116486,1474.4729,-100.794418,415.022766,1549.946289,-81.883461,523.067688,1513.099731,-52.520447,-143.370422,1338.094849,144.906799,0.357813,1428.947632,153.467026,58.83165,1301.088257,251.522003,214.545486,1235.204224,243.804779,235.130524,1312.299438,3.830534,161.786819,1348.768188,41.262177,226.869019,1361.428833,-56.635979,69.640686,1052.445068,-123.346054,-120.379898,1093.126831,-137.83757,-147.361298,1100.994995,131.488708,62.815449,1071.894775,143.237076
2.958,-131.300781,1665.966431,41.669731,-23.704472,1681.291504,43.818901,-83.590485,1610.647705,120.432213,-118.928658,1437.319458,11.256528,-161.279144,1278.699707,-64.987022,-171.641525,1268.956665,53.382919,101.410515,1322.206787,50.835827,-98.698959,1362.449707,-153.376419,24.256535,1452.868164,-94.849289,133.03981,1350.676514,-223.453201,260.853912,1364.253052,-231.322372,464.951843,1483.058228,-94.856331,406.469788,1555.932861,-75.95723,515.004578,1522.731079,-44.172485,-141.91748,1338.389404,145.193268,2.144094,1428.640625,153.427505,60.884514,1300.692627,251.078583,216.572632,1234.949219,243.063416,236.727249,1312.670898,3.289186,163.121918,1348.561035,40.98571,228.198059,1362.178589,-56.968998,69.441231,1052.021973,-123.596451,-120.466675,1093.696289,-137.731812,-147.171021,1101.536255,131.519943,62.967091,1071.516602,142.896042
2.967,-131.092438,1665.597656,41.85553,-23.483282,1681.214478,43.82193,-83.193077,1610.371338,120.552597,-117.897041,1437.580078,11.505898,-160.601685,1279.535522,-65.148239,-170.827347,1269.505737,53.698296,102.223907,1321.50354,50.549332,-98.078049,1363.247803,-153.233109,24.747185,1453.233887,-94.335068,133.628952,1353.248047,-224.056992,261.71286,1368.207886,-231.764679,459.329773,1490.963745,-88.935738,397.432739,1560.809814,-69.275734,506.509125,1531.357544,-35.986404,-140.48262,1338.63916,145.439926,4.089478,1428.343994,153.322205,62.791229,1300.284546,250.647873,218.476974,1234.645996,242.478378,238.561005,1312.780518,2.989977,164.442429,1348.079102,40.647316,229.2099,1362.649414,-57.294037,69.30854,1051.642944,-123.839172,-120.55011,1094.132935,-137.956787,-146.945358,1102.041748,131.523712,63.162766,1071.179321,142.51004
2.975,-130.739166,1665.302246,41.935062,-23.217823,1681.123169,43.757904,-82.738533,1610.165771,120.595535,-116.916245,1437.928223,12.023088,-159.946426,1280.086792,-64.706459,-170.189392,1269.923218,53.953495,102.942055,1320.97644,50.294891,-97.600342,1363.964722,-153.085754,25.051886,1453.587524,-93.82431,134.151276,1355.633545,-224.541138,262.427673,1371.97998,-231.869995,453.297058,1498.104492,-82.78186,388.4021,1565.009155,-63.455956,497.38736,1539.000732,-27.609304,-138.979736,1338.78772,145.77562,5.742581,1428.042603,153.217987,64.479431,1299.828491,250.231064,220.234177,1234.164917,241.878036,239.628433,1312.908813,2.290763,165.584061,1347.50769,40.666649,230.1082,1362.85144,-57.630386,69.17453,1051.388062,-124.025764,-120.702019,1094.571533,-137.944611,-146.671265,1102.402344,131.564758,63.383446,1070.880371,142.195847
2.983,-130.365021,1665.027466,41.996113,-22.845503,1680.960083,43.56424,-82.175453,1609.992554,120.609276,-116.176773,1438.051514,12.480514,-159.524139,1280.581177,-64.833817,-169.522095,1270.344604,54.225971,103.694641,1320.40918,49.979523,-97.350967,1364.494873,-152.9496,25.290575,1453.755371,-93.351318,134.442566,1357.89624,-224.838104,263.047974,1375.43811,-231.847443,446.854492,1504.516235,-76.615692,379.059357,1568.50293,-57.392452,487.897583,1545.692871,-19.115231,-137.688965,1338.944336,146.119156,7.579969,1427.800415,152.942978,66.231529,1299.399902,249.893616,221.897308,1233.669678,241.463394,240.633179,1312.637329,1.775616,166.691589,1346.787964,40.286774,230.934738,1362.925537,-58.017494,69.047554,1051.24939,-124.208664,-120.891098,1095.02063,-137.859207,-146.3237,1102.797485,131.737518,63.67416,1070.67334,141.908066
2.992,-129.958206,1664.875,41.891716,-22.46273,1680.898926,43.438248,-81.608376,1609.884155,120.536568,-115.47374,1438.248779,12.724249,-159.250397,1281.014282,-64.5961,-168.830109,1270.632812,54.622807,104.345551,1320.092041,49.704208,-97.227318,1365.020508,-152.799133,25.329088,1453.950562,-92.870544,134.668106,1359.890503,-225.064316,263.403259,1378.643066,-231.673599,440.160797,1510.136108,-70.346313,369.58194,1571.055908,-51.450241,477.943726,1551.421631,-10.688733,-136.400208,1339.134521,146.504623,9.110322,1427.523438,152.858871,67.714287,1298.937134,249.521881,223.598831,1233.059204,240.868057,241.589218,1311.629517,1.058788,167.680954,1345.829834,40.146454,231.643738,1362.681274,-58.43948,69.365837,1051.721802,-126.168144,-121.021965,1095.273804,-137.755905,-146.00235,1103.067505,131.891296,64.017853,1070.507202,141.634552
3.0,-129.535721,1664.840942,41.789814,-21.98341,1680.855347,43.322136,-81.089867,1609.835938,120.448128,-114.889801,1438.453369,13.126287,-159.131989,1281.381104,-64.347496,-168.314636,1270.876587,54.93681,104.889,1319.678101,49.435726,-97.264526,1365.452393,-152.581589,25.110392,1454.16748,-92.411552,134.715134,1361.753174,-225.14003,264.118073,1381.827271,-232.984848,433.093506,1515.10144,-64.060593,359.992188,1573.107422,-45.565022,467.53363,1556.104126,-2.155232,-135.321136,1339.291748,146.791306,10.502999,1427.2854,152.746399,69.152435,1298.459106,249.262833,224.92392,1232.593018,240.869308,242.251083,1310.984009,0.464714,168.435501,1344.820068,40.047901,232.147141,1362.124268,-58.868893,69.038788,1051.613037,-125.583977,-121.189072,1095.399658,-137.646881,-145.625244,1103.236694,132.061523,64.396683,1070.397095,141.423615
3.008,-129.060089,1664.835327,41.677525,-21.43342,1680.942505,43.420971,-80.589272,1609.855347,120.341309,-114.445801,1438.588867,13.510975,-159.072052,1281.637573,-64.216454,-167.924133,1271.066772,55.32238,105.371597,1319.400024,49.221275,-97.482407,1365.813477,-152.386658,24.782095,1454.273315,-92.038033,134.444016,1363.500122,-225.03447,263.898865,1384.268555,-231.53096,425.847107,1518.968628,-57.588192,350.266998,1574.286011,-40.218704,457.014954,1559.788818,6.276637,-134.28476,1339.31897,147.203033,11.845898,1427.037231,152.586838,70.429054,1298.109863,249.049576,225.820557,1231.692139,240.287613,242.831924,1309.915283,-0.034951,169.048538,1343.213013,39.522511,232.395782,1361.317749,-59.332222,69.034416,1051.901978,-126.333191,-121.307404,1095.583252,-137.447098,-145.196304,1103.352051,132.272827,64.915176,1070.267578,141.220856
3.017,-128.507599,1664.887329,41.640079,-20.893196,1680.916382,43.247025,-80.107109,1609.962036,120.210213,-114.116066,1438.687134,13.857206,-158.520691,1281.829834,-62.579483,-167.578232,1271.208496,55.809746,105.704887,1319.202148,49.015522,-97.824997,1366.085815,-152.216599,24.306192,1454.328979,-91.697662,134.152878,1364.932617,-224.930237,264.069153,1386.722168,-231.419815,418.255219,1522.229126,-51.1562,340.767883,1574.814087,-35.055645,445.972198,1562.378296,14.619474,-133.275894,1339.432983,147.600235,12.823794,1426.819336,152.482269,71.616844,1297.801147,248.819672,226.713379,1230.976685,240.020172,243.195877,1308.742432,-0.46864,169.520035,1341.862183,39.103298,232.565796,1360.413574,-59.763542,68.805321,1052.016968,-126.125458,-121.457367,1095.633423,-137.302734,-144.73233,1103.425659,132.453186,65.448082,1070.168579,141.066559
3.025,-127.849205,1665.003296,41.436977,-20.269388,1680.828003,42.716694,-79.556267,1610.088257,119.998039,-113.869629,1438.746094,14.155845,-158.644257,1281.91626,-62.213837,-167.286331,1271.285278,56.24678,106.005074,1319.071411,48.839939,-98.328888,1366.285522,-152.081238,23.613794,1454.340088,-91.416893,133.804321,1366.202393,-224.718948,263.608887,1388.547241,-229.18457,410.657471,1524.723999,-44.740562,330.921234,1574.621582,-30.059612,434.926483,1564.060181,22.820866,-132.513153,1339.476807,147.850052,13.943856,1426.643433,152.259644,72.689659,1297.532471,248.681244,227.476501,1230.252563,239.938416,243.491928,1307.173828,-0.929639,169.89827,1340.426514,38.873455,232.630356,1359.260864,-60.058205,68.413155,1051.88208,-125.092644,-121.610085,1095.622681,-137.202469,-144.161346,1103.442627,132.709152,66.025352,1070.138672,140.88208
3.033,-127.254921,1665.197754,41.263138,-19.673178,1680.862183,42.419556,-78.902229,1610.269897,119.775871,-113.768417,1438.725952,14.299953,-158.800568,1281.924072,-61.867676,-167.100739,1271.29834,56.604156,106.256348,1319.040161,48.707825,-98.951088,1366.368042,-151.905197,22.89044,1454.395752,-91.185829,133.283188,1367.265137,-224.432861,263.593445,1390.402466,-229.195175,402.610077,1526.515869,-38.354797,321.211212,1573.811035,-25.011702,423.560669,1564.605225,30.972818,-131.840714,1339.401855,148.143967,14.85961,1426.48938,152.057831,73.55233,1297.21875,248.574265,228.155136,1229.380005,239.941925,243.569839,1305.674683,-1.26982,170.142807,1338.950073,38.643162,232.583359,1358.046875,-60.306824,68.362068,1052.15271,-125.265282,-121.779678,1095.547607,-137.035553,-143.600647,1103.399536,132.974518,66.555,1070.174072,140.768723
3.042,-126.633629,1665.428101,41.071152,-19.065817,1680.845703,42.146877,-78.349854,1610.432739,119.57325,-113.537933,1438.48584,15.612819,-159.006134,1281.824951,-61.666409,-166.965256,1271.212402,56.963608,106.414604,1319.076416,48.605961,-99.642509,1366.315552,-151.815125,22.146013,1454.359253,-91.014954,132.755585,1368.189331,-224.101349,263.151947,1391.814453,-227.738907,394.517303,1527.338135,-32.051414,311.192352,1572.134277,-19.647713,412.240082,1564.225342,39.008259,-131.231308,1339.349731,148.366913,15.407891,1426.366455,151.972244,74.238914,1296.977539,248.516327,228.609253,1228.567993,240.082779,243.699631,1303.966919,-1.610484,170.255157,1337.224243,38.546154,232.427185,1356.647095,-60.496536,68.297813,1052.421631,-125.416603,-121.882866,1095.390991,-136.867477,-143.022888,1103.29541,133.16713,67.041512,1070.227783,140.611694
3.05,-126.099152,1665.733765,40.747967,-18.38125,1680.973511,41.915043,-77.758179,1610.587524,119.413002,-113.674332,1438.425781,16.130083,-159.303177,1281.705322,-61.352245,-166.914505,1271.048096,57.330692,106.543961,1319.165771,48.534351,-100.360252,1366.269897,-151.750488,21.212994,1454.30603,-90.792244,132.137863,1368.846069,-223.767273,262.871063,1393.100098,-226.537521,386.189545,1527.391846,-25.806904,301.64798,1570.024048,-15.141108,400.557861,1562.6698,46.778355,-130.792557,1339.262817,148.55838,15.865598,1426.235474,151.825439,74.721046,1296.744873,248.543045,228.871628,1227.736694,240.288254,243.63266,1302.163086,-1.764399,170.259323,1335.405396,38.359741,232.199707,1355.157593,-60.622803,68.272545,1052.716064,-125.616432,-122.024017,1095.154785,-136.691422,-142.54335,1103.123291,133.32843,67.549637,1070.33667,140.461548
3.058,-125.484543,1666.139526,40.573654,-17.589148,1680.883423,41.597904,-77.166351,1610.831665,119.213875,-113.987,1438.320557,16.254267,-159.691544,1281.497437,-60.953285,-166.952423,1270.798584,57.64777,106.595779,1319.323608,48.493465,-101.233124,1366.152832,-151.710938,19.97353,1454.276489,-90.738632,131.477585,1369.299072,-223.315536,262.549866,1394.025146,-225.30513,377.820465,1526.592407,-19.731682,292.525848,1567.585571,-11.603159,388.89325,1560.168457,54.2075,-130.355713,1339.126587,148.724442,16.190727,1426.137573,151.656738,75.1129,1296.501221,248.587601,228.898453,1226.796265,240.528809,243.478714,1300.010864,-2.053532,170.010406,1333.293335,38.156185,231.862244,1353.463379,-60.611561,68.239983,1052.946777,-125.780968,-122.151764,1094.838989,-136.535706,-142.054077,1102.866333,133.519775,68.031822,1070.461914,140.360672
3.067,-124.67421,1666.544678,40.386776,-16.903944,1680.883057,41.286793,-76.687668,1611.08374,118.949615,-114.425774,1438.171753,16.225554,-160.134872,1281.103516,-60.89666,-167.033218,1270.533936,57.883526,106.508835,1319.466431,48.458126,-102.145607,1365.851318,-151.717422,18.884304,1454.147095,-90.569489,130.77948,1369.578979,-222.875397,262.127563,1394.626953,-224.016006,369.338654,1524.836792,-13.722246,283.161011,1564.352539,-7.460689,377.187469,1556.669312,61.473473,-130.184769,1338.913452,148.808319,16.379274,1426.046631,151.469208,75.312271,1296.291626,248.67186,228.688049,1225.819702,241.029282,243.163956,1297.813843,-2.126528,169.775208,1331.335083,38.379692,231.592026,1351.687134,-60.500412,68.21183,1053.123413,-125.945076,-122.31015,1094.401245,-136.404037,-141.596024,1102.518921,133.692795,68.600693,1070.598267,140.263901
3.075,-124.031174,1666.96814,40.281715,-16.232758,1680.890381,41.009079,-76.293869,1611.284424,118.68367,-114.957405,1437.931396,16.235645,-160.663284,1280.720947,-60.664585,-168.00563,1270.253662,59.194611,106.315353,1319.622192,48.440655,-103.115219,1365.501465,-151.825897,17.501675,1454.001465,-90.463684,130.064545,1369.719482,-222.427872,261.5961,1395.037476,-222.771118,360.579163,1522.136719,-7.750423,274.144562,1560.950073,-4.03405,365.480072,1552.151978,68.365005,-130.144608,1338.635376,148.799179,16.402031,1425.936401,151.264404,75.378418,1296.031128,248.804535,228.459671,1224.870728,241.65593,242.881104,1295.661621,-1.951958,169.256851,1329.027832,38.071301,231.158112,1349.660522,-60.229958,68.218025,1053.252686,-126.120926,-122.452927,1093.908447,-136.354324,-141.203552,1102.133789,133.804749,69.127228,1070.735962,140.172379
3.083,-123.501106,1667.385742,40.149708,-15.649587,1680.932129,40.859577,-75.881706,1611.519409,118.448013,-115.591034,1437.643799,16.191353,-161.19899,1280.097656,-60.373791,-167.916656,1269.650757,58.92939,105.913414,1319.708984,48.375057,-104.221626,1365.056274,-151.831085,16.141146,1453.79834,-90.445129,129.279892,1369.661499,-221.945282,261.0979,1395.147339,-221.481415,352.113464,1518.843994,-2.132481,265.342072,1557.04895,-1.522046,354.363586,1546.995728,74.90934,-130.248917,1338.203125,148.776306,16.262918,1425.82666,151.113953,75.234238,1295.772827,248.978683,227.819809,1223.731201,242.343018,242.460785,1293.212402,-1.725044,168.67276,1326.57605,38.311096,230.741333,1347.633301,-59.875572,68.24939,1053.307983,-126.261086,-122.606316,1093.318726,-136.201706,-140.863068,1101.689331,133.868225,69.546204,1070.840576,140.048615
3.092,-123.030441,1667.813599,39.914585,-15.027119,1680.741577,40.26767,-75.49514,1611.775269,118.246452,-116.320831,1437.314331,16.029518,-161.814926,1279.378296,-60.3484,-168.539139,1269.007202,59.537529,105.453011,1319.781128,48.306843,-105.292183,1364.562012,-151.953354,14.747984,1453.59436,-90.313431,128.409576,1369.511475,-221.40239,260.523804,1394.964966,-220.221497,343.60907,1514.379028,3.457256,256.839417,1552.749023,1.3657,341.649536,1539.743286,81.361374,-130.434998,1337.762085,148.771713,15.995672,1425.750122,150.838928,74.917404,1295.454346,249.239792,227.092743,1222.520386,243.306381,242.08963,1290.732422,-1.337955,168.075104,1323.965576,38.172623,230.465118,1345.354492,-59.386421,68.726257,1053.780518,-128.135864,-122.752457,1092.68689,-136.191132,-140.574692,1101.158569,134.021484,69.99202,1070.976318,139.884628
3.1,-122.549843,1668.290527,39.798019,-14.467883,1680.608032,39.875603,-75.076965,1612.02002,118.048119,-117.160835,1437.026489,15.921442,-162.429733,1278.669556,-60.155777,-168.683167,1268.304443,59.226807,104.873314,1319.808105,48.259785,-106.46051,1364.081421,-152.136047,13.220234,1453.382202,-90.31617,127.421051,1369.145264,-220.947418,259.883759,1394.476196,-218.992279,335.251343,1509.282593,8.616718,248.705231,1547.969604,4.232321,330.027802,1531.913696,87.221939,-130.708115,1337.247925,148.757919,15.59809,1425.640503,150.477814,74.432945,1295.089478,249.532867,225.971985,1221.148315,244.344727,241.62027,1288.09436,-0.726823,167.394669,1321.248657,38.51722,230.117981,1342.848389,-58.684895,68.650414,1053.61792,-127.604202,-122.84597,1092.009155,-136.213669,-140.258789,1100.589478,134.088333,70.394943,1071.092773,139.752487
3.108,-122.044144,1668.643433,39.687199,-14.008317,1680.539429,39.868607,-74.739037,1612.17395,117.801704,-118.21701,1436.554321,15.789902,-163.086304,1277.918091,-60.164021,-169.159073,1267.605957,59.36235,104.193298,1319.927612,48.272942,-107.761513,1363.428467,-152.150452,11.643201,1453.148926,-90.1745,126.438034,1368.62793,-220.402374,259.11084,1393.601685,-217.800629,326.946228,1503.230835,13.554877,240.817474,1542.615845,7.249503,318.25705,1523.190308,92.610146,-131.248993,1336.707397,148.619217,14.965597,1425.565796,150.231918,73.712173,1294.640381,249.843597,224.558136,1219.618652,245.534195,241.136459,1285.202515,0.018767,166.818481,1318.60144,39.45586,229.849533,1340.176636,-58.03035,68.845161,1053.65686,-128.091248,-123.011536,1091.161743,-136.019714,-139.998291,1099.90979,134.174454,70.79631,1071.169312,139.599014
3.117,-121.660744,1668.878662,39.519688,-13.540198,1680.328369,39.30299,-74.475021,1612.224976,117.607574,-119.239876,1436.095459,15.727859,-163.833954,1276.98645,-60.01696,-169.007294,1266.715576,58.654541,103.492638,1320.069458,48.345165,-109.052315,1362.837769,-152.36882,9.910284,1452.974365,-90.21714,125.317482,1367.990601,-219.845779,258.314911,1392.439209,-216.581284,319.475067,1496.68103,18.31278,233.363464,1536.470703,10.576472,307.119385,1513.561279,97.255592,-131.782883,1336.095093,148.484146,14.384256,1425.237671,149.951309,72.831314,1294.100952,250.242615,222.987717,1217.836914,246.970154,240.598389,1282.028809,1.046343,166.222977,1315.987549,39.785198,229.547638,1337.232178,-57.238628,68.95005,1053.55481,-127.949776,-123.150139,1090.255981,-135.947678,-139.782623,1099.071167,134.184097,71.109879,1071.218262,139.481995
3.125,-121.391205,1669.020142,39.438164,-13.205231,1680.081055,39.02512,-74.258469,1612.154419,117.402237,-120.316292,1435.490234,15.564019,-164.736115,1275.964355,-60.207874,-170.128815,1265.624756,59.243828,102.832451,1320.143433,48.396412,-110.480682,1362.13208,-152.502579,8.185915,1452.632446,-90.26931,124.166222,1367.246216,-219.320129,257.516388,1390.87085,-215.348846,310.687286,1488.599365,22.619705,226.057281,1530.301758,12.823482,295.428253,1503.047729,101.627983,-132.46347,1335.447021,148.233673,13.42496,1425.047363,149.486099,71.766266,1293.51001,250.548782,220.921906,1215.873779,248.359039,240.025421,1278.668701,2.07704,165.517792,1313.246216,40.938999,229.189728,1334.126709,-56.131302,69.116203,1053.459961,-128.073181,-123.309402,1089.35376,-136.001282,-139.674271,1098.237183,134.359711,71.421745,1071.236938,139.398956
3.133,-121.159988,1669.041382,39.379589,-12.968835,1679.808472,38.942863,-74.084442,1611.9729,117.217995,-121.406166,1434.912598,15.024368,-165.518967,1274.970825,-60.242165,-170.743423,1264.698608,59.102238,101.973038,1320.197632,48.471447,-111.88588,1361.312012,-152.693329,6.495557,1452.227783,-90.463982,122.770729,1366.242065,-218.912079,256.443512,1389.022095,-214.23645,302.377716,1479.901245,26.800037,218.978897,1523.637695,14.454322,284.280792,1491.814819,105.346054,-133.210236,1334.589722,148.086716,12.521599,1424.732056,149.277786,70.420174,1292.790527,251.04982,218.657578,1213.762817,250.092148,239.450287,1274.95813,3.254776,165.313553,1309.457886,44.460915,228.879608,1330.658447,-54.87521,69.241211,1053.327637,-128.059418,-123.478516,1088.333252,-135.737625,-139.491608,1097.337036,134.46051,71.751381,1071.231201,139.345978
3.142,-120.91658,1668.913208,39.370743,-12.762459,1679.196289,38.401031,-73.923164,1611.633789,117.049858,-122.689636,1434.166504,15.279194,-166.404861,1273.693481,-60.331108,-171.57402,1263.711548,59.093475,101.017693,1320.220093,48.64473,-113.427872,1360.454224,-152.892395,4.783016,1451.669067,-90.85022,121.496437,1364.996704,-218.388687,255.415924,1386.8396,-213.058624,294.256561,1470.414917,30.555141,212.703552,1516.353149,16.80209,273.593475,1479.911011,108.626846,-133.981812,1333.734009,147.783127,11.589632,1424.210327,149.103287,68.948212,1291.96814,251.557373,215.892441,1211.40686,251.849716,238.651703,1270.775391,4.631789,164.230743,1305.498047,44.316025,228.534988,1326.576904,-53.634781,69.403702,1053.182495,-128.135452,-123.463181,1087.208252,-135.91333,-139.369797,1096.328125,134.427567,72.079597,1071.201538,139.295868
3.15,-120.728378,1668.610107,39.339191,-12.683616,1678.440186,38.053097,-73.776451,1611.143066,116.874084,-123.801041,1433.374878,15.00546,-167.310333,1272.458984,-60.421436,-172.277374,1262.348877,58.950977,100.487686,1320.276001,48.917664,-114.896538,1359.471558,-153.09407,3.214439,1450.937134,-91.246162,120.034492,1363.624023,-217.99321,254.226364,1384.632568,-212.076385,286.370911,1460.234741,33.906311,206.076385,1508.633911,18.910872,262.795135,1466.835083,111.535301,-135.086746,1332.87439,147.449951,10.424835,1423.613403,148.801788,67.169319,1290.97522,252.022003,213.195084,1208.953613,253.804443,237.82489,1266.172729,6.129817,163.304413,1301.752197,45.705261,228.301422,1322.115356,-52.260242,69.587502,1053.026855,-128.165253,-123.646042,1086.039795,-135.757217,-139.250839,1095.213745,134.639343,72.460358,1071.121948,139.253098
3.158,-120.675865,1668.135254,39.273308,-12.501586,1677.635864,37.941063,-73.661232,1610.513184,116.694824,-124.977043,1432.696045,14.51854,-168.334473,1271.216431,-60.543724,-173.305283,1261.219482,59.118015,99.648285,1320.206543,49.212692,-116.54216,1358.346436,-153.360352,1.505069,1450.237915,-91.917236,118.550224,1361.940552,-217.742935,253.116302,1382.142822,-211.04483,278.572449,1449.864624,36.980934,199.944946,1499.992432,21.095938,251.908188,1453.291992,113.550278,-136.094421,1331.855469,147.081741,9.387302,1422.861816,148.57106,65.296371,1289.777344,252.642899,210.189957,1206.447021,255.921936,236.910614,1261.203369,7.931366,162.465088,1297.472778,46.484692,228.183762,1317.326904,-50.815514,69.8078,1052.847046,-128.248535,-123.746895,1084.768311,-135.767624,-139.2146,1093.972168,134.590225,72.76358,1071.050659,139.236649
3.167,-120.5681,1667.528809,39.234299,-12.37092,1676.787476,37.682434,-73.619904,1609.673218,116.458588,-126.169083,1431.873047,13.941815,-169.474869,1269.678101,-60.638699,-174.08493,1259.754639,58.818619,98.537109,1319.92334,49.494499,-118.033394,1357.120361,-153.69548,-0.092595,1449.426636,-92.543671,116.878342,1360.187378,-217.60614,251.890717,1379.672119,-210.211899,271.338013,1438.835571,39.492058,193.993942,1491.10022,23.06711,241.722153,1439.458252,115.064529,-137.1362,1330.819214,146.741623,8.321785,1421.85144,148.411743,63.210495,1288.443726,253.229828,207.012192,1203.872803,258.218536,236.090454,1255.787109,9.823915,161.301605,1292.605103,46.852566,228.163132,1311.967651,-48.928543,70.020569,1052.606201,-128.31218,-123.903336,1083.311646,-135.723831,-139.208954,1092.665771,134.813187,73.002815,1070.94165,139.243866
3.175,-120.549904,1666.825317,39.093452,-12.298508,1675.743652,37.42664,-73.704315,1608.651367,116.212257,-127.258972,1430.937012,13.905808,-170.515778,1268.258179,-60.802666,-175.210403,1258.372681,58.822388,97.410362,1319.495239,49.803352,-119.702995,1355.715454,-154.079544,-1.590288,1448.43457,-93.169609,115.559074,1358.124146,-217.416275,250.774948,1376.995605,-209.334229,264.351868,1428.082153,41.834858,188.188721,1482.237427,24.707623,232.159348,1425.372192,115.899483,-138.328186,1329.643677,146.123886,7.227961,1420.779785,148.251389,61.115566,1286.983398,253.897018,203.756409,1201.22937,260.914459,235.357193,1250.047607,12.040537,159.312531,1288.105225,45.464714,228.240784,1306.366699,-46.813137,70.202591,1052.346313,-128.490234,-124.137329,1081.897461,-135.665634,-139.292557,1091.192505,134.906998,73.246223,1070.706909,139.158569
3.183,-120.477501,1665.974976,39.080326,-12.218808,1674.608154,37.23592,-73.734421,1607.601318,115.978775,-128.537827,1429.976562,13.565598,-171.675797,1266.550781,-60.976337,-175.991379,1256.760132,58.366997,96.069901,1318.765259,50.24675,-121.284439,1354.290894,-154.429184,-3.213475,1447.499268,-93.860832,114.175003,1356.02002,-217.323013,249.605026,1374.233154,-208.654404,257.753448,1417.206543,43.423439,182.270508,1472.881592,26.126284,223.178787,1411.259644,115.955826,-139.471848,1328.477417,145.709595,6.233415,1419.623413,147.98735,58.871418,1285.383789,254.54715,200.432861,1198.560181,263.650146,234.73912,1243.978149,14.431011,159.550354,1281.893188,48.773788,228.471588,1300.423828,-44.635536,70.372757,1052.086304,-128.659912,-124.32148,1080.298828,-135.681213,-139.32312,1089.651611,135.011292,73.421532,1070.414551,139.127853
3.192,-120.535378,1665.038818,38.885578,-12.251628,1673.414062,36.936546,-73.767776,1606.453003,115.702759,-129.770096,1429.08374,13.057285,-172.841873,1265.069214,-61.306503,-176.457138,1255.132446,57.145672,94.680046,1317.951416,50.697697,-122.883667,1352.921631,-154.94899,-4.554733,1446.291504,-94.485947,112.821106,1353.674438,-217.287491,248.344727,1371.421631,-207.915756,251.19722,1405.934448,44.312656,176.826279,1462.380493,28.041805,214.710495,1397.125366,115.542213,-140.634384,1327.253784,145.19191,5.158068,1418.400757,147.843338,56.633202,1283.728271,255.137268,196.974731,1195.820435,266.609436,234.343994,1237.452881,16.958185,158.790848,1275.891724,49.703754,229.024139,1293.90625,-42.225052,70.113205,1051.258789,-127.507912,-124.638931,1078.675171,-135.622345,-139.451065,1088.043213,135.23172,73.549873,1070.086914,139.157181
3.2,-120.558479,1664.115601,38.666561,-12.282956,1672.147339,36.623306,-73.980461,1605.254883,115.352829,-131.070938,1427.932251,12.856672,-173.943207,1263.202515,-61.491867,-177.424866,1253.558105,56.819359,93.688271,1317.174072,51.67329,-124.484871,1351.452759,-155.335922,-6.041831,1445.125366,-95.2173,111.467873,1351.456055,-217.207184,247.361237,1368.542969,-207.25473,245.239273,1395.211548,45.118893,171.717957,1452.467651,29.213404,206.945389,1383.286255,114.745903,-141.943039,1325.972412,144.703339,4.058609,1417.248535,147.752579,54.408772,1282.209473,255.814377,193.483704,1193.231445,269.815399,234.147705,1230.702393,19.86478,157.122192,1270.225708,48.55732,229.69104,1286.84668,-39.824318,70.188972,1050.863281,-127.708031,-125.078781,1076.923218,-135.506775,-139.547546,1086.231567,135.265839,73.558586,1069.617065,139.243698
3.208,-120.549034,1663.164307,38.392658,-12.26322,1670.799072,36.331951,-74.108864,1604.122925,115.011734,-132.563431,1426.726074,12.790128,-175.043304,1261.591431,-61.82798,-179.256393,1251.973877,57.696457,93.035355,1317.388916,55.481529,-125.960052,1349.863037,-155.869644,-7.228615,1443.730591,-95.786766,110.213654,1349.152588,-217.059265,246.162445,1365.536743,-206.653564,239.992447,1384.981201,46.162258,166.327011,1442.358765,30.520372,199.976746,1369.873169,113.465912,-143.081345,1324.532593,144.25412,2.967894,1415.840576,147.677292,52.312084,1280.552246,256.459625,189.994019,1190.789795,273.283203,234.326065,1223.53479,22.911484,157.163986,1263.308105,49.954475,231.012115,1279.47168,-37.327801,70.182739,1050.367676,-127.949417,-125.441132,1075.113159,-135.561584,-139.706039,1084.44104,135.301605,73.26281,1069.515137,139.931671
3.217,-120.541695,1662.279663,37.96756,-12.178616,1669.552124,35.943314,-74.368134,1602.963379,114.605331,-133.791306,1425.585449,12.114305,-176.173309,1259.799683,-62.070232,-179.570602,1250.258057,56.259392,90.545692,1313.686401,50.644428,-127.532127,1348.308716,-156.275696,-8.546266,1442.390747,-96.398972,108.911377,1346.935303,-216.927307,245.139847,1362.515137,-206.105072,235.272354,1374.990723,46.322327,161.384933,1432.511963,31.15826,193.912857,1357.121338,112.043701,-144.203598,1323.255249,143.804718,1.981798,1414.519165,147.622696,50.113022,1278.983643,257.322052,186.502029,1188.435181,276.859802,234.760742,1216.071899,26.444107,157.099808,1257.05542,51.285946,232.437485,1271.761353,-34.704288,70.094139,1049.815552,-128.223984,-125.894669,1073.343872,-135.438873,-139.932236,1082.554565,135.391891,73.147659,1069.078369,140.119766
3.225,-120.553787,1661.368896,37.594952,-12.094213,1668.10498,35.763275,-74.791443,1601.795288,114.126556,-135.105789,1424.248047,12.118705,-177.365967,1258.214722,-62.43045,-180.657837,1248.570923,55.861801,88.807838,1309.010498,45.948711,-128.861618,1346.761108,-156.741333,-9.690783,1440.843872,-96.855263,107.789406,1344.680176,-216.684174,244.07515,1359.587769,-205.665436,231.020294,1365.619751,46.500046,156.661713,1422.864746,31.669796,188.239075,1344.868896,110.1987,-145.53157,1321.773071,143.465439,0.914566,1413.100586,147.537918,47.991035,1277.592041,258.303314,182.874878,1186.184204,280.548157,235.642609,1208.435791,30.093849,157.90863,1249.604248,52.785473,234.369186,1263.441528,-31.840067,70.364769,1049.718994,-130.129333,-126.350243,1071.422729,-135.435532,-140.0952,1080.690308,135.421692,72.945961,1068.564819,140.295532
3.233,-120.565086,1660.507446,37.018909,-12.050087,1666.719971,35.318604,-75.081566,1600.796753,113.660431,-136.344086,1423.035767,11.535891,-178.378174,1256.384033,-62.60313,-181.673492,1246.899292,55.649239,82.930885,1310.345947,42.420532,-130.192429,1345.185547,-157.145325,-10.787091,1439.483398,-97.362709,106.578735,1342.5,-216.556259,242.990738,1356.461792,-205.729019,227.309998,1357.007812,46.3223,152.665451,1413.771606,31.921078,183.023346,1333.44812,108.293434,-146.817886,1320.317627,143.174072,-0.283279,1411.603271,147.435944,45.904377,1276.183105,259.690735,179.316238,1184.098999,284.43988,237.21048,1200.722656,34.046303,158.857574,1242.385864,54.425014,237.023163,1254.880737,-28.949549,70.026764,1049.072388,-130.242172,-126.782608,1069.517334,-135.354736,-140.426544,1078.806152,135.437729,72.744766,1068.013794,140.436111
3.242,-120.489326,1659.584229,36.422165,-11.982743,1665.160522,34.693001,-75.39122,1599.687744,113.175201,-137.559586,1421.613647,11.478361,-179.409805,1254.747803,-62.89296,-182.731369,1245.067261,55.407249,80.86393,1306.325439,40.235542,-131.463486,1343.65686,-157.433594,-11.792276,1438.024292,-97.804802,105.475845,1340.187866,-216.351532,241.960999,1353.117554,-206.055939,224.498093,1349.247559,46.607014,149.889633,1405.743652,31.763367,177.998383,1323.431885,106.53138,-148.023376,1318.616577,142.931335,-1.794934,1409.855591,147.779266,43.549309,1274.404419,261.368378,175.873337,1182.250977,288.605408,239.287506,1192.965698,38.582581,160.53804,1234.820312,56.287678,240.351044,1245.902588,-25.481031,69.702827,1048.398315,-130.639297,-127.174782,1067.622192,-135.211807,-140.661758,1076.855713,135.316528,72.542534,1067.455933,140.517197
3.25,-120.540199,1658.63623,35.758762,-11.952478,1663.680054,34.080738,-75.79512,1598.59668,112.664368,-138.641724,1420.208618,11.323172,-180.339828,1252.884521,-62.95895,-183.701645,1243.167236,55.24065,80.742661,1302.018188,39.000751,-132.653946,1342.08313,-157.64183,-12.568654,1436.621216,-98.249077,104.234062,1337.888672,-216.211349,240.781815,1349.586792,-206.562225,222.169632,1341.693726,46.004154,148.213028,1399.400024,31.475981,175.58194,1316.816162,105.992477,-149.582474,1316.912354,142.594162,-3.290623,1408.33728,149.264862,40.944168,1272.64624,263.107544,172.327469,1180.52002,292.711884,241.863266,1185.322021,43.734001,164.15506,1227.104004,62.123108,244.231094,1236.619019,-21.723948,69.342415,1047.643188,-130.875824,-127.627968,1065.707031,-135.239456,-141.008911,1074.926025,135.331314,72.32357,1066.777588,140.556976
3.258,-120.649101,1657.63562,35.242901,-12.006155,1662.267456,33.528042,-76.212425,1597.580078,112.165428,-139.917114,1418.67627,11.053846,-181.309357,1251.279541,-63.234097,-184.740936,1241.258545,54.966114,82.008232,1297.981567,38.694653,-133.81517,1340.586304,-157.736542,-13.429296,1435.352661,-98.831856,103.304359,1335.800415,-218.421875,239.359772,1345.817261,-207.144165,220.188782,1335.41687,44.743435,147.602188,1394.816528,31.195448,174.816315,1312.680176,106.803024,-150.858109,1315.026245,142.399582,-4.622139,1406.786255,150.092941,38.321449,1271.022583,264.936279,168.73822,1179.071533,296.858551,244.770721,1177.807373,49.504055,165.917557,1218.871826,61.410217,249.091843,1227.039062,-17.588345,68.477539,1046.286621,-129.788223,-128.077835,1063.916626,-135.161911,-141.34404,1072.925049,135.212936,72.078384,1066.168579,140.618225
3.267,-120.75119,1656.658936,34.560581,-12.166998,1660.853149,32.991791,-76.552711,1596.681641,111.756767,-140.942566,1417.224976,10.851709,-182.130157,1249.404663,-63.280037,-185.714722,1239.246826,54.830139,,,,-134.924591,1339.099121,-157.901031,-14.250903,1434.184937,-99.332283,101.473389,1332.496582,-216.350235,237.698959,1341.747437,-207.635742,219.092178,1330.999023,43.571033,148.013153,1391.824585,30.871397,174.349197,1309.854858,107.170387,-152.109879,1313.293945,142.182098,-5.745951,1405.323364,150.215195,35.720715,1269.816284,266.635864,165.382248,1178.139648,301.247467,248.514984,1170.443115,55.773891,169.928696,1212.157593,66.879524,254.781006,1217.279297,-13.01245,68.427094,1045.837036,-131.131943,-128.471649,1062.15271,-135.224838,-141.761368,1071.030884,135.150818,71.836258,1065.462158,140.624695
3.275,-120.93853,1655.758179,33.963028,-12.366116,1659.599365,32.413681,-77.025902,1595.756592,111.340111,-141.872086,1415.921631,10.933293,-182.835068,1247.838745,-63.43116,-186.703064,1237.52417,54.544174,,,,-136.100876,1337.785767,-157.898315,-15.067356,1433.058228,-99.851746,100.047783,1329.954712,-217.671066,235.913651,1337.572632,-207.972321,218.78067,1327.794678,43.169846,149.107346,1390.534546,30.894911,174.120102,1308.367065,107.206375,-153.425034,1311.546143,141.945099,-6.829927,1404.027588,150.089066,33.521568,1269.369263,267.909149,162.064072,1177.656372,305.325653,252.933289,1163.37561,62.594852,173.701904,1204.625,67.792946,261.351288,1207.625732,-7.708182,68.159897,1045.13269,-131.614807,-128.870163,1060.383545,-135.202911,-142.191864,1069.179199,135.03624,71.569443,1064.833374,140.691422
3.283,-121.274658,1654.929932,33.470623,-12.637745,1658.443726,32.027622,-77.477295,1594.865723,111.004639,-142.795776,1414.691772,10.858859,-183.59671,1246.189331,-63.409187,-187.502228,1235.691528,54.450443,,,,-137.171722,1336.394287,-157.83522,-15.898624,1432.074463,-100.500465,98.916649,1327.324219,-219.246292,234.124603,1333.403809,-208.142273,218.724838,1325.724365,43.274879,150.554703,1390.275879,31.285032,174.007553,1307.354858,107.451767,-154.338669,1310.033447,141.761459,-7.92345,1402.956543,150.089005,31.469721,1269.240601,268.593048,158.738495,1177.918091,309.627502,257.945831,1156.797852,70.155136,177.640213,1197.820923,66.690262,268.623871,1198.00061,-1.789741,67.86351,1044.277954,-131.866287,-129.187683,1058.823242,-135.19017,-142.637985,1067.365723,134.974564,71.278046,1064.108032,140.822784
3.292,-121.496948,1654.098389,33.228413,-12.895877,1657.340942,31.751011,-77.904869,1594.077271,110.685501,-143.805176,1413.574829,10.826913,-184.180969,1244.78125,-63.466721,-188.290253,1234.260498,54.225765,,,,-138.222549,1335.106323,-157.706833,-16.649757,1431.176636,-101.120796,97.330505,1324.405762,-219.405807,232.466461,1329.456299,-208.102844,218.980743,1324.470093,43.36919,151.775558,1390.455688,31.744621,174.106628,1307.127563,107.804031,-155.164398,1308.683105,141.634583,-8.738987,1401.905396,149.79718,29.789703,1269.310669,269.175903,155.787567,1178.9104,313.673401,263.717163,1150.814453,78.1623,182.144485,1192.252319,64.876549,276.78299,1188.863037,4.873247,67.70649,1043.544556,-131.962814,-129.460159,1057.411133,-135.302017,-143.121109,1065.817383,134.85556,70.970467,1063.312866,140.911423
3.3,-121.881142,1653.456665,32.864414,-13.192719,1656.456543,31.479687,-78.364174,1593.3302,110.399315,-144.55072,1412.629395,10.640273,-184.697021,1243.320679,-63.395546,-188.90686,1232.821777,54.198635,72.976631,1296.139771,45.660736,-139.196533,1333.934814,-157.807739,-17.31813,1430.293213,-101.726425,95.671432,1321.658203,-219.544052,231.096268,1326.021729,-207.970444,219.183929,1324.043701,43.654121,152.409866,1390.689697,32.038956,174.220642,1307.292114,108.178261,-155.907288,1307.706177,141.368088,-9.39297,1401.222412,149.323639,28.017847,1269.612427,269.620819,153.163345,1180.462036,317.577789,269.962372,1145.156738,86.570038,187.342957,1187.552734,63.030163,285.722015,1180.452148,12.278654,67.078918,1042.220947,-130.730545,-129.662384,1056.141113,-135.280792,-143.561523,1064.383667,134.849472,70.754211,1062.623169,140.955215
3.308,-122.264778,1652.91626,32.68465,-13.59786,1655.703369,31.228567,-78.920357,1592.644409,110.157928,-145.173279,1411.802246,10.257946,-185.301575,1242.325562,-63.528194,-189.463531,1231.893677,54.044937,71.928406,1295.815796,45.996281,-139.961044,1332.82019,-157.763962,-17.984093,1429.566895,-102.304726,94.658241,1318.918091,-219.609833,230.207809,1323.200195,-207.52948,219.053513,1324.136719,44.061264,152.219696,1390.772827,32.060493,174.362793,1308.093262,108.757912,-156.683578,1306.836304,141.126358,-10.049998,1400.693848,149.017426,26.687149,1270.214966,270.347015,150.866882,1182.600342,321.283081,276.67984,1140.515625,95.613602,193.190628,1183.613159,61.549267,295.381836,1172.537476,20.538115,67.332054,1041.955811,-132.024414,-129.781265,1055.215576,-135.374084,-143.982544,1063.094849,134.773071,70.511703,1061.892578,141.135941
3.317,-122.682152,1652.486328,32.522972,-14.028437,1655.086182,31.106598,-79.544769,1592.033203,109.946922,-145.760559,1411.092896,10.118221,-185.624634,1241.46875,-63.64846,-189.853271,1231.163208,53.902729,71.206085,1295.855957,46.290577,-140.510086,1331.894409,-157.950699,-18.62846,1429.077759,-102.938606,93.698822,1316.019897,-217.083527,229.37915,1321.164185,-206.967056,218.688766,1324.846436,44.668953,151.294144,1390.696045,31.902113,174.281174,1309.118774,109.483696,-157.169388,1306.292236,140.854309,-10.62542,1400.500488,148.615631,25.12768,1271.203125,271.164795,148.768631,1185.244995,324.928864,283.700897,1136.751343,105.164047,199.634766,1180.458496,61.044659,305.292908,1165.66333,29.674238,67.391289,1041.457153,-132.301605,-129.857254,1054.401123,-135.456802,-144.346298,1062.225952,134.737305,70.272736,1061.207642,141.178238
3.325,-123.250778,1652.151367,32.34206,-14.549574,1654.705688,30.906382,-80.066154,1591.624634,109.720268,-146.239578,1410.632324,9.805341,-185.741653,1240.743652,-63.735729,-190.153748,1230.615479,53.637535,70.298149,1296.005249,46.767406,-140.848648,1331.104858,-158.165802,-19.072432,1428.758667,-103.384178,93.435608,1314.552856,-216.210342,229.044327,1319.876709,-206.205658,218.017502,1325.745117,45.222668,149.761795,1390.604492,31.642504,173.923355,1310.191406,110.27076,-157.562012,1305.928101,140.544479,-11.248873,1400.490479,148.230316,24.043032,1272.591797,272.053833,147.073776,1188.25061,328.473175,290.677826,1134.127686,114.973549,205.764557,1177.615845,61.885208,315.96817,1159.692749,39.759304,67.585854,1041.015381,-132.429535,-129.924713,1053.840698,-135.495682,-144.635452,1061.551758,134.59874,70.035339,1060.688965,141.100876
3.333,-123.802437,1651.949219,32.098637,-15.078206,1654.585693,30.633432,-80.465942,1591.471313,109.508705,-146.57019,1410.423706,9.282362,-185.900864,1240.314575,-63.889912,-190.352005,1230.374268,53.399902,69.766037,1296.288574,47.129604,-141.077866,1330.549072,-158.48024,-19.421665,1428.68689,-103.798355,93.443237,1313.718262,-215.291855,228.99144,1319.349121,-205.393738,217.279663,1327.138672,46.026981,148.011765,1390.589478,31.466484,173.16098,1311.621216,111.093811,-157.845444,1305.806641,140.194626,-11.897487,1400.715332,147.864029,23.046999,1274.38208,272.882935,145.481781,1191.621216,331.866821,298.248383,1132.53186,125.458641,219.61351,1169.595825,89.074806,327.046417,1154.936157,50.704559,67.699852,1040.888672,-132.50708,-129.911957,1053.596191,-135.538132,-144.87175,1061.307251,134.589767,69.820648,1060.304932,140.998108
3.342,-124.386024,1651.873413,31.850323,-15.717002,1654.672852,30.340977,-80.943092,1591.476807,109.255142,-146.800598,1410.339722,8.89946,-185.875717,1240.210327,-64.179474,-190.371597,1230.38562,53.042507,69.302582,1297.057007,47.521229,-141.054733,1330.318848,-158.908096,-19.690176,1428.829956,-104.114723,93.752838,1313.508179,-214.419373,229.209106,1319.414917,-204.574707,216.074966,1328.412476,46.658279,146.06839,1390.807129,31.239222,171.930328,1313.117798,111.796928,-158.055862,1305.918579,139.705887,-12.282995,1401.266846,147.365753,21.944317,1276.167603,274.01004,144.113052,1195.206177,334.845367,305.790619,1131.974609,136.366058,230.210022,1166.08313,103.93071,338.407562,1151.433838,62.422722,67.602211,1040.336182,-130.993027,-129.856186,1053.627686,-135.640366,-144.928879,1061.324951,134.534454,69.628403,1060.088867,140.886307
3.35,-125.027817,1652.028442,31.537247,-16.343336,1655.003418,30.111542,-81.608315,1591.674316,108.871361,-146.922485,1410.492432,8.248484,-185.643951,1240.398315,-64.574089,-190.383133,1230.676147,52.688805,68.855545,1297.973267,48.019096,-140.833405,1330.353394,-159.378937,-19.869726,1429.22168,-104.389351,94.19178,1313.901489,-213.891129,229.740723,1320.041382,-203.573807,214.785278,1329.774414,47.610535,144.226501,1391.221802,31.20536,170.692871,1314.605103,112.668358,-158.201279,1306.290527,139.225922,-12.706625,1401.948364,147.084229,20.847288,1278.208374,274.874054,143.008743,1199.102661,337.958282,313.418671,1132.96106,147.513199,239.761673,1166.703491,110.147011,349.875824,1149.615845,75.071617,67.935829,1040.484619,-130.91925,-129.745544,1053.954468,-135.821976,-144.879105,1061.630737,134.423752,69.490379,1060.098999,140.769455
3.358,-125.723465,1652.414917,31.120707,-17.005213,1655.571533,29.783224,-82.200745,1592.052124,108.484985,-146.997696,1410.908691,7.740081,-185.432846,1240.906494,-65.03875,-190.215378,1231.153687,52.369236,74.2798,1301.35791,63.668041,-140.443573,1330.700562,-159.869705,-19.905991,1429.818359,-104.503166,94.931488,1314.724365,-213.495544,230.289352,1321.026367,-202.569336,213.630188,1331.363159,48.610653,142.470123,1391.949951,31.277597,169.433289,1316.465332,113.584335,-158.19664,1306.874146,138.608185,-13.091385,1402.941528,146.85405,20.052729,1280.266113,275.710052,142.026062,1202.847046,339.736847,321.008331,1135.041992,158.79567,249.340179,1168.775024,116.394951,361.233459,1149.261475,88.079887,68.332924,1040.854736,-130.801468,-129.556,1054.612915,-136.05513,-144.747498,1062.243164,134.379425,69.335518,1060.493774,140.725311
3.367,-126.423805,1652.896973,30.731865,-17.599531,1656.368896,29.44138,-82.726387,1592.711182,108.163155,-146.861908,1411.44165,7.029628,-185.105804,1241.54248,-65.5522,-189.982056,1231.924316,51.970276,74.1521,1303.274048,64.286476,-139.914856,1331.395386,-160.381531,-19.713764,1430.558716,-104.47226,95.721581,1315.879028,-213.26561,231.040558,1322.245972,-201.421341,212.424149,1333.195923,49.477711,140.904053,1392.860352,31.47715,168.078781,1318.397949,114.461006,-158.077362,1307.619995,138.111282,-13.439115,1404.083496,146.735733,18.980345,1282.581055,276.226715,140.937378,1206.92981,342.320038,328.575287,1138.251587,170.474777,259.222015,1171.661133,123.645119,372.56131,1150.967285,101.986588,69.23671,1041.974609,-132.200272,-129.414322,1055.450439,-136.184158,-144.515274,1063.173828,134.306122,69.478798,1060.76355,140.639206
3.375,-127.021492,1653.446411,30.145536,-18.2838,1657.180298,29.018408,-83.22345,1593.562012,107.753197,-146.632751,1412.103516,6.385365,-184.538208,1242.401611,-65.84713,-189.654373,1232.825439,51.512848,73.732338,1303.759033,62.193073,-139.300003,1332.33313,-160.724823,-19.39366,1431.473877,-104.293571,96.67984,1317.43689,-213.009659,231.852295,1323.658691,-200.24823,211.740555,1335.253174,50.688076,139.612915,1394.099854,31.75947,167.332016,1320.899658,115.653214,-157.892868,1308.562866,137.59024,-13.723324,1405.580811,146.585754,18.28553,1284.905396,276.93399,139.735077,1210.974609,344.697021,335.990204,1142.952271,182.304886,269.141388,1175.84314,131.186508,383.515259,1154.631836,116.014923,69.063133,1042.025757,-130.476257,-129.098343,1056.56897,-136.524826,-144.307129,1064.270386,134.112244,69.623741,1061.332642,140.618454
3.383,-127.551285,1654.112183,29.621943,-19.014875,1658.262939,28.749226,-83.756599,1594.434692,107.340073,-146.156952,1413.001709,6.036028,-183.929718,1243.729248,-66.415329,-189.227661,1234.143311,51.00111,73.445335,1304.328979,58.124531,-138.472504,1333.553589,-161.057968,-18.905853,1432.63501,-104.044624,97.580925,1319.244629,-212.770447,232.708908,1325.231445,-198.924988,211.218689,1337.829346,51.923775,138.640625,1395.568359,32.08815,166.792419,1323.521851,116.979607,-157.587799,1309.772827,136.99292,-13.866461,1407.12915,146.315292,17.432087,1287.444214,277.534698,138.734711,1215.040283,346.884796,342.89505,1148.678223,193.523315,278.80365,1181.181274,139.2117,394.106171,1160.030151,130.303467,69.419724,1042.805908,-130.275177,-128.75296,1057.868652,-136.741257,-143.912323,1065.665527,133.887482,69.81089,1062.253906,140.516296
3.392,-128.189438,1654.977783,28.936926,-19.510363,1659.487915,28.139305,-84.472046,1595.54126,106.793716,-145.447525,1414.141602,5.562082,-183.235413,1245.093262,-66.767616,-188.682999,1235.479736,50.588253,73.29174,1304.945923,53.231068,-137.53891,1334.923706,-161.4245,-18.422586,1433.938599,-103.856804,98.939407,1321.319336,-213.574783,233.648636,1326.805786,-197.593872,211.235992,1340.886475,53.358753,137.828217,1397.163574,32.462532,166.866867,1326.806274,118.51738,-157.174713,1310.980835,136.529053,-13.871096,1408.888794,146.27536,16.800938,1289.950073,278.214264,137.745331,1219.160645,348.991852,349.590637,1155.713501,204.760849,288.161835,1187.986206,147.57576,403.897339,1167.040649,144.798065,69.738342,1043.686401,-130.073257,-128.312302,1059.527466,-136.979691,-143.547897,1067.130127,133.776276,69.997337,1063.261475,140.509842
3.4,-128.779587,1655.927002,28.354218,-20.117353,1660.736328,27.826496,-84.977013,1596.661743,106.439537,-144.794739,1415.35498,5.254901,-182.523956,1246.698608,-67.245125,-188.026016,1237.114746,50.091358,73.266113,1305.020996,48.626175,-136.587402,1336.516724,-161.658188,-17.682085,1435.36084,-103.614616,100.106873,1323.307617,-213.293655,234.735046,1328.570068,-196.163162,211.488159,1344.109619,54.877502,137.22702,1398.902588,32.89481,167.264313,1330.413452,120.183632,-156.649033,1312.467285,136.061386,-13.717415,1410.72876,146.161118,16.18437,1292.614502,278.797668,136.825851,1223.194092,351.015503,355.833984,1163.777222,216.069687,297.005981,1196.182617,155.8741,413.032166,1175.796021,159.086746,69.956276,1044.68103,-129.952255,-127.840477,1061.255127,-137.24588,-143.197906,1068.825684,133.459579,70.287422,1064.502197,140.443756
3.408,-129.379379,1656.715088,27.757013,-20.719484,1661.967041,27.364822,-85.500908,1597.812378,105.955048,-144.020432,1416.515503,4.898225,-181.679672,1248.356812,-67.51754,-187.243027,1238.773438,49.888927,73.616325,1305.999023,44.527046,-135.359619,1338.225342,-161.865784,-16.741718,1436.782349,-103.324402,101.149605,1324.822388,-211.319855,235.91098,1330.212524,-194.660309,211.988113,1347.62915,56.421131,136.922455,1400.791748,33.357624,167.854568,1334.2229,121.841553,-155.964142,1313.946533,135.645813,-13.441608,1412.557373,146.08548,15.815676,1295.33728,279.562744,135.709137,1227.186035,353.002716,361.542236,1172.922119,226.927734,305.78598,1206.068481,164.563782,421.314514,1185.814087,173.400665,70.167732,1045.703125,-129.771698,-127.362785,1063.228882,-137.461685,-142.699875,1070.584717,133.204269,70.524391,1065.778076,140.373367
3.417,-129.86235,1657.552612,27.128935,-21.372116,1663.346924,26.983452,-85.862816,1598.983643,105.531319,-143.028717,1418.033569,4.66087,-180.761093,1250.32959,-67.814728,-186.391739,1240.692505,49.502125,74.098816,1306.824341,41.572243,-134.16452,1339.969238,-161.990387,-15.800191,1438.428223,-102.977493,102.48024,1326.795288,-210.767624,237.139099,1331.98291,-193.15271,212.732132,1351.115479,57.965199,136.968323,1403.034668,33.975124,168.761154,1338.076294,123.502174,-155.02182,1315.621582,135.234665,-12.970927,1414.548828,146.062164,15.556657,1297.764038,280.200989,134.813248,1231.218262,355.04715,366.648743,1182.77063,237.303482,313.384827,1217.354004,173.227631,428.40506,1197.204468,187.040405,70.304977,1046.729004,-129.781113,-126.801582,1065.312012,-137.696243,-142.306488,1072.506958,133.016647,70.824196,1067.171509,140.269043
3.425,-130.380936,1658.504761,26.447962,-21.816605,1664.608643,26.735891,-86.257545,1600.142334,105.138901,-141.776611,1419.442139,5.238261,-179.720413,1252.166138,-68.124557,-185.404541,1242.700195,49.128044,76.948318,1311.759155,52.693146,-132.750977,1341.856812,-162.163437,-14.723208,1439.985474,-102.740303,103.883911,1328.608521,-210.279785,238.543518,1333.776245,-191.693848,213.483124,1354.399658,59.479767,137.299576,1405.404053,34.750195,169.517273,1341.723633,125.027466,-153.966553,1317.304688,134.859055,-12.37756,1416.505737,146.005585,15.276302,1300.011719,279.599396,134.209778,1235.128174,357.04776,371.195129,1193.723022,247.96521,319.828674,1229.641602,181.8116,434.55191,1209.448364,200.408432,70.450005,1047.950684,-129.720108,-126.297401,1067.38147,-137.766769,-141.816925,1074.485107,132.82045,71.147835,1068.468384,140.080688
3.433,-130.82724,1659.304321,25.922129,-22.233044,1665.988892,26.303547,-86.710724,1601.239014,104.688583,-140.567719,1420.848267,5.198138,-178.596283,1254.251343,-68.367546,-184.226303,1244.578369,48.967083,77.747887,1312.592163,52.978786,-131.339447,1343.706909,-162.344299,-13.53381,1441.672485,-102.409508,105.612465,1330.589111,-210.346039,239.99501,1335.738525,-190.221817,214.320847,1357.611938,60.834553,137.920807,1408.026978,35.589069,170.268921,1345.147705,126.374947,-152.94902,1319.189697,134.393616,-11.688243,1418.449219,145.787628,15.11368,1302.561646,279.951874,133.578613,1239.123413,359.140137,374.77475,1204.922852,256.560577,326.095215,1243.099609,189.756592,439.758942,1222.952148,213.171127,70.615807,1049.015259,-129.754807,-125.82222,1069.480713,-137.905792,-141.322845,1076.459839,132.614044,71.413063,1069.701416,139.930298
3.442,-131.177277,1660.011353,25.379349,-22.636425,1667.177734,25.915874,-86.925278,1602.322876,104.332855,-139.287415,1422.281738,4.919817,-177.464752,1256.33606,-68.651558,-183.05545,1246.721069,48.674088,78.808426,1314.333984,53.483658,-129.673813,1345.550293,-162.456665,-12.212809,1443.275146,-102.013817,107.333397,1332.448364,-209.752304,241.611313,1337.681152,-188.818069,215.251602,1360.697144,62.200062,138.636993,1410.781494,36.473938,170.976837,1348.369751,127.650291,-151.774994,1320.922607,134.010056,-10.915051,1420.477417,145.633972,15.223489,1305.191772,280.287445,133.080078,1243.083618,361.17218,377.620056,1217.141724,264.791687,331.286469,1257.344604,197.608521,443.726959,1237.620728,225.092529,70.754333,1050.055786,-129.814743,-125.488159,1071.615723,-138.00676,-140.786758,1078.577026,132.380981,71.812096,1071.016479,139.710281
3.45,-131.52002,1660.713867,24.917894,-23.056389,1668.354004,25.721014,-87.188591,1603.277832,104.01532,-137.821747,1423.730469,4.729406,-176.24855,1258.306152,-68.796684,-181.843933,1248.817383,48.391796,79.85125,1316.727661,53.068951,-128.073624,1347.391357,-162.610916,-10.86521,1444.826782,-101.735275,109.202972,1334.199585,-209.07872,243.277069,1339.772583,-187.442245,216.141617,1363.644897,63.433884,139.575684,1413.532227,37.356064,171.88559,1351.561157,128.927643,-150.601547,1322.753296,133.575653,-10.136262,1422.401611,145.414871,15.2487,1307.574951,280.577271,132.572311,1247.178711,363.354614,380.132599,1229.87793,272.600494,335.198303,1272.369751,205.56012,446.953674,1253.499146,236.432541,70.89843,1051.093628,-129.941681,-125.083832,1073.583008,-138.102371,-140.18042,1080.62146,132.1819,72.186134,1072.123291,139.425903
3.458,-131.767624,1661.35144,24.452969,-23.437998,1669.522339,25.351982,-87.406151,1604.12854,103.686157,-136.327927,1425.06665,4.490561,-174.847595,1260.383545,-69.105789,-180.459885,1250.830444,48.262402,80.72596,1318.307861,51.92918,-126.273918,1349.129272,-162.71077,-9.415513,1446.470703,-101.23114,111.121521,1336.034668,-208.270218,245.012222,1341.926392,-186.121063,216.989822,1366.525024,64.618996,140.480392,1416.192993,38.05822,172.640533,1354.588867,130.000092,-149.136749,1324.609741,133.201981,-9.249115,1424.390015,145.356644,15.203853,1310.306152,281.23175,132.307907,1251.120239,365.327698,382.093445,1243.519165,279.915131,337.899811,1287.979614,213.266647,449.075653,1270.457153,247.05838,70.995201,1051.995483,-130.146469,-124.817291,1075.650513,-138.136475,-139.527405,1082.635498,132.06636,72.622215,1073.181274,138.965851
3.467,-132.09462,1661.834351,24.139843,-23.783146,1670.453735,25.06164,-87.386726,1604.939209,103.47834,-134.778946,1426.468872,3.705923,-173.42395,1262.291016,-69.239258,-179.062912,1252.874146,47.879978,81.576637,1319.649414,50.300896,-124.398094,1350.866699,-162.79866,-7.984145,1448.018188,-100.807846,113.068359,1337.918091,-207.437332,246.809006,1344.011841,-184.843903,217.962936,1369.369263,65.747765,141.324188,1418.569092,38.736725,173.47757,1357.596313,131.035095,-147.862686,1326.283203,132.921326,-8.253265,1426.339478,145.365433,15.042548,1313.013672,282.107361,131.894058,1255.18689,367.55011,383.418457,1257.970215,286.675629,339.69635,1303.930664,220.654099,450.24704,1288.126587,256.912079,71.136879,1052.765991,-130.366989,-124.493393,1077.594849,-138.372528,-138.798859,1084.625,131.927826,73.037956,1074.133667,138.739441
3.475,-132.441956,1662.161621,23.863735,-24.283867,1671.456421,24.840282,-87.356682,1605.682861,103.290459,-133.105438,1427.691406,3.873796,-172.053192,1264.236084,-69.407936,-177.516876,1254.851318,47.740875,82.492302,1320.728027,48.558811,-122.553741,1352.557129,-162.888107,-6.327297,1449.419678,-100.247002,115.027153,1339.741211,-206.491425,248.634979,1346.252319,-183.676682,219.085312,1372.355713,66.765968,142.114639,1420.831665,39.228889,174.447174,1360.65271,132.070862,-146.471375,1328.090576,132.609756,-7.31202,1428.459351,145.718658,14.967822,1315.643555,282.933502,131.680664,1259.023804,369.555603,384.18689,1272.869873,293.040558,339.809845,1319.821777,228.232559,450.456421,1306.634033,266.159729,71.201462,1053.435425,-130.589142,-124.252914,1079.47522,-138.302917,-138.002243,1086.593506,131.782318,73.613174,1074.88562,138.198135
3.483,-132.868149,1662.317139,23.706978,-24.602375,1672.22937,24.40859,-87.342728,1606.245972,103.13636,-131.449951,1428.94165,3.296619,-170.570724,1266.0448,-69.519127,-176.067123,1256.703735,47.624897,83.536179,1321.735718,46.972721,-120.666031,1354.133179,-162.803345,-4.759526,1450.842407,-99.610725,116.974312,1341.610352,-205.524902,250.508072,1348.384766,-182.555542,219.979279,1374.918457,67.434471,142.656082,1422.800293,39.637508,175.635178,1363.686523,133.19249,-145.00383,1329.715576,132.32196,-6.308964,1430.327759,145.621399,14.905951,1318.333496,283.710785,131.525482,1262.908691,371.625244,384.268494,1288.422974,298.899292,339.300507,1336.52771,234.906067,449.596466,1325.785522,274.594177,71.832016,1054.553467,-132.649658,-123.916992,1081.208862,-138.479492,-137.18454,1088.45105,131.735245,74.229095,1075.415161,137.909882
3.492,-133.261032,1662.306519,23.574112,-25.069201,1673.008789,24.20249,-87.296455,1606.65332,103.050049,-129.714264,1430.109131,3.01069,-169.057983,1267.745605,-69.604362,-174.599075,1258.565552,47.464649,91.216377,1325.760376,62.058838,-118.653351,1355.644287,-162.788971,-3.152178,1452.099731,-98.981644,119.125748,1343.484497,-204.5336,252.353165,1350.562134,-181.465179,220.926071,1377.975342,68.569427,143.108765,1424.437256,40.026642,176.61673,1366.707275,134.140793,-143.629959,1331.341309,132.091248,-5.286821,1432.155518,145.359879,14.72917,1321.131714,284.906372,131.471527,1266.617676,373.437317,384.763306,1303.996338,303.822937,337.273346,1353.030273,241.080246,447.49527,1345.520874,282.409027,71.678642,1054.689453,-132.184418,-123.657715,1082.879272,-138.420715,-136.326324,1090.16626,131.704178,74.910004,1075.710327,137.46167
3.5,-133.659332,1662.197266,23.572691,-25.582346,1673.681396,23.997065,-87.206673,1606.956055,103.044861,-128.041275,1431.223511,2.888015,-167.601227,1269.483765,-69.773697,-172.981094,1260.110352,47.473488,92.246574,1326.629517,60.307251,-116.771538,1357.148682,-162.720978,-1.470469,1453.380615,-98.278816,121.009277,1345.276611,-203.644379,254.268051,1352.512573,-180.365921,222.038498,1380.673828,69.36422,143.726089,1425.811523,40.086407,177.472198,1369.44751,135.080124,-142.191544,1332.827637,131.800507,-3.973766,1433.944214,144.808777,14.484488,1323.656494,285.734863,131.478363,1270.140381,375.311188,382.748871,1320.914429,309.257446,334.04245,1369.313721,247.340332,444.150177,1365.596191,289.426544,71.73941,1054.913208,-132.534515,-123.237892,1084.398315,-138.405182,-135.369293,1091.780151,131.64679,75.636383,1075.957275,136.975616
3.508,-134.09021,1661.858887,23.638828,-26.286345,1674.607056,24.024206,-87.004013,1607.216309,103.112564,-126.31041,1432.253418,2.712589,-165.961365,1270.876221,-69.748756,-171.503113,1261.719604,47.317841,93.832832,1327.940918,60.635456,-114.839256,1358.504883,-162.689804,0.131757,1454.421265,-97.654884,123.058372,1347.002563,-202.85463,256.085266,1354.47998,-179.312408,222.951401,1383.37915,70.175156,144.006119,1427.202759,40.592712,178.534821,1372.269287,136.027206,-140.708694,1334.280884,131.726532,-2.85217,1435.609131,144.529114,14.305451,1326.207642,286.688232,131.556168,1273.70459,376.949005,380.81601,1337.864868,313.804688,329.826599,1385.449951,252.805649,439.649445,1385.828247,295.681458,71.702789,1054.921631,-132.457169,-122.827576,1085.92749,-138.342224,-134.420685,1093.254028,131.455627,76.453011,1076.100952,136.485474
3.517,-134.536194,1661.51416,23.770079,-26.825603,1675.168091,23.747925,-86.742226,1607.426758,103.213074,-124.705597,1433.162842,3.103971,-164.577316,1272.443115,-69.829628,-170.009079,1263.118164,47.392586,95.423645,1329.415649,60.637646,-112.936501,1359.837891,-162.628647,1.810236,1455.470947,-96.982521,124.950058,1348.634033,-202.142365,257.959045,1356.305908,-178.334427,223.768387,1385.930786,70.954285,144.491394,1428.534668,40.775261,179.419281,1374.946655,136.87677,-139.418625,1335.619995,131.398712,-2.055934,1437.27417,144.253143,13.878693,1328.667358,287.776367,131.771362,1276.967773,378.543365,377.613953,1354.522583,317.632538,324.449036,1401.214966,257.729248,434.185974,1406.202881,301.113708,71.767555,1054.879639,-132.664642,-122.26223,1087.43103,-138.521301,-133.476273,1094.629517,131.587433,77.299034,1076.023193,136.04306
3.525,-134.858536,1661.042725,24.019453,-27.211149,1675.835938,23.766306,-86.376205,1607.579468,103.387039,-122.96962,1434.109985,3.424716,-163.078445,1273.636597,-69.783501,-168.585983,1264.487183,47.226681,97.151657,1330.386353,61.015244,-111.177223,1360.962646,-162.437378,3.511085,1456.373535,-96.407494,126.779335,1350.071777,-201.529007,259.731964,1357.929443,-177.343582,224.484741,1388.150391,71.74408,144.990204,1429.809814,41.049229,180.327499,1377.568848,138.017303,-137.973663,1336.857422,131.33847,-1.11646,1438.759033,143.76384,13.529509,1330.973633,288.822418,131.786926,1280.107788,380.129822,373.693115,1371.415894,321.107239,318.025024,1416.453247,262.145782,427.295807,1426.348145,305.731903,71.859383,1054.707275,-132.776184,-121.882477,1088.543823,-138.30777,-132.46022,1095.883301,131.62207,78.136032,1075.853394,135.554672
3.533,-135.138123,1660.65271,24.295736,-27.661999,1676.504639,24.197937,-85.965828,1607.700562,103.597031,-121.483788,1435.048828,3.137359,-161.670059,1274.834106,-70.059509,-167.113922,1265.583252,47.269936,99.579475,1331.371094,63.479572,-109.369659,1362.042236,-162.349487,5.000484,1457.171143,-95.945496,128.723022,1351.377075,-200.987396,261.38562,1359.475464,-176.376297,225.402664,1390.669556,72.72612,145.427917,1431.030762,41.258472,180.989838,1379.778076,139.011139,-136.85231,1338.035278,131.130859,-0.299699,1440.210815,143.42926,13.267954,1333.053101,289.609558,132.191177,1283.412354,381.342255,369.008759,1388.037231,323.986969,310.591522,1431.191772,266.063751,419.411499,1446.301758,309.560211,72.007446,1054.399414,-132.927826,-121.352097,1089.73877,-138.24118,-131.564316,1097.020386,131.60968,79.006645,1075.547363,135.043335
3.542,-135.268204,1660.250366,24.618505,-27.917072,1676.944458,23.895519,-85.380424,1607.799561,103.922035,-119.993759,1435.874756,3.110972,-160.515366,1275.910522,-69.779762,-165.88205,1266.650757,47.287651,101.707405,1334.871948,67.470543,-107.69323,1362.970825,-162.247742,6.626414,1457.961914,-95.383957,130.519562,1352.526489,-200.546844,263.161682,1360.744141,-175.392044,226.339935,1392.552246,73.234802,145.939865,1432.090454,41.588654,181.693527,1382.084473,139.894836,-135.617416,1339.053101,130.927734,0.661064,1441.44873,142.929047,13.104564,1334.881714,290.223541,132.653778,1286.642456,382.41098,363.631348,1404.499634,326.240112,302.518036,1445.148438,269.095917,410.497955,1465.627075,312.556,72.316032,1053.955933,-133.149414,-120.785614,1090.717041,-138.197159,-130.543671,1098.110596,131.650848,79.757607,1075.214966,134.607147
3.55,-135.242035,1659.838379,24.917913,-28.016315,1677.383789,23.968691,-84.742088,1607.880127,104.22216,-118.391869,1436.699951,3.273035,-159.138794,1276.79895,-69.809708,-164.605164,1267.601318,47.280605,103.751442,1334.951538,67.554893,-106.037888,1363.705322,-162.025131,7.99712,1458.626221,-94.919617,132.28804,1353.507202,-200.050507,264.825928,1361.886597,-174.434235,226.932159,1394.35083,73.916107,146.504883,1433.150269,41.827518,182.65831,1384.164429,140.308548,-134.568909,1339.958374,130.863342,1.279011,1442.630371,142.662567,12.948162,1336.587402,290.768311,133.389404,1289.873535,383.411438,357.375397,1420.57959,327.995941,293.572327,1458.355591,271.7854,400.744873,1484.077881,314.735229,72.733475,1053.460815,-133.339432,-120.181068,1091.558472,-138.127884,-129.598465,1098.969727,131.747131,80.6483,1074.796509,134.129868
3.558,-135.051804,1659.558594,25.226601,-27.929108,1677.831055,24.362755,-84.051323,1608.003174,104.513512,-117.042999,1437.257446,3.197871,-157.981339,1277.523804,-69.752907,-163.386993,1268.267334,47.384155,105.63166,1332.411133,64.711754,-104.487488,1364.39502,-161.906082,9.514685,1459.163696,-94.41478,133.903809,1354.276245,-199.566467,266.429596,1362.820923,-173.536026,227.489685,1396.125732,74.719292,147.046448,1434.165039,41.928539,183.119293,1385.977417,141.026688,-133.568283,1340.707642,130.82222,1.73656,1443.613525,142.21814,12.950956,1338.060913,291.160919,134.57933,1293.239746,383.478943,350.704926,1436.103882,328.75354,284.019806,1470.82019,273.861053,390.531128,1501.919067,316.089355,73.125359,1053.112183,-133.622452,-119.700584,1092.395752,-138.117798,-128.643982,1099.815186,131.794189,81.392326,1074.277588,133.682159
3.567,-134.656113,1659.371216,25.613943,-27.619841,1678.138794,24.182247,-83.275917,1608.198975,104.821022,-115.76783,1437.759521,2.945798,-157.006195,1278.359009,-69.695908,-162.34346,1268.933105,47.455036,,,,-103.059532,1365.001465,-161.772018,10.756558,1459.609497,-93.996056,135.47142,1354.978149,-199.078156,267.854767,1363.573486,-172.623383,227.988983,1397.348145,75.377815,147.479889,1435.108765,42.155193,183.470459,1387.901611,141.624512,-132.774353,1341.404297,130.761856,2.221115,1444.501221,141.774139,13.079379,1339.397827,291.412018,135.417709,1296.697876,384.025238,343.365662,1451.133057,328.994568,273.934814,1482.568604,275.269989,379.419067,1519.157104,316.803101,73.543434,1052.850708,-133.845047,-119.176888,1092.984131,-138.083954,-127.805916,1100.463257,131.876953,82.08313,1073.856934,133.271851
3.575,-134.080566,1659.316406,25.899574,-27.046747,1678.533203,24.369722,-82.382797,1608.478516,105.163879,-115.068848,1438.154541,2.010024,-156.006958,1278.896729,-69.564674,-161.411911,1269.499023,47.549782,,,,-101.640511,1365.511353,-161.525757,12.074972,1460.023926,-93.424263,136.898819,1355.545654,-198.525909,269.326569,1364.221191,-171.77449,228.800476,1398.56189,76.060898,147.962646,1435.799194,42.304634,183.669098,1388.980957,142.17746,-132.065262,1341.876709,130.794907,2.427254,1445.333496,141.27272,13.3756,1340.570435,291.634308,136.489258,1300.140625,384.402954,335.343048,1465.534668,328.508636,263.478149,1493.442383,276.704193,367.821167,1535.295166,316.579742,73.991325,1052.612305,-134.022552,-118.757706,1093.455322,-138.037048,-126.977501,1101.095581,131.988525,82.788147,1073.399414,132.883957
3.583,-133.316055,1659.413208,26.243382,-26.350828,1678.810547,24.627533,-81.369972,1608.755249,105.537643,-114.233322,1438.450073,1.961456,-154.990585,1279.267456,-69.432602,-160.544983,1269.940674,47.663227,,,,-100.485413,1365.892578,-161.367737,13.179936,1460.391235,-93.042931,138.146011,1355.962158,-197.97818,270.449738,1364.623535,-170.943588,229.36409,1400.031128,77.232353,148.358673,1436.273926,42.454021,184.188675,1390.496216,142.816513,-131.554382,1342.179932,130.829575,2.50432,1445.902832,140.876328,13.682712,1341.570679,291.645172,137.774307,1303.64563,384.538605,326.833862,1479.290894,327.532135,252.640091,1503.592651,277.338745,355.346497,1550.865356,315.769928,74.485039,1052.416504,-134.171906,-118.326797,1093.953369,-138.053787,-126.214561,1101.570312,132.058167,83.443214,1073.047974,132.584961
3.592,-132.381241,1659.546997,26.528917,-25.393084,1679.066162,24.906311,-80.479523,1608.945435,105.87133,-113.340454,1438.758057,1.908249,-154.176712,1279.661743,-69.480507,-159.722458,1270.189941,47.648239,,,,-99.290779,1366.327148,-161.253326,14.27438,1460.574829,-92.527794,139.375031,1356.244263,-197.328903,271.701599,1364.978149,-170.097916,229.513565,1400.637573,77.517799,148.750549,1436.680542,42.600929,184.983582,1391.446411,143.735458,-131.14679,1342.383789,130.941803,2.441212,1446.370361,140.345551,14.155629,1342.476685,291.676361,139.080048,1307.359619,384.767517,317.639221,1492.149048,325.763428,241.548996,1512.728027,277.53894,342.074768,1565.529663,314.469574,74.928276,1052.26709,-134.258377,-117.88118,1094.376343,-138.184311,-125.564919,1101.908081,132.108109,84.055092,1072.802979,132.373825
3.6,-131.351212,1659.782715,26.801512,-24.314888,1679.234741,25.18099,-79.452545,1609.221069,106.181274,-112.479576,1438.978882,2.101206,-153.455093,1279.992798,-69.322433,-158.992111,1270.363281,47.717739,,,,-98.307129,1366.598999,-161.077774,15.267687,1460.797852,-92.16835,140.425568,1356.367065,-196.643448,272.624969,1365.092651,-169.390579,229.825348,1401.423462,78.462578,149.044983,1436.925903,42.743492,184.765854,1392.290649,144.758087,-130.725266,1342.501343,131.132751,2.386845,1446.809692,139.746292,14.603443,1343.291626,291.61026,140.49852,1310.885254,384.401733,308.419983,1504.592896,323.975494,230.336853,1521.111084,277.254578,328.780334,1579.412598,312.396545,75.317375,1052.120361,-134.302429,-117.506248,1094.647949,-138.164612,-124.943756,1102.232788,132.195435,84.749916,1072.649536,132.27951
3.608,-130.20137,1660.110229,27.145897,-23.192057,1679.485107,25.643013,-78.369675,1609.573608,106.556396,-111.813263,1439.174438,2.236476,-152.832016,1280.149292,-69.183693,-158.392441,1270.470947,47.845795,,,,-97.452515,1366.796753,-160.88858,16.061558,1460.925903,-91.819885,141.311966,1356.432007,-195.944839,273.598206,1365.14978,-168.62262,230.058533,1401.808472,79.213646,149.226135,1437.078247,42.940239,184.389709,1392.848877,145.25061,-130.586823,1342.468262,131.304428,1.975021,1447.120605,139.314804,15.100482,1344.117065,291.447998,142.11113,1314.582886,384.306458,298.733368,1516.269653,321.69693,219.005112,1528.537354,276.563782,314.5047,1592.036499,309.755127,75.655502,1051.941162,-134.29747,-117.232925,1094.921021,-138.062302,-124.367203,1102.492798,132.303009,85.356186,1072.568848,132.283691
3.617,-128.856506,1660.45874,27.433416,-21.840958,1679.540527,25.783384,-77.385185,1609.856689,106.822807,-111.262085,1439.379761,2.209696,-152.32991,1280.265015,-69.022285,-157.937469,1270.477783,47.931725,,,,-96.707863,1366.94812,-160.761063,16.810112,1461.033081,-91.463745,142.085617,1356.351807,-195.269608,274.341949,1365.018188,-167.94574,230.540497,1402.126709,79.975693,149.431717,1437.08374,42.996559,184.572662,1393.043701,145.142593,-130.532974,1342.341919,131.477219,1.163927,1447.38916,138.752823,15.586522,1344.899658,291.253052,143.612228,1318.228882,383.953308,288.775146,1527.083252,319.290283,207.621017,1534.959961,275.482178,300.33783,1603.816895,306.959717,76.033249,1051.809082,-134.238632,-116.85453,1095.118652,-137.932144,-123.844589,1102.641846,132.347153,85.927467,1072.51416,132.328491
3.625,-127.604813,1660.931763,27.784443,-20.456337,1679.715942,26.179911,-76.254761,1610.216064,107.176102,-110.846062,1439.511597,2.192398,-151.686523,1280.409668,-69.080605,-157.578629,1270.444214,48.013649,,,,-96.07209,1367.052734,-160.539902,17.45838,1461.108276,-91.157013,142.736588,1356.18689,-194.65358,274.991425,1364.706055,-167.298462,230.645035,1402.484009,80.575424,149.463974,1436.917358,43.075188,183.614792,1393.666138,146.111206,-130.615753,1342.148315,131.634552,0.372793,1447.65979,138.038437,15.949283,1345.706177,290.923523,145.112457,1321.851074,383.350983,278.616638,1537.189453,316.444305,196.484024,1540.678589,273.897156,285.813568,1614.366699,303.576416,76.3564,1051.776978,-134.161392,-116.397636,1095.287598,-137.892044,-123.40554,1102.706909,132.392975,86.348854,1072.537842,132.451355
3.633,-126.150307,1661.577026,27.957087,-18.999403,1679.738037,26.429203,-75.036446,1610.5979,107.528938,-110.493912,1439.620728,2.251776,-151.392593,1280.4823,-69.022781,-157.264633,1270.375122,48.079292,,,,-95.583038,1367.171997,-160.399017,17.784437,1461.180664,-90.787231,143.234711,1355.905518,-194.019974,275.479187,1364.266724,-166.641327,230.566086,1402.59082,81.207306,149.421326,1436.680786,43.066338,183.071991,1394.008423,146.490143,-130.799377,1341.890991,131.755188,-0.34451,1447.847168,137.482849,16.223602,1346.645996,290.632324,146.718567,1325.574585,382.545807,268.398529,1546.498779,313.191284,185.358139,1545.355957,272.27951,271.342316,1623.869507,299.849762,76.634789,1051.833252,-134.103699,-115.999413,1095.329712,-137.921997,-122.952614,1102.714355,132.406265,86.754982,1072.616699,132.63942
3.642,-124.790665,1662.213623,28.211767,-17.499126,1679.844727,26.771181,-73.921806,1610.972168,107.793213,-110.233849,1439.668945,2.338606,-151.215622,1280.575317,-68.9561,-157.031464,1270.27478,48.15274,,,,-95.120026,1367.2771,-160.258286,18.334599,1461.306396,-90.644394,143.652206,1355.530762,-193.512329,275.864532,1363.729126,-166.025497,230.210831,1402.547852,81.719246,149.253433,1436.314087,42.999355,182.859634,1394.089478,146.714676,-131.020798,1341.645142,131.869705,-1.359949,1448.003296,137.023499,16.400152,1347.625854,290.384338,148.21994,1329.314331,381.770538,258.234375,1554.925781,309.553955,174.378876,1549.222778,270.381866,256.42984,1632.181885,295.360687,76.893959,1051.94873,-133.986816,-115.659348,1095.375244,-137.862946,-122.584267,1102.673462,132.408585,87.173889,1072.778564,132.815826
3.65,-123.366623,1662.79895,28.543428,-16.065132,1679.900146,27.026306,-72.771889,1611.400269,108.056076,-110.091591,1439.716187,2.357029,-151.037506,1280.520752,-68.893356,-156.865936,1270.109863,48.206413,106.961563,1329.64856,47.886894,-94.842575,1367.271362,-160.108597,18.659885,1461.316406,-90.385048,143.933151,1355.166138,-193.092377,276.199982,1363.070068,-165.437851,229.815674,1402.343994,82.051659,149.002747,1435.888428,42.969738,182.222458,1394.192993,146.841064,-131.438034,1341.353882,131.962875,-2.644824,1448.26001,136.395844,16.369402,1348.695312,290.164062,149.47728,1333.018066,381.058105,248.007034,1562.446411,305.71991,163.617706,1552.151611,268.573181,242.155151,1639.535278,290.871307,77.161736,1052.112549,-133.842102,-115.394196,1095.296387,-137.855423,-122.232872,1102.570068,132.412521,87.598724,1073.003418,132.976532
3.658,-121.856117,1663.415527,28.818033,-14.385331,1680.041016,27.403887,-71.595963,1611.83606,108.401138,-110.1101,1439.664062,2.326154,-150.984467,1280.287231,-68.786934,-156.797607,1269.903442,48.243137,105.88134,1330.551025,48.396992,-94.671028,1367.230225,-160.008865,18.80896,1461.290405,-90.234886,144.10968,1354.795166,-192.748734,276.369751,1362.370483,-164.917084,229.249985,1401.961914,82.366707,148.624512,1435.209106,43.002247,181.397858,1394.362305,147.006531,-131.868866,1341.031494,132.042419,-3.563591,1448.386841,135.756622,16.247581,1349.82605,290.007751,150.708191,1336.547119,379.990112,237.993881,1569.018311,301.616974,153.121826,1554.601196,266.28299,228.194397,1645.73938,286.144562,77.448494,1052.289673,-133.680832,-115.109146,1095.188965,-137.788483,-121.907845,1102.460571,132.442017,87.957832,1073.260376,133.099304
3.667,-120.416359,1664.242554,29.033066,-12.963152,1680.069092,27.603371,-70.636856,1612.196045,108.600319,-110.166962,1439.644043,2.252803,-150.996307,1280.114258,-68.82048,-156.84346,1269.670532,48.233612,105.237289,1331.19519,49.024212,-94.59774,1367.120483,-159.957321,18.880447,1461.222656,-90.149879,144.226746,1354.364624,-192.423843,276.409973,1361.514404,-164.400146,228.585938,1401.579102,82.409233,148.251541,1434.605347,42.856319,180.439545,1394.427002,147.20105,-132.39682,1340.671875,132.091568,-5.108805,1448.540527,135.17131,16.113846,1350.969971,289.872467,151.936249,1340.127441,378.686432,228.035751,1574.800537,297.023407,143.135391,1555.997192,264.176086,214.875671,1650.884766,280.820435,77.75853,1052.491821,-133.499985,-114.890167,1094.997559,-137.727081,-121.60585,1102.303467,132.491608,88.290695,1073.630371,133.253723
3.675,-118.889236,1664.909912,29.324434,-11.327324,1680.189575,28.223419,-69.466927,1612.565308,108.854836,-110.42347,1439.577759,2.07924,-151.056168,1279.864014,-68.857246,-156.94545,1269.398682,48.224159,105.159439,1331.993896,49.543415,-94.598434,1366.952759,-159.930969,18.848743,1461.122314,-90.138672,144.224503,1353.852417,-192.134216,276.419189,1360.733276,-163.935074,227.846878,1401.257812,82.322342,147.495941,1433.955933,42.582722,179.457031,1394.477539,147.198395,-132.977356,1340.388428,132.120514,-6.286472,1448.736328,134.563736,15.658758,1352.194458,289.643646,152.909851,1343.833984,377.602264,218.280365,1579.603516,292.454071,133.42804,1556.890381,262.019043,201.596558,1655.063843,275.486603,78.06839,1052.683838,-133.379456,-114.686943,1094.726196,-137.699203,-121.33326,1102.122925,132.564835,88.537025,1073.955811,133.37532
3.683,-117.515831,1665.5802,29.560534,-9.926439,1680.031494,28.029421,-68.406006,1612.851074,109.132393,-110.848106,1439.421753,1.936423,-151.160889,1279.544556,-68.929832,-157.123337,1269.024536,48.258957,105.409691,1332.770996,50.031155,-94.682587,1366.703003,-159.945984,18.720156,1460.982178,-90.166092,144.116455,1353.355469,-191.958389,276.302887,1359.97229,-163.479309,226.930511,1400.950928,82.535408,146.642365,1433.298828,42.220638,178.304581,1394.580566,147.120148,-133.590881,1340.094971,132.06044,-7.694822,1448.902466,133.9375,15.249134,1353.386353,289.487946,153.623306,1347.090088,376.387665,208.792206,1583.626465,287.53476,123.871002,1557.21167,259.611664,188.663956,1658.201538,270.029846,78.372162,1052.90564,-133.300095,-114.444183,1094.401733,-137.667587,-121.090393,1101.840454,132.621902,88.793236,1074.302979,133.538086
3.692,-116.083626,1666.348389,29.912596,-8.291821,1680.097046,28.645267,-67.410835,1613.200073,109.342743,-111.335068,1439.137695,2.203399,-151.413559,1279.153564,-68.88311,-157.372406,1268.655273,48.213181,105.775215,1333.672485,50.444157,-94.855957,1366.363892,-159.9953,18.50614,1460.804688,-90.249588,143.912964,1352.848389,-191.870834,276.155518,1359.282104,-163.131531,225.594971,1400.525391,81.931465,145.670593,1432.665405,41.920582,177.159531,1394.730835,147.17981,-134.353897,1339.877808,131.909531,-9.224535,1449.125122,133.262131,14.751533,1354.550293,289.242859,154.316711,1350.353516,375.039276,199.581726,1586.7229,282.623566,115.040588,1556.732178,257.352264,176.510986,1660.449097,264.348907,78.675438,1053.070557,-133.157928,-114.195221,1093.988037,-137.633438,-120.826569,1101.506226,132.679153,88.997307,1074.636597,133.698456
3.7,-114.823685,1667.057373,29.994925,-6.963516,1680.087158,28.437429,-66.352631,1613.512695,109.483025,-111.90609,1438.891724,2.076738,-151.695953,1278.658936,-68.938606,-157.666885,1268.215576,48.140434,106.053482,1334.481323,50.823574,-95.105408,1365.988525,-160.073349,18.138685,1460.578125,-90.442154,143.667053,1352.351318,-191.809021,275.90387,1358.611938,-162.75354,224.727295,1400.395996,82.141632,144.665573,1432.069336,41.530491,175.827606,1394.937134,146.953262,-135.344986,1339.557739,131.755386,-11.04569,1449.429321,133.203491,14.239991,1355.832397,288.987885,154.761139,1353.332031,373.771759,190.825348,1589.151245,277.631744,106.566818,1555.952393,255.529587,164.900436,1661.842651,258.653046,78.968849,1053.241089,-132.967545,-114.028137,1093.479736,-137.479126,-120.609764,1101.116821,132.676025,89.224792,1075.027954,133.872116
3.708,-113.503235,1667.666748,30.261942,-5.410369,1679.977051,28.681065,-65.35981,1613.769897,109.617599,-112.585129,1438.529663,1.096741,-152.030075,1278.099121,-69.080536,-158.062378,1267.664551,48.072968,106.21685,1335.435791,51.104313,-95.500229,1365.424316,-160.177551,17.615181,1460.387207,-90.641457,143.343521,1351.828491,-191.689941,275.638123,1358.007446,-162.543518,223.654495,1400.348022,82.458282,143.49202,1431.436279,40.987671,174.689499,1395.216553,146.792862,-136.245285,1339.31958,131.570328,-12.58791,1449.765747,132.872726,13.739881,1356.946655,288.680878,155.307587,1356.19812,372.38739,182.3685,1590.872192,272.755035,98.555916,1554.720825,253.463211,153.709625,1662.442993,253.195709,79.202324,1053.354858,-132.773605,-113.748825,1092.836548,-137.332855,-120.437302,1100.634399,132.677368,89.413345,1075.380981,133.983292
3.717,-112.405144,1668.200684,30.366447,-4.304568,1679.854492,28.784391,-64.509178,1613.912476,109.663239,-113.425018,1438.321045,0.50751,-152.488846,1277.534302,-69.359291,-158.617706,1267.211426,47.916927,106.384865,1336.646973,51.18924,-95.871872,1364.801514,-160.374405,17.07258,1460.134766,-90.826805,142.986359,1351.360107,-191.660568,275.283234,1357.475342,-162.345566,222.307953,1400.347778,82.549896,142.243912,1430.811646,40.446583,173.27858,1395.667969,146.497192,-137.222565,1338.900146,131.340439,-14.456702,1450.07605,131.951157,13.076962,1357.970703,288.257843,156.161545,1358.476807,372.065216,174.347565,1591.910156,268.075989,90.941254,1552.786255,251.355286,142.955658,1662.30835,247.943863,79.427597,1053.434937,-132.564438,-113.545258,1092.006958,-137.252304,-120.354462,1100.158691,132.789276,89.550041,1075.736694,134.110107
3.725,-111.161491,1668.677979,30.45697,-3.051447,1679.999634,28.466221,-63.811405,1614.038818,109.666107,-113.967857,1437.991699,0.120729,-153.018127,1276.619019,-69.323235,-159.166794,1266.637695,47.739212,106.561371,1337.683594,51.158329,-96.309402,1364.169556,-160.574417,16.512047,1459.712769,-91.058655,142.563919,1350.845703,-191.689514,274.838867,1356.974854,-162.208038,221.084854,1400.29187,82.024673,140.999954,1430.34436,39.80368,171.89415,1396.027466,145.984161,-138.278854,1338.528931,131.088577,-16.016577,1449.709717,130.32515,12.260015,1358.951416,287.771698,156.189041,1360.50415,370.898865,166.684418,1592.390991,263.415161,83.744011,1550.602905,249.869858,133.005981,1661.545288,242.857498,79.66124,1053.494995,-132.283997,-113.367348,1091.248657,-136.998459,-120.250542,1099.626953,132.908127,89.705307,1076.11438,134.234344
3.733,-110.13681,1669.274536,30.46155,-1.746094,1679.705566,28.45755,-63.104675,1614.185181,109.634148,-114.806328,1437.727051,-0.364847,-153.420059,1275.843262,-69.610252,-159.654205,1265.879883,47.684273,106.805428,1338.813354,50.897034,-96.910713,1363.466675,-160.752167,15.74118,1459.381348,-91.437965,142.062668,1350.401978,-191.708023,274.299957,1356.54126,-162.223846,219.847443,1400.348633,81.778778,139.688187,1429.782837,39.124794,170.279083,1396.254395,145.414597,-139.418762,1338.043213,130.853943,-17.985361,1449.733398,129.51857,11.552957,1359.736084,287.270538,156.407089,1362.443237,369.824036,159.638992,1592.288818,259.103394,77.541084,1548.181396,247.586594,123.75634,1660.390747,238.053146,79.942947,1053.517212,-131.983002,-113.176994,1090.43811,-136.92276,-120.213753,1099.084351,132.97554,89.802101,1076.503784,134.358398
3.742,-109.141273,1669.685913,30.464897,-1.030735,1679.274048,29.102203,-62.276817,1614.288696,109.606651,-115.842049,1437.318848,-0.653847,-153.913467,1274.940308,-69.750786,-160.28096,1265.071045,47.518967,106.67804,1339.921509,50.629578,-97.633568,1362.582031,-161.061813,14.806684,1459.079712,-91.794617,141.429642,1349.959351,-191.775497,273.67514,1356.139404,-162.367188,218.388931,1400.392334,81.198547,138.392487,1429.355835,38.285419,168.63179,1396.355469,144.774048,-140.55545,1337.599487,130.574661,-19.805658,1449.814575,128.947021,10.78801,1360.342896,286.691284,156.003525,1364.200317,368.400085,152.910019,1591.820312,254.932877,71.868973,1545.436157,245.333939,114.847656,1658.654419,233.67952,80.254234,1053.489746,-131.59935,-112.933716,1089.464355,-136.827209,-120.177612,1098.363525,133.053528,89.917473,1076.946655,134.492386
3.75,-108.077759,1670.096802,30.399597,0.074944,1679.078369,28.934544,-61.67326,1614.294678,109.488487,-116.996849,1436.731812,-0.954715,-154.473709,1273.966064,-69.988747,-161.048004,1264.270996,47.269753,106.190865,1340.478882,50.498878,-98.275391,1361.711914,-161.342163,13.883377,1458.708984,-92.122116,140.749557,1349.415894,-191.98085,273.036621,1355.78186,-162.562012,217.230713,1400.461426,80.767235,137.084946,1428.943726,37.484989,167.205078,1396.658691,144.219757,-141.946655,1336.994019,130.145142,-21.703655,1449.720947,128.409027,9.698537,1360.756958,286.075226,155.610397,1365.572632,366.918915,146.784164,1590.927979,250.945831,66.695328,1542.4646,242.804901,106.825005,1656.427002,229.180252,80.565811,1053.444458,-131.226883,-112.700531,1088.528809,-136.855911,-120.148094,1097.566162,133.140884,89.931175,1077.296387,134.680847
3.758,-107.240837,1670.429077,30.287638,1.236576,1678.834961,28.842026,-61.183453,1614.18689,109.288383,-118.221428,1435.957764,-1.330991,-155.065659,1272.823242,-70.194679,-161.879639,1263.415649,47.115997,105.3853,1340.736938,50.456081,-99.060226,1360.758057,-161.620544,12.736735,1458.331543,-92.601006,139.986588,1348.968628,-192.196915,272.247162,1355.397705,-162.889511,215.782104,1400.490112,80.087288,135.74054,1428.560791,36.711861,165.869171,1396.855103,143.481934,-143.230164,1336.423462,129.724182,-23.757788,1449.686523,127.829987,8.711529,1360.974854,285.484009,154.789795,1367.010742,364.663025,141.081436,1589.563965,247.040741,62.24976,1539.197754,239.985214,99.616501,1653.891846,225.10379,80.926186,1053.381348,-130.924103,-112.560989,1087.400146,-136.655304,-120.231827,1096.803833,133.254684,89.921791,1077.653198,134.897614
3.767,-106.454407,1670.599609,30.136545,2.103727,1678.129883,28.895523,-60.690281,1614.028442,109.104187,-119.562172,1434.909058,-1.547776,-155.720963,1271.759766,-70.401184,-162.795502,1262.354126,46.740215,104.325737,1341.127808,50.392204,-100.044655,1359.636963,-162.037186,11.600574,1457.787476,-92.953125,139.084,1348.400391,-192.511139,271.314758,1354.979492,-163.402832,214.50354,1400.362671,79.260963,134.404465,1428.205566,35.711292,164.355759,1397.013428,142.821686,-144.533386,1335.564575,129.483215,-25.54368,1449.47998,127.336266,7.531347,1360.977905,284.931549,154.854874,1367.430786,364.78653,135.957916,1587.663696,243.259933,57.963806,1535.847656,237.661621,93.031036,1650.619385,220.536057,81.255913,1053.269165,-130.668594,-112.248177,1086.202881,-136.587677,-120.303436,1095.912598,133.237915,89.882729,1078.017212,135.09581
3.775,-105.517822,1670.678711,29.957787,2.990819,1677.759399,28.750231,-59.922737,1613.896484,108.836502,-120.981323,1434.028076,-2.317596,-156.494385,1270.446655,-70.658516,-163.646652,1261.232788,46.510124,103.358315,1341.226929,50.344982,-100.904732,1358.502319,-162.297287,10.281702,1457.109863,-93.486359,138.154007,1347.822998,-192.905701,270.424561,1354.611572,-163.902893,213.210999,1400.185791,78.429199,133.06459,1427.741699,34.829941,163.011597,1397.001099,141.981186,-146.052429,1334.706055,129.050629,-27.649693,1449.183472,126.808586,6.358581,1360.840088,284.281982,154.02121,1367.905884,363.198395,131.458054,1585.439819,239.509857,54.197353,1532.33313,235.108215,87.235504,1647.452637,216.232162,81.587738,1053.082153,-130.411407,-112.048576,1085.064819,-136.504517,-120.409195,1095.010864,133.263794,89.754707,1078.341309,135.310181
3.783,-104.681183,1670.7146,29.749353,3.798392,1677.230835,28.558144,-59.344936,1613.67981,108.578148,-122.482689,1432.995483,-2.923936,-157.22496,1269.092896,-70.936195,-164.539703,1260.081665,46.062943,102.10096,1341.383301,50.377579,-101.949387,1357.14502,-162.71785,8.988935,1456.492676,-93.983147,137.041245,1347.13623,-193.400314,269.324432,1354.114014,-164.572342,211.785812,1399.955566,77.576645,131.83548,1427.183838,33.535301,161.774719,1397.020264,141.121048,-147.424362,1333.851562,128.541641,-29.575022,1448.60791,126.353111,5.120182,1360.465088,283.767609,153.510757,1367.900757,362.199829,127.188858,1582.848755,235.948486,50.750336,1528.763306,232.826477,82.19455,1643.571289,211.770706,81.950783,1052.82251,-130.085068,-111.934067,1083.7052,-136.388336,-120.553764,1093.945068,133.288498,89.578728,1078.671631,135.543503
3.792,-103.949104,1670.571289,29.622519,4.649199,1676.481079,28.363363,-59.131535,1613.084473,108.465591,-124.156219,1431.780518,-3.543451,-157.931473,1267.744751,-71.38678,-165.429092,1258.723022,45.666355,100.878555,1341.4104,50.428429,-103.066574,1355.92627,-163.129013,7.494544,1455.820068,-94.610306,135.884415,1346.478638,-193.933167,268.268463,1353.679688,-165.339478,210.612366,1399.640747,76.651588,130.453354,1426.530762,32.486942,160.420364,1396.834839,140.278091,-149.050873,1332.804077,128.036041,-31.550377,1447.963257,126.046898,3.748849,1359.884888,283.214294,152.664886,1367.672363,360.899078,123.404778,1579.84668,232.497604,47.512482,1525.066406,230.780914,77.926865,1639.663452,207.354004,82.322548,1052.546143,-129.841125,-111.71833,1082.349731,-136.481506,-120.759865,1092.810547,133.294708,89.384369,1078.890503,135.792175
3.8,-103.127052,1670.276855,29.456299,5.411696,1675.795166,28.227484,-59.323292,1612.375488,108.373291,-125.897362,1430.632568,-4.252243,-158.791992,1266.093384,-71.625839,-166.516312,1257.355713,45.1982,99.927704,1341.355347,50.3946,-104.214897,1354.453613,-163.546997,6.118728,1454.822754,-95.113777,134.693146,1345.656738,-194.596664,266.974823,1353.123657,-166.207977,209.240295,1399.142456,75.649124,129.021942,1425.711182,31.487841,159.168732,1396.47644,139.31311,-150.446121,1331.607788,127.611191,-33.589203,1447.290161,125.595871,2.499201,1359.002563,282.777039,151.657593,1367.183105,358.972656,119.953239,1576.554077,229.080063,44.508385,1521.078125,229.118973,74.105125,1635.389648,203.032974,82.655724,1052.25415,-129.598953,-111.55294,1080.888062,-136.413239,-121.019028,1091.653198,133.127533,89.166382,1079.061279,135.999664
3.808,-102.379196,1669.930054,29.359921,6.043871,1674.784546,28.129536,-57.859299,1611.956787,108.116386,-127.141731,1429.600464,-4.547613,-159.538361,1264.532349,-72.283203,-167.46373,1255.866211,44.800282,98.555092,1341.349854,50.510002,-105.424713,1352.967041,-163.924728,4.46562,1453.978271,-95.728943,133.402695,1344.756104,-195.241791,265.795502,1352.559692,-167.168365,207.71579,1398.477417,74.6548,127.494011,1424.630249,30.370525,157.966232,1395.912476,138.279633,-152.018631,1330.432007,127.100067,-35.32616,1446.577759,125.360313,1.056512,1357.993042,282.17099,151.248596,1366.117554,359.000153,117.02494,1573.062988,225.997955,41.73732,1517.308472,227.089645,70.925232,1631.149292,198.779739,82.938911,1051.944702,-129.337997,-111.419014,1079.360962,-136.560989,-121.338516,1090.390381,133.105225,88.86721,1079.158813,136.241486
3.817,-101.654137,1669.559326,29.219135,6.910789,1673.766602,28.080225,-59.599522,1610.110352,107.867653,-128.493546,1428.537598,-5.149858,-160.586029,1262.733765,-72.665062,-168.635086,1254.339844,44.304485,97.430923,1341.124268,50.584034,-106.606491,1351.432007,-164.444458,2.95716,1452.973145,-96.283867,132.040649,1343.850586,-196.059982,264.435577,1352.016357,-168.233231,206.549622,1397.711426,73.406311,125.98996,1423.420288,29.242151,157.018539,1395.393555,137.256882,-153.472824,1329.140747,126.536682,-37.182072,1445.568359,125.004288,-0.166706,1356.858398,281.680237,149.914307,1365.332275,356.857483,114.393196,1569.496704,222.956528,39.339813,1513.593506,225.093445,68.279274,1626.787354,194.646179,83.20562,1051.579102,-129.104828,-111.254265,1077.808594,-136.581009,-121.685944,1089.07605,132.970352,88.537529,1079.223999,136.450226
3.825,-100.911957,1669.161621,29.273607,7.768882,1672.802734,28.115046,-60.020126,1606.817261,106.173149,-130.132599,1427.307739,-5.547323,-161.348068,1261.107422,-73.156609,-169.682861,1252.768188,43.877342,96.534637,1340.646729,50.586613,-107.921654,1349.869751,-164.891388,1.277717,1451.845581,-96.962074,130.671249,1342.940063,-196.93219,263.117889,1351.375732,-169.497299,205.324875,1396.88208,72.05941,124.618271,1421.996338,28.082777,156.417084,1394.880737,136.478668,-154.879044,1327.820068,126.032112,-38.87225,1444.650757,124.824509,-1.295024,1355.381348,281.154236,149.029922,1363.941406,356.09967,112.004745,1565.637207,220.119202,37.305336,1509.798706,222.822083,66.066689,1622.237671,191.014313,83.464897,1051.107666,-128.914902,-110.997063,1076.187134,-136.759018,-122.103172,1087.653931,132.801346,88.176201,1079.245117,136.693436
3.833,-100.116638,1668.550903,29.361515,8.403753,1671.590332,28.066793,-60.018829,1604.1427,105.636147,-131.710098,1425.896973,-5.770526,-162.250305,1259.198364,-73.470581,-170.743301,1251.006348,43.302059,95.435936,1340.132324,50.600071,-109.266579,1348.152588,-165.36438,-0.51505,1450.800415,-97.581238,129.21138,1341.97229,-197.792679,261.768738,1350.710205,-170.891479,204.096146,1395.842529,70.797554,123.162994,1420.528809,26.923643,156.099396,1394.365356,135.462372,-156.401108,1326.331421,125.414772,-40.740906,1443.643921,124.475471,-2.638973,1354.044556,280.488373,148.35466,1362.280151,356.176941,110.243904,1561.901733,217.372314,35.54686,1505.998169,220.670181,64.239334,1617.903442,187.366241,83.752892,1050.523804,-128.814453,-110.826004,1074.465454,-136.613388,-122.559097,1086.265259,132.731644,87.788483,1079.198608,136.948364
3.842,-99.35939,1668.003052,29.622971,9.204029,1670.387207,28.312117,-59.742001,1602.44519,105.642944,-133.718079,1424.494141,-6.853046,-163.07428,1257.470215,-73.758514,-171.69516,1249.365601,42.881947,94.355789,1339.545898,50.536774,-110.555397,1346.401367,-165.828674,-2.042889,1449.494507,-98.065918,127.739517,1341.038208,-198.775024,260.322662,1350.018188,-172.42363,202.93663,1394.598755,69.450012,121.818932,1418.999023,25.69466,156.052353,1393.477417,133.968719,-157.789749,1324.914917,125.021935,-42.314297,1442.345337,124.287926,-3.790697,1352.404419,279.903564,146.794357,1360.918579,354.607422,108.784264,1558.109863,214.736481,33.974281,1502.124512,219.082825,62.903576,1613.612549,184.013489,83.986008,1049.842529,-128.692917,-110.648994,1072.680176,-136.755295,-123.161377,1084.777466,132.568039,87.419296,1079.11792,137.206955
3.85,-98.752151,1667.270386,29.696917,9.913407,1669.170288,28.410225,-59.12022,1601.420288,105.211372,-135.056473,1422.988403,-7.286549,-163.892426,1255.544922,-74.303886,-172.718842,1247.581665,42.379139,93.416008,1338.910889,50.316891,-111.991531,1344.726685,-166.200134,-3.831815,1448.397583,-98.560814,126.247124,1340.118896,-199.879959,258.933929,1349.378418,-174.152267,201.855286,1393.046021,67.640053,120.67627,1417.287476,24.520628,155.805908,1391.923462,132.393387,-159.274902,1323.411865,124.450691,-44.111835,1441.330811,123.895737,-4.900512,1350.889526,279.277191,145.602676,1358.993286,354.007355,107.663086,1554.390991,211.989868,32.720463,1498.510498,216.725739,62.096291,1609.501221,180.809586,84.206253,1049.135376,-128.625031,-110.437141,1070.960938,-136.855865,-123.659454,1083.227783,132.311234,87.025093,1078.952148,137.474564
3.858,-98.22139,1666.648926,29.481089,10.49825,1667.839111,28.564543,-58.210278,1600.657471,105.019211,-136.635849,1421.440552,-7.94684,-164.841309,1253.803833,-74.711777,-173.68811,1245.799194,41.781967,92.106178,1338.180786,50.157288,-113.294189,1342.997925,-166.742111,-5.42548,1447.050781,-99.053703,124.666595,1339.270874,-200.912445,257.483582,1348.770874,-176.073853,201.374252,1391.679932,66.124756,119.566223,1415.682861,23.330482,155.096542,1390.022949,130.840622,-160.647522,1321.865845,123.966995,-45.59008,1440.0177,123.743149,-6.149547,1349.154907,278.644043,144.873642,1356.713501,354.306244,106.891365,1550.629272,209.471664,31.581331,1495.307495,215.031677,61.96117,1605.722046,178.273148,84.416229,1048.516724,-128.679596,-110.307091,1069.127319,-136.840668,-124.234062,1081.62854,132.241531,86.703438,1078.719238,137.718475
3.867,-97.633652,1665.959595,29.091476,10.977902,1666.546509,28.58757,-57.133816,1599.9198,104.789711,-138.118271,1419.816162,-8.502651,-165.642197,1251.764038,-75.074699,-174.57283,1244.065308,41.434902,90.91745,1337.26001,49.95343,-114.66465,1341.306519,-167.146439,-7.104031,1445.860352,-99.447914,123.172134,1338.432983,-202.16626,256.008759,1348.167358,-178.279343,200.733475,1390.008667,64.41613,118.754677,1414.155884,22.084862,154.683258,1387.90271,129.19931,-162.015488,1320.303589,123.50576,-47.268551,1438.712036,123.432487,-7.279239,1347.549683,277.987885,143.715988,1354.644409,353.599335,106.436455,1547.173828,207.546555,30.508797,1492.961548,213.836487,62.110821,1602.703857,176.509689,84.663826,1047.730347,-128.610504,-110.192459,1067.404785,-136.903015,-124.786415,1080.092651,132.108536,86.370186,1078.417969,137.99704
3.875,-97.17971,1665.342896,28.73591,11.440242,1665.27002,28.433943,-56.059387,1599.295654,104.497948,-139.464447,1418.108521,-9.021063,-166.301132,1249.97937,-75.617348,-175.4431,1242.234375,40.914654,89.770592,1335.959106,49.809746,-115.945259,1339.697876,-167.568497,-8.698275,1444.523071,-99.816963,121.585938,1337.690063,-203.445587,254.543121,1347.624878,-180.674774,200.444702,1388.439209,62.394852,118.288406,1412.745239,20.710238,154.524078,1385.624146,127.420097,-163.404236,1318.793335,123.136314,-48.630405,1437.552246,123.235741,-8.396556,1345.90625,277.366882,142.327103,1352.437378,352.154755,106.337189,1544.040894,206.110016,29.44767,1491.195435,213.552322,62.495029,1600.111328,175.479172,84.9729,1046.950439,-128.723083,-110.026711,1065.619263,-137.026047,-125.400352,1078.558716,132.055374,85.962524,1077.994629,138.278259
3.883,-96.76178,1664.765991,28.423401,11.863879,1663.969604,28.42831,-55.08181,1598.701172,104.226631,-140.813141,1416.42334,-9.636074,-166.999466,1248.089966,-75.852554,-176.273132,1240.494995,40.569279,88.863129,1334.860107,49.547531,-117.228615,1338.052002,-167.877518,-10.237272,1443.387695,-100.071243,119.780663,1336.87854,-203.961288,253.105164,1347.195557,-183.391129,200.427216,1386.751221,60.273769,118.036491,1411.521118,19.079248,154.693817,1383.288452,125.51725,-164.577774,1317.352417,122.512901,-49.935921,1436.33313,123.091354,-9.607603,1344.365479,276.734589,141.782257,1349.900024,352.342194,106.348946,1541.440552,205.063248,28.561523,1490.289551,213.652679,63.35722,1598.015259,174.47435,85.1828,1046.207886,-128.887405,-109.890846,1063.96875,-137.027649,-125.843079,1076.98645,131.852097,85.650497,1077.62439,138.536484
3.892,-96.346069,1664.11438,28.093185,12.253852,1662.783813,28.319757,-54.243847,1598.012451,103.960083,-142.192932,1414.905518,-10.10738,-167.676865,1246.442871,-76.248558,-177.022003,1238.89563,40.138664,87.89402,1333.735229,49.406548,-118.495941,1336.576294,-168.202332,-11.585096,1442.129761,-100.327477,118.22821,1336.443359,-206.245056,251.66539,1346.924683,-186.373306,200.764969,1385.014893,57.767006,118.161659,1410.631592,17.413242,155.303146,1380.892578,123.340988,-165.650589,1315.972046,122.114799,-51.340282,1435.244263,122.972969,-10.541245,1342.731323,276.238068,140.754501,1347.706909,351.261108,106.450989,1539.467163,204.305969,27.677624,1489.727295,214.27182,64.167603,1596.331299,173.954498,85.43544,1045.452271,-128.935852,-109.798912,1062.316406,-137.111008,-126.282616,1075.50061,131.73642,85.345009,1077.249023,138.709595
3.9,-96.017326,1663.520874,27.874063,12.587616,1661.670776,28.457397,-53.625648,1597.294434,103.701126,-143.432678,1413.613403,-10.546772,-168.218903,1244.717529,-76.507294,-177.767563,1237.34729,39.660866,87.127335,1332.529175,49.291943,-119.559113,1335.156494,-168.511505,-12.868547,1441.05481,-100.511261,117.012177,1336.075317,-208.568878,250.237488,1346.755371,-189.640106,201.440628,1383.528809,55.007759,118.560356,1409.818604,15.611989,156.143265,1378.477051,120.861984,-166.87883,1314.646606,121.667778,-52.406628,1434.287109,122.892097,-11.443859,1341.232056,275.581207,139.995056,1345.505615,350.350922,106.495438,1537.890137,204.128464,27.040127,1489.155273,215.000397,64.864197,1595.236084,173.66626,85.697121,1044.883667,-129.112152,-109.595589,1060.865112,-137.210876,-126.653641,1074.231689,131.683517,85.052101,1076.710083,138.904724
3.908,-95.768013,1663.058838,27.703997,12.904198,1660.540039,28.509912,-53.316036,1596.678223,103.509056,-144.650726,1412.62561,-10.857087,-168.850708,1243.337158,-76.827629,-178.29126,1235.925049,39.403721,86.087975,1331.365479,49.379005,-120.629646,1333.910767,-168.731628,-13.880519,1440.074341,-100.708405,115.110519,1335.325684,-208.446121,248.823837,1346.809204,-193.349625,202.367569,1382.282959,52.101269,119.422523,1409.283936,13.715096,157.826782,1376.449585,118.056213,-167.855179,1313.501831,121.157578,-53.540642,1433.342651,122.857574,-12.342004,1339.741577,275.015991,139.056259,1343.525269,349.594879,106.558189,1536.882935,204.115829,26.799908,1488.788574,215.200043,65.296684,1594.470337,173.720993,85.864487,1044.254272,-129.010162,-109.405266,1059.482056,-137.393951,-126.940147,1072.949707,131.551392,84.752312,1076.056274,139.075836
3.917,-95.543495,1662.721069,27.644796,13.189036,1659.709229,28.63669,-53.249901,1595.974243,103.375595,-145.707672,1411.711914,-11.033724,-169.463364,1241.910889,-76.933067,-178.81221,1234.658813,39.017387,85.132164,1330.344116,49.558067,-121.466797,1332.714844,-168.781891,-15.008197,1439.090088,-101.015633,113.584755,1335.072021,-210.310593,247.363815,1347.015503,-197.416031,203.919113,1381.393433,48.68676,120.55851,1408.81958,11.554496,159.544235,1374.610107,115.311363,-168.615036,1312.400757,120.882462,-54.638287,1432.623779,122.759979,-13.130584,1338.381592,274.373108,138.131439,1341.898071,348.615387,106.528465,1536.365112,204.355072,26.756861,1488.402344,215.235245,65.489929,1594.06311,173.854401,86.15358,1043.848267,-129.110916,-109.312859,1058.295044,-137.329788,-127.139938,1071.877808,131.482376,84.522408,1075.485962,139.140717
3.925,-95.331245,1662.503662,27.684645,13.337518,1658.888306,28.825481,-53.458538,1595.419922,103.312424,-146.69249,1410.707153,-11.11377,-169.863007,1240.857544,-77.127251,-179.269623,1233.584106,38.76664,84.49292,1329.357178,49.719578,-122.324615,1331.832764,-168.945389,-15.840158,1438.336182,-101.186096,112.057922,1334.998657,-212.308655,245.91861,1347.459106,-201.884659,205.943207,1380.7854,45.164841,122.006714,1408.538086,9.153758,161.153122,1373.153564,112.886795,-169.559158,1311.515991,120.552399,-55.530754,1431.932617,122.734314,-13.78197,1337.001465,273.900818,137.374695,1340.570679,348.248627,106.44397,1536.100586,204.733719,26.607363,1488.111572,215.030304,65.454475,1593.889893,174.159073,86.450607,1043.565186,-129.071915,-109.146973,1057.142944,-137.381607,-127.322617,1071.054688,131.425385,84.340759,1074.884766,139.205276
3.933,-95.127998,1662.328613,27.796124,13.492702,1658.189575,28.967056,-53.871742,1594.928345,103.369011,-147.532471,1409.871704,-11.170854,-170.217285,1240.025269,-77.159714,-179.569839,1232.697754,38.647949,83.821983,1328.52478,49.972141,-123.062752,1330.90979,-168.811478,-16.453339,1437.713257,-101.473808,110.637466,1335.053101,-214.391815,244.393417,1348.093018,-206.732727,208.346786,1381.074585,41.803726,123.819458,1408.340332,6.534965,164.060272,1372.394287,109.347427,-170.223068,1310.733276,120.346001,-56.336662,1431.416138,122.852127,-14.255091,1335.831909,273.477051,136.522842,1339.780396,348.014343,106.156433,1535.922119,205.164764,26.308363,1487.889038,214.78418,65.284142,1593.831055,174.541321,86.803879,1043.511353,-129.281464,-108.952385,1056.36499,-137.37207,-127.427383,1070.424072,131.421936,84.296364,1074.375122,139.308899
3.942,-94.95919,1662.271484,28.009964,13.6016,1657.694946,29.281605,-54.406536,1594.483032,103.530884,-148.169144,1409.251587,-11.173935,-170.450226,1239.113892,-77.148132,-179.756805,1231.856079,38.624695,82.907196,1327.798462,50.4212,-123.602859,1330.182129,-168.818359,-16.914814,1437.194824,-101.813431,109.182762,1335.285156,-216.813187,242.810776,1348.942749,-211.953766,211.339325,1381.459351,38.115948,125.944328,1408.254395,3.685999,168.020126,1372.015137,105.802269,-170.788177,1310.096191,120.224525,-57.253597,1431.041504,122.976837,-14.840224,1334.975098,273.178436,135.573135,1339.332397,347.807281,105.587212,1535.88501,205.541901,25.734306,1487.885254,214.850372,64.922112,1593.930054,174.964966,86.639877,1042.995972,-127.591118,-108.814499,1055.832031,-137.407013,-127.451897,1069.944824,131.353027,84.302132,1073.99707,139.44899
3.95,-94.816589,1662.317627,28.272165,13.744808,1657.42334,29.610394,-55.005352,1594.131714,103.784225,-148.664352,1408.856689,-11.162804,-170.581177,1238.499146,-77.01355,-179.908249,1231.327759,38.591331,82.278061,1327.389648,50.870461,-124.043999,1329.658936,-168.625381,-17.406582,1436.861572,-102.193398,107.55954,1335.61438,-219.438095,241.087372,1350.056885,-217.567841,214.697784,1382.235229,33.582832,128.386871,1408.320435,0.579372,172.652283,1372.028687,101.94429,-171.246063,1309.572876,120.164375,-58.088997,1430.855469,123.033386,-15.53019,1334.337646,272.961517,134.808838,1339.220093,347.977905,104.735878,1535.953003,205.909103,24.813732,1488.201782,215.215225,64.334763,1594.176025,175.330383,86.922859,1042.983398,-127.393532,-108.647919,1055.411987,-137.46167,-127.405807,1069.663818,131.326172,84.379829,1073.803589,139.60379
3.958,-94.722305,1662.443604,28.62085,13.848741,1657.287354,29.971224,-55.67205,1594.031616,104.111473,-149.069794,1408.669922,-11.030177,-170.635849,1238.12146,-76.807251,-179.997635,1231.032349,38.64595,81.61824,1327.251953,51.430019,-124.408714,1329.277222,-168.310822,-17.7423,1436.80542,-102.608345,105.905113,1336.225464,-222.243805,239.197418,1351.309448,-223.504562,217.599091,1382.445312,26.053089,131.291229,1408.534424,-2.860284,177.782257,1372.525513,97.896263,-171.609146,1309.2854,120.157265,-58.701748,1430.805542,123.151932,-16.13973,1334.071411,272.899597,133.892899,1339.46582,348.476044,103.810837,1536.168701,206.317245,23.672834,1488.739624,215.934967,63.706799,1594.499268,175.567429,87.289017,1043.050415,-127.193047,-108.412445,1055.258911,-137.496262,-127.328934,1069.613647,131.354263,84.50853,1073.779785,139.80275
3.967,-94.627922,1662.67749,29.009264,13.888083,1657.366821,30.274721,-56.399307,1594.379395,104.394958,-149.302826,1408.64563,-10.909243,-170.625366,1237.943237,-76.555336,-179.943268,1230.864746,38.811192,80.999718,1327.35791,52.086479,-124.663376,1329.068115,-167.947464,-17.882637,1436.860107,-103.01149,104.33564,1336.940308,-225.141296,237.210068,1352.819214,-229.816422,221.725922,1383.785034,20.346621,134.354599,1408.89209,-6.494305,183.557404,1373.5271,93.374748,-171.848877,1309.212646,120.235085,-59.216721,1430.910767,123.213051,-16.774107,1334.187256,273.080536,132.904739,1340.055054,348.770599,102.691536,1536.61499,206.807053,22.259775,1489.58728,216.909286,62.923065,1595.002075,175.856812,87.692078,1043.249634,-127.034157,-108.134354,1055.316162,-137.478958,-127.207962,1069.803223,131.427444,84.688042,1073.912842,140.004791
3.975,-94.593491,1663.012817,29.364388,13.921188,1657.651001,30.662107,-56.998421,1594.724487,104.807884,-149.440582,1408.692017,-10.770358,-170.537674,1237.93689,-76.248604,-179.858994,1230.941406,39.0191,80.686256,1327.790283,52.738197,-124.856194,1329.01416,-167.47879,-17.88755,1437.094238,-103.378548,102.591721,1337.877319,-228.2845,235.033325,1354.58252,-236.480911,226.847672,1386.074585,14.953087,137.732193,1409.561157,-10.342452,189.208939,1374.682861,85.860695,-172.026154,1309.315796,120.371078,-59.623379,1431.223267,123.261688,-17.402168,1334.616455,273.380859,131.546432,1341.18396,348.604736,101.534874,1537.314575,207.308731,20.816013,1490.603638,217.922485,61.891705,1595.751221,176.331009,88.141602,1043.535889,-126.873817,-107.756432,1055.673462,-137.617828,-127.061935,1070.177368,131.483887,84.873108,1074.139648,140.18132
3.983,-94.645081,1663.548462,29.727459,13.888211,1658.152344,30.94236,-57.575802,1595.432251,105.150421,-149.474762,1408.882935,-10.567867,-170.329376,1238.068481,-75.843315,-179.718826,1231.194092,39.24295,80.770805,1328.413574,53.349018,-124.943146,1329.06311,-166.942093,-17.750717,1437.48291,-103.715858,100.737091,1339.091675,-231.666687,232.577988,1356.526978,-243.396744,230.883438,1387.657593,7.722244,141.471634,1410.666016,-14.413334,195.842636,1376.725952,80.328178,-172.121719,1309.586304,120.496384,-60.017376,1431.7677,123.346809,-18.041704,1335.297974,273.799957,130.603394,1342.330322,349.471558,100.195587,1538.333618,208.078506,19.438267,1491.842285,218.709,60.897449,1596.778564,176.925766,88.6101,1043.958008,-126.689789,-107.377937,1056.118164,-137.644135,-126.826988,1070.706177,131.476364,85.059006,1074.461548,140.350204
3.992,-94.745712,1664.162231,29.956631,13.770568,1658.898071,31.298485,-58.023758,1596.229492,105.500031,-149.409927,1409.181396,-10.329477,-169.973709,1238.425537,-75.339653,-179.453369,1231.627441,39.519012,81.17704,1329.352661,53.896477,-124.947731,1329.269409,-166.382187,-17.471058,1438.093384,-104.132698,98.859825,1340.301636,-235.047577,229.924545,1358.561523,-250.54628,235.559326,1389.886108,0.458671,145.434311,1412.29187,-18.887875,203.175949,1379.46106,74.41954,-172.134689,1310.075073,120.694801,-60.305939,1432.553101,123.515236,-18.816605,1336.289795,274.359985,130.251465,1343.453003,351.523315,99.022964,1539.614502,209.243896,18.110003,1493.232788,219.64856,59.758198,1597.931396,177.694321,89.136253,1044.507812,-126.389397,-106.959633,1056.745972,-137.69313,-126.518326,1071.409912,131.404373,85.237068,1074.869141,140.5569
4.0,-94.879066,1664.859619,30.306698,13.690784,1659.709595,31.71666,-58.370804,1597.158813,105.885422,-149.280075,1409.597168,-10.044958,-169.402847,1238.956299,-74.836998,-179.062943,1232.304565,39.880295,81.646477,1330.517456,54.505383,-124.87735,1329.684204,-165.687103,-17.135872,1438.683105,-104.526436,96.748535,1341.766357,-238.662125,227.078308,1360.762085,-257.789917,240.50769,1393.149536,-6.891392,149.764511,1414.513306,-23.562754,211.201477,1382.831299,68.328194,-172.033798,1310.708374,120.785149,-60.593037,1433.258911,123.800224,-19.574398,1337.508667,275.01828,128.552917,1345.406494,351.662292,97.819763,1541.374634,210.237564,16.959124,1494.699219,220.608047,58.436195,1599.549683,178.800018,89.870705,1045.565063,-127.76178,-106.355042,1057.651245,-137.921448,-126.229912,1072.155518,131.505814,85.406464,1075.402222,140.772018
4.008,-95.024544,1665.652832,30.624273,13.526163,1660.608398,32.126354,-58.59396,1598.107666,106.29052,-149.004501,1410.309082,-9.717151,-168.920914,1239.693481,-74.457108,-178.668839,1233.139404,40.12793,82.271126,1331.92334,55.041103,-124.567917,1330.183838,-164.841171,-16.687145,1439.427246,-104.913528,94.622612,1343.280151,-242.25,223.880447,1362.952148,-265.269531,245.757935,1396.324341,-15.04722,154.315536,1417.499268,-28.532238,219.28508,1386.990845,61.364536,-171.738205,1311.47168,120.955612,-60.753613,1434.260376,124.178741,-20.24658,1338.874634,275.748657,128.160538,1346.960693,354.123322,96.621292,1543.373291,211.671051,15.756318,1496.29895,221.452118,57.256058,1601.338257,179.943817,90.231735,1046.268677,-126.889259,-105.765671,1058.685669,-137.795853,-125.967461,1073.085571,131.462418,85.604477,1076.070801,141.021317
4.017,-95.206268,1666.347168,30.877052,13.379871,1661.716309,32.437027,-58.728207,1599.141479,106.680206,-148.649002,1411.049438,-9.437255,-168.256577,1240.513916,-73.860008,-178.159714,1233.980103,40.45377,82.849571,1333.511719,55.641094,-124.256317,1330.711792,-164.131699,-16.214092,1440.344482,-105.321991,92.398117,1344.87561,-246.036514,220.535904,1365.209351,-272.817108,251.027313,1400.226685,-23.603527,159.120163,1420.980957,-33.733158,227.041565,1391.101318,53.946136,-171.403,1312.274902,121.023209,-60.82653,1435.161621,124.294815,-20.967499,1340.375,276.497406,126.3769,1349.358765,354.506927,95.590637,1545.502808,213.126465,15.011787,1497.915527,222.097031,56.009533,1603.290405,181.295395,90.396729,1046.744751,-125.332207,-104.960915,1059.933105,-137.89949,-125.651375,1074.216309,131.513947,85.760956,1076.670654,141.215012
4.025,-95.40844,1667.103882,31.129295,13.172443,1662.931519,32.916351,-58.803562,1600.257202,107.077682,-148.236237,1411.830444,-9.097417,-167.566635,1241.421387,-73.352959,-177.447952,1235.037109,40.781525,83.622551,1335.150757,56.180099,-123.819901,1331.463257,-163.434128,-15.607583,1441.461914,-105.709473,89.990311,1346.543335,-249.675858,217.002289,1367.578125,-280.816711,256.32959,1404.669922,-32.464714,163.986618,1425.200562,-39.336025,235.450211,1396.28894,45.884037,-171.012817,1313.191162,121.180748,-60.641415,1436.379517,124.519669,-21.670343,1341.986328,277.333618,125.673279,1351.220459,357.240662,94.552483,1547.869019,214.70372,14.229049,1499.820312,222.938507,54.771477,1605.525635,182.678543,90.979912,1047.642334,-124.909645,-104.402618,1061.205566,-137.657944,-125.290855,1075.310059,131.453308,85.890968,1077.405273,141.399155
4.033,-95.661026,1668.026367,31.250738,13.01875,1664.128906,33.322643,-58.839542,1601.448853,107.443268,-147.659744,1412.656738,-8.724501,-166.808105,1242.388794,-72.716461,-176.696457,1236.204956,41.123905,84.575989,1336.752686,56.674789,-123.311081,1332.239746,-162.496918,-14.875485,1442.478394,-106.021248,87.57486,1348.255005,-253.366974,212.884888,1369.512451,-287.050873,261.476227,1409.561157,-41.791653,168.928024,1429.97998,-45.284344,243.714767,1401.947632,37.421383,-170.533813,1314.284058,121.206299,-60.389908,1437.445679,124.846138,-22.480984,1343.785156,278.206726,123.895744,1353.976196,357.928528,93.654625,1550.254028,216.127289,13.803578,1501.448608,223.658035,53.778156,1607.714722,184.134399,91.511238,1048.487793,-124.522743,-103.586906,1062.78418,-137.808441,-124.926613,1076.589722,131.475479,85.998932,1078.048828,141.545364
4.042,-95.851395,1668.861572,31.461517,12.858559,1665.536621,33.755787,-58.859676,1602.699097,107.821892,-147.030365,1413.577759,-8.250801,-165.772583,1243.721191,-72.207443,-175.980362,1237.462036,41.403328,85.374382,1338.509644,57.164745,-122.735252,1333.073975,-161.618378,-14.065472,1443.560913,-106.223358,85.031097,1349.824463,-256.987,209.366425,1372.091675,-296.68988,266.328125,1414.840942,-51.398872,173.6521,1435.325684,-51.447868,252.081573,1408.43457,28.416147,-169.900955,1315.32373,121.442276,-60.043732,1438.710205,125.200539,-23.098282,1345.614258,279.11087,122.679115,1356.611084,359.914429,92.728996,1552.747437,217.831848,13.174687,1503.552734,224.35498,52.610538,1610.056519,185.524216,92.100838,1049.420654,-124.17498,-102.858246,1064.383423,-137.782104,-124.565559,1077.826782,131.393188,86.178085,1078.597412,141.757401
4.05,-95.992744,1669.671387,31.713076,12.709273,1666.880371,34.160358,-58.868412,1604.016602,108.173119,-146.356094,1414.477173,-7.931731,-164.829987,1244.884399,-71.565086,-175.127197,1238.778809,41.793179,86.237801,1340.198486,57.60215,-122.065498,1334.085449,-160.786545,-13.192213,1444.854492,-106.378426,82.425354,1351.391968,-260.476654,204.547638,1373.633911,-301.400116,271.229553,1420.925415,-61.511745,178.208328,1440.843628,-58.055435,259.967957,1415.320312,18.990017,-169.151428,1316.521729,121.669456,-59.505138,1439.965576,125.458611,-23.6728,1347.386108,280.084229,121.488297,1359.146118,361.89325,91.904945,1555.207153,219.348221,12.792216,1505.298828,224.721542,51.820518,1612.338013,186.657059,92.57856,1050.308838,-123.741455,-102.156654,1066.052246,-137.738861,-124.239441,1079.196167,131.470078,86.310028,1079.233887,141.979126
4.058,-96.113419,1670.515625,31.966999,12.511574,1668.295288,34.62167,-58.858772,1605.335571,108.528351,-145.489258,1415.428833,-7.431009,-163.792374,1246.086914,-71.002701,-174.33461,1240.236938,42.065159,87.1884,1341.932861,57.970184,-121.297318,1335.071777,-159.893356,-12.289277,1446.075562,-106.5187,79.816368,1352.900635,-263.859375,200.131622,1375.564697,-308.315247,275.57132,1427.263916,-71.977539,182.451065,1446.969116,-65.033676,267.366638,1423.21106,9.050993,-168.279861,1317.774048,121.720253,-58.994816,1441.152832,125.847595,-24.206102,1349.331421,281.066406,120.229652,1361.82959,364.024323,91.124672,1557.546021,220.878143,11.949685,1507.313477,225.275223,50.974667,1614.507324,187.924438,93.15863,1051.216309,-123.392395,-101.392273,1067.779541,-137.738419,-123.973976,1080.574341,131.572952,86.500404,1079.932983,142.171661
4.067,-96.249069,1671.520874,32.030685,12.442625,1669.719849,35.099453,-58.838783,1606.662476,108.874405,-144.630005,1416.337646,-6.88603,-162.761734,1247.535889,-70.390327,-173.236435,1241.601074,42.550274,88.289032,1343.316284,58.329372,-120.445709,1336.138306,-158.97435,-11.253205,1447.380371,-106.65139,77.093094,1354.321411,-267.078735,195.607803,1377.398193,-315.029236,279.232483,1434.101318,-82.391228,186.418243,1453.054077,-72.305519,274.564514,1431.653931,-1.074506,-167.398392,1318.96936,122.069672,-58.398468,1442.553589,126.118301,-24.65181,1351.214722,282.08551,119.036636,1364.431641,365.957367,90.569,1559.916138,222.163162,11.3172,1509.261841,226.181946,50.40596,1616.600342,188.801193,93.636002,1051.973511,-123.029297,-100.716805,1069.400513,-137.624344,-123.590858,1081.934082,131.494659,86.635506,1080.513916,142.33931
4.075,-96.250595,1672.326416,32.253319,12.325416,1671.005249,35.375706,-58.795803,1607.965942,109.189857,-143.727783,1417.253418,-6.465438,-161.413483,1248.794922,-69.677437,-172.227585,1243.033203,42.912262,89.355141,1344.801025,58.640583,-119.585884,1337.249512,-158.0065,-10.17484,1448.504639,-106.804108,74.418533,1355.491333,-269.958496,190.978043,1379.121704,-321.440765,282.135529,1441.123413,-92.917191,189.475357,1459.081787,-79.443268,280.966583,1440.997437,-11.625166,-166.38266,1320.174438,122.283287,-57.68943,1443.71521,126.435844,-25.116877,1353.216919,283.089813,117.904854,1367.077393,368.392456,89.817093,1562.17688,223.685455,10.847836,1511.197266,227.165604,49.74852,1618.531128,189.769394,94.517601,1053.06311,-123.853218,-99.886742,1071.126953,-137.654755,-123.298309,1083.327515,131.582947,86.78611,1081.06958,142.561676
4.083,-96.31665,1673.111694,32.342411,12.318114,1672.397095,35.774002,-58.715416,1609.219604,109.483292,-142.545181,1418.219604,-5.953125,-160.27887,1250.171509,-69.021889,-171.049881,1244.424316,43.439621,90.389435,1346.15686,58.94714,-118.683189,1338.316772,-157.053406,-8.892967,1449.793091,-106.714981,71.722298,1356.684448,-272.843658,186.384705,1380.690308,-327.521759,284.432251,1448.505249,-103.671074,192.069702,1465.630615,-87.149704,286.348694,1450.549805,-22.51865,-165.176132,1321.407104,122.673203,-56.882923,1444.827515,126.748238,-25.554291,1355.074951,284.095734,116.739891,1369.653931,370.408112,89.277267,1564.422852,224.863846,10.368664,1513.110718,227.97995,49.298893,1620.493774,190.539322,95.035538,1053.665283,-123.186615,-99.123077,1072.754272,-137.490982,-123.06411,1084.734497,131.673477,86.908699,1081.550293,142.853394
4.092,-96.240883,1673.830933,32.435047,12.358183,1673.757202,36.090027,-58.598671,1610.416138,109.760208,-141.433762,1419.015747,-5.379314,-158.893005,1251.583374,-68.212715,-169.915085,1245.95105,43.800907,91.427864,1347.301392,59.274403,-117.599091,1339.508911,-156.167526,-7.740555,1450.935303,-106.8433,69.200706,1357.675537,-275.421173,181.648819,1382.109741,-333.331207,285.89975,1456.458374,-114.518585,194.011154,1472.679565,-95.285652,291.299103,1461.251709,-33.573803,-164.116852,1322.620117,123.111519,-55.690845,1446.142578,127.065582,-25.883059,1356.932983,285.022797,115.512001,1372.240479,372.730103,88.849915,1566.36377,226.38269,9.804977,1515.047729,228.658081,48.925484,1622.260132,191.405502,95.511337,1054.203125,-122.755592,-98.579292,1074.352417,-137.396011,-122.774475,1086.021484,131.598419,87.052315,1081.883667,143.160812
4.1,-96.158234,1674.716064,32.447418,12.422565,1675.017944,36.49118,-58.435474,1611.570068,110.025238,-140.13063,1419.876465,-4.873147,-157.547256,1252.908325,-67.460983,-168.720749,1247.329712,44.404877,92.664146,1348.409546,59.504948,-116.561615,1340.60791,-155.159882,-6.452621,1452.04895,-106.954453,66.60183,1358.565918,-277.832855,176.956894,1383.319092,-338.826324,286.690308,1464.373169,-125.146973,195.071869,1480.24939,-103.823647,295.011597,1472.065308,-44.87257,-162.957108,1323.909302,123.356468,-54.676842,1447.060425,127.373322,-26.083218,1358.723145,285.926025,114.563698,1374.539185,374.707184,88.265999,1568.407959,227.460266,9.375883,1516.805664,229.666611,48.610798,1624.034668,192.187408,96.048836,1054.705078,-122.457596,-97.780937,1075.885132,-137.452255,-122.525169,1087.328369,131.746613,87.249481,1082.182007,143.497955
4.108,-96.062683,1675.301025,32.528046,12.519381,1676.169189,36.7057,-58.201622,1612.609741,110.305298,-138.74469,1420.725708,-4.393563,-156.254196,1254.356445,-67.033981,-167.543579,1248.809692,44.964458,93.70089,1349.385376,59.810204,-115.435951,1341.792847,-154.239914,-5.132009,1453.214233,-106.845062,64.052803,1359.321289,-279.95694,172.267944,1384.327881,-343.944489,286.657593,1472.837036,-135.602859,195.203217,1487.576538,-111.855125,297.173828,1482.875854,-56.290451,-161.552475,1325.179443,123.859459,-53.443119,1448.145874,127.592773,-26.207666,1360.348389,286.897369,113.467812,1376.952515,376.744659,88.001587,1570.07373,228.86203,9.214029,1518.473267,230.366043,48.252754,1625.68103,193.127548,96.567184,1055.003052,-121.992592,-97.063019,1077.511841,-137.384933,-122.296265,1088.576416,131.680771,87.396309,1082.321899,143.77417
4.117,-95.970665,1675.815186,32.5979,12.670982,1677.37439,37.096981,-57.908649,1613.561523,110.524513,-137.238098,1421.412476,-3.7718,-154.675491,1255.533813,-66.407227,-166.307098,1250.185059,45.281345,94.863441,1350.256714,60.056053,-114.30526,1342.818604,-153.256683,-3.728283,1454.195679,-106.804665,61.665752,1359.844482,-281.896454,167.631851,1385.093994,-348.678833,285.596832,1481.17041,-146.063065,194.553848,1495.059814,-119.939995,298.304352,1494.555908,-67.47068,-160.366226,1326.31311,124.153244,-52.138504,1449.188965,128.008926,-26.325174,1361.969604,287.664093,112.606667,1379.023804,378.841156,87.632019,1571.866089,229.831787,9.121929,1519.811523,231.117416,48.035309,1627.143677,193.989395,97.103592,1055.288086,-121.632988,-96.401901,1078.876099,-137.210434,-122.058029,1089.810547,131.720886,87.537102,1082.387085,144.071274
4.125,-95.81633,1676.250732,32.695541,12.814219,1678.378418,37.343941,-57.527897,1614.321167,110.788315,-135.55954,1421.951538,-3.309045,-153.294586,1256.867798,-65.677567,-164.988556,1251.494629,45.84267,96.110634,1350.702271,60.348267,-113.156319,1343.911743,-152.383347,-2.303099,1455.166382,-106.524895,59.541916,1360.174438,-283.627258,162.90889,1385.500854,-353.247131,283.719177,1489.282837,-156.041641,193.428665,1502.834351,-128.025604,298.149384,1505.64502,-78.147179,-159.122726,1327.474609,124.558151,-51.115757,1450.091187,128.317505,-26.178364,1363.396606,288.153931,111.615929,1380.978516,380.646729,87.289902,1573.514648,231.222107,8.877874,1521.24646,231.967392,48.009521,1628.699707,194.731125,97.620758,1055.504639,-121.297714,-95.613754,1080.220459,-137.046906,-121.838844,1090.995361,131.672714,87.69294,1082.333374,144.373749
4.133,-95.599022,1676.621582,32.815853,13.020555,1679.386963,37.553768,-57.127956,1615.096924,110.980865,-134.007935,1422.58606,-3.202928,-151.952591,1258.24353,-65.009277,-163.747726,1252.741699,46.302818,92.437172,1347.705811,47.53389,-111.905922,1344.801636,-151.56694,-0.990317,1456.134521,-106.368523,57.391808,1360.378418,-285.100739,158.775986,1385.940552,-357.132751,281.157166,1497.84314,-165.669479,191.323746,1510.616333,-136.313782,296.75415,1517.11499,-88.623116,-157.650726,1328.535034,124.996887,-49.617645,1450.902222,128.736801,-26.134911,1364.684814,288.942139,110.895927,1382.894165,382.661621,87.190926,1574.907959,232.3508,8.985849,1522.414429,232.595291,47.879131,1629.849121,195.571213,98.070457,1055.579346,-120.94101,-94.896004,1081.475342,-136.950439,-121.592323,1092.105591,131.67514,87.835899,1082.231812,144.673294
4.142,-95.411865,1676.964233,32.851151,13.247128,1680.292358,37.864082,-56.597694,1615.714233,111.230461,-132.10965,1423.13208,-2.33922,-150.387024,1259.312134,-64.397072,-162.588638,1253.967407,46.690723,93.691116,1348.112671,48.037518,-110.777916,1345.828979,-150.788269,0.208322,1456.929565,-105.958397,55.485943,1360.342773,-286.420898,154.781296,1386.003418,-360.698425,277.75708,1506.003906,-174.976257,188.226715,1518.32605,-144.413498,294.582733,1528.736206,-99.085297,-156.387573,1329.613403,125.282913,-48.204025,1451.851807,128.998489,-26.015661,1365.953369,289.551819,110.007858,1384.54834,384.370392,86.923782,1576.241089,233.718109,9.075165,1523.393066,233.422745,47.804478,1630.966797,196.491562,98.606728,1055.639038,-120.518112,-94.17173,1082.663818,-137.101685,-121.333931,1093.163452,131.639786,87.986389,1082.057739,144.963898
4.15,-95.103096,1677.171265,32.926765,13.431988,1681.033325,38.038708,-56.03088,1616.182861,111.426689,-130.43663,1423.539917,-2.215875,-149.097,1260.38208,-63.780628,-161.354065,1255.029297,47.16317,95.130226,1348.329834,48.855568,-109.580429,1346.597046,-150.026093,1.352244,1457.691284,-105.707237,53.687321,1359.912598,-287.556763,150.924713,1386.004639,-363.911438,273.984589,1514.185791,-183.768951,184.327072,1525.83606,-152.344528,291.482117,1540.155151,-109.065727,-155.1418,1330.604492,125.662727,-46.525013,1452.460693,129.204941,-25.812426,1366.97168,290.361877,109.600304,1386.014526,386.066101,86.890701,1577.287231,235.002594,9.247393,1524.342285,233.965225,48.012508,1632.079224,197.191986,99.146492,1055.696655,-120.260986,-93.436554,1083.805664,-136.951355,-121.152428,1094.199463,131.498047,88.066277,1081.785889,145.129807
4.158,-94.746132,1677.293335,33.008736,13.753426,1681.758911,38.263073,-55.482677,1616.643555,111.635612,-128.81163,1423.924194,-1.684315,-147.767319,1261.406128,-63.250877,-160.260864,1256.047729,47.389984,96.424301,1348.462402,49.575558,-108.454353,1347.303101,-149.416656,2.520844,1458.484009,-105.542389,52.255211,1359.434082,-288.349701,147.352448,1385.886841,-366.600464,269.379547,1522.261963,-192.120209,179.772385,1532.903442,-159.950638,286.927551,1551.294678,-118.454872,-153.732101,1331.540039,125.965919,-44.883118,1453.055542,129.44191,-25.439278,1367.84021,290.8591,109.064041,1387.187866,387.519073,86.966248,1578.229736,236.118927,9.485835,1525.077148,234.474228,48.047588,1632.977417,198.022812,99.687157,1055.574219,-119.787071,-92.626381,1084.803345,-137.121918,-120.972336,1095.105591,131.427353,88.130936,1081.374634,145.330109
4.167,-94.339813,1677.36792,33.123428,14.161962,1682.40271,38.433563,-54.903484,1616.991577,111.823456,-127.021416,1424.421021,-1.013555,-146.547531,1262.167847,-63.032722,-159.148834,1256.908691,47.811768,97.630722,1348.406738,50.29372,-107.410797,1348.075806,-148.811295,3.651336,1459.018555,-105.359589,50.880901,1358.858643,-289.05072,144.076096,1385.696899,-369.055756,264.061646,1529.815552,-199.834503,174.573151,1539.527588,-167.106201,281.835236,1562.438477,-127.541512,-152.569916,1332.44165,126.176224,-43.519299,1453.606201,129.70668,-24.965721,1368.807495,291.380341,108.631874,1388.262695,389.088318,87.133713,1579.175049,237.010986,9.763114,1525.827393,234.846115,48.274532,1633.674072,198.695358,100.16629,1055.499878,-119.467484,-91.853989,1085.685303,-137.099014,-120.80294,1095.928345,131.429855,88.164673,1080.951782,145.61293
4.175,-93.825989,1677.381958,33.273911,14.633889,1682.932739,38.613331,-54.280922,1617.239014,112.015602,-125.759346,1424.738525,-0.937612,-145.397278,1262.916016,-62.533474,-158.117538,1257.780029,47.962925,98.821449,1348.278687,50.932457,-106.38295,1348.641968,-148.284668,4.670134,1459.535278,-105.390427,49.888149,1358.05127,-289.534363,141.003647,1385.454956,-371.222656,258.26239,1537.241333,-206.999847,168.700455,1545.878662,-173.958649,275.523499,1573.043457,-136.148788,-151.300705,1333.306152,126.457886,-41.929577,1454.208374,129.825989,-24.588398,1369.470947,291.872986,108.422119,1389.157593,390.050049,87.40815,1579.899536,237.881607,10.137206,1526.16626,234.621414,48.841755,1634.171021,199.309799,100.713196,1055.487549,-119.079651,-91.051765,1086.712158,-137.134857,-120.627319,1096.624146,131.250687,88.130081,1080.47229,145.90416
4.183,-93.259766,1677.413452,33.40789,15.183324,1683.346069,38.762352,-53.61375,1617.416016,112.213577,-124.181107,1425.116455,-0.228768,-144.143188,1263.471191,-62.471626,-157.260696,1258.464478,48.28693,99.872551,1347.968994,51.598778,-105.445328,1349.043945,-147.84552,5.408182,1460.067505,-105.441391,48.804188,1357.175659,-289.928375,138.331711,1385.176147,-372.97699,252.034576,1544.440552,-213.624207,162.397385,1551.894531,-180.517715,268.498047,1583.316528,-144.164413,-150.198425,1333.973267,126.628159,-40.658031,1454.643311,130.060715,-24.159231,1369.974487,292.173096,108.358047,1389.806763,391.171326,87.838112,1580.364258,238.647095,10.544385,1526.765869,235.040329,49.523521,1634.653809,199.925537,100.633049,1054.844727,-117.277946,-90.322716,1087.471802,-137.023041,-120.518791,1097.257202,131.173462,88.088867,1079.951904,146.246521
4.192,-92.47892,1677.453247,33.60302,15.915496,1683.719727,38.971401,-52.903854,1617.557373,112.390892,-123.005112,1425.484131,0.055811,-143.307678,1264.105713,-62.280014,-156.45163,1259.140503,48.415104,100.823067,1347.640259,52.163795,-104.563179,1349.431152,-147.423187,6.212373,1460.547363,-105.360962,48.18763,1356.268555,-289.99826,135.944595,1384.93689,-374.419098,245.229462,1551.208374,-219.503662,155.594208,1557.427124,-186.853775,260.908264,1592.981323,-151.588974,-149.303741,1334.569824,126.910973,-39.272766,1454.929199,130.202255,-23.596788,1370.40918,292.459229,108.422424,1390.232178,392.031433,88.468979,1580.931274,239.457306,10.968821,1526.966187,235.001907,50.135521,1635.099609,200.318527,101.181633,1054.64856,-116.779259,-89.663666,1088.187012,-137.239441,-120.48156,1097.853516,131.201324,88.044128,1079.490479,146.566681
4.2,-91.677315,1677.47168,33.833229,16.641394,1684.027954,39.163246,-52.116367,1617.636353,112.592102,-121.886826,1425.692871,0.362411,-142.435486,1264.535034,-62.100342,-155.728027,1259.755737,48.574879,101.684029,1347.268188,52.759159,-103.903542,1349.726196,-147.119644,6.718097,1461.013184,-105.236893,47.630657,1355.373901,-290.043549,133.732529,1384.788208,-375.609039,238.168884,1557.759155,-225.031601,148.474136,1562.274658,-192.334259,252.487839,1602.0177,-158.352371,-148.44519,1335.090698,127.146172,-38.121758,1455.11792,130.375122,-22.999306,1370.689575,292.727203,108.55616,1390.460449,392.63443,89.055771,1580.902222,239.888718,11.564123,1527.187012,235.464478,50.795795,1635.312378,200.702087,101.812202,1054.328735,-116.374855,-89.021553,1088.71521,-137.293381,-120.531242,1098.349609,131.138,87.951935,1078.865112,146.996078
4.208,-90.766869,1677.538574,33.970596,17.569508,1684.3302,39.209118,-51.262081,1617.684082,112.796143,-120.897316,1425.907471,0.562948,-141.720535,1264.84436,-61.914879,-155.012085,1260.141479,48.79475,102.263741,1346.89502,53.183632,-103.313339,1349.980225,-146.913254,7.02564,1461.387939,-105.157997,47.073925,1354.535767,-289.987549,131.767273,1384.631226,-376.573547,231.048553,1563.865234,-229.906097,141.108414,1566.480469,-197.394562,243.658997,1610.370605,-164.398132,-147.633514,1335.629395,127.388657,-37.168049,1455.248413,130.487885,-22.412733,1370.840942,292.95343,108.819565,1390.557617,393.274109,89.71283,1580.988037,240.325165,12.434295,1527.372192,236.814606,51.766899,1635.382324,201.080444,102.443657,1053.950928,-116.02964,-88.457413,1089.11792,-137.30188,-120.624954,1098.70874,131.055069,87.818161,1078.154175,147.450058
4.217,-89.815712,1677.685669,34.141872,18.505114,1684.517822,39.163044,-50.359245,1617.815796,112.932785,-120.155617,1426.077026,0.852053,-141.091141,1265.124268,-61.850723,-154.537521,1260.454834,48.838287,103.824234,1346.413208,53.709354,-102.810738,1350.179321,-146.705124,6.551735,1462.135254,-105.94381,46.663071,1353.825562,-289.739624,130.05719,1384.590332,-377.429352,223.449631,1569.530151,-234.152451,133.449051,1570.042969,-201.924408,234.423004,1618.038452,-169.669846,-147.066132,1336.048462,127.498222,-36.139137,1455.329834,130.576889,-21.81819,1370.90625,293.126099,109.242989,1390.403442,393.528473,90.706146,1580.841797,240.632462,13.314222,1527.411621,237.468567,52.799442,1635.377197,201.465179,103.771828,1054.233276,-117.539314,-87.774147,1089.630371,-137.351913,-120.703697,1098.965942,130.978073,87.682419,1077.571411,147.836273
4.225,-88.465324,1677.931885,34.344776,19.876221,1684.724731,39.362915,-49.386513,1617.988647,113.023293,-119.545418,1426.215332,1.035004,-140.529755,1265.283813,-61.606789,-154.137085,1260.687134,48.912083,103.16568,1346.201904,54.091808,-102.470932,1350.262939,-146.474411,7.075551,1461.77478,-104.89016,46.357182,1353.322266,-289.523224,128.522003,1384.586548,-378.004181,216.222427,1575.010254,-237.750366,125.848366,1573.213135,-206.089767,224.820236,1625.036377,-174.292038,-146.583527,1336.370361,127.523575,-35.489365,1455.478149,130.872055,-21.288101,1370.878052,293.284821,109.847656,1390.043091,393.567322,91.828094,1580.685181,240.732162,14.17362,1527.305664,237.37027,53.595402,1635.290161,201.429352,103.993935,1053.577637,-116.409714,-87.339279,1089.931396,-137.453476,-120.802818,1099.162109,130.928284,87.497742,1076.98999,148.298965
4.233,-87.224609,1678.20459,34.38588,21.163612,1684.827148,39.211205,-48.314873,1618.175171,113.098106,-119.086494,1426.339111,1.225778,-140.096817,1265.394043,-61.588257,-153.815567,1260.890747,49.001057,103.333275,1345.950806,54.39183,-102.316734,1350.282837,-146.294174,6.828398,1461.922241,-104.690903,46.024208,1353.007324,-289.437805,127.292587,1384.664673,-378.483002,208.280334,1579.849121,-240.719193,118.076088,1575.376953,-209.468979,215.009186,1631.348511,-178.04631,-146.254791,1336.550049,127.654984,-34.921356,1455.467407,131.028244,-20.726015,1370.731812,293.324707,110.490181,1389.522461,393.340698,92.740311,1580.40564,240.868835,15.021334,1527.140015,237.368652,54.675049,1635.695435,202.077087,104.765144,1053.555786,-116.845551,-86.993027,1090.071777,-137.361115,-120.952698,1099.285522,130.909195,87.310707,1076.569458,148.814178
4.242,-85.620773,1678.559692,34.637482,22.826923,1684.852539,39.297184,-47.151844,1618.34668,113.155563,-118.880089,1426.437622,1.380475,-139.818893,1265.41333,-61.402641,-153.624023,1260.98645,49.095619,103.455719,1345.724365,54.628025,-102.332878,1350.237793,-146.15451,6.363263,1462.033447,-104.546654,45.54707,1352.914307,-289.466064,126.051338,1385.087402,-378.761688,200.623795,1584.332153,-243.622772,110.266663,1577.160767,-212.381866,205.087463,1637.045654,-181.290665,-146.062592,1336.644165,127.811089,-34.578564,1455.319458,131.132278,-20.143345,1370.422119,293.233429,111.227791,1388.8125,393.169922,93.765686,1579.744385,240.740189,16.036694,1526.901245,237.216431,56.297688,1634.534912,201.648193,105.042091,1053.110596,-116.024551,-86.664909,1090.182007,-137.256622,-121.099739,1099.357178,130.878769,87.155182,1076.281128,149.347748
4.25,-84.168633,1679.13147,34.59507,24.410082,1684.716309,39.205788,-45.853798,1618.487061,113.188713,-118.866173,1426.57251,1.496831,-139.70578,1265.315552,-61.318211,-153.576202,1260.989624,49.172421,103.471443,1345.554443,54.90731,-102.520554,1350.105835,-146.034622,5.749511,1462.05957,-104.320786,45.307358,1352.755127,-289.192169,125.010239,1385.502319,-378.976685,192.953812,1588.295898,-245.842056,102.671669,1578.179565,-214.828995,195.157745,1641.917358,-183.756821,-145.976379,1336.658203,127.946381,-34.349594,1455.191528,131.225952,-19.507038,1370.01062,293.093414,112.08728,1388.001709,392.763214,95.082535,1579.043457,240.44577,17.203699,1526.593018,237.244965,57.78812,1634.090576,201.606812,105.585579,1053.052002,-116.064941,-86.376205,1090.179932,-137.220917,-121.271667,1099.359009,130.860687,86.956398,1075.927734,149.872467
4.258,-82.274727,1679.749878,34.786251,26.303144,1684.498291,39.154675,-44.485474,1618.642212,113.190414,-118.954704,1426.666016,1.640947,-139.760178,1265.215942,-61.065189,-153.62204,1260.914673,49.244724,103.411377,1345.437988,55.027737,-102.916122,1349.915283,-145.940735,4.95767,1462.098633,-104.185699,45.252132,1352.524414,-288.421936,124.285774,1385.90564,-378.993347,185.415482,1591.735962,-247.204681,95.445961,1578.717896,-216.563889,185.357071,1646.068237,-185.51207,-146.016998,1336.555054,128.133545,-34.26123,1455.078003,131.416931,-18.959024,1369.538208,293.10025,113.134033,1386.931152,392.225769,96.706451,1578.177124,240.183807,18.41577,1526.1073,237.172073,59.474453,1633.425293,201.442062,105.848633,1052.885254,-115.684578,-86.040184,1090.169312,-137.42955,-121.462944,1099.293213,130.859436,86.744743,1075.591553,150.359192
4.267,-80.512886,1680.322632,34.749645,28.009533,1684.305298,38.97662,-43.040245,1618.875488,113.167809,-119.169708,1426.711304,1.754235,-139.906616,1264.990234,-60.999569,-153.811661,1260.745117,49.33551,103.226112,1345.429565,55.104031,-103.559319,1349.636108,-145.803146,3.958417,1462.123413,-104.059662,44.979527,1352.5979,-288.154388,123.640274,1386.490723,-378.886139,178.235977,1594.677734,-248.097595,88.436096,1578.811157,-217.986237,175.723114,1649.40271,-186.631363,-146.136292,1336.489136,128.249451,-34.276535,1454.834473,131.563705,-18.43751,1368.982788,293.111481,114.114571,1385.797119,391.819,98.147499,1577.331055,239.846176,19.569307,1525.845337,237.06781,61.130463,1632.931396,201.349289,106.178642,1052.880127,-115.531799,-85.837944,1090.056396,-137.378769,-121.664261,1099.178833,130.883209,86.488083,1075.414917,150.853333
4.275,-78.51207,1680.992188,34.91573,30.141134,1683.946411,38.905155,-41.538155,1619.101685,113.130615,-119.627434,1426.711548,1.950017,-140.226868,1264.741577,-60.860039,-154.12468,1260.495483,49.36039,102.932648,1345.466309,55.092075,-104.223083,1349.378052,-145.751877,2.766456,1462.051392,-103.954315,44.586807,1352.765381,-287.978271,122.976013,1387.235107,-378.792664,171.095932,1596.802246,-247.878067,81.974823,1578.404175,-218.733871,166.391937,1651.881104,-186.936951,-146.363998,1336.239258,128.467316,-34.359741,1454.557007,131.667343,-18.031027,1368.391235,293.122131,115.246841,1384.306519,390.764313,99.843132,1576.066406,239.435135,20.834639,1525.219482,236.932098,63.181416,1632.103516,201.003174,106.35453,1052.893799,-115.232246,-85.683685,1089.800659,-137.292526,-121.899025,1099.006348,130.899185,86.224426,1075.358154,151.238052
4.283,-76.422829,1681.689331,34.83569,32.185707,1683.706665,38.739162,-39.940205,1619.260132,113.074364,-120.106369,1426.595215,2.232853,-140.669724,1264.389404,-60.878006,-154.515228,1260.206055,49.465343,102.556473,1345.537109,55.06868,-105.058098,1349.099121,-145.692947,1.391825,1461.965454,-103.935028,43.922958,1352.997314,-287.874969,122.560333,1387.91394,-378.548889,164.57843,1598.670532,-247.914551,75.657845,1577.672119,-219.170227,157.637115,1653.796753,-186.603409,-146.723877,1335.987305,128.699005,-34.543694,1454.297852,131.908707,-17.48213,1367.57019,292.886749,116.249596,1382.94873,390.019012,101.565781,1575.001953,238.886414,22.125069,1524.741455,236.538452,65.34481,1631.212891,200.765213,106.452103,1052.971436,-114.976288,-85.572426,1089.437378,-137.300278,-122.186882,1098.726562,130.927078,85.968414,1075.412109,151.571838
4.292,-74.242928,1682.433228,34.885998,34.17738,1683.310303,38.573086,-38.311653,1619.469727,112.975418,-120.73214,1426.535278,2.547578,-141.267365,1263.980957,-60.672184,-155.000137,1259.890259,49.591469,101.980942,1345.541016,54.903706,-106.241005,1348.798706,-145.695648,-0.098246,1461.84375,-103.800293,43.268154,1353.24353,-287.810333,122.054939,1388.680054,-378.345398,158.634155,1600.082031,-247.158401,69.775444,1576.672852,-219.305588,149.196487,1654.830322,-185.53009,-147.137268,1335.652832,128.877487,-35.294868,1454.090088,132.344147,-16.990158,1366.63269,292.837952,117.423805,1381.283203,388.994843,103.333824,1573.925903,238.446716,23.679686,1524.208984,236.322495,67.436371,1630.327148,200.461411,106.507614,1053.105103,-114.729233,-85.563072,1089.121216,-137.354263,-122.528069,1098.419434,130.992584,85.707779,1075.561768,151.826935
4.3,-72.035027,1683.225708,34.998108,36.670132,1682.444702,38.495247,-36.678402,1619.732666,112.892906,-121.475319,1426.361084,2.758111,-141.962433,1263.456543,-60.458031,-155.593781,1259.449097,49.715332,101.229301,1345.614746,54.801762,-107.452271,1348.340332,-145.522675,-1.803799,1461.76416,-103.747375,42.618172,1353.432373,-287.746277,121.499748,1389.512573,-378.068359,153.037949,1600.772095,-245.700562,64.467659,1575.365601,-218.918182,141.577332,1655.227295,-183.715225,-147.58696,1335.253052,129.119446,-35.654297,1453.506836,132.58783,-16.53508,1365.699829,292.709564,118.426872,1379.589111,388.036285,105.374962,1572.476318,237.554077,25.095734,1523.66272,235.92868,69.688103,1629.307129,200.061829,106.459412,1053.273071,-114.502411,-85.603493,1088.638916,-137.12886,-122.870369,1097.978516,130.975891,85.433037,1075.793091,152.043335
4.308,-69.685852,1684.038086,34.921013,39.047401,1681.746094,38.354347,-34.966949,1619.86377,112.772507,-122.468292,1426.146484,3.046163,-142.801437,1262.920288,-60.255165,-156.288681,1258.863892,49.901047,100.388184,1345.685791,54.718678,-108.856155,1347.988647,-145.405411,-3.549481,1461.6073,-103.685272,41.578442,1353.804199,-287.881836,120.985687,1390.27832,-377.714783,147.7491,1600.958862,-243.807617,59.735443,1573.620361,-217.992096,134.374802,1654.964478,-181.605652,-148.172363,1334.825562,129.401962,-36.013493,1452.987915,132.773285,-15.957568,1364.778076,292.552765,119.604637,1377.72876,386.956207,107.348152,1570.949951,236.830658,26.640409,1523.008789,235.52858,71.982162,1628.214966,199.490173,106.383606,1053.422363,-114.317047,-85.682076,1088.152954,-136.96312,-123.247124,1097.531128,131.009628,85.113548,1076.050415,152.183533
4.317,-67.18885,1684.843384,34.906506,41.418831,1680.903076,37.936844,-33.232319,1620.066284,112.676323,-123.589287,1425.910522,3.367257,-143.778412,1262.393066,-60.086014,-157.082291,1258.299194,49.951454,99.41407,1345.626953,54.594795,-110.347702,1347.556152,-145.335129,-5.629911,1461.493286,-103.735771,40.542488,1353.963867,-287.976257,120.232414,1391.096924,-377.344574,143.010208,1600.789917,-241.681412,55.361923,1571.645752,-216.657318,128.122452,1654.288208,-179.206696,-148.99086,1334.242432,129.668015,-36.647655,1452.459839,132.97113,-15.626472,1363.638184,292.387421,121.284103,1375.460327,386.785767,109.139839,1569.36499,236.013931,28.121782,1522.266235,234.772827,74.435783,1627.019287,198.910294,106.263,1053.537964,-114.145973,-85.862404,1087.673706,-136.88414,-123.631065,1097.06189,131.086349,84.742325,1076.39209,152.279572
4.325,-64.684906,1685.547607,34.995766,44.079178,1680.048706,37.760246,-31.395384,1620.124512,112.58065,-124.856155,1425.585571,3.584759,-144.859131,1261.796387,-59.905102,-157.883377,1257.61377,50.223972,98.387146,1345.616211,54.35751,-112.081978,1347.013184,-145.16835,-7.446415,1461.153809,-103.513832,39.570961,1353.989746,-287.836914,119.523735,1391.777832,-377.079132,138.807022,1600.309448,-239.402252,51.467731,1569.351807,-214.961136,122.377281,1652.931396,-176.466263,-149.775925,1333.681396,130.040985,-37.57272,1451.947876,133.316788,-15.125786,1362.30127,292.154297,121.89904,1373.830078,384.535187,111.157295,1567.72937,235.039322,29.742758,1521.491699,234.189865,76.799217,1625.782959,198.180222,106.052635,1053.675171,-114.021889,-86.187241,1087.050781,-136.723923,-124.083199,1096.568237,131.218094,84.366653,1076.71936,152.358719
4.333,-61.981934,1686.265503,34.94865,46.540714,1678.864624,37.366558,-29.492876,1620.115356,112.503647,-126.131355,1425.073486,3.831871,-146.019302,1261.11792,-59.54504,-158.797226,1256.981201,50.473824,97.23568,1345.550171,54.194813,-113.789856,1346.495605,-145.117767,-9.617104,1460.778564,-103.455177,38.074188,1354.229492,-288.066223,118.768059,1392.477051,-376.630951,135.129776,1599.365356,-236.632736,48.153679,1566.932617,-213.07637,117.593811,1651.167236,-173.391022,-150.737091,1333.059326,130.442093,-38.418022,1451.335693,133.66423,-14.837646,1361.083618,291.912964,123.349693,1371.397827,383.922302,113.101883,1566.0448,233.92984,31.086096,1520.481934,233.976318,79.100403,1624.339111,197.45372,105.773087,1053.80481,-113.927452,-86.571526,1086.184448,-136.523392,-124.538605,1095.95874,131.2621,84.016762,1077.04541,152.367691
4.342,-59.307613,1686.8927,34.785053,49.028835,1677.543457,36.999573,-27.514883,1619.965454,112.416794,-127.565758,1424.509766,4.31373,-147.272415,1260.276489,-59.498154,-159.929321,1256.155396,50.771744,95.939613,1345.36084,53.911407,-115.6838,1345.799438,-144.920517,-11.627784,1460.369385,-103.315178,36.711773,1354.376099,-288.122589,117.824455,1393.067383,-376.131104,131.822159,1598.110718,-233.796219,44.982414,1564.340332,-210.958145,113.4664,1648.988892,-170.122467,-151.686493,1332.35022,130.860184,-39.508904,1450.506592,134.113937,-14.679695,1359.706421,292.084595,124.673447,1368.966919,382.571777,115.101158,1564.045044,233.041992,32.647041,1519.455444,233.16626,81.400032,1622.727661,196.929947,105.43689,1053.931885,-113.820976,-87.007774,1085.436035,-136.39711,-124.993141,1095.289062,131.425354,83.667053,1077.374634,152.345459
4.35,-56.515167,1687.429565,34.707699,51.629154,1675.963745,36.494072,-25.524071,1619.743042,112.302971,-129.210846,1424.026123,4.510448,-148.676468,1259.545776,-58.974392,-161.028214,1255.266602,50.99749,94.676529,1345.192383,53.692642,-117.901794,1345.193237,-144.771866,-13.742996,1459.803345,-103.150581,35.080208,1354.486206,-288.217133,116.777321,1393.646362,-375.91098,128.996964,1596.661377,-230.954956,42.5867,1561.609863,-208.556183,110.087158,1646.422852,-166.71048,-152.902832,1331.504883,131.344193,-40.589012,1449.780884,134.467133,-14.512894,1358.241699,291.919098,125.939117,1366.411499,381.137024,117.003922,1561.868164,231.80574,33.90876,1518.472046,232.593674,83.544571,1621.124512,196.125259,104.935455,1054.097168,-113.75592,-87.700134,1084.427368,-136.127014,-125.531166,1094.543823,131.63916,83.302704,1077.733521,152.338089
4.358,-53.582603,1687.889771,34.655357,54.245232,1674.193115,36.076675,-23.494747,1619.382202,112.114365,-131.016052,1423.323242,4.881629,-150.200104,1258.609253,-58.9044,-162.139893,1254.311523,51.467812,93.251595,1344.99353,53.337193,-120.03093,1344.388428,-144.536179,-15.987381,1459.182861,-103.073593,33.589474,1354.42749,-288.195221,115.709541,1393.953979,-375.469452,126.916412,1594.814331,-227.993317,40.650028,1558.946655,-205.976654,107.779121,1643.45105,-162.977646,-154.147064,1330.617065,131.735611,-41.882992,1448.952881,134.901672,-14.261795,1356.601318,291.728424,126.892654,1363.712524,379.116638,118.898354,1559.634521,230.744156,35.265064,1517.273315,231.805664,86.025795,1619.450684,195.276733,104.373817,1054.217896,-113.620232,-88.291245,1083.494873,-135.810471,-126.034126,1093.717651,131.802261,82.935616,1078.032104,152.415466
4.367,-50.547054,1688.28186,34.49942,57.055233,1672.290039,35.729782,-21.430264,1618.845947,111.908073,-132.919113,1422.195923,5.386728,-151.637711,1257.49585,-58.371937,-163.38237,1253.202759,51.832405,91.871101,1344.622559,53.072735,-122.112724,1343.526245,-144.388977,-18.219362,1458.450562,-102.977737,31.87994,1354.34021,-288.204224,114.49897,1394.101807,-375.124451,125.669601,1592.617188,-224.642288,39.114563,1556.172485,-203.636642,105.966354,1640.199463,-159.205994,-155.357056,1329.645142,132.269089,-43.127914,1447.777954,135.436737,-14.171921,1354.758545,291.606659,128.095566,1360.720825,377.188934,120.69149,1557.352783,229.450455,36.738499,1515.846069,231.345352,88.464691,1617.307861,194.576736,103.753738,1054.349609,-113.554001,-89.037323,1082.281982,-135.538849,-126.522583,1092.810913,132.109741,82.558693,1078.270874,152.476089
4.375,-47.463814,1688.528198,34.487938,59.777931,1670.050659,35.208275,-19.325525,1618.143677,111.67672,-134.793152,1421.000977,5.713283,-153.397964,1256.417114,-58.299458,-164.781754,1252.082397,52.153351,90.39489,1344.168335,52.692265,-124.265198,1342.557007,-144.193558,-20.555643,1457.661255,-102.866135,30.037123,1354.215942,-288.157654,113.114296,1394.151123,-374.916809,124.140701,1590.186401,-221.792709,38.077206,1553.426392,-201.1698,104.968353,1636.605347,-155.42366,-156.893021,1328.58374,132.758759,-44.432667,1446.730347,135.955551,-14.119948,1352.943237,291.42038,129.340561,1357.496582,375.437012,122.531784,1554.669556,228.331741,38.140289,1514.430786,230.316864,90.860741,1615.157837,193.780975,102.982361,1054.479492,-113.447533,-89.908058,1081.14209,-135.069901,-127.006668,1091.834717,132.393845,82.206673,1078.414429,152.575684
4.383,-44.288319,1688.663696,34.340298,62.565193,1667.722656,34.586834,-17.171833,1617.219849,111.341209,-136.746689,1419.848755,5.95814,-154.974304,1255.092773,-57.815742,-166.110245,1250.767944,52.687515,88.775711,1343.668579,52.482628,-126.354126,1341.354004,-144.037201,-22.784157,1456.643188,-102.823532,28.325895,1353.932983,-288.088043,111.757004,1393.883911,-374.567413,123.524399,1587.341431,-218.711838,37.096668,1550.981201,-199.143524,104.632629,1632.604492,-151.483368,-158.336395,1327.366943,133.219925,-45.892612,1445.529541,136.586258,-14.131522,1350.831787,291.291473,130.198318,1354.101196,373.310883,124.558838,1551.824951,227.045059,39.58387,1512.471558,229.984726,93.245346,1612.716919,193.087784,102.15535,1054.578735,-113.206223,-90.861885,1079.822388,-134.897369,-127.568291,1090.725342,132.714996,81.891853,1078.486206,152.734558
4.392,-41.005352,1688.57959,34.152531,65.213699,1665.167725,34.019794,-14.98644,1616.132935,111.051369,-138.789871,1418.648071,6.369664,-156.74791,1253.819702,-57.544273,-167.575668,1249.356934,53.024315,87.021049,1343.081909,52.144581,-128.555664,1340.246826,-143.916321,-25.068851,1455.649048,-102.758965,26.373806,1353.402954,-288.096436,110.184135,1393.376221,-374.32959,123.249756,1584.32605,-215.81514,36.58461,1548.6073,-197.250198,104.905708,1628.345215,-147.839798,-159.975388,1326.212524,133.786652,-47.246651,1444.179565,137.166504,-14.219954,1348.585205,291.124023,131.284241,1350.28125,371.257507,126.361397,1548.784546,225.88736,40.89629,1510.736328,229.040695,95.759872,1610.011841,192.063553,101.245979,1054.616699,-112.963013,-91.87896,1078.321899,-134.557648,-128.066589,1089.617188,133.098923,81.596687,1078.518555,152.923538
4.4,-37.670788,1688.378296,33.875229,68.040443,1662.383423,33.308395,-12.755548,1614.829346,110.625336,-140.853043,1417.53833,6.511373,-158.530807,1252.365723,-57.072506,-169.106323,1247.947266,53.487797,85.531052,1342.448608,51.959797,-130.673462,1338.960938,-143.706177,-27.361763,1454.552002,-102.774529,24.419783,1352.702637,-287.985382,108.842262,1392.740601,-374.00943,123.469299,1581.056152,-212.971359,36.319717,1546.21106,-195.26651,105.561989,1623.8125,-143.675583,-161.611237,1324.90271,134.203934,-48.816036,1442.809814,137.838379,-14.314585,1346.224976,290.908173,132.272903,1346.201782,369.220551,128.219635,1545.493286,224.680878,42.488136,1508.262939,228.685532,98.282066,1606.830078,191.184845,100.375259,1054.648926,-112.936668,-92.908638,1076.913086,-134.273376,-128.593307,1088.248779,133.550049,81.258087,1078.512939,153.104446
4.408,-34.238857,1688.024902,33.66507,70.70359,1659.197021,32.548439,-10.478396,1613.339722,110.143318,-142.907669,1416.24292,7.039795,-160.388626,1250.936523,-56.783295,-170.695755,1246.43042,53.865391,83.984856,1341.702271,51.704681,-132.991776,1337.565674,-143.574402,-29.692909,1453.362061,-102.805801,22.449404,1351.798462,-288.083557,107.274185,1391.701294,-373.743286,123.939697,1577.547363,-210.180588,36.277596,1543.675781,-193.289993,106.849121,1619.020508,-140.427582,-163.054367,1323.571289,134.622437,-50.348495,1441.491089,138.522903,-14.401402,1343.632446,290.704712,133.044617,1341.875366,366.761688,130.038452,1541.617554,222.839615,43.75576,1506.113647,228.280273,100.784065,1603.639038,190.450684,99.249481,1054.448975,-112.689194,-94.00132,1075.178833,-133.963303,-129.078262,1086.947144,133.953857,80.888489,1078.46106,153.268066
4.417,-30.783327,1687.444824,33.700466,73.197083,1655.865479,31.998653,-8.161742,1611.643066,109.788849,-145.034851,1415.169678,7.316118,-162.294235,1249.324951,-56.391869,-172.22641,1244.754517,54.277657,81.940002,1340.550903,51.156677,-135.271469,1336.119019,-143.338333,-32.060806,1452.094482,-102.829468,20.420118,1350.734131,-288.022369,105.84446,1390.392822,-373.51889,124.75415,1573.719849,-207.552917,36.487118,1541.147827,-191.338531,108.598969,1614.463989,-137.292725,-164.798538,1322.108032,135.096405,-51.700016,1439.894165,139.264755,-14.580922,1340.787842,290.370422,133.864746,1337.322998,364.457947,132.051453,1537.758911,221.751724,45.266071,1503.284668,228.274292,103.281143,1600.19519,189.517807,98.28141,1054.258423,-112.632309,-95.297134,1073.453125,-133.419708,-129.611664,1085.48645,134.393646,80.542099,1078.396484,153.440933
4.425,-27.242237,1686.70813,34.096001,75.96199,1652.418457,31.306122,-5.817615,1609.781128,109.197075,-146.994064,1413.744507,7.756135,-164.213989,1247.769531,-55.973251,-173.902344,1243.218994,54.663891,80.904709,1339.698242,50.597683,-137.605469,1334.560547,-143.153549,-34.261292,1450.697876,-102.972145,18.271381,1349.492432,-288.032288,104.344475,1388.615112,-373.333954,126.033813,1569.324585,-204.828156,36.943237,1538.640259,-189.656128,110.422501,1609.071045,-133.948273,-166.314987,1320.692871,135.496994,-53.170601,1438.560059,139.976273,-14.777061,1337.929199,290.101868,134.31813,1332.79248,361.747803,133.817322,1533.595337,220.172882,46.754623,1500.5177,227.614273,105.847816,1596.522217,188.41597,97.240883,1053.928345,-112.619003,-96.482491,1071.571899,-133.208099,-130.166733,1084.036255,134.971329,80.167152,1078.348022,153.642014
4.433,-23.75869,1685.770874,34.38504,78.550674,1648.766357,30.817875,-3.416266,1607.799316,108.499641,-149.047836,1412.640137,8.184213,-166.218369,1246.018555,-55.576477,-175.429276,1241.412842,55.115856,78.171486,1338.348022,50.619518,-139.891556,1333.013916,-142.936356,-36.522316,1449.363647,-103.105148,16.190376,1348.091431,-288.001038,102.731552,1386.807739,-373.243774,127.609688,1564.371094,-202.364441,37.460842,1536.366455,-188.237671,112.461876,1604.248413,-131.584747,-167.965683,1319.037354,136.026642,-54.583698,1436.897827,140.596741,-14.888477,1334.955322,289.664978,134.939331,1327.891724,359.547577,135.90654,1529.16687,218.872513,48.42453,1497.351929,226.958191,108.546646,1592.6875,187.412048,96.070396,1053.506104,-112.616524,-97.925659,1069.728516,-132.848785,-130.737244,1082.487671,135.357834,79.716805,1078.329346,153.852554
4.442,-20.13592,1684.503662,34.721481,81.008774,1644.836304,30.383259,,,,-151.043304,1411.200562,8.728354,-168.060394,1244.40564,-55.340611,-177.053879,1239.835083,55.359131,76.382339,1337.191895,50.343494,-142.023575,1331.334229,-142.725311,-38.838741,1447.914429,-103.382393,14.221736,1346.387451,-288.042267,101.393326,1384.484253,-373.077759,129.396667,1559.351562,-200.289261,37.951504,1534.790039,-187.860886,114.63546,1599.978516,-129.873199,-169.490677,1317.522217,136.415787,-55.771206,1435.466675,141.256027,-15.003318,1331.773804,289.132751,135.512283,1322.909302,357.317383,137.635941,1524.772095,217.649658,49.962376,1494.340942,226.694321,110.979462,1588.501709,186.437347,95.083557,1052.998291,-112.71711,-99.166496,1067.724854,-132.49263,-131.301773,1081.01062,135.874222,79.319786,1078.275635,154.017654
4.45,-16.530996,1683.198608,35.115189,83.533455,1640.880493,30.032942,,,,-152.92511,1409.95459,9.098198,-169.845871,1242.615356,-54.885372,-178.495605,1238.008057,55.844559,74.511452,1335.902222,50.06443,-144.336838,1329.770752,-142.531662,-40.970955,1446.528076,-103.656593,12.092036,1344.706787,-288.067505,100.028465,1381.958008,-372.805389,130.988083,1554.555786,-198.528992,38.612316,1533.731567,-187.716736,116.971283,1596.020142,-128.806732,-170.84285,1315.894897,136.929138,-56.938229,1433.781128,142.206741,-15.043964,1328.644409,288.587189,136.186905,1317.617798,354.998291,139.551971,1520.04126,216.372574,51.365414,1490.829102,226.109787,113.4562,1584.459473,185.559494,94.006607,1052.524048,-112.656219,-100.5093,1065.708008,-132.270737,-131.94986,1079.357666,136.35881,78.866425,1078.219971,154.179825
4.458,-12.901251,1681.766357,35.411644,85.88765,1636.782227,29.639933,,,,-154.689392,1408.450806,9.289921,-171.55188,1240.864258,-54.558681,-180.127258,1236.292358,56.176781,72.516869,1334.542725,49.767319,-146.476837,1328.066528,-142.251038,-42.848499,1444.983154,-103.942192,10.063829,1342.624268,-288.173126,98.936844,1379.106812,-372.531677,132.562103,1550.208374,-197.44902,39.297787,1532.518311,-187.914597,118.887489,1592.137451,-127.916649,-172.398865,1314.278564,137.331268,-57.970318,1432.024292,143.069809,-15.074547,1325.399658,288.055206,136.673569,1312.447388,352.766693,141.404663,1515.333374,215.257233,52.896996,1487.366333,225.634201,115.991318,1580.177368,184.761505,92.75396,1052.139648,-112.6968,-101.952698,1063.656372,-131.929871,-132.685989,1077.847534,136.664993,78.438721,1078.196899,154.362137
4.467,-9.337817,1680.132568,35.814613,88.223892,1632.449707,29.337421,2.16024,1602.066772,105.97776,-156.588699,1407.099243,9.807959,-173.393845,1239.196655,-54.213047,-181.499451,1234.63562,56.51733,70.941284,1333.235596,49.496208,-148.692429,1326.423584,-142.092163,-44.704136,1443.532593,-104.302856,8.014803,1340.401367,-288.262878,97.942299,1375.976929,-372.090149,133.70929,1546.249878,-196.776077,39.828953,1531.414185,-188.593231,120.29847,1588.240967,-127.16098,-173.730667,1312.689331,137.710709,-59.00301,1430.337158,143.916779,-14.971397,1322.127808,287.5065,137.205078,1307.009888,350.396118,143.211472,1510.732666,214.248016,54.608086,1483.952881,225.628967,118.593285,1575.85144,184.217255,91.667336,1051.758301,-112.757942,-103.320915,1061.61792,-131.767853,-133.457062,1076.3396,137.215836,77.965111,1078.108521,154.563248
4.475,-5.673908,1678.574585,36.109638,90.594543,1628.216309,28.993883,4.678494,1600.043213,106.139091,-158.14798,1405.573364,10.071762,-174.947464,1237.42981,-53.792881,-182.864395,1232.799316,56.919918,69.11969,1331.819946,49.198811,-150.579727,1324.805542,-141.815811,-46.548275,1441.997803,-104.763245,6.217052,1338.116089,-288.312378,97.098358,1372.632202,-371.545746,134.624237,1542.707153,-196.572998,40.372528,1529.974487,-189.178482,121.336517,1584.503662,-126.466125,-174.969315,1311.006958,138.204361,-59.777714,1428.531006,144.826782,-14.849206,1318.70166,286.834106,137.719437,1301.442627,347.895813,145.163712,1506.14502,213.387939,56.287479,1480.474731,225.683456,121.336472,1571.872314,183.96022,90.584511,1051.243896,-112.804192,-104.619255,1059.734375,-131.486359,-134.373413,1074.864258,137.563156,77.492668,1078.039307,154.670319
4.483,-1.995746,1676.812744,36.43507,92.855377,1624.032959,28.691359,7.068999,1597.501587,106.322891,-159.80809,1404.235718,10.178205,-176.562561,1235.795044,-53.425915,-184.27655,1231.353638,57.262718,67.717316,1330.519897,49.000679,-152.540009,1323.192749,-141.625366,-48.6362,1440.762817,-105.849915,4.539752,1335.594727,-288.333252,96.283653,1369.082153,-371.094666,135.215424,1539.486816,-196.56189,40.690102,1528.49707,-189.950317,122.011093,1581.199707,-126.4534,-176.298141,1309.523193,138.637283,-60.429623,1426.809937,145.750183,-14.718349,1315.379028,286.138885,138.102631,1296.051025,345.364777,147.000397,1501.70813,212.765808,58.123249,1477.041016,225.801483,123.860397,1567.577026,183.444901,89.542732,1050.588379,-112.859474,-105.975655,1057.751709,-131.19252,-135.262192,1073.380127,138.062683,77.07193,1077.849121,154.784561
4.492,1.791453,1674.956909,36.731091,95.037796,1619.703613,28.19869,9.843794,1595.520874,106.425514,-161.271393,1402.85022,10.66368,-178.094894,1234.16394,-53.021164,-185.530441,1229.669067,57.691017,66.009666,1329.121948,48.764038,-154.382599,1321.662231,-141.365067,-50.001266,1439.413452,-106.183144,3.007204,1333.028931,-288.293976,95.574615,1365.736084,-370.448303,135.578659,1536.604126,-196.844482,41.052387,1526.668945,-190.623413,122.755882,1578.338989,-126.720787,-177.370377,1307.970581,139.168579,-60.979195,1425.215698,146.633759,-14.421758,1311.960815,285.589233,138.705887,1290.363159,342.689758,149.335693,1497.155762,212.263107,60.121639,1473.703125,226.056427,126.735268,1563.903809,183.289841,88.705978,1049.805542,-112.790291,-107.231384,1056.092651,-131.080673,-135.998779,1071.971069,138.456009,76.631622,1077.483398,154.850616
4.5,5.430968,1673.207642,37.190285,97.2939,1615.445068,27.819519,12.097359,1593.098267,106.433449,-162.661224,1401.668213,10.891841,-179.569061,1232.719482,-52.67104,-186.671158,1228.296021,58.054672,64.890495,1327.867432,48.566532,-156.015549,1320.254028,-141.199142,-51.187183,1437.940063,-106.52729,1.767239,1330.393677,-288.202515,94.875763,1362.36853,-370.02301,135.762604,1533.915771,-197.365585,41.118813,1524.834351,-191.31398,123.425491,1575.877197,-127.197578,-178.317703,1306.759766,139.510956,-61.407982,1423.609863,147.451767,-14.091136,1308.663574,284.927429,139.113449,1285.017456,339.947388,151.8535,1493.050781,211.904266,62.521442,1470.416138,226.407089,129.782593,1560.276611,183.165573,87.855209,1049.107422,-112.933922,-108.386131,1054.395142,-130.902267,-136.836319,1070.586182,138.846588,76.235649,1077.010742,154.850143
4.508,9.155293,1671.182129,37.161739,99.409393,1611.267944,27.435101,14.760162,1591.179932,106.386627,-163.750015,1400.531128,11.386254,-180.810974,1231.2052,-52.18491,-187.680206,1226.853271,58.61911,63.535675,1326.489746,48.433151,-157.511276,1318.819824,-141.066727,-52.380695,1436.556885,-106.969223,0.905853,1327.829224,-287.969971,94.229851,1359.158569,-369.579529,135.924103,1531.411987,-197.923782,41.226238,1523.160278,-191.917877,124.024185,1573.649292,-127.987938,-179.158569,1305.529419,140.069733,-61.62257,1422.201904,148.281204,-13.680408,1305.274536,284.15506,139.58168,1279.579834,337.193726,154.537994,1489.119141,211.559357,65.113258,1467.303101,226.524963,133.104965,1557.004028,183.197342,87.069443,1048.442505,-113.072365,-109.409668,1052.905762,-130.515335,-137.534515,1069.283203,139.370773,75.758667,1076.519775,154.755585
4.517,12.630668,1669.345337,37.369064,101.488091,1607.234009,26.879536,16.885435,1589.414062,106.149063,-164.781128,1399.677612,11.773048,-182.189499,1230.068359,-51.967525,-188.799393,1225.716064,58.865177,62.469276,1325.219116,48.273685,-158.9021,1317.624023,-140.939835,-53.372173,1435.266113,-107.349594,0.017093,1325.325317,-287.639557,93.372391,1356.014771,-369.293945,135.888245,1529.139282,-198.758606,41.258667,1521.376465,-192.423996,124.543358,1571.63562,-128.946243,-180.081757,1304.509766,140.353867,-61.746952,1420.83374,149.11911,-13.062806,1302.02417,283.328461,140.12709,1274.197754,334.291962,157.55957,1485.510864,211.190216,67.857941,1464.310181,226.576355,136.818405,1554.141113,183.506821,86.348495,1047.739258,-113.235321,-110.396767,1051.471069,-130.23909,-138.153961,1068.195435,139.699844,75.426743,1076.099854,154.643448
4.525,16.205429,1667.392334,37.199871,103.480873,1603.437012,26.302626,19.35486,1588.34082,105.812973,-165.591187,1398.845947,11.968575,-183.243042,1228.855835,-51.499935,-189.692001,1224.6073,59.380234,61.311638,1323.895996,48.207748,-160.187668,1316.331299,-140.833847,-54.412964,1434.103271,-107.845779,-0.485198,1322.920288,-287.219086,92.54808,1353.259521,-369.119934,135.847412,1526.987793,-199.551941,41.031525,1519.752319,-193.042038,124.972504,1569.789673,-130.00235,-180.797729,1303.742432,140.734772,-61.687397,1419.656372,149.885681,-12.321626,1298.876465,281.325378,140.570419,1269.184448,331.390503,161.091629,1481.973755,210.722977,71.205109,1461.556396,226.413773,141.081314,1551.531128,183.675186,85.751633,1047.112671,-113.399475,-111.411659,1050.369141,-129.963333,-138.757263,1067.088501,140.131241,75.057236,1075.666382,154.447021
4.533,19.585052,1665.68103,37.299007,105.485641,1599.741455,25.852304,22.014826,1587.429321,105.409027,-166.262894,1398.275391,12.317135,-184.247467,1227.941895,-51.175476,-190.490479,1223.809326,59.785912,60.670738,1323.010864,47.936459,-161.24704,1315.424316,-140.800842,-55.458176,1433.186279,-108.341133,-1.061243,1320.618042,-286.757507,91.578262,1350.65918,-368.99231,135.800171,1525.015503,-200.42157,41.098068,1518.108887,-193.401596,125.377563,1568.028076,-131.054245,-181.354202,1303.15979,141.150604,-61.461895,1418.698853,150.489014,-11.661546,1295.922119,280.001709,141.002609,1264.357666,328.512909,164.853104,1478.546631,210.069061,74.892242,1458.982422,226.099457,145.520081,1549.083984,184.06572,85.126778,1046.595459,-113.73362,-112.38118,1049.484741,-129.739197,-139.219955,1066.270508,140.522354,74.703667,1075.260254,154.272888
4.542,22.921415,1663.971313,37.159012,107.288147,1596.296387,25.33894,24.899376,1585.862549,105.145378,-166.851639,1397.895752,12.580142,-185.182312,1227.287598,-50.943336,-191.238617,1223.16272,60.156086,60.136078,1321.887817,47.721035,-162.359131,1314.599365,-140.645676,-56.350761,1432.416382,-108.725281,-1.658562,1318.713013,-286.13504,90.538895,1348.226807,-369.019867,135.694824,1523.160767,-201.291611,40.76424,1517.060913,-194.293945,125.791862,1566.470581,-132.030258,-181.80603,1302.706665,141.602081,-61.116138,1417.797974,151.172501,-11.139421,1293.335693,279.038483,141.49614,1259.763184,325.649689,169.027206,1475.162231,209.142181,78.813705,1456.740845,225.6436,150.477997,1546.981812,184.350266,84.550331,1046.23291,-113.92675,-113.210503,1048.681519,-129.400635,-139.65274,1065.600098,141.018127,74.400665,1074.906982,154.147476
4.55,26.19194,1662.297241,36.614609,109.284775,1593.213013,24.473911,25.265942,1585.581055,112.657394,-167.325531,1397.607666,12.891954,-186.073761,1226.813477,-50.700687,-191.7995,1222.690308,60.485867,59.493763,1320.926636,47.552509,-163.178864,1313.915161,-140.5439,-57.171444,1431.780273,-109.147552,-2.12662,1316.819214,-285.554962,89.541893,1346.176636,-368.991364,135.566467,1521.532471,-202.205948,40.650688,1516.118164,-194.947952,126.26162,1565.030396,-132.972565,-182.158768,1302.476196,141.957932,-60.664051,1417.141602,151.770981,-10.423871,1290.921387,277.769684,141.776093,1255.551392,322.868652,173.217926,1472.102539,208.135269,82.944412,1455.092163,225.316467,155.929688,1544.728027,184.316147,83.967125,1045.944702,-114.119972,-113.994896,1048.025269,-129.0914,-140.028778,1065.039917,141.314529,74.083084,1074.623901,154.016006
4.558,29.273455,1660.945923,36.311523,111.239655,1590.306519,23.880262,28.321207,1583.199707,107.055214,-167.603058,1397.504517,13.151552,-186.687714,1226.235962,-50.277569,-192.337891,1222.359619,60.771854,59.096478,1320.16687,47.430622,-163.899887,1313.397705,-140.4104,-57.859406,1431.318848,-109.469322,-2.788247,1315.26123,-285.179413,88.28611,1344.359131,-369.190674,135.530121,1520.055176,-203.06369,40.599743,1515.288452,-195.638657,126.759827,1563.805176,-134.09462,-182.396286,1302.431519,142.264923,-60.008949,1416.627197,152.385422,-9.752804,1288.733765,276.778137,142.420227,1251.627197,319.955292,177.916367,1468.998169,206.8936,87.375954,1453.949585,224.828461,162.058487,1542.557495,184.379517,83.393097,1045.782715,-114.316269,-114.719818,1047.574463,-128.757278,-140.391678,1064.686768,141.638947,73.750999,1074.380127,153.859116
4.567,32.331917,1659.626831,35.936062,113.15451,1587.809326,23.203089,30.625587,1582.097534,106.685387,-167.769104,1397.539795,13.406765,-187.268173,1226.067139,-49.993877,-192.83374,1222.367554,61.014847,58.803173,1319.572998,47.256546,-164.560425,1313.133301,-140.17366,-58.398544,1431.056763,-109.688988,-3.497137,1313.956421,-284.81604,87.032921,1342.881836,-369.482391,135.426422,1518.899536,-204.167587,40.570789,1514.932129,-196.259094,127.347977,1562.859619,-135.211761,-182.527985,1302.545288,142.591354,-59.421593,1416.330566,152.912216,-9.028888,1286.952148,275.778107,142.871094,1248.085083,317.293335,182.619278,1466.010498,205.39418,92.106171,1453.248901,224.523697,168.536133,1540.560181,184.24971,82.85405,1045.714844,-114.464333,-115.324699,1047.408936,-128.525192,-140.66713,1064.554199,141.982208,73.491966,1074.197998,153.797623
4.575,35.325375,1658.744141,35.525013,115.031082,1585.499512,22.384258,32.272717,1581.648682,109.310509,-167.806229,1397.724365,13.679705,-187.694702,1226.121582,-49.66328,-193.115356,1222.458008,61.431919,58.563335,1319.197266,47.111366,-165.168686,1313.081055,-139.921906,-58.770119,1430.889648,-109.857307,-4.342384,1312.950562,-284.613861,85.670128,1341.798828,-369.819611,135.422989,1518.1521,-205.338333,40.640717,1514.825928,-196.949936,128.050568,1562.237305,-136.470581,-182.56546,1302.841309,142.892044,-58.859402,1416.273804,153.435623,-8.325319,1285.532959,274.878265,143.534073,1244.889893,314.405914,188.146149,1463.102417,203.761703,97.093903,1452.958618,224.092422,176.068069,1538.360474,183.864792,82.281418,1045.767456,-114.607323,-115.984802,1047.401001,-128.236969,-140.867798,1064.575806,142.364197,73.276344,1074.111328,153.790649
4.583,38.27314,1657.905396,34.802299,116.85881,1583.802734,21.042902,34.568653,1580.727539,108.014114,-167.715408,1398.079956,13.961906,-188.081833,1226.386475,-49.307697,-193.395538,1222.926636,61.812683,58.542728,1319.077637,46.929161,-165.678986,1313.203491,-139.656433,-59.049076,1430.876465,-110.03804,-5.361348,1312.252563,-284.708893,84.317032,1340.943481,-370.305206,135.503418,1517.635742,-206.624527,40.789974,1514.978027,-197.736969,128.749481,1562.005005,-137.777924,-182.497131,1303.364868,143.13063,-58.200169,1416.384033,153.891098,-7.606187,1284.415405,274.211334,144.132339,1242.025269,311.795319,194.170364,1460.51001,201.75975,102.579391,1452.920776,223.599472,183.949127,1536.297241,183.243729,81.74984,1045.860596,-114.656555,-116.592369,1047.639282,-128.002777,-141.04837,1064.715454,142.69548,73.111176,1074.143921,153.791199
4.592,41.247284,1657.16272,33.887566,118.753616,1582.201416,19.915403,36.974506,1580.244507,108.509613,-167.452179,1398.730469,14.300133,-188.364456,1226.895874,-48.930058,-193.425491,1223.477661,62.294827,58.715385,1319.27478,46.680477,-166.214935,1313.626099,-139.3703,-59.228832,1431.039673,-110.192932,-6.427374,1311.9552,-284.926483,82.873726,1340.432861,-370.779877,135.678726,1517.540405,-207.965424,40.957512,1515.286011,-198.546402,129.539795,1562.067993,-139.223038,-182.203064,1304.154297,143.551224,-57.256313,1416.651855,154.200424,-6.739214,1283.620728,273.555817,144.880508,1239.306641,309.15506,199.689438,1457.391357,199.641754,108.570404,1453.405029,223.052124,192.469727,1533.893311,182.20842,81.133362,1046.133667,-114.694435,-117.200325,1048.163208,-127.867012,-141.221481,1064.972168,142.977036,72.944962,1074.243652,153.758392
4.6,43.989609,1656.689941,32.992493,120.635323,1580.712769,18.899506,39.146179,1579.868896,107.767319,-167.186996,1399.588501,14.643252,-188.58403,1227.586914,-48.609833,-193.458282,1224.181152,62.713741,58.977692,1319.635498,46.416878,-166.551758,1314.172729,-138.968307,-59.252735,1431.352539,-110.278023,-7.618924,1311.983765,-285.143982,81.433723,1340.165649,-371.498535,135.890823,1517.739258,-209.429611,41.173248,1515.835327,-199.555603,130.36882,1562.42395,-140.746262,-181.854156,1304.937378,143.946121,-56.26141,1417.069214,154.376312,-5.813688,1283.151001,272.977661,145.583511,1237.104126,306.611938,205.524338,1454.203735,197.507538,115.023163,1453.902588,222.527328,201.5242,1531.341431,180.864105,80.485237,1046.562866,-114.630196,-117.745842,1048.817749,-127.682671,-141.390167,1065.382446,143.243973,72.741806,1074.39209,153.718491
4.608,46.70776,1656.350342,32.031273,122.771698,1579.649292,17.21657,41.503189,1579.804077,107.009872,-166.620819,1400.340454,15.09551,-188.727219,1228.477661,-48.070782,-193.434921,1225.076904,63.186897,59.310627,1320.152222,46.177528,-166.785202,1314.980103,-138.545181,-59.166214,1431.789307,-110.314079,-8.948393,1312.38916,-285.763214,79.978134,1340.123169,-372.183929,136.090836,1518.126221,-211.035675,41.445442,1516.62793,-200.573288,131.25148,1562.980713,-142.365601,-181.355667,1305.865601,144.242493,-55.257465,1417.829468,155.063354,-4.96884,1283.090698,272.640625,146.261703,1234.961792,304.130096,211.942612,1451.281372,195.058609,121.944801,1454.627075,221.690796,211.042023,1528.342651,179.038727,79.939262,1047.036011,-114.624763,-118.269615,1049.755493,-127.491249,-141.408905,1066.009766,143.572586,72.595512,1074.641602,153.666275
4.617,49.389652,1656.324951,31.143051,124.411896,1578.673096,15.9932,43.994057,1579.83667,106.164795,-165.990845,1401.345459,15.382595,-188.749222,1229.418213,-47.493248,-193.24559,1226.233032,63.702061,59.873138,1320.89856,45.951439,-166.975235,1315.841553,-137.983643,-58.98716,1432.390747,-110.279388,-10.175522,1312.86731,-286.218781,78.554092,1340.240479,-372.965607,136.239044,1518.739014,-212.653152,41.755596,1517.807373,-201.56044,132.198685,1563.734131,-144.121582,-180.659805,1307.081177,144.76918,-54.085232,1418.678589,155.293243,-3.917274,1283.290283,272.359619,147.033157,1233.204346,301.54895,218.792755,1448.024048,192.607574,129.338364,1455.242188,220.659363,221.108704,1525.196289,176.962646,79.378799,1047.665771,-114.638794,-118.801666,1050.899048,-127.272102,-141.460251,1066.753418,143.784332,72.440842,1074.94104,153.591415
4.625,52.093693,1656.360718,29.973404,126.305939,1577.840576,14.537354,46.293285,1580.061646,105.12516,-165.341064,1402.480591,15.913961,-188.739746,1230.528564,-46.976559,-192.988297,1227.522095,64.164619,60.398697,1321.71228,45.570103,-167.033356,1316.879883,-137.423599,-58.680332,1433.123535,-110.158463,-11.568328,1313.764282,-286.89151,77.031914,1340.661865,-373.750122,136.530396,1519.532104,-214.304306,42.193367,1518.98938,-202.580231,133.173019,1564.769287,-145.880783,-179.738678,1308.466919,145.149841,-52.87706,1419.643921,155.484009,-2.634177,1283.640991,272.016144,147.763306,1231.754028,299.253876,226.007339,1444.828003,190.14003,137.149918,1455.835205,219.101501,231.497696,1521.661865,174.48941,78.778786,1048.377808,-114.649521,-119.35141,1052.140503,-127.044632,-141.519104,1067.611816,144.035522,72.267159,1075.308228,153.483795
4.633,54.750103,1656.458984,28.564837,128.082901,1577.434326,13.101632,48.767696,1580.495728,104.18959,-164.568481,1403.776367,16.284472,-188.692245,1232.024902,-46.444813,-192.603165,1228.925293,64.916534,60.86208,1322.493286,45.389347,-167.145203,1318.117065,-136.862488,-58.274693,1433.866821,-110.033279,-12.887035,1314.587769,-287.516113,75.58522,1341.252319,-374.628876,136.871033,1520.381836,-216.098267,42.65794,1520.295532,-203.726089,133.853806,1565.596802,-147.464096,-178.809174,1309.910767,145.711761,-51.438377,1420.728394,155.695801,-1.493647,1284.321899,271.832611,148.69281,1230.163818,296.964142,233.766556,1441.262695,187.603882,145.489914,1456.249634,217.934113,242.148895,1517.508057,171.647659,78.135094,1049.161255,-114.691437,-119.983391,1053.590332,-126.809685,-141.566452,1068.640991,144.373154,72.09082,1075.712891,153.349304
4.642,57.386681,1656.76001,27.202738,130.155792,1577.140381,11.495054,51.375618,1581.208008,103.111168,-163.576874,1405.141113,16.854296,-188.534821,1233.366089,-45.706741,-192.165497,1230.525757,65.435898,61.764595,1323.544067,45.077175,-167.106522,1319.325073,-136.18222,-57.815418,1434.694214,-109.964882,-14.044647,1315.583862,-288.130402,74.123131,1341.855103,-375.493011,137.241623,1521.450684,-217.843994,42.963161,1521.944214,-204.852127,134.865891,1566.676758,-149.219803,-177.820175,1311.519287,146.024567,-49.91111,1421.981079,155.800079,-0.165343,1284.963135,271.653809,149.538483,1228.907593,294.793335,241.814728,1437.545898,184.847321,154.29747,1456.128052,214.83844,253.046005,1512.857544,168.419525,77.486343,1049.859375,-114.655411,-120.583496,1055.108276,-126.622261,-141.563583,1069.712769,144.686615,71.88517,1076.087524,153.202896
4.65,60.058407,1657.268555,25.712629,132.148422,1577.084229,9.959684,53.802681,1581.939209,101.895805,-162.352463,1406.522339,17.332275,-188.398041,1234.978638,-45.017143,-191.665314,1232.183472,66.151787,62.875351,1324.624634,44.679527,-167.004562,1320.735718,-135.541702,-57.276005,1435.674438,-109.865852,-15.347961,1316.87561,-288.883484,72.752754,1342.624023,-376.398224,137.58252,1522.446411,-219.596542,43.438145,1523.395508,-206.129532,135.849014,1567.876587,-151.014969,-176.462799,1313.226685,146.703156,-48.407593,1423.20166,155.831161,1.445478,1285.802124,271.276855,150.541382,1227.757446,292.761169,249.987122,1433.222778,181.69574,163.072983,1455.85022,212.21347,264.271881,1507.654175,164.700012,76.801254,1050.667236,-114.726227,-121.180573,1056.695312,-126.34948,-141.598328,1070.944336,144.92543,71.664177,1076.467529,152.987
4.658,62.490025,1657.704224,24.211843,134.146515,1577.310425,8.378228,56.481777,1582.873291,100.660355,-161.266434,1408.019653,17.921049,-188.176712,1236.679688,-44.373539,-191.119781,1234.028198,66.840195,63.894184,1325.675293,44.382359,-166.826263,1322.170776,-134.95195,-56.655083,1436.703491,-109.924782,-16.454679,1317.891724,-289.322937,71.42218,1343.303955,-377.287445,138.19252,1523.547241,-221.44014,43.884983,1525.151489,-207.430634,137.297607,1569.162476,-152.943176,-175.096802,1315.101562,147.13414,-46.41906,1424.708008,155.910507,2.951772,1286.731201,271.166229,151.535049,1226.733276,290.903107,258.408905,1428.470215,178.334717,172.515869,1454.773804,208.534912,275.551422,1501.771484,160.619781,76.118027,1051.540161,-114.791931,-121.848213,1058.31665,-125.929771,-141.679077,1072.320923,145.316681,71.445847,1076.862305,152.805023
4.667,65.130135,1658.371216,22.582554,136.124268,1577.42749,6.827678,59.195518,1583.814941,99.45166,-159.865112,1409.541138,18.150684,-187.884369,1238.311401,-43.565502,-190.460602,1235.905151,67.568817,64.952164,1326.786377,44.043472,-166.571854,1323.58374,-134.24791,-56.012299,1437.74585,-109.951775,-17.478931,1319.164185,-289.912018,69.994469,1344.078003,-378.299377,138.690155,1524.529175,-223.273361,44.491528,1526.679199,-208.642181,138.438492,1570.213379,-154.742874,-173.65332,1316.996094,147.663437,-44.58279,1426.074951,155.930054,4.841287,1287.641846,270.757294,152.479248,1225.696899,289.082886,266.803894,1423.069336,174.762695,181.735474,1453.406738,204.782379,286.739807,1495.092896,156.191376,75.398254,1052.387939,-114.906952,-122.481636,1059.973389,-125.635742,-141.700089,1073.637573,145.637955,71.216469,1077.208862,152.560928
4.675,67.844368,1659.071655,20.877142,138.426315,1577.592651,5.225646,61.91869,1584.906494,98.148544,-158.354523,1411.014893,18.588869,-187.551682,1240.185181,-42.852592,-189.764984,1237.935913,68.239174,66.21254,1327.725708,43.586143,-166.256119,1325.108398,-133.57547,-55.168148,1438.791016,-110.01519,-18.268303,1320.233276,-290.235535,68.752182,1344.888184,-379.122589,139.520538,1525.765503,-225.615082,45.168861,1528.300293,-209.867279,139.660324,1571.281982,-156.63121,-171.914261,1318.956177,148.23175,-42.381458,1427.697632,155.96843,6.558242,1288.731567,270.527924,153.540253,1224.786011,287.484009,275.090057,1417.067871,170.735214,191.380554,1451.08252,199.682327,297.800385,1487.610229,151.064392,74.619019,1053.201782,-114.986282,-123.245361,1061.637329,-125.363052,-141.848236,1075.109741,145.920349,70.99044,1077.64856,152.341034
4.683,70.405792,1659.694458,19.084082,140.570053,1578.001709,3.467574,64.48098,1585.919067,96.68187,-156.775925,1412.712769,18.910313,-187.106995,1241.967041,-42.011124,-188.928314,1239.980957,69.151901,67.683945,1328.628296,43.321552,-165.858017,1326.581177,-132.895721,-54.282036,1439.969238,-110.214653,-19.405527,1321.421631,-290.906982,67.386566,1345.485474,-380.081451,140.237854,1526.724243,-227.502045,45.849724,1529.789673,-211.172928,140.977478,1572.249756,-158.616226,-170.13092,1321.03833,148.693481,-40.075947,1429.206665,156.151657,8.723167,1289.661255,270.252136,154.569473,1223.80249,286.150909,283.063843,1410.376465,166.358521,200.857773,1448.330566,194.361191,308.441467,1479.189575,145.505508,73.773743,1054.055908,-115.131088,-123.986252,1063.284912,-125.010567,-141.910034,1076.574951,146.257553,70.753342,1077.9375,152.126999
4.692,73.000397,1660.471802,17.319653,142.959518,1578.44519,1.787504,67.381088,1587.11499,95.332336,-155.007355,1414.276489,19.388376,-186.659668,1243.923218,-41.303337,-188.042755,1242.104126,69.822876,69.040848,1329.478149,42.894466,-165.425354,1328.152222,-132.244034,-53.449734,1441.025513,-110.450996,-19.975733,1322.297119,-291.2034,66.168022,1346.110962,-381.035492,140.920441,1527.47876,-229.356277,46.708065,1531.15625,-212.445145,142.41478,1573.240723,-160.622482,-168.156403,1323.14917,149.207031,-37.539181,1430.613525,155.754669,10.609065,1290.755493,269.968292,155.840195,1222.630127,284.717743,290.657959,1402.953369,161.740784,209.957626,1444.59082,188.48497,318.645905,1469.810181,139.332428,72.968796,1054.894897,-115.409225,-124.709923,1064.936523,-124.594704,-142.033966,1078.112305,146.635788,70.555702,1078.29895,151.959259
4.7,75.738266,1661.18689,15.375807,145.481201,1578.987061,0.007042,70.272972,1588.275757,93.918457,-153.484116,1416.088013,19.978769,-186.088074,1245.709473,-40.415188,-187.104507,1244.315186,70.627052,70.620476,1330.174438,42.435562,-164.823212,1329.661255,-131.671082,-51.534283,1441.28772,-109.565376,-20.527929,1323.203491,-291.32254,64.949799,1346.509521,-381.933777,141.211411,1528.154419,-230.715866,47.712502,1532.298706,-213.714691,143.911026,1574.095093,-162.715454,-165.97908,1325.286133,149.73674,-34.656223,1432.213379,155.663544,13.00147,1291.714233,269.598267,156.916977,1221.505249,283.662781,297.756592,1394.851318,156.636734,218.816528,1440.606934,182.511108,328.146149,1459.445801,132.652679,72.098068,1055.63501,-115.643532,-125.549522,1066.563843,-124.109627,-142.14801,1079.68103,146.984283,70.273109,1078.571777,151.829956
4.708,78.40876,1661.824707,13.462224,147.84433,1579.34314,-1.734638,73.077744,1589.460571,92.348976,-151.448074,1417.832886,20.53824,-185.323181,1247.692749,-39.621937,-186.013016,1246.412231,71.475311,72.391479,1330.78772,42.059948,-164.147003,1331.200562,-130.980042,-50.21701,1442.246216,-109.687859,-20.893553,1323.84668,-291.444214,63.894661,1346.757202,-382.766052,142.358856,1528.609985,-233.26622,48.640579,1533.390991,-215.145706,145.478683,1574.851929,-164.912949,-163.725342,1327.543945,150.318619,-31.655546,1433.75061,155.553848,15.198217,1293.047485,270.402069,158.086258,1220.157715,282.462433,304.311493,1386.03418,151.392792,227.475418,1435.677368,176.280075,337.124512,1448.235107,125.477386,71.152641,1056.373901,-115.946503,-126.436531,1068.171509,-123.720978,-142.274597,1081.249512,147.439606,69.92366,1078.795898,151.721512
4.717,81.311249,1662.651611,11.403181,150.543564,1579.917969,-3.381456,75.997223,1590.578735,90.665405,-149.253784,1419.554565,20.877468,-184.527405,1249.588867,-38.740604,-184.956116,1248.72937,72.220879,74.103317,1331.185913,41.581886,-163.444061,1332.783691,-130.383026,-48.758358,1443.063354,-109.799271,-21.121437,1324.292725,-291.539886,62.988453,1346.871582,-383.587891,143.185211,1529.02771,-235.30304,49.642487,1534.273804,-216.470612,147.108505,1575.442139,-167.124237,-161.215439,1329.813232,150.820343,-28.397997,1435.230347,155.36673,17.615694,1293.973633,270.282562,159.33873,1218.789307,281.440552,310.295746,1376.609741,145.722015,235.860001,1429.789551,169.044617,345.320496,1436.097778,117.885139,70.225677,1056.957642,-116.223358,-127.354996,1069.785645,-123.254456,-142.441254,1082.729126,147.816147,69.630066,1079.016357,151.731552
4.725,84.227188,1663.272705,9.374738,153.356567,1580.503906,-5.239151,79.097496,1591.810547,89.101486,-147.027023,1421.222778,21.182339,-183.977036,1251.616333,-37.964066,-183.654297,1250.968994,73.095924,76.0215,1331.718994,40.979229,-162.640503,1334.268066,-129.796524,-47.146118,1443.790527,-110.002518,-21.304731,1324.623901,-291.625,62.079613,1346.708008,-384.480499,144.190033,1529.357422,-237.542099,50.853474,1534.934204,-217.872314,148.906616,1575.971558,-169.57579,-158.69223,1332.058105,151.260498,-24.895592,1436.576416,155.074387,20.233641,1294.810913,269.921539,160.59758,1217.178589,280.303864,315.898804,1366.479004,139.941925,243.893082,1423.431519,161.90683,352.786194,1423.248535,109.844765,69.332642,1057.521973,-116.524109,-128.250717,1071.539673,-122.730118,-142.653748,1084.327881,148.321808,69.325111,1079.160522,151.782959
4.733,87.222351,1664.059204,7.149179,156.023682,1580.871948,-7.025404,82.201759,1592.886108,87.460114,-144.505081,1422.952759,21.348957,-183.128967,1253.762695,-37.257816,-182.659653,1253.264282,74.407402,78.071808,1331.845581,40.172874,-161.83934,1335.847656,-129.192947,-45.439465,1444.552979,-110.269196,-21.450077,1324.871338,-291.752808,61.347389,1346.388428,-385.135498,145.225037,1529.410156,-239.691467,52.211857,1535.469482,-219.336365,150.740463,1576.34436,-172.121735,-156.006561,1334.339233,151.786804,-21.204052,1437.823242,154.684921,23.120228,1295.543579,269.66568,161.732468,1215.4104,279.118347,320.930542,1355.773804,133.911346,251.224014,1416.030396,154.212265,359.546875,1409.681885,101.727165,68.239868,1058.092896,-116.691833,-129.179382,1073.076782,-122.136391,-142.720779,1085.881958,148.902725,68.993683,1079.244751,151.909241
4.742,90.134247,1664.57373,5.087925,159.073669,1581.381958,-8.838787,85.394058,1594.079224,85.673927,-141.699799,1424.774414,21.647823,-181.926178,1255.744263,-35.992424,-181.32019,1255.670166,75.405327,80.118019,1331.863037,39.71949,-160.723221,1337.311035,-128.581436,-43.568916,1445.172607,-110.634705,-21.464766,1324.970459,-291.899414,60.559292,1345.867065,-386.075958,146.575623,1529.455688,-242.121429,53.581802,1535.622803,-220.884033,152.705444,1576.551392,-174.692474,-153.180801,1336.681396,152.292191,-17.266773,1438.903198,154.244431,26.130053,1296.287354,269.319641,163.103394,1213.422485,277.874634,325.445404,1344.332031,127.799347,258.23819,1407.929688,146.569092,365.423615,1395.205688,93.329414,67.176811,1058.575073,-116.87014,-130.142303,1074.765381,-121.584633,-142.902298,1087.486938,149.530548,68.570923,1079.206421,152.075012
4.75,93.152672,1665.102295,2.817836,162.133224,1581.787354,-10.685679,88.404694,1595.026489,83.792191,-138.933319,1426.556152,21.906786,-181.186829,1257.810303,-35.383755,-179.781601,1258.028198,75.979202,82.349899,1331.697632,39.137131,-159.688843,1338.899414,-128.097961,-41.563511,1445.780273,-111.002853,-21.438066,1324.911621,-292.053772,60.006378,1345.252197,-386.852905,147.854279,1529.182495,-244.598022,55.103336,1535.662109,-222.33078,154.723846,1576.562256,-177.349792,-150.185486,1339.131836,152.772095,-13.280808,1439.899658,153.527344,29.200289,1296.804565,268.897308,164.404739,1211.333862,276.684387,329.357849,1332.337036,121.46402,264.715454,1399.023193,138.643173,370.669098,1380.27124,84.855682,66.15873,1059.095825,-117.095787,-131.205795,1076.506348,-120.910469,-142.934601,1089.000122,150.191315,68.086342,1079.049316,152.19931
4.758,96.315552,1665.567993,0.514408,164.786545,1582.106567,-12.435463,91.591423,1596.096436,81.984673,-136.073929,1428.348633,22.294701,-180.102631,1259.788818,-34.272148,-178.323868,1260.323975,76.776031,84.558327,1331.292725,38.359985,-158.585464,1340.47229,-127.573807,-39.394482,1446.245483,-111.491615,-21.332588,1324.677734,-292.19931,59.563885,1344.339844,-387.568359,149.00174,1528.530151,-246.757065,56.704868,1535.5,-223.828079,156.802734,1576.342285,-180.025635,-147.150909,1341.452026,153.206696,-8.937094,1440.799438,153.010376,32.421249,1297.391357,268.385651,165.682434,1208.909546,275.37915,332.780365,1319.798218,115.024223,270.691956,1389.254517,130.092957,374.903656,1364.559326,76.154579,65.121422,1059.497192,-117.257568,-132.202377,1078.208252,-120.301033,-143.006561,1090.597778,150.929581,67.596809,1078.751221,152.300446
4.767,99.380699,1665.785278,-1.886414,167.853424,1582.211548,-14.326378,94.691772,1596.812012,80.078209,-132.935059,1430.233154,22.378227,-179.219513,1261.921387,-33.513596,-176.771271,1262.679932,77.526161,87.014778,1330.701782,38.099052,-157.197235,1341.936646,-127.145111,-37.118561,1446.654053,-112.023888,-21.216331,1324.416504,-292.467316,59.171036,1343.207153,-388.464539,150.456589,1527.845947,-249.197998,58.442299,1535.187378,-225.47229,159.010391,1575.90625,-182.654724,-143.938385,1343.686035,153.778198,-4.332321,1441.245117,152.245468,35.836308,1297.826416,267.809601,167.075165,1206.488403,273.938843,335.586395,1306.785156,108.51342,276.137665,1378.635742,121.399879,378.490143,1348.376831,67.324211,63.951328,1059.866699,-117.415627,-133.212723,1079.901123,-119.487007,-143.027359,1092.180786,151.597336,67.18132,1078.386963,152.399994
4.775,102.33725,1665.820679,-4.271715,170.92482,1582.279663,-16.234352,97.952248,1597.665527,78.216576,-129.753235,1431.95874,22.57642,-178.299286,1263.804199,-32.636105,-175.212433,1265.056519,78.330803,89.389992,1329.890381,37.406719,-156.026657,1343.464844,-126.674179,-34.764709,1447.033569,-112.629364,-21.070526,1324.006836,-292.760254,58.88113,1342.002319,-389.276489,152.024323,1527.012817,-251.601105,60.181698,1534.678101,-227.175873,161.22113,1575.244629,-185.316895,-140.766922,1345.897217,154.234619,0.14786,1441.651001,151.526321,39.366989,1297.982788,267.05069,168.353134,1203.865356,272.623108,337.667053,1293.234741,101.804916,280.923981,1367.479614,112.618874,381.156128,1331.656006,58.471592,62.89465,1060.107666,-117.441711,-134.337357,1081.701294,-118.670311,-142.91568,1093.86377,152.290665,66.780785,1077.874878,152.482971
4.783,105.381508,1665.789551,-6.719941,174.055298,1582.185547,-18.151413,101.078743,1598.175049,76.205559,-126.537071,1433.74353,22.783266,-177.297974,1265.742432,-31.92934,-173.606018,1267.234131,79.213501,91.879112,1329.015747,36.614178,-154.637268,1344.915405,-126.29528,-32.322216,1447.216431,-113.225143,-20.910368,1323.577026,-293.142609,58.665695,1340.639771,-389.993256,153.544815,1525.77356,-253.790802,61.967762,1533.984131,-228.759079,163.521957,1574.499878,-187.917435,-137.615036,1348.040161,154.787216,4.704913,1441.829102,150.672119,43.021358,1298.060181,266.170624,169.728088,1201.253296,271.089325,339.213593,1279.438232,95.105011,285.192932,1355.673096,103.767555,382.920746,1314.269653,49.534035,61.762722,1060.276733,-117.517578,-135.470123,1083.354858,-117.837921,-142.84436,1095.472168,152.928375,67.493362,1077.76709,154.122833
4.792,108.520218,1665.669067,-9.435809,176.855942,1581.942383,-20.146278,103.981537,1598.537231,74.153687,-123.247635,1435.55603,22.848461,-177.189301,1268.016235,-30.928431,-172.102936,1269.373779,79.993393,94.415596,1327.829346,35.930275,-153.303619,1346.341064,-125.897514,-29.845486,1447.324219,-113.866837,-20.687948,1323.03418,-293.611694,58.483547,1339.112793,-390.748627,155.340042,1524.599487,-256.182922,63.984917,1533.211182,-230.316757,165.910995,1573.463745,-190.468216,-134.340225,1350.002686,155.31813,9.509265,1441.734253,149.902451,46.775185,1297.871582,265.137482,171.370773,1198.369873,269.377441,340.184662,1265.375366,88.402351,288.511383,1343.505615,95.083717,383.953033,1296.712402,40.531532,60.665367,1060.339966,-117.464684,-136.523163,1084.85376,-117.128357,-142.73613,1097.115601,153.510666,66.744545,1077.328979,154.180069
4.8,111.627831,1665.399658,-11.985303,179.958923,1581.428711,-22.110525,107.170631,1599.036499,72.093658,-120.046547,1437.146729,23.075737,-175.904663,1269.611694,-30.381927,-170.678391,1271.274048,80.81144,96.637474,1326.557129,35.146759,-151.878525,1347.518799,-125.517517,-27.369385,1447.42627,-114.671112,-20.403475,1322.440796,-294.140015,58.485703,1337.473755,-391.353516,157.037872,1523.133179,-258.079651,65.928665,1532.181641,-231.970627,168.334747,1572.268677,-192.912964,-131.08493,1351.696655,155.815582,13.980546,1441.205444,148.556961,50.634415,1297.44043,263.986908,172.791183,1195.490601,267.78244,340.364594,1250.621094,81.607765,291.301483,1330.787598,85.861481,383.954956,1278.540527,31.665689,59.626972,1060.230713,-117.555145,-137.639893,1086.282104,-116.318466,-142.71199,1098.669556,154.140656,66.558334,1076.799438,154.254715
4.808,114.554367,1664.93103,-14.605982,183.108826,1580.71875,-24.092926,110.248451,1599.245972,70.084602,-116.788582,1438.663574,23.234371,-174.984558,1271.182861,-29.666794,-169.032303,1273.149048,81.564629,98.913712,1325.157593,34.257759,-150.595276,1348.758179,-125.245529,-24.91728,1447.251221,-115.209686,-20.161055,1321.840332,-294.476501,58.515316,1335.776855,-391.935577,159.007339,1521.685913,-260.483795,67.846161,1531.317383,-233.59227,170.726746,1570.903564,-195.174347,-127.903328,1353.319824,156.393204,18.759012,1441.353149,148.410141,54.477737,1296.873901,262.708374,174.422272,1192.579468,265.947052,339.872955,1235.816528,74.771858,293.453705,1317.547241,76.379265,382.957153,1259.892944,22.768402,58.487366,1060.187988,-117.923523,-138.640198,1087.424927,-115.748367,-142.720215,1100.057983,154.725143,66.340675,1076.124512,153.953415
4.817,117.564049,1664.345947,-17.161575,185.929855,1580.059692,-26.026335,113.273659,1599.324585,68.022186,-113.723778,1440.086304,23.329866,-173.901154,1272.677612,-29.111744,-167.579086,1274.879517,82.360802,101.333626,1323.678589,33.541664,-149.208435,1349.860474,-125.071274,-22.624887,1446.876831,-115.090347,-19.807564,1321.009399,-294.555206,58.546406,1333.911743,-392.569244,160.891815,1519.808472,-262.279999,69.896873,1530.181885,-235.135086,173.145477,1569.408447,-197.38945,-124.755424,1354.724243,156.890045,23.048401,1440.329468,147.148788,58.303753,1296.026001,261.312347,176.173233,1189.573975,263.881653,338.686462,1220.750122,68.122734,294.951538,1304.049072,67.24501,381.200104,1241.091309,14.287431,57.508469,1059.757935,-117.85714,-139.619507,1088.493408,-115.152855,-142.810898,1101.500488,155.215897,66.320786,1075.470825,153.979691
4.825,120.568581,1663.654297,-19.787228,188.607742,1579.238647,-27.999681,116.092903,1599.274658,65.902634,-110.691879,1441.343872,23.507605,-172.917694,1273.942627,-28.591127,-166.217697,1276.407837,82.991295,103.639114,1322.098999,32.799915,-147.920776,1350.78125,-124.758385,-20.055471,1446.784302,-117.056824,-19.291361,1320.092651,-294.884705,58.774406,1331.943848,-393.06369,162.867981,1517.847046,-264.100067,72.014534,1528.990479,-236.688232,175.535446,1567.73645,-199.444778,-121.789825,1355.984375,157.416397,27.588743,1440.230347,146.851822,62.146374,1294.881348,259.821106,177.847839,1186.497559,261.819733,336.60965,1205.653564,61.565922,295.580933,1290.420654,58.209778,378.150787,1222.199341,6.092326,56.511028,1059.149414,-117.917023,-140.481628,1089.317261,-114.573715,-142.932007,1102.796387,155.852417,66.042526,1074.677124,153.417679
4.833,123.469566,1662.70752,-22.212357,191.482803,1578.049927,-29.98222,119.011993,1599.21814,63.960926,-107.666039,1442.564087,23.57478,-172.165985,1275.284424,-28.169436,-164.930847,1277.861816,83.634148,105.783058,1320.437988,32.005131,-146.740723,1351.717651,-124.612167,-17.961744,1446.050049,-116.025352,-18.839573,1319.275757,-295.003326,59.002911,1329.980103,-393.434906,164.743454,1515.901733,-265.730103,74.009239,1527.700317,-238.147781,177.890091,1565.964111,-201.327316,-118.926277,1357.059082,157.932922,31.323832,1437.976318,144.440094,65.848022,1293.577271,258.293518,179.690201,1183.364868,259.61618,334.017914,1190.645996,55.233658,295.333099,1275.993652,48.842117,374.180237,1203.130493,-1.82418,55.537445,1058.372925,-117.885849,-141.206635,1090.064209,-114.081337,-143.115738,1103.932983,156.473602,66.093353,1074.124512,153.331039
4.842,126.20591,1661.642212,-24.726002,194.194046,1576.902832,-31.857439,121.812798,1598.973999,61.982243,-104.862083,1443.659058,23.711163,-171.388336,1276.350342,-27.68696,-163.74675,1279.116943,84.277313,107.982178,1318.712158,31.382885,-145.52417,1352.439087,-124.450523,-15.856968,1445.503906,-116.477821,-18.366795,1318.278442,-295.001923,59.414482,1327.83667,-393.705627,166.59639,1513.657715,-267.122192,75.994698,1526.400146,-239.656723,180.268402,1564.117798,-203.174896,-116.128464,1358.033447,158.433441,35.183949,1436.87854,143.264023,69.486725,1292.140381,256.602844,181.488022,1180.597046,258.591339,330.825134,1175.759766,49.05785,294.295349,1261.756836,39.969181,369.449829,1184.211182,-9.129438,54.614403,1057.54187,-117.901276,-141.874542,1090.581299,-113.555779,-143.241516,1104.942505,156.940552,66.031555,1073.591187,153.000275
4.85,128.978806,1660.579956,-27.060986,196.572159,1575.713989,-33.715111,124.510361,1598.478882,60.0769,-102.134544,1444.508667,23.802744,-170.680328,1277.249146,-27.35927,-162.574203,1280.288696,84.958252,109.875565,1317.025146,30.761808,-144.468292,1353.009521,-124.384872,-13.922712,1444.947876,-117.053619,-17.742882,1317.127319,-295.197449,59.793396,1325.632568,-394.021332,168.591873,1511.467529,-268.566162,78.177406,1524.977173,-240.924057,182.65152,1562.174805,-204.886292,-113.409767,1358.88147,158.815308,38.828136,1435.640869,142.109375,73.040192,1290.491211,254.826187,183.248154,1176.99585,254.48877,326.947723,1161.057373,43.075005,292.493896,1247.452637,31.245953,364.138672,1165.409058,-16.02166,53.681179,1056.56543,-117.969521,-142.419434,1090.852417,-113.096214,-143.355881,1105.839111,157.485275,65.892059,1072.818359,152.271851
4.858,131.670425,1659.310425,-29.381176,198.927582,1574.280762,-35.347382,126.954437,1597.821411,58.195271,-99.817795,1445.378174,23.752003,-169.942017,1278.161255,-26.961239,-161.644241,1281.289062,85.543114,111.684883,1315.241821,30.270811,-143.521027,1353.56897,-124.390648,-12.035884,1444.271973,-117.50135,-17.145966,1316.111938,-294.800079,60.227802,1323.33728,-394.190063,170.538773,1509.145264,-269.91745,80.212013,1523.375366,-242.355804,184.810944,1560.130493,-206.45546,-111.008209,1359.628662,159.282425,42.359146,1434.426147,140.975815,76.590164,1288.758301,252.999985,185.019501,1173.863403,252.873367,322.667084,1146.755249,37.392918,290.185364,1233.198853,22.730843,357.633453,1146.911621,-22.305365,52.771286,1055.547852,-118.033249,-142.967285,1091.002319,-112.728386,-143.459076,1106.58728,157.974091,65.882179,1072.09082,151.975891
4.867,134.216965,1657.983643,-31.623449,201.313171,1572.688965,-36.85672,129.521606,1597.08252,56.440308,-97.582657,1446.1427,23.761507,-169.448792,1278.91626,-26.639977,-160.721344,1282.334106,86.018295,113.243973,1313.503906,29.76807,-142.712509,1353.982544,-124.35173,-10.387114,1443.575562,-118.109283,-16.373829,1314.76416,-294.933838,60.817081,1321.10791,-394.284363,172.396439,1506.860718,-271.107727,82.299835,1521.767456,-243.513382,187.068512,1558.027832,-207.883255,-108.616737,1360.288086,159.649048,45.919525,1433.019653,139.679489,79.879189,1286.829956,251.115891,186.563492,1170.579224,249.216629,318.205627,1132.746338,32.2682,287.055634,1219.085205,14.562715,350.457794,1129.127808,-28.110552,51.814274,1054.322021,-117.783829,-143.539551,1091.041504,-112.283905,-143.572922,1107.249878,158.490128,65.848824,1071.48645,151.893738
4.875,136.755615,1656.468994,-33.619671,203.36087,1570.817627,-38.578541,131.713654,1596.078491,54.73875,-95.44368,1446.709961,23.837963,-169.042313,1279.582397,-26.275826,-159.968094,1283.172607,86.553413,115.002014,1311.820435,29.342361,-141.88916,1354.279663,-124.350739,-8.911064,1442.914551,-118.685013,-15.862821,1313.442871,-294.837372,61.512539,1318.758057,-394.371155,174.302658,1504.463257,-272.176483,84.230186,1520.111816,-244.778488,189.302658,1555.938843,-209.238098,-106.351639,1360.919189,160.011292,49.213955,1431.526123,138.581177,83.012581,1284.920898,249.069412,188.0616,1167.110107,245.740616,313.119263,1119.017578,27.343271,283.351044,1205.13269,6.609444,342.943848,1111.523804,-33.273579,51.096806,1053.300293,-117.895111,-144.052414,1090.920532,-111.880905,-143.671097,1107.77002,158.914124,65.658363,1070.855713,151.556168
4.883,139.281815,1654.954102,-35.482845,205.66539,1569.07019,-39.880264,133.920166,1595.140381,53.312332,-93.73288,1447.221924,23.769039,-168.752197,1280.071411,-25.943699,-159.219345,1283.880615,87.169952,116.587204,1310.299561,28.823975,-141.258286,1354.512329,-124.446739,-7.641006,1442.324829,-119.337555,-15.176823,1311.907959,-294.969086,62.222378,1316.452393,-394.280945,176.306717,1502.041016,-273.122711,86.300476,1518.451294,-245.787872,191.504761,1553.773193,-210.49382,-104.268547,1361.435425,160.377457,52.236607,1430.053589,137.528992,86.009857,1282.940674,246.909775,189.436951,1163.653442,242.092148,308.336121,1106.407104,23.893661,279.165741,1191.445068,-0.878172,335.03006,1094.529053,-37.857895,50.371441,1052.289307,-118.073875,-144.556458,1090.689087,-111.507904,-143.771194,1108.286255,159.410034,65.441917,1070.294922,151.089569
4.892,141.529709,1653.37915,-37.295803,207.638077,1567.059692,-41.208069,136.116837,1594.125366,51.916588,-91.881966,1447.722046,23.689688,-168.49501,1280.544189,-25.625711,-158.628876,1284.611938,87.578873,118.26088,1308.780029,28.342709,-140.744202,1354.687378,-124.637024,-6.482483,1441.544312,-119.934662,-14.554497,1310.488892,-294.863098,62.943695,1314.046875,-394.211578,178.060776,1499.6427,-273.975525,88.167839,1516.731812,-246.925095,193.614563,1551.546753,-211.503189,-102.26384,1361.812988,160.560501,55.200745,1428.701782,136.488174,88.742706,1280.803955,244.648972,190.581558,1160.044434,238.118164,303.355377,1093.66333,19.637911,274.734589,1178.442993,-8.066518,327.336029,1078.251709,-41.88541,49.641125,1051.42688,-118.089546,-145.007614,1090.384033,-111.12339,-143.956497,1108.73584,159.804611,65.281403,1069.864868,150.82431
4.9,143.773224,1651.834106,-38.794613,209.570496,1565.289673,-42.281727,137.904449,1593.047729,50.427883,-90.369583,1448.169189,23.506216,-168.34903,1280.908813,-25.313442,-158.10936,1285.349243,87.986702,119.766983,1307.342407,27.839546,-140.363174,1354.773804,-124.785233,-5.56576,1440.768555,-120.707977,-13.910823,1308.881714,-294.910675,63.784241,1311.57251,-394.121246,179.921646,1497.167725,-274.695007,90.069809,1515.112793,-247.825806,195.69426,1549.283936,-212.476135,-100.020622,1362.118774,160.824646,58.023849,1427.171143,135.484619,91.192757,1278.674438,242.525696,191.417831,1156.490112,234.145844,298.258911,1081.273071,15.637193,269.494781,1165.39624,-14.654077,318.743561,1062.906372,-45.11623,49.271221,1050.912354,-118.470932,-145.484528,1090.032471,-110.778145,-144.188248,1109.190796,160.190857,65.027603,1069.514526,150.579941
4.908,145.927231,1650.179077,-40.225174,211.143906,1563.233643,-43.2085,139.764465,1591.875732,49.319908,-88.828781,1448.470093,23.368162,-168.261063,1281.260498,-25.003119,-157.561508,1285.944824,88.50473,121.620529,1306.161499,27.432573,-140.112656,1354.756958,-124.955917,-4.817577,1440.060913,-121.361488,-13.155798,1307.34375,-294.903076,64.73362,1309.07666,-393.883057,181.612152,1494.599976,-275.083649,91.886497,1513.391357,-248.755524,197.715927,1547.050781,-213.30632,-98.359039,1362.626953,160.812973,60.465954,1425.579224,134.581451,93.654747,1276.382812,240.384293,192.05481,1152.660156,230.099991,292.642914,1069.380493,11.67072,263.640106,1152.948608,-20.727909,309.954987,1049.016968,-48.305817,48.680168,1050.289551,-118.394615,-145.944046,1089.579468,-110.371338,-144.403992,1109.567017,160.652115,64.742043,1069.258057,150.796692
4.917,148.040253,1648.61499,-41.515343,212.789658,1561.378052,-43.978065,141.137543,1590.467407,48.028568,-87.569778,1448.705444,23.201744,-168.285049,1281.605225,-24.705679,-157.175827,1286.495239,88.823837,123.046684,1304.857788,26.882042,-139.968735,1354.686157,-125.110519,-4.086694,1439.19043,-122.029312,-12.678742,1305.827637,-294.884827,65.628059,1306.596313,-393.732086,183.300827,1492.122925,-275.581757,93.758896,1511.654785,-249.517654,199.570709,1544.677734,-213.922073,-96.629578,1363.049927,160.942749,62.936954,1424.146118,133.596191,95.614578,1274.081299,238.205063,192.207153,1148.907959,226.175751,286.992523,1057.595703,7.310588,257.455994,1141.060669,-26.419474,301.546234,1036.150024,-50.760288,48.126228,1049.874634,-118.339226,-146.42038,1089.086792,-109.863586,-144.720627,1109.859619,161.041183,64.339523,1069.101929,151.05043
4.925,149.824341,1646.955322,-42.575069,213.993958,1559.346802,-44.602295,142.361099,1589.296509,47.215401,-86.514786,1448.887085,23.002647,-168.34404,1281.868896,-24.406141,-156.841415,1287.037476,89.187119,124.729485,1303.810059,26.401678,-139.893921,1354.557129,-125.243988,-4.137255,1438.939819,-124.093185,-12.077625,1304.192749,-294.940125,66.49202,1304.162354,-393.476227,184.91507,1489.616455,-275.945923,95.42659,1509.90271,-250.316116,201.379333,1542.314331,-214.470886,-95.109886,1363.386475,161.035446,65.317886,1422.876099,132.801193,97.466156,1271.766113,236.160645,192.10968,1145.289185,222.177399,279.923187,1046.513062,3.154437,251.086212,1129.981934,-31.81778,293.335938,1023.519653,-52.872078,47.779202,1049.669922,-118.253136,-146.844849,1088.623413,-109.564423,-145.038803,1110.067993,161.362076,63.968719,1069.040649,151.3927
4.933,151.457748,1645.488159,-43.382244,215.248688,1557.643555,-45.044659,143.691727,1588.063965,46.57019,-85.361855,1449.009155,22.962212,-168.448151,1282.091187,-24.168854,-156.44545,1287.57312,89.643784,125.989304,1302.598267,25.793501,-139.91188,1354.401855,-125.378716,-3.61692,1437.842041,-124.10321,-11.757056,1302.754517,-294.971436,67.326805,1301.755493,-393.226807,186.500015,1487.126465,-276.162292,97.095551,1508.113892,-250.963425,203.073853,1539.951416,-214.867844,-93.65345,1363.676758,161.113251,67.425079,1421.518799,131.863953,98.928658,1269.59021,234.20575,191.831863,1141.880371,218.489151,273.842316,1036.713013,0.617724,243.915756,1119.019287,-35.950108,285.150513,1012.388733,-55.085972,47.495132,1049.578369,-118.104813,-147.294312,1087.974854,-108.924118,-145.384079,1110.246338,161.662003,63.595512,1069.031982,151.776993
4.942,153.01033,1643.94751,-44.302105,216.4198,1555.751465,-45.344757,144.535522,1586.753052,46.013844,-84.430511,1449.123779,22.845119,-168.656006,1282.306885,-23.892832,-156.198364,1288.047241,90.042824,127.270592,1301.548218,25.083529,-140.013596,1354.229004,-125.47718,-3.125639,1436.775146,-124.377586,-11.325357,1301.041626,-295.033295,68.232727,1299.388672,-392.935913,187.998474,1484.630005,-276.396606,98.569435,1506.341553,-251.716461,204.669785,1537.651489,-215.198196,-92.291954,1363.957764,161.196594,69.351677,1420.263062,130.947067,100.255989,1267.560669,232.365952,191.306946,1138.552856,214.977249,267.73407,1028.188232,-1.595481,236.89061,1109.217407,-39.931534,276.832977,1001.739868,-56.940411,47.236485,1049.549805,-117.819626,-147.740067,1087.301025,-108.4664,-145.77829,1110.323853,161.920547,63.239216,1069.102417,152.475677
4.95,154.200775,1642.38269,-44.848831,217.282349,1554.07373,-45.695786,145.134766,1585.585693,45.380512,-83.71273,1449.220947,22.674177,-168.911499,1282.450684,-23.591082,-156.056198,1288.436157,90.332115,128.427444,1300.37207,24.337601,-140.208862,1354.005005,-125.513702,-2.838508,1435.822754,-124.751396,-11.136327,1299.546021,-295.107117,68.996796,1296.960693,-392.593689,189.412292,1482.157959,-276.372253,100.056427,1504.50293,-252.186356,206.125977,1535.275269,-215.421585,-91.022141,1364.176147,161.261444,70.842667,1419.295776,130.221893,101.191956,1265.599365,230.693329,190.276016,1135.488403,211.550369,261.141388,1020.060181,-3.57151,229.734909,1099.925415,-43.387775,268.439026,991.671143,-58.440865,47.029575,1049.527466,-117.44635,-148.123795,1086.560547,-107.990097,-146.236359,1110.294312,162.177872,62.854321,1069.228149,153.207764
4.958,155.421417,1640.921997,-45.522331,217.992493,1552.187256,-45.813213,145.86644,1584.205688,44.669537,-83.139862,1449.197144,22.594103,-169.240982,1282.53418,-23.257105,-155.965546,1288.81897,90.670219,129.157364,1299.391479,23.54146,-140.522827,1353.750854,-125.494583,-2.789116,1434.973267,-125.343071,-10.957134,1297.897583,-295.286713,69.758453,1294.511841,-392.163605,190.73848,1479.703857,-276.482147,101.340195,1502.659912,-252.731979,207.457733,1532.930176,-215.56282,-89.916855,1364.262085,161.405502,72.428589,1418.386963,129.430801,101.900093,1263.955444,229.114685,189.248367,1132.86438,208.538437,254.516846,1012.674805,-5.242048,222.557114,1091.298462,-46.014545,259.920197,982.459106,-59.47242,46.880417,1049.528809,-117.014481,-148.564178,1085.775635,-107.570114,-146.591705,1110.186401,162.355835,62.506458,1069.240479,154.054138
4.967,156.226608,1639.364014,-45.960293,218.776123,1550.517578,-46.055988,146.230484,1582.924194,44.404533,-82.739532,1448.99939,22.507116,-169.728882,1282.551392,-22.888199,-155.980286,1289.018799,91.011703,129.754883,1298.427734,22.583303,-140.937408,1353.493164,-125.474525,-2.844614,1434.028931,-126.024246,-11.029565,1296.145142,-295.553253,70.519928,1291.937622,-391.620667,192.054779,1477.217041,-276.297241,102.613266,1500.724487,-253.119263,208.675873,1530.630859,-215.62442,-89.194366,1364.333984,161.414017,73.35833,1417.514893,128.779556,102.250793,1262.494873,227.822479,187.767838,1130.337402,205.741943,247.866913,1005.751465,-6.654612,215.485718,1083.498657,-48.277954,251.484787,973.999207,-60.178623,46.787964,1049.518311,-116.571686,-148.990234,1084.910034,-107.244194,-146.995605,1109.913208,162.517654,62.172428,1069.1604,154.898682
4.975,157.182693,1637.881714,-46.392334,219.299133,1548.72644,-45.963436,146.732407,1581.61792,44.11467,-82.496971,1448.718506,22.382793,-170.281067,1282.46814,-22.541998,-156.106659,1289.056641,91.35778,130.149231,1297.654053,21.581703,-141.45311,1353.149536,-125.415756,-2.978184,1433.182739,-126.521233,-11.241022,1294.441162,-295.64856,71.30632,1289.324463,-391.010712,193.176407,1474.688599,-276.23172,103.765961,1498.647949,-253.407471,209.836441,1528.321655,-215.600754,-88.646507,1364.234009,161.416626,74.109444,1416.807861,128.041779,102.482658,1261.307251,226.788376,186.242126,1128.24646,203.436859,241.210327,999.682495,-7.40597,208.613419,1076.531616,-50.105,243.379822,966.53479,-60.414928,46.74506,1049.468018,-116.135193,-149.36911,1083.927734,-106.804306,-147.429047,1109.546631,162.687531,61.952538,1068.988525,155.60228
4.983,157.68898,1636.27124,-46.662888,219.540466,1546.920532,-46.13615,146.828842,1580.300049,43.844685,-82.463379,1448.314087,22.246218,-170.885605,1282.245239,-22.264997,-156.398209,1288.816284,91.719727,130.22438,1296.625122,20.497658,-142.037735,1352.820435,-125.486153,-3.240635,1432.149292,-127.025009,-11.299264,1292.742432,-295.776337,72.104019,1286.626953,-390.347839,194.262787,1472.063965,-275.765472,104.853249,1496.512329,-253.6745,210.74707,1525.866211,-215.367371,-88.239571,1363.983643,161.442886,74.469376,1416.136841,127.3936,102.540077,1260.398193,226.046173,184.382874,1126.304199,201.480667,234.19603,994.223755,-8.223584,201.95462,1070.466309,-51.63258,234.935394,959.787537,-60.344536,46.721142,1049.335693,-115.634598,-149.781433,1082.863403,-106.53067,-147.872803,1109.100342,162.842392,61.800251,1068.75769,156.071976
4.992,158.123169,1634.635498,-46.86021,219.584503,1544.981323,-45.931965,146.994843,1578.828125,43.895233,-82.628174,1447.806885,22.138342,-171.532684,1281.91333,-21.991425,-156.797562,1288.500244,92.084511,130.075928,1295.706787,19.367346,-142.752365,1352.386475,-125.472069,-3.490974,1431.148071,-127.422081,-11.570609,1291.019531,-295.640503,72.764603,1283.856812,-389.567963,195.233871,1469.432251,-275.421051,105.866005,1494.34668,-253.767044,211.641083,1523.388428,-215.057297,-88.082428,1363.623291,161.379517,74.631058,1415.709961,126.901535,102.403618,1259.643433,225.544449,182.446838,1124.600586,199.825272,227.873306,989.427551,-8.471505,195.515671,1065.338013,-52.582615,227.07225,954.366882,-60.010384,46.701099,1049.15332,-115.175011,-150.107147,1081.677734,-106.348961,-148.345947,1108.481567,162.874283,61.548855,1068.574585,156.556396
5.0,158.428223,1632.899658,-47.00198,219.520935,1543.258911,-45.699673,146.887939,1577.346313,43.792812,-82.941841,1447.287598,22.02961,-172.433533,1281.412598,-21.732424,-157.333084,1288.097778,92.359383,129.606094,1294.733154,18.203424,-143.398453,1351.751465,-125.376511,-3.868065,1429.965454,-127.748001,-11.814447,1289.06189,-295.488373,73.383469,1281.01062,-388.694916,196.216919,1466.599487,-274.751038,106.773727,1492.074707,-253.887146,212.445145,1520.778931,-214.556641,-88.237534,1363.17041,161.37561,74.519096,1415.312622,126.514954,102.163033,1258.980713,225.22583,180.449661,1123.000854,198.792953,221.591064,985.88855,-8.284643,189.255966,1060.902954,-53.213036,219.829147,949.705505,-59.585953,46.742676,1048.9375,-114.77803,-150.419968,1080.328979,-106.193863,-148.814819,1107.701294,162.873962,61.174866,1068.410889,157.084549
5.008,158.791016,1631.142334,-47.174545,219.588364,1541.037109,-45.715084,146.813889,1575.650269,43.796452,-83.512611,1446.549072,21.979666,-173.272461,1280.840942,-21.523798,-157.942596,1287.373413,92.636406,129.28743,1294.011108,17.281773,-144.201096,1350.928711,-125.214874,-4.304919,1428.886475,-128.068573,-11.933411,1287.373901,-295.078979,73.961678,1278.128662,-387.729401,197.110901,1463.740967,-274.11499,107.693115,1489.664185,-253.886169,213.204483,1518.06311,-213.902191,-88.557816,1362.515015,161.299667,74.06765,1414.93811,126.200813,101.718002,1258.33313,225.09436,178.319992,1121.600708,197.977005,215.637558,982.790649,-7.840971,183.281204,1057.297729,-53.293293,212.89534,945.894043,-58.857956,46.818359,1048.630005,-114.401817,-150.667892,1078.880737,-106.187744,-149.447296,1106.84314,162.938934,60.797222,1068.227295,157.398041
5.017,158.849091,1629.188477,-47.118996,219.286484,1538.832886,-45.413727,146.503494,1573.86084,43.830475,-84.239326,1445.743408,21.877579,-174.280823,1279.915527,-21.247601,-158.646286,1286.560303,92.817841,128.58429,1293.148804,16.228027,-145.023865,1350.082764,-125.184563,-4.878345,1427.646851,-128.445236,-12.021432,1285.351929,-294.6651,74.529121,1275.173096,-386.642273,198.016266,1460.644775,-273.174683,108.59127,1487.210449,-253.766922,213.90889,1515.205322,-213.13237,-89.066788,1361.68457,161.234863,73.47155,1414.588745,126.063316,100.997375,1257.801025,225.077805,176.101227,1120.239746,197.62735,210.045685,980.09314,-7.82938,177.394592,1054.290039,-52.979237,206.165939,942.835083,-57.672356,46.914757,1048.217896,-114.160561,-150.967148,1077.233521,-106.152039,-150.010727,1105.800659,162.803192,60.454903,1068.135986,157.522736
5.025,158.885574,1627.235718,-46.996021,218.841125,1536.705444,-45.059681,146.200806,1572.045654,44.035397,-85.17205,1444.77417,21.89348,-175.341843,1278.953125,-21.201277,-159.568451,1285.421265,92.963173,127.569809,1292.154663,15.415207,-145.962723,1349.130615,-125.331406,-5.557464,1426.338379,-128.756775,-12.224235,1283.296387,-294.173401,75.065048,1272.124512,-385.53302,198.853348,1457.516235,-272.158325,109.419258,1484.666016,-253.617584,214.573273,1512.252197,-212.187271,-89.841721,1360.754517,161.288879,72.569435,1414.265015,126.104042,100.096062,1257.232544,225.240143,174.120575,1119.0448,197.589294,204.691483,977.975037,-7.432106,171.834442,1052.093018,-52.562813,200.03894,940.563599,-56.517559,47.015621,1047.713989,-114.018661,-151.152267,1075.444702,-106.246025,-150.556351,1104.541992,162.791656,60.137573,1068.091553,157.677826
5.033,158.882278,1625.129272,-46.66478,218.488373,1534.480469,-44.587917,145.619995,1570.020874,44.274677,-86.439819,1443.817627,21.609426,-176.379242,1277.774536,-21.130768,-160.542847,1284.321289,93.11425,126.605316,1291.328247,14.872923,-147.002136,1347.960083,-125.434311,-6.222597,1424.990112,-129.254059,-12.37527,1281.093262,-293.682648,75.608231,1269.038086,-384.327057,199.651932,1454.242432,-271.056244,110.277328,1482.036865,-253.272263,215.190506,1509.207764,-211.133331,-90.948959,1359.740479,161.145401,71.435219,1413.703247,126.184303,98.902679,1256.656982,225.566498,171.795471,1118.068848,197.804474,199.859055,976.210327,-6.954871,166.645645,1050.593018,-51.85463,193.951599,938.912659,-55.141682,47.057552,1047.14563,-113.978836,-151.301056,1073.476074,-106.344414,-151.209198,1103.227417,162.648788,59.743465,1067.900635,157.832764
5.042,158.867859,1622.975586,-46.291119,217.921585,1531.878418,-44.057407,145.151749,1568.13269,44.573277,-87.732819,1442.519287,21.5825,-177.497513,1276.369873,-21.075417,-161.694077,1282.988037,93.086914,125.430328,1290.501221,14.348529,-147.923676,1346.617554,-125.483826,-7.020227,1423.665405,-129.441467,-12.433393,1278.912109,-293.102081,76.166443,1265.896484,-383.070435,200.390503,1450.931274,-269.774231,111.096245,1479.36084,-252.918152,215.772888,1506.101807,-209.979691,-92.173012,1358.602173,161.005951,70.139099,1413.404419,126.429558,97.456978,1256.052246,225.900482,169.872345,1117.167847,198.275192,195.221466,974.974182,-6.046873,161.635147,1049.489746,-50.933186,187.949005,937.622925,-53.507427,47.172523,1046.460083,-113.968849,-151.476059,1071.481201,-106.563278,-151.943665,1101.714722,162.496109,59.278168,1067.515503,158.002853
5.05,158.748672,1620.633667,-45.847137,217.365479,1529.312988,-43.586964,144.59935,1565.967529,44.982658,-89.104897,1441.367798,21.415543,-178.863205,1275.055786,-21.150131,-163.027176,1281.572632,93.096748,124.508446,1289.866577,13.96625,-148.837738,1345.145508,-125.681175,-7.865384,1422.192627,-129.627045,-12.600761,1276.624512,-292.487854,76.760689,1262.75647,-381.715088,201.161133,1447.65625,-268.453369,111.928169,1476.5979,-252.393661,216.548126,1503.029175,-208.760803,-93.496017,1357.333984,160.940674,68.489548,1413.208374,126.783699,95.765396,1255.411621,226.313431,167.879028,1116.738892,198.827408,190.440369,973.895386,-5.200823,156.690826,1048.630981,-49.812439,181.832626,936.601013,-51.659142,47.272953,1045.764893,-114.007248,-151.546097,1069.169556,-106.77224,-152.691666,1100.08667,162.250305,58.765697,1067.011841,158.127075
5.058,158.831879,1618.299683,-45.306038,216.597565,1526.474121,-42.937553,143.915359,1563.700195,45.550018,-90.916756,1440.105713,21.212793,-180.004471,1273.341309,-21.288332,-164.344086,1279.856445,92.95649,123.11525,1289.213989,13.651934,-149.900528,1343.714111,-126.093864,-8.867377,1420.800049,-129.87886,-12.547736,1274.121338,-291.772491,77.430267,1259.606567,-380.330902,201.907867,1444.349976,-266.958435,112.726151,1473.786133,-251.851471,217.037598,1499.901611,-207.347382,-95.323059,1356.067139,160.676849,66.678185,1413.059814,127.10096,93.737762,1254.845703,226.723328,166.456085,1116.491943,199.643509,185.912247,973.449768,-4.066426,151.801147,1048.072144,-48.41679,175.873718,936.119873,-49.802937,47.19619,1044.973999,-114.07486,-151.659698,1066.770874,-106.937187,-153.528488,1098.398682,161.962158,58.228497,1066.434204,158.207703
5.067,158.6707,1615.866821,-44.508671,215.828186,1523.592163,-42.079781,143.277664,1561.381714,46.255787,-92.578087,1438.822388,21.012508,-181.21817,1271.647339,-21.408976,-165.85318,1278.234619,92.883797,122.084625,1288.764893,13.642491,-151.005676,1341.886475,-126.390862,-9.766905,1419.328247,-130.043747,-12.354004,1271.481934,-290.946381,78.140862,1256.407471,-378.811859,202.656036,1441.116699,-265.461273,113.52581,1470.936279,-251.178802,217.583359,1496.875732,-205.832611,-96.901855,1354.57251,160.469208,64.863792,1413.080933,127.547745,91.620918,1254.34668,227.115662,165.068863,1116.468506,200.804016,181.73056,973.36084,-2.956352,147.179825,1047.855103,-46.719547,170.674072,936.049988,-48.313084,47.025871,1043.958984,-114.170952,-151.757294,1064.312866,-107.15976,-154.245239,1096.468628,161.660995,57.705143,1065.846924,158.404907
5.075,158.534149,1613.398071,-43.960926,214.959656,1520.594971,-41.251526,142.545547,1559.122559,47.011909,-94.657333,1437.484863,20.683699,-182.555954,1269.794067,-21.746086,-167.345627,1276.389282,92.673195,120.910393,1288.408691,13.58714,-152.008133,1340.039429,-126.763779,-10.824505,1417.884399,-130.407761,-12.23004,1268.829102,-290.204834,78.978485,1253.240845,-377.236389,203.502609,1437.865234,-263.664917,114.310287,1468.192627,-250.386978,218.105789,1493.844849,-204.139008,-98.851219,1353.128052,160.038773,62.680378,1413.227783,128.013931,89.513161,1253.901733,227.424164,163.879517,1116.508545,201.968826,178.50029,973.863831,-1.776145,143.084595,1048.000244,-44.983147,167.14093,936.487305,-47.637875,46.87336,1042.505859,-114.276901,-151.841095,1061.84668,-107.414436,-155.013138,1094.592529,161.309921,57.148304,1065.231079,158.608002
5.083,158.428757,1610.996338,-43.103119,214.006714,1517.671875,-40.176033,141.753082,1556.732178,47.936222,-96.770699,1436.074097,20.309187,-183.788666,1267.889282,-22.11972,-169.032562,1274.598511,92.259857,119.487328,1288.0354,13.711035,-153.124191,1338.127075,-127.280739,-11.976118,1416.446655,-130.698654,-12.001048,1266.116699,-289.394653,80.036957,1250.118042,-375.522583,204.335434,1434.722534,-261.667236,115.256645,1465.453369,-249.413696,218.611526,1490.968018,-202.205414,-100.610313,1351.497925,159.644913,60.613728,1414.219727,129.015533,87.304504,1253.727417,227.771667,162.47998,1116.821533,203.347702,176.322067,975.147583,-0.95959,139.708099,1048.735229,-43.554672,165.710861,937.60083,-47.248501,46.566509,1041.180908,-114.376053,-151.924835,1059.385254,-107.716515,-155.729111,1092.610718,160.918777,56.656418,1064.694946,158.856964
5.092,158.300034,1608.477295,-41.848812,213.003784,1514.755005,-38.971062,140.939545,1554.199341,49.011253,-98.915802,1434.690552,19.902435,-185.053452,1265.842163,-22.440525,-170.632095,1272.655151,91.998802,118.149796,1287.811035,13.955707,-154.169144,1336.153687,-127.769066,-13.095048,1414.910889,-130.975433,-11.660686,1263.373169,-288.576141,81.302551,1247.023682,-373.591034,205.216354,1431.687134,-259.4534,116.217186,1462.848633,-248.233231,219.087555,1488.255737,-200.065048,-102.58699,1349.959717,159.090134,58.254639,1414.475586,129.268433,85.041664,1253.746948,227.949982,161.116821,1117.254761,204.507904,175.061279,976.650269,-0.469613,137.191696,1049.78833,-42.427048,166.249924,938.963745,-47.684589,46.474869,1040.225342,-114.36026,-152.00795,1056.999756,-107.845108,-156.504105,1090.601807,160.551773,56.137768,1064.220825,159.095566
5.1,158.160004,1605.990112,-40.563446,212.039352,1511.723511,-37.665958,140.030075,1551.752197,50.058594,-101.324417,1433.287354,19.369045,-186.39682,1263.817383,-22.964855,-172.333801,1270.780151,91.577888,116.538528,1287.718506,14.198243,-155.234177,1333.996948,-128.449554,-14.345144,1413.363281,-131.324554,-11.178462,1260.63269,-287.753967,82.947746,1243.969727,-371.592865,206.184738,1428.833374,-256.934601,117.19146,1460.340088,-246.868774,219.687027,1485.709106,-197.681625,-104.389565,1348.36377,158.580856,55.678532,1415.229858,129.569321,82.817513,1254.055054,228.174408,159.431427,1117.889526,205.25563,174.840714,978.346741,-0.331633,135.387268,1051.185669,-41.580944,167.324295,940.867004,-48.346775,46.472801,1039.608154,-114.433762,-152.156494,1054.7677,-108.226738,-157.213226,1088.526733,160.082016,55.576992,1063.831177,159.542374
5.108,157.983017,1603.57251,-39.153717,210.986374,1508.783936,-36.278072,138.887589,1549.268433,51.209118,-103.758041,1431.870605,18.802488,-187.718842,1261.759155,-23.529926,-174.027969,1268.969849,91.107849,114.933594,1287.744751,14.631637,-156.338608,1331.861694,-129.104446,-15.621571,1411.80896,-131.653397,-10.45263,1257.845581,-286.877319,84.689095,1241.097534,-369.537537,207.212692,1426.183838,-254.104523,118.300079,1457.949585,-245.175842,220.298157,1483.394775,-195.063065,-106.461105,1346.987549,157.908524,53.139591,1415.987671,129.740021,80.827049,1254.661865,228.463638,157.923569,1118.766846,205.714249,175.227783,980.267944,-0.469551,134.455032,1052.522949,-41.179104,168.092651,942.774597,-48.89035,46.420074,1039.225342,-114.531868,-152.33287,1052.534912,-108.498169,-157.975281,1086.524902,159.628067,55.057945,1063.507935,159.895996
5.117,157.934753,1601.253662,-37.608593,209.924805,1506.003662,-34.747547,137.956451,1546.990112,52.573513,-106.075035,1430.456421,18.21623,-188.845901,1259.606689,-24.072227,-175.756332,1267.158325,90.592949,113.598877,1287.924438,15.058076,-157.323807,1329.623291,-129.802383,-17.010347,1410.448364,-132.092392,-9.548387,1255.14856,-285.969727,86.818237,1238.425049,-367.207458,208.306793,1423.61853,-251.038971,119.387192,1455.640137,-243.281677,220.903107,1481.338501,-192.310059,-108.459671,1345.535034,157.3508,50.607788,1416.799438,129.7258,78.89389,1255.404541,228.712433,156.51091,1119.89856,205.775101,175.770493,981.811523,-0.798976,134.166138,1054.003906,-40.904022,169.428909,944.740417,-49.506317,46.37513,1038.923828,-114.458954,-152.328979,1050.538452,-108.832619,-158.636688,1084.492798,159.025131,54.398331,1063.147095,160.372269
5.125,157.849289,1599.135254,-35.941181,208.833038,1503.4198,-33.213161,136.820648,1544.756958,53.909889,-108.538811,1429.13208,17.477119,-190.119141,1257.825195,-24.764606,-177.352249,1265.577148,89.96376,111.835098,1288.343994,15.492782,-158.35495,1327.522461,-130.54747,-18.412468,1409.047119,-132.454742,-8.550591,1252.604614,-284.98111,89.1194,1235.870361,-364.758301,209.500244,1421.429321,-247.762466,120.554649,1453.556763,-241.266174,221.525833,1479.610474,-189.379532,-110.402557,1344.387939,156.792297,48.013557,1417.513672,129.64209,77.405327,1256.426392,228.977661,155.750595,1121.107666,205.423798,176.370102,983.530334,-1.172542,134.387985,1055.432617,-41.257065,170.379135,946.353638,-49.788017,46.305622,1038.808838,-114.284828,-152.514038,1048.824585,-109.194862,-159.407318,1082.56665,158.500977,53.671787,1062.721191,160.700928
5.133,157.72258,1597.204956,-34.221275,207.812485,1500.92334,-31.441587,135.697556,1542.594971,55.442631,-110.86805,1427.84375,16.805719,-191.388,1255.927124,-25.263777,-178.92218,1264.064453,89.477219,110.382362,1288.907227,15.821013,-159.397141,1325.480347,-131.314728,-19.756733,1407.850098,-132.744339,-7.060275,1250.222412,-283.773468,91.581047,1233.557861,-362.257965,210.741257,1419.528931,-244.4207,121.739151,1451.811157,-238.968704,222.207718,1478.202026,-186.399445,-112.429237,1343.258057,156.354538,45.324814,1418.158325,129.467178,76.13813,1257.558472,229.112701,155.646988,1122.861938,204.927689,177.117569,984.949097,-1.409592,135.02002,1056.734619,-41.747829,170.973465,947.863708,-49.779045,46.23484,1038.959473,-113.954674,-152.65065,1047.280151,-109.574936,-160.121429,1080.844482,158.026245,52.9958,1062.269653,161.082809
5.142,157.513489,1595.490967,-32.237419,206.697845,1498.769531,-29.610113,134.464859,1540.609863,56.958389,-112.909172,1426.697388,16.092072,-192.465607,1254.432861,-25.882069,-180.36972,1262.697021,88.943535,108.833649,1289.685547,16.084225,-160.207291,1323.674072,-131.998825,-21.11171,1406.76001,-133.081818,-5.566644,1248.053833,-282.709198,94.365051,1231.403442,-359.53894,211.95224,1417.959351,-240.925537,122.973854,1450.177124,-236.696487,222.831436,1477.007446,-183.218903,-114.282471,1342.309937,155.876572,42.563995,1418.88208,129.231979,75.383095,1258.787354,229.117813,156.078049,1124.688843,204.296417,178.071838,986.601685,-1.859184,135.85434,1057.973389,-42.409103,172.105804,949.121155,-49.78891,46.192684,1039.349365,-113.518875,-152.805344,1046.036377,-109.961517,-160.773666,1079.264038,157.491241,52.328148,1061.918945,161.389359
5.15,157.258102,1594.156128,-30.189589,205.672394,1496.990845,-27.725132,133.129883,1539.040161,58.580914,-115.047943,1425.666626,15.443265,-193.391098,1252.925293,-26.266665,-181.721252,1261.56311,88.520943,107.600952,1290.427856,16.21298,-160.94664,1322.12915,-132.700699,-22.204592,1405.909302,-133.254379,-3.802523,1246.202393,-281.401978,97.255493,1229.614868,-356.620148,213.28479,1416.68457,-237.29187,124.308182,1448.918945,-234.350769,223.511688,1476.168945,-180.030029,-116.132256,1341.560791,155.439026,39.913078,1419.634888,129.00827,75.067039,1260.115479,228.949417,157.00412,1126.887207,203.576874,179.117462,987.933289,-2.068539,136.80899,1059.135864,-43.143353,173.383392,950.388489,-49.612015,46.109749,1039.776489,-112.447655,-152.81723,1044.95874,-110.451988,-161.436081,1078.036011,157.133698,51.65715,1061.653564,161.642075
5.158,156.786896,1593.128174,-28.095509,204.755814,1495.74353,-25.92378,131.778961,1537.55188,60.124001,-116.721428,1424.871826,14.953311,-194.33371,1251.942505,-26.709394,-182.986176,1260.497803,88.107254,106.280228,1291.192627,16.097717,-161.712845,1320.788086,-133.239029,-23.332731,1405.213623,-133.496033,-1.990173,1244.765991,-280.048431,100.278275,1228.05896,-353.682831,214.70488,1415.677612,-233.617325,125.754623,1448.048218,-232.150177,224.218292,1475.597534,-176.668228,-117.683609,1340.772827,155.251907,37.57346,1420.428101,128.723221,75.085159,1261.587524,228.56282,158.509003,1129.336548,202.84729,180.464691,989.507812,-2.314267,137.716736,1060.134766,-43.726151,174.551941,951.447388,-49.596977,46.38205,1040.580811,-112.778046,-152.829437,1044.178955,-110.883766,-162.018692,1077.06897,156.704971,51.008389,1061.485962,161.837341
5.167,156.166626,1592.588623,-25.907621,203.778763,1494.874146,-23.961887,130.4151,1536.781006,61.869514,-118.488609,1424.288452,14.491149,-195.132126,1251.174927,-27.093098,-183.990631,1259.78186,87.909782,105.325279,1292.172729,15.963554,-162.218842,1319.915161,-133.819641,-24.074219,1404.636475,-133.535736,0.17169,1243.566895,-278.485474,103.485527,1226.643555,-350.479858,216.201492,1414.970459,-230.06987,127.335754,1447.567871,-230.085953,224.934937,1475.252197,-173.312469,-119.053047,1340.27356,155.019897,35.590118,1421.299072,128.425705,75.233765,1263.168091,227.921692,160.251877,1131.845825,201.912216,181.82814,990.624939,-2.706035,138.650696,1061.026245,-44.399982,175.666901,952.393066,-49.029083,46.424568,1041.2677,-111.607681,-152.707779,1043.670532,-111.272018,-162.577606,1076.352905,156.341782,50.420708,1061.439453,161.987961
5.175,155.324356,1592.645142,-23.840864,202.637573,1494.718506,-21.936222,128.952148,1536.229126,63.535133,-119.653122,1423.938965,14.252619,-195.81488,1250.603149,-27.289703,-184.858566,1259.355103,87.661781,104.575134,1293.032104,15.64195,-162.780121,1319.286865,-134.195923,-24.682173,1404.18811,-133.519165,2.216835,1242.858521,-276.851807,106.630745,1225.3125,-347.144287,217.820099,1414.453491,-226.499619,129.138885,1447.266113,-228.234207,225.76709,1475.081787,-169.958237,-120.123688,1339.967896,154.89949,33.560608,1422.255371,127.976028,75.643555,1264.795776,227.064941,161.974243,1134.278931,201.131027,183.409454,992.164185,-2.894357,139.585297,1061.854858,-45.007637,177.011719,953.289551,-48.870598,46.881702,1042.137329,-111.275429,-152.451401,1043.417603,-111.77784,-163.072449,1075.84436,155.929474,49.91394,1061.532349,162.193665
5.183,154.381363,1593.189819,-21.756252,201.615936,1495.47644,-20.23682,127.176735,1536.304688,65.108788,-120.906342,1423.855347,14.007983,-196.273407,1250.389771,-27.544262,-185.460953,1259.162964,87.592392,104.011169,1293.930664,15.417555,-163.096237,1319.033936,-134.549789,-25.00474,1403.966309,-133.394928,4.48748,1242.361206,-275.129608,109.798424,1224.34314,-343.646118,219.597336,1414.200073,-223.022263,131.15741,1447.239868,-226.508072,226.826324,1475.176514,-166.576385,-120.850983,1339.95752,154.931595,32.255997,1423.120605,127.523094,76.146744,1266.477295,226.119156,163.85527,1136.730347,200.331268,184.930359,993.285217,-3.290058,140.618958,1062.655273,-45.650497,178.547836,954.500244,-48.950165,47.721443,1043.204346,-111.791664,-152.109467,1043.46936,-112.224533,-163.450912,1075.661987,155.638077,49.520725,1061.720337,162.407089
5.192,153.037674,1594.349121,-19.786068,200.686569,1496.815186,-18.399105,125.607956,1537.01416,66.693802,-121.75119,1424.028198,13.979062,-196.571732,1250.501953,-27.665615,-185.893661,1259.239624,87.635361,103.706184,1295.031006,15.08723,-163.281555,1319.140503,-134.919418,-25.120424,1403.929077,-133.213074,6.816827,1242.309937,-273.295258,113.271179,1223.31958,-339.896057,221.906433,1414.123657,-219.509476,133.538666,1447.437256,-224.879898,228.055054,1475.478516,-163.174866,-121.358147,1340.107666,155.069687,30.877796,1424.140381,127.029808,76.739746,1268.18042,225.228226,165.663544,1139.116089,199.481918,186.384766,994.667236,-3.452509,141.611404,1063.398438,-46.263248,179.752884,955.377502,-48.707794,48.368938,1044.056885,-111.843864,-151.687988,1043.935913,-112.589943,-163.774704,1075.71228,155.284302,49.184315,1062.085327,162.669647
5.2,151.721008,1596.06665,-18.08049,199.736038,1498.78772,-16.549248,123.811096,1538.394287,68.042496,-122.299507,1424.363281,14.012024,-196.773041,1250.991211,-27.743937,-186.144363,1259.549683,87.722603,103.511742,1295.961426,14.852691,-163.328598,1319.63501,-135.208618,-25.040911,1404.142212,-132.974274,9.106959,1242.480225,-271.399597,116.564827,1222.481323,-336.165375,224.39679,1414.275391,-216.004013,136.324524,1447.922974,-223.336868,229.623703,1475.861572,-159.703918,-121.701317,1340.526245,155.183578,30.198479,1425.30542,126.496002,77.451317,1269.983032,224.418625,167.390945,1141.445801,198.651794,187.798477,995.812744,-3.72953,142.598267,1064.302368,-46.913536,180.833649,956.264709,-48.552906,48.981583,1044.864746,-111.798698,-151.138428,1044.736084,-113.065735,-163.998993,1076.056763,154.968185,48.949432,1062.638306,162.917892
5.208,149.91449,1598.293701,-16.437519,198.891968,1501.308105,-14.62518,121.952316,1540.213013,69.485191,-122.623627,1424.911621,14.087966,-196.836456,1251.662354,-27.769257,-186.201813,1260.120728,87.840363,103.414429,1296.937378,14.553809,-163.242737,1320.276367,-135.395874,-24.748259,1404.576172,-132.738342,11.359233,1242.900391,-269.384918,119.914658,1221.677856,-332.287598,227.322327,1414.378784,-212.546967,139.689041,1448.419434,-221.511398,231.488358,1476.5177,-156.083984,-121.718437,1341.145996,155.321518,29.811598,1426.359985,126.215981,78.291916,1271.648926,223.788925,168.924896,1143.730103,197.919907,188.817337,996.924622,-3.959338,143.563904,1065.197266,-47.502499,181.786087,957.166565,-48.534176,49.259811,1045.33606,-110.327629,-150.639984,1045.851685,-113.495125,-164.070358,1076.578735,154.720016,48.816547,1063.229858,163.094681
5.217,148.113846,1601.03479,-15.203522,198.033463,1504.479614,-12.76607,120.014595,1542.605957,70.652161,-122.850449,1425.741943,14.262197,-196.733353,1252.52356,-27.690828,-186.133301,1260.958618,88.000023,103.441803,1297.97583,14.217498,-162.995483,1321.27832,-135.582062,-24.258615,1405.212158,-132.532669,13.601686,1243.306763,-267.506805,123.211632,1221.01001,-328.32901,230.704422,1414.487793,-208.798859,143.419525,1448.776978,-219.733902,233.807739,1477.162842,-152.491272,-121.550064,1342.070679,155.475388,29.626684,1427.540161,125.798492,79.140602,1273.330811,223.295486,170.271561,1145.675537,197.17392,189.711517,998.142334,-4.1304,144.335236,1066.112061,-48.146305,182.47731,958.204468,-48.307911,49.678459,1046.151367,-110.16925,-150.089203,1047.239014,-113.910362,-164.030502,1077.281006,154.440994,48.739872,1063.750977,163.140869
5.225,146.116623,1604.15979,-13.812328,197.033875,1508.197021,-10.969144,118.078331,1545.520874,71.801392,-122.78952,1426.686768,14.358047,-196.477081,1253.702759,-27.729156,-185.911865,1262.141113,88.091507,103.442741,1298.862671,13.974742,-162.618805,1322.44165,-135.624603,-23.584461,1405.995483,-132.188965,15.756599,1243.767212,-265.613831,126.300514,1220.473022,-324.42804,234.433945,1414.433594,-204.793457,147.855331,1449.201904,-217.513412,236.586365,1477.863159,-148.697037,-121.102699,1343.13623,155.747452,29.79315,1428.915283,125.587624,80.180229,1274.894531,222.947617,171.433441,1147.361938,196.532928,190.34108,999.106995,-4.200185,144.941086,1067.001099,-48.684292,182.93544,958.938171,-48.213787,50.016422,1047.209717,-110.074577,-149.565994,1048.895264,-114.254623,-163.85022,1078.253418,154.318893,48.661022,1064.32666,162.921188
5.233,144.122864,1607.675903,-12.558742,196.213562,1512.306885,-9.262542,115.956017,1548.637207,72.851677,-122.422562,1427.827515,14.532524,-196.162506,1255.164185,-27.754257,-185.50853,1263.421387,88.1754,103.676338,1299.897827,13.58398,-162.050064,1323.884033,-135.747299,-22.876486,1407.061279,-131.942337,17.822023,1244.421021,-263.774719,129.44606,1219.993408,-320.392059,238.776581,1414.03125,-200.490921,152.687897,1449.443115,-214.965729,239.965698,1478.495239,-144.704758,-120.578445,1344.306763,155.965683,30.200447,1430.11792,125.442535,81.131477,1276.422241,222.823212,172.371994,1149.067017,196.014236,190.705475,1000.005493,-4.506049,145.533356,1068.014038,-49.098991,183.126389,959.759521,-48.193821,50.246189,1048.378296,-109.981361,-149.18866,1050.742554,-114.552254,-163.547058,1079.52832,154.072632,48.606812,1064.978027,162.591827
5.242,141.864014,1611.391479,-11.399427,195.267319,1516.863159,-7.464166,113.876152,1552.160645,73.842941,-121.966408,1429.088745,14.657166,-195.599823,1256.666016,-27.656149,-184.894608,1264.999878,88.31707,104.121857,1301.042236,13.423701,-161.293991,1325.463867,-135.857758,-21.969252,1408.283203,-131.699219,19.859978,1245.083496,-262.022247,132.455566,1219.367676,-316.317749,243.2444,1413.128052,-195.805771,158.047363,1449.697632,-212.101212,244.045349,1478.669312,-140.68721,-119.92215,1345.843262,156.028412,30.755732,1431.620117,125.316635,82.000946,1277.837158,222.718338,173.008362,1150.340454,195.620041,190.873062,1001.180054,-4.675295,145.879547,1069.035889,-49.414059,183.085922,960.774597,-48.23159,50.595024,1049.570801,-110.086578,-148.882599,1052.712524,-114.915298,-163.279068,1080.986816,154.040649,48.67915,1065.794556,162.235962
5.25,139.479721,1615.362793,-10.200233,194.693909,1521.849854,-5.627415,111.841309,1555.960205,74.744118,-121.23111,1430.540771,14.742136,-195.027985,1258.552856,-27.672268,-184.275345,1266.658203,88.365257,104.604439,1302.431274,12.897267,-160.400055,1327.212769,-135.823929,-20.933752,1409.577393,-131.473007,21.797031,1245.937866,-260.213287,135.31308,1218.8302,-312.24588,248.219025,1411.834595,-190.908279,163.781754,1449.507324,-208.714935,248.983551,1478.224487,-136.522873,-119.111565,1347.317749,156.240326,31.49645,1432.938965,125.285446,82.704086,1279.190918,222.675003,173.466431,1151.669312,195.274658,190.684525,1002.072205,-4.697262,146.091049,1070.143311,-49.719143,182.882172,961.720032,-48.25766,50.757538,1050.927124,-110.298378,-148.545181,1054.879395,-115.269745,-162.912811,1082.657837,153.74054,48.725498,1066.549072,161.971634
5.258,137.15416,1619.549438,-9.227229,193.851471,1526.969238,-3.817235,109.565338,1559.99585,75.575325,-120.242134,1431.972534,14.822021,-194.242096,1260.442383,-27.695538,-183.479355,1268.518188,88.383713,105.474945,1303.845215,12.527085,-159.476669,1329.053345,-135.933136,-19.645798,1410.90686,-131.13797,23.724112,1246.656372,-258.519989,138.055069,1218.276855,-308.145782,253.385696,1409.744507,-185.65451,170.059998,1449.215942,-205.179199,254.836288,1477.129639,-132.14946,-118.166855,1349.039795,156.235611,32.576332,1434.520386,125.266609,83.592392,1280.43457,222.738174,173.738586,1152.69165,195.011002,190.182846,1002.897278,-4.743973,146.004318,1071.233643,-49.767071,182.384338,962.460144,-48.40255,50.810741,1052.198853,-110.401817,-148.444427,1057.157593,-115.538338,-162.545456,1084.44397,153.689911,48.806343,1067.294434,161.333389
5.267,134.687943,1623.752197,-8.121593,192.875031,1532.32373,-1.84491,107.27684,1564.102417,76.543785,-118.938545,1433.644409,14.914938,-193.431534,1262.492065,-27.735607,-182.627716,1270.415649,88.407669,106.05423,1305.074951,12.16419,-158.376755,1331.102539,-135.99649,-18.394815,1412.338867,-130.989395,25.558977,1247.464722,-256.856262,140.641724,1217.676758,-304.169739,258.83255,1406.995361,-180.078629,177.036804,1448.582642,-201.160217,261.570129,1475.109497,-127.342926,-117.001389,1350.652222,156.359299,33.868237,1435.851685,125.519547,84.381172,1281.636963,222.763947,173.889099,1153.463013,194.903671,189.488297,1003.783813,-4.835019,145.794678,1072.338135,-49.981468,181.501999,963.439087,-48.440735,50.694599,1053.441406,-110.666939,-148.403122,1059.414307,-115.864632,-162.239792,1086.456787,153.570099,48.843632,1068.025391,160.54863
5.275,132.05275,1628.082886,-7.042895,192.03978,1538.066772,0.488068,104.82695,1568.175415,77.500038,-117.637177,1435.28125,14.875226,-192.327209,1264.682861,-27.823612,-181.720337,1272.519165,88.238403,106.600281,1306.610474,11.374524,-157.119965,1333.089233,-136.017685,-16.83017,1413.773682,-130.854004,27.222963,1248.10437,-255.30928,142.980164,1217.116943,-300.351746,264.556458,1403.442993,-174.223328,184.386444,1447.628418,-196.938843,269.018433,1472.123169,-122.382614,-115.878899,1352.566895,156.257233,35.218693,1437.317871,125.543968,85.067757,1282.67688,222.729965,174.029282,1154.279541,194.816254,188.844589,1004.783875,-4.894264,145.43779,1073.463379,-50.067028,180.566559,964.397156,-48.539494,50.48724,1054.65564,-110.893784,-148.457611,1061.792603,-116.223892,-161.970444,1088.464233,153.416626,48.84594,1068.754883,159.826309
5.283,129.328049,1632.474243,-5.950292,191.327087,1543.756836,2.582816,102.220764,1572.30603,78.596901,-116.050926,1437.002686,14.841954,-191.411423,1266.878784,-27.9904,-180.635162,1274.672363,88.157616,107.950089,1307.645264,11.650727,-155.668289,1335.139771,-136.150238,-15.126499,1415.113403,-130.765411,28.953794,1248.889038,-253.852371,145.354385,1216.40686,-296.51593,270.678314,1399.223022,-168.155121,192.680939,1446.20166,-192.287384,277.099091,1467.921509,-116.817085,-114.703636,1354.424805,156.17897,36.775288,1438.648682,125.615822,85.796021,1283.682739,222.771149,174.118164,1155.02063,194.745636,187.91803,1005.609497,-5.066561,144.925766,1074.560669,-50.016541,179.508835,965.246826,-48.796417,50.171932,1055.790894,-111.153465,-148.722458,1064.245605,-116.569504,-161.770157,1090.617432,153.228012,48.815479,1069.405151,159.101288
5.292,126.47168,1636.726929,-4.827292,190.336487,1549.44458,5.136635,99.348129,1576.284302,79.699722,-114.214561,1438.707397,14.681705,-190.475662,1269.145508,-28.39229,-179.606018,1276.762451,88.021141,109.02932,1308.845459,11.443915,-154.1772,1337.237793,-136.340149,-13.178535,1416.379028,-130.567932,30.72106,1249.606079,-252.526047,147.524094,1215.608398,-292.950317,276.98642,1394.040527,-161.831497,201.355759,1444.287476,-187.347992,285.804199,1462.489014,-110.859474,-113.270309,1356.194458,156.110062,38.327415,1439.988525,125.586945,86.550201,1284.686646,222.75325,174.153656,1155.552368,194.796967,186.792831,1006.361023,-5.141131,144.259964,1075.677734,-49.921051,178.346405,966.160522,-49.015396,49.815441,1056.94043,-111.558121,-148.928635,1066.626587,-116.863785,-161.57782,1092.628296,153.122757,48.789928,1070.110474,158.43631
5.3,123.334846,1640.972046,-3.67906,189.157181,1555.26416,7.673584,96.267258,1580.224365,80.608437,-112.421196,1440.429199,14.527749,-189.390793,1271.483521,-28.81789,-178.496399,1278.949341,87.597824,110.287514,1309.879028,11.317838,-152.310287,1339.263672,-136.520706,-11.100944,1417.648682,-130.470078,32.612385,1250.163696,-251.281525,149.681915,1214.731812,-289.431885,283.761169,1388.125977,-155.5448,210.389648,1441.870117,-182.125305,295.075623,1455.913574,-104.539589,-111.992165,1358.09082,155.916031,39.938148,1441.150024,125.603676,87.350929,1285.5,222.821548,174.18399,1155.937134,194.954086,185.743225,1007.027893,-5.169014,143.492142,1076.686401,-49.815643,176.573212,967.032898,-49.039604,49.350948,1058.045776,-111.905983,-149.204269,1068.888916,-117.084953,-161.434311,1094.713867,152.923325,48.722084,1070.759888,157.737457
5.308,120.139603,1645.043945,-2.449535,187.878738,1561.272949,10.641658,93.038437,1584.030884,81.616829,-110.30674,1442.140747,14.255557,-188.194321,1273.807129,-29.258577,-177.307129,1281.170166,87.328659,111.60862,1310.730713,11.267663,-150.56871,1341.290894,-136.812683,-8.795275,1418.907837,-130.393509,34.383938,1250.762573,-250.065826,151.751801,1213.572632,-286.191376,290.783966,1381.289185,-149.292297,220.09906,1438.463623,-176.382965,304.643829,1448.123291,-97.820526,-110.665932,1359.770142,155.656647,41.74778,1442.175659,125.666679,88.159004,1286.269653,222.877197,174.221024,1156.207275,195.250259,184.409439,1007.571594,-5.361102,142.46344,1077.719849,-49.60133,175.273132,967.754089,-49.367344,48.800655,1058.927612,-112.389275,-149.528564,1071.255005,-117.373535,-161.341339,1096.631348,152.718613,48.68581,1071.288086,156.923187
5.317,116.779633,1648.967163,-1.213235,186.315109,1566.987549,13.646399,89.61631,1587.714111,82.648048,-108.166229,1443.707764,14.034359,-186.834625,1275.888184,-29.596996,-176.162628,1283.172729,87.011856,113.129265,1311.472656,11.403725,-148.489243,1343.322388,-137.159134,-6.239222,1420.043213,-130.335999,36.456188,1251.21814,-248.964905,153.732208,1212.34082,-283.071533,297.888916,1373.666138,-143.065842,230.090881,1434.202759,-170.000626,314.129303,1438.731812,-90.876923,-109.19458,1361.466431,155.480606,43.38876,1443.157227,125.589668,88.89164,1286.947266,223.04744,174.325317,1156.368896,195.499725,183.066208,1008.106201,-5.471971,141.429581,1078.559814,-49.356983,173.794098,968.44812,-49.642235,48.237915,1059.711548,-112.848587,-150.013336,1073.470337,-117.601181,-161.223007,1098.48645,152.478943,48.664619,1071.768433,156.081665
5.325,113.208298,1652.750488,-0.043765,184.501968,1572.630249,16.802216,85.954964,1591.202881,83.656113,-106.127991,1445.319946,13.671302,-185.628052,1278.132568,-30.172195,-175.078812,1285.222778,86.360924,114.54216,1312.199829,11.158451,-146.251389,1345.275391,-137.595795,-3.524183,1420.98877,-130.184158,38.576607,1251.437622,-247.885483,155.684357,1210.819092,-280.133362,305.296478,1365.28894,-137.08522,239.955566,1428.929199,-163.096573,324.185059,1428.368286,-83.858299,-107.995132,1363.115723,155.108841,45.301991,1443.855835,125.701965,89.607079,1287.560547,223.246719,174.408142,1156.375732,195.751282,181.722046,1008.558777,-5.452749,140.380905,1079.403564,-49.101788,172.126312,969.193176,-49.940552,47.518936,1060.399658,-113.415398,-150.411118,1075.64856,-117.8563,-161.160812,1100.255005,152.279587,48.597919,1072.130981,155.560959
5.333,109.468025,1656.282593,1.368809,182.744736,1578.197998,20.125839,81.975983,1594.392212,84.445251,-103.916893,1446.758057,13.376752,-184.335693,1280.310303,-30.858438,-173.942886,1287.179443,85.87809,116.328079,1312.507935,11.598021,-143.876831,1347.08667,-138.139984,-0.661231,1421.917603,-130.067657,40.724968,1251.469238,-246.889023,157.517288,1209.074341,-277.363007,312.507111,1355.761963,-131.044937,249.5495,1422.692993,-155.597443,333.983307,1416.367554,-76.898773,-106.721855,1364.496582,154.79744,46.870731,1444.40332,125.669968,90.414391,1287.945801,223.48468,174.487305,1156.269653,196.080093,180.163177,1008.916138,-5.561752,139.241653,1080.107544,-48.809887,170.377899,969.708862,-50.092449,47.340702,1061.338623,-115.73632,-150.924042,1077.638428,-118.070023,-161.072144,1101.955933,152.086121,48.461601,1072.446777,154.991364
5.342,105.681038,1659.563721,2.540454,180.456055,1583.713623,23.615049,77.783813,1597.437134,85.341324,-101.833931,1448.23999,12.964067,-183.006424,1282.271118,-31.484245,-172.960587,1288.868652,85.304482,117.801079,1312.584351,11.71641,-141.432404,1348.846558,-138.669037,2.369403,1422.685303,-129.899414,42.927418,1251.440552,-246.120468,159.347839,1207.130737,-274.812592,319.507477,1345.573486,-125.229118,258.880524,1415.679688,-148.163315,343.695923,1403.323486,-69.945457,-105.39035,1365.845947,154.45076,48.735535,1444.709595,125.757454,91.333206,1288.171021,223.732758,174.553513,1156.011719,196.389984,178.795456,1009.086853,-5.675512,138.138596,1080.67395,-48.539539,168.670059,970.05365,-50.413025,46.67038,1061.862671,-117.099838,-151.447296,1079.684204,-118.200409,-161.035156,1103.46521,151.823898,48.290501,1072.647705,154.237915
5.35,101.780334,1662.499146,3.440526,178.035767,1588.750488,27.141842,73.342239,1600.040527,86.18351,-99.621834,1449.516357,12.668761,-181.60849,1284.114136,-32.208225,-171.896149,1290.560791,84.568359,119.138687,1312.497925,11.966272,-138.746689,1350.384033,-139.305878,5.517488,1423.283936,-129.765167,45.16605,1251.141357,-245.432434,161.241486,1204.922729,-272.307861,326.368958,1334.63269,-119.564529,267.78772,1407.543213,-139.477768,352.851929,1388.845825,-63.043983,-104.221977,1366.963989,154.081375,50.229412,1444.966187,125.834732,91.981712,1288.23999,223.951462,174.548767,1155.583862,196.711868,177.161346,1009.128235,-5.684374,137.002014,1081.118774,-48.219341,166.540253,970.369995,-50.468063,46.105064,1061.932861,-117.478142,-152.048584,1081.578613,-118.543884,-161.030792,1104.864746,151.659027,47.662327,1072.52478,152.486282
5.358,97.71225,1665.238281,4.541708,175.227173,1593.779297,30.916269,68.74305,1602.555908,86.771851,-97.817307,1450.902832,11.999826,-180.379593,1285.978516,-33.156487,-171.019791,1291.980469,83.91497,120.31868,1312.199219,12.134704,-136.019638,1351.877808,-139.999832,8.84071,1423.653931,-129.601685,47.631641,1250.585938,-244.784317,163.008118,1202.482544,-270.146881,332.722565,1322.702271,-114.000481,276.141449,1398.389404,-130.335815,361.719177,1373.35791,-56.167034,-103.194519,1367.875366,153.746109,51.981445,1445.116211,126.01136,92.467186,1288.202271,224.193924,174.478516,1154.899658,197.059601,175.676834,1009.053955,-5.81405,135.816391,1081.363403,-47.944935,165.023727,970.521301,-50.83762,45.470318,1062.088623,-118.137276,-152.598541,1083.259521,-118.737846,-160.987045,1106.149902,151.379593,47.502388,1072.476685,151.881195
5.367,93.557518,1667.584351,5.520947,172.103714,1598.279541,34.834538,63.852802,1604.673584,87.365852,-95.838554,1451.94104,11.641868,-179.161743,1287.521973,-33.973892,-170.2052,1293.412598,83.208855,121.3834,1311.678711,12.314241,-133.165741,1353.193481,-140.794373,12.314281,1423.846802,-129.410431,50.095581,1249.963013,-244.252579,164.859528,1199.827515,-268.019989,338.628326,1310.275513,-108.618004,284.156921,1388.252075,-120.980225,369.569,1356.553467,-48.941494,-102.202774,1368.821167,153.29837,53.354515,1445.137451,126.09568,92.870209,1287.969849,224.411453,174.253647,1154.162598,197.386383,174.183838,1008.893372,-5.73068,134.643906,1081.54834,-47.741413,163.339127,970.426392,-50.978374,44.611572,1061.973633,-118.511162,-153.185089,1084.913574,-118.893059,-161.028137,1107.278687,151.141403,47.332634,1072.347046,151.230865
5.375,89.470619,1669.790283,6.461543,168.915497,1602.937256,38.687511,58.859585,1606.617432,87.846298,-93.911606,1452.967529,11.073902,-177.931885,1289.103271,-34.987823,-169.452652,1294.410156,82.444885,122.343697,1310.977295,12.335128,-130.16864,1354.400146,-141.654694,15.865154,1423.841553,-129.226227,52.575054,1248.999512,-243.818085,166.6371,1196.993408,-266.130829,343.911011,1296.866577,-103.13208,291.800537,1377.080933,-111.516533,376.575989,1338.908813,-41.855232,-101.214432,1369.425293,152.852463,54.823051,1444.980347,126.287338,93.179001,1287.610352,224.533859,174.016693,1153.415039,197.609039,172.520905,1008.528564,-5.853759,133.629486,1081.551147,-47.622055,161.50412,970.241943,-51.111752,43.819889,1061.792603,-118.906914,-153.840591,1086.445679,-119.307945,-161.10643,1108.237549,150.873657,47.120384,1072.127197,150.621857
5.383,85.275459,1671.61145,7.31654,165.352631,1607.117188,42.28727,53.766861,1608.220459,88.117424,-92.056412,1453.82605,10.629979,-176.890289,1290.398926,-36.037846,-168.787399,1295.556641,81.57711,123.270081,1310.263306,12.194339,-127.107933,1355.509766,-142.497421,19.597921,1423.613892,-128.993927,55.308792,1247.849365,-243.310898,168.35257,1193.803955,-264.279968,348.486847,1282.634277,-97.543243,299.080536,1365.008301,-101.949692,382.637177,1320.245361,-34.839714,-100.490463,1369.934082,152.424622,55.948166,1444.688232,126.541405,93.382179,1287.054077,224.590027,173.73909,1152.550049,197.80455,171.084015,1008.07843,-5.81081,132.469879,1081.318237,-47.290306,159.725433,969.926758,-51.158138,43.033562,1061.476807,-119.442284,-154.393097,1087.765259,-119.625755,-161.093491,1109.088867,150.582382,46.90678,1071.852295,149.944595
5.392,81.13398,1673.25,8.305784,161.567383,1610.903442,46.38958,48.428822,1609.551636,88.251396,-90.387711,1454.685181,9.966871,-175.848267,1291.767334,-37.302795,-168.313599,1296.412964,80.643417,124.128815,1309.186768,12.831982,-124.030571,1356.403687,-143.506851,23.38936,1423.231689,-128.755173,58.048656,1246.514404,-242.781555,170.15239,1190.439087,-262.464111,352.473511,1267.972534,-91.831917,305.560425,1352.010742,-92.293793,387.7052,1300.817993,-27.819983,-99.923271,1370.362793,151.836884,56.882408,1444.345459,126.759842,93.437454,1286.342773,224.697021,173.258789,1151.376953,198.051102,169.418732,1007.390625,-5.852419,131.297928,1081.008911,-47.291367,157.829147,969.371582,-51.243713,42.231754,1061.140381,-120.079254,-154.944992,1089.063965,-120.086739,-161.148209,1109.757324,150.299454,46.6138,1071.560425,149.320236
5.4,77.090919,1674.588257,8.735271,157.565369,1614.280762,50.075729,43.174038,1610.714722,88.243149,-88.673347,1455.51001,9.269957,-174.833939,1292.876221,-38.606915,-167.889893,1297.197998,79.698387,124.856865,1308.306519,12.951056,-120.903465,1357.134888,-144.500214,27.141195,1422.738037,-128.604202,60.7589,1245.083252,-242.138519,171.882599,1186.653687,-260.578827,355.783844,1252.69812,-86.580673,311.438873,1337.937134,-82.737915,391.761353,1280.5802,-20.982748,-99.457474,1370.824463,151.274078,58.018429,1443.911011,127.141762,93.194405,1285.556519,224.752548,172.747086,1150.408447,198.154648,167.86586,1006.504639,-5.887241,130.158035,1080.501587,-47.169308,156.044205,968.812866,-51.290478,41.646965,1061.045288,-121.525673,-155.45076,1090.098267,-120.541222,-161.297089,1110.377686,149.958008,46.314129,1071.250366,148.499527
5.408,73.016006,1675.869751,9.645451,153.39859,1617.566162,53.819839,37.900906,1611.678467,88.15683,-87.280418,1456.16748,8.583638,-173.994156,1294.060303,-39.98061,-167.511414,1297.991821,78.566841,125.557243,1307.372437,13.231252,-117.806419,1357.828125,-145.702225,30.950863,1422.023926,-128.48558,63.435154,1243.282715,-241.604126,173.408691,1182.699219,-258.706329,358.568146,1236.80896,-81.257645,316.441132,1323.294067,-73.235611,394.731689,1259.674072,-14.501337,-99.184975,1371.152222,150.619888,58.367531,1443.954712,127.691017,92.809814,1284.840332,224.703323,172.123993,1149.443481,198.187408,166.170853,1005.723267,-5.919198,128.967163,1079.942749,-47.240429,153.977036,968.159424,-51.271801,41.082184,1060.542969,-122.116562,-155.987671,1091.149048,-121.095657,-161.460312,1110.872437,149.568954,46.023079,1071.063354,147.767975
5.417,69.225533,1676.831543,9.961413,149.061417,1620.609985,57.71394,32.61285,1612.536499,87.840454,-85.845085,1456.722412,7.805612,-173.142151,1294.970459,-41.253082,-167.199554,1298.539795,77.450401,126.145615,1306.408569,13.516181,-114.806877,1358.419067,-146.948166,34.793243,1421.081299,-128.316437,66.120308,1241.284302,-240.89653,174.818741,1178.453613,-256.636932,360.431976,1220.474121,-75.916977,320.974213,1307.839355,-63.823589,396.446747,1238.28418,-8.1335,-99.00087,1371.344849,150.019272,59.113495,1443.329346,127.795265,92.317833,1284.114136,224.680557,171.291977,1148.300293,198.380005,164.421616,1004.900818,-5.817451,127.735184,1079.164307,-47.521858,152.386887,967.329346,-51.413746,40.493938,1059.965332,-122.717148,-156.436951,1091.961426,-121.615349,-161.625839,1111.217285,149.148621,45.72982,1070.936646,146.99826
5.425,65.50219,1677.660278,10.275622,144.88443,1623.17627,61.074966,27.547394,1613.085815,87.496078,-84.509483,1457.27063,6.91744,-172.291779,1295.858398,-42.64127,-167.018723,1299.057007,76.245628,126.546326,1305.520142,13.759575,-111.780571,1358.796509,-148.13327,38.377266,1419.891724,-128.181992,68.635925,1239.104736,-240.08606,176.109085,1173.824463,-254.468048,361.44458,1203.706055,-70.660362,324.841003,1291.799927,-54.549118,396.579559,1216.17981,-1.803845,-99.404045,1371.691162,149.398926,59.390888,1443.093506,128.207336,91.60775,1283.217651,224.684525,170.16124,1147.441406,198.362778,162.538315,1003.899475,-5.692605,126.322906,1078.730957,-47.367031,150.492645,966.355652,-51.46104,40.014042,1059.414551,-123.356644,-156.74884,1092.619019,-122.272324,-161.830948,1111.524658,148.636414,45.410614,1070.756104,146.220062
5.433,61.898045,1678.237793,10.665081,140.45015,1625.7229,64.58757,22.487951,1613.496826,87.035118,-83.328484,1457.654053,5.88028,-171.360825,1296.717651,-44.453098,-166.919586,1299.534912,74.845741,126.68203,1304.613892,13.914929,-108.972549,1359.161621,-149.505569,41.860188,1418.579956,-128.030304,71.053528,1236.696533,-239.125504,177.08371,1169.106934,-252.19136,361.111328,1186.325562,-65.122299,327.850708,1275.246216,-45.570004,395.642395,1193.547729,4.156289,-99.521935,1371.787476,148.672577,59.533207,1442.843994,128.86557,90.806221,1282.52771,224.690201,169.09166,1146.686768,198.472366,160.607529,1003.024353,-5.65215,125.119431,1078.05603,-47.414516,148.265289,965.506409,-51.492107,39.586594,1058.792114,-123.797684,-157.052567,1093.243042,-123.060135,-162.067596,1111.783325,148.072464,45.085678,1070.616577,145.603241
5.442,58.516422,1678.736084,11.048537,136.283554,1627.778198,67.849556,17.783964,1613.783325,86.567162,-82.506203,1457.954346,4.76001,-170.788406,1297.381348,-46.057251,-166.880234,1300.080933,73.37281,126.573936,1303.657837,13.968981,-105.668709,1358.986816,-150.627045,45.244621,1417.189453,-127.913818,73.317917,1234.128662,-238.059753,177.892776,1164.076294,-249.808868,359.757843,1168.798218,-59.977413,329.721161,1258.171875,-37.032406,393.083801,1170.901733,9.977508,-99.874702,1371.887207,147.826309,59.452133,1442.573975,129.196625,89.588364,1281.898682,224.754608,167.930557,1145.759644,198.677811,158.517487,1002.279907,-5.576615,123.847427,1077.375,-47.106655,146.62323,964.701416,-51.685219,39.117714,1057.96875,-123.65937,-157.335327,1093.724854,-123.835678,-162.363068,1112.015137,147.366486,44.730099,1070.512085,145.044189
5.45,55.232601,1679.134033,11.396159,132.07843,1629.576416,70.751953,13.238985,1613.844604,86.096596,-81.791473,1458.143677,3.69458,-169.645309,1297.779175,-48.144508,-167.022354,1300.389771,71.847878,126.39122,1302.750244,14.060739,-102.815933,1358.922119,-151.966782,48.480751,1415.780884,-127.893639,75.406242,1231.346191,-236.726608,178.58046,1158.940674,-247.349762,357.335022,1150.886475,-54.946918,330.902069,1240.547485,-28.765944,388.793457,1148.041016,15.43963,-100.404213,1371.953491,146.972458,59.100861,1442.34668,129.512146,88.335419,1281.505493,224.911987,166.369522,1145.136719,198.726135,156.568634,1001.3703,-5.340592,122.658325,1076.609253,-47.105473,144.557617,963.777405,-51.763798,38.720909,1057.377563,-124.262184,-157.469772,1094.101562,-124.622253,-162.68634,1112.163818,146.629013,44.364376,1070.477783,144.501953
5.458,52.245464,1679.370605,11.897604,127.930153,1631.247559,73.566994,9.002109,1613.754517,85.756027,-81.179482,1458.181396,2.722374,-169.141235,1298.352539,-49.926361,-167.265793,1300.635132,70.395592,126.204041,1301.902466,14.161817,-100.224564,1358.791138,-153.228058,51.712234,1414.274902,-127.815811,77.331947,1228.534912,-235.351715,178.874771,1153.923584,-245.011597,353.753113,1132.753296,-50.058167,331.149628,1222.837891,-20.993767,383.113708,1125.193115,20.431612,-101.220825,1372.056641,146.037857,58.603306,1442.029053,129.912888,87.026329,1281.047241,225.198608,164.963638,1144.640259,199.113571,154.550827,1000.615601,-4.976455,121.601685,1076.132935,-46.210648,143.331757,962.850342,-52.126949,38.384911,1056.962158,-124.858063,-157.589844,1094.420532,-125.5606,-163.113602,1112.259033,145.754639,43.954666,1070.54541,144.129074
5.467,49.430321,1679.548218,12.380074,124.108635,1632.559082,76.148132,5.013194,1613.478516,84.408638,-80.718575,1458.255615,1.639225,-168.762909,1298.657227,-51.851128,-167.623718,1300.814575,68.832359,126.03344,1301.268066,14.434916,-97.600792,1358.463989,-154.358597,54.826447,1412.606689,-127.63707,79.177986,1225.662476,-233.835953,178.615372,1149.120361,-245.581451,349.22583,1114.923584,-45.632175,330.289795,1204.800293,-13.299226,374.925842,1102.694458,26.504566,-102.172295,1372.094971,145.051208,57.825722,1441.775635,130.151123,85.422295,1280.735474,225.448288,163.239685,1144.182739,199.336151,152.625229,1000.151855,-4.52477,120.429382,1075.880371,-46.129417,141.086853,962.54541,-52.216766,38.131935,1056.631714,-125.471931,-157.671204,1094.597534,-126.41378,-163.545517,1112.334473,144.985855,43.466679,1070.676758,143.782166
5.475,46.855873,1679.599365,12.798427,120.533661,1633.587769,78.632675,1.556582,1613.373535,84.122482,-80.530708,1458.192749,0.553879,-168.402222,1298.924805,-53.597408,-168.037323,1300.913208,67.394844,125.923317,1300.903442,14.775834,-95.204575,1358.068604,-155.570526,57.431477,1411.066772,-127.387779,80.685112,1222.64978,-232.193283,178.445786,1144.244019,-242.150574,343.35968,1097.06543,-41.36359,328.203339,1186.652466,-6.174394,365.860382,1080.603027,31.673803,-103.299522,1372.088867,144.077271,56.86565,1441.571411,130.542114,83.76059,1280.572021,225.90419,161.528519,1143.789795,199.885895,150.620605,999.6297,-4.478318,119.459427,1075.681274,-45.929306,139.24292,962.080383,-51.980465,37.907215,1056.279663,-126.095619,-157.693939,1094.712646,-127.453011,-164.045776,1112.391724,144.050064,43.047878,1070.85791,143.550095
5.483,44.646259,1679.600342,13.374278,117.330711,1634.453247,80.89846,-1.436155,1613.402832,85.559631,-80.420937,1458.114502,-0.560778,-168.057892,1299.023804,-55.177677,-168.662415,1300.91687,65.866997,125.787125,1300.730591,15.195311,-92.822601,1357.622192,-156.600296,60.15662,1409.412231,-127.265755,81.969017,1219.684937,-230.546326,178.054688,1139.55957,-240.22438,336.98526,1080.359497,-37.885227,324.859497,1168.954712,0.385623,355.313904,1059.391479,35.505611,-104.597961,1372.084839,143.108871,55.540394,1441.543457,130.777664,81.864182,1280.511719,226.286789,159.722321,1143.512085,200.345535,148.721207,999.197937,-3.767729,118.46376,1075.577026,-45.545349,137.589584,961.595886,-51.601238,37.713348,1055.967896,-126.791656,-157.652863,1094.75415,-128.421982,-164.607132,1112.277832,143.099091,42.734768,1071.127563,143.317291
5.492,42.514759,1679.542114,13.98937,114.368042,1635.003174,82.924484,-4.601803,1612.535278,83.250061,-80.357048,1457.996704,-1.684143,-167.646393,1299.14978,-56.866558,-169.215591,1300.862427,64.29718,125.456703,1300.578491,15.786067,-90.779564,1357.163574,-157.614441,62.863522,1407.782959,-127.022148,83.035507,1216.732178,-228.89151,177.550415,1134.936035,-237.904526,328.269775,1062.791504,-34.273777,320.154785,1151.217285,6.532407,344.269684,1039.553101,37.988457,-105.904182,1372.032349,142.10347,54.289032,1441.477173,131.089798,80.090446,1280.563721,226.913834,157.967438,1143.506348,201.393677,146.798218,998.787048,-3.818941,117.305923,1075.55127,-45.233906,136.052582,961.488159,-51.004772,37.514599,1055.664429,-127.380386,-157.593369,1094.726074,-129.283539,-165.265594,1112.177734,142.192749,42.399128,1071.546265,143.097977
5.5,40.749157,1679.403564,14.603148,111.503372,1635.28418,84.875076,-7.284786,1612.01416,82.579865,-80.436729,1457.904419,-3.344608,-167.292877,1299.13916,-58.421112,-169.802795,1300.808716,62.754578,125.023705,1300.415405,16.248865,-88.816643,1356.60376,-158.628571,65.282661,1406.187866,-126.878815,83.829414,1213.845093,-227.152069,176.820633,1130.634277,-236.042511,319.295135,1046.847778,-31.55588,314.097382,1134.119995,12.361016,333.36026,1022.069946,36.613365,-107.562027,1372.062378,141.120163,52.779892,1441.545776,131.336823,77.844398,1280.708618,227.461609,155.852951,1143.40686,201.825317,145.326401,999.348083,-1.748239,116.215424,1075.71167,-44.866028,134.731171,961.56073,-50.530827,37.427563,1055.432495,-127.963615,-157.544662,1094.626465,-130.124985,-165.959488,1111.937988,141.209808,42.007797,1072.081665,142.939774
5.508,39.147785,1679.202759,15.409029,108.979385,1635.351196,86.856178,-9.763301,1611.629761,82.429527,-80.412506,1457.775513,-4.509473,-167.097855,1299.102051,-59.807823,-170.417725,1300.677002,61.298405,124.42363,1300.249756,16.746334,-87.090218,1356.095581,-159.605347,67.323891,1404.604614,-126.585068,84.332535,1211.049683,-225.744827,175.773056,1126.54834,-234.410721,309.71051,1031.798828,-29.293928,306.786224,1117.739258,17.509855,320.703491,1005.098328,35.872208,-109.100273,1372.044189,140.1595,51.051769,1441.576782,131.491608,75.690811,1280.901611,228.117142,153.938995,1143.449219,202.914688,143.8479,999.34314,-1.816244,115.375191,1076.133789,-44.339699,133.568848,961.905396,-49.671619,37.394733,1055.287476,-128.521591,-157.532303,1094.435669,-130.98877,-166.686386,1111.649658,140.367661,41.611732,1072.564575,142.896408
5.517,37.909466,1678.941895,16.207226,106.759178,1635.220215,88.527824,-11.582814,1611.129883,82.887985,-80.437752,1457.600708,-5.677074,-166.95752,1298.985474,-61.290695,-171.233856,1300.556274,59.807419,123.606743,1300.13562,17.349058,-85.647934,1355.566772,-160.541153,69.050987,1403.122437,-126.167313,84.565872,1208.366577,-224.531113,174.787888,1122.817017,-232.955246,299.325409,1017.524963,-27.517887,298.747467,1102.121338,21.822023,303.756348,985.707214,41.505657,-110.920059,1372.082764,139.017578,49.350441,1441.63855,131.833099,73.380112,1281.192261,228.813934,151.592361,1143.606812,204.07515,142.644455,999.728821,-0.581764,114.517181,1076.644409,-43.67691,132.601608,962.310547,-48.823513,37.396988,1055.145996,-128.954681,-157.491394,1094.11438,-131.861694,-167.436783,1111.187378,139.40863,41.18552,1072.947876,142.931198
5.525,36.822582,1678.70874,17.010847,104.924072,1634.883911,89.975014,-13.67212,1610.548462,82.374313,-80.626816,1457.305908,-6.999403,-166.988708,1298.834351,-62.521786,-172.041901,1300.346924,58.339443,122.787323,1300.060303,17.95145,-84.279068,1354.94397,-161.433121,70.651093,1401.538574,-125.576973,84.528679,1205.837402,-223.550507,173.552536,1119.360229,-231.856445,288.327942,1004.989868,-26.068846,289.97937,1087.977783,25.528952,288.303589,970.910278,41.940739,-112.750298,1372.103394,137.915771,47.485577,1441.699585,132.002197,70.753143,1281.530884,229.494293,149.292831,1143.795776,205.476471,141.521835,1000.197083,0.401479,113.589691,1077.133301,-43.042091,131.817917,962.97644,-47.812153,37.50771,1055.054321,-129.339432,-157.486847,1093.80481,-132.673691,-168.223679,1110.723511,138.563217,40.708519,1073.347168,142.938278
5.533,36.061459,1678.367676,17.71899,103.124832,1634.308716,91.540306,-15.138124,1609.970093,82.417175,-80.906471,1457.053955,-8.104433,-167.043198,1298.442749,-64.087738,-172.838623,1300.088867,56.960373,122.079216,1300.030518,18.5049,-83.27726,1354.367188,-162.232254,71.832253,1399.983643,-125.025375,84.318146,1203.673096,-222.697861,171.978607,1116.216675,-230.864105,277.574921,993.300903,-25.397083,279.956879,1074.573242,28.794699,272.723419,957.991089,40.866077,-114.61985,1372.082397,136.893982,45.4655,1441.692505,132.247955,67.962036,1281.878052,230.284073,146.869827,1143.972412,206.856415,140.593979,1000.663025,1.554568,112.944534,1077.675293,-42.114742,131.179596,963.708008,-46.509205,37.694786,1055.002686,-129.65448,-157.413803,1093.352783,-133.343246,-169.029892,1110.092529,137.660431,40.184853,1073.841431,143.085739
5.542,35.392998,1677.910278,18.263079,101.833725,1633.629761,92.708481,-16.639538,1609.361694,82.151497,-81.399849,1456.706055,-9.228501,-167.201736,1298.062622,-65.415276,-173.834061,1299.709961,55.53091,121.160675,1299.851929,19.173407,-82.362915,1353.534058,-162.93309,72.672356,1398.602905,-124.593971,83.791847,1201.849365,-222.127899,170.222534,1113.291626,-230.137863,266.811462,983.266052,-25.149158,269.753815,1063.000366,31.473518,258.666748,944.849609,40.836006,-116.649971,1372.019775,135.708725,43.487408,1441.791748,132.379868,65.132843,1282.175903,231.082275,144.418045,1144.203369,208.533997,139.873032,1001.341248,3.078967,112.430038,1078.407349,-41.045643,130.86702,964.415039,-45.439728,37.974155,1055.027222,-129.888245,-157.352905,1092.808472,-133.966431,-169.856659,1109.305054,136.755219,39.646912,1074.222656,143.306015
5.55,35.047611,1677.492554,18.843422,100.712334,1632.807495,93.825485,-17.731329,1608.751343,81.795021,-82.12381,1456.259888,-10.318274,-167.478622,1297.515137,-66.663887,-174.854828,1299.263672,54.135971,120.227234,1299.633179,19.762369,-81.776489,1352.829224,-163.680069,73.25351,1397.224365,-124.243271,82.983658,1200.266479,-221.951477,168.163681,1110.592773,-229.468567,256.306213,974.489685,-24.929337,259.135773,1052.736084,33.602325,243.275482,935.896973,39.681412,-118.791824,1371.942871,134.568924,41.330559,1441.817383,132.508194,62.165482,1282.538818,231.90358,141.803314,1144.540039,210.355164,139.3293,1002.005676,4.460264,112.230843,1079.155029,-39.731712,130.66626,965.316284,-44.088612,38.304192,1055.080933,-129.972275,-157.193008,1092.05835,-134.624512,-170.632507,1108.508423,135.966858,39.090435,1074.397949,143.601929
5.558,34.820267,1676.84436,19.589529,99.629166,1631.781372,94.893555,-18.398422,1608.486084,82.58802,-82.8787,1455.87854,-11.40975,-167.833496,1296.701294,-68.048775,-175.990097,1298.738037,52.808781,119.178917,1299.38208,20.421692,-81.494522,1352.100342,-164.361679,73.543228,1396.088745,-124.031647,82.131371,1198.843628,-222.173721,165.893112,1108.107056,-229.126099,246.153,966.885315,-24.834988,248.240128,1044.000366,35.177788,229.184311,927.71936,37.704842,-120.869476,1371.748657,133.461426,39.145054,1441.810547,132.534378,59.097,1282.861572,232.684738,139.038574,1144.975464,212.225037,138.795303,1002.705688,6.293856,112.354576,1079.925659,-38.33498,130.594025,966.013794,-42.504532,38.740883,1055.16687,-129.913177,-157.076721,1091.329834,-135.234421,-171.451004,1107.528687,135.187576,38.327194,1074.528809,144.178284
5.567,34.84951,1676.284424,20.127615,98.992302,1630.812012,95.685844,-19.16687,1608.061523,82.694473,-83.891975,1455.343872,-12.417985,-168.47345,1295.827637,-69.128693,-177.314545,1298.005371,51.471203,118.000298,1298.989136,21.188274,-81.489891,1351.142944,-165.03508,73.465538,1395.150513,-124.003517,80.906891,1197.669678,-222.898026,163.223953,1105.837524,-228.855148,236.34996,960.342896,-24.851364,237.641388,1036.578247,36.209812,215.876404,921.238159,36.12941,-123.191643,1371.532715,132.41925,36.770523,1441.699585,132.54512,55.909122,1283.179077,233.511688,136.498184,1145.403564,214.377014,138.32608,1003.326782,8.237021,112.847816,1080.8302,-36.73822,130.565674,966.796692,-40.563572,39.299339,1055.324463,-129.724991,-156.807434,1090.461426,-135.920563,-172.291809,1106.488159,134.359024,37.483246,1074.518921,144.749939
5.575,35.085323,1675.728149,20.559343,98.493019,1629.504028,96.43882,-19.926353,1607.525757,82.156761,-85.224167,1454.78186,-13.350396,-169.051727,1294.767212,-70.276062,-178.661606,1297.212158,50.153244,116.782471,1298.63623,21.956135,-81.800201,1350.274536,-165.525253,73.174469,1394.328613,-124.139435,79.619644,1196.63208,-223.845093,160.274414,1103.658325,-228.750778,227.092758,954.797119,-25.035143,227.45076,1030.418701,36.765354,203.700409,915.989929,33.419945,-125.58699,1371.170044,131.318527,34.294273,1441.509766,132.489655,52.671139,1283.569458,234.348389,133.784363,1145.84668,216.532715,138.018524,1003.993286,10.332893,113.460197,1081.662231,-35.149109,130.938446,967.215332,-39.647228,39.914959,1055.450195,-129.527786,-156.514191,1089.423584,-136.517517,-173.165222,1105.239136,133.546661,36.71085,1074.487061,145.206665
5.583,35.542,1675.036255,21.011028,98.221664,1628.252686,97.11058,-20.509926,1607.03772,82.087135,-86.52597,1454.140625,-14.297452,-169.857925,1293.633545,-71.292793,-180.11972,1296.297852,49.02644,115.270576,1298.345703,22.888666,-82.364113,1349.271362,-166.133942,72.513535,1393.614014,-124.364449,78.383926,1196.218872,-226.588104,156.944595,1101.615479,-228.825821,218.646179,950.437195,-25.105558,217.68399,1025.334473,37.061039,192.428497,911.00116,31.643261,-128.034134,1370.655884,130.315002,31.592642,1441.27832,132.348862,49.403713,1283.885132,235.217484,130.952393,1146.285522,218.811249,137.788132,1004.685425,12.475085,114.656891,1082.590332,-33.31641,130.460938,968.56189,-37.150497,40.551456,1055.521118,-129.176682,-156.161346,1088.34314,-137.129227,-174.036621,1103.869019,132.838791,35.87674,1074.557861,145.747635
5.592,35.967896,1674.186768,21.357861,97.917351,1626.615723,97.623253,-20.818617,1606.554932,82.160622,-88.040909,1453.394897,-15.037169,-170.689438,1292.179321,-72.342751,-181.672668,1295.033569,47.894157,113.899345,1298.138306,23.941195,-83.229195,1348.176025,-166.621872,71.685593,1393.084839,-124.785217,76.630035,1195.347778,-227.604202,153.421967,1099.686279,-229.150238,210.704407,946.67749,-25.302862,208.889252,1021.326538,37.074364,181.782745,907.591675,30.391634,-130.46138,1369.989746,129.265503,29.094498,1441.071655,132.226135,46.081802,1284.094727,236.03717,128.212646,1146.656006,221.25882,137.727066,1005.305054,14.859489,115.876152,1083.324341,-31.290163,130.735336,969.364319,-34.588982,41.165771,1055.562988,-128.712234,-155.801849,1087.152344,-137.819427,-174.998291,1102.348511,132.116623,34.893272,1074.696655,146.447769
5.6,36.690701,1673.205688,21.888369,97.896072,1625.004395,98.067665,-21.074251,1606.043579,81.972557,-89.970726,1452.539185,-15.969333,-171.85434,1290.908691,-73.118568,-183.325806,1293.845093,46.829102,112.331894,1298.025024,25.066517,-84.157982,1347.014282,-167.026001,70.547112,1392.588501,-125.398117,74.575523,1194.680054,-228.744064,149.65097,1097.935913,-229.470032,203.18866,943.6026,-25.479902,200.776428,1018.118591,36.815556,172.201157,905.030701,29.282488,-132.984558,1369.191284,128.273453,26.314095,1440.722046,132.043274,42.802719,1284.286499,236.807297,125.315147,1146.973633,223.804001,137.94339,1005.879883,17.320242,117.541939,1084.250244,-28.953861,131.542801,968.877747,-35.095997,41.859467,1055.605957,-128.273132,-155.395767,1085.810547,-138.453262,-175.953049,1100.76001,131.279785,33.974049,1074.812866,146.935364
5.608,37.377838,1672.240112,22.282694,97.831612,1623.070068,98.514221,-21.191607,1605.49231,81.871529,-91.869347,1451.668335,-16.89818,-172.920776,1289.353638,-74.003098,-185.047348,1292.376465,45.790161,110.443237,1297.727051,25.955347,-85.352051,1345.808105,-167.510544,69.241364,1392.205322,-125.993576,72.346024,1194.043335,-229.769287,145.59494,1096.273193,-229.913391,196.218384,941.186768,-25.834337,193.71843,1015.648132,36.445442,164.195908,902.415894,28.271307,-135.649963,1368.35144,127.215309,23.544147,1440.261841,131.83934,39.42382,1284.402222,237.532211,122.326958,1147.299561,226.29332,138.452454,1006.451233,19.71011,118.667656,1084.165161,-26.694254,131.879486,970.301453,-31.121508,42.178711,1055.008301,-126.022697,-154.957306,1084.312378,-139.211197,-176.909439,1098.888428,130.597458,33.031174,1074.973999,147.323578
5.617,38.015682,1671.062988,22.588139,97.863014,1621.100098,98.83567,-21.344536,1604.877197,82.287224,-93.881798,1450.722656,-17.665438,-174.06163,1287.550049,-74.775574,-186.902756,1290.907349,44.681477,108.526947,1297.380127,27.119761,-86.793152,1344.575562,-167.873779,67.776459,1391.87439,-126.670334,69.685135,1193.387573,-230.720734,141.362045,1094.7052,-230.466599,189.893967,939.24176,-26.153988,187.322922,1013.597595,35.940647,156.714172,901.028625,27.380875,-138.286774,1367.235352,126.239746,20.644093,1439.68396,131.495865,36.085255,1284.451416,238.285095,119.510811,1147.58667,228.932816,139.387039,1007.122986,22.459856,122.676743,1086.050049,-24.341122,132.789642,971.882935,-26.663927,42.831936,1054.88208,-125.286804,-154.545151,1082.757568,-139.836365,-177.97081,1097.049561,129.726913,31.948727,1075.016357,147.655518
5.625,38.629177,1669.747803,22.926479,97.85804,1619.115967,99.109978,-21.617809,1603.937134,82.302025,-96.034996,1449.589111,-18.515898,-175.419464,1285.900024,-75.770988,-188.71843,1289.260864,43.780876,106.263123,1296.846313,27.921659,-88.263618,1343.207153,-168.293442,66.054565,1391.616943,-127.601387,66.734413,1192.671387,-231.708328,136.992737,1093.240601,-231.118057,184.00177,937.717468,-26.544209,181.758621,1011.950134,35.470482,150.11705,899.915649,26.77063,-140.923721,1366.048462,125.315826,17.630747,1439.074219,131.163895,32.723587,1284.325684,238.974411,116.450249,1147.640015,231.677948,140.749466,1007.934937,25.638954,125.226067,1087.011963,-21.760868,133.679367,971.342468,-27.632515,43.447212,1054.730957,-124.701012,-154.097092,1081.148315,-140.544937,-179.097229,1094.997925,128.96701,30.69692,1074.789551,147.897308
5.633,39.218922,1668.396729,23.182388,97.650009,1616.868652,99.356354,-21.923065,1603.121338,82.381409,-98.159187,1448.520142,-19.373093,-176.709976,1283.873169,-76.474503,-190.563797,1287.479614,42.725414,104.014091,1296.30835,29.011389,-90.015076,1341.848755,-168.72374,64.10788,1391.353638,-128.528152,63.421688,1191.863525,-232.574112,132.707138,1091.850952,-231.742889,178.640869,936.362244,-27.175537,177.550339,1010.572571,35.016895,144.556213,899.042786,26.325737,-143.505096,1364.729614,124.214836,14.689338,1438.367432,130.819427,29.268135,1284.189331,239.6082,113.303764,1147.682251,234.566132,141.527771,1007.933716,27.390039,127.444656,1088.083374,-19.227768,132.847229,972.878906,-21.242861,43.841148,1054.424927,-124.263992,-153.613327,1079.377075,-141.161255,-180.180603,1092.949707,128.159698,29.328068,1074.37854,148.185364
5.642,39.587982,1666.925293,23.456387,97.243149,1614.55957,99.72084,-22.20365,1602.327881,82.597237,-100.437607,1447.258301,-20.272413,-178.043579,1281.863525,-77.323044,-192.391541,1285.573608,41.695229,101.701927,1295.736938,29.752073,-91.841324,1340.382568,-169.204132,62.075481,1391.057861,-129.588593,60.064285,1191.078491,-233.348038,128.51445,1090.525757,-232.327011,173.566895,934.656372,-27.840925,174.900528,1009.089966,34.433285,140.143265,898.214233,25.889622,-146.096298,1363.217896,123.337914,11.81525,1437.565796,130.385056,25.845928,1283.932983,240.118973,110.425179,1147.751953,237.769043,141.800018,1007.959106,29.337505,129.648041,1089.809448,-16.728148,130.799561,975.027344,-15.622352,44.666561,1054.27063,-123.380516,-153.098892,1077.683472,-141.869736,-181.341751,1090.689575,127.333984,27.800711,1073.9104,148.552429
5.65,39.823452,1665.444214,23.546577,96.903015,1612.41748,99.829018,-22.746964,1601.109009,82.29409,-102.833885,1445.992554,-20.976974,-179.463547,1279.906616,-78.04406,-194.073563,1283.705322,40.402328,99.279274,1295.083252,30.739557,-93.779404,1338.915405,-169.686035,59.999142,1390.699341,-130.837296,56.629784,1190.132324,-234.079056,124.553284,1089.304932,-232.777603,169.637924,933.048828,-28.514177,174.722137,1007.590881,33.334011,135.886826,898.31604,25.255184,-148.621872,1361.62793,122.425545,8.94799,1436.701416,130.051468,22.495417,1283.564941,240.745331,107.644867,1147.805176,241.057983,141.164337,1008.320435,31.93717,129.23024,1091.619629,-13.798187,129.458694,976.301331,-14.378947,45.187962,1054.019897,-122.817574,-152.682144,1075.985229,-142.452881,-182.537415,1088.534058,126.441803,26.401308,1073.439087,148.707916
5.658,39.966797,1663.899414,23.786346,96.412056,1610.179932,100.000694,-23.210321,1600.032349,82.470558,-105.043449,1444.628052,-21.865469,-180.827972,1277.70752,-78.755928,-195.877533,1281.533325,39.596577,97.059296,1294.524902,31.793781,-95.953949,1337.425537,-170.145294,57.735714,1390.25293,-132.116928,53.201256,1189.016724,-234.645416,120.835655,1088.375488,-233.15657,167.035172,931.969299,-29.905512,175.851517,1005.949951,32.346371,132.902405,898.771057,23.257055,-151.191864,1359.98291,121.561028,6.105142,1435.869385,129.657257,19.137072,1283.132568,241.316025,104.812431,1147.83606,244.47699,140.138321,1009.460693,34.979866,129.551895,1093.727661,-10.075925,128.024323,979.173889,-9.258207,45.670704,1053.776245,-122.273544,-152.260498,1074.237793,-143.105835,-183.699295,1086.190674,125.480042,25.084137,1073.151489,149.364609
5.667,39.973206,1662.411987,23.799555,95.656502,1607.967651,100.020348,-24.058617,1598.887329,81.304451,-107.474976,1443.144165,-22.488066,-182.14566,1275.51416,-79.726555,-197.571915,1279.419312,38.516644,94.802917,1293.902222,32.61726,-98.172958,1335.762085,-170.643494,55.405552,1389.742554,-133.470978,49.863953,1187.80188,-235.01622,117.356613,1087.576294,-233.568771,165.159958,931.241028,-31.845304,176.695511,1004.3396,31.099886,131.986877,898.361694,22.092354,-153.601395,1358.225952,120.294228,3.337315,1434.700317,129.207352,15.758101,1282.603516,241.91687,102.004028,1147.987671,248.138702,139.594406,1011.602539,38.731293,130.745499,1096.479492,-6.667347,128.294617,981.50238,-7.416032,46.075729,1053.589111,-121.983551,-151.924255,1072.381714,-143.695572,-184.802719,1083.803833,124.59539,23.898033,1072.935425,149.541595
5.675,39.801395,1660.946289,23.977457,94.883987,1605.873413,100.091965,-24.832577,1597.653076,81.044022,-109.741646,1441.685303,-23.3293,-183.665192,1273.20105,-80.341042,-199.19429,1277.23999,37.632359,92.570129,1293.247925,33.501236,-100.430069,1334.062256,-171.006836,52.926151,1389.267822,-134.964615,46.563568,1186.44812,-235.253677,114.305443,1086.788818,-233.890533,164.183792,930.704956,-33.327236,177.129517,1003.303894,29.606812,132.250381,897.144104,21.028559,-155.982986,1356.453369,119.333138,0.621856,1433.788452,128.794312,12.420642,1282.222046,242.585236,98.763138,1148.057983,251.948532,140.199432,1013.688782,42.40377,130.589417,1098.086914,-1.252125,129.803482,983.108459,-6.167846,46.420849,1053.460815,-121.880821,-151.656967,1070.753052,-144.320297,-185.83371,1081.61499,123.639565,22.647648,1072.346313,149.715118
5.683,39.549236,1659.581787,23.874893,94.199234,1604.058105,99.990219,-25.552313,1596.733276,81.252518,-112.113441,1440.098877,-23.932045,-184.908188,1270.849609,-80.948616,-200.699158,1274.946777,36.753258,90.151367,1292.506592,34.113289,-102.706772,1332.321533,-171.51265,50.481018,1388.720947,-136.447006,42.805443,1184.615112,-233.172318,111.750603,1086.183472,-234.215042,163.971497,930.232544,-34.708855,176.982819,1002.768982,28.326189,133.321152,895.767517,21.101673,-158.234192,1354.533936,118.425407,-2.069623,1432.926758,128.482651,9.078319,1281.884033,243.295609,95.332047,1148.433838,255.754852,141.590012,1015.69043,46.699066,130.329102,1099.928589,4.173824,131.50708,984.73291,-3.887335,46.689713,1053.351685,-121.847748,-151.451889,1068.953491,-144.841248,-186.724701,1079.317139,122.728249,21.673912,1071.911987,149.826279
5.692,39.0709,1658.358276,23.729919,93.377663,1602.410278,99.938019,-26.299278,1595.924438,81.271851,-114.320137,1438.689209,-24.652367,-186.324753,1268.833252,-81.395935,-202.089203,1272.866943,36.010792,88.027374,1291.898438,34.885784,-104.970505,1330.550659,-171.865524,48.079159,1388.321167,-137.983322,40.065102,1183.124512,-232.886047,109.54921,1085.697388,-234.633484,164.483994,929.695435,-35.707874,176.369995,1002.487305,27.000942,134.843094,894.684265,20.65206,-160.311142,1352.761108,117.526817,-4.744925,1431.972046,128.289642,5.719516,1281.611084,244.184738,91.968819,1148.785156,259.787659,142.769058,1017.367249,50.171432,130.457001,1101.957764,9.398972,134.420914,987.404785,-0.697296,46.870979,1053.254028,-121.867561,-151.31192,1067.286987,-145.287949,-187.514206,1077.212158,121.953033,20.874691,1071.470215,149.961517
5.7,38.397026,1657.230469,23.630068,92.482773,1601.028931,99.716606,-27.596931,1594.841064,80.34539,-116.592445,1437.20752,-25.254749,-187.486938,1266.599976,-81.784927,-203.338837,1270.59375,35.525646,85.600349,1291.307983,35.260235,-107.201706,1328.825073,-172.183594,45.803783,1387.986328,-139.4991,37.609272,1181.667236,-232.405228,107.795021,1085.154785,-235.028107,165.412476,929.318848,-36.680019,175.58989,1002.378723,25.709854,136.446167,893.459717,21.282581,-162.454636,1350.895874,116.744896,-7.253997,1431.220703,128.118591,2.328418,1281.468262,245.208984,88.462372,1149.145508,263.940552,144.415512,1020.237549,54.956993,131.239563,1104.112549,14.666365,136.894592,989.611145,2.090904,46.744061,1053.168335,-121.768929,-151.298096,1065.685059,-145.743973,-188.157471,1075.251343,121.151474,20.330324,1070.864258,150.116623
5.708,37.629158,1656.413208,23.391495,91.185928,1599.771362,99.629791,-28.675209,1594.052368,80.055046,-118.624969,1435.850586,-26.002808,-188.595932,1264.43811,-82.019302,-204.628891,1268.451172,34.983528,83.401093,1290.708374,35.595631,-109.195831,1327.039185,-172.485886,43.731403,1387.639893,-140.973511,35.495323,1180.258301,-232.156799,106.472893,1084.670044,-235.585876,166.304779,929.10144,-37.672993,174.795319,1002.256897,24.524757,137.719818,892.9646,20.426075,-164.22316,1349.121826,115.79689,-9.827366,1430.443848,128.115585,-0.980614,1281.453125,246.419846,84.820435,1149.606567,268.100189,145.485565,1021.737122,57.436333,132.776581,1106.704956,19.657791,139.398575,992.73584,5.732104,46.327026,1052.674194,-121.77224,-151.361099,1064.030884,-146.017639,-188.650726,1073.343018,120.55191,19.985889,1070.184814,149.998566
5.717,36.673176,1655.609009,23.084137,90.047218,1598.843506,99.193382,-29.562883,1593.647095,80.46785,-120.600655,1434.520874,-26.527832,-189.606537,1262.585938,-82.410408,-205.795914,1266.541748,34.486549,81.198112,1290.119019,35.797874,-110.913254,1325.499512,-172.819275,41.931755,1387.384766,-142.231766,33.762962,1179.042236,-231.946426,105.481552,1084.180786,-236.209366,167.367416,928.803772,-38.451229,174.196152,1002.190918,23.570738,138.852325,892.10022,21.149488,-166.168488,1347.415771,115.037506,-12.369797,1429.766235,128.194138,-4.571326,1281.429199,247.713684,80.921852,1150.240479,272.302307,146.961365,1023.96582,62.846088,135.134521,1109.723267,24.650534,141.807663,995.473206,10.409056,46.120808,1051.734253,-121.978348,-151.486023,1062.602905,-146.347733,-189.098511,1071.820923,120.08239,19.871803,1069.522217,149.797516
5.725,35.423359,1655.081055,22.74712,88.859573,1598.266846,98.692093,-31.044771,1593.153809,79.375488,-122.344002,1433.361816,-27.197979,-190.646637,1260.820435,-82.592133,-206.70018,1264.64624,34.125027,78.734344,1289.668823,35.75174,-112.468399,1324.07019,-173.138992,40.307762,1387.156738,-143.376907,32.512123,1178.033569,-231.90593,104.773628,1083.765015,-236.895279,167.959518,928.660706,-39.274132,173.978897,1002.085205,22.786337,139.33786,891.919617,19.368774,-167.949371,1345.91333,114.211143,-14.427848,1429.185547,128.213043,-8.080763,1281.626953,249.160065,76.968658,1150.663696,276.633636,149.151413,1026.609131,68.041969,137.809967,1112.793579,29.986553,145.974442,999.207703,16.304808,45.887833,1050.705322,-122.320488,-151.68132,1061.286255,-146.606049,-189.367493,1070.397217,119.692192,19.970943,1068.950195,149.621078
5.733,33.936954,1654.722778,22.380064,87.426788,1598.036865,98.379776,-32.373962,1592.838501,79.264938,-123.990051,1432.322876,-27.857948,-191.407166,1259.363892,-82.915718,-207.637695,1263.077881,33.611637,76.729706,1289.081055,35.545837,-113.736176,1322.772339,-173.47226,38.804897,1386.997559,-144.488113,31.559244,1177.254639,-232.118286,104.299988,1083.406006,-237.503677,168.157028,928.71167,-40.076221,173.78801,1002.066467,21.909945,139.281036,891.621887,17.558764,-169.536301,1344.483032,113.406288,-16.674952,1428.725952,128.350189,-11.647128,1281.720215,250.549316,72.859154,1151.365112,280.9375,150.740814,1029.441895,73.472801,141.290588,1116.16272,35.318409,147.667053,1001.568787,21.007996,45.599045,1050.104736,-122.649178,-151.880051,1060.11499,-146.731735,-189.499466,1069.174561,119.454964,20.21137,1068.536011,149.297272
5.742,32.462891,1654.700684,21.953699,85.972603,1598.035889,98.005379,-33.793362,1592.621704,78.774628,-125.394882,1431.472168,-28.414574,-192.011261,1257.917969,-83.166489,-208.338928,1261.631592,33.275902,74.690071,1288.698975,35.403126,-114.784973,1321.621704,-173.827011,37.705116,1386.925171,-145.317062,30.880829,1176.809692,-232.421127,104.03521,1083.255005,-238.149734,168.014038,928.778809,-41.164772,173.828094,1002.014282,21.197275,139.548157,891.178711,16.298817,-171.041168,1343.409912,112.606041,-18.737843,1428.384521,128.572083,-15.257141,1282.015259,252.003754,68.744789,1152.16626,285.167633,152.717163,1031.828735,79.050148,144.821686,1119.44812,41.236076,150.776962,1005.12384,26.847206,45.236042,1049.652954,-123.110214,-152.162521,1058.976807,-146.878586,-189.508911,1068.386353,119.584846,20.662008,1068.265381,148.863297
5.75,30.839561,1654.836304,21.426458,84.597328,1598.423828,97.463524,-35.31879,1592.735229,78.611435,-126.716019,1430.878052,-29.033165,-192.500076,1256.936523,-83.448647,-208.99321,1260.486816,32.883778,73.057228,1288.25354,35.025669,-115.551674,1320.760376,-174.216415,36.679401,1386.910522,-146.011108,30.54854,1176.601685,-232.918152,103.810692,1083.197266,-238.751541,167.770828,928.915649,-41.863445,173.997528,1002.082458,20.77993,138.241592,892.537476,15.384296,-172.649841,1342.585693,111.750023,-20.519072,1428.018555,128.567307,-19.157957,1282.489624,253.923477,64.368713,1153.036987,289.583008,154.773087,1034.317383,85.159859,148.270264,1122.564209,47.88126,154.90477,1008.563538,32.815296,45.127068,1049.338257,-123.604485,-152.471878,1058.106934,-146.938385,-189.289597,1067.829468,119.788887,21.293804,1068.233032,148.41098
5.758,29.119219,1655.266357,20.952341,83.016602,1598.96167,96.999458,-36.708599,1592.927979,78.263451,-127.739357,1430.441895,-29.67408,-192.835281,1256.217773,-83.712677,-209.471954,1259.681885,32.306656,71.59742,1288.027588,34.720642,-116.102364,1320.110962,-174.70578,35.850574,1387.123047,-146.61113,30.304792,1176.601318,-233.658875,103.541344,1083.270752,-239.376389,167.423935,929.057678,-42.573021,174.084579,1002.175354,20.198187,137.825104,892.766846,14.839059,-173.8871,1341.822266,111.059265,-22.30241,1427.815918,128.796951,-22.833359,1282.851074,255.283707,59.758991,1153.839722,293.851044,156.822189,1037.056152,91.51693,151.795319,1125.716187,54.830105,158.193619,1011.432983,38.364525,45.134655,1049.035645,-124.278389,-152.760513,1057.463257,-146.883057,-188.864639,1067.603882,120.084045,22.01457,1068.339233,147.875153
5.767,27.343985,1655.934204,20.381729,81.465942,1599.91748,96.513405,-38.338299,1593.388184,77.870728,-128.533783,1430.213257,-30.265694,-193.013489,1255.741455,-84.019394,-209.723694,1259.126465,31.909615,70.56916,1288.012451,34.404942,-116.50235,1319.77832,-175.094193,35.132336,1387.42688,-147.0784,30.133135,1176.803833,-234.574936,103.235527,1083.47937,-240.042862,166.898209,929.411804,-43.221439,174.089966,1002.169128,19.803709,137.478149,892.951111,14.469286,-175.237961,1341.477661,110.163757,-23.729994,1427.73584,129.064453,-26.465704,1283.321533,256.122864,55.027569,1154.978882,298.140961,158.9991,1039.485107,98.100418,155.327286,1128.753662,62.050842,162.77536,1015.001038,44.965435,45.113976,1048.681274,-124.93158,-152.948212,1056.993286,-146.787582,-188.302399,1067.661621,120.415703,22.857605,1068.575562,147.341141
5.775,25.58947,1656.75647,19.87892,79.927475,1601.01709,96.0411,-39.663666,1594.01416,77.505592,-129.298264,1430.221924,-30.763535,-193.108093,1255.45752,-84.425407,-209.812454,1258.726807,31.512699,70.349045,1288.559082,34.484509,-116.76799,1319.644653,-175.499344,34.692032,1387.802979,-147.380188,29.951534,1177.25,-235.709076,102.819031,1083.802856,-240.586334,166.411453,929.799072,-43.987831,173.839523,1002.274414,19.330297,136.939224,893.646545,12.711295,-176.382202,1341.435425,109.357475,-24.99913,1427.736694,129.267868,-30.12081,1283.9375,257.163696,49.960415,1156.07959,302.17691,161.002106,1041.759521,104.883652,158.856506,1131.611328,69.638481,166.28096,1017.825378,51.010422,45.21553,1048.313232,-125.487732,-153.006302,1056.882568,-146.635056,-187.586166,1068.026611,120.739807,23.594469,1068.686646,147.04306
5.783,23.646423,1657.721802,19.252724,78.291809,1602.377808,95.631386,-41.301346,1594.588745,76.46608,-129.811127,1430.379517,-31.163921,-193.041321,1255.453369,-84.697227,-209.821732,1258.657593,31.086393,70.414734,1289.397217,34.363846,-116.893822,1319.806274,-175.828796,34.404694,1388.248047,-147.643188,29.729673,1177.816284,-236.670227,102.269745,1084.227661,-241.09584,165.908432,930.194092,-44.489136,173.66394,1002.838745,18.534969,136.877563,894.080872,12.115889,-177.431961,1341.639404,108.59893,-26.299309,1427.793213,129.465195,-33.802589,1284.629028,258.251709,44.431465,1157.276245,306.137299,162.829376,1043.905518,111.722855,162.161942,1134.366699,77.694328,171.242355,1020.707458,57.384872,45.217297,1048.111938,-125.895515,-152.955032,1057.095825,-146.374161,-186.8013,1068.669922,121.297699,24.277187,1068.281982,147.232574
5.792,21.860756,1658.896973,18.739826,76.969627,1604.025269,94.984055,-42.567677,1595.540771,76.628799,-130.086609,1430.685669,-31.557508,-192.854218,1255.682373,-84.948463,-209.742844,1258.903931,30.661461,70.731247,1290.315918,34.030525,-116.938644,1320.223267,-176.122726,34.181805,1388.859253,-147.849686,29.427105,1178.550903,-237.799438,101.562012,1084.700317,-241.578705,165.519745,930.835754,-44.991566,173.448044,1003.454102,17.868553,137.048904,894.409607,11.825979,-178.527512,1342.149414,107.835632,-27.085279,1427.934937,129.800858,-37.618416,1285.348755,259.173645,38.641815,1158.505493,310.713135,164.208328,1045.774048,117.82901,165.455719,1137.105835,85.90049,175.822815,1023.631714,64.554985,45.084763,1048.137207,-126.276031,-152.801971,1057.61377,-146.017578,-185.983383,1069.478394,121.774147,25.744286,1069.564575,144.610321
5.8,19.982677,1660.254517,17.986565,75.516434,1605.807983,94.439034,-43.996769,1596.413452,75.663437,-130.151428,1431.129883,-31.925131,-192.586502,1256.117798,-85.049538,-209.467896,1259.284668,30.327085,71.624756,1291.640015,33.686901,-116.944832,1320.72522,-176.31427,33.998943,1389.609009,-148.077408,29.016586,1179.282837,-238.614029,100.65712,1085.196411,-242.044174,165.266953,931.490051,-45.474808,173.314224,1004.191162,16.979681,137.261917,894.876709,11.489818,-179.417404,1342.781616,107.126701,-27.806095,1427.896484,129.969101,-41.549393,1286.1875,260.048462,32.765388,1159.333618,313.509521,167.956589,1049.819092,129.546021,168.950455,1139.948975,94.080025,180.050217,1026.151978,72.458038,44.831287,1048.363892,-126.564011,-152.543365,1058.435791,-145.757767,-185.026718,1070.468384,122.216293,26.609066,1070.230103,145.187149
5.808,18.305807,1661.676758,17.485531,74.272606,1607.797607,93.751976,-45.124981,1597.522705,75.432076,-129.957779,1431.63208,-32.394115,-192.183182,1256.687256,-85.082901,-209.056595,1259.798706,30.047007,72.060501,1292.756836,33.264565,-116.892448,1321.549805,-176.571121,33.921452,1390.424316,-148.317505,28.595238,1180.223145,-239.330017,99.624344,1085.729004,-242.431076,165.012894,932.095154,-46.093094,172.750626,1004.897217,16.556705,137.695694,895.121887,11.389441,-180.180893,1343.490356,106.599678,-28.552254,1428.005737,130.145584,-45.434151,1286.944458,260.868591,26.6339,1160.264282,316.7453,169.276154,1051.423828,137.000351,171.564743,1142.182983,103.199661,184.334457,1028.695923,80.310501,44.421722,1048.748413,-126.748589,-152.401901,1059.727783,-145.365997,-184.114944,1071.531738,122.827797,27.467422,1070.813721,144.797043
5.817,16.589979,1663.223633,16.6276,72.975258,1609.856201,93.128937,-46.480389,1598.59082,74.232292,-129.774612,1432.383911,-32.575817,-191.75528,1257.400635,-85.056534,-208.465256,1260.45874,29.85512,72.385895,1293.936035,32.843884,-116.823753,1322.360718,-176.637695,34.032604,1391.227783,-148.661819,27.913498,1181.262939,-239.904373,98.471146,1086.420166,-242.790924,165.054291,933.177429,-46.471359,172.518799,1006.111389,15.899725,137.899231,896.184509,10.843336,-181.128601,1344.313599,105.991707,-29.306742,1428.184448,130.498154,-49.441936,1287.710938,261.624451,20.352516,1161.134033,319.824951,170.779358,1054.24939,146.429871,174.141586,1144.399048,112.347183,187.211945,1030.798462,88.383102,45.868664,1050.337891,-126.367584,-152.20665,1061.02832,-144.986801,-183.180145,1072.731934,123.402298,27.990534,1071.104004,144.675369
5.825,14.979105,1664.785034,15.833728,71.916077,1612.002441,92.330437,-47.405663,1599.898926,74.073486,-129.506821,1433.100342,-32.749203,-191.290405,1258.4021,-85.11142,-207.953354,1261.182129,29.707987,72.8834,1295.221069,32.607296,-116.774307,1323.220215,-176.638641,33.989021,1392.192261,-149.049667,27.150486,1182.169556,-240.23938,97.302849,1087.071289,-243.092499,165.036285,934.032776,-46.869869,171.879639,1007.079346,15.582453,138.409821,896.716797,10.608368,-181.856812,1345.274414,105.537102,-29.830244,1428.30603,130.926941,-53.506798,1288.408936,262.296509,13.709717,1161.964722,322.565308,171.630066,1056.257568,154.765137,176.478577,1146.603027,121.701584,197.373123,1035.405396,98.142113,45.900349,1050.991455,-126.385094,-152.120209,1062.609863,-144.514282,-182.187378,1074.054321,123.922646,28.8736,1072.497925,144.218765
5.833,13.538549,1666.396362,15.045228,70.990166,1614.310913,91.60302,-48.134201,1601.209839,73.942131,-129.045105,1433.830811,-32.79636,-190.789948,1259.30249,-84.842361,-207.36615,1262.138916,29.531979,73.430016,1296.513062,32.441261,-116.713959,1324.283325,-176.635254,33.911545,1393.263794,-149.41597,26.198431,1183.161377,-240.525925,95.957741,1087.763794,-243.537125,165.062607,935.201294,-47.421234,171.313019,1008.310303,15.190674,138.782913,897.804382,10.943713,-182.423355,1346.223999,105.003922,-30.244781,1428.481445,131.299393,-57.762348,1289.137329,262.701752,7.120103,1162.459106,324.308075,172.839569,1059.305664,166.706497,178.38887,1148.497681,131.267929,205.313812,1040.079712,107.63942,45.849663,1051.80249,-126.435417,-151.943039,1064.251953,-144.089279,-181.233749,1075.356445,124.428246,29.848742,1073.386475,143.998627
5.842,12.2044,1668.052124,14.17628,70.200958,1616.573853,90.732567,-49.107059,1602.361084,72.597359,-128.62085,1434.67981,-32.798283,-190.227966,1260.203003,-84.579277,-206.541473,1262.883789,29.795097,74.201027,1298.026123,32.219837,-116.762543,1325.274292,-176.46933,34.012547,1394.289673,-149.942474,25.24507,1184.114136,-240.689743,94.567787,1088.577026,-243.820648,165.070374,936.329834,-47.87849,171.545639,1009.664429,14.131495,139.261154,899.002441,9.864565,-182.906372,1347.091187,104.6343,-30.579897,1428.742676,131.762421,-61.847801,1289.732422,263.144196,0.37842,1163.271118,326.546356,171.490463,1059.506714,170.336807,179.932663,1150.161987,140.821671,203.253845,1037.673218,116.802551,45.857685,1052.556152,-126.480461,-151.908478,1065.940063,-143.613831,-180.142349,1076.717163,124.909721,30.738115,1074.406128,143.751404
5.85,10.965186,1669.609253,13.213077,69.518341,1618.82605,89.846626,-49.610928,1603.873413,72.180725,-128.127808,1435.580688,-32.826691,-189.539902,1261.270874,-84.325012,-205.831894,1263.750488,29.847555,74.894203,1299.472168,32.219814,-116.759781,1326.335205,-176.301666,34.052101,1395.348145,-150.332642,24.193457,1184.978638,-240.691849,93.158333,1089.297607,-244.324554,164.909241,937.54895,-48.563538,171.69632,1010.48407,12.981792,139.950516,899.855957,9.456515,-183.317886,1347.893677,104.251434,-30.993631,1429.038452,132.540451,-65.917778,1290.22583,263.369629,-6.423566,1163.967285,328.568726,170.448746,1060.679077,178.303253,181.080261,1151.548706,150.69043,207.166229,1039.706543,126.897499,45.881935,1053.338989,-126.536385,-151.909103,1067.645508,-143.179199,-179.065353,1078.165771,125.472275,31.761635,1075.409546,143.502274
5.858,9.935073,1671.238281,12.357534,68.84758,1621.108398,89.036453,-50.0522,1605.202637,72.12178,-127.583473,1436.286987,-32.843277,-188.906326,1262.272705,-83.87709,-205.167252,1264.527222,29.977762,75.596069,1301.062256,32.081543,-116.785088,1327.292114,-176.031403,33.893265,1396.610718,-150.83548,22.943884,1185.950073,-240.72287,91.618912,1090.151489,-244.806107,164.765808,938.793701,-49.030647,171.017044,1012.194641,12.681973,140.148254,901.082703,8.707468,-183.514984,1348.685547,103.819839,-31.312138,1429.30249,133.157455,-70.127625,1290.661621,263.431763,-13.136969,1164.733398,330.443695,169.848251,1061.005371,184.363068,181.556183,1152.456787,160.600204,209.79895,1040.580078,137.49826,45.829216,1054.032593,-126.579178,-152.011032,1069.301758,-142.811768,-177.998123,1079.607178,126.019897,32.632298,1076.247192,143.309769
5.867,8.909244,1672.771362,11.389424,68.394302,1623.265991,88.106071,-50.346886,1606.624268,71.175392,-127.015907,1437.05127,-32.739136,-188.291931,1263.152588,-83.381622,-204.568741,1265.394287,30.258629,76.248146,1302.477295,31.863749,-116.903984,1328.307739,-175.807373,33.857971,1397.698853,-151.377945,21.686651,1186.793213,-240.659485,90.175369,1090.940063,-245.262405,164.573441,940.053223,-49.764099,170.250565,1012.646057,13.290952,140.638519,902.264648,8.362027,-183.566162,1349.342773,103.508316,-31.522869,1429.685669,133.819351,-74.079407,1290.991577,263.445923,-19.910757,1165.41272,332.12085,168.644272,1062.376343,193.510773,181.610046,1153.037598,170.498734,212.758057,1041.509521,148.558884,45.765484,1054.661499,-126.675278,-152.097137,1070.935913,-142.327698,-176.860962,1081.150146,126.570236,33.522602,1077.130737,143.049393
5.875,8.083876,1674.280273,10.507884,67.964401,1625.304199,87.182686,-50.918415,1607.749023,70.181145,-126.562683,1437.818604,-32.506012,-187.75206,1264.040527,-82.953812,-203.94165,1266.00769,30.536348,76.918312,1303.880981,31.811096,-116.981827,1329.253418,-175.417862,33.849854,1398.789551,-151.883316,20.261391,1187.680664,-240.651535,88.571053,1091.777466,-245.862076,164.19278,941.205566,-50.335686,169.347076,1014.36438,12.811231,140.493546,903.588135,7.742801,-183.424545,1349.904297,103.195862,-31.700033,1430.150146,134.614822,-77.787636,1291.288208,263.411407,-26.685997,1166.220581,333.674316,167.318329,1063.223267,202.583221,181.524628,1153.62146,180.32666,215.564804,1042.116577,160.693939,45.696754,1055.169189,-126.716957,-152.163589,1072.450317,-141.873322,-175.748337,1082.594971,127.123039,33.556667,1076.770874,142.97142
5.883,7.138329,1675.651611,9.358109,67.583809,1627.399292,86.343605,-51.207607,1609.051636,69.552895,-126.0933,1438.573608,-32.400723,-187.205933,1265.015015,-82.514015,-203.223145,1266.57959,30.768816,77.605202,1305.168701,31.748577,-117.084358,1330.101807,-175.042511,33.806068,1400.033447,-152.45932,18.995428,1188.477173,-240.650848,87.19165,1092.577148,-246.322617,163.90448,942.577332,-51.103996,169.601685,1016.623596,10.414301,140.452393,904.798645,7.200602,-183.093704,1350.318481,102.907829,-31.705204,1430.758301,135.266083,-81.426147,1291.581665,263.237762,-33.435902,1166.95105,335.048645,165.300049,1064.264526,212.046677,180.641388,1153.637695,189.986176,217.363678,1042.309326,172.852615,45.523697,1055.729004,-126.807289,-152.269684,1073.888184,-141.436325,-174.676941,1084.049561,127.705696,36.104237,1079.001953,142.476715
5.892,6.389776,1677.009888,8.386572,67.23632,1629.315918,85.5905,-51.570381,1610.358276,69.125366,-125.551819,1439.23877,-32.115135,-186.615372,1265.747314,-81.930275,-202.492599,1267.144409,31.185181,78.183975,1306.44104,31.706779,-117.179184,1331.097412,-174.638306,33.785191,1401.080078,-152.789261,17.622248,1189.376953,-240.592636,85.624352,1093.449585,-246.979141,163.509949,943.656189,-51.865154,169.139236,1017.801147,9.515412,140.540756,906.006958,6.715087,-182.595261,1350.7854,102.753738,-31.659889,1431.336914,136.133041,-84.835831,1291.989258,263.070007,-40.138187,1167.778687,336.261444,163.248932,1064.782837,221.804398,179.695374,1153.667603,199.706818,219.058395,1042.58252,185.756943,45.30484,1056.270508,-126.973946,-152.337021,1075.275024,-141.040634,-173.60643,1085.427246,128.214508,37.172062,1079.626709,142.178986
5.9,5.776488,1678.19458,7.682201,66.945892,1631.118896,84.790527,-51.772789,1611.481201,68.958794,-125.078217,1439.862915,-31.846624,-185.905121,1266.425415,-81.459038,-201.727234,1267.741821,31.545521,78.853691,1307.715088,31.656507,-117.258987,1331.823608,-174.220703,33.834042,1402.111328,-153.255417,16.344976,1190.228394,-240.645523,84.179359,1094.30542,-247.581955,163.352844,944.762756,-52.251995,168.739212,1019.036438,8.608524,140.677597,906.551758,5.810034,-182.051727,1351.313477,102.611046,-31.463358,1431.908203,136.949432,-88.116264,1292.309692,262.243958,-46.713787,1168.626587,337.321198,161.047745,1064.828857,231.74559,178.677765,1153.677002,209.422791,220.057907,1042.448853,198.927902,45.219036,1056.575195,-127.037186,-152.41069,1076.496216,-140.571793,-172.474701,1086.677856,128.849228,38.295544,1080.295654,141.736176
5.908,5.074373,1679.599365,6.830431,66.683723,1632.917969,83.977745,-51.873287,1612.810547,68.430634,-124.569763,1440.493774,-31.468798,-185.263718,1267.016846,-80.856316,-200.96788,1268.30481,31.936731,79.57341,1308.879395,31.511511,-117.335182,1332.558838,-173.771637,33.76709,1403.119629,-153.591599,15.091619,1191.061523,-240.569519,82.824013,1095.044067,-248.186203,162.976334,945.841492,-53.249527,168.302353,1020.202148,7.768227,141.105057,907.106445,4.744531,-181.500198,1351.821533,102.521561,-31.149237,1432.363647,137.709641,-91.193382,1292.831787,261.939484,-53.172134,1169.408569,338.228821,158.751389,1064.61084,241.655167,177.170715,1153.386475,219.38121,220.198288,1042.138306,213.84848,45.056625,1056.859619,-127.229828,-152.373703,1077.701904,-140.141052,-171.312546,1087.874146,129.392105,39.391777,1080.723145,141.364258
5.917,4.346474,1680.718628,6.194249,66.337662,1634.495483,83.280579,-52.050381,1613.765869,68.419884,-123.978424,1441.03772,-31.112005,-184.742737,1267.682373,-80.307785,-200.193481,1268.743408,32.449894,80.197098,1309.971558,31.286791,-117.392174,1333.37146,-173.299911,33.706791,1403.991211,-153.846527,13.99723,1191.894531,-240.685257,81.334007,1095.833862,-248.897903,162.558167,946.791992,-54.03904,167.80246,1021.303772,6.803167,140.738419,908.568726,3.962867,-180.897354,1352.30896,102.573479,-30.822313,1432.649536,138.570908,-94.214684,1293.386597,261.727295,-59.418331,1170.165283,338.967133,156.281937,1064.181763,251.347214,175.592896,1152.904419,229.192947,219.655487,1041.737793,227.046646,44.913815,1057.007324,-127.499969,-152.398178,1078.724609,-139.595978,-170.221436,1088.965332,129.91185,40.552273,1081.101562,140.942337
5.925,3.649573,1681.81543,5.564893,65.895241,1636.159058,82.618378,-52.307171,1614.630493,67.833511,-123.408081,1441.645264,-30.760696,-184.221588,1268.322876,-79.719177,-199.295242,1269.187134,32.930538,80.846916,1310.78064,31.043749,-117.525963,1334.063965,-172.933624,33.711514,1404.778198,-154.158737,13.008705,1192.675049,-240.736557,80.078529,1096.500122,-249.512024,162.22905,947.474365,-54.661797,167.226852,1022.061096,6.105745,140.487289,909.453674,3.442314,-180.287735,1352.719604,102.807632,-30.30057,1432.844971,139.228485,-97.124321,1294.079834,261.533752,-65.284149,1171.016846,339.536591,152.859238,1063.687134,261.448395,173.824203,1152.182495,239.083679,218.29126,1040.965454,240.783432,44.692402,1057.116211,-127.707825,-152.374985,1079.718506,-139.057709,-169.01445,1089.874878,130.447372,41.655483,1081.496582,140.504395
5.933,2.943041,1682.976929,4.989715,65.553711,1637.705811,82.035194,-52.631977,1615.561279,66.921272,-122.895172,1442.244263,-30.36294,-183.69371,1269.056152,-79.228371,-198.49675,1269.629639,33.399521,81.566299,1311.382812,30.969242,-117.62336,1334.719482,-172.447037,33.730534,1405.488281,-154.416107,12.001961,1193.545532,-240.883118,78.718231,1097.102295,-250.197083,161.986252,948.059448,-55.567909,166.996323,1022.827393,5.37712,140.443237,910.196838,2.806078,-179.681854,1353.051025,102.907494,-29.547693,1432.833984,139.992981,-99.959114,1294.794189,261.429321,-71.3433,1171.923218,340.277161,149.272263,1063.118774,271.69928,171.841812,1151.234985,248.782593,216.201279,1039.775757,254.730759,44.492012,1057.324707,-127.984642,-152.396179,1080.653931,-138.596313,-168.072815,1090.795288,131.275024,42.797588,1081.655029,140.017639
5.942,2.238139,1683.785889,4.317378,65.341118,1639.240601,81.342094,-52.940216,1616.366577,66.581612,-122.340195,1442.734497,-29.924147,-183.011871,1269.568359,-78.531334,-197.72699,1270.034302,33.960896,82.264755,1311.937744,30.879379,-117.677391,1335.424072,-171.976929,33.670303,1406.217041,-154.600922,11.067678,1194.273071,-241.177261,77.430382,1097.626831,-250.845917,161.414017,949.150146,-56.767838,166.292175,1023.50531,4.72451,140.411499,911.007202,2.062292,-178.882385,1353.375854,103.190231,-29.040905,1432.944702,140.794617,-102.671051,1295.539673,261.347046,-77.182236,1172.98584,340.802826,145.452942,1062.49646,281.731995,169.71582,1150.049683,258.352631,213.348541,1038.622559,268.563782,44.296246,1057.493408,-128.297775,-152.44191,1081.48877,-138.007782,-167.249161,1091.315308,132.4729,43.941212,1081.750244,139.590927
5.95,1.441501,1684.70752,3.64085,65.036926,1640.65625,80.742142,-53.288857,1617.099487,66.400833,-121.701653,1443.20105,-29.554375,-182.449692,1270.084839,-77.885696,-196.958328,1270.44043,34.611229,82.926903,1312.313721,30.777197,-117.741028,1336.060059,-171.580231,33.722157,1406.791138,-154.787079,10.386203,1194.859131,-241.371246,76.271271,1098.149536,-251.514343,161.092499,949.636475,-57.634884,165.826019,1024.049316,4.679953,140.494339,911.473328,1.238299,-178.205002,1353.681396,103.525681,-28.537003,1432.956909,141.525101,-105.273834,1296.328491,261.219116,-82.694168,1174.123535,341.331818,141.34639,1061.662964,291.016174,167.259995,1148.649536,267.830688,209.787079,1037.472046,283.199585,44.146053,1057.536743,-128.698654,-152.434082,1082.262695,-137.361465,-165.58873,1092.219482,132.344879,45.135117,1081.882568,139.129242
5.958,0.795709,1685.549194,3.062437,64.726425,1642.04126,80.191376,-53.424641,1617.766602,66.062126,-121.083961,1443.567383,-29.155073,-181.940231,1270.575195,-77.228058,-196.162247,1270.72229,35.167561,83.713966,1312.678833,30.675806,-117.758179,1336.653198,-171.187363,33.785587,1407.25769,-154.908813,9.572649,1195.561157,-241.726212,75.028786,1098.532593,-252.235657,160.745239,950.125793,-58.721191,165.486908,1024.918823,2.111176,140.547394,911.652039,0.270463,-177.678833,1354.056885,103.722794,-28.051304,1432.925171,142.193405,-107.703751,1297.131714,260.978333,-87.786629,1175.484131,342.085236,136.874054,1060.35022,300.174347,164.644028,1146.930054,276.858582,205.51506,1035.89624,296.932739,44.030483,1057.578857,-129.120789,-152.487106,1083.032104,-136.732269,-164.412933,1092.905273,133.119934,46.334637,1081.923096,138.640625
5.967,0.120421,1686.353394,2.624899,64.364761,1643.282593,79.629524,-53.49287,1618.607422,65.961891,-120.517982,1443.898926,-28.637522,-181.485809,1271.029541,-76.554222,-195.405136,1270.942993,35.798351,84.251328,1312.888428,30.553583,-117.754593,1337.288696,-170.636993,33.926006,1407.686401,-155.028152,8.842482,1196.159424,-242.075241,73.889946,1098.853394,-252.881821,160.178909,950.697449,-59.905449,164.865463,1025.181274,1.036915,140.429565,911.986511,-1.032485,-177.114731,1354.386353,103.941811,-27.367682,1432.786743,142.929596,-110.123367,1297.86377,260.660217,-92.805702,1177.008667,342.675385,131.970261,1059.082764,309.216766,161.676773,1144.856079,285.533234,200.225693,1034.151123,310.448517,44.015274,1058.123047,-131.681519,-152.544052,1083.671021,-136.191757,-163.253906,1093.575317,133.800522,47.616657,1081.873047,138.189484
5.975,-0.480366,1686.948608,2.163464,64.107941,1644.424438,79.092079,-53.633453,1619.320557,65.984055,-120.053703,1444.321289,-28.205017,-180.886185,1271.41687,-75.722855,-194.759583,1271.164673,36.326859,84.745163,1312.973267,30.482634,-117.707909,1337.799683,-170.212906,34.073746,1408.079468,-155.074203,8.160817,1196.68103,-242.435196,72.751343,1099.297485,-253.48819,159.76062,950.662598,-60.888172,164.257904,1025.267944,0.252921,140.5681,911.683533,-1.916647,-176.539474,1354.677734,104.299492,-26.735228,1432.793213,143.784058,-112.378403,1298.624146,260.266785,-97.50592,1178.854736,343.586365,126.500473,1057.562256,318.440308,158.361115,1142.275757,293.85498,194.581985,1032.047852,323.156372,43.764191,1058.01355,-131.760437,-152.608017,1084.327637,-135.700989,-161.838989,1094.081177,134.287216,48.935665,1081.813599,137.73848
5.983,-1.11265,1687.615967,1.570137,63.963318,1645.627319,78.581871,-53.742268,1619.802368,66.058739,-119.637833,1444.691772,-27.875332,-180.619461,1271.843018,-75.301804,-193.977341,1271.40564,36.929394,85.287933,1312.973267,30.374409,-117.682175,1338.210938,-169.729614,34.191875,1408.386108,-155.060867,7.414173,1197.14502,-242.947769,71.63694,1099.606079,-254.177719,159.273636,950.598938,-61.972237,164.071564,1025.17688,-0.755018,140.496918,911.725342,-2.985586,-176.067551,1354.915894,104.564781,-26.183891,1432.668823,144.321121,-114.310951,1299.394409,259.788452,-102.043663,1180.928955,344.422729,120.817139,1056.000122,327.232666,154.696411,1139.545654,301.573303,188.149734,1030.00061,335.339478,43.714333,1057.925415,-132.121124,-152.747574,1084.942993,-135.090866,-160.588394,1094.685547,135.016434,50.180546,1081.742065,137.237091
5.992,-1.742306,1688.160156,1.315081,63.83054,1646.606079,78.080421,-53.82143,1620.223267,66.087074,-119.291733,1445.068604,-27.296045,-180.01593,1272.187866,-74.457649,-193.31308,1271.607056,37.467632,85.746696,1312.914185,30.245777,-117.666313,1338.632324,-169.32016,34.29636,1408.655884,-155.047256,6.653147,1197.705322,-243.404526,70.59272,1099.884766,-254.771469,158.504166,950.706726,-63.22662,163.890656,1024.99939,-1.74134,140.334137,911.55658,-3.954132,-175.455414,1355.138184,104.852821,-25.643776,1432.589478,144.805252,-116.165596,1300.300171,259.417999,-106.491753,1183.179565,345.639984,114.615845,1054.426758,335.723358,150.709412,1136.707642,308.890106,180.958923,1028.114624,347.031372,43.576077,1057.766113,-132.288284,-152.871063,1085.458862,-134.529083,-159.278915,1095.192627,135.507278,51.259602,1081.811523,136.817673
6.0,-2.253165,1688.614136,0.964986,63.691193,1647.559814,77.765663,-53.865955,1620.577148,65.992706,-118.912811,1445.418091,-26.837198,-179.55867,1272.483154,-73.799461,-192.673645,1271.796021,38.087887,86.137299,1312.85083,30.121019,-117.641479,1339.070801,-168.90567,34.352978,1408.925903,-154.991409,5.966893,1198.052612,-243.643143,69.551399,1100.184082,-255.393738,157.961807,950.577942,-64.229729,163.685715,1024.866943,-2.864144,139.778793,911.598877,-5.249002,-174.924225,1355.356689,105.18045,-25.18482,1432.436279,145.390106,-117.961502,1301.23645,258.973816,-110.66172,1185.641968,346.899261,108.094681,1052.998901,344.078918,146.621918,1133.899536,315.611481,173.316116,1025.85144,357.469391,43.397354,1057.626343,-132.466324,-152.992249,1085.916504,-134.057388,-158.002441,1095.64917,136.254089,52.473606,1081.565796,136.421539
6.008,-2.716697,1689.084351,0.754009,63.650616,1648.428833,77.402939,-53.907257,1620.896118,65.773254,-118.54303,1445.669067,-26.39267,-179.255066,1272.861694,-73.264809,-192.047256,1271.838867,38.758121,86.485138,1312.781372,30.049524,-117.684937,1339.49231,-168.42865,34.472763,1409.175903,-154.922684,5.247716,1198.422119,-243.912003,68.497383,1100.451416,-255.99324,157.199158,950.652161,-65.646156,163.560425,1024.570801,-3.876805,139.443146,911.41925,-6.393946,-174.504028,1355.525024,105.473579,-24.773113,1432.304443,145.861847,-119.584923,1302.216797,258.680542,-114.778915,1188.292725,348.140289,101.371689,1051.5979,351.521362,142.16008,1130.858765,321.731415,165.336594,1023.214844,366.740875,43.23053,1057.485962,-132.578079,-153.047684,1086.355103,-133.638855,-156.845444,1096.030396,136.75798,54.184994,1081.067139,135.716003
6.017,-3.098094,1689.446411,0.725787,63.530029,1649.115356,77.167763,-53.914921,1621.299316,65.892334,-118.224098,1445.890137,-25.984476,-178.977936,1273.079102,-72.636925,-191.578522,1271.953003,39.281593,86.803185,1312.713745,30.072277,-117.73909,1339.802002,-167.965469,34.399452,1409.37793,-154.90062,4.463491,1198.77478,-244.172821,67.426804,1100.686035,-256.479279,156.607971,950.418335,-66.666855,163.518158,1024.20105,-4.953318,139.083664,911.138977,-7.482645,-174.131393,1355.670654,105.793686,-24.282152,1432.185303,146.422958,-121.171021,1303.408447,258.521576,-118.815086,1191.088623,349.774048,94.180267,1050.275635,358.416138,137.626389,1127.867065,327.162384,156.834015,1020.613098,375.419464,43.049831,1057.44458,-132.800369,-153.136398,1086.839355,-133.13472,-155.559189,1096.39624,137.401962,54.762524,1081.278564,135.375946
6.025,-3.467812,1689.752808,0.673941,63.464985,1649.647949,76.988342,-53.846104,1621.628784,66.030022,-117.819641,1446.078247,-25.497257,-178.712448,1273.281006,-72.060104,-191.179657,1272.103027,39.776043,87.125259,1312.682861,30.20521,-117.806267,1340.022095,-167.52713,34.408634,1409.594116,-154.84964,3.66474,1199.12439,-244.329773,66.365189,1100.898315,-256.985687,156.0009,950.03894,-67.834587,163.572128,1023.715515,-6.022967,138.433273,910.704956,-8.857216,-173.824066,1355.774048,106.160187,-23.942421,1432.094482,146.919907,-122.622604,1304.689453,258.442017,-122.708122,1194.055298,351.421051,86.854759,1049.036377,364.820312,132.814713,1124.637939,331.946655,148.320389,1018.006653,382.762878,42.935883,1057.364136,-132.936127,-153.203384,1087.237183,-132.725433,-154.486237,1096.690552,137.95903,55.966431,1081.344604,134.795425
6.033,-3.684335,1689.996948,0.675853,63.464844,1650.138306,76.937782,-53.759499,1621.867188,66.252159,-117.563515,1446.266113,-25.079266,-178.45787,1273.420898,-71.498726,-190.606064,1272.022217,40.422241,87.306076,1312.675415,30.282541,-117.943237,1340.189087,-167.08136,34.321552,1409.694458,-154.774765,2.879477,1199.394287,-244.304031,65.322449,1101.095947,-257.514832,155.330048,949.67041,-69.140175,163.703049,1023.318054,-7.077494,137.598923,910.402771,-8.991898,-173.474747,1355.845215,106.533264,-23.698912,1432.062378,147.407471,-124.284653,1306.209717,258.665375,-126.392677,1197.107422,353.088104,79.576538,1047.808716,370.624969,127.791344,1121.378418,335.837067,139.389023,1015.485413,389.432861,42.840317,1057.296265,-133.091156,-153.263824,1087.573853,-132.327316,-153.710098,1096.803345,138.787964,57.065765,1081.483398,134.527145
6.042,-3.837268,1690.186279,0.786829,63.590534,1650.533081,76.90226,-53.620098,1622.041748,66.614914,-117.378685,1446.427002,-24.688923,-178.288437,1273.509888,-70.884468,-190.179672,1271.937378,40.958549,87.486038,1312.720703,30.292597,-118.108414,1340.320679,-166.621353,34.175613,1409.777222,-154.724533,2.025885,1199.571045,-244.290543,64.26651,1101.180664,-257.860168,154.761383,949.390442,-70.111664,163.901688,1022.821655,-8.159571,137.233475,910.016785,-9.836699,-173.182236,1355.86145,106.891151,-23.488964,1432.002197,147.740845,-125.595673,1307.733643,258.934784,-130.014099,1200.284302,354.989166,72.165718,1046.68689,375.567047,122.504372,1118.031372,339.013519,130.435822,1012.915344,394.940155,42.772369,1057.246704,-133.20961,-153.237747,1087.806763,-131.930283,-152.546188,1097.19104,139.16037,58.786121,1082.136108,134.658997
6.05,-3.889589,1690.328857,0.948775,63.797726,1650.864136,76.951309,-53.443356,1622.220825,67.091103,-117.225449,1446.504883,-24.258051,-178.15271,1273.558472,-70.30687,-189.723358,1271.816162,41.570244,87.707359,1312.862793,30.299847,-118.336739,1340.408691,-166.173935,33.918045,1409.799316,-154.683655,1.24173,1199.733643,-244.195908,63.088894,1101.275269,-258.315796,154.076843,949.164856,-71.327461,164.170837,1022.459839,-9.409678,136.791367,909.619141,-11.033147,-172.95314,1355.919189,107.234047,-23.323053,1431.973755,148.092041,-127.246704,1309.623779,259.45932,-133.526581,1203.636719,356.766418,64.622742,1045.696045,379.87973,117.114471,1114.830933,341.374084,121.333702,1010.375366,399.576965,42.760788,1057.191284,-133.333786,-153.173843,1088.005127,-131.510025,-151.587585,1097.290283,139.622192,59.959705,1082.456177,134.408417
6.058,-3.846838,1690.435669,1.182153,64.073494,1651.074219,77.045082,-53.248772,1622.283447,67.376801,-117.064896,1446.561035,-23.887573,-178.032654,1273.566772,-69.775467,-189.422775,1271.730225,42.061718,87.953758,1313.060791,30.312904,-118.617226,1340.44873,-165.731247,33.65403,1409.80835,-154.607925,0.342531,1199.791138,-244.111298,61.936489,1101.416992,-258.670044,153.54512,948.855103,-72.355904,164.300598,1021.872864,-10.501407,136.479752,909.303833,-12.340805,-172.786026,1355.963867,107.589432,-23.167168,1432.003906,148.439499,-128.433746,1311.51709,259.985138,-136.798172,1207.093384,358.608765,56.989902,1044.744995,383.37851,111.493988,1111.567261,343.138336,112.225273,1007.791016,402.799103,42.752934,1057.162598,-133.426712,-153.11792,1088.136841,-131.069839,-150.724594,1097.463867,140.237595,60.778587,1082.60022,134.333862
6.067,-3.724916,1690.506714,1.491001,64.396622,1651.174805,77.180107,-52.97282,1622.388184,67.74279,-117.044098,1446.606689,-23.463266,-177.839264,1273.398682,-69.150391,-189.18515,1271.609131,42.565018,88.211067,1313.227905,30.389833,-118.983444,1340.436646,-165.233154,33.312523,1409.79126,-154.535645,-0.555303,1199.799438,-243.893402,60.739773,1101.448608,-258.957062,153.12825,948.242859,-73.365417,164.630829,1021.500916,-11.562735,136.380829,909.090332,-13.391755,-172.565079,1356.010132,107.969185,-23.052614,1432.053223,148.755295,-129.932709,1313.510742,260.671021,-140.013107,1210.538818,360.407715,49.424404,1043.672485,385.819336,105.584389,1108.352661,344.431885,103.170258,1005.040405,404.80896,42.842911,1057.222534,-133.469223,-153.036423,1088.213745,-130.647278,-149.834,1097.512695,140.666107,61.95673,1082.971802,134.213303
6.075,-3.470527,1690.551392,1.936051,64.79985,1651.18396,77.405441,-52.614311,1622.45874,68.249069,-116.973404,1446.617676,-23.133842,-177.862,1273.249023,-68.543358,-188.835907,1271.439209,43.116791,88.412727,1313.4375,30.519175,-119.4142,1340.369629,-164.695923,32.947628,1409.748169,-154.447617,-1.529983,1199.86438,-243.787735,59.511276,1101.489014,-259.345032,152.701324,948.07666,-74.644203,164.974945,1021.003479,-12.624232,136.185226,908.726196,-14.158662,-172.467102,1356.035522,108.35688,-22.969578,1432.154907,149.071503,-131.209015,1315.72583,261.305145,-143.02356,1214.007324,362.042664,41.863472,1042.678467,387.532104,99.715683,1105.120361,344.834717,93.979073,1002.026917,405.558228,42.920731,1057.25415,-133.489944,-152.882217,1088.22644,-130.190247,-148.94957,1097.42627,141.139786,62.911308,1083.309692,134.129501
6.083,-3.058886,1690.565063,2.50938,65.234299,1651.081909,77.685493,-52.01643,1622.568726,69.302803,-117.040688,1446.608276,-22.764717,-177.891434,1273.119751,-67.997322,-188.535736,1271.268555,43.560928,88.528633,1313.654053,30.707148,-119.93261,1340.241821,-164.146957,32.520439,1409.663452,-154.308548,-2.523695,1199.918457,-243.699356,58.361015,1101.452515,-259.592743,152.26329,947.822693,-75.600349,165.283752,1020.637634,-13.682645,135.91774,908.508789,-15.224986,-172.416656,1356.046265,108.688988,-22.906521,1432.260742,149.31459,-132.25885,1317.869141,262.012268,-145.838364,1217.394653,363.553375,34.406994,1041.508057,388.223419,93.717018,1101.827393,344.705322,85.16053,999.140015,405.948883,42.994129,1057.307617,-133.501282,-152.752365,1088.180054,-129.739258,-148.197662,1097.364136,141.551895,63.586964,1083.481567,134.032059
6.092,-2.645422,1690.567383,3.001067,65.758743,1650.889038,78.023102,-51.521889,1622.573975,69.94928,-117.101799,1446.56189,-22.458044,-177.951599,1272.954224,-67.470604,-188.539337,1271.282837,43.916759,88.58905,1313.925781,30.933764,-120.372803,1340.051392,-163.636047,32.004143,1409.545532,-154.13475,-3.58617,1199.771606,-243.402817,57.149715,1101.437744,-259.890839,151.842072,947.597717,-76.488937,165.600266,1020.359985,-14.654976,135.741333,908.243896,-16.238403,-172.377747,1356.039917,108.981613,-22.892075,1432.398071,149.563324,-133.638977,1320.267578,262.914734,-148.5177,1220.63623,364.822662,26.958441,1040.296631,388.207123,87.657501,1098.702881,343.913574,76.162109,996.001465,404.48642,43.097351,1057.367676,-133.46434,-152.627167,1088.072388,-129.24176,-147.551514,1097.236816,141.905029,64.224518,1083.65979,134.000183
6.1,-2.159741,1690.473267,3.589396,66.367546,1650.504517,78.522041,-51.019772,1622.445801,70.382111,-117.179703,1446.467529,-22.145523,-178.0681,1272.724365,-66.911369,-188.437653,1271.071777,44.410858,88.569443,1314.13208,31.101685,-120.867714,1339.777588,-163.118362,31.437674,1409.344849,-153.980316,-4.6184,1199.760498,-243.338531,55.95187,1101.389771,-260.334869,151.432297,947.322876,-77.483818,165.854248,1020.090698,-15.618035,135.598419,908.01178,-16.975092,-172.386566,1356.02063,109.263496,-22.89172,1432.547974,149.762589,-134.64537,1322.559326,263.662109,-150.934433,1223.639526,366.025269,19.772324,1038.787842,387.264282,81.606377,1095.493042,342.559052,67.243088,992.398376,402.259583,43.191223,1057.448242,-133.372482,-152.504044,1087.88208,-128.788315,-146.910675,1097.114502,142.461044,65.133324,1084.258911,134.23056
6.108,-1.524833,1690.290649,4.07282,67.106659,1650.04541,78.874939,-50.477531,1622.34375,70.987305,-117.290985,1446.328247,-21.879133,-178.233536,1272.449341,-66.421013,-188.419952,1270.858154,44.860867,88.513855,1314.326416,31.279982,-121.36586,1339.360229,-162.598892,30.889532,1409.159546,-153.886581,-5.669101,1199.561768,-243.15033,54.811749,1101.275146,-260.502533,151.094833,947.094299,-78.411865,166.068939,1019.780762,-16.627701,135.519974,907.88269,-17.642521,-172.449142,1356.010742,109.565338,-22.935965,1432.710327,149.910995,-135.332443,1324.503418,264.273407,-153.310898,1226.314575,367.0242,12.578013,1037.075684,385.74765,75.529747,1092.220093,340.611877,58.583233,988.772034,398.722565,43.299843,1057.520386,-133.217148,-152.469269,1087.608887,-128.409027,-146.344482,1096.865112,142.921066,64.974968,1083.999634,134.081238
6.117,-0.689185,1690.096924,4.852884,67.821655,1649.496216,79.329819,-49.899235,1622.189331,71.655716,-117.447784,1446.121704,-21.624306,-178.442841,1272.106445,-65.922173,-188.469635,1270.677734,45.255943,88.644943,1314.653931,31.639357,-121.940086,1338.878174,-162.005341,30.213915,1408.891113,-153.726181,-6.689013,1199.303223,-242.964645,53.578564,1101.096313,-260.757965,150.631866,946.773499,-79.032143,166.160095,1019.569641,-17.495216,135.450409,907.798889,-18.231688,-172.5569,1355.993652,109.877647,-23.071726,1432.9198,150.154175,-136.014862,1326.197021,264.846161,-155.050461,1228.689941,367.643921,5.548593,1035.046997,383.553558,69.531113,1088.87439,338.031677,50.135708,984.918396,394.675629,43.327221,1057.597534,-133.016327,-152.489471,1087.297241,-127.985046,-145.916672,1096.595337,143.376068,65.453133,1084.176392,134.383514
6.125,0.151322,1689.879395,5.535494,68.539932,1648.872314,79.860397,-49.18034,1622.049805,72.64257,-117.65332,1445.900024,-21.383581,-178.693283,1271.689941,-65.475777,-188.544815,1270.478394,45.697819,88.664902,1314.918945,32.112858,-122.473557,1338.393799,-161.487885,29.583359,1408.534546,-153.523163,-7.685455,1199.001221,-242.742416,52.433174,1100.90686,-261.045868,150.147598,946.65448,-79.648972,166.202209,1019.374939,-18.266779,135.271317,907.564331,-18.661686,-172.706543,1355.961914,110.132683,-23.32023,1433.126709,150.440079,-136.541733,1327.887573,265.213867,-156.618271,1230.666626,368.213196,-1.244721,1032.898193,380.670532,63.677341,1085.499023,334.914276,41.660477,980.968445,389.44754,43.219006,1057.651001,-132.746979,-152.552109,1086.882202,-127.483208,-145.632187,1096.237549,143.828491,65.8442,1084.47522,134.921539
6.133,0.853434,1689.585083,6.224666,69.378868,1648.191895,80.479286,-48.584976,1621.756836,73.189316,-117.770798,1445.572754,-21.342102,-178.883209,1271.109009,-64.977127,-188.68898,1270.231445,46.094841,88.12632,1314.787842,31.868332,-123.056206,1337.764648,-160.938904,28.990309,1408.157471,-153.275955,-8.731597,1198.740234,-242.733292,51.422245,1100.711304,-261.366089,149.559738,946.476013,-80.321678,166.17511,1019.155762,-19.061405,134.914688,907.382935,-19.256659,-172.858902,1355.915405,110.398155,-23.574717,1433.287231,150.67807,-137.038315,1329.096802,265.645569,-157.864868,1232.259033,368.471985,-7.818784,1030.708618,377.172913,57.965199,1082.141357,331.192963,33.286724,976.985474,383.547729,43.05418,1057.737427,-132.434647,-152.631744,1086.422607,-127.030106,-145.445099,1095.83667,144.351166,66.093285,1084.655396,135.444809
6.142,1.820864,1689.206909,7.035567,70.316238,1647.316406,81.056297,-47.972588,1621.471558,73.807655,-118.073448,1445.240356,-21.158957,-179.215988,1270.567261,-64.504265,-188.961731,1269.915283,46.457733,87.876503,1314.938843,32.054928,-123.54792,1337.101562,-160.475449,28.37384,1407.668945,-153.006927,-9.619253,1198.363892,-242.52774,50.366798,1100.420654,-261.837585,148.926224,946.215027,-80.77375,165.999222,1018.915405,-19.806297,134.54715,907.30072,-19.767838,-173.212372,1355.774048,110.648087,-23.872353,1433.364014,150.840027,-137.492371,1330.091309,266.033173,-158.996506,1233.353271,368.562988,-13.954845,1028.094849,373.068726,52.467728,1078.731689,327.038452,25.174644,973.075378,376.846375,42.785313,1057.648193,-132.16188,-152.790634,1085.884766,-126.538101,-145.345367,1095.363403,144.790329,66.351303,1084.953369,136.5793
6.15,2.830358,1688.794067,7.924275,71.087303,1646.342651,81.7911,-47.245872,1621.132812,74.262878,-118.359398,1444.9198,-20.997585,-179.580643,1269.99646,-64.097298,-189.163193,1269.352783,46.953506,87.599304,1315.015259,32.197384,-124.108376,1336.307007,-160.080215,27.672295,1407.116089,-152.761063,-10.452758,1197.943848,-242.403793,49.503757,1100.079346,-262.007935,148.319992,945.794006,-81.182579,165.911697,1018.462036,-20.504618,134.163895,907.157166,-20.271446,-173.536789,1355.61438,110.897987,-24.217957,1433.317383,150.958572,-137.868393,1330.803223,266.253143,-159.878082,1234.046509,368.577209,-20.011992,1025.539307,368.4776,47.225765,1075.215942,322.348938,17.169184,969.278259,369.563416,42.547039,1057.446167,-131.786179,-153.02002,1085.234863,-126.030685,-145.342331,1094.811157,145.200211,66.372871,1085.001587,137.209381
6.158,3.784634,1688.224243,8.783627,71.919731,1645.291016,82.467377,-46.264622,1620.859131,75.433594,-118.784821,1444.564331,-20.826952,-180.002197,1269.39624,-63.78051,-189.501495,1268.950439,47.191376,87.25692,1315.05542,32.367073,-124.728531,1335.523315,-159.71933,26.975895,1406.545898,-152.420135,-11.193941,1197.445312,-242.279358,48.728977,1099.664551,-262.232605,147.72139,945.296082,-81.688385,165.797653,1018.071411,-21.122736,133.693497,906.573364,-20.173824,-173.957321,1355.378296,111.117035,-24.554909,1433.136353,151.05481,-138.171982,1331.166016,266.443207,-160.357193,1234.250854,368.54538,-25.784243,1022.932556,363.291046,41.89872,1071.675659,317.171661,9.365244,965.419189,361.704773,42.269039,1057.359741,-131.47963,-153.318619,1084.551636,-125.548843,-145.436874,1094.243286,145.54982,66.076294,1084.767334,136.961243
6.167,4.931951,1687.667969,9.631994,72.832726,1644.15564,83.121277,-45.640385,1620.45874,75.941628,-119.25338,1444.086426,-20.644426,-180.413208,1268.748047,-63.502922,-189.909927,1268.526489,47.421879,86.904808,1314.906738,32.526257,-125.29512,1334.724121,-159.440674,26.279409,1405.860596,-152.168594,-11.855733,1196.89209,-242.230927,47.982212,1099.186768,-262.48468,147.037018,944.798645,-81.979095,165.621765,1017.614136,-21.58679,133.086884,906.05835,-19.9872,-174.329742,1355.038086,111.33432,-24.953733,1432.790283,151.10762,-138.365723,1331.180908,266.624146,-160.617294,1234.107056,368.437866,-31.312981,1020.063049,357.812256,36.854359,1068.176025,311.455933,0.787926,962.171753,351.694122,41.950409,1057.146973,-131.155533,-153.561508,1083.772583,-125.025558,-145.630005,1093.640625,145.896057,65.863388,1084.659424,137.286819
6.175,6.106992,1687.109497,10.595456,73.662285,1642.902954,83.889336,-45.088627,1620.006714,76.493088,-119.693718,1443.590088,-20.499475,-180.839737,1267.923584,-63.186474,-190.315231,1268.012207,47.656952,86.573631,1314.637451,32.664177,-125.884384,1333.849365,-159.162354,25.649899,1405.174072,-151.988586,-12.436488,1196.351196,-242.300491,47.330727,1098.663818,-262.654816,146.30719,944.349365,-82.238609,165.508255,1017.219177,-21.907143,132.507339,905.625488,-19.97509,-174.81955,1354.731934,111.499184,-25.333408,1432.349854,151.225113,-138.41066,1330.772583,266.863586,-160.609512,1233.601318,368.401123,-36.526722,1017.157227,351.867859,32.156376,1064.591919,305.308533,-7.035985,958.795593,342.485718,41.571125,1056.732788,-130.805298,-153.865204,1082.856689,-124.576309,-145.793655,1092.927612,146.27626,65.632484,1084.587891,137.812027
6.183,7.137809,1686.488037,11.420395,74.589874,1641.638184,84.720375,-44.349018,1619.628296,77.510178,-120.101204,1443.018433,-20.314426,-181.325439,1267.186523,-62.99501,-190.805023,1267.474121,47.78677,86.021187,1314.177856,32.732075,-126.442734,1333.023071,-158.990997,24.921282,1404.36377,-151.724548,-13.077402,1195.64856,-242.28479,46.759815,1098.089722,-262.79422,145.777649,943.912476,-82.265709,165.445679,1016.768677,-22.258219,132.096115,905.387451,-20.017485,-175.339111,1354.290771,111.716545,-25.874107,1431.807007,151.337158,-138.221542,1330.005737,267.205383,-160.293396,1232.564453,368.452484,-41.580135,1013.97229,345.594727,27.544809,1061.072632,298.681335,-14.71542,955.547791,332.797974,43.424492,1057.293213,-130.260605,-154.14502,1081.920044,-124.151955,-146.08934,1092.234253,146.579376,65.215919,1084.501099,138.405182
6.192,8.38559,1685.730469,12.440195,75.621941,1640.232544,85.360374,-43.429039,1618.984497,78.571198,-120.793777,1442.484619,-19.939985,-181.827652,1266.520752,-62.823399,-191.131271,1266.843384,48.023804,85.560326,1313.618286,32.97028,-127.085922,1332.164307,-158.757706,24.201366,1403.627563,-151.48645,-13.571495,1195.023438,-242.198685,46.160759,1097.347168,-262.835968,145.218643,943.343018,-82.200073,165.374222,1016.221619,-22.637606,131.702728,904.99823,-19.915861,-175.759888,1353.807861,111.876785,-26.26907,1431.062256,151.618408,-138.060989,1328.869141,267.69281,-159.784088,1231.133545,368.582123,-46.262623,1010.895264,338.811127,22.908579,1057.549316,291.411133,-22.352348,952.779541,322.648895,43.142197,1056.944824,-129.899506,-154.488007,1080.918335,-123.690453,-146.534912,1091.40271,146.914719,64.807777,1084.458862,138.952789
6.2,9.593895,1684.937622,13.526944,76.518738,1638.75708,86.175331,-42.726391,1618.359009,79.442627,-121.143356,1441.856445,-19.830721,-182.385529,1265.778198,-62.682972,-191.627518,1266.060547,48.186962,84.990349,1312.854492,33.270947,-127.699272,1331.454956,-158.597656,23.613543,1402.748535,-151.221588,-14.040739,1194.305542,-242.066589,45.661057,1096.630981,-262.895874,144.809601,942.826904,-82.254631,165.334198,1015.7901,-22.816139,131.410492,904.578857,-19.667742,-176.209427,1353.186035,112.118492,-26.509642,1430.244141,152.047546,-137.697372,1327.515381,268.254028,-159.421188,1229.600342,368.963623,-50.432949,1007.551331,332.249939,18.384954,1054.473145,284.041656,-28.054878,949.897095,313.03714,43.083858,1056.671143,-129.556229,-154.880096,1079.88855,-123.328865,-146.959625,1090.597046,147.105927,64.349876,1084.312134,139.605865
6.208,10.800467,1684.167725,14.539654,77.491394,1637.28772,86.937561,-42.013969,1617.750977,80.178802,-121.647125,1441.243652,-19.504913,-182.937241,1264.914673,-62.496761,-192.043625,1265.401001,48.271416,84.42067,1312.052856,33.58939,-128.342194,1330.602417,-158.423706,23.108696,1401.903198,-150.931839,-14.471599,1193.363647,-241.954178,45.173691,1095.862793,-262.795105,144.517517,942.234863,-82.073685,165.292572,1015.395386,-22.865337,131.306839,904.235962,-19.485193,-176.531372,1352.476929,112.415001,-26.659962,1429.514404,152.445633,-137.340912,1326.128174,268.896912,-159.628906,1228.290649,370.17572,-52.800728,1004.684448,326.948212,13.731897,1052.436768,277.150024,-29.726782,946.982239,305.939209,43.054798,1056.363159,-129.187088,-155.164169,1078.767212,-122.949448,-147.520111,1089.700317,147.417572,63.824265,1084.068604,140.195923
6.217,12.082637,1683.245483,15.482821,78.45768,1635.604126,87.80439,-40.884037,1617.200684,81.707649,-122.247169,1440.584473,-18.999342,-183.551254,1264.11438,-62.464954,-192.440659,1264.754883,48.335239,83.8563,1311.215088,33.813999,-128.916611,1329.844727,-158.448715,22.481014,1400.975342,-150.631683,-14.937805,1192.47644,-241.895584,44.732002,1095.093384,-262.693481,144.347717,941.694641,-81.918671,165.276627,1015.007507,-22.869925,131.347015,903.891296,-19.375816,-176.624771,1351.727661,112.70018,-26.694174,1428.904785,153.054504,-137.184753,1325.511353,270.99765,-160.463577,1227.055176,370.815369,-53.177525,1002.895447,322.934509,10.236274,1051.71875,272.297974,-27.840452,944.967712,304.237854,43.016453,1056.026245,-128.850998,-155.513489,1077.676147,-122.549721,-148.005524,1088.616211,147.538895,63.285133,1083.531006,140.629272
6.225,13.253765,1682.328247,16.739298,79.476135,1633.962158,88.553596,-40.071648,1616.38501,82.184151,-122.746521,1439.84729,-18.581182,-184.079056,1263.368774,-62.41922,-192.768768,1264.058105,48.363201,83.222435,1310.204224,34.100948,-129.537537,1329.084229,-158.382446,21.936586,1399.93811,-150.240479,-15.453153,1191.702393,-241.787048,44.206219,1094.287842,-262.743713,144.258438,941.216736,-81.73172,165.277252,1014.666687,-22.912117,131.610977,903.479675,-18.851599,-176.514404,1350.87793,112.878983,-26.409893,1428.247192,153.812119,-136.921463,1324.529175,270.873444,-161.740784,1225.503052,370.315277,-52.21217,1003.067017,320.519623,9.912586,1052.141479,270.422424,-23.442398,944.14917,306.097321,42.775841,1055.462402,-128.55629,-155.890808,1076.570557,-122.260605,-148.594208,1087.503052,147.784714,62.821419,1082.922852,141.136581
6.233,14.394306,1681.350708,17.962917,80.623779,1632.210083,89.437332,-39.328178,1615.391602,82.908813,-123.16243,1439.10144,-18.452137,-184.60025,1262.566895,-62.422771,-193.09024,1263.311035,48.416065,82.532959,1309.097168,34.455315,-130.21019,1328.331421,-158.39679,21.450111,1398.828003,-149.763306,-15.984647,1190.875122,-241.688644,43.594395,1093.408936,-262.819366,144.369385,940.750732,-81.454559,165.408096,1014.41217,-22.982836,131.981323,903.123352,-18.480696,-176.354034,1350.040771,113.018745,-26.262064,1427.653442,154.539948,-137.363556,1324.200562,271.273895,-163.339691,1223.348755,368.999512,-49.309715,1004.049194,321.255005,11.282749,1052.79834,270.250305,-18.94882,944.308044,308.352386,42.673679,1055.123657,-128.368469,-156.20256,1075.405884,-122.048431,-149.178253,1086.480103,147.73111,62.337875,1082.402588,141.602432
6.242,15.769217,1680.486328,19.187696,81.611542,1630.562256,90.27269,-38.215588,1614.654175,84.677345,-123.593742,1438.484375,-18.360153,-185.079895,1261.593506,-62.345154,-193.317154,1262.603027,48.416225,81.838806,1308.065674,34.65163,-130.825867,1327.599243,-158.514145,21.044432,1397.741943,-149.170273,-16.554792,1189.870361,-241.552155,43.108223,1092.413696,-262.704498,144.605408,940.377014,-81.391479,165.651413,1014.201904,-23.198952,132.382751,902.906189,-18.326551,-176.282593,1349.154541,113.117226,-26.423227,1427.056885,155.093719,-138.117462,1323.694214,271.319153,-164.812073,1220.735596,367.031738,-45.844448,1003.820557,322.800812,13.449757,1053.11438,271.154175,-14.821236,944.255554,310.208801,42.515125,1054.730469,-128.228531,-156.55484,1074.253174,-121.91349,-149.74794,1085.67749,147.761978,61.774597,1082.001465,141.904541
6.25,17.018705,1679.566895,20.292686,82.722015,1628.793701,91.164879,-37.346966,1613.80249,85.024292,-123.973709,1437.822632,-18.193342,-185.632767,1260.854004,-62.458694,-193.698334,1261.848389,48.242764,81.068375,1306.953369,35.030067,-131.342377,1326.783325,-158.589142,20.677383,1396.54895,-148.49855,-17.084482,1188.94397,-241.508774,42.486355,1091.504028,-262.698822,144.974258,940.033569,-81.471535,166.094482,1014.005188,-23.621466,133.032288,902.647644,-18.273834,-176.323669,1348.238037,113.129158,-26.943502,1426.537598,155.515732,-139.200653,1322.864014,271.589752,-165.960983,1217.76001,364.554535,-42.74942,1002.66626,324.873688,16.906954,1053.120239,273.22934,-11.960762,943.940308,311.311432,42.131828,1054.046631,-128.1763,-156.888489,1073.058228,-121.840607,-150.317825,1084.984741,147.68895,61.308964,1081.630005,142.231628
6.258,18.603045,1678.54541,21.489819,83.860413,1627.025513,91.96521,-36.32288,1612.992188,86.138504,-124.311012,1436.958252,-18.06708,-186.070435,1260.058594,-62.639862,-194.049911,1261.206543,48.037594,80.611542,1306.020142,35.430302,-131.78157,1326.130859,-158.738373,20.357994,1395.292358,-147.819717,-17.696083,1188.056885,-241.339325,41.733284,1090.659424,-262.867615,145.393509,939.798218,-81.711266,166.85257,1013.863831,-24.289814,134.120819,902.498169,-18.470644,-176.638306,1347.387207,112.942253,-27.831541,1425.92627,155.756195,-140.424942,1320.865356,270.003204,-166.712006,1215.08313,363.025024,-40.513367,1001.41095,326.923859,20.915028,1052.778564,275.357758,-10.257153,943.441101,312.18988,41.744511,1053.421143,-128.04126,-157.179565,1071.87793,-121.843849,-150.865814,1084.294434,147.377747,60.969612,1081.367798,142.450943
6.267,19.957645,1677.695679,22.620337,85.110138,1625.198242,92.731888,-35.233669,1612.189697,87.312286,-124.559586,1436.188477,-18.33972,-186.439606,1259.319336,-62.806129,-194.396027,1260.148315,47.95594,80.367554,1305.187744,35.703384,-132.137329,1325.480591,-158.899139,20.041967,1394.262329,-147.148392,-18.12635,1187.213501,-241.141159,40.910271,1089.885376,-263.102478,146.097092,939.462036,-82.299591,167.624039,1013.964905,-25.110058,135.216187,902.435364,-19.02862,-177.224152,1346.435791,112.751656,-28.627491,1425.072144,155.941864,-141.742905,1319.012817,269.93512,-166.914581,1212.822754,362.066132,-38.781853,999.946594,328.352905,24.08003,1052.12207,277.202667,-9.955313,943.788818,311.569489,41.574841,1052.812134,-127.941414,-157.448395,1070.552002,-121.774696,-151.398621,1083.705688,147.08609,60.694233,1081.02417,142.622833
6.275,21.646887,1676.804077,23.849102,86.490608,1623.54834,93.426041,-34.031647,1611.605103,88.155251,-124.855835,1435.380005,-18.506708,-186.702423,1258.455566,-63.025772,-194.909576,1259.286011,47.535061,80.150139,1304.375244,35.984722,-132.429062,1324.730713,-159.152191,19.893335,1393.256836,-146.446854,-18.660673,1186.451782,-240.91333,40.011429,1089.248291,-263.670746,147.095657,939.470154,-83.311493,168.643951,1014.174133,-26.266535,136.486893,902.528015,-20.078526,-177.954498,1345.448486,112.329674,-29.540815,1424.259277,155.864624,-142.809952,1317.070068,269.838226,-166.754456,1210.987549,361.925629,-37.698414,998.850769,329.233765,25.945673,1051.15564,279.201569,-8.884483,942.997559,312.300995,41.337688,1051.989258,-127.856567,-157.625778,1069.279785,-121.968773,-152.013245,1083.101562,146.613815,60.412937,1080.340088,142.953476
6.283,23.077702,1675.845337,24.88431,87.997169,1621.756958,93.967957,-32.526085,1611.098999,90.005135,-125.149551,1434.650513,-18.755827,-186.916977,1257.699951,-63.224354,-195.259338,1258.505981,47.154507,79.992012,1303.559814,36.232651,-132.705963,1324.164185,-159.458755,19.827314,1392.355225,-145.960922,-19.220482,1185.943604,-240.732315,38.886261,1088.859985,-264.481476,148.108017,939.695007,-84.531631,170.148849,1014.692444,-27.979414,138.227997,902.817322,-21.8111,-178.753815,1344.529541,111.720367,-30.653673,1423.655151,155.826248,-143.700638,1314.971191,269.620697,-166.319214,1209.609375,362.347382,-36.603271,998.006958,330.160156,26.93119,1050.124268,281.120911,-8.237345,942.414612,313.305298,40.988995,1051.211304,-127.796204,-157.821091,1068.085815,-122.024918,-152.640778,1082.574219,146.322968,60.002823,1079.30542,143.277573
6.292,24.883371,1675.009277,26.168352,89.492294,1620.117798,94.43589,-31.145939,1610.465942,90.865105,-125.221115,1433.803955,-19.073364,-187.212555,1257.025024,-63.607773,-195.662186,1257.658691,46.706261,79.926651,1302.933838,36.335182,-132.866364,1323.765137,-159.692749,19.77306,1391.711548,-145.55159,-19.911854,1185.556641,-240.583893,37.606178,1088.539429,-265.349579,149.567978,940.137695,-86.587112,171.563614,1015.303955,-29.977709,140.514465,902.926086,-23.796257,-179.417343,1343.75647,110.956947,-31.779852,1423.103882,155.736267,-144.23027,1312.855469,269.339142,-165.768219,1208.578979,363.122589,-35.793121,997.499695,331.233154,27.831198,1049.342285,282.444794,-7.366104,941.731689,314.553558,40.927204,1050.328369,-127.621147,-157.846634,1066.857544,-122.276634,-153.277359,1081.882446,145.940048,59.72414,1078.429077,143.532578
6.3,26.349352,1674.336548,27.237484,91.22319,1618.538086,95.036934,-29.507719,1610.002686,92.399132,-125.417305,1433.070923,-19.292307,-187.269745,1256.405762,-64.023636,-195.990021,1256.839111,46.124645,79.765831,1302.435547,36.36586,-132.987335,1323.420776,-159.933319,19.78203,1391.332642,-145.349289,-20.831856,1185.405151,-240.569046,36.082352,1088.630249,-266.834595,151.065857,940.749573,-89.096298,172.670334,1016.100281,-32.420731,143.076279,903.385803,-26.721645,-179.967926,1342.794434,110.389511,-32.478222,1422.533203,155.744949,-144.366852,1311.118652,268.714447,-165.166229,1207.895142,364.035339,-35.239658,996.910583,332.409088,28.543446,1048.772461,283.414215,-6.925336,941.234314,315.588928,40.958252,1049.348022,-127.471642,-157.827576,1065.772217,-122.329094,-153.830429,1081.393066,145.671616,59.213699,1077.516357,143.726349
6.308,28.158918,1673.747192,28.37974,93.094666,1617.081299,95.298393,-27.737265,1609.677979,93.927223,-125.509201,1432.608154,-19.41148,-187.236053,1255.926514,-64.412407,-196.188522,1256.00708,45.710747,79.433037,1301.867188,36.407902,-133.07106,1323.227051,-160.107758,19.768602,1391.140991,-145.258194,-21.997139,1185.459351,-240.569916,34.322399,1088.928833,-268.256683,152.488632,941.660522,-92.39843,173.746124,1016.888733,-35.207588,145.765701,904.096375,-30.763235,-180.324661,1341.897583,109.875153,-33.133331,1422.139282,155.799957,-144.301865,1309.595581,268.190277,-164.57489,1207.492798,364.798431,-34.785301,996.546936,333.515259,28.837809,1048.23877,284.359528,-6.53649,940.756104,316.627014,41.003555,1048.440552,-127.273666,-157.680984,1064.782959,-122.580605,-154.431534,1080.923462,145.413986,58.721756,1076.716309,143.937958
6.317,29.750071,1673.244751,29.483294,94.853081,1615.740479,95.528412,-25.934727,1609.491943,96.336533,-125.563744,1432.276978,-19.304895,-186.967346,1255.537354,-64.645271,-196.303391,1255.461182,45.297241,79.084061,1301.428223,36.652794,-133.138367,1323.236816,-160.177979,19.79435,1391.151611,-145.205582,-23.347103,1185.735229,-240.434006,32.422039,1089.760742,-270.131989,154.037399,942.528931,-96.184731,174.968185,1017.731201,-38.671413,148.936676,904.296021,-34.395477,-180.514893,1341.266968,109.464172,-33.531708,1421.798706,155.779205,-143.923279,1308.478394,267.853729,-164.036697,1207.292847,365.49353,-34.403381,996.284668,334.472809,29.064692,1047.807007,285.075562,-6.502751,940.525696,317.338531,41.238308,1047.421753,-127.006577,-157.435104,1063.88916,-122.772141,-155.146942,1080.453735,145.173889,58.260014,1076.200439,144.1521
6.325,31.411871,1672.826416,30.687901,96.850601,1614.521118,95.646248,-23.983217,1609.287354,98.290909,-125.455124,1432.085693,-19.002779,-186.716217,1255.314697,-64.860596,-196.298019,1255.075195,44.963318,78.666107,1301.143066,36.947777,-133.196365,1323.467041,-160.116119,19.791485,1391.346436,-145.120895,-25.259249,1186.531982,-240.592789,30.221006,1090.872559,-272.251068,155.387848,943.817688,-100.554001,176.232452,1018.783691,-42.872181,152.294647,904.77832,-39.477795,-180.492966,1340.744385,109.332695,-33.669106,1421.535034,156.101395,-143.631805,1307.942505,267.687805,-163.624481,1207.205078,366.021606,-34.094276,996.087402,335.305817,29.309776,1047.511108,285.544708,-6.562115,940.443848,317.933044,41.627636,1046.651978,-126.688141,-157.106888,1063.286499,-122.9673,-155.872787,1080.272339,144.91832,57.649353,1075.851929,144.292221
6.333,33.010025,1672.539795,31.753962,98.760056,1613.498657,95.814545,-21.94808,1609.150391,99.642868,-125.379593,1432.025024,-18.444376,-186.413544,1255.315063,-64.991653,-196.232162,1254.894043,44.73381,78.359764,1300.763184,37.28775,-133.267502,1323.901001,-159.915756,19.791164,1391.731689,-144.969727,-27.260939,1187.571533,-240.785248,27.660776,1092.441528,-274.750397,156.405731,945.214233,-105.827477,177.457321,1019.811035,-47.562813,155.556137,905.416138,-45.412888,-180.321594,1340.390991,109.460236,-33.620052,1421.296143,156.422974,-143.283844,1307.912109,267.862671,-163.205505,1207.256836,366.621185,-33.798553,995.990784,335.98465,29.464134,1047.362793,285.857056,-6.723418,940.460022,318.449615,42.079563,1045.986694,-126.367409,-156.637421,1062.821533,-123.231346,-156.610626,1080.303833,144.580276,57.049519,1075.727051,144.393448
6.342,34.643837,1672.449707,32.888702,100.701454,1612.688721,95.75547,-20.056196,1608.996582,101.02607,-125.108017,1432.044678,-17.810787,-185.998077,1255.493408,-65.005157,-196.070587,1254.905029,44.610428,78.197762,1300.585083,37.641243,-133.355453,1324.470337,-159.584015,19.75528,1392.39978,-144.802307,-29.348492,1188.842041,-240.865021,24.997194,1094.257935,-277.456024,157.595718,946.648621,-111.735046,178.671082,1020.778564,-52.836311,158.701584,905.987671,-51.454185,-180.033615,1340.207153,109.873276,-33.360336,1421.127686,156.813217,-142.985306,1308.172607,268.410858,-162.909821,1207.496582,367.240936,-33.689034,996.07312,336.766541,29.437187,1047.267334,286.132172,-6.930484,940.624939,319.041168,42.663395,1045.547607,-126.005844,-156.049637,1062.605957,-123.538307,-157.29866,1080.514648,144.204437,56.505882,1075.752319,144.543167
6.35,36.127892,1672.523682,33.863571,102.734512,1612.175781,95.59053,-17.942419,1608.950317,102.484238,-124.71862,1432.146729,-17.204926,-185.432205,1255.783447,-64.87664,-195.812546,1255.056152,44.601028,78.172615,1300.484863,38.095142,-133.473221,1325.354126,-159.093872,19.849663,1393.168823,-144.694672,-31.522472,1190.44812,-241.075851,21.74581,1095.87561,-278.537994,158.497818,948.211243,-117.980255,179.884674,1021.769897,-58.612358,161.943436,906.687744,-59.279034,-179.636505,1340.205688,110.33506,-32.912815,1421.001465,157.142883,-142.662964,1308.679199,269.25119,-162.646301,1207.851318,367.858246,-33.581776,996.280823,337.697479,29.219027,1047.271606,286.371826,-7.131081,940.793945,319.803223,45.8442,1043.647461,-124.709724,-155.396835,1062.618774,-123.785164,-158.053421,1080.825073,143.803101,55.891144,1075.692505,144.712799
6.358,37.601879,1672.721558,34.793095,104.879913,1611.877686,95.364632,-15.632255,1609.071289,103.781975,-124.104294,1432.414429,-16.351025,-184.810104,1256.178589,-64.617195,-195.385925,1255.43103,44.665611,78.26123,1300.496094,38.57066,-133.486954,1326.352905,-158.535446,19.888954,1394.078369,-144.633896,-33.910999,1192.388062,-241.563812,18.594149,1098.140747,-281.358093,159.274338,949.899597,-125.226692,181.012955,1022.777771,-65.134315,165.177429,906.812744,-66.636826,-179.107193,1340.275024,110.888496,-32.370934,1420.991455,157.702042,-142.259323,1309.30896,270.168945,-162.378494,1208.329834,368.54837,-33.573933,996.559082,338.656433,28.867203,1047.387085,286.550476,-7.338634,941.06311,320.512817,44.070797,1045.233154,-125.120461,-154.540009,1062.974487,-124.223564,-158.743134,1081.226929,143.455444,55.184158,1075.341431,144.910538
6.367,39.168766,1673.091309,35.663231,106.918816,1611.829712,94.974106,-13.552457,1609.192505,104.912552,-123.491463,1432.802612,-15.603536,-184.143402,1256.7948,-64.287437,-194.852371,1255.968384,44.789413,78.506157,1300.617065,38.99015,-133.484436,1327.444214,-157.731415,20.067614,1395.019043,-144.554413,-36.116169,1194.591064,-242.159286,15.288383,1100.541992,-284.242981,160.140518,951.716248,-132.936386,181.844208,1023.739197,-71.52301,168.46936,907.94281,-76.465942,-178.415131,1340.620605,111.570137,-31.631939,1421.014282,158.208694,-141.692001,1310.043945,271.137756,-162.281006,1208.9198,369.190704,-33.658154,996.934082,339.586975,28.499407,1047.607422,286.759674,-7.586568,941.404541,321.136688,44.764946,1045.311523,-124.387352,-153.547958,1063.442139,-124.392502,-159.475403,1081.778442,143.070587,54.550739,1074.817993,145.329498
6.375,40.409,1673.596191,36.340485,109.119789,1612.010254,94.553261,-11.269216,1609.551636,106.071274,-122.74147,1433.403809,-14.673142,-183.263458,1257.524658,-63.816032,-194.305847,1256.737793,44.993374,79.025856,1300.876099,39.612099,-133.419815,1328.761841,-156.951797,20.253088,1396.145996,-144.399612,-38.44746,1196.848755,-242.90921,11.708467,1103.30481,-287.21347,160.952713,953.352905,-141.215897,182.550308,1024.523193,-78.513954,171.373535,908.24762,-85.70163,-177.60405,1341.139282,112.018204,-30.449499,1421.009155,158.8013,-141.082962,1310.903198,272.045471,-162.250854,1209.605591,369.741852,-33.86095,997.409363,340.232513,28.103437,1047.893433,287.052673,-7.993214,941.899597,321.849182,45.668732,1045.43811,-123.997208,-152.443024,1064.245605,-124.710983,-159.949387,1082.308594,142.763916,53.959797,1074.28186,145.888153
6.383,41.996769,1674.27124,37.100677,111.142662,1612.354614,93.927086,-8.853363,1610.12854,107.253479,-121.862503,1434.020142,-13.741227,-182.446365,1258.545532,-63.387848,-193.65741,1257.57019,45.233776,79.64814,1301.157349,40.275093,-133.297913,1330.10022,-156.001877,20.528542,1397.230957,-144.322372,-40.689812,1199.369751,-243.653473,8.103482,1106.111328,-290.379608,161.773224,955.276062,-149.98172,182.941681,1025.151733,-85.621933,174.190247,909.187073,-96.267326,-176.763611,1341.764771,112.487122,-29.570229,1421.078979,159.28627,-140.571625,1311.737549,272.759308,-162.40123,1210.357422,370.164246,-34.170929,997.852905,340.710815,27.720673,1048.232788,287.447693,-8.492842,942.286255,322.286102,46.403053,1045.681152,-123.469551,-151.341232,1065.218628,-125.043198,-160.311005,1083.072021,142.399597,53.400894,1073.959473,146.510803
6.392,43.285713,1674.980347,37.442673,113.325157,1612.918335,93.309235,-6.321192,1610.80835,108.369995,-120.732216,1434.921265,-12.97147,-181.546265,1259.521484,-62.889576,-192.826294,1258.435669,45.552319,80.46402,1301.610352,40.889774,-133.022705,1331.610718,-155.15274,21.001423,1398.394531,-144.157028,-42.906548,1202.045776,-244.649841,4.477679,1109.14502,-293.650818,162.470871,957.309692,-159.570984,183.481415,1026.028687,-93.779343,176.616592,910.018005,-107.520897,-175.970139,1342.711426,112.891541,-28.542255,1421.410767,160.018265,-140.090683,1312.689697,273.385284,-162.512802,1211.180298,370.468506,-34.681557,998.386475,341.073578,27.348118,1048.64563,287.967926,-9.434559,942.789246,322.57724,47.24979,1046.165283,-122.822464,-150.219727,1066.518311,-125.293762,-160.585022,1083.956177,142.161957,52.935238,1073.863159,147.260864
6.4,44.75024,1675.891846,37.918377,115.65197,1613.705566,92.565857,-3.855124,1611.492554,109.39212,-119.605263,1435.945679,-12.052786,-180.524292,1260.560059,-62.299908,-192.059341,1259.558838,45.793537,81.204819,1302.098755,41.713264,-132.644943,1333.040405,-154.153458,21.558743,1399.570801,-143.996002,-44.859837,1204.881714,-245.694244,0.717884,1112.396606,-297.009308,162.870697,959.45105,-169.404678,183.485916,1026.646729,-101.736183,179.129517,910.839844,-119.122787,-175.111771,1343.697266,113.311852,-27.274984,1421.598877,160.628525,-139.665451,1313.625732,273.724426,-162.768265,1211.955566,370.813293,-35.375134,998.871826,341.345154,26.911816,1049.107422,288.496887,-10.278944,943.304016,322.854523,48.010967,1046.706299,-122.25145,-149.023392,1067.920044,-125.550735,-160.797592,1085.191772,141.980164,52.674911,1074.001709,147.9048
6.408,46.154282,1676.743896,38.228291,117.699234,1614.489624,91.779297,-1.581177,1612.209473,110.295853,-118.357765,1436.924805,-11.224198,-179.43396,1261.837036,-61.874851,-191.199814,1260.693359,46.052284,81.851601,1302.498535,42.515762,-132.097656,1334.575684,-153.206894,22.188318,1400.643921,-143.754044,-46.935337,1207.745972,-246.797165,-2.955007,1115.794678,-300.477234,163.135742,961.654785,-179.393173,183.403778,1027.129639,-109.892982,180.907623,911.983398,-131.323547,-174.073425,1344.705322,113.586075,-26.230207,1422.09314,161.458923,-139.225815,1314.587402,274.082428,-163.163879,1212.759766,371.105957,-36.416996,999.474426,341.680511,26.37211,1049.560181,289.096954,-11.240836,943.861938,323.250214,48.929577,1047.489136,-121.601555,-147.739456,1069.460327,-125.693649,-160.862213,1086.539795,141.717896,52.379616,1074.175415,148.409607
6.417,47.570572,1677.660889,38.551884,120.080948,1615.400757,90.815552,1.066357,1613.154541,111.275459,-116.863037,1438.04126,-10.398716,-178.303848,1263.010132,-61.27177,-190.292007,1261.780762,46.3936,82.580246,1302.999023,43.388847,-131.513809,1336.151245,-152.339172,23.15472,1401.76062,-143.537292,-48.718811,1210.723633,-247.991745,-6.689151,1119.420166,-304.358429,163.116699,963.921631,-189.627808,182.972702,1027.553833,-118.311722,182.536514,912.994202,-143.605743,-173.12413,1345.763062,113.815681,-25.143961,1422.520874,162.221771,-138.884903,1315.523193,274.27121,-163.626053,1213.642212,371.203979,-37.279308,999.998596,341.911072,25.775982,1049.967041,289.69928,-12.364454,944.487427,323.52066,49.88924,1048.244507,-120.968246,-146.533127,1071.114136,-125.846519,-160.715103,1088.026367,141.592972,52.100483,1074.393799,149.008743
6.425,48.944347,1678.661011,38.694283,122.431244,1616.387207,89.747337,3.65528,1614.015503,112.097984,-115.526436,1439.095581,-9.68404,-177.192719,1264.14856,-60.80653,-189.483932,1263.072266,46.495972,83.650246,1303.637207,44.293304,-130.811035,1337.587646,-151.336639,24.12735,1402.732666,-143.25145,-50.514549,1213.738525,-249.189545,-10.190643,1123.230347,-307.832916,162.755722,966.250854,-199.943329,182.454681,1027.949463,-126.719444,183.467514,914.326477,-156.09256,-172.183487,1346.786255,114.01284,-23.993284,1422.971069,162.999039,-138.700928,1316.434204,274.384613,-164.227386,1214.58374,371.145538,-38.247482,1000.609253,342.243591,25.012789,1050.423706,290.261536,-13.681004,945.011658,323.761841,51.06007,1049.458862,-119.606651,-145.327927,1072.851074,-125.979546,-160.678177,1089.684204,141.567444,51.912582,1074.713013,149.594681
6.433,50.353645,1679.639771,38.882591,124.558304,1617.300781,88.73996,6.319823,1614.931885,112.889168,-113.969963,1440.06897,-8.8255,-175.906097,1265.450439,-60.368996,-188.302094,1264.150391,46.991322,84.557281,1304.117798,45.125549,-129.92038,1339.080811,-150.407379,25.114214,1403.706909,-142.956223,-52.431156,1216.987305,-250.870941,-13.59284,1127.104736,-311.506317,161.934082,968.700195,-210.321655,182.003937,1028.36853,-135.318329,183.576233,915.809021,-168.744934,-170.968002,1347.790161,114.383224,-23.014883,1423.587158,163.589096,-138.435577,1317.346313,274.438293,-164.856781,1215.462402,371.132172,-39.448414,1001.252869,342.549438,24.271162,1050.901245,290.79422,-14.905792,945.546814,324.083099,51.733707,1050.287598,-119.424156,-144.106995,1074.586548,-126.025589,-160.432739,1091.078979,141.419052,51.748825,1075.104126,150.152008
6.442,51.72477,1680.520996,38.959423,126.656311,1618.317993,87.686035,8.916142,1615.884277,113.607544,-112.4664,1441.036621,-8.123992,-174.768127,1266.560181,-59.896271,-187.314606,1265.131226,47.222313,85.637299,1304.682739,46.094852,-128.861008,1340.440918,-149.546661,26.334463,1404.599487,-142.581406,-53.978951,1220.091553,-251.809036,-17.066799,1131.281128,-315.13562,160.537903,971.087585,-220.537933,181.206619,1028.712524,-143.832336,183.235962,917.388184,-181.114792,-169.943649,1348.762939,114.571686,-21.718649,1424.158813,164.473175,-138.209259,1318.110352,274.418274,-165.479752,1216.411255,370.982086,-40.535763,1001.773804,342.811218,23.268963,1051.358398,291.258789,-16.277479,946.13739,324.43985,52.437469,1050.916016,-118.718307,-143.227493,1076.520752,-126.451088,-160.306351,1092.636719,141.474106,51.693104,1075.480103,150.616974
6.45,53.109459,1681.665527,38.938454,128.824554,1619.25415,86.48027,11.370913,1616.678345,114.237038,-110.872337,1441.939087,-7.384202,-173.50679,1267.655151,-59.397148,-186.35434,1266.406738,47.506355,86.970932,1305.633667,47.191906,-127.81134,1341.695557,-148.542252,27.545794,1405.45752,-142.279129,-55.459236,1223.406494,-253.092316,-20.354601,1135.421997,-318.764557,158.902817,973.584656,-230.517212,180.304611,1029.138306,-152.346329,182.081787,918.965088,-193.378128,-168.846863,1349.727417,114.827934,-20.749039,1424.686035,165.276169,-137.979126,1319.008545,274.330444,-166.07933,1217.237915,370.760498,-41.731915,1002.390869,343.166016,22.276068,1051.728638,291.726532,-17.696768,946.717834,324.770264,53.332333,1051.464844,-118.064751,-142.014252,1078.128418,-126.231659,-160.193146,1094.0271,141.574097,51.670586,1075.779053,151.191177
6.458,54.385303,1682.45166,38.933319,130.999084,1620.285034,85.153717,13.955132,1617.435547,114.86087,-109.441872,1442.851929,-6.470531,-172.22229,1268.785034,-59.018852,-185.227219,1267.326782,47.790447,87.915817,1306.159912,47.939476,-126.697021,1343.018066,-147.818039,28.81735,1406.167114,-141.763077,-56.927197,1226.659424,-254.312195,-23.702501,1139.834473,-322.362213,156.713837,976.238281,-240.2397,179.234711,1029.77832,-160.907471,180.353241,920.755798,-205.191193,-167.508835,1350.555054,115.350563,-19.670523,1425.357544,166.160339,-137.778198,1319.651733,274.331299,-166.671738,1218.178711,370.538666,-42.966438,1002.980469,343.496216,21.370216,1052.13147,292.108276,-19.035385,947.234131,325.048157,53.320538,1051.620483,-115.514893,-140.866425,1079.69519,-126.237991,-159.989227,1095.197998,141.524811,51.678669,1076.002441,151.753952
6.467,55.792606,1683.114136,38.912128,133.121094,1621.193848,84.006248,16.546457,1618.307617,115.367661,-107.970596,1443.674927,-5.82509,-170.962738,1269.789185,-58.519016,-184.109222,1268.198608,48.236454,89.049698,1306.628052,48.715221,-125.441849,1344.157837,-146.938049,30.124666,1406.83667,-141.382935,-58.163822,1229.944214,-255.35997,-27.088408,1144.282837,-325.870544,154.369324,978.920105,-249.715271,178.124588,1030.710571,-169.360764,177.906433,922.847412,-216.665436,-166.389893,1351.355591,115.692627,-18.391138,1425.849609,167.009354,-137.344757,1320.421631,274.279938,-167.28595,1219.132935,370.339661,-44.134888,1003.536926,343.756195,20.366573,1052.511108,292.645599,-20.596786,947.680054,325.244354,54.065853,1051.861206,-114.722763,-139.849197,1081.147827,-126.288681,-159.802231,1096.425415,141.546631,51.674217,1076.072876,152.27684
6.475,56.871986,1684.109375,38.698853,135.054565,1622.068848,82.741173,19.106825,1618.93396,115.865448,-106.386879,1444.574585,-5.116105,-169.785294,1270.717285,-58.0634,-183.109436,1269.272827,48.509224,90.281242,1307.197021,49.636482,-124.244949,1345.267944,-146.181427,31.464767,1407.463135,-140.836273,-59.577843,1233.323975,-256.378021,-30.4027,1148.837524,-329.366119,151.498611,981.741638,-258.970673,176.693436,1031.753906,-177.657791,174.85701,925.11615,-227.681152,-165.173187,1352.258057,116.08886,-17.281673,1426.494751,167.964539,-137.1315,1321.275757,274.258881,-167.84462,1220.058228,370.050201,-45.572357,1004.095093,343.981171,19.419283,1052.852417,293.090363,-22.000542,948.201233,325.528259,54.972576,1052.177856,-113.980598,-138.894226,1082.583984,-126.466736,-159.604065,1097.40625,141.50708,51.761902,1076.010986,152.84198
6.483,58.116135,1684.79895,38.731438,137.063675,1622.889282,81.484787,21.43364,1619.53125,116.153694,-104.928482,1445.445435,-4.380421,-168.503891,1271.687744,-57.740257,-182.100235,1270.236938,48.853966,91.548851,1307.730957,50.522511,-123.046402,1346.323364,-145.410233,32.851486,1408.097534,-140.361938,-60.966618,1236.869873,-257.257721,-33.807556,1153.645874,-332.533722,148.248901,984.517822,-267.856232,175.128799,1032.922119,-185.767441,171.38858,927.519897,-238.179337,-163.831268,1353.189819,116.504433,-16.26627,1427.14563,168.624741,-136.883636,1322.088135,274.250854,-168.35054,1221.082031,369.812439,-46.870361,1004.580505,344.156372,18.407608,1053.116333,293.514648,-23.586769,948.497437,325.612488,55.676392,1052.239014,-113.304939,-137.881973,1083.800293,-126.370819,-159.287567,1098.46228,141.648071,51.796871,1075.834106,153.345474
6.492,59.439617,1685.414917,38.779129,138.866013,1623.622559,80.131844,23.815821,1620.168823,116.492821,-103.428329,1446.15625,-3.672367,-167.325653,1272.534668,-57.290627,-180.868866,1270.982544,49.17749,92.842804,1308.146729,51.353043,-121.718567,1347.390137,-144.817078,34.145531,1408.737427,-139.819931,-62.333614,1240.490967,-257.988403,-37.260761,1158.710693,-335.656891,144.84288,987.505493,-276.090454,173.242126,1034.50293,-193.582977,167.515396,930.126404,-248.007172,-162.655167,1353.775757,116.724594,-14.948462,1427.640259,169.341217,-136.349884,1322.856201,274.268005,-168.736588,1222.053467,369.564362,-48.313751,1005.081787,344.240997,17.486704,1053.312256,293.972046,-25.211424,948.965942,325.823151,57.259708,1052.846313,-112.527794,-136.973862,1084.982056,-126.473862,-158.981369,1099.419678,141.509171,51.955242,1075.62561,153.845825
6.5,60.65271,1686.166382,38.324165,140.755112,1624.297363,78.853134,26.231688,1620.811279,116.787659,-102.042671,1446.881592,-3.127773,-166.094879,1273.315674,-56.887917,-179.825974,1271.793579,49.52137,93.971497,1308.512451,52.14315,-120.57843,1348.325928,-144.086258,35.420311,1409.350342,-139.256226,-63.748032,1244.117676,-258.41803,-40.844868,1163.881714,-338.521851,141.04982,990.73822,-283.785095,171.181793,1036.176147,-201.256317,163.19101,933.058777,-257.279541,-161.489014,1354.529907,117.028107,-13.793761,1428.162476,169.909515,-135.811676,1323.874268,274.108459,-169.02739,1223.191406,369.353912,-49.762844,1005.564941,344.25116,16.609526,1053.457642,294.41864,-26.985317,949.260376,325.781738,57.47794,1052.509033,-111.886192,-135.769135,1086.073486,-126.251984,-158.716873,1100.430542,141.599976,52.13776,1075.360107,154.306305
6.508,61.753864,1686.743652,37.909142,142.461624,1624.900269,77.653625,28.567957,1621.286865,116.970535,-100.715233,1447.648804,-2.539592,-164.856644,1273.993042,-56.518734,-178.956833,1272.701416,49.628212,95.075005,1308.893311,52.847107,-119.460243,1349.265869,-143.606842,36.674011,1410.0271,-138.696198,-65.201241,1247.805908,-258.837524,-44.208302,1169.170044,-341.001617,137.13147,994.173706,-291.198029,168.772964,1038.227783,-208.678116,158.431335,936.040833,-266.060242,-160.441666,1355.351074,117.312767,-12.571042,1428.642578,170.42189,-135.363235,1324.807861,274.12851,-169.308319,1224.236328,369.166687,-51.184479,1005.995483,344.183594,15.735609,1053.582886,294.835632,-28.667513,949.668579,325.782501,57.895317,1052.089844,-111.168533,-135.118744,1087.062256,-126.47979,-158.391724,1101.365112,141.615448,52.346233,1074.949341,154.735336
6.517,63.046665,1687.245361,38.330956,144.301712,1625.517334,76.293671,30.653034,1621.756592,117.085213,-99.547462,1448.211792,-2.16766,-163.754379,1274.774414,-56.351501,-177.794434,1273.338745,49.882542,96.350685,1309.390259,53.568256,-118.349571,1350.096436,-143.028,37.834183,1410.734009,-138.185532,-66.762657,1251.587646,-258.922516,-47.711197,1174.503174,-343.408295,132.826462,997.656067,-298.148376,166.174576,1040.317017,-215.439163,153.661453,939.111267,-274.122803,-159.420593,1356.130249,117.527901,-11.553834,1429.113647,170.750015,-134.94722,1325.752686,274.285828,-169.538452,1225.376831,369.063171,-52.655289,1006.502136,344.045044,14.849421,1053.656006,295.138977,-30.447235,950.011719,325.479095,58.705818,1051.854736,-110.562363,-134.108627,1088.006104,-126.471054,-157.950821,1102.199341,141.7052,52.554977,1074.486816,155.072479
6.525,64.241997,1687.689819,37.72504,145.867813,1625.985474,75.020218,32.859207,1622.223145,117.211014,-98.349251,1448.733643,-1.704258,-162.717606,1275.421997,-55.98061,-176.891006,1273.924438,49.997383,97.453949,1309.605347,54.219776,-117.300468,1350.830078,-142.450821,38.91737,1411.461548,-137.735245,-68.274529,1255.176392,-258.972473,-51.234673,1179.888184,-345.626312,128.515427,1001.215088,-304.668793,163.578293,1042.850098,-222.121033,148.554428,942.298767,-281.469147,-158.544601,1356.686646,117.734337,-10.608947,1429.702759,171.165497,-134.39357,1326.793091,274.205444,-169.781555,1226.490234,368.970947,-53.972744,1006.911621,343.854126,13.84761,1053.806763,295.382141,-32.06282,950.306458,325.367432,59.414585,1051.561401,-109.981903,-133.292374,1088.870117,-126.601624,-157.45607,1102.996216,141.698227,52.73806,1074.026611,155.345566
6.533,65.303795,1688.14917,37.048038,147.552963,1626.338257,73.751236,35.010056,1622.687744,117.232567,-97.328026,1449.265503,-1.289182,-161.581436,1275.880371,-55.868137,-175.985184,1274.522583,50.216457,98.557884,1309.830688,54.840183,-116.320969,1351.644775,-141.985931,39.880516,1412.252441,-137.27092,-69.949631,1258.852661,-258.861267,-54.726692,1185.118042,-347.663208,124.024002,1004.658569,-310.792358,160.531174,1045.34314,-228.289124,143.245499,945.677734,-288.202118,-157.618164,1357.279663,117.886559,-9.548314,1430.087524,171.406311,-134.03595,1327.614502,274.353821,-169.966553,1227.514404,368.822632,-55.427505,1007.348633,343.686798,12.987455,1053.931641,295.537415,-33.710903,950.639343,324.994598,60.226696,1051.270508,-109.350052,-132.287552,1089.214722,-127.049683,-157.019119,1103.72998,141.804077,52.916756,1073.49707,155.65715
6.542,66.629654,1688.527954,37.058857,149.226715,1626.930176,72.49398,37.020832,1622.998535,117.260872,-96.431168,1449.818237,-0.846616,-160.567245,1276.366089,-55.86034,-175.221237,1275.095703,50.200871,99.444427,1310.026733,55.641418,-115.507629,1352.351318,-141.429291,40.592529,1413.106567,-136.927109,-71.586212,1262.363281,-258.719696,-58.186241,1190.396973,-349.477417,119.405846,1008.171936,-316.323944,157.361359,1048.014038,-234.148956,138.392639,948.477234,-294.30542,-156.660416,1357.919434,117.990669,-8.496353,1430.363525,171.617981,-133.550415,1328.551392,274.380371,-170.16539,1228.472412,368.752289,-56.628605,1007.697449,343.484039,12.201035,1054.081543,295.643921,-35.166069,950.983154,324.731903,61.018009,1051.056274,-108.842468,-131.739029,1090.404175,-126.879753,-156.60228,1104.402588,141.875137,53.110268,1073.071289,155.892975
6.55,67.726852,1688.815063,36.68298,150.645523,1627.14563,71.300629,39.107105,1623.307007,117.271255,-95.553177,1450.436157,-0.48583,-159.740265,1276.868286,-55.636421,-174.477448,1275.65686,50.212914,100.194626,1310.112671,56.147186,-114.661766,1353.020874,-140.883469,41.266441,1414.001221,-136.655121,-73.127945,1265.713135,-258.445953,-61.635532,1195.506104,-350.96344,114.78196,1011.728638,-321.417267,154.10675,1050.665161,-239.47641,132.264664,952.20459,-299.509491,-155.973312,1358.491821,118.058655,-7.80496,1430.427734,171.683044,-133.123016,1329.383179,274.443939,-170.372452,1229.383301,368.545227,-57.857796,1008.044739,343.253418,11.222755,1054.233154,295.607239,-36.702068,951.319336,324.380859,61.742088,1050.753784,-108.406937,-130.332062,1090.988892,-126.533463,-156.058502,1104.932861,141.873291,53.333733,1072.772217,156.117981
6.558,68.809624,1688.992798,36.189129,152.061188,1627.147095,70.054886,40.947372,1623.529297,117.126999,-94.725822,1451.008179,-0.249094,-158.870621,1277.300537,-55.742531,-173.707153,1276.115356,50.275829,101.049789,1310.134155,56.884586,-113.909431,1353.68103,-140.437775,41.783577,1414.909058,-136.315826,-74.8563,1269.221069,-258.081268,-65.147179,1200.556763,-352.33197,110.033257,1015.103088,-326.087311,150.677353,1053.286499,-244.438248,126.788628,955.485779,-304.483521,-155.251709,1359.046997,118.193161,-7.066847,1430.684326,171.920685,-132.733383,1330.102173,274.444702,-170.60939,1230.134399,368.368988,-58.838184,1008.368591,342.994934,10.361979,1054.374634,295.481354,-37.770405,951.626831,324.082062,62.394958,1050.434814,-107.937836,-129.337051,1091.64502,-126.555977,-155.637421,1105.392334,141.918182,53.545376,1072.546631,156.242477
6.567,70.199394,1689.162964,36.235283,153.548157,1627.171387,68.979538,42.845036,1623.630371,117.089569,-93.917007,1451.505127,0.136779,-158.122757,1277.726807,-55.738216,-173.080048,1276.526489,50.22654,101.824478,1310.190308,57.495884,-113.269539,1354.397461,-139.944244,42.328678,1415.821899,-136.072754,-76.472252,1272.460815,-257.687622,-68.592186,1205.398071,-353.39505,105.338058,1018.443115,-330.20285,147.244431,1055.94519,-248.952164,121.424957,958.492126,-308.936218,-154.657623,1359.491821,118.288483,-5.997313,1430.842651,172.221573,-132.482742,1330.664795,274.425781,-170.894455,1230.759888,368.021088,-59.738888,1008.635986,342.721344,9.56897,1054.511475,295.353058,-38.692093,951.820496,323.944733,63.119671,1050.229004,-107.647507,-128.535233,1092.202393,-126.70842,-155.299088,1105.794312,141.988327,53.773708,1072.334229,156.336899
6.575,71.317001,1689.230347,35.664677,154.901428,1627.070435,67.793854,44.682262,1623.79541,116.913429,-93.314377,1451.935425,0.551675,-157.475723,1278.17627,-55.584793,-172.592911,1276.896851,50.263836,102.285408,1310.150146,58.088173,-112.798126,1354.979614,-139.450882,42.689041,1416.644043,-135.936111,-78.130669,1275.53186,-257.389832,-72.02095,1210.053101,-354.33429,100.512756,1021.565552,-333.78067,143.760117,1058.476807,-253.02475,116.009689,961.463562,-312.599945,-154.008636,1359.830078,118.393692,-5.314658,1431.046387,172.404358,-132.241745,1331.156372,274.373444,-171.191772,1231.274048,367.722015,-60.630638,1008.858826,342.522858,8.897997,1054.607056,295.22226,-39.62537,951.915649,323.665924,63.927017,1050.021973,-107.388489,-127.692207,1092.7229,-126.733261,-154.930801,1106.098633,141.941162,53.961018,1072.175293,156.438858
6.583,72.47802,1689.178345,35.063858,156.331055,1626.854492,66.573883,46.563744,1623.890015,116.842285,-92.835167,1452.390869,1.009455,-156.88945,1278.481567,-55.642807,-172.133545,1277.192383,50.282829,102.656952,1310.133057,58.70187,-112.40078,1355.686401,-138.8936,42.956276,1417.597656,-135.834595,-79.839142,1278.688599,-257.006683,-75.392769,1214.451172,-354.933441,95.729698,1024.57959,-337.04834,140.204819,1060.902222,-256.643677,110.519096,964.403931,-316.028412,-153.384583,1360.144043,118.535751,-4.668926,1431.199341,172.653549,-132.100311,1331.521362,274.260925,-171.584229,1231.641113,367.398865,-61.499611,1009.079224,342.164429,8.287006,1054.681396,295.075165,-40.275394,951.890686,323.529541,64.599068,1049.831909,-107.175735,-126.757202,1093.146729,-126.742943,-154.571701,1106.289062,141.769302,54.136345,1072.075562,156.54483
6.592,73.889702,1689.198608,34.93988,157.712357,1626.774048,65.471863,48.39521,1623.994141,116.638573,-92.384148,1452.813599,1.417847,-156.38205,1278.781494,-55.668156,-171.698654,1277.454834,50.305092,102.987244,1310.131226,59.289356,-112.09449,1356.358643,-138.466019,43.137169,1418.473999,-135.659836,-81.574867,1281.664307,-256.515991,-78.789444,1218.602539,-355.43692,91.004082,1027.420044,-339.801666,136.587524,1063.133423,-259.844818,105.167931,967.038818,-318.72113,-152.947495,1360.344604,118.697823,-4.181216,1431.31958,172.927155,-131.995682,1331.787109,274.147064,-171.933441,1231.861694,367.022827,-62.034157,1009.187012,341.889618,7.795362,1054.717529,295.027191,-40.723667,951.849792,323.393738,65.150124,1049.728638,-107.000053,-126.033379,1093.552856,-126.91362,-154.334763,1106.428467,141.642975,54.300392,1072.038208,156.601639
6.6,75.088371,1688.987671,34.364204,159.072891,1626.307983,64.403099,50.12566,1623.936279,116.493004,-92.081581,1453.134399,1.729038,-155.954041,1279.085327,-55.55238,-171.31369,1277.650635,50.371792,103.167328,1310.137329,59.897259,-111.894051,1356.979736,-137.946259,43.3936,1419.265381,-135.487015,-83.275909,1284.490601,-256.101837,-81.895226,1222.382202,-355.672028,86.267059,1029.888062,-342.054138,132.826553,1065.1875,-262.671722,99.781143,969.468567,-321.130096,-152.595169,1360.599731,118.762909,-3.855964,1431.435669,173.19545,-131.878235,1331.9646,273.946991,-172.34845,1231.973267,366.542908,-62.467976,1009.166626,341.653809,7.435142,1054.729004,295.050507,-41.106369,951.808655,323.247284,65.628304,1049.667603,-106.94809,-125.32547,1093.766235,-127.196205,-154.158051,1106.513916,141.469452,54.450249,1072.072876,156.643234
6.608,76.371414,1688.846802,33.679142,160.31871,1625.774902,63.196667,52.031586,1623.87854,116.276405,-91.849335,1453.437866,2.122994,-155.589752,1279.361572,-55.480724,-171.048798,1277.778687,50.365116,103.264862,1310.203735,60.336861,-111.79673,1357.61853,-137.417862,43.535919,1419.97168,-135.271652,-84.87558,1287.136597,-255.496078,-85.117294,1226.11438,-355.748077,81.593079,1032.211426,-343.983734,129.260666,1067.040039,-264.959198,94.472733,971.734558,-323.0737,-152.337692,1360.663086,118.873772,-3.590438,1431.494629,173.469177,-131.903732,1332.058716,273.778534,-172.725433,1231.919556,366.134003,-62.777958,1009.097351,341.479736,7.401674,1054.864624,295.099915,-41.324356,951.697754,323.097443,66.114006,1049.666138,-106.933723,-124.812965,1094.011719,-127.312599,-154.025009,1106.561157,141.294724,54.638973,1072.159424,156.702515
6.617,77.808434,1688.666748,33.791702,161.597214,1625.199341,62.072083,53.647644,1623.716919,116.081772,-91.757881,1453.663574,2.524589,-155.398895,1279.584351,-55.304741,-170.793488,1277.809814,50.362469,103.32415,1310.300293,60.696568,-111.710754,1358.256592,-136.998199,43.525406,1420.712891,-135.099701,-86.58876,1289.651123,-254.924088,-88.230804,1229.419434,-355.660797,76.902122,1034.23999,-345.33905,125.603394,1068.709351,-266.862,89.238167,973.697754,-324.407379,-152.158722,1360.62439,118.937767,-3.442092,1431.50769,173.774826,-131.978088,1331.997437,273.610687,-173.092285,1231.736816,365.697815,-62.989414,1008.948303,341.279419,7.351862,1054.830078,295.279724,-41.382568,951.528625,322.968628,66.53289,1049.682617,-106.928848,-124.318146,1094.133301,-127.271759,-153.92627,1106.510132,141.093536,54.78624,1072.247803,156.695984
6.625,79.144958,1688.31897,32.962746,162.988907,1624.469604,61.044987,55.487881,1623.509766,115.857208,-91.763016,1453.839722,2.96191,-155.178085,1279.797729,-55.398258,-170.666931,1277.786011,50.359982,103.338188,1310.473145,61.032284,-111.791557,1358.820068,-136.589096,43.406898,1421.457642,-134.915482,-88.108833,1292.016357,-254.202103,-91.191528,1232.422607,-355.369751,72.390503,1036.069214,-346.469666,121.891418,1070.077271,-268.338165,84.029991,975.432312,-325.322693,-152.076187,1360.517822,118.995033,-3.410971,1431.459717,174.090057,-132.084808,1331.758545,273.455688,-173.504166,1231.452393,365.240601,-63.058704,1008.743896,341.087708,7.385308,1054.735596,295.472717,-41.326591,951.363098,322.844269,66.873451,1049.830444,-107.06469,-123.924606,1094.238525,-127.400208,-153.8246,1106.399048,140.878708,54.954632,1072.4104,156.696716
6.633,80.649971,1687.960205,32.700951,164.171326,1623.572876,59.814186,57.182377,1623.241455,115.626724,-91.900894,1453.977051,3.365086,-155.115448,1279.918823,-55.275402,-170.613678,1277.678345,50.361412,103.270828,1310.702148,61.365208,-112.066551,1359.341187,-136.117538,43.255028,1422.096069,-134.704391,-89.713364,1294.199951,-253.505081,-94.075821,1235.099854,-354.976685,67.955383,1037.449829,-347.130615,118.255348,1071.128052,-269.325531,79.002312,976.842407,-325.821228,-152.041656,1360.234985,119.082237,-3.500221,1431.365601,174.35878,-132.360382,1331.456787,273.232513,-173.894272,1231.05249,364.86441,-63.031612,1008.474854,341.001953,7.548727,1054.63916,295.697937,-41.082901,951.114868,322.707855,67.15242,1049.98291,-107.223068,-123.532402,1094.287476,-127.649857,-153.750778,1106.164795,140.611755,55.139252,1072.573975,156.651031
6.642,82.033134,1687.566284,32.170223,165.447647,1622.50708,58.727547,58.945004,1622.94812,115.480896,-92.145844,1454.019653,3.761045,-155.146103,1279.973999,-55.154819,-170.609558,1277.468262,50.392197,103.180771,1310.94519,61.581367,-112.430367,1359.828735,-135.70578,43.004436,1422.599854,-134.584549,-91.205902,1296.140137,-252.736801,-96.833206,1237.415771,-354.356781,63.597679,1038.54248,-347.417419,114.643272,1071.873779,-269.963013,74.016556,978.000122,-325.990326,-152.138565,1359.974609,119.124565,-3.703278,1431.22522,174.617874,-132.803909,1330.990234,273.144348,-174.309097,1230.483643,364.406708,-62.909103,1008.152954,340.873627,7.787172,1054.501831,295.872314,-40.828251,950.904541,322.576233,67.391914,1050.174927,-107.414574,-123.347191,1094.178589,-127.755241,-153.722839,1105.863892,140.404175,55.328732,1072.755371,156.575195
6.65,83.481133,1686.988525,31.764143,166.676926,1621.439941,57.628399,60.657032,1622.621948,115.107544,-92.478607,1454.053223,4.221617,-155.312347,1279.976318,-54.932533,-170.692886,1277.193848,50.455448,103.048187,1311.236328,61.694637,-112.84729,1360.224731,-135.231689,42.623249,1423.137451,-134.423477,-92.671043,1297.752197,-251.82402,-99.947693,1239.657349,-353.656128,59.335243,1039.273193,-347.394806,110.949814,1072.405518,-270.102905,69.054688,978.718201,-325.433838,-152.303314,1359.636108,119.171715,-4.156313,1430.973267,174.856918,-133.113617,1330.486816,273.024261,-174.753952,1229.734497,364.095032,-62.665695,1007.769104,340.734863,8.128495,1054.36731,296.020508,-40.337631,950.633972,322.394257,67.532875,1050.364136,-107.65612,-123.151222,1094.029175,-127.97892,-153.744629,1105.547729,140.261734,55.531715,1072.868896,156.459457
6.658,84.97406,1686.378418,31.255424,168.014954,1620.197266,56.354172,62.450943,1622.131226,114.879532,-92.904709,1454.047485,4.610105,-155.503906,1279.928345,-54.86097,-170.821152,1276.880615,50.481644,102.853264,1311.488647,61.808189,-113.345261,1360.515747,-134.808395,42.210079,1423.664307,-134.392776,-94.106285,1299.218628,-251.102005,-101.993034,1241.01001,-353.004303,55.12307,1039.493774,-346.791199,107.413689,1072.481812,-269.984528,64.130432,979.12439,-324.626221,-152.431534,1359.288452,119.275558,-4.620493,1430.755615,175.159927,-133.373535,1329.925415,272.885071,-175.126129,1228.948242,363.67099,-62.299206,1007.248901,340.671051,8.497439,1054.171143,296.119354,-39.826057,950.277954,322.29364,67.617012,1050.557251,-107.945923,-123.149963,1093.753052,-128.100708,-153.739471,1105.154663,140.125992,55.725971,1072.991821,156.346008
6.667,86.526001,1685.712158,30.723978,169.282425,1618.968384,55.183857,64.103706,1621.585205,114.606598,-93.436401,1453.925537,4.973754,-155.75853,1279.843384,-54.671494,-171.060654,1276.525635,50.524509,102.590958,1311.785522,61.867615,-113.906296,1360.675903,-134.374023,41.658779,1424.112061,-134.398956,-95.547546,1300.327271,-250.23175,-104.342056,1242.410767,-352.212311,50.861919,1039.453857,-345.754913,103.921883,1072.280151,-269.393433,59.149395,979.064819,-322.978729,-152.752274,1358.764893,119.445984,-5.109696,1430.519043,175.441971,-133.735764,1329.21582,272.858307,-175.469742,1227.976929,363.51532,-61.889252,1006.754517,340.597321,8.916656,1053.860718,296.181763,-39.104168,949.824463,322.172791,67.589386,1050.751709,-108.230705,-123.232414,1093.434814,-128.14444,-153.744003,1104.627075,139.969131,55.919792,1073.058228,156.216034
6.675,88.212227,1684.852905,30.670933,170.509262,1617.533936,54.206978,65.93457,1620.976318,114.384819,-93.997429,1453.747681,5.336545,-156.105881,1279.63269,-54.536095,-171.46579,1276.120728,50.590786,102.286964,1312.069458,61.832035,-114.50782,1360.731567,-134.009918,41.061649,1424.466797,-134.493469,-96.918106,1301.165283,-249.433105,-106.587524,1243.35144,-351.32132,46.638706,1039.000732,-344.436035,100.470268,1071.688232,-268.45874,54.091599,978.699707,-320.893951,-153.196747,1358.219604,119.530731,-5.623486,1430.269409,175.699234,-134.125076,1328.419556,272.844849,-175.816238,1226.914307,363.319092,-61.25864,1006.03772,340.52243,9.309507,1053.548096,296.115967,-38.106716,949.199524,322.101807,67.537483,1050.978271,-108.62394,-123.295067,1093.153687,-128.216476,-153.705292,1104.12439,139.799149,56.120384,1073.090576,156.041885
6.683,89.747169,1684.02063,29.801979,171.649857,1615.892578,53.021389,67.643646,1620.292969,114.060623,-94.586166,1453.473511,5.704759,-156.640381,1279.323486,-54.230804,-171.835114,1275.605957,50.739292,101.887703,1312.27002,61.709167,-115.189392,1360.723267,-133.643951,40.426384,1424.722046,-134.587341,-98.16935,1301.774414,-248.674484,-108.583153,1244.058105,-350.631714,42.405293,1037.953247,-342.716858,96.712006,1071.392212,-267.826233,48.683884,978.084778,-318.215424,-153.786102,1357.508301,119.706917,-6.232514,1429.892578,176.060577,-134.448669,1327.585327,272.746643,-176.10762,1225.778442,363.205597,-60.549625,1005.313416,340.300201,9.736585,1053.213013,296.059631,-37.334423,948.651672,321.952332,67.405533,1051.161011,-108.999146,-123.642555,1092.834595,-128.42305,-153.637268,1103.588867,139.759277,56.291519,1073.044678,155.836823
6.692,91.663673,1683.050903,29.716961,172.998962,1614.111816,51.833557,69.578285,1619.490356,113.865685,-95.273109,1453.133789,5.993851,-157.072952,1278.98645,-54.100513,-172.162323,1274.831665,50.898777,101.342163,1312.468994,61.483925,-115.991959,1360.633423,-133.308563,39.644463,1424.909058,-134.719772,-99.470047,1302.078247,-247.996628,-110.525169,1244.289429,-349.731384,38.101116,1036.502075,-340.531372,93.35775,1070.237305,-266.598602,43.122112,977.021423,-314.736786,-154.564453,1356.784302,119.852028,-6.987257,1429.414185,176.425735,-135.012375,1326.618164,272.887695,-176.341019,1224.505127,363.04361,-59.92905,1004.648926,340.1698,10.294279,1052.765259,296.002228,-36.383595,948.122009,321.751282,67.178963,1051.322388,-109.378174,-124.03019,1092.40686,-128.393723,-153.407684,1102.837891,139.752228,56.501221,1072.965942,155.531448
6.7,93.294113,1681.9198,29.133549,174.148392,1612.13916,50.822903,71.381836,1618.579712,113.497353,-96.026497,1452.605713,6.200476,-157.641113,1278.540405,-53.945335,-172.624817,1274.137817,51.143105,100.852127,1312.605225,61.254723,-116.82074,1360.367798,-132.973557,38.846962,1425.033447,-134.908646,-100.636917,1302.085083,-247.414017,-112.14399,1244.202759,-348.901917,33.637192,1034.712769,-337.858398,90.18605,1068.660278,-264.965881,37.439095,975.740662,-310.636688,-155.14653,1356.029907,119.938278,-7.868623,1428.986694,176.729706,-135.528656,1325.561523,273.08844,-176.522461,1223.119873,363.009766,-59.14386,1003.837219,339.977692,10.906953,1052.274414,295.918915,-35.140575,947.372559,321.619781,66.913788,1051.4375,-109.726593,-124.305153,1091.740479,-128.410049,-153.24881,1102.071533,139.60379,56.714901,1072.829224,155.21463
6.708,95.245537,1680.541626,28.738783,175.552048,1609.991821,49.588013,73.308815,1617.575195,113.183411,-96.861275,1451.956055,6.555656,-158.241699,1277.96167,-53.633385,-173.149872,1273.41687,51.275318,100.265366,1312.716309,60.988811,-117.590584,1360.076538,-132.703461,37.985096,1425.04248,-135.183884,-101.813095,1301.912964,-246.936874,-113.809006,1243.687378,-348.156647,29.082571,1032.266602,-334.64389,86.91613,1066.754639,-263.147858,31.36998,974.300232,-305.928741,-155.751633,1355.221436,120.2957,-8.821953,1428.415161,177.061584,-135.914932,1324.605469,273.109497,-176.691452,1221.712891,363.030365,-58.176937,1002.950928,339.742371,11.626884,1051.800171,295.808472,-34.230762,946.72699,321.357361,66.634697,1051.560425,-110.115982,-124.68396,1091.208252,-128.463562,-153.07991,1101.347168,139.562592,56.951653,1072.634155,154.80954
6.717,97.208649,1679.22644,28.218979,176.799393,1607.709229,48.43692,75.354164,1616.31189,112.859131,-97.695549,1451.215698,6.902266,-159.016357,1277.395874,-53.491222,-173.709381,1272.643921,51.5103,99.727104,1312.786377,60.631851,-118.467766,1359.682129,-132.446869,36.985207,1424.834717,-135.451935,-102.947205,1301.41687,-246.544479,-115.128059,1242.872681,-347.456696,24.208178,1029.638428,-330.88446,83.779343,1064.36084,-261.016083,25.1234,972.539795,-300.65683,-156.307663,1354.255981,120.519241,-9.588725,1428.021606,177.360657,-136.238388,1323.555176,273.148315,-176.726364,1220.225586,363.03949,-57.234245,1001.933228,339.695251,12.292043,1051.217529,295.611633,-33.031487,945.848938,321.078522,66.307625,1051.602539,-110.531189,-125.19622,1090.567139,-128.510895,-152.894394,1100.493164,139.595032,57.1889,1072.448364,154.367035
6.725,99.217415,1677.638062,27.615654,178.233917,1605.140991,47.290207,77.213379,1614.988159,112.468109,-98.546448,1450.439331,7.14369,-159.804962,1276.800537,-53.154362,-174.266907,1271.643433,51.829124,99.204559,1312.786865,60.234913,-119.502792,1359.247803,-132.202301,36.023354,1424.535889,-135.749557,-104.01091,1300.798706,-246.278229,-116.155891,1241.905762,-346.822418,19.485315,1026.515869,-326.942505,80.47599,1061.764648,-258.619476,18.500168,970.785828,-294.857666,-156.922409,1353.382935,120.806473,-10.512097,1427.398071,177.741653,-136.504211,1322.546875,273.113068,-176.825134,1218.685913,363.074768,-56.286518,1000.993225,339.473053,12.962143,1050.628418,295.376831,-31.596407,945.137695,320.857513,65.934402,1051.615967,-110.9599,-125.790657,1089.720703,-128.513321,-152.714798,1099.495361,139.451736,57.432961,1072.193359,153.907806
6.733,101.386551,1675.794678,27.215843,179.563843,1602.194824,45.974636,79.362396,1613.506714,112.238632,-99.485046,1449.580322,7.289426,-160.601227,1276.09082,-53.228638,-174.981445,1270.774292,51.970535,98.659065,1312.706055,59.809727,-120.566246,1358.661865,-132.056229,34.981972,1423.997559,-136.029022,-105.02388,1299.883423,-246.138,-117.076378,1240.639893,-346.282623,14.544895,1023.139099,-322.38327,77.145782,1058.692993,-255.67067,11.875831,968.975342,-288.557678,-157.660904,1352.329102,120.990189,-11.457483,1426.86145,177.966873,-136.859924,1321.425659,273.195038,-176.814224,1217.046265,363.200165,-55.153515,999.965088,339.275787,13.736779,1050.08374,295.131042,-30.5674,944.440125,320.507141,66.68541,1052.405518,-113.239151,-126.433968,1088.914673,-128.696701,-152.587357,1098.594849,139.493881,57.684025,1071.908447,153.45578
6.742,103.709236,1673.786499,26.918869,180.948303,1599.119751,44.579494,81.570709,1611.869385,111.920341,-100.245926,1448.618896,7.551433,-161.518417,1275.300049,-52.925514,-175.856766,1269.870605,52.018986,98.083504,1312.582764,59.525295,-121.56353,1357.93811,-131.986725,34.002705,1423.354614,-136.349548,-105.975891,1298.883667,-246.016083,-117.879875,1239.272949,-346.044434,10.042051,1019.755127,-317.513153,74.036057,1055.535034,-252.332565,5.706552,967.083618,-282.170258,-158.459503,1351.261475,121.172523,-12.449949,1426.057007,178.054886,-137.240555,1320.13855,273.402802,-176.798843,1215.460083,363.367188,-54.110588,999.109741,339.135529,14.60278,1049.518555,294.921448,-29.144699,943.557434,320.150543,65.694923,1051.945068,-113.0177,-127.023163,1087.838013,-128.676788,-152.456436,1097.400635,139.371048,57.921551,1071.615356,152.919464
6.75,106.011063,1671.718018,26.333723,182.363831,1596.067383,43.291206,83.709999,1609.970093,111.408966,-101.175179,1447.646973,7.725285,-162.387726,1274.314819,-52.726265,-176.443481,1268.674316,52.36858,97.399925,1312.378052,59.122543,-122.582176,1357.096069,-131.814606,33.027569,1422.586792,-136.612274,-106.843079,1297.810547,-246.16452,-118.624115,1237.935547,-345.917389,6.147729,1016.821411,-312.953949,70.821129,1052.918945,-248.690643,0.844175,965.121521,-276.968353,-159.310242,1350.088135,121.413857,-13.201738,1425.370117,178.193573,-139.139664,1317.979492,274.791931,-176.643219,1213.795166,363.51297,-52.793537,998.041626,338.891174,15.463305,1048.959351,294.704529,-27.76869,942.822388,319.924957,65.027054,1051.51709,-113.601768,-127.633049,1086.716675,-128.849228,-152.487015,1096.310791,139.420181,58.160484,1071.261841,152.401398
6.758,108.419144,1669.411987,25.753326,183.845734,1592.603027,41.86441,85.972549,1607.884521,111.004936,-102.046669,1446.581665,7.826829,-163.38443,1273.374634,-52.666859,-177.183472,1267.683228,52.478302,96.797653,1312.018555,58.703552,-123.693291,1356.255493,-131.735535,32.206532,1421.697998,-136.939728,-107.658524,1296.711792,-246.401642,-119.633331,1236.430054,-345.991699,3.770589,1014.595886,-309.148254,67.502213,1051.177734,-244.693405,-0.971231,962.457703,-273.39325,-160.001694,1349.096191,121.608406,-14.02624,1424.383179,178.273331,-139.499481,1316.62146,275.10498,-176.58844,1212.240723,363.656525,-51.691338,997.112366,338.787598,16.306694,1048.301025,294.451721,-26.29495,942.086121,319.5065,64.451439,1050.798584,-113.928246,-128.218094,1085.504272,-129.04953,-152.48674,1095.036133,139.303268,58.432404,1070.905029,151.880508
6.767,110.940353,1666.974976,25.219324,185.182159,1589.051514,40.443653,88.361649,1605.755737,110.633362,-102.876862,1445.432129,7.921255,-164.270065,1272.458374,-52.635094,-177.930038,1266.580322,52.547215,96.196175,1311.57605,58.319603,-124.634262,1355.347778,-131.670578,31.441927,1420.729004,-137.248505,-108.510338,1295.835815,-246.554764,-120.737595,1234.907104,-346.016876,2.917888,1012.938049,-306.878265,64.625824,1050.408081,-241.066864,-0.465025,959.650818,-271.816864,-160.577133,1347.882568,121.752121,-14.904275,1423.615845,178.365936,-139.761139,1315.286743,275.239227,-176.405289,1210.548096,363.827576,-50.30444,996.075684,338.67041,17.21088,1047.770996,294.176056,-24.776524,941.380676,319.377106,63.853249,1050.075195,-114.434738,-129.06604,1084.259521,-129.310257,-152.578674,1093.780273,139.176407,58.662193,1070.558228,151.433334
6.775,113.265549,1664.48999,24.512796,186.486969,1585.508789,39.141533,90.584114,1603.539795,110.068268,-103.741791,1444.344116,7.900803,-165.064178,1271.285889,-52.42746,-178.610886,1265.38208,52.759056,95.618912,1310.974854,57.982487,-125.421989,1354.282715,-131.700378,30.796877,1419.843506,-137.637177,-109.585533,1295.143433,-246.804138,-122.506622,1233.150391,-345.567627,3.639335,1011.953613,-305.885529,62.490665,1050.161987,-238.215012,0.990858,957.875488,-271.173676,-161.374496,1346.699219,121.893784,-15.766792,1422.703613,178.270935,-140.036072,1313.868286,275.457184,-176.179749,1209.01123,364.069885,-49.056202,995.151489,338.533325,18.20496,1047.265259,293.964813,-23.366447,940.611084,319.177307,63.098923,1049.379272,-114.933029,-129.838364,1082.786987,-129.378403,-152.78978,1092.490112,139.045044,58.965767,1070.209839,151.017258
6.783,115.722488,1661.873657,23.767897,188.011475,1581.853638,37.702347,92.869522,1601.129395,109.438751,-104.426369,1443.106934,7.85128,-165.909332,1270.252197,-52.46767,-179.31955,1264.249634,52.761124,95.053314,1310.148804,57.680981,-126.182556,1353.260742,-131.65155,30.090538,1418.855103,-138.204895,-110.755669,1294.422241,-246.784073,-124.14389,1231.184692,-344.749756,4.935929,1011.729858,-305.760529,61.601871,1050.21521,-236.469193,2.623165,956.973267,-271.286194,-161.880783,1345.484985,122.007751,-16.336451,1421.70105,178.230133,-140.187637,1312.645386,275.543152,-175.93988,1207.403809,364.273956,-47.68634,994.310486,338.460358,19.152594,1046.749268,293.796448,-21.7561,939.985168,319.101746,62.421562,1048.71106,-115.487358,-130.670059,1081.333496,-129.554993,-153.082382,1091.223022,138.864685,59.108185,1069.809326,150.662216
6.792,118.101952,1659.416504,22.970388,189.398468,1578.125122,35.958717,95.382851,1598.901733,108.834694,-105.052734,1441.952026,7.854033,-166.801132,1269.316772,-52.481316,-180.002335,1263.063965,52.880608,94.247597,1309.201416,57.239719,-126.935493,1352.261597,-131.738831,29.451611,1417.838745,-138.611679,-112.065239,1293.542358,-246.840866,-125.938431,1228.978638,-343.661377,6.031979,1011.67157,-305.909668,61.94323,1050.095703,-236.065018,4.197119,956.426575,-271.261749,-162.627167,1344.314087,122.028793,-16.94352,1420.67334,178.111435,-140.55278,1311.201782,275.802429,-175.721436,1205.923828,364.433411,-46.514027,993.439209,338.40332,20.141678,1046.217163,293.639587,-20.411432,939.363647,318.890137,61.888355,1048.099609,-115.9645,-131.542511,1079.887329,-129.700073,-153.319504,1089.848511,138.750809,59.225201,1069.377563,150.338623
6.8,120.438286,1656.802612,22.116577,190.678085,1574.756714,34.390503,97.74147,1596.519043,108.129189,-105.656189,1440.910522,7.722848,-167.459427,1268.137207,-52.378452,-180.653961,1261.958252,52.870461,93.613968,1308.224487,56.796303,-127.797768,1351.222412,-131.688446,28.72172,1416.942383,-139.107544,-113.471527,1292.476562,-246.723648,-127.725037,1226.765625,-342.758453,6.94996,1011.307739,-306.319427,62.969013,1049.831421,-236.670303,5.574608,955.981018,-271.773712,-163.086929,1343.246582,122.086914,-17.389475,1419.656494,178.027176,-140.707397,1309.915283,275.950012,-175.463882,1204.435913,364.685486,-45.245922,992.617065,338.365082,21.042589,1045.667603,293.436371,-19.014992,938.701843,318.720886,61.473846,1047.900269,-116.590302,-132.311005,1078.354126,-129.653442,-153.608658,1088.562988,138.608994,59.316349,1068.919067,150.012634
6.808,122.600655,1654.161499,21.188644,192.043198,1571.254028,32.5924,99.89019,1594.093994,107.247414,-106.227165,1439.818237,7.766127,-168.165771,1267.04834,-52.489799,-181.253357,1260.918457,52.80476,93.090363,1307.165283,56.334892,-128.633804,1350.273071,-131.828873,27.769814,1416.088623,-139.730087,-114.811417,1290.922607,-246.574829,-129.215149,1224.703613,-341.927246,7.787893,1010.504395,-306.77655,64.12262,1049.60083,-237.48587,6.757013,955.503845,-272.263672,-163.617859,1342.052979,122.087639,-17.778221,1418.544067,177.953339,-140.670303,1308.64917,276.000153,-175.182159,1203.008667,364.928894,-43.916153,991.770386,338.296112,22.03113,1045.14624,293.300171,-17.549713,937.985962,318.534302,60.971695,1047.756958,-117.507179,-133.227463,1076.99585,-129.623764,-153.98674,1087.262207,138.443481,59.347515,1068.410889,149.792221
6.817,124.836678,1651.631592,20.10322,193.315384,1567.897827,30.759834,102.300552,1591.869385,106.316635,-106.725494,1438.892334,7.761863,-168.742035,1266.13623,-52.500172,-181.6138,1259.88208,52.80302,92.533577,1305.974243,56.047543,-129.414062,1349.325562,-132.013809,26.89604,1415.352051,-140.117966,-116.040192,1289.131836,-246.214874,-130.350677,1222.88623,-341.530304,8.427803,1009.690735,-307.375763,64.965233,1049.16333,-238.40596,7.470487,955.046753,-272.997284,-163.853134,1341.06311,122.147179,-18.05562,1417.580566,177.817978,-140.806519,1307.244995,276.210052,-174.742905,1201.736206,365.091125,-42.800629,990.92395,338.311798,22.957497,1044.663696,293.137543,-16.405315,937.391541,318.378326,60.511215,1047.068115,-118.346603,-134.12854,1075.657715,-129.587845,-154.310989,1085.960205,138.301117,59.326153,1067.887695,149.466141
6.825,126.969933,1649.195801,18.916039,194.545959,1564.701782,28.872557,104.625443,1589.518188,105.29319,-107.223137,1437.986938,7.725021,-169.280045,1265.034058,-52.516785,-182.025009,1258.831055,52.811932,92.032356,1304.862183,55.55341,-130.278564,1348.378296,-132.03952,25.897438,1414.641235,-140.611099,-117.149933,1287.162598,-245.995728,-131.448837,1221.296387,-341.414734,8.734045,1008.929016,-308.239807,65.514687,1048.365356,-239.458221,7.853787,954.463806,-273.694489,-164.105316,1340.112793,122.182335,-18.267269,1416.550781,177.701172,-140.745575,1306.129517,276.311493,-174.305466,1200.386353,365.47403,-41.516514,990.054993,338.249573,23.76605,1044.08374,293.012787,-15.062631,936.831726,318.223511,60.24052,1045.898438,-119.080704,-134.827805,1074.213379,-129.303879,-154.623337,1084.804932,138.117996,59.199642,1067.258301,149.217499
6.833,128.955338,1646.793213,17.505205,195.650299,1561.461914,26.854469,106.788033,1587.39856,104.141113,-107.706886,1437.099487,7.723367,-169.817505,1264.123169,-52.624287,-182.402664,1258.0,52.645573,91.622925,1303.713989,55.190655,-131.206665,1347.591064,-132.018005,24.969593,1414.015381,-141.030533,-118.089745,1285.148682,-245.872711,-132.16951,1220.038086,-341.55545,8.673391,1007.839905,-309.097809,65.759796,1047.624634,-240.462799,7.762192,953.669739,-274.563477,-164.375748,1339.020142,122.212143,-18.283428,1415.459229,177.526917,-140.582565,1304.974121,276.421204,-173.801743,1199.21936,365.612976,-40.524467,989.400452,338.283997,24.598251,1043.560059,292.892181,-13.855913,936.222839,318.157501,59.800579,1044.81604,-119.852058,-135.484207,1072.777222,-129.279373,-154.989136,1083.701172,137.822662,58.984753,1066.67334,148.886459
6.842,130.836884,1644.600098,15.884554,196.875778,1558.43103,24.524557,108.920311,1585.269897,102.887375,-108.083084,1436.131714,7.774641,-170.299606,1263.253296,-52.781662,-182.715317,1257.166992,52.485939,91.071693,1302.460083,54.877724,-132.102921,1346.869751,-132.133301,24.226509,1413.403076,-141.297134,-118.853424,1283.310181,-245.744247,-132.62558,1219.018921,-341.919739,8.104339,1006.952026,-309.868958,65.69783,1046.675903,-241.679718,7.417304,952.850098,-275.213501,-164.365097,1338.269531,122.240929,-18.273676,1414.529175,177.397629,-140.391754,1303.928223,276.401825,-173.39003,1198.296265,365.826233,-39.483047,988.679199,338.360168,25.487467,1043.078979,292.776367,-12.824836,935.723755,318.162079,59.42506,1043.678955,-120.402412,-135.999756,1071.364746,-129.297424,-155.355484,1082.80835,137.673981,58.908691,1066.172607,148.650391
6.85,132.437088,1642.410645,14.278964,197.75148,1555.842529,22.234945,111.020943,1583.557373,101.425568,-108.359962,1435.3125,7.59667,-170.605545,1262.372681,-52.872395,-182.892654,1256.301025,52.405579,90.664215,1301.435181,54.463074,-132.853104,1346.124268,-132.173203,23.477528,1412.8479,-141.607971,-119.416199,1281.753662,-245.701157,-133.022842,1218.164551,-342.454865,7.43347,1006.019958,-310.591064,65.558258,1045.655762,-242.948212,6.752689,951.929077,-275.81427,-164.51091,1337.39978,122.32782,-18.198097,1413.613403,177.168259,-140.005981,1302.978882,276.502747,-172.859619,1197.322144,366.004852,-38.305481,988.028198,338.292633,26.28804,1042.671509,292.691528,-11.43057,935.008606,318.181335,59.062778,1042.779419,-120.776833,-136.469788,1070.004272,-129.47496,-155.532913,1081.880371,137.361786,58.887859,1065.608398,148.355988
6.858,133.931137,1640.641479,12.39298,198.652557,1553.5979,19.752602,112.869843,1581.789307,99.824837,-108.563797,1434.60498,7.623943,-170.92041,1261.461548,-52.956364,-183.011703,1255.522461,52.293797,90.42971,1300.258545,54.084038,-133.367508,1345.44751,-132.222656,22.983027,1412.338013,-141.93187,-119.875366,1280.609131,-245.888092,-133.381897,1217.594116,-342.809692,6.508911,1005.010254,-311.454407,65.232948,1044.602417,-244.183456,5.773722,950.986694,-276.478027,-164.559875,1336.616577,122.336441,-17.918922,1412.778687,176.884232,-139.554672,1302.16626,276.430115,-172.260117,1196.471558,366.1698,-37.443031,987.542969,338.392365,27.052439,1042.326782,292.599396,-10.563951,934.653809,318.123596,58.746582,1042.041138,-121.218201,-136.816269,1068.709473,-129.867828,-155.728531,1081.223755,137.124466,58.887623,1064.970215,148.085861
6.867,135.300446,1638.9021,10.526847,199.302322,1551.393677,17.193144,114.855759,1580.447144,98.214478,-108.642616,1434.006592,7.543345,-171.227386,1260.884766,-53.192059,-183.068832,1254.905762,52.098564,90.215767,1299.234741,53.87915,-133.73613,1344.924438,-132.328491,22.60836,1411.821167,-142.243179,-120.27021,1279.911011,-246.092941,-133.783035,1217.299438,-343.181946,5.42064,1004.215942,-312.186066,64.726952,1043.627075,-245.453644,4.626154,950.290527,-277.154968,-164.287094,1335.929688,122.342438,-17.516418,1411.968994,176.664093,-139.028534,1301.436157,276.307159,-171.644882,1195.873779,366.319824,-36.568665,987.10553,338.460571,27.811819,1041.994995,292.441895,-9.679553,934.226562,318.095764,58.528561,1041.389404,-121.564491,-136.83812,1067.325317,-130.139572,-155.888321,1080.638428,136.696564,58.973289,1064.469849,147.838486
6.875,136.327057,1637.55127,8.410988,199.988892,1549.511475,14.531249,116.558548,1579.250732,96.383644,-108.604897,1433.469116,7.367325,-171.339355,1260.33374,-53.469379,-183.005875,1254.439331,51.855045,90.254639,1298.497437,53.528503,-133.944458,1344.422119,-132.469681,22.459057,1411.391357,-142.514404,-120.562393,1279.66748,-246.483292,-134.327606,1217.238647,-343.601257,4.096946,1003.409241,-313.014954,64.149391,1042.700195,-246.68837,3.46734,949.591614,-277.836487,-164.061859,1335.372314,122.235832,-17.157148,1411.359741,176.330643,-138.559402,1300.825684,276.223389,-170.988846,1195.440552,366.382324,-35.609375,986.664062,338.397369,28.571386,1041.671509,292.350769,-8.57523,933.903442,318.115692,58.517555,1040.863892,-121.903389,-136.933411,1066.29126,-130.675369,-156.007919,1080.230347,136.313721,59.132633,1064.102417,147.580505
6.883,137.286682,1636.337402,6.224796,200.609879,1548.169678,11.757908,118.052559,1578.277588,94.492622,-108.431023,1433.060547,7.166368,-171.361969,1259.93103,-53.788189,-182.864487,1254.085693,51.56522,90.414909,1297.693237,53.052715,-133.995026,1343.97876,-132.751404,22.408665,1411.049683,-142.751862,-120.765846,1279.810059,-246.88652,-134.939255,1217.318237,-343.763367,2.923104,1002.959717,-313.800171,63.510262,1041.96228,-247.875839,2.194696,948.980835,-278.605591,-163.839371,1335.00769,122.161415,-16.675413,1410.887817,175.860245,-138.076172,1300.44751,275.974091,-170.399399,1195.21228,366.378021,-34.812214,986.420288,338.398132,29.326357,1041.425903,292.263977,-7.791739,933.656494,318.060425,58.788582,1040.389038,-122.262955,-136.733917,1065.415283,-131.291565,-156.021973,1080.003906,135.927551,59.423706,1063.910156,147.347092
6.892,138.015305,1635.291016,3.948487,201.013245,1546.946777,9.083437,119.577103,1577.511719,92.43898,-108.246346,1432.795288,6.927004,-171.28392,1259.615356,-54.172539,-182.649902,1253.844971,51.248695,90.680611,1297.15686,52.692802,-133.884583,1343.698486,-133.123032,22.557917,1410.755493,-143.010345,-120.905106,1280.281494,-247.238983,-135.408173,1217.516357,-343.794769,1.476697,1002.603516,-314.583679,62.724777,1041.486328,-249.142715,0.984509,948.588928,-279.179688,-163.377335,1334.809937,122.035004,-16.21596,1410.594238,175.449341,-137.544205,1300.223145,275.664764,-169.659958,1195.09021,366.302979,-34.144241,986.326904,338.408112,30.049623,1041.298584,292.207245,-7.108873,933.573975,317.978943,59.237564,1039.884399,-122.662804,-136.432861,1064.836914,-131.90799,-155.954956,1079.857788,135.419159,59.776672,1063.842041,147.040039
6.9,138.657852,1634.476807,1.497354,201.562012,1546.026001,6.273471,120.898079,1576.944336,90.250626,-108.029816,1432.681396,6.600817,-170.975632,1259.33667,-54.588284,-182.351028,1253.702515,50.893044,90.984428,1296.762817,52.354202,-133.703217,1343.500732,-133.525726,22.766529,1410.560669,-143.260406,-121.140266,1280.953247,-247.616943,-135.939133,1217.929443,-343.810547,0.358898,1002.567627,-315.21582,62.034817,1041.155029,-250.150146,-0.169248,948.47522,-279.921661,-162.960526,1334.678467,121.76152,-15.727381,1410.459839,175.019653,-136.90329,1300.151978,275.339722,-168.883041,1195.095825,366.247192,-33.526608,986.321167,338.431152,30.779909,1041.251953,292.151886,-6.57274,933.622437,317.933014,59.753201,1039.427979,-123.069298,-135.892792,1064.436035,-132.565903,-155.688461,1079.766846,134.723938,60.147285,1063.888794,146.716629
6.908,139.283463,1633.927124,-1.088607,202.054871,1545.245605,3.3894,122.293808,1576.666382,88.026222,-107.788872,1432.658325,6.228351,-170.704132,1259.218384,-55.015953,-182.03363,1253.646606,50.538166,91.46125,1296.547852,51.885048,-133.498779,1343.472046,-133.939667,23.035984,1410.423096,-143.503998,-121.515472,1281.74353,-247.768402,-136.606491,1218.426758,-343.734802,-0.963093,1002.714966,-315.844666,61.169304,1041.095337,-251.049789,-1.147483,948.448364,-280.42453,-162.557098,1334.731079,121.469452,-15.004145,1410.465942,174.588135,-136.081711,1300.205444,274.988831,-168.07222,1195.281128,366.121094,-32.759506,986.371582,338.281036,31.534187,1041.288086,292.011139,-6.138113,933.67218,317.883179,60.353588,1038.96875,-123.39489,-135.160843,1064.231934,-133.296326,-155.416809,1079.928101,134.193756,60.543423,1064.021484,146.406555
6.917,139.802277,1633.516846,-3.660944,202.392288,1544.746826,0.490757,123.591446,1576.609009,85.880928,-107.463463,1432.736694,5.82564,-170.390198,1259.244873,-55.417774,-181.649796,1253.683105,50.210426,91.878632,1296.527832,51.420547,-133.262741,1343.566772,-134.40062,23.325895,1410.36145,-143.749191,-121.764664,1282.539185,-247.822952,-137.51268,1219.023071,-343.51944,-2.019096,1002.992126,-316.194,60.468853,1041.259888,-251.754074,-2.086559,948.662842,-280.984406,-162.198807,1334.876953,121.154747,-14.466619,1410.66687,174.073898,-135.460892,1300.495728,274.69574,-167.358398,1195.630859,365.805359,-32.162205,986.609985,338.096863,32.217087,1041.463257,291.860596,-5.583258,933.907166,317.392578,61.06525,1038.624023,-123.696541,-134.33371,1064.185059,-133.958115,-155.061707,1080.202148,133.592865,61.033108,1064.208862,146.05545
6.925,140.221588,1633.248657,-6.439417,202.718674,1544.425659,-2.662641,124.883347,1576.687622,83.570404,-107.172394,1432.87146,5.379783,-170.038513,1259.32251,-55.791721,-181.238327,1253.845703,49.865707,92.345741,1296.613525,51.00563,-133.018936,1343.821655,-134.824234,23.60524,1410.408081,-144.053925,-122.057755,1283.311157,-247.663086,-138.427094,1219.530396,-343.223938,-2.84726,1003.33429,-316.557068,59.842499,1041.679443,-252.296509,-2.760975,948.939392,-281.257141,-161.869736,1335.114868,120.845428,-13.845785,1411.062012,173.51506,-134.770142,1300.872925,274.382965,-166.609528,1196.218384,365.639374,-31.698261,986.937195,337.94223,32.85321,1041.712402,291.720764,-5.370011,934.332642,317.356781,61.81311,1038.39563,-123.97258,-133.252625,1064.157471,-134.61647,-154.654587,1080.555298,132.969406,61.536839,1064.504883,145.624588
6.933,140.513474,1633.039673,-9.250909,203.099304,1544.260742,-5.724679,126.027779,1576.815552,81.032051,-106.811188,1433.0979,4.967711,-169.682495,1259.49939,-56.10733,-180.822723,1254.162476,49.591415,92.828476,1296.899048,50.594486,-132.889343,1344.125366,-135.061295,23.861399,1410.564575,-144.386963,-122.421783,1283.995483,-247.381531,-139.476883,1220.000122,-342.729004,-3.742049,1003.830322,-316.853943,59.187851,1042.334839,-252.752274,-3.201831,949.373291,-281.535187,-161.387207,1335.633057,120.590584,-13.358472,1411.620117,173.058029,-134.056793,1301.515259,274.026703,-165.687332,1196.912109,365.497498,-31.403906,987.330322,337.681152,33.395935,1041.98584,291.479034,-5.247414,934.774841,316.963165,62.612057,1038.291992,-124.199249,-132.049698,1064.372192,-135.034424,-154.42836,1080.997192,132.478607,61.974384,1064.789795,145.159851
6.942,140.801178,1632.973999,-12.042253,203.404602,1544.091675,-8.891742,127.069893,1577.120117,78.263588,-106.43821,1433.45166,4.579866,-169.343048,1259.756104,-56.334354,-180.318192,1254.552124,49.388317,93.388123,1297.359985,50.047318,-132.824585,1344.541138,-135.165283,24.028543,1410.824585,-144.755112,-122.960579,1284.646484,-247.050171,-140.669037,1220.491455,-342.107422,-4.443411,1004.494568,-316.920807,58.591187,1043.125,-253.014511,-3.438804,949.949524,-281.685547,-160.844635,1336.148193,120.259384,-12.80456,1412.195435,172.547318,-133.245895,1302.17981,273.656738,-164.832367,1197.684814,365.382843,-31.117609,987.914856,337.252502,33.867512,1042.365967,291.175415,-5.341533,935.233643,316.537964,63.423462,1038.331665,-124.305786,-130.793488,1064.714355,-135.551834,-154.016602,1081.387817,131.904282,62.281628,1064.998779,144.714813
6.95,141.258942,1633.079834,-15.052258,203.746262,1544.110229,-11.831309,128.381027,1577.63855,75.947609,-106.079834,1433.858521,4.239715,-169.045456,1260.156006,-56.442917,-179.80899,1255.087402,49.30904,93.916077,1298.029663,49.588593,-132.818817,1345.01709,-135.165466,24.133848,1411.205566,-145.143066,-123.605949,1285.261597,-246.523605,-142.021744,1220.874023,-341.437103,-4.920587,1005.326416,-316.851257,58.12883,1043.982788,-253.213165,-3.433097,950.584167,-281.832733,-160.277634,1336.793335,120.138069,-12.085058,1413.107666,172.105011,-132.399689,1303.093384,273.486603,-163.952545,1198.708984,365.172333,-30.93935,988.584534,336.819061,34.250626,1042.792969,290.795563,-5.428138,935.741394,316.047882,64.334213,1038.595093,-124.400986,-129.577118,1065.198486,-136.023529,-153.735504,1081.806641,131.448334,62.548065,1065.25354,144.276505
6.958,141.509338,1633.022827,-17.908169,203.745163,1544.014526,-15.073335,129.386185,1578.17395,73.704033,-105.735741,1434.356323,4.059172,-168.784302,1260.631836,-56.464046,-179.406418,1255.794312,49.242428,94.596695,1298.971436,48.962555,-132.908981,1345.556396,-135.086472,24.098989,1411.661011,-145.563034,-124.39975,1285.726929,-245.9095,-143.502258,1221.141113,-340.470276,-5.186252,1006.192688,-316.891388,57.717064,1045.168945,-253.313446,-3.215216,951.257263,-281.954834,-159.588623,1337.585205,120.109909,-11.430419,1414.103394,171.700577,-131.508484,1304.046631,273.399994,-163.075394,1199.780029,365.115845,-30.861176,989.251648,336.38736,34.544186,1043.284546,290.292297,-5.654711,936.415283,315.408875,65.328827,1039.031128,-124.484428,-128.479584,1066.011963,-136.601532,-153.506088,1082.283813,131.048187,62.829098,1065.646606,143.827637
6.967,141.671692,1633.052734,-20.801712,203.932068,1544.054321,-18.115063,130.574081,1578.615845,70.966438,-105.486519,1434.900879,3.923692,-168.574493,1261.196533,-56.412651,-178.917526,1256.508057,49.321552,95.358093,1299.947266,48.601475,-133.081985,1346.003418,-134.965851,23.942736,1412.167847,-145.964981,-125.290352,1286.186157,-245.115631,-145.035324,1221.2146,-339.368134,-5.44204,1006.991638,-316.764374,57.52927,1046.411133,-253.388199,-2.86117,952.116211,-282.06076,-159.033722,1338.401489,120.072128,-10.537824,1414.943359,171.427948,-130.650131,1305.18335,273.312103,-162.150803,1200.96814,365.125305,-30.825562,989.967407,335.771667,34.766373,1043.821777,289.667389,-5.876211,937.146057,314.660248,66.25666,1039.613403,-124.519821,-127.56945,1066.8479,-137.206177,-153.361542,1082.724976,130.545258,63.065334,1066.002441,143.463577
6.975,141.852783,1633.071899,-23.619654,204.192368,1544.103394,-21.032949,131.651596,1579.173096,68.196701,-105.265961,1435.487183,3.722655,-168.547379,1261.818604,-56.267937,-178.513596,1257.158691,49.522797,95.923576,1301.081665,48.11837,-133.377762,1346.390991,-134.640564,23.605755,1412.705688,-146.341324,-126.343178,1286.604126,-244.162506,-146.790787,1221.343872,-338.197479,-5.513828,1008.12915,-316.764221,57.474743,1047.730347,-253.538879,-2.42516,953.121582,-282.007294,-158.48877,1339.33374,120.100166,-9.78569,1416.157349,171.100143,-129.713882,1306.516113,273.287506,-161.145279,1202.304688,365.113586,-30.854229,990.895996,335.073517,34.801071,1044.403442,289.006958,-6.096581,937.808044,313.987518,67.099731,1040.321167,-124.547157,-126.602989,1067.830444,-137.669968,-153.238144,1083.140259,130.117661,63.169525,1066.295288,143.205978
6.983,141.958557,1633.110474,-26.491491,204.338577,1544.12085,-24.070387,132.666656,1579.784912,65.694824,-105.085121,1436.070679,3.671355,-168.489334,1262.286621,-55.956684,-178.043503,1257.860718,49.850235,96.565872,1302.353394,47.575253,-133.773453,1346.824463,-134.251617,23.021727,1413.385742,-146.746246,-127.366425,1286.713623,-243.062668,-148.54953,1221.420532,-336.865204,-5.426855,1009.21521,-316.538849,57.369888,1049.247192,-253.649765,-1.708051,954.167236,-282.135315,-157.87381,1340.368774,120.360931,-9.058282,1417.247437,170.685318,-128.725098,1307.797729,273.389984,-160.205963,1203.629028,365.226898,-30.942087,991.676392,334.359314,34.802643,1045.072021,288.230408,-6.325177,938.446228,313.241302,68.06012,1041.302002,-124.577927,-125.761002,1068.707031,-138.093918,-153.126083,1083.537842,129.714081,63.243641,1066.686157,143.044022
6.992,142.16835,1633.224609,-29.391899,204.594101,1544.169434,-26.938154,133.677887,1580.22876,63.66095,-104.974258,1436.702148,3.719137,-168.489563,1262.88269,-55.5284,-177.541824,1258.661865,50.305546,97.106422,1303.47876,47.162552,-134.245071,1347.231689,-133.763412,22.419094,1414.024902,-147.111984,-128.554306,1286.846558,-241.923294,-150.400314,1221.254883,-335.369812,-5.306243,1010.230408,-316.396698,57.550938,1050.804932,-253.765045,-0.88681,955.227295,-282.123383,-157.317078,1341.221558,120.705925,-8.247163,1418.458862,170.494522,-127.660362,1309.219849,273.66745,-159.210907,1205.109253,365.378265,-31.103706,992.535767,333.639832,34.729111,1045.678711,287.38385,-6.630876,939.159973,312.395538,68.746399,1042.394531,-124.589943,-124.977478,1069.709961,-138.619553,-153.030731,1083.929565,129.258621,63.269466,1067.036743,143.011917
7.0,142.31459,1633.228638,-32.242077,204.581223,1544.079712,-29.933908,134.684372,1580.841309,61.065182,-104.897316,1437.346924,3.924818,-168.463974,1263.342407,-55.064594,-177.272705,1259.523804,50.741554,97.712219,1304.899658,46.618801,-134.792145,1347.613037,-133.12146,21.778831,1414.606934,-147.357971,-129.846588,1286.894043,-240.703995,-152.195847,1221.032837,-333.824921,-5.123489,1011.546631,-316.237518,57.664368,1052.552368,-253.901596,0.070749,956.577698,-282.311646,-156.73735,1342.253906,121.00795,-7.546031,1419.690308,170.235489,-126.670761,1310.700317,273.851562,-158.162476,1206.562988,365.595978,-31.267859,993.541748,332.878937,34.595341,1046.300903,286.505676,-7.202001,939.99292,311.427002,69.398056,1043.656738,-124.577019,-124.370811,1070.67395,-138.976974,-152.818436,1084.209351,128.814484,63.246979,1067.319946,143.02037
7.008,142.614471,1633.26001,-35.045467,204.664124,1543.928833,-32.892689,135.563507,1581.377686,58.223122,-104.900963,1437.96106,4.106166,-168.853958,1264.189331,-54.717152,-176.720413,1260.208496,51.417969,98.156136,1306.071777,46.218967,-135.324997,1347.925781,-132.436752,21.029169,1415.246826,-147.659851,-131.016373,1286.874146,-239.397232,-154.091568,1220.784912,-332.202271,-4.769215,1012.692322,-316.258423,57.96777,1054.285645,-254.09848,1.263124,957.729553,-282.330353,-155.934982,1343.236084,121.621346,-6.525655,1420.758545,170.177979,-125.565681,1312.237793,274.245819,-157.075119,1208.095947,365.878235,-31.663816,994.515076,332.231445,34.450752,1046.957275,285.617279,-7.75829,940.613159,310.588806,70.058441,1044.984375,-124.584793,-123.792419,1071.650391,-139.234802,-152.634827,1084.36792,128.52626,63.11602,1067.490356,143.136383
7.017,142.958649,1633.175415,-37.929928,204.835373,1543.796509,-35.708279,136.540771,1581.776367,55.673473,-104.871788,1438.594238,4.316798,-167.599625,1263.718262,-53.356384,-176.312485,1260.877808,52.122559,98.761162,1307.500366,45.863068,-135.837265,1348.146362,-131.755783,20.290648,1415.839355,-147.974609,-132.176727,1286.724365,-238.054153,-156.108032,1220.487427,-330.580627,-4.187115,1013.856079,-316.060822,58.304588,1056.16687,-254.192169,2.373699,959.043274,-282.48291,-155.296783,1344.142822,122.097198,-5.578704,1422.077881,170.04567,-124.508705,1313.593994,274.668884,-156.052475,1209.515015,366.076843,-31.920004,995.319153,331.498688,34.232792,1047.565308,284.677429,-8.28289,941.333008,309.688263,70.574821,1046.526733,-124.545616,-123.306023,1072.596924,-139.383041,-152.432907,1084.417847,128.273361,63.053413,1067.732544,143.302765
7.025,143.174973,1633.061646,-40.617168,204.950104,1543.560425,-38.492847,137.54158,1582.169922,53.871922,-104.804962,1439.282471,4.618063,-167.56723,1264.083252,-52.429588,-176.04718,1261.599487,52.916073,99.372726,1308.737183,45.5354,-136.403275,1348.328735,-130.964874,19.563747,1416.308838,-148.11937,-133.235626,1286.569824,-236.660446,-157.967072,1220.080811,-328.790527,-3.714398,1015.307068,-316.112671,58.696503,1057.948242,-254.451218,3.588499,960.454346,-282.746887,-154.715851,1345.168091,122.716118,-4.83595,1423.228271,169.940094,-123.431595,1315.012573,275.102631,-154.886612,1210.968018,366.443573,-32.138912,996.177795,330.643829,33.881157,1048.077637,283.684479,-8.723875,941.832153,308.817688,71.060051,1048.036865,-124.415062,-122.823563,1073.588257,-139.464539,-152.217026,1084.470581,128.096359,63.011833,1068.022461,143.604538
7.033,143.353851,1632.88269,-43.324097,205.002075,1543.282959,-41.326542,138.654968,1582.758667,51.355068,-104.700943,1439.947632,4.940232,-167.517044,1264.452393,-51.595726,-175.660767,1262.303955,53.922245,99.802597,1309.94458,45.346806,-136.917557,1348.502686,-130.19577,18.792694,1416.709229,-148.371246,-134.487,1286.372681,-235.27002,-159.718597,1219.700684,-327.12204,-3.173572,1016.523743,-316.048798,59.095375,1059.88623,-254.609879,5.06082,961.745239,-282.964142,-154.146698,1346.155151,123.348022,-3.924006,1424.530396,169.897842,-122.150581,1316.348999,275.620605,-153.716141,1212.328247,366.719177,-32.472336,996.960449,329.853149,33.611019,1048.560425,282.76358,-9.335165,942.408997,307.821442,71.570389,1049.714844,-124.261101,-122.551994,1074.667725,-139.430893,-151.946976,1084.314697,128.047226,63.060841,1068.245483,144.314774
7.042,143.541901,1632.717651,-45.933151,205.122086,1542.969849,-43.997849,139.768219,1583.057251,48.965553,-104.580833,1440.499268,5.274156,-167.37059,1264.804688,-50.555363,-175.419296,1263.057495,54.737164,100.269669,1311.161743,45.104313,-137.400864,1348.647827,-129.37056,17.967157,1417.080688,-148.650726,-135.495453,1286.010254,-233.816818,-161.446976,1219.16687,-325.484558,-2.533084,1017.867432,-316.138947,59.516205,1061.717285,-254.816025,6.47155,963.152954,-283.251923,-153.518356,1347.067871,124.155075,-2.964755,1425.628662,169.89859,-120.920647,1317.731812,276.031097,-152.648727,1213.672485,367.092072,-32.853466,997.631653,328.979156,33.35284,1048.930786,281.855713,-10.089712,942.79425,306.84903,71.923973,1051.30896,-123.895218,-122.263306,1075.762451,-139.278107,-151.674545,1084.177124,128.098984,63.107601,1068.298584,144.503784
7.05,143.77356,1632.445557,-48.602444,205.13414,1542.689331,-46.532528,140.68512,1583.361938,46.601803,-104.409073,1441.073242,5.633519,-167.361053,1265.117065,-49.561054,-175.15448,1263.845459,55.64806,100.6306,1312.071167,45.101597,-137.869156,1348.772949,-128.487488,17.281109,1417.400146,-148.828278,-136.55954,1285.663818,-232.503143,-163.114441,1218.660278,-323.910095,-1.860162,1019.182434,-316.113525,59.937241,1063.695312,-254.989212,7.925691,964.667236,-283.728516,-152.913864,1348.019165,124.902565,-2.048893,1426.758911,169.982849,-119.817917,1319.050781,276.527924,-151.495773,1214.984985,367.405273,-33.295605,998.20166,328.209564,33.065884,1049.237305,280.931519,-10.845717,943.197083,305.932129,72.304581,1052.957031,-123.567619,-121.953377,1076.915649,-139.208908,-151.413269,1083.946899,128.208954,63.023636,1068.234619,144.502808
7.058,144.008392,1632.120605,-51.299049,205.206879,1542.16748,-49.220371,141.515503,1583.543457,44.351768,-104.191338,1441.545044,5.971876,-167.426331,1265.466675,-48.548378,-174.892151,1264.502319,56.751648,101.022072,1312.990845,45.095669,-138.380035,1348.826416,-127.656845,16.63645,1417.623779,-148.913223,-137.561096,1285.352539,-231.267059,-164.677322,1218.156738,-322.374603,-1.018294,1020.537598,-316.281708,60.421021,1065.562866,-255.146332,9.552099,965.959534,-284.052582,-152.181534,1348.985107,125.678421,-1.107737,1427.958374,169.987457,-118.54348,1320.292114,277.054443,-150.291656,1216.166016,367.722504,-33.806274,998.813782,327.391815,32.746147,1049.406128,280.048615,-11.503427,943.437805,305.081451,72.737862,1054.638184,-123.148094,-121.719879,1078.200562,-139.098038,-151.22049,1083.584229,128.418289,62.765465,1067.995117,144.621689
7.067,144.275696,1631.672363,-53.905323,205.279861,1541.676392,-51.737171,142.577225,1583.758179,42.244854,-103.978508,1441.959473,6.28997,-167.433365,1265.707642,-47.502827,-174.690826,1265.05249,57.746365,101.399261,1313.843506,44.986279,-138.854736,1348.821777,-126.83165,15.958244,1417.710938,-149.074966,-138.505127,1285.011597,-230.070145,-166.179764,1217.615356,-321.083466,-0.100103,1021.81543,-316.468781,60.932697,1067.517456,-255.389542,11.063884,967.511475,-284.552185,-151.549423,1349.934204,126.363754,-0.300113,1428.957397,169.963943,-117.141365,1321.521729,277.372009,-149.136841,1217.287109,367.926117,-34.408077,999.338928,326.503845,32.372406,1049.40332,279.18222,-12.493352,943.629517,304.100433,73.149353,1056.230835,-122.718018,-121.739723,1079.216553,-138.642883,-151.078537,1083.234497,128.63562,62.749886,1067.862915,144.998276
7.075,144.501511,1631.147705,-56.496727,205.343674,1541.096191,-54.194881,143.557541,1583.911255,40.038857,-103.720886,1442.332764,6.612581,-167.402191,1265.966553,-46.400253,-174.365265,1265.66272,58.927063,101.706215,1314.519165,45.083164,-139.299072,1348.794189,-126.015991,15.285636,1417.726074,-149.186646,-139.548141,1284.705566,-228.95311,-167.53569,1217.001953,-319.706573,0.867148,1023.075317,-316.557098,61.481499,1069.325439,-255.58049,12.654385,969.017517,-285.133698,-150.956238,1350.837646,127.220856,0.94266,1430.028809,170.057968,-116.054337,1322.63623,277.978821,-148.008743,1218.207397,368.093018,-34.97086,999.625977,325.595215,32.134804,1049.302734,278.381165,-13.327221,943.659119,303.126129,73.563309,1057.846924,-122.284325,-121.789574,1080.409302,-138.41597,-150.969269,1082.780273,128.867706,62.607147,1067.491943,145.398376
7.083,144.821136,1630.607056,-58.992218,205.5215,1540.317627,-56.673428,144.420761,1583.940308,37.620243,-103.382805,1442.688354,6.933072,-167.445068,1266.241333,-45.317604,-174.217651,1266.251221,59.993149,101.902252,1314.988892,45.226856,-139.708633,1348.730835,-125.122818,14.676597,1417.580078,-149.168167,-140.390503,1284.212769,-227.788132,-168.996155,1216.311157,-318.369232,1.79675,1024.474609,-316.888092,62.053375,1071.260132,-255.89389,14.278975,970.412659,-285.580383,-150.359772,1351.70874,128.018036,1.87807,1430.814697,169.869797,-114.659294,1323.736938,278.533905,-146.814865,1219.065918,368.288849,-35.57959,999.784363,324.676697,31.874445,1049.054565,277.537842,-14.15979,943.598572,302.271362,74.023293,1059.387085,-121.730705,-121.671799,1081.374268,-138.059647,-150.838989,1082.142334,129.194733,62.415371,1066.959961,145.909103
7.092,145.144043,1629.938232,-61.426517,205.668686,1539.536499,-59.015068,145.552094,1583.81604,35.334614,-103.052795,1442.968994,7.268578,-167.44989,1266.443237,-44.165661,-173.831879,1266.835449,61.236744,102.11174,1315.341797,45.407509,-140.16011,1348.66272,-124.300194,14.16897,1417.409912,-149.113358,-141.277328,1283.830811,-226.779953,-170.225754,1215.695312,-317.197571,2.770232,1025.749023,-317.238007,62.725895,1073.066772,-256.201874,15.856,971.979309,-286.185028,-149.729568,1352.563843,128.813217,2.66359,1431.649292,169.959106,-113.771103,1325.174683,280.230835,-145.748825,1219.839111,368.317291,-36.169746,999.810547,323.767334,31.606701,1048.706299,276.735413,-15.244262,943.33667,301.249664,74.467934,1060.97229,-121.310928,-121.582886,1082.590942,-137.605209,-150.774261,1081.604858,129.513107,62.255531,1066.424072,146.393875
7.1,145.379059,1629.040161,-63.817101,205.760178,1538.5979,-61.332088,146.627914,1583.692871,33.281246,-102.643547,1443.196777,7.683646,-167.457474,1266.623413,-43.061901,-173.544083,1267.372559,62.301846,102.327065,1315.57312,45.588047,-140.539902,1348.505981,-123.496254,13.735786,1417.138672,-149.093338,-142.023315,1283.398926,-225.809784,-171.36058,1214.894897,-315.96756,3.76133,1027.029419,-317.593964,63.313068,1074.893677,-256.539093,17.396147,973.43335,-286.81543,-148.968246,1353.367554,129.661453,3.799898,1432.572754,170.04808,-112.650658,1326.125122,280.94165,-144.641678,1220.369385,368.315796,-36.695942,999.734802,322.857239,31.172165,1048.06189,275.965424,-16.109972,943.013977,300.320312,74.81646,1062.401001,-120.821869,-121.182327,1084.05835,-136.950745,-150.857239,1080.96521,129.845291,61.998909,1065.673462,146.843704
7.108,145.80751,1628.141846,-66.115166,205.888885,1537.571899,-63.592815,147.605804,1583.422485,31.468689,-102.228928,1443.450073,8.046945,-167.470474,1266.771729,-41.949989,-173.178116,1268.034912,63.300079,102.505684,1315.722778,45.804131,-140.786697,1348.301392,-122.653618,13.306469,1416.785156,-149.018173,-142.726654,1282.86792,-224.920563,-172.423279,1214.109985,-314.789886,4.809037,1028.094116,-317.930756,63.919239,1076.530151,-256.807556,18.922703,974.804749,-287.481659,-148.247009,1354.114014,130.455658,5.010624,1433.199829,170.217209,-110.847023,1326.914429,281.413635,-143.459656,1220.809937,368.239471,-37.29884,999.506165,321.972565,30.8818,1047.442139,275.11142,-16.913284,942.528748,299.405334,75.243454,1063.820435,-120.281647,-121.07029,1085.035645,-136.503082,-150.910553,1080.284912,130.185989,61.765423,1065.010742,147.322662
7.117,146.174347,1627.206543,-68.484962,206.026306,1536.494873,-65.764961,148.553085,1583.041626,29.380993,-101.824837,1443.628174,8.481532,-167.491745,1266.84021,-40.938133,-172.885101,1268.487549,64.420616,102.735222,1315.726807,46.022949,-141.056137,1348.092773,-121.797844,12.914976,1416.336304,-148.884674,-143.384186,1282.208618,-224.045883,-173.415192,1213.32251,-313.781616,5.829907,1029.155151,-318.174988,64.494278,1078.138916,-257.203857,20.4039,976.13739,-287.891937,-147.561279,1354.712646,131.319733,6.132584,1433.749512,170.365128,-109.738739,1327.477417,281.807739,-142.453827,1221.068359,368.215759,-38.069393,999.238953,321.072632,30.558493,1046.618652,274.339905,-17.941988,941.864868,298.467346,75.484756,1065.130005,-119.885468,-121.283203,1086.296509,-135.885986,-150.858734,1079.541504,130.449142,61.520897,1064.196167,147.836395
7.125,146.56662,1626.219849,-71.112793,206.261459,1535.289551,-67.967903,149.601303,1582.581665,27.290514,-101.325935,1443.746948,9.007604,-167.529633,1266.926025,-39.901363,-172.57312,1268.924561,65.479416,103.018921,1315.60498,46.256477,-141.296066,1347.837402,-121.016678,12.583607,1415.773682,-148.763336,-143.984375,1281.544067,-223.160141,-174.261887,1212.408081,-312.789642,6.792795,1030.213867,-318.617096,65.115326,1079.601318,-257.497375,21.826986,977.330811,-288.514984,-146.822815,1355.280884,132.160431,7.131195,1434.112305,170.572769,-108.578903,1327.965698,282.308258,-141.453735,1221.160156,368.029083,-38.731255,998.805481,320.197052,30.258219,1045.777832,273.452728,-18.933676,941.181702,297.426727,75.581375,1066.336914,-119.446274,-121.288933,1087.212036,-135.434845,-150.737015,1078.696899,130.844345,61.154785,1063.16748,148.216843
7.133,146.924881,1625.042969,-73.080734,206.406082,1533.981812,-70.007782,150.689377,1582.105225,25.431227,-100.743233,1443.795898,9.479766,-167.524017,1266.957397,-38.875214,-172.269714,1269.290527,66.475372,103.331558,1315.356079,46.509216,-141.427734,1347.52771,-120.176811,12.353368,1415.209473,-148.654083,-144.544296,1280.849731,-222.349152,-175.011505,1211.544678,-311.956055,7.769813,1031.266479,-319.067017,65.626152,1081.001465,-257.812927,23.140093,978.485657,-289.001373,-145.881714,1355.782349,133.079773,8.391575,1434.503174,170.803314,-107.458481,1328.263794,282.902863,-140.345825,1221.130859,367.919464,-39.295406,998.212891,319.239471,29.86902,1044.716431,272.572083,-19.807329,940.371948,296.630249,75.43309,1067.018066,-117.810043,-121.360573,1088.371338,-134.903793,-150.768707,1077.849976,131.292969,60.872265,1062.276855,148.687668
7.142,147.370209,1623.725464,-74.971466,206.753082,1532.574097,-72.007919,152.024155,1581.545898,23.745689,-100.032959,1443.731934,9.987142,-167.538818,1266.99231,-37.929001,-171.973526,1269.624146,67.456902,103.678322,1314.995728,46.845291,-141.545624,1347.213135,-119.394012,12.17633,1414.545654,-148.443405,-144.995956,1280.086792,-221.618149,-175.700653,1210.649902,-311.103119,8.772817,1032.028198,-319.28241,66.183319,1082.235107,-257.99707,24.48365,979.416077,-289.404449,-145.155319,1356.212646,133.721695,9.384593,1434.646118,171.046646,-106.075127,1328.451904,283.428955,-139.323746,1220.957275,367.80304,-39.76376,997.493958,318.27597,29.481384,1043.579834,271.611572,-20.486078,939.283813,295.769501,75.514122,1068.033203,-117.393944,-121.533455,1089.18457,-134.393631,-150.726593,1076.924927,131.664108,60.544014,1061.371826,149.138992
7.15,147.97139,1622.475586,-77.087318,207.000244,1531.084351,-73.853271,153.122314,1580.893799,21.997023,-99.339966,1443.641846,10.446488,-167.444092,1266.917236,-36.903866,-171.510498,1269.827881,68.530441,104.118927,1314.579346,47.217346,-141.583389,1346.874756,-118.715485,12.097867,1413.787476,-148.220139,-145.35318,1279.220215,-220.908737,-176.190308,1209.797974,-310.472809,9.819925,1032.735229,-319.714203,66.679184,1083.218262,-258.24469,25.682522,980.346558,-289.925018,-144.316803,1356.537842,134.506012,10.687739,1434.624146,171.40863,-104.856529,1328.514771,284.12323,-138.412354,1220.580322,367.624603,-40.308323,996.536865,317.38382,29.160778,1042.310059,270.707336,-21.442936,938.191833,294.720245,75.459961,1068.848999,-116.918785,-121.640495,1089.949585,-134.090805,-150.632294,1075.957031,131.939987,60.139809,1060.171509,149.523743
7.158,148.51976,1621.010986,-78.892235,207.386887,1529.566528,-75.614914,154.267303,1580.061523,20.384111,-98.630737,1443.480591,11.006655,-167.339172,1266.822998,-36.018322,-171.095108,1269.963623,69.429962,104.512123,1313.948242,47.533943,-141.608231,1346.518921,-118.051208,12.09516,1413.023804,-148.017639,-145.574142,1278.267578,-220.228851,-176.678284,1208.848755,-309.709351,10.770098,1033.38208,-320.154053,67.262184,1084.134521,-258.379303,26.807472,981.216309,-290.495117,-143.41925,1356.688232,135.320816,11.928887,1434.418335,171.730164,-103.496468,1328.310425,284.423248,-137.535919,1220.197266,368.022766,-40.874088,995.473999,316.528076,28.885136,1040.914185,269.895111,-22.275137,936.965393,293.765808,75.320808,1069.411133,-116.542397,-122.070366,1090.829834,-133.466782,-150.537262,1075.06665,132.299637,59.895992,1059.092407,149.901978
7.167,149.342529,1619.535645,-80.801216,207.786148,1527.925781,-77.090103,155.486511,1579.157837,18.798786,-97.781975,1443.181274,11.567835,-167.232697,1266.703369,-35.147278,-170.636642,1269.990601,70.337669,104.890396,1313.197144,47.912418,-141.482788,1346.039795,-117.339684,12.172091,1412.25769,-147.731155,-145.691559,1277.377563,-219.636917,-176.924988,1207.930176,-309.312897,11.777762,1033.822388,-320.381531,67.825417,1084.896484,-258.553375,27.835663,981.891052,-290.984741,-142.638611,1356.780518,136.041489,13.034451,1434.041382,172.025757,-102.350395,1328.101318,285.328156,-136.543427,1219.524048,367.94577,-41.35569,994.38092,315.569336,28.560028,1039.40332,269.037109,-22.973188,935.645386,292.871094,75.162926,1069.845581,-116.271835,-122.153885,1091.465698,-133.034088,-150.421936,1073.981567,132.826889,59.680386,1057.806641,150.188477
7.175,150.026718,1618.040039,-82.327782,208.343597,1526.217285,-78.569305,156.759659,1578.097168,17.428253,-96.850594,1442.821533,12.053043,-167.104691,1266.592773,-34.355869,-170.232635,1269.917358,71.143059,105.350494,1312.399414,48.214603,-141.321533,1345.575684,-116.730423,12.310539,1411.332886,-147.481415,-145.786026,1276.380615,-219.017059,-177.122452,1207.024292,-308.854767,12.713739,1034.191162,-320.796387,68.312805,1085.392456,-258.693115,28.84543,982.234863,-291.227142,-141.722687,1356.721191,136.795914,14.442293,1433.590942,172.536255,-101.226952,1327.587524,285.530609,-135.664413,1218.668091,367.746948,-41.79562,993.213928,314.654053,28.27606,1037.863525,268.339905,-23.565472,934.267761,291.982574,74.921333,1070.170166,-116.020012,-122.647438,1092.054321,-132.238129,-150.261673,1072.828613,133.165604,59.505322,1056.409912,150.451965
7.183,150.759216,1616.410034,-83.753639,208.9077,1524.500854,-79.791794,157.91011,1577.004028,16.093081,-95.901482,1442.383057,12.668718,-166.788544,1266.215942,-33.423389,-169.788361,1269.816772,71.986603,105.893929,1311.443115,48.508236,-141.042267,1345.071533,-116.069733,12.549971,1410.392456,-147.248505,-145.810913,1275.494385,-218.661133,-177.153656,1206.155151,-308.450073,13.541927,1034.248657,-320.998962,68.900314,1085.667114,-258.719604,29.699137,982.513062,-291.662415,-140.922775,1356.520752,137.4328,15.811231,1432.785156,172.805389,-99.802856,1326.99585,286.41037,-134.753143,1217.725342,367.623047,-42.195694,991.741943,313.896362,28.01461,1036.129883,267.588043,-24.451008,932.826965,291.059174,74.669281,1070.27832,-115.80938,-123.121582,1092.637451,-131.635239,-150.118591,1071.810059,133.644531,59.24622,1055.000244,150.604492
7.192,151.689178,1614.770752,-85.244438,209.596603,1522.746216,-81.103561,159.207413,1575.814209,14.843007,-94.983994,1441.796387,13.186641,-166.451828,1265.829224,-32.671349,-169.281265,1269.485962,72.810753,106.430061,1310.370117,48.94635,-140.735825,1344.553955,-115.460144,12.881113,1409.540039,-147.047623,-145.56076,1274.508301,-218.221573,-177.158752,1205.246948,-308.027435,14.404021,1034.19043,-321.2771,69.454269,1085.76062,-258.6763,30.371376,982.614563,-292.021271,-139.933517,1356.134644,138.216415,17.140093,1431.965088,173.21785,-98.67968,1326.194824,286.676788,-133.804092,1216.690308,367.668732,-42.548515,990.370361,313.135254,27.891378,1034.449097,266.813263,-24.973154,931.250671,290.25415,74.392738,1070.211914,-115.691925,-123.599731,1093.050781,-131.08638,-150.067612,1070.72644,134.320251,59.187069,1053.378296,150.748764
7.2,152.641846,1613.078369,-86.320679,210.365906,1520.917847,-82.059631,160.642548,1574.654297,14.030685,-93.800339,1441.18457,13.669443,-166.15274,1265.434448,-31.923454,-168.741928,1269.115356,73.535645,107.062325,1309.143433,49.254681,-140.328369,1344.059937,-114.887856,13.411756,1408.563354,-146.746185,-145.320572,1273.631226,-217.866104,-176.962448,1204.46228,-307.953827,15.225176,1034.003662,-321.480286,69.907547,1085.603516,-258.636566,31.035387,982.54303,-292.275818,-139.093002,1355.742065,138.820328,18.295359,1430.906616,173.552841,-97.495796,1325.259033,287.296295,-132.892654,1215.44104,367.479462,-42.842354,988.883728,312.356079,27.85253,1032.621826,266.180695,-25.618582,929.680725,289.518066,74.063789,1069.916016,-115.588409,-124.202568,1093.225586,-130.432968,-149.873413,1069.534058,134.804413,59.110996,1051.79187,150.755646
7.208,153.87706,1611.380493,-87.265793,211.221527,1519.130249,-82.826317,161.927567,1573.137939,13.045761,-92.778709,1440.526611,14.04707,-165.834488,1265.048584,-31.303675,-168.211807,1268.706787,74.271149,107.717583,1307.825684,49.573963,-139.835709,1343.524658,-114.388756,14.011177,1407.450317,-146.480194,-145.047791,1272.827148,-217.717484,-176.68309,1203.786987,-307.774933,15.948192,1033.665649,-321.601868,70.304131,1085.202515,-258.508667,31.548153,982.24823,-292.646698,-138.133606,1355.192383,139.410919,19.71278,1429.823486,173.880997,-96.258049,1324.136841,287.687836,-132.039764,1214.113037,367.480682,-43.105652,987.160278,311.741425,27.873875,1030.713989,265.536865,-26.057085,927.987976,288.789307,73.667984,1069.406494,-115.537453,-124.739769,1093.294922,-129.949585,-149.748032,1068.439575,135.367401,59.117874,1050.000366,150.695877
7.217,154.913101,1609.692749,-88.053513,212.286819,1517.240601,-83.477432,163.349075,1571.863281,12.345705,-91.574661,1439.724976,14.550083,-165.477859,1264.628174,-30.71936,-167.608047,1268.179565,74.897148,108.303406,1306.359131,49.95731,-139.224289,1342.848877,-113.897057,14.694949,1406.47876,-146.319016,-144.524887,1271.946655,-217.484741,-176.338898,1203.099243,-307.627838,16.547293,1033.185059,-321.771301,70.64827,1084.585327,-258.307831,32.087814,981.797974,-292.981201,-137.074265,1354.560547,140.008865,21.157557,1428.49646,174.20015,-95.176285,1322.928711,288.034912,-131.175354,1212.719971,367.380005,-43.23587,985.514099,311.096039,27.857479,1028.666992,265.010529,-26.478609,926.171265,288.159058,73.167801,1068.685425,-115.598381,-125.552956,1093.401611,-129.19986,-149.755157,1067.370117,136.054764,59.160923,1048.253296,150.586853
7.225,156.231705,1607.913696,-88.697052,213.362671,1515.471558,-84.072227,164.929413,1570.442871,11.895071,-90.31353,1438.822144,15.002131,-165.032394,1264.139038,-30.097584,-166.916077,1267.569824,75.566772,109.078064,1304.887207,50.244587,-138.393875,1342.186279,-113.383263,15.672721,1405.364868,-146.074646,-143.942566,1271.248779,-217.384323,-175.803375,1202.409058,-307.514587,17.211954,1032.558594,-321.987,70.888603,1083.848267,-258.103271,32.431019,981.285034,-293.315186,-136.202988,1353.886841,140.58075,22.423765,1427.150024,174.557068,-93.861862,1321.691406,288.402649,-130.347214,1211.145142,367.285095,-43.317131,983.667542,310.569092,28.112545,1026.873535,264.285339,-26.824724,924.447632,287.569641,72.737129,1067.884521,-115.694832,-126.298264,1093.342041,-128.755615,-149.514252,1066.171631,136.65477,59.193073,1046.266602,150.468842
7.233,157.556229,1606.28125,-89.069504,214.490509,1513.647095,-84.409225,166.216431,1568.834961,11.442449,-89.10788,1437.911133,15.538536,-164.526443,1263.69165,-29.618502,-166.334396,1266.947876,76.066414,109.934792,1303.218384,50.478413,-137.632812,1341.560181,-113.043221,16.6686,1404.275391,-145.840469,-143.275208,1270.640503,-217.299332,-175.162796,1201.765747,-307.552551,17.86891,1031.891968,-322.130737,71.239906,1082.89209,-257.779724,32.654377,980.497192,-293.574646,-135.097183,1353.036133,141.130646,23.941868,1425.888428,175.155762,-92.874794,1320.261475,288.674835,-129.501663,1209.607056,367.119232,-43.240864,981.796265,310.08847,28.242214,1024.75293,263.812164,-26.956013,922.505676,287.185333,72.211243,1066.769165,-115.804398,-127.240913,1093.210571,-127.84642,-149.321716,1065.007202,137.235565,59.275715,1044.484131,150.294815
7.242,159.077057,1604.632446,-89.448715,215.783005,1511.824951,-84.545044,167.843903,1567.322754,11.120586,-87.635361,1436.931396,15.886985,-163.732178,1262.981812,-29.04467,-165.653442,1266.133667,76.64045,110.755287,1301.592163,50.777729,-136.681854,1340.918823,-112.666,17.776157,1403.072388,-145.687805,-142.446259,1269.973389,-217.312668,-174.451767,1201.231201,-307.601227,18.362345,1031.116089,-322.277191,71.497307,1081.684204,-257.470612,32.854053,979.437866,-293.854065,-133.968643,1352.109253,141.564117,25.301826,1424.217773,175.55925,-91.606941,1318.843262,288.873993,-128.671036,1207.991699,367.060242,-43.31522,979.936157,309.758118,28.308271,1022.651428,263.374573,-27.225348,920.589783,286.7771,71.69709,1065.571289,-116.022453,-128.12413,1093.096069,-127.124611,-149.240189,1063.946167,138.017517,59.33762,1042.366821,150.071762
7.25,160.593033,1602.957275,-89.429596,217.242294,1510.087646,-84.668121,169.427048,1565.692627,11.223386,-86.247963,1435.930908,16.331858,-163.161591,1262.396362,-28.552893,-164.920303,1265.439087,77.103195,111.632568,1299.584473,50.936531,-135.672623,1340.279175,-112.330887,19.028334,1401.885986,-145.379166,-141.592255,1269.282715,-217.386795,-173.684662,1200.746948,-307.643311,18.785381,1029.941284,-322.447205,71.734818,1080.369751,-257.213318,32.83712,978.393738,-294.06076,-132.92717,1351.203003,141.935455,26.902868,1422.487549,175.687119,-90.511597,1317.323486,289.116119,-127.881393,1206.350952,367.024597,-43.275265,978.061951,309.45285,28.43722,1020.637878,263.006226,-27.34247,918.600403,286.407928,70.968224,1064.14978,-116.216904,-129.03067,1092.793579,-126.495453,-149.103012,1063.008423,138.641174,59.414417,1040.493652,149.770416
7.258,162.24794,1601.311768,-89.328392,218.634125,1508.359985,-84.574646,171.159561,1564.153931,11.310388,-84.703835,1434.896484,16.685156,-162.56958,1261.891235,-28.265966,-164.168304,1264.726685,77.489265,112.653198,1297.636841,51.023369,-134.455139,1339.667847,-112.111092,20.47179,1400.616089,-145.194748,-140.536316,1268.626831,-217.361984,-172.88092,1200.302002,-307.75647,19.109074,1028.870117,-322.491852,71.952309,1078.799194,-256.911194,32.744804,977.031311,-294.143402,-131.704666,1350.275391,142.380569,28.301245,1420.636597,176.083649,-89.284309,1315.648193,289.181122,-127.126335,1204.681396,366.766907,-43.262203,976.186951,309.182068,28.570238,1018.510803,262.660278,-27.442019,916.7901,286.087677,70.295662,1062.677979,-116.435043,-129.821655,1092.466797,-125.847786,-148.92012,1061.940063,139.432831,59.437401,1038.296143,149.458328
7.267,164.10405,1599.841675,-89.03138,220.335281,1506.768433,-84.296112,172.944901,1562.478027,11.59462,-83.193619,1433.950684,16.965031,-161.884048,1261.425171,-27.971647,-163.401108,1264.003784,77.872787,113.516609,1295.480225,51.174667,-133.196533,1339.034668,-111.962326,22.004023,1399.32666,-144.882385,-139.581055,1268.14209,-217.579926,-171.743454,1199.782227,-308.029938,19.324903,1027.506836,-322.62204,72.16188,1077.119995,-256.650787,32.540138,975.672363,-294.250458,-130.612854,1349.306763,142.738434,29.959984,1418.894409,176.271683,-88.159981,1314.095459,289.397736,-126.284195,1202.995361,366.663239,-43.2033,974.366943,308.933441,28.71283,1016.408447,262.259796,-27.566175,914.82135,285.904999,69.734711,1061.106689,-117.418274,-130.514328,1091.936768,-125.229256,-148.850632,1061.030518,140.068192,59.533257,1036.296997,149.147537
7.275,165.887619,1598.299194,-88.368889,221.943878,1505.18811,-83.998642,174.705475,1560.898926,12.126142,-81.478668,1432.990967,17.282715,-161.037186,1261.024902,-27.732773,-162.704742,1263.388184,78.128059,114.482841,1293.328003,51.119713,-131.846466,1338.44812,-111.863464,23.577017,1398.110718,-144.677063,-138.285599,1267.481567,-217.743607,-170.711029,1199.451782,-308.30304,19.603054,1026.112061,-322.621613,72.48613,1075.252563,-256.427734,32.156422,974.077087,-294.230652,-129.447632,1348.394043,142.909134,31.570122,1416.936523,176.516434,-86.927574,1312.478638,289.448334,-125.482948,1201.407715,366.610443,-42.945518,972.412354,308.644257,28.945883,1014.374756,261.989075,-27.637398,913.006042,285.670074,69.112007,1059.581787,-117.603401,-131.301559,1091.467773,-124.597366,-148.723038,1060.200562,140.728973,59.560902,1034.164917,148.86087
7.283,168.033035,1596.966064,-87.75869,223.86377,1503.585327,-83.371933,176.758591,1559.293213,12.871069,-79.910851,1432.101196,17.588276,-160.265167,1260.644043,-27.582338,-161.881287,1262.670288,78.362152,115.524025,1291.005493,51.180237,-130.416428,1337.928955,-111.831459,25.404869,1396.821411,-144.470596,-137.038742,1266.993286,-217.937729,-169.604858,1199.143188,-308.526428,19.767033,1024.684448,-322.936981,72.721985,1073.384766,-256.130096,31.76276,972.496582,-294.231812,-128.173752,1347.588135,143.26683,33.197445,1415.062012,176.60762,-85.868675,1310.84314,289.485382,-124.705154,1199.750732,366.492218,-42.833721,970.605713,308.593079,29.199963,1012.403137,261.72049,-27.658182,911.017761,285.52887,68.366173,1057.731812,-117.877487,-132.077911,1091.039429,-123.963463,-148.707779,1059.532715,141.489288,59.652172,1031.961792,148.572037
7.292,170.285629,1595.769409,-86.89679,225.620346,1502.15564,-82.656509,178.68457,1557.665649,13.65728,-78.081001,1431.243286,17.760807,-159.526642,1260.342041,-27.569565,-160.901108,1262.106689,78.544365,116.534523,1288.588379,51.13665,-128.952057,1337.406616,-111.824776,27.263466,1395.516846,-144.331284,-135.69075,1266.456909,-218.205444,-168.236237,1198.88208,-308.835297,19.923138,1023.06427,-323.000183,72.948174,1071.335327,-255.833542,31.306513,970.789734,-294.086731,-127.075668,1346.772217,143.538834,34.939301,1413.084473,176.769394,-84.559578,1309.28064,289.567932,-123.942719,1198.190918,366.361725,-42.763165,968.828735,308.551697,29.357201,1010.354492,261.599854,-27.752745,909.367188,285.432281,67.673012,1055.917358,-118.027847,-132.772491,1090.688232,-123.361946,-148.720245,1058.947388,142.252075,59.669701,1030.039795,148.343674
7.3,172.440414,1594.480713,-85.574295,227.639938,1500.872925,-81.789246,180.666473,1556.043701,14.654224,-76.297432,1430.389526,17.948683,-158.636337,1260.138184,-27.517643,-160.092896,1261.699707,78.709076,117.522469,1286.327148,50.890564,-127.269165,1336.957275,-111.899544,29.170172,1394.214355,-144.209244,-134.216888,1265.967773,-218.532944,-166.910416,1198.612183,-309.229614,20.015162,1021.42572,-322.969818,73.153275,1069.203369,-255.631241,30.734358,969.097168,-293.945953,-125.648338,1345.952271,143.746735,36.589775,1411.178467,176.851883,-83.482887,1307.71228,289.51062,-123.102203,1196.769043,366.341522,-42.692215,967.149231,308.581146,29.57803,1008.385681,261.558075,-27.824545,907.533264,285.475647,66.964325,1054.09729,-118.187325,-133.581299,1090.38147,-122.784515,-148.750671,1058.562988,142.913376,59.628448,1027.866089,148.152756
7.308,174.781174,1593.390137,-84.195068,229.893204,1499.602539,-80.773155,182.685623,1554.509644,15.752181,-74.422157,1429.612427,18.05374,-157.54686,1259.933838,-27.54537,-159.197525,1261.380371,78.735542,118.720398,1283.876221,50.893749,-125.689178,1336.655273,-112.117195,31.251497,1392.947754,-144.000854,-132.729843,1265.582642,-218.777725,-165.479889,1198.351562,-309.762207,20.111059,1019.693481,-322.757385,73.382187,1067.011719,-255.234543,30.128265,967.266113,-293.784607,-124.460083,1345.199097,143.766541,38.371857,1409.410156,176.885452,-82.120811,1306.312378,289.484375,-122.400131,1195.235962,366.054932,-42.481831,965.463135,308.641113,29.872232,1006.540894,261.481689,-27.886229,906.038574,285.586548,66.289734,1052.159668,-118.346756,-134.660858,1090.181396,-122.179184,-148.754089,1058.189331,143.756973,59.609447,1025.998413,147.988342
7.317,177.357376,1592.533325,-82.799774,232.029572,1498.558105,-79.655632,184.867584,1553.010376,17.068579,-72.367805,1428.963501,18.069885,-157.132553,1260.122192,-27.929266,-158.110413,1261.144653,78.836243,119.738022,1281.519531,50.600479,-123.842857,1336.28894,-112.413681,33.311565,1391.739014,-143.932068,-131.106232,1265.220825,-219.27594,-163.881668,1198.202026,-310.250885,20.1922,1017.95636,-322.607117,73.684319,1064.871216,-254.835602,29.396339,965.569702,-293.280914,-123.131676,1344.562744,143.962814,40.112514,1407.638672,177.052155,-81.126259,1305.060791,289.399261,-121.782112,1194.048828,365.855743,-42.282059,963.899231,308.799835,30.177946,1004.725708,261.383362,-27.934511,904.483032,285.87085,65.640358,1050.416748,-118.420799,-135.17099,1089.834229,-121.406143,-148.725067,1058.087158,144.566437,59.48156,1024.014282,147.859604
7.325,179.964584,1591.752197,-81.131737,234.141541,1497.548218,-78.406174,186.820663,1551.468384,18.470417,-70.527649,1428.39209,18.098507,-156.06546,1260.069214,-28.092752,-157.315048,1260.829102,78.615715,120.971634,1279.302246,50.335182,-122.043495,1336.110718,-112.737518,35.598934,1390.592529,-143.800522,-129.454041,1264.906738,-219.68457,-162.338867,1198.122925,-310.76532,20.206575,1016.18396,-322.330078,73.927139,1062.664917,-254.480042,28.60364,963.660461,-292.780792,-121.66452,1344.089722,143.928879,41.901009,1405.778198,176.868607,-80.011482,1303.891357,289.344788,-120.947609,1193.011719,365.769348,-42.03384,962.447693,308.984344,30.414434,1003.157166,261.509247,-28.027294,903.175171,286.196899,64.871101,1048.453979,-118.440529,-135.480499,1089.630127,-120.932648,-148.633728,1058.069458,145.280106,59.34045,1022.349854,147.819611
7.333,182.566727,1591.075928,-79.307823,236.573898,1496.559448,-77.081047,188.917358,1550.170166,20.024036,-68.422768,1427.927856,18.068602,-154.93425,1260.119141,-28.306307,-156.334427,1260.756592,78.452065,122.136833,1276.991821,50.147076,-120.163239,1336.018188,-113.065956,37.882885,1389.426636,-143.786255,-127.687035,1264.706665,-220.203979,-160.632477,1198.180664,-311.402832,20.163919,1014.410828,-321.962616,74.047592,1060.374023,-253.883667,27.638901,962.01416,-292.21283,-120.335403,1343.612549,143.956314,43.662315,1404.233032,176.886353,-78.776436,1302.771118,289.23291,-120.185371,1192.089355,365.509674,-41.864872,961.172791,309.30304,30.602682,1001.527527,261.709991,-28.031725,901.952881,286.591736,64.206146,1046.705933,-118.516129,-135.999985,1089.497559,-120.529877,-148.509109,1058.21936,145.945602,59.233078,1020.655273,147.836304
7.342,185.254364,1590.360107,-77.223206,238.929535,1495.810791,-75.541801,191.214722,1548.706787,21.842424,-66.471649,1427.508545,17.903124,-153.616211,1260.188965,-28.526402,-155.219116,1260.706421,78.273148,123.385872,1274.868652,49.683636,-118.231834,1335.995728,-113.583168,40.305912,1388.416626,-143.802032,-125.908508,1264.637817,-220.747803,-158.823944,1198.408203,-311.931091,20.121416,1012.640015,-321.441986,74.145195,1058.136719,-253.151718,26.792015,960.190674,-291.558136,-118.864975,1343.302002,143.806763,45.409431,1402.620483,176.84726,-77.744934,1301.930298,288.973633,-119.53965,1191.345337,365.340576,-41.607857,960.183838,309.679016,30.938019,1000.271667,261.972931,-27.988806,900.93219,287.149414,63.57608,1044.898315,-118.530479,-136.568436,1089.3479,-120.100067,-148.321762,1058.628784,146.629105,58.888878,1019.149414,147.609848
7.35,188.105209,1589.8573,-75.114052,241.37941,1495.052124,-73.961411,193.334961,1547.436279,23.557272,-64.35952,1427.169922,17.748777,-152.410202,1260.397461,-28.940897,-154.104584,1260.736572,77.924744,124.510727,1272.834717,49.444298,-116.194992,1336.076294,-114.089439,42.726376,1387.556763,-143.872833,-123.904701,1264.665161,-221.350586,-156.923218,1198.796753,-312.794067,19.954781,1010.923401,-320.871033,74.195702,1055.930664,-252.207108,25.833641,958.494995,-290.814484,-117.525131,1342.988037,143.589722,47.33194,1401.180786,176.679993,-76.565994,1301.228149,288.762115,-118.993996,1190.736816,365.085205,-41.402275,959.355652,310.172974,31.350319,999.088684,262.211639,-27.967863,900.097412,287.788055,62.777557,1043.079712,-118.489922,-137.08609,1089.078857,-119.634315,-148.095291,1059.134521,147.235886,58.612476,1017.73761,147.653275
7.358,190.972214,1589.505615,-72.984543,243.946457,1494.559082,-72.104095,195.398224,1546.2146,25.485239,-62.264729,1426.953613,17.567408,-151.231522,1260.699463,-29.412086,-153.10321,1260.885498,77.537292,125.890282,1270.978149,48.856339,-114.218582,1336.311646,-114.74482,45.190056,1386.672729,-143.959625,-121.935257,1264.907349,-222.032852,-154.786911,1199.285645,-313.525909,19.911543,1009.290344,-320.227692,74.101295,1053.717407,-251.250153,24.894089,956.808533,-290.15564,-116.038673,1342.781006,143.344833,48.961555,1399.975464,176.387146,-75.532295,1300.658569,288.459625,-118.503212,1190.391113,364.910156,-41.19054,958.661316,310.712463,31.824783,998.185852,262.795441,-27.897657,899.52063,288.523865,61.997387,1041.380737,-118.45713,-137.579788,1088.793823,-119.313141,-147.82872,1059.883911,147.795029,58.457706,1016.649475,147.620651
7.367,193.888596,1589.104614,-70.633469,246.491318,1493.981323,-70.453964,197.548859,1544.937256,27.352074,-60.346912,1426.802612,17.246695,-149.929825,1261.19519,-29.988453,-151.994186,1261.151245,77.080986,126.999023,1269.206055,48.5439,-112.186081,1336.620117,-115.337502,47.778568,1386.023315,-144.038437,-119.784355,1265.334839,-222.754929,-152.746323,1199.870972,-314.432587,19.838417,1007.820984,-319.553406,73.906837,1051.739868,-250.110535,23.895538,955.359863,-289.500153,-114.713997,1342.642334,142.94545,50.729733,1398.64502,176.192886,-74.555519,1300.243286,288.102051,-118.035385,1190.231567,364.707275,-40.935047,958.25531,311.363861,32.318775,997.528381,263.257446,-27.812534,899.216187,289.212799,61.153271,1039.577637,-118.499084,-138.019241,1088.499756,-119.088821,-147.545517,1060.817383,148.169647,58.384815,1015.862488,147.726913
7.375,196.757172,1588.803467,-68.232216,249.01976,1493.569824,-68.600357,199.716034,1543.889038,29.196959,-58.235813,1426.797607,16.958019,-148.771698,1261.796875,-30.651041,-150.984161,1261.629761,76.410431,128.387314,1267.806396,48.215908,-110.016655,1337.009766,-116.064545,50.363274,1385.439209,-144.083801,-117.696022,1265.874634,-223.652786,-150.441589,1200.610474,-315.425415,19.781597,1006.475952,-318.885315,73.711731,1049.677002,-248.920425,22.979919,953.925781,-288.785645,-113.386848,1342.674683,142.574844,52.155697,1397.681641,175.870605,-73.500328,1299.942017,287.754364,-117.542023,1190.235107,364.449249,-40.629631,957.972656,312.154877,32.722294,997.093994,263.813232,-27.562912,898.923645,290.147217,60.393116,1038.067383,-118.493614,-138.397202,1088.234741,-118.862297,-147.405289,1061.986816,148.592926,58.289925,1015.284424,147.896423
7.383,199.68605,1588.691284,-65.725418,251.609619,1493.257812,-66.669113,201.861649,1542.820801,31.305265,-56.359936,1426.918701,16.525328,-147.581207,1262.391724,-31.269918,-150.024384,1262.16748,75.799927,129.466827,1266.511108,47.753681,-107.885712,1337.45752,-116.855835,52.930698,1385.037598,-144.196869,-115.382446,1266.544189,-224.447647,-148.077805,1201.382568,-316.269745,19.791712,1005.142212,-318.24469,73.52343,1047.747803,-247.641174,22.242798,952.471252,-288.094696,-112.034027,1342.849121,141.985748,53.906639,1396.836792,175.660812,-72.630432,1299.824097,287.320374,-117.102234,1190.446167,364.211182,-40.22007,957.90979,312.812073,33.123394,996.825867,264.476562,-27.335493,899.002136,291.093353,59.592216,1036.446777,-118.410591,-138.756134,1088.097534,-118.852478,-147.211685,1063.150513,148.831741,58.190994,1014.969482,147.964249
7.392,202.65535,1588.651489,-63.442894,254.140854,1492.880127,-64.72612,203.99411,1541.905518,33.33569,-54.282963,1427.189209,16.120087,-146.237717,1263.153564,-31.997637,-148.953644,1262.744507,75.157219,130.68013,1265.371948,47.42305,-105.696266,1338.03772,-117.667007,55.608463,1384.691772,-144.274506,-113.156143,1267.370239,-225.539078,-145.780945,1202.255249,-317.381561,19.820169,1003.998413,-317.511414,73.302483,1045.951538,-246.544403,21.463509,951.242065,-287.450317,-110.792641,1343.166504,141.511551,55.247875,1396.306519,175.332947,-71.816284,1299.892944,286.85257,-116.644974,1190.844971,364.027374,-39.821888,958.086975,313.579559,33.631439,996.798035,265.142151,-27.151386,899.217285,292.159821,58.826935,1034.960205,-118.467476,-138.86496,1087.924194,-118.642899,-147.100845,1064.601196,148.992432,58.16267,1014.919495,148.048965
7.4,205.675171,1588.752075,-60.789516,256.900635,1492.730957,-62.715626,206.135742,1541.072388,35.429474,-52.373005,1427.610474,15.59203,-145.054352,1264.217041,-32.931194,-147.952393,1263.570435,74.35331,131.86911,1264.572388,47.06535,-103.643478,1338.737549,-118.530769,58.233223,1384.59314,-144.405396,-110.74044,1268.305908,-226.487061,-143.125366,1203.3125,-318.404327,19.896793,1003.001831,-316.765198,73.274368,1044.320068,-245.430664,20.738844,950.14032,-286.714569,-109.631233,1343.733643,140.895462,56.697346,1395.87146,175.098373,-70.905907,1300.055054,286.339355,-116.247757,1191.431152,363.81073,-39.27845,958.467407,314.37558,34.164509,996.990356,265.990143,-26.763468,899.862549,293.212219,58.125866,1033.564453,-118.546173,-138.971741,1087.987183,-118.558784,-147.086899,1066.242676,149.197006,58.186554,1015.126099,148.137085
7.408,208.75264,1588.888062,-58.26001,259.353607,1492.56543,-60.668301,208.307159,1540.394531,37.635941,-50.398106,1428.266113,15.092421,-143.794647,1265.177734,-33.698872,-146.836884,1264.575073,73.594627,132.903564,1264.064697,46.792057,-101.388939,1339.631226,-119.433395,60.801651,1384.58374,-144.58017,-108.389336,1269.382568,-227.526382,-140.663528,1204.451294,-319.394867,19.941767,1001.938354,-316.248932,73.271652,1042.718872,-244.61618,20.037489,948.963928,-286.050262,-108.271584,1344.281006,140.230484,58.02383,1395.579712,174.711731,-70.216927,1300.526001,285.859955,-115.892555,1192.226929,363.70401,-38.892372,959.068176,315.164062,34.69809,997.414612,266.576691,-26.486738,900.664917,294.190552,57.560131,1032.50293,-118.64077,-139.055206,1088.285645,-118.634193,-147.133972,1068.06897,149.347015,58.25425,1015.58075,148.137253
7.417,211.829239,1589.042358,-55.741364,261.988617,1492.505127,-58.528244,210.392761,1539.765015,39.715832,-48.515526,1428.921875,14.556729,-142.526459,1266.503296,-34.623886,-145.873276,1265.654785,72.821869,134.063293,1263.631348,46.518703,-99.292198,1340.68042,-120.36364,63.377522,1384.803223,-144.707108,-105.930351,1270.587891,-228.638351,-137.966232,1205.661011,-320.383606,19.959829,1001.06488,-315.779968,73.425102,1041.247925,-243.659149,19.216705,948.055969,-285.419342,-107.15052,1344.961304,139.520615,59.228352,1395.500244,174.425842,-69.529297,1301.171631,285.350952,-115.61541,1193.186523,363.551605,-38.458309,959.964661,315.980194,35.323311,998.164734,267.366913,-26.161522,901.690125,295.257843,57.069527,1031.445068,-118.771606,-138.938583,1088.593872,-118.41349,-147.229324,1070.000977,149.492676,58.325962,1016.309021,148.138306
7.425,214.72261,1589.228516,-53.103024,264.575867,1492.641113,-56.330143,212.496445,1539.314941,41.851978,-46.570019,1429.670654,14.082525,-141.072006,1267.639893,-35.467594,-144.886658,1266.834961,71.90242,134.656189,1263.334717,46.703121,-97.0849,1341.72644,-121.189842,65.979294,1385.250488,-144.757217,-103.429237,1271.769775,-229.723343,-135.179413,1206.816162,-321.441498,19.908733,1000.214478,-315.345947,73.611206,1039.801758,-243.138885,18.36878,947.245972,-284.728912,-106.071136,1345.780884,138.774902,60.367321,1395.551636,174.039368,-68.954918,1301.893188,284.844116,-115.338158,1194.353516,363.380585,-37.848797,960.949402,316.779816,36.02541,999.123535,268.134918,-25.716593,902.965088,296.339752,56.792175,1030.626953,-118.801018,-138.817505,1089.078491,-118.38549,-147.214783,1072.226318,149.520035,58.377174,1017.151123,148.132446
7.433,217.673782,1589.63269,-50.474228,267.032074,1492.792114,-54.214764,214.358871,1538.8479,44.051796,-44.81908,1430.509521,13.478096,-139.822998,1269.165649,-36.413124,-143.922928,1268.023438,70.989159,135.772446,1263.393677,46.536957,-95.046524,1342.970337,-122.086121,68.472878,1385.862915,-144.857819,-100.93441,1273.08374,-230.843124,-132.434448,1208.01416,-322.453369,19.856674,999.41217,-314.900452,73.748268,1038.478638,-242.663284,17.433372,946.496033,-283.911499,-105.005104,1346.743286,137.968613,61.39143,1395.94812,173.708145,-68.481758,1302.794434,284.339508,-115.158356,1195.611938,363.230713,-37.106831,962.229126,317.648438,36.670513,1000.260681,268.788879,-25.055368,904.339417,297.484406,56.516434,1030.006348,-118.803139,-138.526505,1089.552124,-118.45562,-147.233475,1074.46521,149.625458,58.52998,1018.257874,148.137054
7.442,220.495651,1590.021362,-47.781837,269.324188,1493.05249,-51.870262,216.289215,1538.564941,46.264065,-43.054611,1431.391724,12.947324,-138.460739,1270.490479,-37.311874,-143.015076,1269.452271,69.960068,136.844376,1263.536133,46.347221,-92.870201,1344.25061,-122.804337,70.967384,1386.61731,-144.971771,-98.423035,1274.447021,-231.902588,-129.602951,1209.253784,-323.343506,19.784523,998.586243,-314.485565,74.042755,1037.175903,-242.278824,16.423941,945.772339,-283.118927,-103.942299,1347.755127,137.198074,62.320919,1396.316895,173.321365,-68.16404,1303.978516,283.816437,-115.130844,1197.037842,363.094788,-36.340393,963.688538,318.567902,37.353729,1001.751282,269.533081,-24.154982,906.023193,298.613586,56.260376,1029.475464,-118.777687,-138.082916,1090.048462,-118.509216,-147.157608,1076.929932,149.671509,58.66045,1019.460815,148.116562
7.45,223.25563,1590.508179,-45.054028,271.785278,1493.341187,-49.634914,218.089066,1538.281616,48.571644,-41.40493,1432.303467,12.29371,-137.08873,1272.044312,-38.378368,-142.018753,1270.700684,68.934669,137.806686,1263.867188,46.372437,-90.831169,1345.681274,-123.707077,73.345665,1387.497314,-145.074417,-95.886414,1275.888428,-232.953293,-126.758766,1210.619385,-324.191254,19.646448,997.83783,-314.029022,74.517822,1035.958252,-242.051178,15.359396,945.19635,-282.411743,-103.058388,1348.852051,136.198105,63.133747,1396.80188,172.959213,-67.860794,1305.176758,283.27066,-115.065804,1198.5177,362.85907,-35.493301,965.352478,319.477905,38.102394,1003.406494,270.196045,-23.291143,907.74707,299.684448,55.792255,1028.974609,-118.542831,-137.604675,1090.416016,-118.496735,-146.983154,1079.548218,149.604507,58.736015,1020.766113,148.209137
7.458,225.922653,1591.067139,-42.257385,274.018097,1493.718994,-47.482639,219.736801,1537.926147,50.694241,-39.781006,1433.454346,11.661366,-135.817062,1273.464355,-39.232334,-141.232834,1272.196411,67.849632,138.872711,1264.383545,46.294643,-88.689667,1347.143555,-124.476944,75.74456,1388.456177,-145.103561,-93.239868,1277.31543,-234.062836,-123.910957,1211.948975,-324.95105,19.454805,997.166199,-313.66571,74.889664,1034.871704,-241.818497,14.224682,944.841614,-281.74881,-102.242271,1349.946655,135.20546,63.863754,1397.395874,172.535782,-67.631958,1306.546143,282.677032,-115.138809,1200.193481,362.697021,-34.59557,967.080139,320.472198,38.878155,1005.253662,270.868805,-22.480001,909.861023,300.7388,55.653912,1028.687012,-118.301956,-136.94957,1090.786255,-118.486115,-146.84082,1082.194336,149.504318,58.955185,1022.371765,148.366928
7.467,228.50061,1591.626221,-39.449806,276.151093,1494.201904,-44.99189,221.146164,1537.5354,52.733452,-38.292671,1434.462524,11.141014,-134.602646,1275.067627,-40.428497,-140.405975,1273.544312,66.825348,139.804443,1265.020264,46.11314,-86.686493,1348.726196,-125.304626,78.201294,1389.593994,-145.129349,-90.637009,1278.826904,-234.929718,-120.90947,1213.284424,-325.772614,19.225033,996.565491,-313.332092,75.307808,1033.613403,-241.770355,13.181857,944.45166,-280.93927,-101.489311,1351.116089,134.218246,64.548981,1398.174927,172.124649,-67.496315,1307.870605,282.043365,-115.221672,1201.803467,362.490662,-33.714252,969.033691,321.318298,39.592499,1007.330322,271.468506,-21.39402,911.808044,301.941986,55.586319,1028.478027,-118.024162,-136.272461,1091.187988,-118.610069,-146.63031,1084.934082,149.509262,59.130428,1023.96991,148.466187
7.475,230.867004,1592.163818,-36.530098,278.274353,1494.560547,-42.650558,222.581619,1537.30249,55.121853,-36.808586,1435.598633,10.335382,-133.384644,1276.514893,-41.483791,-139.610748,1274.997559,65.70105,140.686401,1265.702026,46.145554,-84.608154,1350.17395,-126.249924,80.613136,1390.761841,-145.200653,-88.142479,1280.420044,-235.942566,-118.065811,1214.772339,-326.508698,18.950592,996.055481,-312.94696,75.677399,1032.649048,-241.705994,12.128509,944.085571,-280.126373,-100.871864,1352.311279,133.151901,64.959579,1399.023071,171.68161,-67.482849,1309.400757,281.368988,-115.560692,1203.583862,362.28186,-32.732029,970.950806,322.202332,40.35321,1009.327759,272.196655,-20.394556,914.196411,303.101898,55.529655,1028.312622,-117.653107,-135.604507,1091.526367,-118.750671,-146.236923,1087.560913,149.359787,59.366604,1025.806152,148.622025
7.483,233.227615,1592.719971,-33.622707,280.232452,1495.062988,-40.218853,223.83873,1537.162598,57.382816,-35.434326,1436.734497,9.729631,-132.034775,1278.119141,-42.639458,-139.090744,1276.544189,64.76825,141.494385,1266.425049,46.262203,-82.599892,1351.672729,-127.137871,82.954758,1391.934082,-145.229019,-85.438179,1281.831299,-236.809296,-115.1175,1216.273071,-327.219818,18.609837,995.608765,-312.551727,76.14563,1031.723633,-241.671219,11.062267,943.916626,-279.327515,-100.291145,1353.48877,132.038879,65.298935,1399.801392,171.213364,-67.601219,1310.740601,280.664764,-115.734009,1205.202271,361.793243,-31.860598,973.155884,322.97876,41.145943,1011.550049,272.88266,-19.549332,916.517639,304.047607,55.606022,1028.221191,-117.307045,-135.154953,1092.053955,-119.311951,-145.816452,1090.143677,149.130112,59.584713,1027.598999,148.768112
7.492,235.471588,1593.23999,-30.821735,282.185822,1495.45105,-37.764935,225.236069,1537.075073,59.809093,-34.247932,1437.893921,8.955805,-130.882492,1279.562378,-43.959942,-138.348587,1277.783813,63.39399,142.318588,1267.237793,46.33675,-80.472794,1353.13147,-128.114258,85.22934,1393.23291,-145.220062,-82.762108,1283.523071,-237.713364,-112.295303,1217.674316,-327.883087,18.400694,995.393372,-312.326691,76.600311,1030.741943,-241.692688,10.129934,943.754456,-278.557983,-99.763222,1354.64978,130.958237,65.497711,1400.725586,170.768097,-67.770432,1312.281616,279.904846,-116.148018,1206.928833,361.443512,-30.908087,975.070923,323.737091,41.89698,1013.761169,273.558594,-18.640131,918.842285,305.031952,55.81472,1028.192139,-116.973999,-134.024673,1092.144653,-119.082047,-145.426437,1092.732422,148.866348,59.916096,1029.618652,148.932632
7.5,237.557068,1593.75061,-27.949736,283.938782,1495.86377,-35.108147,226.2202,1536.947266,62.043083,-33.071812,1439.001465,8.272331,-129.512711,1280.992188,-45.239418,-137.601944,1278.929932,62.016956,142.940826,1268.281616,46.226204,-78.59024,1354.633545,-129.049881,87.473961,1394.550659,-145.242813,-80.159851,1285.001343,-238.482513,-109.246941,1219.154053,-328.643829,18.136822,995.036621,-311.704559,77.08934,1030.004883,-241.660004,9.165802,943.709656,-277.696747,-99.433121,1355.79895,129.807312,65.610466,1401.743774,170.19751,-68.1866,1313.646606,279.215271,-116.690125,1208.803467,361.273621,-30.054537,977.125916,324.582184,42.600891,1016.060974,274.164642,-17.446806,921.199158,306.101379,56.067829,1028.119385,-116.622223,-133.515152,1093.013428,-120.037949,-144.973679,1095.200073,148.455276,60.225143,1031.533936,149.090347
7.508,239.662811,1594.339233,-24.888235,285.649933,1496.227539,-32.532028,227.335541,1536.82373,64.524437,-31.978313,1440.115112,7.55986,-128.407501,1282.376709,-46.450882,-137.060852,1280.30249,60.716557,143.590469,1269.230713,46.469906,-76.552269,1356.061523,-130.020462,89.634415,1395.862793,-145.143036,-77.612312,1286.674194,-239.329346,-106.373375,1220.650879,-329.321228,17.986416,994.906128,-311.408936,77.54319,1029.408081,-241.679092,8.34662,943.918579,-276.943848,-99.223038,1356.905029,128.551636,65.56633,1402.637207,169.839645,-68.578636,1315.02771,278.473053,-117.340607,1210.511841,361.010284,-29.094774,979.180542,325.294617,43.298473,1018.395569,274.849121,-16.600584,923.565063,306.961334,56.412846,1028.0271,-116.335945,-132.606354,1093.296997,-120.515686,-144.392227,1097.549927,147.974823,60.600262,1033.571899,149.290756
7.517,241.625748,1594.813843,-21.992968,287.2117,1496.51123,-29.97732,228.13855,1536.674805,66.865044,-31.008087,1441.288696,6.82436,-127.351936,1283.668945,-47.777115,-136.386627,1281.38562,59.32299,144.123962,1270.164185,46.661419,-74.738678,1357.425415,-131.086929,91.767548,1397.10022,-145.036621,-75.097038,1288.265381,-240.194,-103.423531,1222.067505,-329.987366,17.872835,994.840454,-311.178009,78.030373,1028.792358,-241.78537,7.450951,944.112,-276.319427,-99.087219,1357.915649,127.328857,65.373192,1403.547485,169.360046,-69.081314,1316.337891,277.719025,-118.16703,1212.103882,360.656738,-28.247877,981.220642,325.989868,43.853676,1020.711426,275.836456,-15.558114,925.977966,307.962769,56.837357,1027.988037,-116.189499,-131.597473,1093.465942,-120.817879,-143.867401,1099.879883,147.458969,60.999889,1035.609131,149.437912
7.525,243.336182,1595.227295,-19.046455,288.595856,1496.835205,-27.369078,228.746628,1536.475098,69.201187,-30.172527,1442.234375,6.033299,-126.390877,1284.932739,-49.357555,-136.029678,1282.524048,57.76371,144.65155,1271.273071,46.764252,-72.800774,1358.746216,-132.073883,93.860939,1398.458496,-144.918015,-72.544365,1289.755493,-241.026718,-100.623276,1223.680542,-330.869232,17.85943,994.861511,-310.953735,78.594872,1028.256836,-241.837234,6.849602,944.349365,-275.695831,-99.042786,1358.912231,126.084206,65.057129,1404.582031,168.792084,-69.750206,1317.541016,276.998535,-119.05764,1213.513428,360.156067,-27.261333,983.252319,326.807007,44.445316,1023.006348,276.460144,-14.224822,928.293274,309.192474,57.404224,1028.067261,-116.137825,-130.733658,1093.567261,-121.22126,-143.438873,1102.112549,146.962723,61.585228,1037.757812,149.60257
7.533,245.038208,1595.595947,-16.15494,290.001617,1497.047729,-24.704865,229.403442,1536.046631,71.643288,-29.424828,1443.198486,5.307877,-125.435081,1286.014038,-50.86451,-135.630661,1283.503906,56.37492,145.089294,1272.313354,46.932751,-71.109856,1359.974609,-133.019699,95.822754,1399.691406,-144.847748,-70.104935,1291.333008,-241.808868,-97.828239,1225.158081,-331.56369,17.98937,994.982483,-310.630341,79.138901,1027.920654,-241.933121,6.367765,944.569702,-274.973389,-99.184006,1359.872314,124.806679,64.521477,1405.483887,168.430054,-70.673347,1318.778076,276.202759,-119.955376,1214.871094,359.742889,-26.140379,985.177612,327.659393,45.063553,1025.304199,276.997498,-13.081233,930.570251,310.259003,57.227188,1027.407959,-114.240448,-129.713943,1093.612915,-121.71814,-143.024216,1104.086914,146.33519,62.023357,1039.94519,149.788757
7.542,246.553772,1595.890991,-13.164186,291.282043,1497.205078,-22.167843,229.8069,1535.719849,73.953087,-28.779585,1444.156494,4.632387,-124.554939,1287.148682,-52.232346,-135.31723,1284.32666,55.061668,145.475906,1273.180542,47.178471,-69.293648,1361.131104,-134.114548,97.694931,1400.839844,-144.678482,-67.733696,1292.791016,-242.712265,-95.121765,1226.537354,-332.397949,18.183975,995.216309,-310.35553,79.750519,1027.731567,-241.813416,5.989721,945.005127,-274.202728,-99.340637,1360.633179,123.655838,63.9114,1406.306396,168.043503,-71.594734,1319.819946,275.492645,-121.201027,1216.049683,359.1763,-25.203186,987.122009,328.510956,45.588158,1027.645996,277.459778,-11.682169,932.686401,311.400909,57.942238,1027.348389,-113.962059,-128.703354,1093.661865,-122.249763,-142.705811,1106.007324,145.657974,62.792091,1042.165527,150.116165
7.55,247.92424,1596.052002,-10.198046,292.275848,1497.319214,-19.574867,230.109055,1535.411133,76.230843,-28.205507,1445.010864,3.992041,-123.784592,1288.152222,-53.623264,-135.180786,1285.255371,53.5252,145.7509,1274.158447,47.458332,-67.692856,1362.260132,-135.056854,99.563515,1402.011353,-144.438187,-65.376259,1294.220581,-243.586517,-92.550056,1228.012695,-333.15213,18.380558,995.478394,-310.060211,80.438293,1027.728394,-241.713394,5.725243,945.611267,-273.539337,-99.613823,1361.341187,122.380745,63.276829,1407.124146,167.835266,-72.658478,1320.664062,274.682526,-122.341949,1217.036621,358.624847,-24.100502,988.899292,329.451508,46.279926,1029.86438,277.869385,-10.20265,934.922241,312.618408,58.576839,1027.246216,-113.716393,-127.587128,1093.598389,-122.772156,-142.453644,1107.760742,145.038651,63.427567,1044.487915,150.228683
7.558,249.293152,1596.181641,-7.357785,293.262939,1497.292358,-16.986139,230.573029,1535.041748,78.616394,-27.748299,1445.787354,3.307204,-123.181679,1289.133911,-55.051235,-135.02002,1285.967529,52.190048,146.194168,1275.225586,47.633263,-66.1717,1363.254028,-135.917084,101.233978,1403.108521,-144.134109,-63.115456,1295.639404,-244.34111,-89.901329,1229.352905,-333.834656,18.601059,995.92926,-309.787231,81.013054,1027.77002,-241.669769,5.570763,946.067383,-272.817352,-99.901276,1361.980713,121.191498,62.417492,1407.951416,167.458176,-73.993378,1321.524292,274.037842,-123.688301,1217.873657,358.07724,-22.878376,990.630249,330.307922,46.839413,1032.050781,278.27951,-8.783032,936.816101,313.720032,59.386227,1027.224609,-113.6418,-126.531349,1093.598755,-123.469742,-142.29509,1109.233032,144.308655,64.02317,1046.540894,150.273529
7.567,250.452698,1596.105225,-4.558271,294.173309,1497.182495,-14.464871,230.777374,1534.507446,80.886147,-27.378136,1446.476318,2.777629,-122.648132,1290.192017,-56.625259,-134.948288,1286.50354,50.905239,146.360352,1276.059082,47.958374,-64.700935,1364.261963,-136.798233,102.795906,1404.114868,-143.70813,-60.788197,1296.952881,-245.236298,-87.404198,1230.648193,-334.592834,18.906786,996.381287,-309.426239,81.583252,1027.843262,-241.51178,5.599475,946.435608,-271.997559,-100.499474,1362.446045,120.009872,61.352966,1408.650879,167.240387,-75.185623,1322.198608,273.315552,-125.039581,1218.511719,357.56781,-21.754248,992.243835,331.028015,47.389172,1034.25,278.722504,-6.987928,938.630432,314.790619,60.298523,1027.198853,-113.53891,-125.432953,1093.460449,-124.148216,-142.152039,1110.612671,143.543396,64.52549,1048.45752,150.221375
7.575,251.656235,1595.949829,-1.870958,294.951508,1496.841187,-11.930146,230.875443,1533.875366,83.082695,-27.077328,1447.081909,2.315955,-121.685791,1290.803101,-57.809742,-134.965424,1286.963135,49.515083,146.453598,1276.822998,48.40667,-63.436127,1365.161011,-137.607101,104.18837,1405.0,-143.370361,-58.724655,1298.203247,-246.025986,-85.048004,1231.818726,-335.249878,19.238874,996.804871,-309.078094,82.192245,1027.989258,-241.214828,5.734993,947.036987,-271.260651,-101.104332,1362.866943,118.954224,60.393776,1409.163452,167.091614,-76.723999,1322.606079,272.720276,-126.484962,1218.950439,357.224854,-20.613964,993.616028,331.787201,47.90823,1036.359253,279.179535,-5.487125,940.345337,315.72168,61.27607,1027.298096,-113.464592,-124.327164,1093.219482,-124.870911,-142.063293,1111.784668,142.769821,65.11853,1050.458862,150.21431
7.583,252.701935,1595.670288,0.786701,295.587219,1496.315063,-9.374035,230.995285,1533.31543,85.262505,-26.931366,1447.567505,1.993519,-121.009583,1291.283325,-58.859085,-134.988266,1287.444092,48.185516,146.482422,1277.569458,48.801517,-62.285862,1366.022217,-138.314789,105.453613,1405.827881,-142.776398,-56.844936,1299.420654,-246.656052,-82.793861,1232.915894,-335.972137,19.782663,997.221069,-308.585297,82.878693,1028.164307,-240.852798,6.000737,947.413086,-270.638519,-101.777634,1363.123047,117.821609,59.10165,1409.631836,167.106598,-78.189812,1322.860107,272.137512,-127.817276,1218.991333,356.313721,-19.467691,995.012512,332.434235,48.522842,1038.30957,279.665253,-3.846836,942.045715,316.554138,62.146709,1027.270996,-113.450554,-123.181229,1092.781372,-125.521988,-141.996582,1112.653687,141.822937,65.686371,1052.369507,150.129181
7.592,253.680084,1595.2854,3.424936,296.072784,1495.84668,-7.054062,231.099411,1532.67041,87.425972,-26.927666,1447.990356,1.763785,-120.453033,1291.755981,-59.843952,-135.129044,1287.702881,46.938416,146.469818,1278.339478,49.096149,-61.320698,1366.839966,-138.952866,106.627205,1406.644409,-142.257782,-55.109329,1300.583984,-247.292465,-80.699936,1233.983398,-336.520874,20.338821,997.645874,-308.094391,83.486954,1028.479492,-240.386292,6.260673,947.801819,-270.080048,-102.587372,1363.357788,116.954514,57.822239,1409.940918,167.142136,-79.717667,1322.88147,271.734314,-129.23143,1219.002197,356.045807,-18.470615,996.10437,333.042908,49.092968,1040.118286,280.174622,-2.256889,943.372192,317.129089,63.06263,1027.259521,-113.433899,-121.748077,1091.598633,-125.366646,-142.175369,1113.421997,140.941788,66.188141,1054.064941,150.0578
7.6,254.595551,1594.803101,5.931111,296.580139,1495.216431,-4.736576,231.271347,1531.805298,89.568306,-26.948254,1448.308594,1.582031,-119.978653,1292.168701,-60.932838,-135.667191,1287.937256,45.650322,146.403473,1279.050659,49.529705,-60.421921,1367.512695,-139.358612,107.598351,1407.244507,-141.649384,-53.536114,1301.581787,-247.969269,-78.937469,1234.817993,-336.935059,20.883152,998.284546,-307.879608,84.030174,1028.730957,-239.916946,6.725149,948.18573,-269.545502,-103.528885,1363.385254,116.050278,56.543671,1410.131226,167.371094,-81.481224,1322.725464,271.21814,-130.634949,1218.769897,355.807892,-17.398157,997.130432,333.562195,49.662697,1041.909668,280.659943,-0.692657,944.772583,317.68811,64.102356,1027.315796,-113.454391,-120.646278,1090.900635,-125.828461,-142.109573,1113.942749,139.855545,66.666451,1055.788086,150.019836
7.608,255.515045,1594.117676,8.335485,297.044128,1494.331665,-2.392936,231.381424,1530.980103,91.665138,-27.034607,1448.502075,1.47441,-119.589127,1292.45459,-61.852962,-135.840576,1287.914307,44.580704,146.274292,1279.647705,50.044277,-59.631813,1368.203979,-139.756195,108.442291,1407.813232,-140.910446,-52.133263,1302.515625,-248.211945,-77.21891,1235.462402,-337.052277,21.597292,998.775391,-307.464935,84.5672,1028.949951,-239.298264,7.356103,948.381287,-268.996216,-104.419373,1363.265381,115.148087,55.005283,1410.260132,167.515305,-83.17131,1322.254028,270.984344,-131.934509,1218.221924,355.793304,-16.085894,997.918457,333.915619,50.218658,1043.410889,281.058807,0.741602,946.026001,318.191681,65.111961,1027.390503,-113.551651,-119.65966,1090.318481,-126.835419,-142.198486,1114.270264,138.998367,67.211624,1057.406372,149.887207
7.617,256.318237,1593.413696,10.687542,297.359802,1493.441772,-0.2692,231.338409,1530.054077,93.628807,-27.221172,1448.595459,1.465318,-119.249603,1292.600342,-62.664024,-136.026932,1287.748535,43.591721,146.027145,1280.070312,50.679436,-59.039448,1368.707031,-140.031586,109.113586,1408.264282,-140.254959,-50.936325,1303.356079,-248.57283,-75.896759,1235.978394,-337.226532,22.379078,999.096069,-306.959106,85.231239,1029.366333,-238.604584,8.045085,948.62854,-268.547699,-105.230423,1363.0,114.404579,53.621166,1410.168213,167.886688,-84.923683,1321.689209,270.5979,-133.306778,1217.589111,355.777344,-15.099745,998.62207,334.332489,50.813118,1044.854248,281.451691,2.604882,946.76825,318.653595,65.984901,1027.391357,-113.706223,-118.668213,1089.672241,-127.342758,-142.325394,1114.325195,138.005936,67.625069,1058.723999,149.778259
7.625,257.146942,1592.671143,13.067183,297.63205,1492.436523,1.788526,231.187103,1528.959473,95.495605,-27.465202,1448.598267,1.572806,-118.962616,1292.652832,-63.412056,-136.202332,1287.421875,42.681915,145.772156,1280.40979,51.233459,-58.578602,1369.04248,-140.205536,109.70282,1408.698975,-139.551498,-50.072731,1303.944824,-248.848068,-74.687103,1236.521362,-337.443695,23.144119,999.427124,-306.488708,85.76194,1029.640747,-238.045471,8.741558,948.9552,-268.137329,-106.294685,1362.574951,113.673225,51.963375,1409.943359,168.226318,-86.498138,1321.045288,270.452545,-134.622406,1216.696777,355.832886,-14.062085,999.024109,334.869507,51.375832,1046.017822,281.82373,3.98072,947.609131,318.885864,66.836151,1027.396973,-113.827446,-117.693306,1089.073975,-128.045975,-142.373734,1114.294312,137.121872,68.194641,1060.079102,149.686844
7.633,257.86908,1591.599976,15.215437,297.902496,1491.185913,4.026647,231.202026,1527.977539,97.419151,-27.842508,1448.52124,1.792884,-118.752457,1292.578857,-64.024445,-136.460007,1287.030884,41.955013,145.506409,1280.703979,51.813713,-58.217655,1369.318115,-140.35849,110.109917,1408.996704,-138.809616,-49.163456,1304.404419,-248.809937,-73.732277,1236.848633,-337.393311,23.995943,999.640137,-306.10202,86.278534,1029.919434,-237.379318,9.690766,948.986816,-267.610809,-107.29303,1362.079102,113.223747,50.528511,1409.658691,168.756714,-88.397774,1320.091797,270.614777,-135.830688,1215.577637,356.041901,-12.827419,999.156921,335.003662,52.06126,1046.977417,282.250244,5.605779,948.086609,319.166382,67.683533,1027.466187,-113.993858,-116.93438,1088.243164,-128.541885,-142.507767,1114.103271,136.379944,68.693665,1061.12439,149.617325
7.642,258.572876,1590.471558,17.272287,298.068115,1489.980591,5.963914,231.167786,1526.723633,99.28598,-28.194723,1448.309082,2.073065,-118.641342,1292.403564,-64.498009,-136.745697,1286.557861,41.277187,144.970261,1281.026001,52.522934,-57.944378,1369.531494,-140.404068,110.366211,1409.220215,-138.197784,-48.577133,1304.671631,-248.677765,-73.116776,1237.025879,-337.171051,24.932207,999.877197,-305.567566,86.831848,1030.220093,-236.686768,10.56541,948.976013,-267.164246,-108.138275,1361.528442,112.808113,49.264645,1409.272461,169.462357,-89.598442,1319.376099,271.046326,-136.948425,1214.283447,356.029358,-11.745301,999.132751,335.218781,52.728733,1047.775757,282.654999,7.145759,948.362,319.276672,68.536987,1027.508911,-114.192856,-116.099411,1087.527466,-129.120209,-142.628052,1113.638184,135.620148,69.309479,1062.036865,149.522949
7.65,259.302094,1589.357544,19.360781,298.202393,1488.512329,7.969359,231.266876,1525.576782,100.9851,-28.559589,1448.018921,2.440547,-118.549667,1292.117432,-64.852913,-137.086258,1285.949829,40.899082,144.501984,1281.172974,53.19873,-57.784084,1369.60083,-140.340485,110.579117,1409.419678,-137.451294,-48.185829,1304.813477,-248.420273,-72.586853,1237.032593,-336.785797,25.746616,1000.128479,-305.11087,87.50679,1030.588257,-236.023361,11.599616,948.986023,-266.764923,-108.887596,1360.710205,112.619095,47.801407,1408.92334,170.084686,-91.037872,1318.107788,271.265015,-137.965347,1212.735474,356.227112,-10.746099,998.889038,335.503632,53.385555,1048.281494,282.930206,8.547872,948.393616,319.333405,69.328522,1027.478149,-114.404495,-115.545326,1086.690552,-129.838043,-142.694931,1113.161621,135.114853,69.874786,1062.830078,149.428238
7.658,259.87915,1588.011353,21.153925,298.344238,1487.094482,9.761388,231.219086,1524.181641,102.730087,-29.002769,1447.635132,2.911049,-118.528572,1291.704102,-65.063194,-137.419907,1285.181274,40.618168,144.002335,1281.19165,53.97036,-57.72974,1369.541748,-140.181885,110.644272,1409.4552,-136.721375,-47.997635,1304.836182,-247.999634,-72.314316,1236.941528,-336.234985,26.465557,1000.196594,-304.630371,88.05584,1030.821411,-235.46933,12.708719,948.883179,-266.283966,-109.651619,1359.818726,112.593704,46.538628,1408.280518,170.918503,-92.140511,1316.997925,271.628448,-138.897644,1211.078979,356.41806,-9.657249,998.498535,335.449402,54.061394,1048.744751,283.109924,10.192952,948.162292,319.291504,70.084015,1027.468384,-114.710648,-115.141533,1086.462769,-130.595352,-142.783859,1112.372803,134.547485,70.345398,1063.269897,149.413467
7.667,260.642334,1586.632568,22.893925,298.563843,1485.394775,11.557313,231.264206,1522.946289,104.237633,-29.439974,1447.166504,3.42925,-118.519958,1291.244629,-65.173859,-137.85202,1284.480591,40.379566,143.417343,1280.972046,54.747566,-57.766796,1369.327759,-139.835602,110.598969,1409.397095,-136.005905,-47.988972,1304.713257,-247.423721,-72.353043,1236.681274,-335.447968,27.542727,1000.202087,-304.047577,88.744072,1031.030273,-234.879761,13.756625,948.846802,-265.946869,-110.542473,1359.003784,112.68721,45.404037,1407.59082,171.747452,-93.080956,1315.836426,272.224976,-139.685593,1209.318237,356.626068,-8.601118,997.873169,335.361633,54.687897,1048.828735,283.263458,11.507937,947.812012,319.124023,70.819244,1027.433716,-115.016762,-114.632652,1085.380249,-130.935989,-142.821594,1111.575806,134.171783,70.824188,1063.519775,149.453796
7.675,261.4133,1585.156494,24.456345,298.726532,1483.665527,13.20598,231.261795,1521.456421,105.614174,-29.849886,1446.507812,4.116169,-118.543953,1290.707886,-65.079979,-138.276352,1283.789673,40.322701,142.829544,1280.607666,55.614807,-57.931755,1369.101074,-139.473251,110.437073,1409.258301,-135.300735,-48.192451,1304.430298,-246.646118,-72.657944,1236.344604,-334.651917,28.153967,1000.258667,-303.625183,89.459335,1031.292114,-234.436279,14.936117,948.670715,-265.448608,-111.275711,1358.114258,112.820007,44.226635,1406.895508,172.626465,-94.06012,1314.158813,272.455048,-140.340469,1207.446533,356.834473,-7.680745,997.061951,335.373566,55.276375,1048.687134,283.315918,13.139476,947.133728,318.979156,71.556816,1027.449707,-115.272064,-114.164917,1084.668579,-131.256729,-142.849274,1110.490112,133.767014,71.189316,1063.593872,149.528076
7.683,261.969574,1583.595215,25.920683,298.850006,1481.940796,14.619281,231.398697,1520.078369,106.973145,-30.237741,1445.733643,4.820111,-118.614044,1290.084351,-64.841225,-138.65834,1283.097046,40.431129,142.206055,1280.151367,56.465775,-58.224895,1368.806519,-138.963699,110.189575,1409.002075,-134.562057,-48.549679,1304.069092,-245.770081,-73.182968,1235.922607,-333.651794,28.81838,1000.223511,-303.157532,90.086136,1031.463257,-234.024612,15.998736,948.397339,-265.181946,-111.878578,1357.100098,113.295967,43.332241,1405.984741,173.596741,-94.839378,1312.884888,273.222809,-140.875931,1205.358154,357.150757,-6.45584,995.93866,335.088776,55.870457,1048.288574,283.256683,14.231342,946.437744,318.579468,72.343239,1027.45813,-115.517952,-113.814384,1083.967163,-131.508392,-142.991501,1109.367432,133.533752,71.422516,1063.468994,149.671326
7.692,262.687347,1581.885864,27.16449,298.941101,1480.053467,16.049145,231.485245,1518.47583,108.165802,-30.574955,1444.962402,5.699337,-118.746597,1289.404541,-64.536171,-138.975708,1282.101807,40.760406,141.589188,1279.514648,57.376511,-58.619713,1368.416382,-138.371918,109.838295,1408.71875,-133.85524,-49.120876,1303.578857,-244.728348,-73.890686,1235.331177,-332.516479,29.471596,1000.200867,-302.692596,90.738998,1031.610718,-233.602142,17.225027,948.131287,-264.895721,-112.373512,1356.218018,113.728371,42.478001,1405.056519,174.59613,-96.164284,1309.990356,272.692017,-141.181122,1203.230957,357.468201,-5.55825,994.737488,334.847076,56.488697,1047.688721,283.015015,15.732251,945.554382,318.243958,73.117722,1027.543335,-115.736115,-113.354507,1082.984619,-131.602646,-143.174683,1108.084595,133.330856,71.526833,1063.091187,149.85405
7.7,263.357574,1580.15979,28.341429,299.126312,1478.187866,17.186691,231.747406,1516.983887,109.184898,-30.934849,1444.205322,6.614335,-118.890427,1288.620361,-64.011719,-139.29129,1281.277466,41.163048,141.095688,1278.847046,58.165436,-59.076328,1367.933838,-137.577164,109.440857,1408.237549,-133.092361,-49.756763,1302.983765,-243.517609,-74.937836,1234.623291,-331.347198,30.271658,1000.140686,-302.330658,91.356438,1031.759888,-233.263168,18.523821,947.804688,-264.737366,-112.893272,1355.205811,114.372368,41.898914,1403.889526,175.610611,-96.765663,1308.0354,273.200714,-141.34433,1200.9646,357.856171,-4.496769,993.431213,334.572479,57.119324,1046.859985,282.71167,16.933859,944.412964,317.67746,73.803955,1027.587402,-115.888519,-113.146622,1082.21521,-131.833633,-143.325333,1106.655884,133.088577,71.449493,1062.511475,150.131561
7.708,263.957764,1578.381714,29.336327,299.186707,1476.212158,18.237944,232.058075,1515.342407,110.226341,-31.209263,1443.353271,7.654075,-119.066353,1287.825195,-63.448669,-139.607239,1280.378662,41.678207,140.548584,1277.971924,59.065437,-59.606281,1367.406616,-136.815842,108.888115,1407.610229,-132.409729,-50.648594,1302.262573,-242.340973,-76.129997,1233.777222,-329.964294,30.934259,1000.058533,-302.056763,91.89045,1031.953857,-233.064819,19.667854,947.511414,-264.762085,-113.291367,1354.246704,115.171448,41.354427,1402.760742,176.756058,-97.173805,1306.430542,274.603333,-141.277023,1198.661011,358.250366,-3.2055,991.851562,334.032623,57.752819,1045.841064,282.309387,18.142286,943.209106,317.040771,74.458611,1027.595825,-115.967697,-112.917183,1081.411255,-132.08046,-143.55925,1105.18335,132.865463,71.328415,1061.716431,150.423782
7.717,264.464539,1576.410278,30.08754,299.442932,1474.099243,19.27071,232.328461,1513.75769,111.033669,-31.453583,1442.4375,8.675702,-119.328102,1286.927734,-62.602737,-139.838577,1279.367676,42.395294,140.083694,1277.005737,59.940414,-60.212551,1366.69043,-135.856659,108.342834,1406.984741,-131.722153,-51.738197,1301.40625,-241.076614,-77.586311,1232.841919,-328.500854,31.51926,999.91626,-301.842621,92.463348,1032.19104,-232.902298,21.093775,947.065796,-264.610565,-113.574631,1353.182861,115.916832,41.033333,1401.533447,177.866714,-97.071106,1303.875977,273.548859,-141.058594,1196.189087,358.858154,-2.223932,990.163818,333.642975,58.487858,1044.654175,281.769836,19.590277,941.61792,316.455505,75.075638,1027.541504,-115.997223,-112.718086,1080.367065,-131.915405,-143.753326,1103.646606,132.720123,71.249046,1060.832764,150.89357
7.725,265.177216,1574.607788,30.697971,299.728607,1472.100708,19.911518,232.515808,1511.916016,111.746002,-31.704884,1441.482788,9.649446,-119.520111,1285.950195,-61.873981,-140.116577,1278.249878,43.107002,139.731415,1275.913574,60.762112,-60.860901,1365.929443,-134.928864,107.627426,1406.131592,-131.049026,-52.909519,1300.449585,-239.802994,-79.13588,1231.766235,-327.038177,32.126831,999.698486,-301.640137,92.949951,1032.380371,-232.817734,22.400728,946.645081,-264.777496,-113.862419,1351.99707,116.822845,40.756466,1400.202271,178.911682,-97.178314,1301.908936,274.503723,-140.648804,1193.630737,359.335449,-0.869261,988.260986,333.068817,59.283154,1043.240967,281.158356,20.808395,940.004395,315.697662,75.724945,1027.365234,-115.956612,-112.586403,1079.514282,-132.129669,-144.03186,1101.99707,132.57019,71.008499,1059.706421,151.351776
7.733,265.697601,1572.55603,31.304102,299.851074,1469.93042,20.619318,232.911743,1510.142334,112.385201,-31.933968,1440.397827,10.820727,-119.789757,1284.910156,-60.998493,-140.300613,1277.153076,43.874954,139.1577,1274.560669,61.575497,-61.556068,1365.063965,-133.920975,107.003883,1405.189209,-130.506577,-54.220268,1299.379517,-238.402573,-81.105461,1230.57312,-325.447784,32.670872,999.5271,-301.585144,93.409752,1032.517212,-232.764877,23.776455,946.058899,-264.796722,-114.069939,1350.845581,117.869255,40.711842,1398.79248,179.980225,-97.048462,1299.852051,275.632141,-140.101608,1191.028809,359.887878,0.283894,986.344421,332.510834,60.020527,1041.554443,280.410553,21.936777,938.332092,314.947144,76.331345,1027.183594,-115.818001,-112.435371,1078.525757,-132.282364,-144.183762,1100.124023,132.342148,70.68602,1058.425415,151.856674
7.742,266.068787,1570.40564,31.640713,299.95694,1467.674561,21.142632,233.166641,1508.272827,112.815109,-32.03952,1439.259399,11.896012,-120.104729,1283.753906,-60.168858,-140.430176,1275.823486,44.870148,139.029205,1273.311401,62.378376,-62.397335,1364.135742,-132.919632,106.24366,1404.003052,-129.899521,-55.599533,1298.183716,-237.125977,-83.136635,1229.20459,-323.78656,33.304409,999.251587,-301.567535,93.780754,1032.619507,-232.775696,25.045277,945.569031,-265.119873,-114.158409,1349.554443,118.905769,40.649498,1397.324463,181.031647,-96.518944,1297.821289,276.690918,-139.228348,1188.411743,360.514252,1.598309,984.062439,331.817047,60.810776,1039.743286,279.594452,23.333229,936.233948,314.067383,76.896683,1026.900146,-115.628197,-112.262505,1077.459717,-132.185837,-144.378143,1098.235107,132.118576,70.442436,1057.234985,152.427826
7.75,266.613556,1568.415283,31.768173,300.07312,1465.558594,21.409704,233.433624,1506.40564,113.102097,-32.194733,1437.871826,13.094318,-120.497505,1282.518799,-59.166035,-140.559921,1274.518677,45.664978,138.592514,1271.883179,63.174873,-63.212475,1362.911743,-131.915466,105.517586,1402.71167,-129.484909,-57.134426,1296.863647,-235.759323,-85.292343,1227.714844,-322.065674,33.722885,998.842712,-301.523468,94.064651,1032.706055,-232.871063,26.318924,945.05304,-265.35733,-114.082565,1348.168701,120.035011,40.886482,1395.739746,181.977997,-96.180801,1296.016479,279.01062,-138.245163,1185.727783,361.137909,3.010978,981.755737,331.014252,61.655167,1037.745117,278.77359,24.319042,934.219055,313.186218,77.438713,1026.469849,-115.338341,-111.977638,1076.379761,-132.583954,-144.532837,1096.174072,132.01329,70.047615,1055.61499,153.070007
7.758,266.998108,1566.334229,31.880651,300.133423,1463.374512,21.612392,233.984772,1504.629028,113.417885,-32.274899,1436.547363,14.138244,-120.898163,1281.214355,-58.300293,-140.599792,1272.961914,46.676353,138.311966,1270.325684,63.861282,-64.017296,1361.544556,-130.80336,104.624687,1401.2854,-129.100922,-58.761387,1295.42627,-234.264511,-87.634087,1226.066406,-320.449341,33.999069,998.459412,-301.554535,94.278496,1032.764404,-233.054672,27.602566,944.327576,-265.576813,-113.884315,1346.597412,121.06707,41.062725,1394.204834,183.044113,-95.74202,1294.092896,280.75058,-137.052841,1182.932861,361.916138,4.090649,979.247803,330.394379,62.50803,1035.550171,277.921783,25.481842,931.716125,312.205933,77.886047,1026.00769,-115.057304,-111.742279,1075.187134,-132.354813,-144.542068,1093.891846,131.834335,69.707169,1053.978027,153.678024
7.767,267.366455,1564.315308,31.751593,300.398499,1461.217041,21.763556,234.28923,1502.7771,113.415092,-32.410408,1434.870483,15.204071,-121.501137,1279.658569,-57.28796,-140.509262,1271.361816,47.607285,138.159821,1268.693237,64.545616,-64.965187,1360.029419,-129.632156,103.725754,1399.742188,-128.707809,-60.450413,1293.819214,-232.910873,-90.066864,1224.268433,-318.595306,34.231449,998.050659,-301.675232,94.388702,1032.685791,-233.26123,28.604733,943.648132,-266.064636,-113.628899,1344.922485,122.268707,41.720387,1392.350098,183.861633,-94.689606,1291.806885,281.834656,-135.639969,1180.087524,362.585846,5.474146,976.639648,329.555939,63.412941,1033.113037,276.953583,26.573221,929.205017,311.354889,78.331123,1025.447876,-114.751801,-111.68969,1074.135864,-132.365082,-144.6707,1091.489014,131.767639,69.322418,1052.157349,154.334534
7.775,267.569763,1562.278809,31.578424,300.517914,1459.194092,21.526421,234.638809,1501.041138,113.448502,-32.437084,1433.297363,16.272835,-121.954933,1277.846436,-56.103962,-140.399231,1269.579834,48.804707,138.085312,1267.001709,65.315948,-65.923309,1358.388428,-128.567307,102.707092,1397.973145,-128.43898,-62.245052,1292.11731,-231.458984,-92.63443,1222.49231,-316.869751,34.239925,997.557373,-301.756012,94.366219,1032.588623,-233.477661,29.417387,943.002197,-266.444366,-113.14917,1343.180542,123.520615,42.228916,1390.650146,184.807205,-93.417679,1289.634644,283.338196,-133.947952,1177.244751,363.41922,6.598461,973.841736,328.839508,64.511078,1030.384155,275.522552,27.591778,926.37323,310.429382,78.742607,1024.710205,-114.409607,-111.300911,1072.863403,-132.411194,-144.682526,1088.758545,131.618179,68.853928,1050.024536,154.902786
7.783,267.847656,1560.358032,31.162621,300.457855,1457.120117,21.289507,234.901199,1499.127686,113.121552,-32.473793,1431.31189,17.336475,-121.775589,1275.51123,-54.636539,-140.303482,1267.743774,49.873672,137.924957,1265.121704,66.011368,-66.932198,1356.559448,-127.430168,101.628296,1396.197388,-128.10817,-64.455177,1290.34436,-230.00975,-95.219917,1220.486328,-315.212646,34.027058,996.932129,-301.851562,94.205482,1032.410767,-233.78656,30.170181,942.153381,-266.886017,-112.650528,1341.285767,124.731033,42.773048,1388.584351,185.657745,-92.016884,1287.024658,284.553589,-132.198471,1174.380737,364.309326,7.907314,970.709656,328.189972,65.638344,1027.40625,274.530792,28.416195,923.535522,309.456055,79.161232,1023.761719,-114.034378,-110.977249,1071.817505,-132.222076,-144.779495,1085.967041,131.731293,68.538139,1047.69751,155.471313
7.792,267.891663,1558.414795,30.526407,300.483215,1455.27002,20.748911,235.130615,1497.471558,112.778465,-32.509491,1429.229736,18.357401,-121.75,1273.176514,-53.34763,-139.780945,1265.571899,51.344936,137.955063,1263.334717,66.534172,-68.147972,1354.49292,-126.211227,100.322609,1393.872803,-127.827271,-66.519638,1288.330566,-228.524216,-98.080009,1218.496094,-313.590607,33.770523,996.139832,-302.034271,93.826256,1032.208252,-234.232254,30.883467,941.243774,-267.18924,-112.180359,1339.185913,126.037552,43.80682,1386.515625,186.563171,-90.601128,1284.428345,285.754883,-130.255295,1171.404175,365.205811,9.310727,967.490601,327.399353,66.493607,1024.162598,273.46637,29.597391,920.241821,308.557617,79.597664,1022.701172,-113.723724,-110.703522,1070.721802,-132.072174,-144.758591,1082.928345,131.845978,68.151634,1045.095093,156.005554
7.8,267.620239,1556.455811,29.803713,300.303864,1453.335083,20.112396,235.309616,1495.633179,112.213509,-32.563171,1427.008911,19.384579,-122.128418,1270.922241,-51.920341,-139.457031,1263.120483,52.70961,138.016144,1261.308472,67.136734,-69.444244,1352.201416,-124.93576,98.942871,1391.6604,-127.620399,-68.603897,1286.169922,-226.910233,-100.970856,1216.202881,-311.781342,33.405334,995.260864,-302.249084,93.388878,1031.887573,-234.622696,31.378531,940.339783,-267.650879,-111.427658,1336.768188,127.44516,44.660454,1384.378906,187.304901,-88.825699,1281.733398,286.974182,-128.009888,1168.303223,366.245331,10.287432,964.175415,326.828644,67.46125,1020.646423,272.427795,30.32094,916.919739,307.796356,79.899895,1021.492493,-113.284813,-110.596962,1069.406982,-131.917648,-144.702408,1079.587036,132.107254,67.823959,1042.250732,156.420883
7.808,267.252563,1554.730469,28.953518,300.155792,1451.727173,19.222864,235.491394,1493.948853,111.616165,-32.520668,1424.52417,20.536983,-122.797707,1268.471558,-50.353603,-138.959045,1260.5802,54.244778,138.081039,1259.224121,67.694458,-70.721542,1349.769165,-123.576012,97.836761,1389.131714,-127.345619,-70.892914,1283.755005,-225.294418,-104.30957,1213.835327,-310.028534,32.833584,994.401184,-302.453949,92.823364,1031.431763,-235.019211,31.706989,939.290039,-268.190277,-110.65844,1334.353638,128.801132,45.636574,1381.82605,188.048355,-86.849571,1278.733643,288.213287,-125.567154,1165.073975,367.329193,11.570109,960.506409,326.130737,68.541779,1016.932861,271.450348,31.130596,913.249268,306.757935,80.737236,1020.389526,-113.315331,-110.498817,1068.167236,-131.65213,-144.638702,1076.148193,132.508026,67.560791,1039.080078,156.839874
7.817,266.650146,1553.018433,27.847187,299.996948,1450.029907,18.322769,235.468262,1492.189453,110.821884,-32.590897,1421.799927,21.636511,-123.144279,1265.650757,-48.719254,-138.659225,1257.875488,55.901768,138.328339,1257.027954,68.196991,-72.173828,1347.03125,-122.104362,96.021469,1386.791748,-127.343002,-73.255974,1281.184082,-223.744141,-107.571701,1211.236572,-308.171692,32.038734,993.399597,-302.578491,91.995117,1030.856689,-235.459503,31.912271,938.154297,-268.625244,-109.882523,1331.73584,130.381119,47.100193,1379.196045,188.854706,-84.743614,1275.635742,289.500641,-122.938545,1161.795166,368.478241,12.92029,956.597107,325.470703,69.609573,1012.868408,270.462006,32.067928,909.21991,305.881348,81.094193,1018.958435,-113.107216,-110.483055,1066.884521,-131.28447,-144.333832,1072.396606,133.038589,67.40757,1035.573975,157.10704
7.825,265.81488,1551.393799,26.658073,299.669647,1448.717651,16.992393,235.423859,1490.583008,109.779099,-32.746391,1418.878296,22.725407,-123.522598,1262.617188,-46.953072,-138.252029,1254.918823,57.661972,138.624359,1254.60144,68.428154,-73.665482,1344.12915,-120.609062,94.553314,1383.566528,-127.140999,-75.85041,1278.413452,-221.925415,-111.269218,1208.518555,-306.208649,31.042957,992.168884,-302.894318,90.884544,1030.136841,-235.917419,31.813179,936.84436,-269.086548,-108.800308,1328.805908,132.050842,48.441578,1376.483154,189.582504,-82.46669,1272.342285,290.763031,-120.083,1158.389526,369.690369,14.047945,952.698792,324.935089,70.839111,1008.733887,269.588135,32.891365,905.378296,305.02475,81.228645,1017.131592,-112.8312,-110.735733,1065.252319,-130.682892,-143.882782,1068.452881,133.586014,67.37355,1031.794312,157.395554
7.833,264.590485,1549.786865,25.335369,299.18515,1447.348755,15.578547,235.225937,1488.835083,108.756104,-32.892441,1415.75354,23.941282,-124.122643,1259.404907,-44.966541,-137.948441,1251.585327,59.472324,139.198624,1251.909912,68.783783,-75.29818,1340.904419,-118.964096,92.755928,1380.491943,-127.127213,-78.549515,1275.455566,-220.141312,-114.936081,1205.522705,-304.082611,29.694601,990.759705,-303.0,89.715355,1029.310059,-236.329773,31.483986,935.474854,-269.526031,-107.867882,1325.55249,133.802948,49.953876,1373.456421,190.226273,-80.036125,1268.857666,292.017975,-116.907463,1154.89856,371.02066,15.535593,948.416992,324.349915,71.635262,1003.889343,268.665466,33.89875,900.973022,304.074219,81.185867,1015.292175,-112.535591,-110.884018,1063.544922,-130.070618,-143.460663,1064.489136,134.389801,67.437134,1027.717896,157.593964
7.842,263.223938,1548.331299,23.73481,298.571259,1446.066284,13.940155,234.995377,1487.336548,107.411507,-33.094673,1412.508667,25.202736,-124.691673,1256.038452,-43.136833,-137.319672,1248.220459,61.628651,139.897186,1249.167114,68.964752,-76.998329,1337.529053,-117.274719,90.805077,1377.238159,-127.132835,-81.537842,1272.231201,-218.286377,-118.969406,1202.289917,-302.025482,28.166471,989.092224,-302.999512,88.165939,1028.290405,-236.882111,30.643536,933.856689,-269.834351,-106.688271,1322.068604,135.693161,51.730244,1370.123657,190.826431,-77.346199,1265.218872,293.355774,-113.637733,1151.157837,372.356598,17.10376,944.124878,323.696655,72.844299,999.445801,267.68399,34.926197,896.675171,303.258972,81.051949,1013.232239,-112.369003,-111.364311,1061.701904,-129.358917,-142.953125,1060.330688,135.25061,67.718346,1023.52594,157.643784
7.85,261.539062,1546.821655,22.083376,297.708374,1445.035034,11.941003,234.580078,1485.675171,106.083618,-33.340721,1409.05188,26.523903,-125.46328,1252.39502,-40.922791,-136.801895,1244.626343,63.839668,140.54985,1246.062988,68.860817,-78.77359,1333.927734,-115.494766,88.704803,1373.865723,-127.255661,-84.728142,1268.765259,-216.207779,-123.138565,1198.986938,-299.840668,26.137709,987.448242,-303.052216,86.418816,1027.000488,-237.285873,29.562893,932.206726,-269.98407,-105.556091,1318.387085,137.636353,53.391426,1366.745605,191.45253,-74.309326,1261.309204,294.788452,-110.022606,1147.400513,374.070129,18.884136,939.733398,323.129669,74.811844,994.928589,266.721069,36.405529,892.166992,302.533447,80.821007,1010.954956,-112.322052,-112.114227,1059.601807,-128.470398,-142.140366,1056.080444,136.47081,68.283829,1019.009827,157.558899
7.858,259.574341,1545.514648,20.216503,296.74176,1444.16748,9.776647,233.986282,1484.110474,104.475174,-33.619144,1405.444458,27.886583,-126.134041,1248.512573,-38.775768,-136.181717,1240.781982,66.070686,141.135269,1242.813965,68.653038,-80.80545,1330.239868,-113.580673,86.283333,1370.353027,-127.343056,-87.961777,1265.145508,-214.102402,-127.500847,1195.573364,-297.371338,23.782036,985.362671,-302.875977,84.343849,1025.507812,-237.719971,28.145208,930.240051,-270.019653,-104.046249,1314.491943,139.77182,55.449013,1363.057495,191.868164,-71.177795,1257.377563,296.250671,-106.208702,1143.480957,375.767029,20.869953,935.242188,322.710602,76.137695,990.302551,265.648621,37.944939,887.462891,301.661713,80.473457,1008.576721,-112.259399,-113.06456,1057.280518,-127.481339,-141.265747,1051.70105,137.644928,69.096809,1014.462952,157.50824
7.867,257.327362,1544.313599,18.224304,295.623444,1443.397217,7.334897,233.367065,1482.592285,102.700058,-33.907173,1401.760864,29.381939,-127.020821,1244.638794,-36.461288,-135.73613,1236.671387,68.476517,141.798187,1239.334229,68.357468,-82.862808,1326.344604,-111.671951,83.913155,1366.811401,-127.542023,-91.565575,1261.450562,-211.91626,-132.147278,1191.937866,-294.802002,21.157953,983.086914,-302.529938,82.269356,1023.786804,-238.307571,26.271923,928.130493,-270.023468,-102.724792,1310.507568,142.040039,57.610928,1359.27356,192.406754,-67.828545,1253.314087,297.727997,-102.142792,1139.550781,377.636261,22.959692,930.871521,322.156921,77.704849,985.725037,264.595093,39.817734,882.95166,300.925659,79.890984,1006.032471,-112.355156,-114.244919,1054.730713,-126.474205,-140.121292,1047.301025,139.128952,70.108536,1009.705444,157.059311
7.875,254.771881,1543.231445,16.245747,294.203491,1442.687744,4.670578,232.671188,1481.030151,100.850281,-34.382748,1398.041382,30.943048,-127.990883,1240.623413,-34.158165,-135.207962,1232.532837,70.976822,142.46991,1235.829468,68.077278,-85.128052,1322.412598,-109.695709,81.368515,1363.24646,-127.729576,-95.321236,1257.580444,-209.523453,-137.079575,1188.131836,-292.080505,18.094856,980.756226,-302.213196,79.418182,1022.289062,-238.622772,24.113245,925.917908,-269.837952,-101.164085,1306.262329,144.453598,59.764725,1355.235596,192.853592,-64.106583,1249.052856,299.277161,-97.688896,1135.561279,379.683746,25.481718,926.366821,321.683685,79.453102,980.942505,263.380127,41.982525,878.513062,300.264343,79.084557,1003.293396,-112.501366,-115.857536,1051.769653,-125.307159,-138.845932,1042.811035,140.688278,71.835678,1005.168945,157.070328
7.883,251.915009,1542.23291,13.93285,292.538269,1442.142456,1.750239,231.922745,1479.740112,98.758255,-34.867386,1394.382202,32.464375,-129.067093,1236.449951,-31.563938,-134.74115,1228.356567,73.579201,142.711044,1232.109009,67.536995,-87.462318,1318.420654,-107.661018,78.621681,1359.609009,-127.91185,-99.330116,1253.656372,-207.072342,-142.150574,1184.325073,-289.171387,14.777722,978.448059,-301.790558,76.341415,1020.339233,-238.851624,21.809992,923.528198,-269.81543,-99.50177,1302.013916,146.918747,62.034664,1351.237671,193.078873,-60.259655,1244.885254,300.963898,-93.016884,1131.593506,382.27005,28.478468,921.907898,321.504211,81.307327,976.288757,262.144714,44.490238,873.842957,299.615082,78.538155,1000.879272,-114.110672,-117.390694,1048.543823,-123.8806,-137.274323,1038.253784,142.316666,73.053635,1000.23053,156.584106
7.892,248.957047,1541.429443,11.611415,290.573975,1441.90332,-1.431978,230.959595,1478.356201,96.561943,-35.423676,1390.729004,34.160576,-130.435196,1232.580811,-29.013296,-134.195297,1224.067261,76.346008,143.128387,1228.256836,66.873192,-90.058167,1314.573975,-105.559174,75.864639,1356.031128,-128.130264,-103.520828,1249.74646,-204.546265,-147.553436,1180.390869,-286.116486,11.145489,976.021729,-301.326141,73.030441,1018.285522,-238.90683,19.159391,921.11908,-269.832428,-97.838547,1297.692139,149.465378,64.308311,1347.213989,193.285522,-56.225746,1240.556274,302.695038,-87.981514,1127.506958,384.516296,31.77043,917.515503,321.138336,83.564781,971.81958,260.95636,47.235836,869.587158,298.915009,77.333099,997.73053,-114.144775,-119.025101,1045.052734,-122.300163,-135.650665,1033.763794,144.183258,74.854492,995.490723,155.99588
7.9,245.522552,1540.629517,9.150979,288.316132,1441.818726,-4.801085,229.981308,1477.156494,94.246094,-35.985703,1387.158691,35.807732,-132.381546,1228.990967,-26.382322,-133.636017,1219.917114,79.224007,143.301529,1224.375732,66.015907,-92.655418,1310.784424,-103.406364,72.744095,1352.526123,-128.534424,-107.876595,1245.789185,-201.785522,-153.187729,1176.517456,-282.858215,7.188364,973.514954,-300.859558,69.340858,1016.29541,-238.95256,16.347784,918.632629,-269.713715,-96.148636,1293.445679,152.193665,66.903442,1343.25293,193.607376,-51.859859,1236.33313,304.305664,-82.456345,1123.356689,386.894623,35.574196,913.154785,320.927399,86.300285,967.462402,259.800079,50.36784,865.413147,298.420319,75.883934,994.495361,-114.654701,-120.898712,1041.301514,-120.618538,-133.952621,1029.42334,146.172409,76.888802,990.873901,155.179321
7.908,242.032303,1540.161743,6.74144,285.840332,1441.973389,-8.525922,228.715088,1476.111206,91.6539,-36.599697,1383.637451,37.576328,-132.61174,1224.467285,-23.298527,-133.065659,1215.775635,82.19239,143.61261,1220.357788,64.89267,-95.306145,1307.003418,-101.178047,69.444016,1349.171875,-128.84169,-112.442963,1241.992188,-199.073456,-158.893433,1172.670776,-279.413849,3.040078,971.233398,-300.308441,65.497025,1014.225708,-238.84581,13.221003,916.06543,-269.732819,-94.478577,1289.239868,155.063171,69.445694,1339.386963,193.787582,-47.365314,1232.128906,305.955627,-76.740089,1119.432983,389.335022,39.811142,909.053223,320.653107,89.455093,963.258362,258.70755,54.354256,861.084106,297.925018,74.317619,991.256348,-115.241356,-122.921097,1037.285767,-118.817635,-131.796249,1025.036377,148.075424,79.191566,986.489685,154.071396
7.917,238.151596,1539.772339,4.252616,283.099976,1442.255859,-12.430161,227.656921,1475.285889,89.1567,-37.316566,1380.275146,39.307552,-133.658417,1220.630981,-20.44203,-132.293747,1211.718262,85.155945,144.152405,1216.617676,63.240761,-98.27961,1303.391113,-98.745125,65.944489,1346.034912,-129.268051,-117.20314,1238.335449,-196.17514,-164.848053,1168.904785,-275.83667,-1.348856,968.964111,-299.692474,61.348179,1012.239197,-238.681488,9.844456,913.724609,-269.784241,-92.561714,1285.200317,157.84584,71.998291,1335.340942,193.24733,-42.728001,1228.166382,307.566681,-70.30703,1115.435791,391.482025,44.420017,904.859314,320.487244,93.218452,959.311707,257.631714,59.286884,856.816162,298.036621,72.400764,987.929382,-115.895912,-125.08181,1033.122803,-117.032158,-129.412231,1020.815735,149.933716,81.678123,982.362854,152.909927
7.925,234.194107,1539.598145,1.592868,280.062927,1442.869385,-16.482189,226.28627,1474.62207,86.369438,-38.123276,1377.063232,41.180172,-134.738785,1216.928223,-17.269245,-131.645615,1208.017822,88.170761,144.100113,1212.785889,61.711502,-101.42852,1300.129883,-96.270111,62.243423,1343.270142,-129.632004,-122.205063,1234.837524,-193.139694,-173.762955,1167.970947,-273.174927,-6.058941,966.748291,-298.931885,56.96101,1010.397888,-238.542221,6.24325,911.581055,-269.862549,-90.785446,1281.29895,160.773636,74.488106,1332.063965,193.427551,-37.893433,1224.39624,309.091339,-63.786953,1111.821045,393.695984,49.373104,901.220581,320.023773,97.388451,955.609924,256.585175,62.91811,853.740173,297.156281,70.502121,984.720581,-117.167015,-127.34726,1029.139404,-115.1035,-127.138329,1016.762512,152.065536,84.452721,978.615234,151.475891
7.933,229.877899,1539.844482,-0.98188,276.759338,1443.773315,-20.741278,225.034424,1474.310059,83.695755,-38.988285,1374.14563,43.119072,-136.044708,1213.340942,-13.944112,-130.837509,1204.417725,91.410957,143.965088,1209.149414,59.575493,-104.715492,1297.088867,-93.618973,58.22419,1340.895142,-130.343475,-127.412231,1231.721924,-190.007599,-177.236893,1161.940918,-268.012207,-11.027116,965.015686,-298.321014,52.303539,1008.679993,-238.386261,2.263357,909.572266,-269.924164,-88.599236,1277.651367,163.56633,77.109322,1328.828979,192.89769,-32.942867,1220.912109,310.442352,-56.821945,1108.436279,395.654755,54.674862,897.709778,319.623474,101.958633,952.254333,255.43692,68.668945,849.628113,295.415314,68.567154,981.776001,-118.681084,-129.324097,1025.503784,-112.995171,-124.63327,1013.055176,154.22644,87.311775,975.240967,149.778503
7.942,225.355591,1540.548096,-3.619794,273.147278,1445.346069,-25.186974,223.4702,1474.372192,80.699425,-39.990192,1371.525879,44.952282,-137.227356,1210.177734,-10.633316,-129.876862,1201.019775,94.615509,143.981705,1205.845337,57.427341,-107.995804,1294.211792,-90.668205,54.124214,1338.984497,-130.800964,-132.684875,1228.913452,-186.676971,-183.592987,1158.948242,-263.758698,-16.246986,963.285217,-297.56723,47.510109,1007.27417,-238.100632,-1.965813,907.913025,-269.871887,-86.477524,1274.224243,166.204407,79.604362,1326.080566,192.281754,-27.776249,1217.702271,311.747467,-49.52549,1105.321045,397.56662,60.417965,894.638062,318.920349,106.848068,949.423279,254.309265,73.420876,846.752808,294.311798,66.287163,979.047791,-120.447517,-131.698257,1022.196899,-110.65802,-121.931068,1009.634644,156.37471,90.417786,972.229431,147.820724
7.95,220.767303,1541.743042,-6.336317,268.95697,1447.259277,-29.768278,221.765182,1474.678345,77.439369,-41.017414,1369.20752,46.869209,-138.395325,1207.369507,-7.303202,-128.808823,1197.927246,97.820976,143.617767,1202.814087,54.929348,-111.394882,1291.794189,-87.507751,49.773975,1337.497437,-131.252319,-138.053192,1226.436401,-183.073105,-190.102203,1156.362915,-259.270844,-21.857775,962.171143,-296.626007,42.28463,1005.938416,-238.064865,-6.604523,906.64386,-269.650269,-84.071182,1271.186279,168.726471,82.393906,1323.525146,191.200256,-22.582809,1214.917847,312.70697,-42.178223,1102.775146,399.162476,66.538551,891.973145,318.142334,112.020447,947.067383,252.903366,79.580605,843.889465,293.297577,63.995598,976.725891,-122.323486,-133.864609,1019.101868,-108.289551,-119.041824,1006.626709,158.620316,93.615837,969.771057,145.640991
7.958,215.666504,1543.15918,-8.935897,264.648987,1449.751953,-34.473717,220.108566,1475.660156,74.322021,-41.87331,1367.432861,48.923019,-139.654648,1205.27356,-3.995647,-127.735451,1195.346558,100.957886,143.452774,1200.309692,52.203941,-114.792732,1289.968506,-84.229889,45.408878,1336.561401,-131.321167,-143.790268,1224.620239,-179.149155,-196.593872,1154.304443,-254.581772,-27.841969,961.351868,-295.565247,37.150997,1005.316711,-237.850967,-11.765673,905.90155,-269.394287,-81.80262,1268.61438,171.311707,85.120041,1321.630127,190.138077,-17.194639,1212.750732,313.527618,-34.432083,1100.605713,400.581635,72.687187,889.869995,316.988159,117.336876,945.322876,251.187744,85.763893,841.960571,291.748627,61.677109,974.902832,-124.517174,-135.891129,1016.61792,-105.761353,-115.898964,1004.087585,160.848572,96.885414,967.790283,143.191071
7.967,210.506363,1545.323242,-11.672931,260.123566,1452.713867,-39.346012,218.356918,1477.180908,71.039726,-42.74044,1366.089478,51.118095,-140.493164,1203.050903,-0.345445,-126.395676,1193.260986,103.939995,143.488419,1198.637817,49.21883,-118.254181,1288.515991,-80.802505,40.923615,1336.099854,-131.235077,-149.069077,1223.090332,-174.984695,-203.238724,1153.212891,-249.856323,-34.130535,961.083557,-294.399506,31.560417,1005.168091,-237.578323,-17.195877,905.593079,-268.754547,-79.293541,1266.398926,173.816254,87.842804,1320.48999,188.991135,-11.600265,1211.027954,314.06543,-26.624306,1099.134033,401.721039,79.296135,888.697388,315.686615,122.707146,944.29657,249.250153,91.877129,840.847412,289.898285,59.176971,973.80719,-126.811417,-137.968369,1014.478577,-103.225906,-112.532997,1002.236694,163.032974,101.057297,966.426025,141.027847
7.975,205.272903,1548.096191,-14.172862,255.491226,1456.256592,-44.066048,216.494263,1479.347778,67.613907,-43.437553,1365.468506,53.088352,-141.318573,1201.686401,3.165522,-124.838669,1191.6604,107.142288,143.743011,1197.932861,46.103123,-121.592583,1287.754272,-77.229607,36.20491,1336.328613,-131.082642,-154.315765,1222.235352,-170.413788,-209.96701,1152.862915,-244.70578,-40.65654,961.569458,-292.732666,26.055744,1006.103394,-237.074829,-23.229706,906.29425,-268.298767,-76.67765,1264.95813,176.198837,90.502541,1319.974854,187.732025,-5.909571,1209.965454,314.384338,-18.451828,1098.302856,402.656982,86.19796,888.11908,314.145477,128.13829,944.072754,246.976456,98.570938,840.404785,287.820251,56.293724,973.036316,-129.095581,-140.503128,1013.174316,-100.693947,-108.928513,1001.120911,165.22934,104.623703,965.600647,137.892044
7.983,199.912491,1551.305176,-16.775759,250.651443,1460.480347,-48.890762,214.406265,1482.146118,64.079834,-44.139042,1365.396606,55.117203,-142.004684,1200.893799,6.77131,-123.331886,1190.7948,110.114738,144.199341,1198.017822,42.847946,-124.826927,1287.634644,-73.495224,31.50618,1337.445435,-131.017807,-159.54068,1222.146118,-165.635178,-216.683792,1153.257935,-239.344299,-47.444172,962.773804,-290.877258,19.977114,1007.326721,-236.159088,-29.441393,907.572876,-267.279694,-73.88588,1264.088623,178.566422,93.286263,1320.098145,186.271484,-0.222342,1209.577393,314.477722,-10.30557,1098.191284,403.409271,93.226082,888.519287,312.033783,133.61412,944.75116,244.304703,105.121895,841.059021,285.410217,54.089943,973.616455,-131.681381,-142.590118,1012.360474,-97.837654,-104.990219,1000.653748,167.385147,107.747971,965.540894,134.31282
7.992,194.544617,1555.331665,-19.345522,245.598969,1465.510376,-53.595078,212.30806,1485.67334,60.523506,-44.76923,1365.96936,57.165802,-142.51767,1200.863892,10.378656,-121.42672,1190.47168,113.233032,144.438629,1198.942017,38.845924,-128.233398,1288.223389,-69.644615,26.680513,1339.380371,-130.976639,-164.642593,1222.863037,-160.639969,-223.447174,1154.552856,-233.850235,-54.57217,964.884583,-288.844604,14.300124,1010.054932,-236.214294,-35.846455,909.531311,-265.936432,-71.069672,1263.960938,180.840622,96.097366,1321.03479,184.464828,5.580451,1210.085449,314.315338,-1.867198,1098.837524,403.813751,100.466225,889.586121,309.78714,139.123016,946.232605,241.372299,112.123077,842.34491,282.701477,51.378799,974.470459,-134.092148,-144.407364,1012.27417,-94.831726,-100.845749,1001.16394,169.677734,111.463844,966.200806,131.043121
8.0,189.227036,1559.800903,-21.809937,240.456039,1471.021606,-58.292374,210.191208,1489.722778,56.888474,-45.29541,1367.332397,59.163311,-142.935577,1201.596191,14.078169,-119.58252,1191.044678,116.446556,144.678864,1200.855835,34.574043,-131.286728,1289.507568,-65.705421,21.721741,1342.173706,-130.903702,-169.64856,1224.580078,-155.653122,-230.171494,1156.84668,-227.962891,-62.032574,967.795227,-286.757874,7.527515,1012.430664,-234.469223,-42.635887,912.160156,-264.445282,-67.7286,1264.442749,182.718765,98.97937,1322.924316,182.783524,11.359249,1211.361328,314.022369,6.422353,1100.473022,403.911133,107.675117,891.79248,307.331757,144.653488,948.598816,238.061935,118.784576,844.539062,279.917419,48.581604,975.96167,-136.314957,-145.897568,1012.973999,-91.964935,-96.385918,1002.537842,171.842194,115.084724,967.695435,127.348259
8.008,184.05098,1565.113647,-24.318848,235.387665,1477.307617,-63.021572,208.183136,1494.840332,53.312508,-45.85574,1369.511597,60.973476,-143.279922,1203.251465,17.871405,-117.171982,1192.415771,119.17144,144.918198,1204.075562,30.206165,-133.957687,1291.430786,-61.910316,16.767637,1345.764771,-130.783859,-174.494217,1227.334106,-150.617416,-236.732025,1160.03186,-221.777115,-69.624588,971.2453,-284.266724,0.68107,1015.770691,-232.980377,-49.658001,915.53479,-262.628296,-64.416824,1265.836792,184.663071,102.081367,1325.591797,181.01207,17.226093,1213.598022,313.445496,14.83245,1102.816406,403.70929,115.06826,894.572083,303.919495,150.135971,951.929016,234.619171,125.790504,847.657166,276.852783,45.835548,978.151672,-138.324265,-147.181458,1014.620911,-88.976234,-91.788368,1004.593018,174.532181,118.605331,970.007019,123.606354
8.017,178.9608,1571.209106,-26.777168,230.303604,1484.295898,-67.47657,206.203354,1500.614624,49.732922,-46.244564,1372.582886,62.841164,-143.085327,1205.310303,21.593849,-114.74678,1194.543701,122.134315,144.917892,1208.762939,25.903204,-136.580185,1294.306763,-57.931404,11.753632,1350.247559,-130.579315,-179.216278,1230.970703,-145.540665,-243.227158,1163.976074,-215.779022,-77.593964,975.377869,-281.56012,-6.3466,1019.808289,-231.901566,-56.989155,919.572205,-260.608917,-60.901161,1268.483154,186.235626,104.743958,1329.274414,178.813293,23.29047,1216.73877,312.801483,23.088902,1106.069092,403.07193,122.118904,898.363892,300.891693,155.297302,955.852234,231.192932,132.815384,851.792725,273.668945,43.039696,981.163879,-140.030685,-148.386322,1017.007202,-85.750916,-86.543739,1008.243774,176.194504,122.226158,973.367798,119.904396
8.025,174.140335,1577.94812,-29.171387,225.206375,1491.925171,-71.963173,204.196976,1507.148926,45.990108,-46.436382,1376.431641,64.741684,-143.107086,1208.774048,25.398874,-112.085136,1197.664917,125.036316,144.837875,1214.781616,21.818123,-139.186234,1298.126953,-53.72472,6.713504,1355.567749,-130.343964,-183.87381,1235.494019,-140.597153,-249.561264,1168.715576,-209.144226,-85.616707,979.867554,-278.632172,-13.315255,1024.383057,-230.614304,-64.532364,924.090942,-258.343719,-57.393452,1271.873169,188.134186,107.116547,1333.829956,176.435593,29.0221,1220.912476,311.861298,31.445078,1110.202637,402.22467,129.459595,903.420288,297.546875,160.507294,960.83374,227.020264,140.058929,856.5448,270.327484,40.350716,985.009155,-141.300583,-149.429291,1020.413269,-82.50029,-81.039276,1012.602234,178.033691,125.90258,977.787415,116.193336
8.033,169.43161,1585.422363,-31.572569,220.2435,1500.156982,-76.287033,202.43425,1514.487305,42.513096,-46.475136,1381.30249,66.564461,-142.672409,1212.95874,28.994715,-109.232933,1201.793701,127.882835,144.522171,1221.876099,17.814093,-141.509598,1302.774048,-49.569405,1.689525,1361.897949,-130.33815,-188.348923,1240.833374,-135.110611,-255.723572,1174.220825,-202.389038,-93.686417,985.198303,-275.561676,-20.180506,1029.367798,-229.16658,-72.24958,929.398804,-255.752258,-53.545589,1275.999756,189.661346,110.476593,1340.056763,174.899872,35.155701,1225.907837,311.003357,39.53981,1115.207764,400.973633,136.780579,909.023254,294.517487,165.767578,966.814026,222.812195,147.117493,862.300842,267.013947,37.589596,989.859985,-142.16214,-150.298996,1024.568115,-79.08403,-75.422508,1018.127075,179.858215,129.962296,983.342346,112.732025
8.042,164.978516,1593.504517,-33.996799,215.423355,1508.969849,-80.719421,200.729782,1522.572632,38.788948,-46.410576,1386.994019,68.224762,-142.148987,1217.980835,32.778843,-106.237129,1206.911621,130.632202,144.219345,1229.93689,13.912813,-143.788528,1308.278564,-45.439743,-2.959833,1369.194336,-130.960419,-192.521942,1246.746826,-129.962204,-261.701599,1180.54248,-195.554901,-101.837029,991.134033,-272.255096,-26.974924,1035.120483,-228.002655,-79.976265,935.1427,-252.945511,-49.903885,1281.469482,191.065842,113.114616,1346.463013,172.312363,41.034622,1231.942749,309.965698,47.752338,1121.1427,399.475464,144.088226,915.36438,290.961609,171.210434,973.465393,218.843491,154.054901,868.822937,263.535461,35.018063,995.628296,-142.744537,-151.042892,1029.919922,-75.529144,-69.501938,1024.542603,181.604263,133.646118,990.095032,108.915565
8.05,160.710861,1602.311157,-36.561783,210.697174,1518.442749,-84.860596,198.927231,1531.31543,34.974644,-46.324181,1393.595337,69.933441,-141.396408,1224.094727,36.542332,-103.121948,1212.844849,133.487228,143.940338,1238.736938,9.978871,-145.825897,1314.635864,-41.361523,-8.303542,1376.894043,-129.642532,-196.453217,1253.852173,-124.698364,-267.27475,1187.638916,-188.61882,-110.117432,997.555908,-268.745972,-33.794621,1041.635132,-226.871368,-87.622955,941.578003,-249.86673,-46.111813,1287.927856,192.436295,116.146561,1354.014526,170.121857,47.004902,1238.8927,308.784668,55.821033,1127.998169,397.781799,150.715195,922.776367,287.513763,176.366852,980.804138,214.654785,160.805984,876.104187,260.080475,32.521935,1002.369019,-143.244919,-151.912003,1035.886963,-71.994957,-63.312485,1031.900757,183.145386,137.157639,997.405518,105.355217
8.058,156.770477,1611.769897,-39.146126,205.965256,1528.409424,-89.091026,197.139297,1540.674438,31.068201,-46.042244,1401.026001,71.544319,-140.661026,1230.874146,40.333523,-99.97094,1219.786621,136.275696,143.806946,1248.384644,5.952409,-147.632523,1321.753662,-36.960594,-13.16139,1385.295532,-128.726212,-200.441284,1261.33667,-119.186066,-272.6875,1195.225952,-181.484482,-118.137093,1004.536621,-265.058563,-40.455032,1048.751099,-225.717072,-95.107445,948.706787,-246.458984,-42.195953,1295.193359,193.691147,118.773788,1362.427124,167.609055,53.1609,1246.725342,307.634613,63.92757,1135.677368,395.803864,157.686203,930.76709,283.759094,181.269104,988.811279,210.347321,167.203323,884.183289,256.589508,30.09672,1010.151733,-143.589264,-152.669769,1042.97876,-68.267372,-57.155113,1040.060669,184.626541,140.360199,1005.52417,102.02047
8.067,152.93483,1621.739014,-41.875431,201.421005,1538.83667,-93.280373,195.542435,1550.624512,26.986034,-45.750301,1409.344482,73.117882,-139.740875,1238.489258,44.138905,-96.714821,1227.678833,138.888031,143.640091,1258.787354,2.038678,-149.361877,1329.594971,-32.759609,-17.94153,1394.409912,-128.090363,-204.142365,1269.589722,-113.815727,-277.728638,1203.536133,-174.172577,-125.941124,1012.328735,-261.142548,-46.840382,1056.699097,-224.477234,-102.218575,956.479004,-242.860809,-38.414642,1303.572021,194.848663,121.834938,1371.523071,164.827637,59.182568,1255.523804,306.308228,72.037476,1144.318359,393.792389,163.946274,939.472717,280.217651,186.170654,997.38092,205.981323,173.249374,892.958313,253.095306,27.575865,1018.676636,-143.999603,-153.314072,1050.966064,-64.522644,-50.777683,1048.928711,185.989883,143.725006,1014.837646,98.437454
8.075,149.26474,1632.187012,-44.778015,196.850967,1549.786133,-97.609688,193.895554,1561.049561,22.792107,-45.261894,1418.193604,74.578491,-138.68367,1246.998291,47.917347,-93.351814,1236.333984,141.611557,143.251099,1269.885132,-1.815927,-150.841904,1338.177856,-28.628256,-22.577066,1404.005859,-127.407654,-207.584976,1278.596436,-108.046822,-282.6427,1212.204712,-166.763779,-133.415131,1020.6474,-256.95871,-52.985992,1065.312866,-222.873398,-109.02475,965.108521,-239.066284,-34.370098,1312.680908,195.886505,124.430435,1381.579102,162.121506,65.347954,1265.239624,305.034302,79.952164,1153.714111,391.486755,170.126511,948.942078,276.578278,190.848251,1006.608826,201.688461,178.929703,902.298035,249.55513,25.219326,1028.244507,-144.486679,-154.033615,1059.782471,-60.721741,-44.662762,1058.456665,187.439713,146.726654,1024.813477,95.04335
8.083,145.632416,1643.009277,-47.708271,192.542984,1561.031616,-101.785057,192.295685,1572.207153,18.650545,-44.688683,1427.753174,75.796402,-137.466583,1256.017334,51.677879,-89.956604,1245.771729,144.15387,142.785797,1281.530762,-5.600758,-152.08223,1347.18689,-24.486263,-26.994036,1413.78833,-126.105827,-210.768753,1287.962402,-102.594742,-287.141541,1221.525879,-159.209778,-140.227737,1029.862549,-252.673828,-58.882446,1074.742554,-221.125412,-115.286263,974.419556,-235.344406,-30.44256,1322.662231,196.969086,127.085876,1392.298462,159.424545,71.353348,1275.709717,303.694916,87.700882,1163.784424,389.06369,175.946457,959.162781,272.706482,195.578796,1016.438477,197.128448,184.284302,912.226257,245.946594,22.53367,1038.5,-144.763565,-154.589386,1069.19751,-56.585754,-38.739948,1068.492798,188.813828,149.624023,1035.597534,91.566917
8.092,142.310699,1654.255859,-50.812531,188.448792,1572.506226,-106.060455,190.616898,1583.34436,14.284477,-44.043655,1437.877563,77.020279,-136.063446,1265.743408,55.441963,-86.512672,1255.886597,146.74614,142.159134,1293.704224,-9.199065,-153.183929,1357.002197,-20.186649,-31.18214,1424.135864,-125.147194,-213.588394,1297.855957,-96.926071,-291.284729,1231.275757,-151.654358,-146.454636,1039.844482,-248.299698,-64.394531,1084.846069,-219.036163,-120.886711,984.319458,-231.338562,-26.434103,1333.225098,197.928772,129.767868,1403.462891,156.582184,77.42881,1286.878052,302.327881,95.188545,1174.44751,386.654266,181.291611,969.726196,268.948059,199.388367,1026.545532,193.412949,189.399567,922.870728,242.300003,19.895662,1049.282593,-144.812683,-155.155701,1079.319336,-52.530876,-32.98497,1079.043701,190.149704,152.09375,1046.838867,88.224518
8.1,138.911331,1665.478882,-54.015034,184.251953,1584.03772,-110.335106,189.134766,1594.966064,9.938194,-43.226322,1448.415283,78.208031,-134.823792,1276.057739,59.134487,-83.114418,1266.445923,149.115601,141.45314,1306.251465,-12.769081,-154.115158,1367.267334,-15.995823,-35.291538,1434.831299,-124.187904,-216.34671,1308.102173,-91.38504,-295.031799,1241.35083,-144.147644,-152.23941,1050.137817,-243.682312,-69.579865,1095.44397,-216.620544,-125.987381,994.703552,-227.50061,-22.434799,1344.290161,198.686005,132.406464,1414.911621,153.695709,83.422691,1298.624146,300.914459,102.485062,1185.620239,383.967499,186.452682,980.642151,265.199127,203.316299,1037.296143,189.185455,194.010193,933.877441,238.656769,17.185047,1060.786255,-144.715057,-155.567032,1090.159424,-48.629719,-27.648569,1089.994141,191.412567,154.418625,1058.424683,85.08712
8.108,135.733322,1676.848389,-57.262783,180.154739,1595.482056,-114.442711,187.621994,1606.627686,5.580637,-42.148182,1459.320801,79.241211,-133.530045,1286.733276,62.76609,-79.779465,1277.482788,151.624557,140.420074,1318.957764,-16.098886,-155.027542,1377.841187,-11.868408,-39.192421,1445.741455,-122.976456,-218.767105,1318.633789,-85.962807,-298.544403,1251.6073,-136.656158,-157.483261,1060.970337,-239.199585,-74.275291,1106.500366,-214.1185,-130.722412,1005.676514,-223.695908,-18.58046,1355.845581,199.332108,135.542191,1427.011353,150.950745,89.386475,1310.819458,299.425079,109.528275,1197.12085,381.352051,191.130478,992.294434,261.475708,206.905441,1048.405273,184.947281,198.40654,945.246948,235.022659,14.549939,1072.647949,-144.432236,-155.992355,1101.582642,-44.842281,-22.544777,1101.209961,192.639206,156.349869,1070.470581,81.967262
8.117,132.529495,1687.95813,-60.645721,176.217331,1606.885254,-118.649078,186.02153,1618.084229,1.095033,-41.110909,1470.415039,80.257042,-132.256882,1297.835205,66.313385,-76.547424,1288.928711,154.011353,139.270752,1331.943115,-19.331032,-155.646057,1388.739258,-7.817731,-42.871082,1456.661133,-121.773712,-221.035736,1329.474854,-80.600723,-301.549438,1261.920044,-129.124329,-162.14856,1072.032471,-234.815613,-78.710449,1117.841919,-211.339264,-134.909149,1016.704468,-219.881866,-14.676824,1367.746948,199.98526,137.900574,1438.741699,147.839294,95.337914,1323.2854,297.806366,116.461929,1208.899658,378.584747,195.659668,1003.870605,257.591339,210.209991,1059.758301,180.795639,202.334335,956.739441,231.335205,11.858794,1084.890747,-144.04248,-156.394226,1113.286011,-40.715416,-17.615456,1112.388672,194.568893,157.886429,1082.501465,79.18
8.125,129.437119,1698.962891,-64.249626,172.218384,1617.942993,-122.828972,184.507248,1629.583862,-3.172638,-39.904594,1481.888184,81.511719,-130.748978,1309.021851,69.773178,-73.360451,1300.482422,156.116623,138.042877,1344.867065,-22.365925,-156.160858,1399.766479,-3.891315,-46.39003,1467.618286,-120.419617,-223.003113,1340.415283,-75.400246,-304.385742,1272.437378,-121.995117,-166.455948,1083.263672,-230.557159,-82.648102,1129.298096,-208.524536,-138.635941,1028.086182,-216.481476,-10.797715,1379.560913,200.35321,140.452713,1450.622681,144.964157,101.344498,1335.819946,296.138031,122.934402,1220.776245,375.927795,199.537399,1015.498169,253.669556,213.319397,1071.197754,176.716171,206.036285,968.288696,227.467606,9.077364,1097.287476,-143.493546,-156.882233,1125.099854,-36.381378,-13.364957,1123.872681,195.624695,159.495392,1095.150024,76.435577
8.133,126.469223,1709.732056,-68.26181,168.401031,1628.423462,-126.809685,183.11731,1640.552612,-7.470689,-38.541946,1493.220703,83.363655,-129.441528,1320.268066,73.139595,-70.180847,1312.182617,158.19339,136.959106,1357.572144,-25.199455,-156.450745,1410.672485,-0.138608,-49.850586,1478.427856,-119.074242,-224.877579,1351.31311,-70.404213,-306.932129,1282.707275,-115.181862,-170.308121,1094.526245,-226.607224,-86.437592,1140.723877,-205.400131,-142.146805,1039.397827,-213.15889,-6.881862,1391.342773,200.633972,143.051437,1462.388184,142.046494,107.320541,1348.327393,294.277344,129.534012,1232.532959,373.172729,203.303787,1027.205566,250.031021,216.228546,1082.47876,172.679977,209.351334,979.806274,223.848648,6.201674,1109.837158,-142.903,-157.231644,1136.977295,-33.402721,-9.552421,1135.237427,196.72998,160.728256,1107.776367,73.844971
8.142,123.461876,1719.659424,-72.088272,164.458771,1638.292969,-130.926117,181.63176,1650.96521,-11.912996,-37.186287,1504.424194,84.066704,-128.243347,1331.477905,76.400024,-67.101646,1323.819336,160.135391,135.874008,1369.97998,-27.902508,-156.877441,1421.612183,3.653857,-53.161289,1489.02124,-117.59787,-226.739624,1362.181641,-65.745583,-309.293823,1292.957397,-108.785004,-173.932709,1105.608643,-222.656403,-89.882248,1151.795044,-202.313324,-145.430786,1050.417114,-209.818756,-3.068941,1403.036987,200.796982,145.299408,1473.668213,139.1521,113.238289,1360.579346,292.128815,135.669571,1244.275391,370.424255,206.801895,1038.733887,246.378708,218.81192,1093.646729,168.790466,212.344101,991.065613,220.018143,3.147778,1122.250488,-142.24057,-158.101715,1148.616089,-29.58503,-6.059892,1146.435547,197.755112,161.642395,1120.202393,71.522171
8.15,120.664787,1728.937012,-75.414467,160.308243,1647.528076,-134.238007,180.013962,1660.735596,-16.113594,-35.669422,1515.264526,84.387833,-127.087746,1342.481445,79.462311,-64.130447,1335.106689,161.777634,134.753799,1382.047485,-30.42696,-157.196487,1432.273926,7.304112,-56.328995,1499.186279,-116.001076,-228.591492,1372.793579,-61.346313,-311.524963,1302.764282,-102.675415,-177.206894,1116.344971,-219.119965,-93.130295,1162.546509,-199.102921,-148.329391,1061.069458,-206.843918,0.743806,1414.291382,200.388748,147.535202,1484.621216,136.164108,118.851257,1372.362793,289.926605,142.088287,1255.618774,367.710602,210.342651,1049.920654,242.949356,221.287048,1104.523926,164.997131,215.093842,1001.876953,216.465439,-0.101913,1134.465088,-141.470367,-159.134003,1160.022095,-25.742811,-2.737758,1157.5271,198.75444,162.425507,1132.459717,69.189537
8.158,117.775711,1737.289795,-77.937599,156.477295,1655.697144,-137.820221,178.276093,1669.498901,-20.09502,-34.097122,1525.583374,84.746727,-125.939507,1352.905151,82.386726,-61.20406,1346.058838,163.270813,133.058838,1393.581299,-32.341,-157.460266,1442.509277,11.154447,-59.362247,1508.737061,-114.332634,-230.232498,1383.055664,-57.160721,-313.487701,1312.084839,-96.931824,-180.384155,1126.499878,-215.60672,-96.237511,1172.80835,-195.999817,-151.154053,1071.122559,-203.767456,4.50126,1425.018555,200.140961,149.374283,1494.913452,133.087479,124.400215,1383.683594,287.561646,148.142456,1266.593506,365.013397,213.239792,1060.457397,239.342239,223.502396,1114.95459,161.335968,217.743164,1012.308228,212.761398,-3.528694,1146.277954,-140.890839,-160.443924,1170.950317,-22.037928,0.30637,1168.268555,199.731644,163.384644,1144.65918,66.631264
8.167,114.848549,1745.073242,-81.525482,152.681381,1663.295166,-141.170181,176.536987,1677.465576,-23.878769,-32.349586,1535.209839,85.022095,-124.863815,1362.876831,85.215736,-58.434513,1356.440308,164.627869,131.808624,1404.84375,-34.604309,-157.693619,1452.134277,14.376343,-62.116966,1517.550903,-112.523926,-232.110504,1392.725342,-53.240913,-315.55069,1320.959351,-91.612862,-183.38504,1135.916748,-212.162827,-99.235474,1182.418945,-193.297256,-153.88649,1080.660156,-200.891541,8.113023,1435.23877,199.688492,151.355911,1504.740479,129.842697,129.77507,1394.259155,285.094269,154.278152,1276.925171,362.376373,216.522186,1070.698975,236.091248,225.666199,1124.777466,157.764069,220.138229,1022.108093,209.12352,-7.102222,1157.583862,-140.438614,-161.758286,1181.197144,-18.124783,3.178175,1178.516479,200.129471,163.94548,1156.097168,64.686279
8.175,111.671989,1752.149536,-84.58374,148.791977,1670.220703,-144.393784,174.686554,1684.955811,-27.506866,-31.026567,1544.498413,85.436684,-123.871056,1372.26001,87.785553,-55.857258,1366.13855,165.942062,130.705597,1415.916016,-37.343536,-157.857468,1461.116333,17.725859,-64.667152,1525.59375,-110.804886,-233.83815,1401.797974,-49.65625,-317.557251,1329.192749,-86.557762,-186.419098,1144.647095,-208.879211,-102.279488,1191.355713,-190.892807,-156.615036,1089.429443,-198.088165,11.519252,1444.675659,199.295105,153.406082,1513.800781,126.502945,135.035568,1404.111328,282.451569,160.219742,1286.573486,359.771271,219.417892,1080.005371,232.633682,227.860886,1134.05542,154.282257,222.524628,1031.338989,205.587708,-10.851959,1168.295532,-140.546219,-163.254288,1191.145386,-14.454959,5.709688,1188.386353,200.816208,164.706833,1166.567627,62.967434
8.183,108.916496,1758.598511,-87.598969,145.046082,1676.475586,-147.456543,172.86969,1691.539429,-31.117485,-29.802412,1553.22583,85.711349,-122.95182,1380.765991,90.127953,-53.459393,1374.720947,167.027222,129.324921,1426.461792,-39.488594,-158.153702,1469.233398,20.658257,-67.514999,1532.996582,-109.399139,-235.758591,1409.994019,-46.119953,-319.511536,1336.611816,-81.891228,-189.515625,1152.581909,-205.688599,-105.042435,1199.455444,-188.979172,-159.307953,1097.445435,-195.407471,14.723868,1453.054199,199.032425,155.460159,1521.953247,123.427956,140.105377,1412.870728,279.832397,166.102066,1295.310425,357.163452,222.734131,1088.418457,229.187057,230.003632,1142.595703,150.908112,224.749481,1039.76416,202.076752,-14.517098,1178.296753,-140.934845,-164.62825,1200.227173,-10.78829,8.112666,1197.426392,201.032242,165.415909,1176.26001,61.227394
8.192,106.25415,1764.255249,-89.720444,141.327209,1682.153564,-150.433609,171.167923,1697.581543,-34.605686,-28.328892,1561.39978,85.988266,-122.149239,1388.355347,92.178108,-51.133251,1382.290649,168.078842,127.81221,1436.398315,-40.871487,-158.57254,1476.457031,23.76108,-70.214729,1539.291016,-107.782745,-237.736816,1417.264526,-42.731686,-321.373413,1343.321777,-77.421295,-192.49733,1159.67688,-202.895554,-107.99572,1206.689331,-186.86644,-161.928787,1104.518921,-193.018906,17.776201,1460.641357,198.844223,157.336563,1529.091309,120.479767,144.828629,1420.598267,277.164703,171.757172,1303.053101,354.703949,225.501526,1096.108032,226.105347,232.208115,1150.359619,147.583694,227.044647,1047.340942,198.535797,-18.817606,1186.922729,-138.950775,-166.011734,1208.568481,-7.554851,10.225886,1205.907715,201.430328,166.154053,1185.284302,59.182602
8.2,103.674271,1769.268799,-92.906876,137.743652,1687.048096,-153.412354,169.415558,1702.880127,-38.129929,-26.861643,1568.626099,86.015709,-121.393295,1394.847656,93.912849,-49.019508,1388.80957,168.806198,126.257553,1446.091797,-42.052708,-159.265839,1482.534058,26.05114,-73.240967,1545.245728,-106.648407,-239.680099,1423.439697,-39.435623,-323.467621,1348.942261,-73.235023,-195.610428,1165.744629,-200.142868,-110.970589,1213.106812,-185.18541,-164.718414,1110.919922,-190.684219,20.391615,1467.350342,199.522537,159.081757,1535.13855,117.537956,149.285538,1427.243042,274.576904,177.233063,1309.786499,352.08667,228.785812,1102.851807,222.704498,234.515503,1157.233887,144.284592,229.299011,1054.067993,195.038742,-22.517447,1194.774536,-138.463608,-167.485565,1216.372559,-3.675972,12.227324,1213.430542,201.733276,166.626953,1193.49646,57.160812
8.208,101.126251,1773.71582,-95.28537,134.209137,1691.265625,-156.193726,167.906845,1707.72229,-41.323593,-25.819641,1574.773682,85.997406,-120.729919,1400.259521,95.563293,-47.097069,1394.401123,169.285156,124.778809,1455.194214,-42.942589,-159.829849,1487.668823,28.272028,-76.17646,1550.157349,-105.398941,-241.580551,1428.589111,-36.292885,-325.416962,1353.748779,-69.28508,-198.582047,1171.091187,-197.790375,-114.09285,1218.672852,-183.442459,-167.583374,1116.292236,-188.513672,23.000767,1473.278809,200.171204,160.662811,1540.359375,115.000526,153.457611,1432.972168,272.012299,182.558823,1315.653442,349.503021,231.743668,1108.717163,219.477859,236.81102,1163.339722,141.037827,231.609833,1060.145508,191.644211,-26.200668,1201.724487,-138.044724,-168.738419,1223.06958,-0.852873,14.351506,1219.900513,201.917923,167.412308,1200.86145,54.927219
8.217,98.652618,1777.555176,-98.046684,130.87558,1694.87854,-158.995758,166.231476,1711.647949,-44.925385,-25.199846,1579.259277,85.951042,-120.195656,1404.742432,97.272995,-45.296902,1399.044434,169.726974,123.145035,1463.20459,-43.926373,-160.256195,1491.865356,30.201811,-79.600304,1554.903687,-104.922638,-243.664246,1432.792114,-33.267914,-327.525299,1357.618652,-65.568871,-201.649628,1175.401611,-195.495438,-117.138031,1223.284546,-182.048035,-170.311279,1120.798584,-186.452515,25.828547,1477.43457,198.547302,162.374527,1545.021362,112.648483,157.314987,1437.606567,269.522339,187.65303,1320.378784,346.865021,234.871094,1113.652222,216.273178,239.151413,1168.454224,137.700439,233.805832,1065.268188,188.306778,-29.683016,1207.692871,-137.592178,-170.038452,1228.687988,2.103144,16.378937,1225.401367,201.830902,168.051239,1207.270264,52.739182
8.225,96.300003,1780.845337,-100.26992,127.62278,1697.821533,-161.62442,164.843719,1715.096436,-48.216465,-24.819164,1582.41626,85.802231,-119.848595,1408.27771,99.005608,-43.670467,1402.663086,170.206848,121.852722,1469.552124,-44.661957,-160.884903,1495.363892,32.465927,-83.109764,1558.481567,-104.059525,-244.418991,1434.995728,-30.675545,-329.680817,1360.63147,-62.136608,-204.664108,1178.804932,-193.406357,-120.291542,1226.959839,-180.868881,-173.226334,1124.359985,-184.288101,27.86652,1481.218872,198.026917,163.618973,1548.739136,110.253937,160.880722,1441.178833,267.125732,192.579208,1324.467896,344.209656,238.078232,1117.935547,212.86261,241.403519,1172.650879,134.336014,236.465393,1069.411865,184.894119,-32.880768,1212.597412,-137.129776,-171.257751,1233.228394,4.846987,18.339907,1229.879395,201.79245,168.752991,1212.655273,50.325123
8.233,94.019234,1783.519043,-102.616722,124.63266,1700.185913,-164.2948,163.349808,1717.992432,-51.248001,-24.478973,1584.55481,85.588142,-119.718842,1410.975952,100.754028,-42.282421,1405.457642,170.741287,120.720085,1474.452026,-45.303055,-161.989502,1497.997437,34.175426,-86.701027,1561.568726,-103.21627,-246.283218,1437.02063,-28.0774,-331.486298,1362.571411,-58.517624,-207.557098,1181.186279,-191.493561,-123.342911,1229.728638,-179.978973,-176.048767,1127.003296,-182.058624,29.829594,1483.781982,197.283524,164.490784,1551.714233,108.124016,164.213196,1443.901245,265.014404,197.011063,1327.279541,341.648499,241.098953,1120.949219,209.38269,243.572418,1176.055542,130.871857,238.950928,1072.729614,181.513626,-35.910648,1216.574829,-136.595932,-172.307831,1236.582764,7.587079,20.213293,1233.405518,201.550781,169.300995,1216.963501,47.789982
8.242,91.87606,1785.555054,-105.351425,121.533333,1701.851074,-166.847549,161.856033,1719.753784,-54.519272,-24.291986,1585.958618,85.11628,-119.584969,1412.852295,102.538559,-40.870869,1407.504272,171.361237,119.122787,1478.047119,-46.296623,-162.906647,1499.665283,36.335091,-90.120338,1563.849609,-102.263008,-248.021835,1438.036011,-25.521458,-333.347626,1363.692993,-55.098904,-210.603516,1182.751709,-189.288498,-126.286255,1231.660156,-179.207596,-178.798294,1128.770874,-179.923157,31.580448,1485.813965,196.680893,165.330795,1553.980469,106.28849,167.261078,1445.736572,263.016083,201.104034,1329.230469,338.943115,244.53331,1123.332153,205.762955,245.497375,1178.56604,127.258987,241.868393,1075.286133,178.049088,-38.903973,1219.470093,-136.087418,-173.240738,1239.16748,10.176277,22.194433,1236.251709,201.353989,170.501251,1220.516724,44.583179
8.25,90.305832,1786.93335,-107.854355,118.667557,1702.900635,-169.345215,160.264008,1721.398804,-57.604755,-24.1726,1586.647705,84.689003,-119.413216,1414.180176,104.33503,-39.579796,1408.740601,172.064438,117.136177,1480.668579,-47.458027,-163.95015,1500.911743,38.545666,-93.293297,1565.279419,-101.092682,-249.918137,1438.267334,-22.977629,-335.081116,1364.025757,-51.637287,-213.471207,1183.478271,-187.259949,-129.101013,1232.716431,-178.57077,-181.587479,1129.791382,-177.908524,33.112289,1487.151245,196.047256,166.071518,1555.569336,104.620178,169.959427,1446.80957,261.063934,205.088654,1330.374756,336.074982,247.730957,1125.080688,202.53923,247.149628,1180.250122,123.657776,245.13797,1076.858154,174.345184,-41.672642,1221.308838,-135.39888,-173.992767,1240.753418,12.754025,24.148582,1238.231567,201.154404,170.463043,1222.650024,42.04673
8.258,88.076088,1787.630493,-109.584053,115.894211,1703.18396,-171.607239,158.811966,1722.065918,-60.36451,-24.168036,1586.686523,84.293114,-119.18483,1414.865845,106.04155,-38.401585,1409.429199,172.613083,114.949821,1482.096924,-48.609581,-164.924362,1501.510742,40.757828,-96.491982,1566.140381,-99.975929,-251.647354,1437.805664,-20.37752,-336.886078,1363.501221,-48.203957,-216.246307,1183.347168,-185.406509,-131.902557,1232.936279,-178.011932,-184.37384,1130.059326,-175.719788,34.719082,1487.971802,195.537064,166.697174,1556.618896,102.918358,172.380905,1447.089844,259.237,208.734329,1330.688354,333.134949,250.904465,1125.933838,198.36377,248.716919,1181.169067,119.894142,248.028076,1077.695312,170.530624,-44.468891,1222.169678,-134.666046,-174.962112,1241.824341,15.472008,26.185652,1239.571411,200.989258,170.323853,1223.579102,39.449524
8.267,86.268105,1787.661255,-112.683411,113.123344,1702.920532,-173.867523,157.069321,1722.255249,-63.142395,-24.336538,1586.145996,83.896614,-118.898949,1414.956177,107.727058,-37.128822,1409.569824,173.27475,112.768875,1482.302856,-49.595787,-165.986969,1501.550903,42.919659,-99.749886,1566.401245,-98.937256,-253.499115,1436.707031,-17.880833,-338.399109,1362.325317,-44.834461,-219.030624,1182.505737,-183.412079,-134.570633,1232.392212,-177.487274,-187.08284,1129.417358,-173.58989,36.044544,1488.225586,195.152084,167.248566,1557.026489,101.349289,174.719742,1446.732422,257.312744,212.057465,1330.194336,329.628418,254.112839,1125.988525,194.777435,250.081146,1181.40332,115.931923,250.712692,1077.933594,166.633286,-47.122936,1222.01123,-133.787003,-175.713303,1242.098633,18.108091,28.176386,1240.039551,200.583206,169.848282,1223.503296,37.064644
8.275,84.223068,1787.313232,-114.819878,110.434662,1701.928711,-175.944366,155.575256,1721.843262,-65.746552,-24.615837,1585.368286,83.875481,-118.584579,1414.47168,109.387756,-35.792042,1409.199951,173.86937,110.58699,1481.358765,-50.356598,-166.824738,1500.992554,45.075657,-102.986137,1566.082275,-97.92749,-255.289398,1435.106201,-15.277763,-339.771851,1360.358521,-41.237843,-221.586685,1180.921265,-181.322937,-137.160309,1230.944946,-176.833023,-189.735367,1128.122803,-171.536133,37.567135,1487.832642,194.607651,167.98201,1556.639771,99.457024,176.881454,1445.740845,255.243484,214.922424,1328.973511,326.462616,256.705444,1125.305664,190.540344,251.303131,1180.886353,111.960136,253.360184,1077.562988,162.571625,-49.643833,1221.013672,-132.787857,-176.385773,1241.669434,20.715937,30.221205,1239.868164,200.331268,168.707489,1222.922974,34.384598
8.283,82.624054,1786.364746,-117.531685,107.867706,1700.268311,-177.921997,153.960083,1720.89502,-68.285652,-24.982069,1584.706299,84.389732,-118.277618,1413.432739,110.921799,-34.559364,1408.305664,174.333847,108.626953,1479.671875,-51.233356,-167.497238,1499.836304,47.28793,-106.511581,1565.669312,-97.295052,-256.737091,1432.881592,-12.612199,-340.941162,1357.769897,-37.788834,-224.195129,1178.699463,-179.408447,-139.553787,1228.809448,-175.893356,-192.322037,1126.021606,-169.460464,38.831978,1486.890137,194.238907,168.208221,1555.837891,97.619759,178.883331,1444.055542,253.129181,217.695602,1327.137573,323.123627,259.073761,1124.081299,186.335419,252.399826,1179.683228,107.705772,255.700821,1076.394653,158.303757,-52.168781,1219.116699,-131.671936,-177.002762,1240.468018,23.395351,32.056858,1239.022217,200.037888,167.876831,1221.442383,32.091858
8.292,80.610802,1784.297607,-119.785835,105.199188,1698.047729,-179.951385,152.285492,1719.2052,-70.599434,-25.124256,1583.882935,84.835724,-117.905693,1412.019165,112.476166,-33.278572,1406.887207,174.807358,106.886436,1477.434204,-52.687939,-168.129929,1498.222168,49.110535,-109.171005,1563.905762,-96.14666,-258.237366,1430.343506,-9.942335,-342.036621,1354.689209,-34.356075,-226.477036,1175.797729,-177.38916,-141.642578,1225.834473,-174.8871,-194.765488,1123.239014,-167.549911,40.228767,1485.38501,193.582474,168.411011,1554.554688,95.546432,180.681717,1441.895142,250.755661,220.005661,1324.58606,319.768402,261.222565,1122.110352,181.861832,253.313568,1177.918091,103.483101,257.941193,1074.739624,153.881531,-54.662464,1216.472412,-130.484619,-177.23941,1238.662231,25.429737,34.053425,1237.422363,199.69841,166.87442,1219.404175,29.900112
8.3,78.389656,1781.92981,-121.520912,102.672081,1695.151123,-181.870651,150.758759,1717.020142,-72.904495,-25.252924,1582.269287,85.105072,-117.385551,1409.918701,114.11618,-32.03088,1404.810181,175.286133,105.287315,1474.737793,-54.680801,-168.671432,1495.911377,51.163174,-111.745903,1561.597168,-95.126068,-259.631775,1427.238647,-7.379804,-343.016754,1351.005615,-30.960142,-228.634827,1172.384644,-175.267838,-143.322998,1222.18689,-174.12648,-197.088821,1119.876831,-165.594803,41.682262,1483.232056,193.087341,168.371078,1552.452759,93.659248,182.402313,1439.19751,248.277344,222.124481,1321.258911,316.167572,263.127014,1119.484253,176.797806,253.940491,1175.541382,99.267395,259.926178,1072.294434,149.396118,-57.128895,1213.146362,-129.235779,-177.471634,1236.020996,27.774866,36.034901,1235.086548,199.144577,165.698929,1216.688354,27.725016
8.308,76.626678,1779.220703,-123.862495,100.083054,1691.744873,-183.676605,148.918106,1714.303589,-75.29213,-25.395853,1579.78125,85.015541,-117.082703,1407.260254,115.626793,-30.618694,1402.107544,175.657578,103.924026,1471.165283,-56.840179,-169.109879,1492.978149,52.947182,-113.637451,1558.359863,-93.838043,-260.755463,1423.741699,-4.75037,-343.758575,1346.761963,-27.563103,-230.73317,1168.297607,-173.306213,-146.012985,1218.350098,-171.854431,-199.397888,1115.909302,-163.809265,43.097851,1480.454224,192.3965,168.487793,1549.813721,91.128944,184.176636,1435.877197,245.688461,223.830841,1317.239258,312.65979,265.010834,1116.410889,172.467743,254.489746,1172.597534,94.935165,261.734985,1069.279663,144.734528,-59.548203,1209.255005,-128.044769,-177.707611,1232.685791,30.430452,37.801514,1232.211792,198.75621,164.226273,1213.138184,25.735872
8.317,74.453728,1775.635254,-124.664291,97.488808,1687.67627,-185.311874,147.105347,1710.846558,-77.427803,-25.574602,1576.22522,85.105537,-116.664368,1403.97998,117.074348,-29.354696,1398.750854,175.962357,102.619827,1466.529297,-58.989552,-169.557358,1489.559204,54.277557,-115.79615,1554.517944,-92.846176,-261.795685,1419.522827,-2.190017,-344.586212,1341.94519,-24.178619,-232.6884,1163.602539,-170.984497,-147.921402,1213.399658,-169.94194,-201.561005,1111.158203,-161.671783,44.614048,1477.077148,191.766357,168.548767,1546.130493,88.650345,185.909973,1431.960083,243.047089,225.585129,1312.742432,309.181152,266.763397,1112.630249,167.744904,254.809143,1169.146973,90.659805,263.618439,1065.866333,139.943893,-62.098564,1204.823242,-126.871574,-177.959244,1228.6427,33.096554,39.717575,1228.567627,198.221222,163.044006,1208.963135,23.688902
8.325,72.491531,1771.290771,-126.931816,94.875877,1683.062378,-186.855972,145.218216,1706.606934,-79.469841,-25.520212,1572.086182,85.424004,-116.015633,1399.981812,118.487633,-28.042393,1394.876465,176.445236,101.129189,1461.172607,-61.092136,-169.906998,1485.505981,56.044922,-117.346321,1549.8573,-91.492432,-262.7258,1414.860962,0.268085,-345.33194,1336.774536,-20.91271,-234.545517,1158.201416,-168.537338,-149.691818,1207.970459,-167.940613,-203.72113,1106.005371,-159.425552,46.091755,1473.040894,191.048935,168.60083,1541.829834,86.314117,187.690689,1427.375732,240.378647,227.063965,1307.493286,305.828552,268.125183,1108.355957,162.98468,254.843628,1165.026733,86.39801,265.291443,1061.681274,135.245438,-64.584816,1199.562866,-125.742737,-178.242233,1223.848511,35.948021,41.410423,1224.287964,197.672241,161.936478,1203.919556,21.909433
8.333,69.892708,1765.955933,-129.157654,92.284744,1677.968872,-188.302734,143.513779,1701.959839,-81.344765,-25.481895,1567.595581,85.706932,-115.487297,1395.319946,119.887665,-26.722868,1390.328369,176.63205,99.614876,1454.841675,-63.078091,-170.126678,1480.74292,57.667736,-119.013206,1544.672363,-90.520195,-263.618683,1409.531372,2.748732,-345.959991,1330.946533,-17.603439,-236.350845,1152.24707,-165.986542,-151.427307,1201.852661,-165.797943,-205.735016,1100.034912,-157.075043,47.744015,1468.40979,190.306595,168.751587,1536.772461,83.857666,189.380829,1422.297363,237.710739,228.505646,1301.654907,302.51474,269.39502,1103.437866,158.332489,254.869186,1160.321289,82.167427,266.718018,1057.014771,130.555527,-67.112228,1193.69165,-124.547752,-178.377762,1218.414795,38.516766,43.230293,1219.367188,197.142334,160.836761,1198.388306,20.271843
8.342,67.680756,1760.480713,-130.5793,89.620949,1672.141602,-189.645737,141.61261,1696.457397,-83.110847,-25.267748,1562.382812,85.764267,-114.987503,1390.080322,121.18383,-25.484404,1384.948853,176.929672,98.03289,1447.689209,-65.057281,-170.273087,1475.307739,59.564667,-120.551407,1538.713379,-89.524994,-264.441589,1403.66394,5.140896,-346.663788,1324.503662,-14.188427,-238.17601,1145.765991,-163.350662,-153.12793,1195.081055,-163.449295,-207.694397,1093.439087,-154.619797,49.394363,1462.989136,189.602646,169.033524,1531.150879,81.280304,191.201157,1416.453247,235.081894,229.815063,1295.110596,299.156189,270.380615,1097.805664,153.539673,254.703995,1155.035767,78.012306,268.480713,1051.429321,125.674934,-69.724632,1187.047485,-123.557953,-178.539185,1212.251831,41.212467,44.932693,1213.78833,196.725983,160.002594,1192.120361,18.701614
8.35,65.504814,1754.28186,-132.423874,87.01178,1665.730957,-190.875748,139.809311,1690.392944,-84.803513,-24.935783,1556.433472,85.875763,-114.324295,1384.107666,122.536331,-24.121746,1378.989502,177.246689,96.43634,1439.702026,-66.963455,-170.48703,1469.122925,61.090275,-122.144897,1532.150879,-88.640198,-265.227081,1397.052612,7.499196,-347.354218,1317.505737,-10.838305,-239.941055,1138.593262,-160.574539,-154.719833,1187.675659,-161.029861,-209.604187,1086.133423,-152.122726,51.037815,1456.917114,188.717468,169.210022,1524.834961,78.91452,192.959198,1410.079346,232.448471,231.402237,1288.133057,296.006409,271.215851,1091.665527,149.162933,254.35611,1149.101807,74.007996,269.300812,1045.37793,121.227814,-72.419739,1179.866455,-122.519272,-178.627838,1205.40625,43.871605,46.656303,1207.550171,196.112595,159.432327,1185.445557,17.121187
8.358,63.209377,1747.324463,-133.18602,84.368233,1658.809204,-191.942474,137.932632,1683.605347,-86.318398,-24.631924,1549.703003,85.950005,-113.879951,1377.4375,123.813354,-22.901684,1372.263062,177.500198,94.69043,1431.023315,-68.863739,-170.633636,1462.311035,62.567123,-123.556488,1524.762573,-87.64006,-266.030029,1389.876709,9.891466,-347.95636,1309.932739,-7.463352,-241.683777,1130.856201,-157.709167,-156.366425,1179.745239,-158.464798,-211.604156,1078.371094,-149.45697,52.539387,1450.066162,187.893661,169.602264,1517.611206,76.527718,194.714417,1402.95166,229.941879,232.957184,1280.560303,292.873199,271.96814,1084.946533,144.631393,254.003342,1142.581787,70.096054,270.069061,1038.836548,116.72464,-75.053696,1171.755859,-121.368454,-178.770081,1197.940918,46.730625,48.539848,1200.551758,195.603073,158.953262,1178.218994,15.365747
8.367,61.074661,1739.949097,-134.221161,81.765045,1651.285034,-192.876984,136.183228,1676.250732,-87.734901,-24.535141,1542.205933,85.929115,-113.295776,1369.966797,125.133278,-21.589844,1364.925293,177.588806,93.019928,1421.480713,-70.626419,-170.819962,1454.712036,64.162994,-125.000359,1516.706665,-86.744385,-266.764954,1381.997314,12.284511,-348.712402,1301.758911,-3.935781,-243.379456,1122.51709,-154.680954,-158.082092,1171.204956,-155.950882,-213.605194,1070.065918,-146.708023,54.11924,1442.589233,186.923965,169.896439,1509.668213,74.181183,196.544998,1395.132812,227.387405,234.658554,1272.416504,289.774353,272.555939,1077.374268,140.588516,253.499298,1135.325806,66.323425,270.651672,1031.54541,112.411499,-77.80304,1163.102417,-120.264168,-178.990143,1189.782959,49.406288,50.371861,1192.832397,194.957947,158.599442,1170.481445,13.645576
8.375,58.716873,1731.506226,-134.347519,79.264519,1643.234375,-193.719223,134.236282,1668.02417,-88.938042,-24.500084,1533.954224,85.87851,-112.888908,1361.836304,126.391602,-20.118637,1356.614136,177.108994,91.392357,1411.55481,-72.286491,-170.83371,1446.257935,65.252296,-126.570251,1507.994995,-85.885124,-267.624786,1373.427124,14.748116,-349.592072,1292.919434,-0.312682,-245.221741,1113.582031,-151.660721,-159.76152,1162.149048,-153.421448,-215.623642,1061.210693,-143.8992,55.587875,1434.371826,186.149063,170.031693,1501.21167,71.792137,198.388824,1386.658813,224.868607,236.459961,1263.726562,286.889496,273.177521,1069.348877,136.260071,252.883194,1127.509766,62.75312,271.093689,1023.743774,108.116005,-80.514519,1153.871704,-118.959824,-179.076782,1181.004028,52.223343,52.158325,1184.406372,194.342438,158.283173,1162.128418,11.843447
8.383,56.513599,1722.733765,-135.077362,76.58062,1634.447266,-194.353424,132.507782,1659.223511,-90.003166,-24.251022,1525.057861,86.012283,-112.22374,1352.83667,127.749115,-18.931658,1347.68042,177.442581,89.669662,1401.08667,-73.882576,-171.034348,1437.133911,66.739937,-128.194824,1498.629883,-84.883324,-268.529602,1364.282715,17.20846,-350.58429,1283.5979,3.344223,-247.138123,1104.133545,-148.526917,-161.597534,1152.572754,-150.716354,-217.720001,1051.812744,-140.970993,57.095577,1425.276611,185.246323,170.165039,1491.800415,69.396835,200.034042,1377.46167,222.387268,238.358032,1254.429565,284.021362,273.702179,1060.652832,132.350601,252.112747,1118.952393,59.368053,271.566498,1015.082092,103.947792,-83.227135,1144.094604,-117.556778,-179.231689,1171.485229,54.860924,54.033852,1175.376465,193.660538,157.984177,1153.263916,9.855699
8.392,54.245712,1713.004395,-135.206146,73.989258,1624.92688,-194.879639,130.6539,1649.59729,-90.847618,-24.228567,1515.395996,86.175667,-111.887207,1343.197388,129.004135,-17.751505,1337.995361,177.687836,87.919312,1390.010132,-75.358116,-171.250061,1427.343872,68.164261,-129.918091,1488.564819,-84.075813,-269.428497,1354.483154,19.824821,-351.518127,1273.710571,7.09988,-249.173203,1094.126465,-145.395233,-163.540939,1142.322021,-148.285583,-219.88208,1041.865479,-138.008835,58.486217,1415.686157,184.728302,170.178833,1481.774292,67.076103,201.876801,1367.723511,219.881119,240.521133,1244.543701,281.279877,274.08606,1051.175903,128.366058,251.273041,1109.872192,56.051952,271.930115,1005.855103,99.777336,-85.827583,1133.822144,-116.149895,-179.341354,1161.329346,57.786545,55.907471,1165.682495,192.956253,157.770111,1143.790405,7.764537
8.4,52.309399,1702.662964,-133.930222,71.297783,1614.99585,-195.091415,128.715378,1639.459473,-91.56881,-24.422291,1505.066895,86.183975,-111.277199,1332.817505,130.503693,-16.532087,1327.598633,178.052582,86.320198,1378.432617,-76.692337,-171.533371,1416.780518,69.970497,-131.521713,1477.565552,-82.863792,-270.419189,1344.157837,22.49519,-352.466644,1263.298218,10.985189,-251.331177,1083.572876,-142.181183,-165.665451,1131.771973,-145.161667,-222.282059,1031.424683,-134.971619,59.927139,1405.184448,184.002853,170.158203,1471.073608,64.787476,203.642685,1357.277466,217.426575,242.728882,1234.192505,278.624634,274.538544,1041.255005,124.580582,250.528015,1100.199585,52.957745,272.244629,996.015442,95.652573,-88.544716,1123.026611,-114.401421,-179.318909,1150.495728,60.494522,57.810104,1155.38623,192.148514,157.280548,1133.684448,5.616825
8.408,50.055202,1692.09729,-133.490891,68.671921,1604.761841,-195.456238,126.874641,1628.712158,-92.207085,-24.423784,1494.289795,86.911324,-110.87606,1321.750854,132.106461,-15.118578,1317.587036,181.141632,84.672844,1366.39563,-78.008064,-171.671021,1405.452637,71.385422,-133.258408,1466.283203,-81.886436,-271.1828,1333.066406,25.383352,-353.614655,1252.331299,15.188174,-253.680939,1072.579712,-138.868607,-168.058304,1120.717529,-142.7117,-224.845566,1020.54895,-131.811783,61.144215,1394.14978,183.289642,170.058258,1459.828125,62.544777,205.402985,1346.223511,215.053635,245.118469,1223.15686,275.979279,274.925934,1030.718628,120.833237,249.784409,1090.033081,49.918644,272.433502,985.679565,91.689766,-91.271309,1111.674805,-112.82814,-179.173447,1139.25415,63.252857,59.716434,1144.587036,191.425247,156.954056,1123.033691,3.346483
8.417,47.69883,1681.416992,-133.3685,66.049393,1594.386719,-195.903442,125.140938,1617.934204,-92.915039,-24.785154,1483.069824,88.052811,-110.209991,1310.201172,133.841537,-14.14323,1304.7052,179.368073,83.102783,1354.033813,-79.183266,-171.832474,1393.911743,73.705116,-135.010101,1454.267212,-80.648338,-272.058289,1321.58313,28.433142,-354.91864,1241.090942,19.477171,-256.291748,1061.179077,-135.338394,-170.841965,1109.464111,-140.649017,-227.639328,1009.307373,-128.617676,62.561169,1382.387939,182.801208,169.850082,1448.001953,60.526218,207.296387,1334.547241,212.651779,247.595642,1211.709595,273.42981,275.404999,1019.839417,116.989441,249.090851,1079.373047,46.948448,272.505524,974.818665,87.774391,-93.867699,1099.973877,-111.303108,-178.913803,1127.487427,66.144783,61.713718,1133.176025,190.779449,156.452713,1111.980225,0.920482
8.425,45.502701,1670.993286,-133.501419,63.316269,1584.042969,-196.524246,123.276833,1607.273682,-93.894424,-25.251064,1471.644653,89.409912,-109.604874,1298.043335,135.5466,-12.919412,1292.365356,180.226791,81.116615,1341.519653,-80.215347,-171.881195,1381.638916,75.729019,-137.139938,1442.325928,-79.644516,-273.076996,1309.47522,31.694096,-356.230316,1229.574097,24.057507,-259.061371,1049.531372,-131.737701,-173.633606,1097.689575,-138.097549,-230.531937,997.616821,-125.35778,63.993885,1370.349854,182.56897,170.028275,1436.143433,58.573063,209.274704,1322.473877,210.436142,250.25087,1199.855835,270.932922,275.975006,1008.573059,113.467377,248.398666,1068.405762,44.067421,272.878693,963.808655,83.854805,-96.412018,1087.682983,-109.434334,-178.45108,1115.495117,68.824654,63.881248,1121.488525,190.089371,155.711319,1100.525269,-1.617693
8.433,43.510117,1660.418335,-133.989365,60.60038,1573.522827,-197.171356,121.676018,1596.726074,-95.273544,-25.511444,1459.887817,90.928207,-108.76548,1285.771729,137.415192,-11.598568,1279.771118,180.895279,79.580338,1328.661011,-81.092781,-171.942276,1369.218506,77.755119,-139.333588,1430.276855,-78.428429,-274.008423,1297.150879,35.248871,-357.458771,1217.9198,28.810162,-261.952362,1037.737427,-127.894608,-176.435349,1085.778687,-135.22052,-233.687805,985.954773,-121.975861,65.279297,1358.185547,182.695053,170.482025,1424.656372,56.719311,211.521759,1309.936523,208.29454,253.336853,1187.927368,268.365906,276.626709,997.132996,109.708046,247.705109,1057.123779,41.243057,273.407501,952.559082,80.031517,-98.757561,1075.139404,-107.296677,-177.969513,1103.044922,71.589218,66.237946,1109.291138,189.343109,154.880692,1088.698242,-4.181439
8.442,41.333817,1649.888916,-134.241653,57.788738,1563.268311,-197.958328,120.059326,1586.276611,-96.595619,-25.490927,1448.238892,92.361687,-107.57225,1273.526123,139.253448,-9.985431,1267.552246,181.627563,77.821091,1315.731445,-82.348389,-172.024612,1356.896118,80.282555,-141.866058,1418.432739,-77.132141,-274.840759,1284.877808,39.246609,-358.529297,1206.428833,33.685764,-264.870331,1026.028809,-123.914886,-179.190948,1073.807251,-132.480515,-236.955048,974.288757,-118.472687,66.872688,1346.409302,183.08107,171.138901,1413.315918,55.223263,213.90654,1297.501953,206.153656,256.678864,1176.026855,265.609833,277.561218,985.740234,106.200317,246.877106,1045.747192,38.523289,274.017761,941.167725,76.240623,-101.135918,1062.241577,-105.068733,-177.245758,1090.596069,74.723763,68.776825,1096.855469,188.759476,154.090179,1076.379028,-6.819962
8.45,39.257942,1640.125732,-134.70134,54.988106,1553.438965,-198.717133,118.304764,1576.40979,-98.141449,-25.400311,1437.263672,93.478073,-106.081413,1261.90979,141.422943,-8.411506,1255.949341,183.435028,75.799606,1302.695068,-82.629158,-171.930908,1344.937256,82.88073,-144.529205,1406.991333,-75.62928,-275.603973,1272.847168,43.638752,-359.616577,1195.412598,38.650764,-267.74054,1014.586792,-119.723335,-181.894165,1062.131348,-129.443939,-240.107193,962.882812,-114.647507,68.424538,1335.157349,183.028381,172.209518,1402.470215,54.02383,216.123474,1285.194336,204.30101,260.242279,1164.400635,262.741669,278.552429,974.335632,102.711189,246.149139,1034.342041,35.825504,274.638,929.806641,72.539673,-103.481842,1049.133057,-102.795349,-176.298401,1078.178101,77.91925,71.296959,1084.343018,188.094772,151.845169,1063.51062,-9.052269
8.458,37.184895,1630.875854,-135.203033,52.187435,1544.19812,-199.434937,116.654121,1567.00708,-99.597679,-24.562962,1427.227539,94.185188,-104.537193,1251.847046,143.956528,-6.57723,1245.706055,184.31514,73.531105,1289.813232,-82.797195,-171.536346,1334.242676,85.390274,-147.140182,1396.081665,-74.08252,-275.774353,1261.437622,48.550392,-360.363342,1184.712402,43.839985,-270.387451,1003.565186,-115.396805,-184.434799,1050.737427,-126.293884,-243.215988,951.861816,-110.627487,70.417999,1324.590088,181.758469,173.261032,1392.122437,52.759392,218.126572,1273.372559,202.218506,264.143494,1153.314819,259.498535,279.552155,963.235779,98.86982,245.442825,1023.179504,33.025036,275.37915,918.860291,68.724182,-105.765182,1035.998291,-100.237473,-175.134842,1066.325562,81.877052,74.173027,1071.973145,187.428207,150.62793,1050.566406,-11.423206
8.467,35.20116,1622.226562,-135.441864,49.322212,1535.654907,-199.820908,114.945969,1558.033813,-100.566826,-23.702679,1418.475586,94.524193,-102.812721,1242.910889,146.416504,-4.149955,1236.915283,185.028351,71.196655,1277.383057,-82.534203,-170.908249,1324.646362,88.001701,-149.343185,1385.768311,-72.267731,-275.750061,1250.953735,53.332932,-360.596527,1174.649658,49.250671,-272.82486,993.125854,-110.78299,-186.863525,1040.068481,-123.106743,-245.7202,941.247437,-106.272858,72.501106,1315.569702,181.704453,174.353058,1382.297607,51.081501,219.505936,1262.41272,200.016022,268.068817,1142.983643,255.930069,280.752716,952.737061,95.117531,244.593628,1012.449646,29.893585,276.171112,908.343384,64.963448,-108.12394,1022.92511,-97.40213,-173.674469,1055.463501,86.662453,77.147423,1060.024902,186.721252,149.245895,1037.177979,-13.511133
