Time,Bone_Marker_Sammy:HeadTop_D_Position_X,Bone_Marker_Sammy:HeadTop_D_Position_Y,Bone_Marker_Sammy:HeadTop_D_Position_Z,Bone_Marker_Sammy:HeadFront_E_Position_X,Bone_Marker_Sammy:HeadFront_E_Position_Y,Bone_Marker_Sammy:HeadFront_E_Position_Z,Bone_Marker_Sammy:HeadSide_F_Position_X,Bone_Marker_Sammy:HeadSide_F_Position_Y,Bone_Marker_Sammy:HeadSide_F_Position_Z,Bone_Marker_Sammy:BackTop_9_Position_X,Bone_Marker_Sammy:BackTop_9_Position_Y,Bone_Marker_Sammy:BackTop_9_Position_Z,Bone_Marker_Sammy:BackLeft_A_Position_X,Bone_Marker_Sammy:BackLeft_A_Position_Y,Bone_Marker_Sammy:BackLeft_A_Position_Z,Bone_Marker_Sammy:BackRight_B_Position_X,Bone_Marker_Sammy:BackRight_B_Position_Y,Bone_Marker_Sammy:BackRight_B_Position_Z,Bone_Marker_Sammy:Chest_C_Position_X,Bone_Marker_Sammy:Chest_C_Position_Y,Bone_Marker_Sammy:Chest_C_Position_Z,Bone_Marker_Sammy:LShoulderBack_11_Position_X,Bone_Marker_Sammy:LShoulderBack_11_Position_Y,Bone_Marker_Sammy:LShoulderBack_11_Position_Z,Bone_Marker_Sammy:LShoulderTop_10_Position_X,Bone_Marker_Sammy:LShoulderTop_10_Position_Y,Bone_Marker_Sammy:LShoulderTop_10_Position_Z,Bone_Marker_Sammy:LUArmHigh_13_Position_X,Bone_Marker_Sammy:LUArmHigh_13_Position_Y,Bone_Marker_Sammy:LUArmHigh_13_Position_Z,Bone_Marker_Sammy:LElbowOut_12_Position_X,Bone_Marker_Sammy:LElbowOut_12_Position_Y,Bone_Marker_Sammy:LElbowOut_12_Position_Z,Bone_Marker_Sammy:LWristOut_15_Position_X,Bone_Marker_Sammy:LWristOut_15_Position_Y,Bone_Marker_Sammy:LWristOut_15_Position_Z,Bone_Marker_Sammy:LWristIn_16_Position_X,Bone_Marker_Sammy:LWristIn_16_Position_Y,Bone_Marker_Sammy:LWristIn_16_Position_Z,Bone_Marker_Sammy:LHandOut_14_Position_X,Bone_Marker_Sammy:LHandOut_14_Position_Y,Bone_Marker_Sammy:LHandOut_14_Position_Z,Bone_Marker_Sammy:RShoulderBack_18_Position_X,Bone_Marker_Sammy:RShoulderBack_18_Position_Y,Bone_Marker_Sammy:RShoulderBack_18_Position_Z,Bone_Marker_Sammy:RShoulderTop_17_Position_X,Bone_Marker_Sammy:RShoulderTop_17_Position_Y,Bone_Marker_Sammy:RShoulderTop_17_Position_Z,Bone_Marker_Sammy:RUArmHigh_1A_Position_X,Bone_Marker_Sammy:RUArmHigh_1A_Position_Y,Bone_Marker_Sammy:RUArmHigh_1A_Position_Z,Bone_Marker_Sammy:RElbowOut_19_Position_X,Bone_Marker_Sammy:RElbowOut_19_Position_Y,Bone_Marker_Sammy:RElbowOut_19_Position_Z,Bone_Marker_Sammy:RWristOut_1C_Position_X,Bone_Marker_Sammy:RWristOut_1C_Position_Y,Bone_Marker_Sammy:RWristOut_1C_Position_Z,Bone_Marker_Sammy:RWristIn_1D_Position_X,Bone_Marker_Sammy:RWristIn_1D_Position_Y,Bone_Marker_Sammy:RWristIn_1D_Position_Z,Bone_Marker_Sammy:RHandOut_1B_Position_X,Bone_Marker_Sammy:RHandOut_1B_Position_Y,Bone_Marker_Sammy:RHandOut_1B_Position_Z,Bone_Marker_Sammy:WaistLFront_5_Position_X,Bone_Marker_Sammy:WaistLFront_5_Position_Y,Bone_Marker_Sammy:WaistLFront_5_Position_Z,Bone_Marker_Sammy:WaistLBack_7_Position_X,Bone_Marker_Sammy:WaistLBack_7_Position_Y,Bone_Marker_Sammy:WaistLBack_7_Position_Z,Bone_Marker_Sammy:WaistRBack_8_Position_X,Bone_Marker_Sammy:WaistRBack_8_Position_Y,Bone_Marker_Sammy:WaistRBack_8_Position_Z,Bone_Marker_Sammy:WaistRFront_6_Position_X,Bone_Marker_Sammy:WaistRFront_6_Position_Y,Bone_Marker_Sammy:WaistRFront_6_Position_Z
0.0,-5.268124,1663.224121,29.080549,-16.161844,1618.212891,-69.226776,75.0886,1595.437012,6.925986,19.530945,1417.183838,155.400909,-25.641043,1237.624878,218.107544,85.777687,1236.554077,198.374619,-7.075136,1291.786011,-62.807732,-115.620117,1318.497681,208.994736,-173.495941,1394.765869,67.287483,-254.870331,1229.603149,196.555634,-336.827087,1148.719727,203.358902,-311.454559,998.721863,-4.467738,-228.238586,1044.257324,-28.44669,-288.384125,945.470825,-14.026081,159.492249,1315.438965,145.150787,119.823578,1411.772461,11.081969,236.444977,1306.174927,-70.521408,235.090759,1275.51416,-224.145569,203.840881,1357.519043,-467.354675,134.188446,1410.685791,-442.161926,216.536423,1409.166382,-522.540955,-156.999649,1041.951538,-12.054177,-135.436661,1058.59436,185.262863,134.223526,1060.584106,162.165512,112.529846,1040.553223,-50.089504
0.008,-5.365342,1659.672119,29.488216,-16.283293,1613.977661,-68.532936,75.001793,1591.666626,7.64536,20.010239,1414.093018,158.166138,-24.89349,1233.94519,220.618317,86.449936,1233.067749,200.52243,-7.881937,1290.096802,-59.885403,-114.888939,1314.911377,212.393875,-173.749634,1392.025879,71.53727,-255.517838,1224.774658,198.782593,-336.670776,1143.149536,203.984161,-311.324432,996.145447,-6.065556,-227.810883,1041.460938,-29.025658,-288.3974,942.81311,-15.836185,159.975357,1312.088257,147.124481,120.329201,1409.37854,13.70919,234.399643,1303.128052,-69.678864,230.997955,1273.800537,-222.574036,199.231384,1343.02002,-468.301605,130.07811,1398.921387,-447.047363,212.327042,1388.100098,-528.255432,-157.929794,1039.954224,-9.73028,-135.055374,1054.582275,187.204483,134.440842,1057.122925,163.045914,112.089149,1040.105957,-49.569241
0.017,-5.334028,1656.227295,29.878321,-16.412479,1609.80249,-67.853355,74.921425,1587.931763,8.306005,20.698658,1410.81543,161.085968,-24.078161,1230.258545,223.065079,87.037224,1229.452393,202.658554,-8.580409,1288.46582,-56.69585,-113.997093,1311.054932,215.730087,-174.025925,1389.13916,75.951447,-256.108429,1219.622314,200.952881,-336.548859,1137.536011,204.524551,-311.233154,993.268616,-7.573396,-227.548538,1038.587036,-29.490818,-288.613525,940.041992,-17.753048,160.633972,1308.739868,149.307922,121.191162,1407.430786,14.713193,232.571106,1300.103149,-68.43985,226.820953,1272.09375,-220.772537,194.743103,1328.196777,-468.369415,125.655487,1386.134155,-451.414734,207.563461,1365.641968,-532.085999,-158.760071,1037.859009,-7.844112,-134.89679,1050.112793,189.109833,134.526337,1053.679565,163.852142,111.473167,1039.388306,-48.981613
0.025,-5.215756,1652.72229,30.120232,-16.514776,1605.76416,-67.270378,74.9319,1584.257324,8.946698,21.241343,1407.065063,163.194229,-23.207836,1226.535645,225.26503,87.687477,1225.66333,204.651382,-9.311961,1286.640747,-53.583385,-113.209404,1307.226929,219.099991,-174.382492,1386.253418,80.467712,-256.493591,1214.372559,203.150665,-336.349243,1131.875977,204.815689,-311.181549,990.495361,-9.140442,-227.222076,1035.714966,-30.330242,-288.999146,937.082947,-20.410002,161.288528,1305.254639,151.539383,121.551636,1404.285645,18.264915,230.55867,1297.065918,-67.133018,222.748108,1270.402466,-218.691833,190.252075,1313.042358,-467.358276,121.177147,1372.426147,-455.314453,202.958359,1342.92395,-533.960693,-159.6008,1035.607544,-5.673057,-134.510056,1046.235229,192.358582,134.620636,1050.164307,164.543762,110.786568,1038.1427,-48.381699
0.033,-5.093516,1649.225952,30.403996,-16.560854,1601.743042,-66.64563,74.954697,1580.665527,9.599341,21.633718,1403.906738,166.268555,-22.500118,1222.746948,227.501968,88.205338,1221.93042,206.65271,-9.803386,1284.953491,-50.322536,-112.123245,1302.820068,221.451416,-174.83638,1383.26709,84.92202,-256.627502,1208.915771,205.178818,-335.796936,1126.257202,205.047272,-311.1745,987.862915,-10.932764,-226.860947,1032.842163,-31.272381,-289.338348,934.46405,-22.69433,161.835129,1301.721191,153.682861,122.170357,1402.445435,20.077625,228.038086,1293.925537,-65.904327,218.673279,1268.361206,-216.633377,185.920364,1298.449829,-465.014252,116.591682,1357.977051,-457.838867,198.63681,1320.527954,-534.01239,-160.353745,1033.324219,-3.755435,-134.251434,1041.771729,194.169022,134.873489,1046.656006,165.1017,110.235222,1036.301147,-48.048588
0.042,-4.95731,1645.825439,30.8596,-16.516109,1597.847778,-66.093941,75.053696,1577.064209,10.340965,22.07206,1400.377197,168.775543,-21.720465,1218.897949,229.550339,88.788811,1218.404175,208.472061,-10.215477,1283.362061,-47.116005,-111.324272,1298.750366,224.573334,-175.362335,1380.188477,89.29998,-256.556366,1203.458984,207.155365,-335.393005,1120.79541,205.181656,-311.114319,985.191345,-12.583735,-226.639236,1030.138306,-32.301479,-289.715851,932.054443,-24.751488,162.283783,1298.494263,155.985397,121.741524,1398.993164,25.056009,225.901489,1291.275024,-64.528435,215.006989,1265.755859,-214.327957,182.549927,1285.217163,-461.873169,112.332733,1343.060791,-459.008514,195.573654,1299.938477,-532.000549,-161.018066,1030.786499,-1.774194,-134.040131,1037.130249,195.840515,135.002243,1043.231445,165.737381,109.707558,1034.253052,-47.862122
0.05,-4.660583,1642.51416,31.242525,-16.275324,1594.095459,-65.363792,75.308525,1573.540283,10.936722,22.207846,1397.171387,171.632172,-21.038836,1215.244263,231.550705,89.405418,1215.024536,210.136185,-10.479836,1281.859863,-44.063904,-110.495613,1294.977661,227.465179,-175.843887,1377.244141,93.496353,-256.21756,1197.930542,208.896957,-334.951965,1115.668701,205.103195,-311.000122,982.812744,-14.407869,-226.286728,1027.60437,-33.586876,-290.021912,929.787598,-26.883106,162.747833,1295.532837,158.213394,121.441063,1396.588989,28.011883,224.0439,1288.653198,-63.302917,211.952133,1262.212158,-211.891708,180.63623,1274.204712,-458.296753,107.877708,1328.334473,-458.604126,193.620621,1283.648682,-527.924377,-161.445267,1028.314697,-0.081923,-133.835892,1032.777344,197.259949,135.151917,1039.886841,166.387909,109.10096,1032.224609,-47.747639
0.058,-4.341507,1639.442627,31.824886,-15.973013,1590.641724,-64.570923,75.564537,1570.199585,11.9217,22.091318,1394.158569,174.318985,-20.128956,1211.812988,233.478806,89.90786,1211.84375,211.780991,-10.792816,1280.363403,-41.417286,-109.718651,1291.297852,230.108948,-176.304611,1374.280518,97.21611,-255.347229,1192.599976,210.49263,-334.190002,1110.531616,204.898209,-310.814301,980.696777,-16.324295,-225.836838,1025.192749,-34.792503,-290.269867,927.895203,-29.170347,163.152695,1292.965088,160.439835,120.922882,1394.450562,30.267075,222.610001,1286.200806,-61.693581,209.227631,1257.254639,-209.264297,179.383713,1264.879883,-454.857697,103.293663,1314.201782,-456.691071,192.277237,1271.938232,-523.402344,-161.780014,1025.812378,1.403243,-133.579575,1028.292358,198.53804,135.371201,1036.643311,167.063187,108.430458,1030.076904,-47.576
0.067,-3.845486,1636.642944,32.723808,-15.490333,1587.584839,-63.570858,75.803925,1567.029053,13.133861,21.943624,1391.293823,176.537643,-19.60561,1208.635742,235.246338,90.381073,1208.962769,213.159943,-11.387135,1278.85376,-39.107819,-109.010689,1287.767212,232.558487,-176.730621,1371.384888,100.56794,-254.535522,1187.37793,211.62175,-333.668304,1105.925049,204.578613,-310.490967,978.838135,-18.515505,-225.313217,1023.188232,-36.001358,-290.559509,926.213379,-31.517607,163.412506,1290.865112,162.469391,119.963921,1391.486572,32.854481,222.405914,1284.47998,-60.570541,206.737076,1251.329224,-206.643372,177.816498,1256.227539,-451.978394,99.483559,1300.454346,-453.73645,190.329346,1262.67395,-519.955688,-162.02272,1023.405701,2.573999,-133.359695,1024.080933,199.573669,135.651398,1033.583862,167.718399,107.875114,1027.900391,-47.387917
0.075,-3.280311,1634.042358,33.723587,-14.950585,1584.828369,-62.479668,76.103981,1564.128296,14.623062,21.805687,1388.619385,178.506958,-18.92815,1205.747314,236.95166,90.868469,1206.400269,214.65004,-12.094895,1277.121094,-37.274429,-108.597321,1284.585693,234.792404,-177.133942,1368.645874,103.423447,-253.339355,1182.362793,212.516266,-333.190826,1101.548218,203.985825,-310.217438,977.321838,-20.734602,-224.722641,1021.402466,-37.30703,-290.742462,924.80896,-34.031071,163.568588,1288.932861,164.388794,119.113625,1389.02417,34.304092,221.545105,1281.548584,-58.549496,204.474457,1245.018311,-203.928833,175.497696,1247.743652,-449.219177,96.365265,1287.172485,-449.935608,187.651367,1254.433472,-517.97699,-162.134109,1021.089294,3.725459,-133.296082,1020.277405,200.45047,135.936981,1030.906982,168.388733,107.426544,1025.819092,-47.080574
0.083,-2.821255,1631.874512,35.015957,-14.362967,1582.549438,-61.093971,76.37558,1561.574707,16.133104,21.487953,1386.418213,180.447815,-18.527407,1203.210938,238.596344,91.075073,1204.193359,216.047684,-12.903863,1275.005737,-35.549709,-108.41468,1281.860352,236.564301,-177.70665,1366.03125,105.626297,-252.557129,1177.859009,212.8172,-332.705475,1097.439209,203.318542,-309.807465,976.193665,-23.088919,-223.961548,1019.932739,-38.41256,-290.75766,923.796936,-36.666653,163.521088,1287.176025,166.220093,118.398628,1386.631226,35.602192,220.939316,1278.640259,-56.41214,202.810745,1239.149902,-201.29808,172.720566,1239.376709,-446.745758,93.071777,1275.749146,-446.792297,184.134171,1246.800293,-516.553589,-162.054276,1018.708679,4.646923,-133.25206,1017.059326,201.326614,136.225204,1028.546387,169.114548,107.284721,1023.805847,-46.652023
0.092,-2.20029,1629.95813,36.739079,-13.705012,1580.802368,-59.605434,76.786964,1559.40271,17.682018,21.108683,1384.468018,181.858917,-18.321053,1201.148438,239.963455,91.284225,1202.415527,217.423111,-13.727241,1272.7052,-34.073746,-108.442741,1279.559814,238.00177,-178.343872,1363.579346,107.13784,-251.510315,1173.625366,212.621002,-332.407715,1093.753784,202.394745,-309.356384,975.541748,-25.641979,-223.336884,1018.992188,-39.952454,-290.445496,923.371643,-39.110973,163.557297,1285.798096,167.868301,117.981552,1384.573853,36.374931,220.648499,1276.099243,-54.629772,201.866211,1234.049194,-198.828873,169.884766,1231.642456,-444.356903,89.816246,1265.339233,-443.567078,180.272232,1239.305298,-515.04834,-161.831238,1016.738037,5.38342,-133.073715,1014.416199,201.949387,136.58873,1026.501099,169.855515,107.273102,1021.953369,-46.048103
0.1,-1.612201,1628.347046,38.75317,-13.07768,1579.487793,-57.655193,77.172058,1557.665771,19.786844,20.752991,1382.971313,183.227905,-18.362755,1199.504272,241.307892,91.234253,1200.828857,218.784821,-14.313267,1270.207031,-32.928013,-108.74614,1277.672607,238.99437,-178.903961,1361.404663,108.210281,-250.860214,1169.940308,211.940552,-332.363373,1090.626221,201.097305,-308.725159,975.078186,-28.314144,-222.606522,1018.614075,-41.548626,-290.179321,923.12085,-42.420547,163.397705,1284.415771,169.30368,117.643005,1382.380981,37.287342,220.433746,1273.185547,-52.800568,201.577164,1229.136841,-196.614334,166.65625,1224.362183,-442.545044,86.946411,1256.683716,-440.680115,176.439224,1232.665527,-513.200745,-161.479431,1014.844055,6.105603,-132.791565,1012.253418,202.507629,136.888794,1024.806885,170.560989,107.441612,1020.315796,-45.358482
0.108,-0.970279,1627.28125,41.007008,-12.413352,1578.919556,-55.684437,77.582451,1556.286499,22.082739,20.529423,1381.6875,184.426239,-18.427555,1198.091187,242.444489,91.225029,1199.540527,219.829453,-14.568048,1267.828003,-31.847332,-109.287643,1276.115479,239.811432,-179.181046,1359.601074,108.614929,-250.375153,1166.855347,210.684021,-332.445892,1087.877319,199.58223,-307.931,975.207092,-31.292967,-221.785049,1018.846008,-43.459335,-289.668579,923.56897,-45.50732,163.275269,1283.408325,170.639618,117.841293,1380.804199,37.695057,220.304291,1270.087158,-51.066177,201.224182,1224.554565,-194.687225,164.130249,1218.420532,-441.076569,84.290581,1250.009644,-438.162048,172.568329,1227.302856,-511.868347,-161.371948,1013.828857,6.03824,-132.685928,1010.87677,203.090469,137.072128,1023.434875,171.258362,107.741272,1018.904419,-44.547783
0.117,-0.299289,1626.469727,43.650299,-11.747114,1578.810791,-53.356922,78.140045,1555.455933,24.558058,20.299631,1380.5979,185.185654,-18.608051,1197.174438,243.360184,91.078758,1198.61853,220.795364,-14.523818,1265.803955,-30.981266,-110.034523,1275.478271,241.014893,-179.408051,1358.037598,108.555061,-250.065094,1164.461792,208.994873,-332.757812,1085.739746,197.484238,-307.169891,975.954895,-34.497173,-221.030762,1019.862427,-45.672432,-288.938538,924.566467,-48.946167,163.424622,1282.649414,171.800613,117.923538,1379.133667,38.225941,220.231186,1267.042603,-49.853909,201.147888,1220.699829,-193.159927,161.78511,1213.49231,-440.039856,81.142319,1245.613159,-436.0242,168.942505,1222.935791,-510.846436,-160.847824,1012.781982,6.165402,-132.657715,1009.864075,203.619461,137.283569,1022.525696,172.025711,108.31469,1017.843262,-43.619377
0.125,0.383622,1626.168335,46.588402,-10.971853,1579.295776,-50.887131,78.643875,1555.144653,26.710983,20.195957,1379.907959,185.539856,-18.733627,1196.660767,244.074219,90.981964,1197.98999,221.613541,-14.195966,1263.848389,-30.434967,-110.68721,1275.053833,241.181351,-179.319885,1356.9552,108.082237,-250.313339,1162.729614,207.171173,-333.477814,1084.016602,195.136414,-306.19339,977.419617,-38.098129,-220.266495,1022.011536,-48.398834,-287.857727,926.321899,-52.532612,163.408051,1282.052979,172.768646,118.432076,1378.171021,38.076809,220.031082,1264.021606,-48.746628,201.74147,1218.123779,-192.023315,159.83989,1209.813599,-438.790192,78.32267,1242.586792,-434.268127,165.725769,1219.390503,-509.978485,-160.341492,1012.245911,6.294087,-132.584839,1009.366516,204.106995,137.575882,1021.834595,173.075363,109.216553,1017.073853,-42.752007
0.133,1.027894,1626.282715,49.53548,-10.194201,1580.277222,-48.236485,79.170776,1555.224854,29.250624,20.22978,1379.498657,185.70488,-18.883682,1196.546143,244.711945,91.002769,1197.793823,222.255524,-13.721482,1262.349365,-30.230259,-111.290779,1274.952515,240.974716,-179.017502,1356.25708,107.303146,-251.04335,1161.790527,205.280701,-334.29953,1082.934326,192.463379,-304.942383,979.625732,-42.209873,-219.255997,1025.119507,-50.920372,-286.125275,929.03418,-56.571022,163.592682,1281.785889,173.303284,118.794418,1377.28125,38.060287,219.831726,1261.693726,-47.815128,202.694061,1216.210815,-191.498215,157.898651,1206.911743,-437.99295,76.381516,1240.389038,-432.683411,163.103485,1216.454956,-509.393982,-159.57637,1011.845825,6.506467,-132.404617,1009.158142,204.456955,137.775497,1021.456726,174.078217,110.313667,1016.566528,-41.910713
0.142,1.87967,1626.794556,52.8923,-9.426674,1581.983643,-45.633858,79.822327,1555.708008,31.82188,20.341228,1379.703857,186.176346,-18.986343,1196.867432,245.151047,91.006462,1197.9104,222.674149,-12.917028,1260.986694,-30.036411,-111.756981,1275.251099,240.58078,-178.603226,1355.919556,106.198456,-252.438873,1161.475708,203.387192,-335.20929,1082.302124,189.37709,-303.297882,982.894592,-46.866974,-217.921051,1029.678345,-54.273781,-284.056976,932.940552,-61.025269,163.895096,1281.845825,173.945419,119.55088,1376.985352,37.698471,219.81781,1260.160034,-47.372433,203.887741,1215.458374,-190.999786,156.196014,1205.052612,-437.192383,74.994385,1238.970337,-431.169952,160.858719,1214.65979,-508.95752,-158.858566,1011.869812,6.535007,-132.161621,1009.426025,204.799255,138.081604,1021.335693,175.027557,111.54406,1016.271484,-41.084244
0.15,2.555904,1627.602539,56.15538,-8.628085,1584.006104,-42.886227,80.42939,1556.70752,34.543701,20.580929,1379.988647,186.065613,-19.00926,1197.572021,245.455948,91.038109,1198.397583,222.963608,-12.079724,1260.404663,-30.372732,-112.188683,1275.962646,240.161453,-178.017746,1355.905762,104.782501,-253.974136,1161.667725,201.427383,-336.652832,1082.214111,185.90654,-301.413361,987.680969,-52.007652,-216.149582,1035.36792,-57.053703,-281.549896,938.505798,-66.510262,164.221329,1282.200928,174.246567,120.29184,1377.031738,37.473095,219.971298,1259.523682,-46.951214,204.715027,1215.49353,-190.815842,154.719711,1204.068115,-436.403198,73.923813,1238.086182,-429.946838,158.986771,1213.869263,-508.556671,-158.048904,1012.233154,6.437119,-131.829025,1010.067017,205.138306,138.450882,1021.570435,176.06427,112.865646,1016.222961,-40.259792
0.158,3.435127,1628.933228,59.403606,-7.829799,1586.570068,-40.01421,81.097771,1558.05542,36.929096,20.811371,1380.751343,186.180954,-18.937649,1198.637573,245.546082,91.271332,1199.296631,223.088745,-11.005773,1260.13208,-30.732965,-112.504242,1277.158081,239.370636,-177.440063,1356.279785,103.184013,-255.926376,1162.433594,199.115265,-337.910217,1082.589966,182.067017,-298.950653,994.153931,-57.936558,-214.805786,1044.230591,-62.112305,-278.297211,945.881226,-73.040695,164.744568,1283.029175,174.315536,121.192482,1377.586426,37.301361,220.196045,1259.592041,-46.823582,205.106216,1216.177734,-190.728699,153.607315,1203.875977,-435.92807,73.088387,1237.597534,-429.02655,157.503616,1214.073242,-508.051453,-157.247711,1012.629761,6.903844,-131.476852,1011.151428,205.587112,138.777557,1022.129272,176.926483,114.286461,1016.583191,-39.518917
0.167,4.226297,1630.435181,63.042023,-6.997904,1589.48877,-37.156544,81.899925,1559.68396,39.208832,20.998257,1381.84082,186.003952,-18.83074,1200.141357,245.558609,91.533363,1200.599365,223.1185,-9.945114,1260.36145,-31.066498,-112.782806,1278.556396,238.531967,-176.506866,1357.08374,101.614746,-258.053925,1163.976318,196.806793,-339.490173,1083.15918,177.807327,-295.782318,1002.718079,-64.265587,-212.601379,1054.120728,-64.864136,-274.741394,955.623657,-80.120071,164.975845,1284.182129,174.363144,121.850044,1378.65918,37.154079,220.618973,1260.43103,-46.859661,205.373093,1217.068237,-190.906219,152.784164,1204.469116,-435.713196,72.5662,1237.503052,-428.433044,156.628632,1214.939453,-507.779907,-156.33548,1013.402466,7.306,-130.99646,1012.510986,205.875671,139.229965,1023.251038,177.869186,115.605415,1017.070312,-38.705822
0.175,5.108044,1632.065674,66.468323,-6.162462,1592.652344,-34.289497,82.686615,1561.761475,41.658413,21.14146,1383.406738,185.77623,-18.665211,1201.894653,245.241577,91.782173,1202.317017,223.045105,-8.911537,1261.222534,-31.457518,-112.966507,1280.315552,237.589203,-175.59552,1358.141357,99.88887,-259.897919,1165.645142,193.950699,-340.9711,1084.308228,173.190475,-291.962036,1013.595337,-71.133774,-208.875458,1066.102295,-68.213081,-270.447784,967.609192,-88.38755,165.441025,1285.726929,174.181366,122.709824,1380.516479,36.308968,221.350891,1262.027954,-46.918121,205.918106,1218.245728,-191.347626,152.617111,1205.613403,-435.751007,72.082649,1237.988281,-428.125488,156.113861,1216.071289,-507.831146,-155.532074,1014.458557,7.5609,-130.41951,1014.305725,206.334671,139.652267,1024.680664,178.537292,116.855286,1017.976868,-38.057171
0.183,6.145095,1634.158936,69.863159,-5.236078,1596.114014,-31.457693,83.437981,1563.828247,44.224796,21.292772,1385.03833,185.150711,-18.387213,1204.095215,244.822037,92.141441,1204.515015,222.909378,-8.006536,1262.684692,-32.209709,-113.167213,1282.100952,236.464066,-174.502335,1359.553223,97.958679,-261.754486,1167.680054,191.054977,-342.189514,1085.424438,168.26622,-287.480469,1026.888062,-79.229897,-205.080994,1080.679443,-70.699501,-265.426483,982.956421,-97.738983,165.870728,1287.929688,174.016678,122.946838,1382.420166,35.989449,222.378799,1264.431763,-47.082981,206.695908,1219.676636,-191.712265,152.916962,1207.267456,-436.01413,71.983604,1239.044189,-428.156921,155.865417,1217.55542,-507.955383,-154.574661,1015.88855,7.32958,-129.651825,1016.497864,207.00444,140.236679,1026.619019,179.264832,118.124794,1019.010559,-37.344585
0.192,7.021639,1636.255859,73.267303,-4.148149,1599.832642,-28.588654,84.21949,1566.345093,46.700924,21.371834,1386.983643,184.237228,-18.145357,1206.554199,244.275726,92.515984,1207.063721,222.513138,-7.122451,1264.935425,-33.06028,-113.322014,1284.201904,235.19783,-173.551636,1361.194946,95.851334,-263.514343,1170.183838,187.814133,-343.091553,1086.498169,162.637711,-282.347504,1043.190674,-86.16713,-200.708679,1096.973755,-72.747772,-259.62793,1001.087524,-107.42395,166.227386,1290.468262,173.587509,123.238121,1384.744629,35.403076,223.566528,1267.574951,-47.349953,207.378723,1221.599976,-192.262024,153.325134,1209.115112,-436.453033,72.212875,1240.700684,-428.416443,155.988373,1219.049561,-508.430115,-153.872955,1017.513062,7.801084,-128.860687,1018.999207,207.467789,140.865417,1029.014648,179.794189,119.227394,1020.431274,-36.688442
0.2,8.076215,1638.647095,76.593697,-3.121225,1603.749512,-25.796169,85.094826,1569.031006,49.27729,21.400156,1389.156982,183.147491,-17.928652,1209.244019,243.659409,92.913597,1210.054443,222.039001,-6.376496,1267.540405,-34.349224,-113.54554,1286.600586,233.886856,-172.42009,1363.300781,93.729393,-264.915558,1172.637817,184.136169,-343.301605,1087.477661,156.362381,-276.89325,1062.010864,-93.242607,-196.369171,1115.641724,-73.832947,-253.063583,1021.931396,-117.355835,166.453033,1293.428833,173.108429,123.528069,1387.296997,34.096786,224.817749,1271.158325,-47.912804,208.110901,1223.895874,-192.7173,154.024384,1211.247803,-436.982117,72.743187,1242.729614,-428.919952,156.610138,1221.10791,-508.92984,-153.297958,1018.868469,9.225292,-128.125977,1021.846436,207.913925,141.577789,1031.825806,180.275375,120.338921,1022.059814,-36.038033
0.208,8.97695,1641.351562,79.979424,-2.063583,1607.831299,-23.038725,85.978302,1571.684692,51.647457,21.294252,1391.677246,182.17424,-17.583565,1212.112793,242.921204,93.274506,1213.231323,221.491058,-5.87838,1270.531372,-35.935329,-113.825317,1289.156982,232.398849,-171.500763,1365.809937,91.671783,-265.771973,1175.033936,180.396362,-342.647614,1088.24939,149.048004,-271.036469,1082.82666,-99.925049,-192.235535,1135.884766,-74.119774,-245.786713,1045.30957,-127.072258,166.629608,1296.672852,172.54718,123.598885,1390.155762,33.059929,226.235168,1275.215454,-48.551605,208.775681,1226.751831,-193.185135,154.892609,1213.643433,-437.533417,73.485023,1245.137939,-429.619629,157.337524,1223.367554,-509.478699,-153.194839,1020.565369,11.214096,-127.329529,1024.985474,208.384521,142.265457,1035.007812,180.548584,121.165947,1023.908386,-35.385323
0.217,9.942584,1643.908203,83.168945,-0.972052,1612.079956,-20.260719,86.720451,1574.585938,53.937721,21.215368,1394.277344,180.94165,-17.370243,1215.253174,242.177505,93.595581,1216.702515,220.940994,-5.331333,1273.652344,-37.326664,-114.0849,1291.880249,231.020798,-170.4758,1368.666382,89.823097,-266.265259,1177.150757,176.137894,-341.410828,1089.001465,140.800217,-265.276459,1105.227173,-105.872711,-188.305481,1157.036499,-73.698853,-238.028915,1070.523926,-136.273529,166.916336,1300.08667,171.765152,123.894531,1393.132202,31.956148,227.853577,1279.112183,-49.112335,209.257736,1229.923706,-193.600815,155.801071,1216.263306,-438.181641,74.432602,1247.875244,-430.412598,158.435547,1226.121582,-510.255585,-151.756485,1023.169373,10.392249,-126.46283,1028.310669,208.771362,143.058838,1038.46167,180.671829,121.962723,1025.970093,-34.857994
0.225,10.974192,1646.783447,86.328545,0.092186,1616.437012,-17.591625,87.68306,1577.719116,56.28455,21.27471,1397.324463,180.323822,-17.103411,1218.595459,241.362625,93.93541,1220.30896,220.359222,-4.84279,1276.864502,-38.743912,-114.363838,1294.789551,229.575409,-169.558167,1371.805054,88.104851,-266.294952,1178.965454,171.465332,-339.441193,1089.441895,130.702637,-259.71225,1128.576416,-111.067055,-184.669937,1178.422607,-72.280678,-230.233078,1098.094604,-145.201599,167.180801,1303.610229,170.914871,124.185318,1396.01355,31.208481,229.339874,1282.849609,-49.885891,209.793594,1233.235474,-194.062958,156.758286,1218.901001,-438.885651,75.381996,1250.700317,-431.370514,159.548691,1229.144287,-511.050873,-150.903946,1025.847656,9.345919,-125.634163,1031.861694,209.116226,143.808823,1042.123657,180.649246,122.652588,1028.079102,-34.323063
0.233,11.760527,1649.715088,89.316666,1.104789,1620.811157,-14.966449,88.424965,1580.924927,58.506943,21.515137,1400.509277,179.699158,-16.881268,1222.022217,240.533676,94.224365,1224.058105,219.763428,-4.211155,1280.145264,-40.122272,-114.673637,1297.943481,228.264435,-168.515472,1375.206909,86.531303,-265.65686,1180.363892,166.169189,-336.815399,1090.123291,121.019356,-254.567505,1152.239746,-115.105873,-181.602509,1199.389038,-70.16291,-222.8741,1126.636108,-152.829865,167.475571,1307.177734,170.129089,124.487289,1399.085938,30.418493,230.530273,1286.446289,-50.712292,210.524628,1236.658569,-194.589066,158.035599,1221.915283,-439.661499,76.450478,1253.67041,-432.259735,160.999542,1232.567017,-511.901855,-150.117981,1028.306396,9.328014,-124.645966,1035.509766,209.363174,144.57962,1045.973022,180.540878,123.372963,1030.495972,-33.888359
0.242,12.583362,1652.8396,92.190933,2.103028,1625.269897,-12.431079,89.103157,1584.313843,60.668098,21.713636,1403.731812,179.220566,-16.774567,1225.512329,239.733154,94.577644,1227.853638,219.161835,-3.367876,1283.592529,-41.341129,-114.882248,1301.093994,227.036087,-167.34993,1378.880615,85.116631,-264.593628,1181.219604,160.211533,-333.509521,1090.764893,109.609528,-249.943634,1175.775024,-118.527542,-178.580231,1219.215454,-67.692932,-216.127701,1155.865601,-159.548233,167.799133,1310.854126,169.272018,124.830086,1402.282593,29.545044,231.398193,1289.79834,-51.478001,211.306549,1240.127075,-195.225708,159.273438,1224.983521,-440.435364,77.566093,1256.751953,-433.231506,162.45079,1236.130493,-512.604126,-149.322006,1030.773071,9.648868,-123.781006,1039.329346,209.30687,145.468384,1049.909668,180.331299,123.885017,1033.149658,-33.566208
0.25,13.453272,1655.862061,95.110878,3.074222,1629.608765,-9.934019,90.035744,1587.706787,62.862747,21.896675,1406.179199,177.51059,-16.593971,1229.080322,238.890076,94.895622,1231.651367,218.564651,-2.432116,1287.16626,-42.495865,-115.064796,1304.384888,225.762604,-166.197205,1382.693237,83.882019,-262.939117,1181.941406,153.407913,-329.435089,1092.008301,97.295578,-246.209641,1198.119629,-120.300941,-175.738815,1237.736938,-65.070221,-210.231583,1185.439941,-165.174652,168.215149,1314.529907,168.460098,125.285088,1405.617676,28.572411,231.800156,1293.026733,-52.160343,212.135117,1243.534912,-195.765396,160.64563,1228.199219,-441.121063,78.839882,1259.868042,-434.029694,164.088287,1239.825684,-513.4245,-148.454819,1033.596924,9.560195,-123.028259,1043.26416,209.113541,146.318207,1053.828369,180.004913,124.512978,1036.074951,-33.417103
0.258,14.054067,1659.070923,97.431259,3.94011,1633.934448,-7.465638,90.80336,1591.216919,64.740326,22.178679,1409.239746,176.940216,-16.389809,1232.617065,238.156754,95.026245,1235.391113,218.044617,-1.249211,1290.779053,-43.639885,-115.295952,1307.699219,224.738098,-164.802917,1386.53772,82.839905,-260.531982,1182.450684,145.923935,-325.255829,1093.488647,84.285431,-243.018219,1219.363037,-121.839996,-173.363052,1254.538818,-62.914772,-205.409378,1214.896973,-169.95903,168.521622,1318.131714,167.659012,125.746819,1408.862305,27.690519,232.000793,1296.123047,-52.762737,212.908447,1246.739868,-196.374954,162.030701,1231.480103,-441.789093,80.012054,1263.072388,-434.884186,165.50296,1243.497925,-514.148438,-147.458786,1036.303223,9.371532,-122.488846,1047.447632,208.943619,147.190872,1057.696533,179.648941,124.638557,1038.619507,-32.829517
0.267,14.758784,1662.056763,100.158417,4.713008,1638.087524,-5.115041,91.552246,1594.556641,66.716194,22.607113,1412.464355,176.775742,-16.332106,1236.055176,237.478699,95.225273,1239.024658,217.52562,-0.08605,1294.312866,-44.650906,-115.649796,1310.944458,223.768631,-163.488434,1390.323242,81.959229,-257.777985,1183.072754,137.658722,-320.587799,1095.658936,70.84774,-240.485901,1239.184082,-122.945343,-171.172836,1270.042236,-61.132629,-201.31044,1243.873291,-173.106476,168.823013,1321.570068,167.024933,126.292305,1412.070801,26.794365,232.010117,1299.113281,-53.274258,213.825455,1250.015259,-196.958755,163.354462,1234.843018,-442.457031,81.224442,1266.333618,-435.640747,166.975754,1247.1604,-514.739197,-146.401123,1039.01001,9.033566,-121.956802,1051.704468,208.538681,148.021179,1061.537109,179.202682,125.09169,1041.608887,-32.743294
0.275,15.653319,1664.897949,102.846115,5.568993,1642.041016,-2.737456,92.295799,1597.829712,68.599327,22.729374,1414.871948,175.619217,-16.561501,1239.482178,236.798752,95.36747,1242.506226,217.039856,1.087451,1297.723633,-45.660755,-116.064346,1314.132202,222.775726,-162.063858,1394.179565,81.032616,-254.444992,1183.664673,129.14386,-315.715363,1098.522339,57.224052,-238.099091,1257.138306,-124.103218,-169.08197,1283.634644,-60.463383,-198.36055,1272.119995,-175.076782,169.116669,1324.838501,166.485062,126.889351,1415.20105,26.009987,231.978989,1301.934204,-53.803143,214.633194,1253.2229,-197.390564,164.695084,1238.221069,-443.016968,82.443352,1269.620483,-436.305206,168.451599,1250.946289,-515.317932,-145.225189,1041.833618,8.525872,-121.504318,1055.857666,208.20575,148.83371,1065.291992,178.794617,125.670403,1044.790039,-33.273048
0.283,16.403105,1667.778931,105.382019,6.322715,1645.899292,-0.492768,93.173714,1600.863892,70.489784,23.017111,1417.709717,175.504364,-16.73514,1242.765381,236.11618,95.430847,1245.755493,216.601685,2.400052,1301.149536,-46.608665,-116.549904,1317.193726,221.87677,-160.772217,1397.816895,80.250153,-251.265076,1184.60376,119.818108,-310.776306,1102.151733,43.307949,-236.357452,1273.775879,-125.475273,-167.912796,1295.617676,-61.01992,-196.10582,1298.613403,-176.127045,169.388687,1327.963257,166.094864,127.579842,1418.30542,25.348642,232.055664,1304.774658,-54.193043,215.469437,1256.359253,-197.86618,165.989365,1241.642578,-443.509827,83.685905,1272.986816,-436.802277,169.902283,1254.692261,-515.6922,-144.119278,1044.619263,8.130518,-121.244125,1059.980713,208.303589,149.640045,1068.847778,178.428101,126.008766,1047.703735,-33.407085
0.292,17.148176,1670.235962,107.863037,7.112637,1649.360229,1.743561,93.894417,1603.726562,72.310341,23.256271,1420.098633,174.81691,-16.844305,1245.871338,235.547104,95.464119,1248.936401,216.313965,3.688666,1304.474243,-47.487221,-117.238998,1320.051514,220.90155,-159.323105,1401.298218,79.506821,-247.50798,1186.002808,110.167847,-305.927826,1106.341064,29.480757,-234.300781,1287.849487,-128.200912,-166.279007,1306.972778,-62.561729,-194.663849,1323.574463,-176.47049,169.599625,1330.841675,165.69899,127.976372,1421.057983,24.978029,232.541885,1307.553589,-54.419453,216.369812,1259.413696,-198.236786,167.277679,1245.047363,-443.861145,84.865997,1276.393188,-437.274323,171.286682,1258.34314,-516.081665,-142.953537,1047.247192,7.274344,-120.945168,1063.953369,207.752594,150.384644,1072.226318,177.95256,126.372353,1050.591797,-33.703571
0.3,18.049606,1672.56665,110.194374,7.783882,1652.67749,3.975621,94.514862,1606.296021,74.178787,23.286367,1422.384155,174.648544,-17.191008,1248.938843,235.11673,95.386589,1251.812988,216.07045,4.807082,1307.822266,-48.050236,-118.154083,1322.687012,219.953186,-158.163269,1404.539429,78.822411,-243.581268,1188.247803,99.855553,-301.109192,1111.223877,15.835156,-232.309158,1301.010864,-131.801422,-164.616455,1316.836304,-65.979599,-194.35614,1346.618164,-176.407883,169.631287,1333.367554,165.444672,128.499207,1423.842773,24.611794,233.206406,1310.256714,-54.463821,217.133682,1262.337524,-198.553391,168.535629,1248.32251,-444.205048,85.879425,1279.771729,-437.760437,172.548187,1261.867188,-516.350525,-141.99678,1050.037231,6.852276,-120.872269,1067.825684,207.274384,151.014313,1075.33374,177.562393,126.684799,1053.39624,-34.069942
0.308,18.747557,1674.69165,112.507072,8.519958,1655.657715,6.212598,95.195656,1608.625122,75.814301,23.296461,1424.317505,174.617004,-17.542088,1251.738281,234.757767,95.209885,1254.424561,216.003403,6.077044,1311.006714,-49.426754,-119.289673,1324.976074,218.887329,-156.898666,1407.58606,78.11425,-239.982498,1191.315674,89.415527,-296.243622,1116.555054,2.523466,-230.155075,1313.13855,-136.695251,-163.185226,1326.478516,-70.121559,-194.264496,1367.11084,-176.384109,169.609131,1335.823853,165.475586,128.994003,1426.346802,24.432589,234.068527,1313.013062,-54.382584,218.141953,1265.213257,-198.793182,169.467697,1251.407715,-444.547668,87.18232,1282.997681,-437.813507,173.674347,1265.297485,-516.523621,-141.00502,1052.622559,6.42274,-120.740204,1071.428711,206.764648,151.738022,1078.267334,177.299271,126.985535,1056.030762,-34.247261
0.317,19.61911,1676.461548,114.785988,9.19443,1658.399292,8.346632,95.964523,1610.648193,77.591393,23.153715,1426.301514,174.643448,-18.120304,1254.162231,234.482773,94.968445,1256.7771,216.020081,7.177578,1314.036621,-50.447128,-120.619003,1327.047852,217.858231,-155.843842,1410.413452,77.324455,-236.500687,1195.080811,79.23175,-291.687714,1122.518921,-10.451892,-227.837906,1324.325317,-142.778915,-161.68338,1335.792603,-75.240997,-194.578506,1385.042969,-176.953568,169.607544,1338.103516,165.511597,129.432373,1428.583984,24.479836,234.980743,1315.629639,-54.274189,219.013702,1268.038452,-198.9077,170.379715,1254.465454,-444.802185,88.218849,1286.144775,-438.014587,174.815674,1268.571167,-516.565613,-140.268524,1055.070312,6.033116,-120.622322,1074.682861,206.270264,152.252151,1080.94165,177.060974,126.872856,1057.99939,-32.773895
0.325,20.310892,1678.229492,117.3032,9.935478,1660.802612,10.458746,96.512054,1612.378296,79.354927,22.781399,1427.83252,174.832825,-18.880117,1256.454956,234.269211,94.6614,1258.947266,216.12355,8.358924,1316.822266,-51.161987,-122.095253,1328.821533,216.69252,-154.651123,1412.885498,76.318382,-233.721558,1199.309937,69.584595,-287.283997,1128.855469,-23.144482,-224.795609,1334.514648,-150.179993,-159.167511,1345.746948,-80.677567,-194.793213,1400.305786,-178.613129,169.48587,1339.91272,165.682327,129.70755,1430.547119,24.758188,236.032898,1318.130127,-53.990608,219.848083,1270.679443,-198.825378,171.42067,1257.585938,-444.82135,89.070564,1289.276489,-438.098755,175.972229,1271.867432,-516.455688,-139.516373,1057.259766,5.661576,-120.555138,1077.647583,205.931656,152.695297,1083.296631,176.850037,127.227219,1060.190063,-32.720978
0.333,21.029711,1679.577393,119.073814,10.519375,1662.930176,12.491019,97.045105,1613.89563,81.042938,22.301338,1429.363281,174.963928,-19.579315,1258.483276,234.178162,94.142685,1260.704956,216.392395,9.327849,1319.518188,-51.992672,-123.774086,1330.27356,215.32164,-153.720123,1415.480835,75.325623,-231.657745,1203.583984,60.59222,-283.071289,1135.471802,-35.30748,-221.351517,1344.04248,-158.063278,-158.910614,1356.329834,-86.566765,-194.884552,1413.655396,-181.075424,169.205856,1341.704224,166.042145,129.958328,1432.380859,25.137442,236.987823,1320.615723,-53.435364,220.708084,1273.163574,-198.656036,172.273788,1260.690674,-444.567017,90.096596,1292.190674,-438.032684,177.014587,1275.070679,-516.285767,-139.034592,1059.342773,5.483828,-120.535988,1080.275146,205.707306,152.890533,1085.342163,176.814667,127.725243,1062.156128,-32.600704
0.342,21.647394,1680.580444,121.323647,11.172289,1664.808716,14.48517,97.477432,1615.173584,82.680321,21.702595,1430.563843,175.392731,-20.459206,1260.149536,234.149734,93.506538,1262.369873,216.642334,10.585358,1321.795044,-52.39336,-125.610634,1331.508423,213.801956,-152.657349,1417.297974,74.270798,-230.538544,1207.725952,52.469551,-279.166718,1142.128784,-47.196316,-218.211334,1353.696167,-165.864624,-158.214874,1366.476318,-92.83876,-195.031555,1425.892334,-184.301804,168.652756,1343.054565,166.72464,130.007751,1433.90564,25.806513,237.78096,1322.908203,-52.859577,221.514877,1275.573853,-198.359619,173.155197,1263.499146,-444.308411,90.827156,1295.122925,-437.741272,178.022629,1278.129639,-515.962769,-138.583389,1061.131592,5.061883,-120.58284,1082.604248,205.473801,153.036957,1087.083618,176.839371,128.155243,1064.023804,-32.370506
0.35,22.165941,1681.531982,123.486511,11.766574,1666.404541,16.439508,98.126122,1616.24707,84.44957,21.014669,1431.500122,175.873322,-21.681271,1261.528931,234.114807,92.731911,1263.630249,217.057724,11.599306,1324.044312,-53.094734,-127.492455,1332.641479,212.192429,-151.469742,1419.16626,72.815376,-230.26799,1211.800537,44.868801,-275.425598,1148.800171,-58.430782,-215.961807,1363.444702,-173.796494,-157.54567,1376.411011,-100.033195,-196.048767,1437.372437,-188.369736,168.137085,1344.373047,167.613785,130.007919,1435.28894,26.518909,238.628204,1325.046997,-52.00008,222.36972,1277.85791,-197.751221,174.068359,1266.256714,-443.711639,91.601776,1297.863281,-437.429443,178.784241,1280.911621,-515.487976,-138.214462,1062.582153,4.981742,-120.588554,1084.393921,205.4095,153.004608,1088.56311,176.98909,128.578018,1065.391846,-32.100212
0.358,22.754744,1682.472412,125.634895,12.235553,1667.793213,18.389584,98.500145,1617.09729,86.034882,20.240149,1432.431152,176.41951,-22.699516,1262.799805,234.126495,91.882004,1264.600464,217.596359,12.6886,1325.774048,-53.580967,-129.312485,1333.655884,210.562332,-150.202744,1420.961548,71.287598,-230.801254,1215.94873,37.799625,-271.77243,1155.255615,-68.857231,-214.400528,1372.700073,-181.782486,-156.564651,1385.448364,-108.185966,-197.629898,1447.9375,-193.023987,167.523071,1345.387451,168.376892,129.811768,1436.358643,27.470264,239.223907,1327.008911,-51.06633,222.914062,1279.760742,-197.144531,174.028778,1268.442139,-443.921326,92.505333,1300.471069,-436.804413,179.621887,1283.682129,-514.829346,-138.110977,1063.838745,4.953752,-120.697624,1085.941162,205.303665,152.819504,1089.77832,177.283249,129.03215,1066.836426,-31.678047
0.367,23.182314,1683.049072,127.094109,12.724552,1669.019775,20.248814,98.850723,1617.797974,87.627487,19.511726,1433.213501,176.998337,-24.236813,1263.827759,234.126358,90.875641,1265.552002,218.24968,13.525616,1327.24231,-53.837425,-131.172348,1334.752686,208.944,-148.739868,1422.38623,69.775452,-231.643707,1219.997314,31.31403,-267.644714,1161.605713,-79.83326,-213.493668,1381.540283,-189.858521,-154.724091,1393.90271,-116.824768,-199.561508,1457.527344,-198.519714,166.763367,1346.199219,169.54187,129.595139,1437.248169,28.630108,239.640152,1328.633911,-49.868126,223.633392,1281.609863,-196.136475,175.11972,1271.066772,-442.659515,93.132202,1302.833496,-436.104156,180.499741,1286.3302,-514.156067,-138.106476,1064.53186,4.88446,-120.84977,1086.959595,205.398132,152.46225,1090.709106,177.662109,129.332809,1067.79126,-31.212484
0.375,23.533747,1683.392822,128.999512,13.158351,1670.150024,21.943453,99.136681,1618.367188,89.177963,18.453541,1433.840698,177.619995,-25.567049,1264.613892,234.273941,89.690338,1266.170166,218.946945,14.387557,1328.339233,-53.862103,-133.062347,1335.836548,207.398056,-147.286697,1423.874023,68.13884,-232.219131,1223.892944,25.202602,-264.089172,1168.000732,-88.777359,-212.957428,1389.662109,-198.267426,-152.702637,1401.755859,-126.36377,-201.223938,1466.199219,-204.614487,165.891327,1346.754883,170.70752,129.17189,1437.95105,29.83671,240.083359,1330.001465,-48.472168,224.126083,1283.167969,-195.128906,175.952087,1273.399658,-441.625244,93.734734,1305.106934,-435.214935,181.050278,1288.631226,-513.223938,-137.853531,1065.305908,4.915764,-121.135498,1087.68335,205.410889,152.023422,1091.371094,178.196136,129.660248,1068.589233,-30.707708
0.383,23.751522,1683.805054,131.150558,13.586083,1671.113647,23.579918,99.29126,1618.731934,90.660133,17.582895,1434.397705,178.317429,-27.336386,1265.341797,234.323578,88.423218,1266.600464,219.769012,15.212141,1329.172119,-53.824432,-134.922287,1336.847656,205.94841,-145.816116,1425.185059,66.75164,-232.639755,1228.148438,19.076916,-261.140625,1174.37854,-95.805672,-212.638855,1396.925659,-207.057892,-150.527649,1409.205444,-136.652466,-202.808975,1473.88562,-211.957932,165.028564,1347.103271,172.085892,128.88681,1438.404907,31.235022,240.189346,1331.066772,-46.939056,224.698166,1284.619995,-193.873886,176.323166,1275.35022,-440.814941,94.377281,1307.156982,-434.21048,181.787766,1291.036621,-512.180786,-138.073563,1065.56958,5.106134,-121.532921,1088.068604,205.340836,151.501968,1091.750854,178.739227,129.906433,1069.189087,-30.020596
0.392,24.009869,1683.897583,132.663345,13.917906,1671.885864,25.031931,99.507019,1619.020752,92.222282,16.805346,1434.819824,179.104706,-28.80291,1265.950195,234.538544,87.117569,1266.789917,220.635117,15.738513,1329.523438,-53.542225,-136.710342,1337.917114,204.649002,-144.2883,1426.321045,65.395508,-232.778015,1232.036987,13.900158,-257.938019,1180.348999,-102.858292,-212.477676,1403.394287,-216.358582,-148.348251,1416.07666,-147.664917,-203.921371,1480.559692,-220.317001,163.872131,1347.256104,173.60289,128.593018,1438.672119,32.728386,240.154602,1331.740356,-45.27964,225.032974,1285.579834,-192.454178,177.089767,1277.213623,-439.604156,95.044868,1309.153198,-433.011505,182.449463,1293.127808,-510.85376,-138.283127,1065.574219,4.975447,-122.121475,1088.239746,205.358261,150.810745,1091.911987,179.411896,130.009918,1069.540894,-29.270763
0.4,24.181715,1684.100098,134.402924,14.190382,1672.652832,26.140394,99.766342,1619.193726,93.70369,15.908288,1435.124634,179.882416,-30.739202,1266.370117,234.625137,85.693336,1266.814453,221.570862,15.832067,1329.208618,-51.392326,-138.482407,1338.889771,203.552261,-143.018402,1427.528198,64.186684,-233.136856,1236.324951,9.09589,-255.416428,1186.577515,-109.013763,-212.159134,1408.834106,-225.962143,-145.890518,1422.598877,-158.962341,-204.702591,1486.136963,-230.171066,162.846588,1347.274048,175.229828,128.371429,1438.76123,34.329231,239.997925,1331.922607,-43.337074,225.531723,1286.423096,-190.939804,177.735336,1278.923096,-438.285645,94.939095,1311.152222,-432.176117,183.0522,1295.028076,-509.714233,-138.573029,1065.305908,4.846108,-122.863747,1088.048462,205.182831,149.932373,1091.867065,180.209869,130.037033,1069.673462,-28.492214
0.408,24.293787,1684.127441,135.71106,14.479041,1673.349365,26.986639,99.88398,1619.270874,95.089317,14.983069,1435.282837,180.816879,-32.32444,1266.617065,234.963333,84.144363,1266.614014,222.510971,16.723183,1329.337524,-51.754807,-140.09877,1339.704956,202.666855,-141.686478,1428.556152,63.277885,-232.94989,1240.101318,4.989757,-253.319168,1192.601562,-114.161423,-211.618042,1413.294556,-235.786133,-143.975937,1428.390381,-170.968903,-205.039276,1490.691772,-241.164627,161.941177,1346.967773,176.847351,128.197769,1438.645142,35.925388,239.7052,1331.870483,-41.483948,225.79187,1286.866089,-189.351501,178.412903,1280.370361,-436.878784,96.135475,1312.412598,-430.209747,183.630035,1296.735596,-508.123566,-138.891541,1064.700439,4.666006,-123.59317,1087.60022,204.902344,149.03363,1091.547974,180.977402,129.955643,1069.636841,-27.677099
0.417,24.377375,1684.070801,137.132843,14.455684,1674.480957,25.855679,99.953285,1619.223389,96.455124,14.237428,1435.223145,181.82402,-34.205166,1266.729614,235.33989,82.507057,1266.246826,223.600143,17.106853,1328.975586,-50.794044,-141.55162,1340.27771,201.966354,-140.218903,1429.393066,62.669739,-232.547348,1244.008911,1.297309,-251.689529,1197.915161,-118.959236,-211.147949,1416.782471,-246.180267,-141.805771,1433.655884,-183.233261,-205.41774,1493.904175,-252.904541,160.89682,1346.465088,178.535492,127.993645,1438.342529,37.590893,239.398819,1331.427979,-39.49535,225.982498,1287.101196,-187.58287,178.611984,1281.458374,-435.417114,96.657944,1313.721802,-428.587433,184.129227,1298.198486,-506.582672,-139.314468,1063.852783,4.43646,-124.407043,1086.965576,204.665619,148.070877,1090.995239,181.818069,129.799347,1069.468628,-26.923742
0.425,24.397346,1683.827637,138.208344,14.630564,1675.882202,27.997379,99.970337,1619.062378,97.693565,13.575773,1435.031616,182.896851,-36.052452,1266.510132,235.828415,81.013489,1265.795776,224.712311,17.508713,1328.342651,-49.538471,-143.031799,1340.745483,201.484589,-139.082672,1430.203979,62.261131,-232.340134,1247.951538,-1.583309,-250.425247,1203.467651,-122.488441,-210.512268,1419.085571,-256.509735,-139.898804,1438.278564,-195.575745,-205.30542,1495.927734,-265.768768,159.836487,1345.818604,180.360733,127.986748,1437.884033,39.377666,239.124847,1330.721802,-37.31741,226.197037,1287.087769,-185.761353,179.23494,1282.451538,-433.656677,97.125351,1314.831299,-426.917236,184.805939,1299.631836,-504.815948,-139.652283,1062.862793,4.271933,-125.38813,1086.116333,204.342148,146.971085,1090.244507,182.648071,129.588455,1069.248657,-26.196329
0.433,24.288668,1683.463379,139.425812,14.773077,1676.151123,30.336184,99.981422,1618.746582,98.875069,12.780849,1434.63147,184.158737,-37.820602,1266.060425,236.409424,79.46199,1264.909912,226.054123,17.897999,1327.548584,-48.237766,-144.434525,1340.949951,201.162506,-138.069305,1430.908936,62.183838,-231.790924,1251.177002,-4.176644,-249.417831,1208.921875,-125.60038,-209.740738,1420.538452,-266.979004,-138.251297,1442.040039,-208.113922,-204.734955,1496.881226,-279.540405,158.811646,1344.842163,182.284851,127.967598,1437.219727,41.202858,239.070023,1329.757446,-35.140247,226.338409,1286.541504,-183.757858,179.656479,1283.088135,-431.827728,97.535828,1315.723267,-425.137299,185.348236,1300.501099,-503.052582,-140.075638,1061.558716,4.211972,-126.637268,1085.156982,203.982697,145.807861,1089.443237,183.617386,129.320312,1068.930786,-25.489626
0.442,24.321695,1683.087769,140.400345,14.997435,1675.723999,31.909306,99.880791,1618.241577,99.978836,12.14171,1434.050659,185.520798,-39.581753,1265.489014,237.067795,77.818428,1263.946533,227.313782,18.185291,1326.680786,-46.808365,-145.669922,1340.958984,201.017639,-136.889053,1431.35144,62.377411,-231.30069,1254.157349,-6.290508,-248.53418,1214.400269,-128.315994,-209.082138,1420.975464,-277.405853,-136.583649,1445.073975,-220.760239,-204.060303,1496.643921,-293.846313,157.733582,1343.696045,184.160599,127.991409,1436.444092,43.061386,238.90155,1328.643188,-32.924919,226.325058,1285.911621,-181.726532,179.841248,1283.328247,-430.070099,97.281525,1316.895874,-423.760193,185.766571,1301.11377,-501.13028,-140.512955,1060.37915,3.851862,-127.838295,1083.945435,203.601959,144.58876,1088.501343,184.518158,128.835526,1068.529785,-24.84041
0.45,24.226402,1682.763428,141.507462,15.065413,1675.115112,32.372486,99.884636,1617.664551,100.990555,11.503836,1433.284058,186.966568,-41.337372,1264.650269,237.780472,76.187637,1262.684814,228.591568,18.575968,1325.698853,-45.125298,-146.991791,1340.755981,201.033508,-136.075943,1431.618042,62.899338,-231.236786,1256.983765,-8.159577,-247.678223,1219.371704,-130.515213,-208.61795,1420.615479,-287.968475,-135.122391,1447.138794,-233.594681,-203.251984,1495.180298,-308.73407,156.574081,1342.287598,186.14621,128.046722,1435.38916,45.120972,238.76384,1327.330811,-30.767084,226.235962,1284.796021,-179.528152,180.159439,1283.510742,-428.018982,96.85112,1317.797485,-422.102386,186.176117,1301.51355,-499.142944,-141.134933,1059.12146,3.766065,-129.070969,1082.615112,203.182541,143.314835,1087.496216,185.496735,128.080963,1068.000122,-24.209682
0.458,24.17873,1682.172241,141.999481,15.174768,1674.247803,32.495209,99.922256,1616.967651,101.869171,10.783484,1432.363647,188.494568,-42.933842,1263.578979,238.68573,74.673386,1261.271729,230.041489,18.880007,1324.566772,-43.395206,-148.162048,1340.395874,200.90799,-135.450073,1431.659668,63.479946,-231.303497,1259.496704,-9.68414,-247.088837,1224.258057,-132.460327,-208.055267,1419.249756,-298.068512,-133.585724,1448.177979,-246.51889,-202.597366,1492.404541,-323.294128,155.521835,1340.831299,188.082336,128.108231,1434.228149,47.105991,238.955734,1325.702515,-28.136402,226.151749,1283.552124,-177.294327,180.367294,1283.391724,-426.034698,97.307678,1318.104004,-420.058228,186.616196,1301.634644,-496.937744,-141.689468,1057.71228,3.580743,-130.533066,1081.162964,202.764603,141.923996,1086.288696,186.46257,127.381775,1067.545532,-23.630484
0.467,24.170776,1681.258545,142.425064,14.934148,1672.776245,33.38649,99.849167,1616.00647,102.784874,10.136146,1431.178711,190.157532,-44.747063,1262.28772,239.604156,73.073769,1259.588501,231.551682,19.084696,1323.355225,-41.613182,-149.340271,1339.75,201.349808,-134.912918,1431.484741,64.35833,-230.82988,1261.189331,-11.598195,-246.336044,1228.513184,-134.101181,-207.749008,1416.896484,-308.133362,-132.125336,1448.135864,-259.703979,-202.147354,1488.205811,-337.768646,154.414749,1338.96521,190.271667,128.123032,1432.760864,49.321842,238.86026,1324.0625,-25.849066,226.03714,1282.056396,-175.095016,180.661148,1282.84021,-423.868774,97.941513,1318.113892,-417.872345,187.017029,1301.399048,-494.844025,-142.287796,1056.452148,3.440984,-131.89212,1079.642334,202.476059,140.648239,1085.064941,187.421005,126.596451,1067.131104,-23.250946
0.475,24.24155,1680.117188,143.077118,14.863073,1671.335205,33.793163,99.871445,1614.918213,103.521935,9.25429,1429.863037,191.929108,-46.311634,1260.8927,240.607681,71.579414,1257.685547,233.120468,19.188156,1322.07959,-39.72221,-150.557373,1338.878418,201.776978,-134.630646,1431.08374,65.280754,-231.835114,1263.283081,-12.054524,-245.735092,1232.811646,-135.538712,-207.461563,1413.94165,-317.801483,-131.044907,1446.632446,-272.352234,-201.848938,1483.010254,-351.850159,153.425797,1336.900146,192.469894,128.022385,1431.272461,51.595341,238.980469,1322.114624,-23.222466,225.979813,1280.315796,-172.640854,180.87764,1282.112183,-421.766205,98.493774,1317.818481,-415.577393,187.382645,1300.862427,-492.619049,-143.010193,1055.18103,3.360584,-133.445007,1077.972656,202.172577,139.409882,1083.705078,188.498016,125.712784,1066.642822,-22.830448
0.483,24.227274,1679.282471,143.699493,14.894839,1670.161743,34.506035,99.866592,1613.730591,104.236313,8.535083,1428.505981,193.760574,-47.996227,1259.258545,241.749542,70.137993,1255.712402,234.761261,19.265495,1320.599609,-37.720364,-151.655685,1337.812622,202.346848,-134.38179,1430.516235,66.41935,-232.501236,1264.760742,-12.752755,-245.202454,1236.742676,-136.615479,-207.164825,1410.131592,-326.867279,-128.929001,1444.240112,-285.669281,-201.747284,1476.636475,-365.539581,152.351913,1334.814453,194.783951,127.903893,1429.599854,53.974953,238.820053,1320.193115,-20.691801,225.870941,1278.459351,-170.265457,180.996429,1281.130005,-419.450775,99.110924,1317.305786,-413.194641,187.665955,1300.022827,-490.312561,-143.686127,1054.048218,3.31602,-134.717514,1076.26062,201.896973,138.157806,1082.19751,189.638275,124.908745,1066.278076,-22.440031
0.492,24.259592,1678.012695,143.946854,16.482388,1668.39978,28.126963,100.035538,1612.340332,105.033058,7.781908,1426.854126,195.804489,-49.521152,1257.439697,242.897873,68.643707,1253.609009,236.37973,19.230391,1319.200195,-35.684433,-152.809555,1336.694946,203.214676,-134.311005,1429.80603,67.650948,-233.375839,1266.148071,-13.348767,-244.703598,1240.461182,-137.456238,-207.1642,1405.203613,-335.875641,-127.465141,1440.882935,-298.469299,-201.885742,1469.22937,-378.50351,151.303543,1332.646118,197.08699,127.814308,1427.781494,56.558811,238.70079,1318.008911,-17.925045,225.919434,1276.393921,-167.791092,181.253891,1279.780518,-417.112183,99.703842,1316.618408,-410.699371,188.033951,1299.103394,-487.892181,-144.46463,1052.875854,3.405302,-135.835464,1074.335938,201.75824,136.963379,1080.507446,190.834854,124.029358,1065.9021,-22.010782
0.5,24.414614,1676.761841,144.184357,15.306172,1663.30188,37.108582,100.052315,1610.827148,105.663033,7.064448,1425.174438,197.77652,-50.950607,1255.622437,244.049103,67.173485,1251.271851,238.035156,19.194429,1317.759155,-33.563652,-153.795502,1335.187012,204.064758,-134.466843,1429.112793,69.105072,-234.088074,1267.022095,-13.650857,-244.247345,1243.897705,-138.139816,-207.402802,1399.777588,-344.484589,-126.290321,1435.896606,-311.06778,-202.179565,1460.753662,-390.790039,150.183044,1330.334351,199.401413,127.741409,1425.963745,59.351685,238.423126,1315.658447,-15.345524,225.872818,1274.277344,-165.214386,181.406113,1278.342651,-414.779968,100.162582,1315.539429,-408.207031,188.365433,1297.818604,-485.423584,-145.269058,1051.835815,3.392966,-137.190414,1072.545898,201.700424,135.860489,1078.598267,192.058685,123.258812,1065.54248,-21.567001
0.508,24.382046,1675.313843,144.787018,15.325305,1661.237793,37.810799,100.022972,1609.167969,106.439629,6.307485,1423.346436,199.816452,-52.487362,1253.658203,245.273315,65.716331,1248.884033,239.776077,19.29747,1316.097534,-31.296089,-154.905167,1333.787842,205.00322,-134.412842,1428.137939,70.510597,-234.800415,1267.78418,-13.875664,-243.883453,1247.144409,-138.627884,-207.759293,1393.519287,-352.302002,-125.116287,1429.853149,-323.21228,-202.736069,1451.291626,-402.29184,149.028564,1327.828125,201.757141,127.689941,1424.238403,61.507305,238.220673,1313.21936,-12.548946,225.968292,1272.025269,-162.633743,181.785217,1276.698608,-412.196991,100.660118,1314.136353,-405.704407,188.830872,1296.529663,-482.89093,-146.024765,1050.854736,3.552936,-138.415771,1070.593506,201.798218,134.871078,1076.564575,193.152832,122.476967,1065.062012,-20.950275
0.517,24.61636,1673.7229,145.464783,15.43632,1659.327759,38.199848,100.053322,1607.427246,107.084534,5.626621,1421.41333,201.867462,-54.000656,1251.488281,246.52681,64.3582,1246.358643,241.414841,19.246941,1314.690186,-29.283245,-155.978043,1332.148804,205.954956,-134.505234,1427.149536,72.151657,-235.585739,1268.449463,-13.901209,-243.537903,1250.197144,-139.018875,-208.377899,1386.518677,-359.682648,-124.256645,1422.679932,-334.847717,-203.548615,1440.937744,-413.066986,148.016174,1325.237915,204.106049,127.564209,1422.112915,64.081848,237.80394,1310.700806,-9.879435,226.045151,1269.687012,-159.93222,182.237473,1274.994751,-409.577911,101.421387,1312.215454,-402.757599,189.295654,1294.918701,-480.221832,-146.909592,1049.862061,3.739686,-139.286896,1068.523682,201.945953,133.871613,1074.363403,194.217087,121.765221,1064.382568,-20.328318
0.525,24.662533,1672.006714,145.734512,15.468822,1657.331665,38.612759,100.034164,1605.55957,107.690353,4.842449,1419.381714,203.971741,-55.264656,1249.325928,247.839218,62.899338,1243.850098,242.999603,19.326849,1313.294067,-27.150297,-156.981689,1330.481323,206.998962,-134.560562,1426.160767,73.715157,-236.322083,1268.915894,-13.964651,-243.242264,1252.994873,-139.171616,-209.258743,1378.896851,-366.248627,-123.700043,1414.35022,-345.619385,-204.686172,1429.92749,-423.129517,146.877182,1322.590088,206.523239,127.428978,1419.679321,67.224205,237.486038,1308.005005,-7.108248,226.201752,1267.266968,-157.293152,182.684875,1272.900146,-406.999878,101.992607,1309.981323,-400.036346,189.719833,1293.306152,-477.648346,-147.724045,1048.886719,3.906566,-140.162766,1066.478394,202.14859,132.877304,1072.004395,195.23912,121.218628,1063.700562,-19.660343
0.533,24.736988,1670.396729,146.468826,15.605347,1655.162964,39.014313,100.011803,1603.599731,108.328156,4.138235,1417.360352,206.045883,-56.59531,1247.08667,249.15007,61.44709,1241.252686,244.750427,19.46793,1311.747314,-25.043787,-158.019302,1328.796509,208.125153,-134.652206,1424.92627,75.432602,-236.922668,1269.401855,-13.852504,-242.886459,1255.437378,-139.023544,-210.100494,1370.76062,-371.514008,-123.570839,1405.058228,-355.544037,-205.887405,1417.892944,-432.198364,145.773499,1319.865967,208.949905,127.50618,1417.381592,69.834724,236.701202,1305.322998,-4.095408,226.330933,1264.800049,-154.433502,183.190353,1270.616089,-404.333954,102.461342,1307.563232,-397.342957,190.153564,1291.325073,-474.929352,-148.515396,1047.96521,4.100163,-140.903519,1064.299683,202.382462,131.933853,1069.449585,196.163025,120.628082,1062.726318,-18.799789
0.542,24.706194,1668.437378,146.592392,15.583808,1652.860352,39.445412,100.056541,1601.643066,108.859856,3.410192,1415.341553,208.13826,-58.089485,1244.837646,250.333191,60.143536,1238.554199,246.377426,19.680429,1310.361572,-22.84441,-158.981369,1326.874634,209.21492,-134.58963,1423.720703,76.986694,-237.337677,1269.609131,-13.6584,-242.66333,1257.787109,-138.817795,-211.202042,1362.172729,-376.458832,-123.549294,1394.630981,-364.492706,-207.170929,1405.10144,-440.203369,144.770172,1317.093872,211.40271,127.568962,1415.061401,72.617622,236.356064,1302.613647,-1.314688,226.531189,1262.285034,-151.602371,183.673828,1268.192017,-401.575439,102.841118,1304.602051,-394.916809,190.690262,1289.099243,-472.200714,-149.184616,1047.074585,4.226962,-141.758606,1062.099365,202.595901,130.99176,1066.838013,197.062012,120.145828,1061.625,-17.850782
0.55,24.71442,1666.397827,146.660202,15.585846,1650.456665,39.775764,100.04438,1599.516479,109.439285,2.678329,1413.178589,210.085068,-59.431343,1242.533447,251.635666,58.811749,1235.815308,248.085144,19.695063,1308.899414,-20.965204,-159.981247,1325.019165,210.362122,-134.500137,1422.383179,78.666641,-237.75119,1269.913086,-13.402622,-242.398254,1259.751221,-138.453934,-212.317093,1353.003296,-380.413971,-123.190186,1384.176392,-372.134277,-208.625031,1391.665161,-446.920166,143.73024,1314.272461,213.863159,127.511353,1412.578125,75.328224,236.180023,1299.859619,1.488285,226.835556,1259.694092,-148.726105,184.345062,1265.397461,-398.944763,103.269775,1301.592041,-392.112885,191.29213,1286.693359,-469.568146,-149.980942,1046.158936,4.384857,-142.443512,1059.73645,202.826859,130.203979,1064.207886,197.911469,119.815155,1060.421997,-16.928177
0.558,24.812281,1664.48877,146.819275,15.603938,1647.93811,40.098644,100.100052,1597.252319,109.93071,1.971548,1410.952515,212.124268,-60.724842,1240.156738,252.940811,57.380989,1232.97937,249.784821,19.808489,1307.356567,-19.10199,-160.915146,1323.251221,211.385681,-134.158035,1420.978516,80.120155,-238.097931,1270.261719,-13.186479,-242.207916,1261.272217,-137.867538,-213.616547,1344.154785,-383.229645,-124.224243,1372.02124,-378.904968,-210.497742,1377.814331,-452.696442,142.61113,1311.337402,216.250671,127.397789,1410.074097,77.912186,236.003784,1297.064331,4.317513,227.044861,1256.941162,-145.80304,185.063431,1262.398438,-396.174255,103.840645,1298.558105,-389.19577,191.822876,1283.946777,-466.82486,-150.701111,1045.205444,4.468169,-143.162125,1057.442993,203.108444,129.384262,1061.370239,198.732361,119.614792,1059.047363,-15.999695
0.567,24.865667,1662.172974,147.288651,15.664165,1645.279419,40.403194,100.156731,1594.866821,110.312057,1.253148,1408.656616,214.258194,-62.000828,1237.702393,254.328079,56.105602,1230.061646,251.477982,19.814129,1305.712158,-17.194944,-161.825592,1321.339233,212.39621,-133.799774,1419.294922,81.498901,-238.353577,1270.575684,-12.840347,-242.015976,1262.296265,-137.140717,-215.233444,1335.269043,-385.373688,-124.970329,1360.085571,-384.406158,-212.473297,1363.474854,-457.216187,141.558884,1308.327148,218.673676,127.403023,1407.599487,80.686111,235.727005,1294.376831,7.304129,227.311157,1254.275513,-142.937744,185.813583,1259.307129,-393.431641,104.132172,1294.657227,-386.693756,192.389832,1280.912598,-463.990814,-151.345123,1044.213989,4.564026,-143.865417,1054.859497,203.356079,128.593201,1058.519165,199.546951,119.479195,1057.596191,-15.135466
0.575,24.966291,1659.767456,147.402283,15.615108,1642.562378,40.637096,100.197968,1592.523438,110.639023,0.590292,1406.297974,216.298187,-63.477188,1235.185059,255.609192,54.803715,1227.15271,253.207855,19.899303,1303.836304,-15.145778,-162.783539,1319.470825,213.357468,-133.333115,1417.711548,82.735107,-238.269485,1270.956787,-12.781275,-241.888077,1262.911255,-136.259109,-216.683105,1326.241455,-386.659515,-125.522522,1348.095703,-388.959808,-214.783493,1349.393188,-460.513733,140.549942,1305.326538,221.165894,127.411278,1404.985352,83.323715,235.63826,1291.548828,10.125813,227.700699,1251.533569,-140.033081,186.456848,1255.984131,-390.635925,104.520638,1290.812134,-384.031738,193.005829,1277.610352,-461.281769,-151.848679,1043.129395,4.639617,-144.499908,1052.188477,203.64534,127.755898,1055.537598,200.331818,119.430588,1056.058838,-14.275441
0.583,25.020319,1657.332275,147.548538,15.60914,1639.730835,40.918343,100.362488,1589.973145,111.092667,-0.073562,1403.925659,218.287262,-64.816582,1232.648682,256.843262,53.511513,1224.213379,254.964676,19.940508,1301.965332,-13.190284,-163.650085,1317.62915,214.265594,-132.962173,1415.886353,83.833542,-238.371536,1271.191162,-12.433864,-241.622787,1262.956665,-135.369766,-218.615448,1317.848022,-387.289062,-126.128647,1336.06665,-392.077606,-217.357193,1335.518433,-462.622833,139.564545,1302.273682,223.601242,127.392723,1402.301636,86.093666,235.500977,1288.693359,12.971066,227.99202,1248.667603,-137.167496,187.116074,1252.350464,-387.798035,104.939575,1286.801758,-381.434052,193.614044,1273.920532,-458.532043,-152.29628,1041.909302,4.591763,-145.197876,1049.515137,203.789612,126.829727,1052.40625,201.089203,119.431358,1054.471436,-13.349547
0.592,25.091066,1654.876953,147.535645,15.644507,1636.830078,41.136646,100.489677,1587.378174,111.53598,-0.761452,1401.510498,220.348022,-66.06562,1230.134033,258.245544,52.303669,1221.200317,256.63559,20.077421,1299.875122,-11.122848,-164.610352,1315.792725,215.164566,-132.287735,1413.901611,84.792015,-238.384064,1271.194702,-11.980466,-241.346832,1262.671997,-134.50827,-220.177795,1309.576172,-387.400635,-127.503128,1323.317871,-394.80072,-220.01622,1322.054077,-463.755493,138.578598,1299.161377,226.032059,127.385559,1399.634399,88.773712,235.589188,1285.955933,15.950039,228.39389,1245.746948,-134.208527,187.853531,1248.616333,-384.927429,105.29496,1282.556152,-378.794159,194.124222,1270.03833,-455.798767,-152.746918,1040.74646,4.545168,-145.879608,1046.859497,203.971466,125.909645,1049.175171,201.950043,119.548943,1052.876221,-12.394977
0.6,25.237419,1652.454834,147.631393,15.652457,1633.859619,41.337196,100.561951,1584.713135,111.92926,-1.384738,1399.09436,222.277573,-67.217506,1227.510498,259.596039,50.965328,1218.175781,258.348816,20.136902,1297.667969,-9.098844,-165.49321,1313.894531,215.967484,-131.627304,1411.780273,85.484344,-238.382233,1270.932861,-11.472334,-240.950836,1261.987305,-133.508713,-221.301987,1301.158325,-387.272125,-128.545532,1311.242676,-396.604828,-222.94101,1309.070557,-463.963959,137.536209,1296.098999,228.447067,127.356041,1397.025391,91.58931,235.568283,1283.151245,18.837358,228.874954,1242.916992,-131.411163,188.648331,1244.743774,-382.074829,105.551895,1278.104126,-376.296478,194.770172,1265.893921,-453.008209,-153.009949,1039.445801,4.476064,-146.681396,1044.137085,204.100952,125.064194,1045.969116,202.834793,119.725189,1051.228394,-11.592738
0.608,25.436844,1650.061035,148.257996,15.716299,1630.896118,41.466198,100.608841,1582.029907,112.29557,-2.185709,1396.819336,224.65921,-68.461288,1224.952026,260.851471,49.747063,1215.133789,259.922729,20.201038,1295.448608,-7.079506,-166.343323,1312.091553,216.808868,-131.252045,1409.502808,86.326439,-238.367264,1270.284546,-10.99425,-240.469193,1260.945312,-132.485184,-222.687927,1293.757446,-386.54361,-129.708435,1299.742676,-398.038239,-226.03447,1296.948486,-463.620941,136.6409,1293.061768,230.698227,127.251686,1394.321899,94.209488,235.584351,1280.376465,21.6376,229.365982,1240.064087,-128.558731,189.475433,1240.827271,-379.220703,106.302788,1273.027588,-373.519196,195.320175,1261.515015,-450.297668,-153.225266,1037.948975,4.329515,-147.709839,1041.268555,204.027817,124.127464,1042.813599,203.735504,119.859528,1049.522705,-10.745186
0.617,25.48258,1647.616211,148.225601,15.782966,1628.002075,41.563969,100.729088,1579.563965,112.482727,-2.865442,1394.505005,226.613342,-69.789452,1222.365356,262.013763,48.572979,1212.228149,261.531586,20.275108,1293.106567,-5.127835,-167.171173,1310.223755,217.70697,-130.66188,1407.202515,86.879761,-238.21051,1269.03418,-10.426456,-239.969147,1259.355103,-131.50676,-224.045013,1286.587891,-385.870728,-131.266235,1287.708008,-397.942413,-228.897003,1285.593018,-462.780334,135.548691,1290.032471,233.027496,127.284286,1391.727051,96.897224,235.405792,1277.605225,24.410128,229.973373,1237.248413,-125.754608,190.285675,1236.830933,-376.404144,106.991249,1267.897949,-370.754364,195.837234,1256.939209,-447.656708,-153.480682,1036.644653,4.162336,-148.524292,1038.447754,203.985855,123.180054,1039.687744,204.634888,120.117531,1047.803955,-9.953459
0.625,25.515135,1645.340088,148.014664,15.915214,1625.21521,41.642586,100.762207,1577.082031,112.817291,-3.445734,1392.114868,228.405029,-70.923042,1219.839966,263.154022,47.459526,1209.328369,263.049561,20.220028,1290.812378,-3.178051,-167.966553,1308.299194,218.483582,-129.910492,1404.908203,87.357315,-238.130859,1267.763062,-9.952174,-239.37883,1257.362549,-130.56311,-225.080551,1279.532959,-384.804199,-132.822067,1277.10498,-397.95813,-231.871582,1274.901855,-461.397705,134.672867,1287.033813,235.251633,127.297775,1389.233154,99.482681,235.431641,1274.919312,27.329485,230.732727,1234.522705,-122.957146,190.951447,1232.508423,-373.665649,107.349815,1262.878906,-367.948303,196.208435,1251.958862,-444.883789,-153.566696,1035.063477,3.844712,-149.44165,1035.62793,203.964554,122.145645,1036.657837,205.571442,120.379715,1046.102783,-9.035851
0.633,25.641907,1643.081055,147.994522,15.932867,1622.547729,41.747864,100.80735,1574.782959,113.207809,-4.049409,1389.768799,229.905273,-71.937363,1217.358887,264.210449,46.398838,1206.548828,264.38855,20.258404,1288.47644,-1.366842,-168.731308,1306.375977,219.187531,-129.508774,1402.583496,87.726921,-237.702606,1265.761719,-9.379628,-238.906479,1254.968628,-129.700287,-226.409653,1272.720947,-383.70816,-134.26886,1267.64856,-397.688049,-234.557617,1265.387451,-459.843109,133.774796,1284.264893,237.448425,127.215012,1386.77478,101.775505,235.395416,1272.279419,29.886295,231.560516,1231.91687,-120.143959,191.419678,1228.290039,-370.807007,107.65065,1257.736084,-365.02832,196.265289,1246.780151,-442.219177,-153.675491,1033.384766,3.667284,-150.464111,1032.887451,203.753204,121.150162,1033.758423,206.54509,120.658554,1044.332764,-8.315497
0.642,25.594677,1641.159058,148.229691,15.980685,1620.032104,41.921471,100.786163,1572.660156,113.61747,-4.723842,1387.622559,231.337967,-72.865273,1214.98291,265.118256,45.326405,1203.934448,265.643951,20.131828,1286.316406,0.305728,-169.46814,1304.343994,219.878052,-129.109344,1400.266846,88.239906,-237.163116,1263.421509,-8.810624,-238.218399,1251.738281,-128.646774,-227.590942,1266.174561,-382.46286,-135.713821,1259.05249,-397.224945,-236.643311,1256.866699,-458.049744,132.924225,1281.651367,239.382919,127.315445,1384.536133,103.994392,235.325195,1269.768555,32.382065,232.577698,1229.37207,-117.491341,191.895813,1224.237305,-367.955841,108.333359,1252.531006,-361.896606,196.140793,1241.256104,-439.473022,-153.738205,1031.694214,3.398206,-151.450821,1030.31665,203.444382,120.06752,1031.001831,207.545044,120.875748,1042.635498,-7.581716
0.65,25.531769,1639.39502,148.226074,15.92947,1617.765137,42.151932,100.90213,1570.864624,113.968849,-5.255156,1385.714233,232.724594,-73.741508,1212.740112,265.866547,44.343288,1201.453979,266.757477,20.098225,1284.26355,1.793667,-170.058319,1302.296997,220.470627,-128.720596,1398.062744,88.693497,-236.533386,1260.717407,-8.20377,-237.860611,1248.256836,-127.660263,-228.574249,1259.931396,-381.22699,-136.974167,1251.439819,-396.459564,-238.218857,1249.400391,-456.506958,132.126633,1279.30896,241.274948,127.635704,1382.530273,106.067909,235.175735,1267.468262,34.799438,233.922684,1227.02832,-114.936302,192.179932,1220.246094,-365.181183,108.237213,1247.675171,-358.878204,195.845642,1235.749146,-436.842194,-154.127197,1029.931152,3.132068,-152.706802,1027.875122,203.08197,119.09803,1028.443726,208.446945,121.094856,1040.917236,-6.847923
0.658,25.423662,1637.535889,148.385254,15.817728,1615.772827,42.466702,101.023628,1569.158325,114.5644,-5.736843,1383.988037,233.794434,-74.463814,1210.626831,266.561371,43.513107,1199.230591,267.739349,20.028957,1282.34729,3.174347,-170.602661,1300.457397,220.867859,-128.823227,1396.017456,89.1306,-235.841034,1257.673706,-7.501646,-237.722443,1244.491699,-126.534836,-229.375687,1254.204102,-380.050293,-137.922531,1244.776489,-395.445465,-239.27742,1243.363403,-455.115509,131.346497,1277.218262,242.987045,127.760544,1380.794556,107.76696,235.152283,1265.591553,36.845276,235.628815,1225.002808,-112.526291,192.176041,1216.521851,-362.456055,108.097198,1242.857544,-355.485443,195.058746,1230.414551,-434.249054,-154.13414,1028.594727,2.736016,-153.704361,1025.389404,202.721237,118.043098,1026.04248,209.28656,121.414764,1039.458374,-6.108592
0.667,25.318169,1636.286499,148.756439,15.730361,1614.116577,42.904411,101.049278,1567.927612,115.099052,-6.267634,1382.585693,234.704681,-75.095276,1208.661743,267.158081,42.791222,1197.432373,268.645325,20.061502,1280.662598,4.407334,-171.038406,1298.640137,221.371338,-129.168137,1394.211792,89.395203,-235.109009,1254.483643,-6.716954,-237.770248,1240.272949,-125.397835,-229.900162,1249.110474,-379.029236,-138.469421,1239.070923,-394.19751,-239.775833,1238.288818,-454.307739,130.693298,1275.317505,244.436249,127.901581,1379.263916,109.406906,235.500412,1263.917358,38.828297,237.866089,1223.199341,-110.351166,191.890594,1213.179932,-359.989502,107.715614,1238.213989,-351.874695,193.78302,1225.272583,-431.637695,-154.277832,1027.133911,2.278702,-154.745987,1023.409119,202.142059,116.91169,1024.02478,210.069946,121.561745,1038.010986,-5.483031
0.675,25.140675,1635.0896,149.4487,15.656702,1612.828979,43.420967,101.011696,1566.689453,115.699776,-6.80768,1381.357544,235.451233,-75.67231,1207.085205,267.48584,42.189083,1195.795288,269.386932,20.046207,1279.107056,5.424377,-171.417114,1297.027588,221.772125,-129.595474,1392.655884,89.661835,-233.819641,1251.0,-5.721169,-237.766373,1235.998169,-124.413902,-230.156265,1244.860229,-378.237457,-138.896545,1234.325073,-392.892761,-239.658829,1234.087646,-453.935089,130.111328,1274.019287,245.726639,128.021667,1378.147827,110.641937,235.642517,1262.609009,40.718746,240.440994,1221.600952,-108.182625,191.487167,1210.388672,-357.663757,107.111992,1233.93457,-347.90152,191.82663,1220.590576,-428.857025,-154.50209,1025.976562,1.876774,-155.776489,1021.522156,201.593048,115.654427,1022.272339,210.659348,121.746902,1036.755249,-4.861416
0.683,25.00585,1634.167114,150.07016,15.667705,1611.913574,44.0592,100.981461,1565.873047,116.316422,-7.312941,1380.495239,236.063278,-76.010483,1205.660522,267.81131,41.717575,1194.621704,270.045532,20.084143,1277.773804,6.287722,-171.713882,1295.626343,222.143478,-130.180695,1391.309326,89.755035,-232.694,1247.912598,-4.819184,-237.985504,1232.165894,-123.576622,-230.26149,1241.310425,-377.603424,-138.929672,1230.73291,-391.502289,-239.047302,1230.712036,-453.54538,129.560593,1272.845703,246.802948,128.099548,1377.278809,111.484962,235.802414,1261.2948,42.546993,243.36853,1220.439209,-106.279472,190.819412,1208.128662,-355.439575,106.226112,1230.001099,-343.625702,189.479507,1216.37439,-426.210571,-154.709244,1025.177246,1.280361,-156.802109,1020.189758,200.989197,114.733093,1020.808472,211.255356,121.883003,1035.851807,-4.420611
0.692,24.877642,1633.752563,151.005768,15.687868,1611.390381,44.757206,100.914032,1565.403809,117.074348,-7.756742,1379.81958,236.437576,-76.430229,1204.618774,267.88324,41.259945,1193.680176,270.532654,20.073877,1276.662231,7.066536,-172.020035,1294.507324,222.300323,-130.978577,1390.283325,89.894226,-231.398178,1244.935913,-4.068119,-238.242798,1228.98999,-122.800758,-230.216476,1238.729248,-377.222931,-138.735458,1228.015869,-390.263763,-238.03273,1228.183105,-453.356018,129.125595,1272.166016,247.394989,128.243958,1376.587158,112.23822,236.421417,1260.656128,43.943489,246.76149,1219.631592,-104.580933,189.814026,1206.080444,-353.212036,105.230347,1226.459595,-338.954926,186.438507,1212.525024,-423.454163,-154.930435,1024.703003,0.666017,-157.519012,1019.080872,200.480133,114.008453,1019.839661,211.717972,121.903389,1035.088501,-3.875299
0.7,24.793335,1633.44165,151.787323,15.742023,1611.325928,45.485043,100.858536,1565.169189,117.901962,-8.18798,1379.41626,236.682571,-76.619987,1203.966675,267.875549,40.88147,1193.231079,270.890106,19.961557,1275.757202,7.470901,-172.25975,1293.503662,222.487381,-131.877579,1389.756714,89.88311,-230.429901,1242.208374,-3.452634,-238.412781,1226.599121,-122.12812,-230.023758,1236.834717,-377.032379,-138.295456,1226.224854,-389.127747,-236.989716,1226.390869,-453.472168,128.688278,1271.885742,248.090073,128.440155,1376.228882,112.574226,237.060989,1260.366211,45.176548,250.599854,1219.445923,-103.101463,188.285141,1204.753052,-351.034851,104.02005,1223.466187,-333.712158,182.624344,1209.023315,-420.850983,-155.124268,1024.463867,-0.045058,-158.161163,1018.467896,199.891006,113.416756,1019.206299,212.069031,121.944588,1034.658447,-3.467376
0.708,24.757893,1633.366455,152.446411,15.924722,1611.561401,46.369343,100.807396,1565.174316,118.829781,-8.589971,1379.25415,236.707962,-76.834602,1203.638916,267.740173,40.554611,1193.113281,270.9617,20.064451,1274.983521,7.87561,-172.43399,1292.927612,222.505112,-132.894424,1389.473511,89.784515,-229.96489,1240.516968,-3.275072,-238.762512,1225.283936,-121.804031,-229.722748,1235.635376,-376.887238,-137.782654,1225.01062,-388.285828,-235.678726,1225.11084,-453.447815,128.289474,1271.861572,248.431061,128.615875,1376.075928,112.747177,238.139771,1260.596802,46.481693,254.733719,1219.745972,-101.809525,186.367691,1203.769165,-348.749725,102.656738,1220.5,-327.891602,177.834244,1206.204468,-418.239868,-155.1129,1024.73938,-0.687693,-158.592834,1018.401245,199.391846,112.868683,1019.066101,212.389206,121.978516,1034.587646,-3.200489
0.717,24.622774,1633.699097,153.439026,16.050079,1612.201538,47.224171,100.773636,1565.504883,119.753197,-8.896067,1379.475464,236.569519,-77.014977,1203.686523,267.470123,40.28862,1193.363525,270.871094,20.163704,1274.636841,8.107389,-172.587128,1292.819824,222.366074,-133.670731,1389.557983,89.644325,-230.252518,1239.968872,-3.140055,-239.276825,1224.776245,-121.590759,-229.326218,1234.863403,-376.881165,-137.252869,1224.595947,-387.703247,-234.631729,1224.414917,-453.669403,127.956863,1272.104492,248.579147,128.690796,1376.277466,112.709053,239.092331,1261.2229,47.473179,259.154846,1220.788208,-100.797684,183.947311,1203.357056,-346.237762,101.014542,1218.012329,-321.272675,172.27417,1204.19165,-415.565033,-155.153275,1025.236938,-1.313256,-159.121719,1018.87738,198.789948,112.412338,1019.368408,212.610672,122.032562,1034.794312,-3.00379
0.725,24.612295,1634.161011,154.33223,16.20224,1613.29248,48.104145,100.664162,1566.207642,120.702591,-9.138678,1379.991821,236.207901,-77.143494,1204.161499,267.014709,39.93314,1193.889526,270.570648,20.371845,1274.61084,8.124819,-172.723038,1293.145874,222.063507,-134.229614,1390.057007,89.287178,-231.0896,1240.19519,-3.216609,-240.180496,1225.116211,-121.762115,-228.819412,1234.618286,-377.182068,-136.736069,1224.676392,-387.393646,-233.651443,1224.268799,-453.945923,127.67942,1272.630127,248.44426,128.816406,1376.750488,112.589981,240.489182,1262.22522,48.498226,263.845032,1222.303955,-99.863251,180.883499,1203.487305,-343.56427,99.24472,1216.015259,-314.02652,165.445526,1202.565186,-412.398071,-155.088715,1025.954102,-1.937204,-159.541687,1019.817261,198.32608,112.075554,1020.023926,212.666336,122.089035,1035.251465,-2.889044
0.733,24.487547,1634.969727,155.396851,16.337669,1614.625977,49.021622,100.57708,1567.04895,121.569527,-9.280296,1380.836548,235.659561,-77.315735,1204.912231,266.481354,39.656425,1194.79895,270.040894,20.636875,1274.919312,7.953691,-172.856644,1294.020874,221.406967,-134.479599,1390.847168,88.915154,-232.464111,1241.164429,-3.459318,-241.03804,1225.896606,-122.170517,-228.343613,1234.855835,-377.583893,-136.227127,1225.356934,-387.536285,-232.752792,1224.486328,-454.37915,127.226234,1273.401733,248.123611,128.926437,1377.63269,112.169754,242.041519,1263.907471,49.073681,268.841156,1224.555664,-99.066803,177.465378,1204.117798,-340.522186,96.787621,1215.210449,-306.420837,157.833298,1201.155884,-408.426483,-154.969559,1026.884399,-2.55623,-159.741531,1021.0,197.995636,111.869751,1021.109314,212.611908,122.051353,1035.806763,-2.923245
0.742,24.315336,1636.098877,156.54277,16.465548,1616.322266,49.942692,100.52375,1568.361938,122.427734,-9.418316,1381.880127,234.98085,-77.617805,1206.229126,265.693359,39.412506,1195.973755,269.472412,20.957521,1275.662354,7.581,-172.921265,1295.239746,220.723343,-134.436401,1392.21106,88.164169,-234.309708,1242.963867,-3.89158,-241.743103,1227.150146,-122.8573,-227.972473,1235.628052,-378.256775,-135.784424,1226.318115,-387.941772,-232.236862,1225.210938,-455.005005,126.988365,1274.61145,247.727798,128.94072,1378.586182,111.659622,243.587357,1265.88501,49.807114,273.860016,1227.495361,-98.599709,173.338562,1205.207886,-337.050476,93.936951,1214.031372,-298.13327,149.379623,1200.178345,-403.582214,-154.877869,1027.935791,-3.01615,-159.951706,1022.662659,197.658386,111.723198,1022.39563,212.389648,121.667099,1036.497925,-2.786116
0.75,24.187677,1637.497314,157.580383,16.539778,1618.279541,50.832199,100.428452,1569.864136,123.163445,-9.505754,1383.302002,234.071014,-77.897179,1207.820435,264.913666,39.088428,1197.554077,268.849518,21.402735,1276.752197,7.210733,-173.000031,1296.920288,219.763672,-134.124084,1393.721069,87.428238,-236.162994,1245.69043,-4.725347,-242.518631,1229.193726,-123.88279,-227.773087,1236.946533,-379.079346,-135.434662,1227.741089,-388.821838,-231.976089,1226.303101,-455.805847,126.7584,1275.927979,246.966034,128.945206,1380.014893,110.956879,245.303986,1268.356689,50.294376,278.81131,1230.776855,-98.21035,168.626328,1206.642578,-332.990723,90.969086,1216.285889,-289.388641,140.250977,1199.724854,-397.809418,-154.762543,1029.15625,-3.414148,-160.013565,1024.47168,197.426697,111.580055,1024.041016,212.057175,121.843163,1037.549805,-3.169985
0.758,23.979433,1638.996826,158.858459,16.638987,1620.484009,51.750965,100.3899,1571.635498,123.873711,-9.589728,1384.980347,232.968109,-78.147423,1209.882568,263.859406,38.811665,1199.388672,268.066956,21.997883,1278.08606,6.613513,-173.049667,1298.938232,218.684021,-133.538513,1395.659546,86.342705,-237.577026,1248.799561,-5.733542,-243.021255,1231.636597,-125.065384,-227.646484,1238.59375,-380.242554,-135.324921,1229.438354,-389.836945,-231.945724,1227.809082,-456.812561,126.543793,1277.60144,246.119965,129.062531,1381.648926,110.194366,247.36937,1271.262939,50.661926,283.877686,1234.557617,-97.96431,163.358734,1208.334351,-328.273193,86.715004,1218.802979,-280.882568,130.666611,1200.171021,-391.164581,-154.657654,1030.399292,-3.76806,-160.030945,1026.619751,197.134064,111.547119,1025.943115,211.625626,121.838074,1038.732178,-3.499544
0.767,23.949633,1640.700439,159.522202,16.761911,1622.962158,52.601486,100.348686,1573.679077,124.594681,-9.624452,1386.878296,231.682144,-78.301323,1212.102051,262.76709,38.55785,1201.556763,267.076904,22.745184,1279.834961,5.925618,-173.12442,1301.299927,217.185547,-132.851654,1397.790649,85.092545,-239.274124,1252.271606,-7.19427,-243.366257,1234.46936,-126.435715,-227.587845,1240.810913,-381.350922,-135.239182,1231.323853,-391.167786,-231.928543,1229.69519,-457.911407,126.282204,1279.440552,245.266418,129.247101,1383.532715,109.261681,249.333084,1274.431396,51.034138,288.53418,1238.485596,-97.877121,157.758148,1210.647949,-322.964478,81.99308,1222.494141,-272.236053,120.783058,1201.557739,-383.727264,-154.544357,1031.762085,-3.99958,-160.044601,1028.768921,196.836334,111.413162,1028.05481,211.063614,121.589355,1039.987183,-3.768123
0.775,23.788218,1642.682983,160.796036,16.850435,1625.634521,53.402298,100.348862,1575.938721,125.126617,-9.461464,1388.988159,230.25235,-78.508728,1214.692749,261.622955,38.234653,1203.894775,265.991821,23.439459,1281.791992,4.960966,-173.041077,1303.988037,215.643097,-132.098587,1400.07666,83.780762,-240.666153,1255.602539,-7.970843,-243.520706,1237.607178,-127.907677,-227.642258,1243.23584,-382.703217,-135.308243,1233.686523,-392.727081,-232.168686,1231.998535,-459.263458,126.185921,1281.585327,244.107269,129.314682,1385.555542,108.19397,251.115143,1277.704712,51.127583,293.065186,1242.615356,-97.810951,151.80069,1213.721436,-316.99292,77.150703,1227.468506,-263.358002,111.054535,1203.7229,-375.327576,-154.544189,1033.25769,-4.189449,-159.980316,1031.245117,196.505478,111.369545,1030.510132,210.452713,121.49527,1041.578857,-4.261962
0.783,23.72751,1644.782349,161.478592,17.026739,1628.420044,54.143559,100.393288,1578.253906,125.710533,-9.287683,1391.219482,228.621918,-78.749886,1217.540039,260.304962,38.051666,1206.492432,264.891479,24.192343,1283.937012,3.847759,-173.053665,1306.761597,213.938187,-131.403336,1402.541626,82.1912,-241.280884,1259.346436,-9.884341,-243.777664,1241.198975,-129.635635,-227.712646,1245.907227,-384.291748,-135.419327,1236.005371,-394.3526,-232.458115,1234.649536,-460.726318,125.907433,1283.875366,242.697922,129.426376,1387.779297,106.859558,253.18486,1281.17688,51.318493,297.001862,1246.514282,-97.978088,145.759308,1217.33313,-310.542084,72.551453,1233.840454,-254.355911,101.268112,1206.747559,-366.22287,-154.439896,1034.734985,-4.421484,-159.868317,1033.923218,196.118729,111.414551,1033.044556,209.813919,121.300293,1043.246582,-4.640664
0.792,23.646687,1646.802124,162.002151,17.231792,1631.380005,54.895531,100.518372,1580.672119,126.228302,-9.144998,1393.651123,226.882553,-78.879356,1220.504395,258.816528,37.923893,1209.35376,263.652435,24.888927,1286.203369,2.562562,-172.911316,1309.721191,212.126465,-130.651398,1405.180176,80.361816,-241.313126,1262.833496,-11.753176,-243.944717,1244.773438,-131.389175,-227.80162,1248.858643,-385.906677,-135.513367,1238.620605,-396.242615,-232.776611,1237.421997,-462.261169,125.778374,1286.391113,241.394424,129.463806,1390.067017,105.393936,255.173386,1284.856934,51.302734,300.530701,1250.327881,-98.358078,139.549133,1221.599854,-303.682617,68.09375,1241.174316,-245.206329,91.782303,1210.664062,-356.386261,-154.297104,1036.294189,-4.382257,-159.971451,1036.790649,195.669022,111.464264,1035.792236,209.144455,121.024467,1045.153442,-5.200123
0.8,23.795889,1649.022705,162.919464,17.388334,1634.438354,55.548927,100.708633,1583.211914,126.682999,-8.88936,1396.091431,224.988068,-78.852699,1223.647217,257.305573,37.79372,1212.300415,262.300385,25.546995,1288.452515,1.171567,-172.784271,1312.78418,210.054977,-129.904922,1407.846313,78.452621,-241.136673,1266.403809,-13.791533,-244.097946,1248.340454,-133.195084,-227.951981,1251.951294,-387.705536,-135.641708,1241.45105,-398.139221,-233.116653,1240.478027,-463.921875,125.732597,1289.030884,240.010056,129.696426,1392.351807,103.674332,256.867859,1288.582397,51.256493,303.626801,1253.916992,-98.785156,133.605484,1226.778809,-297.752075,64.087074,1249.740112,-236.038162,82.651772,1215.699585,-346.050293,-154.647934,1038.157837,-4.519124,-159.928162,1039.730713,195.245804,111.534798,1038.80481,208.45903,120.810425,1047.147095,-5.784598
0.808,23.932007,1651.178101,163.694534,17.618595,1637.471924,56.327465,100.879463,1585.75769,127.009331,-8.666066,1398.656128,222.928162,-78.87854,1226.844238,255.722946,37.803852,1215.465942,261.013641,26.166531,1290.849609,-0.411396,-172.568939,1315.896484,208.042007,-129.204666,1410.592041,76.501755,-240.949524,1269.912354,-15.916115,-244.131363,1251.64978,-134.974869,-228.089233,1255.125244,-389.572571,-135.813782,1244.356812,-400.169861,-233.531189,1243.541748,-465.727936,125.65757,1291.745728,238.273331,129.901382,1394.763184,102.022797,258.53006,1292.099487,51.000172,306.172729,1257.145996,-99.517021,127.420753,1232.474243,-289.920471,60.461685,1259.388916,-226.763412,73.736847,1221.806519,-335.535278,-154.337967,1039.659912,-4.587524,-159.829376,1042.751953,194.771255,111.611183,1041.925293,207.783691,120.554596,1049.174561,-6.295383
0.817,24.097919,1653.355835,164.625519,17.895279,1640.652954,56.922997,101.12664,1588.270752,127.340157,-8.377757,1401.265991,220.818985,-78.933372,1230.15979,254.137848,37.786312,1218.738525,259.497772,26.618834,1293.158569,-2.199253,-172.265381,1319.025024,205.888779,-128.4534,1413.285645,74.364861,-240.178314,1273.060791,-17.787682,-244.167114,1255.265137,-137.0383,-228.294296,1258.435547,-391.503204,-136.007278,1247.35498,-402.254395,-233.820633,1246.86084,-467.605927,125.705032,1294.601318,236.687988,130.040817,1397.172363,99.921051,260.101318,1295.540161,50.466152,308.299805,1260.186646,-100.568695,121.531387,1239.077393,-282.227112,57.343422,1269.915283,-217.786575,65.200981,1229.005493,-324.803711,-154.387772,1041.244995,-4.85076,-159.663696,1045.786011,194.241257,111.709175,1045.066528,207.091339,120.218651,1051.226318,-6.897285
0.825,24.363798,1655.422852,165.504379,18.172291,1643.734009,57.58791,101.417717,1590.57312,127.771973,-8.098481,1403.673706,217.939926,-78.746277,1233.6073,252.442993,37.877689,1221.98645,257.892151,27.02743,1295.409912,-4.078143,-171.932266,1322.180664,203.625717,-127.781822,1415.993042,72.101532,-239.570786,1276.209473,-19.942904,-244.4086,1258.446899,-139.008133,-228.529251,1261.803223,-393.56546,-136.265976,1250.379028,-404.402435,-234.11351,1250.427979,-469.689392,125.71418,1297.416504,234.77179,130.102661,1399.469238,97.757729,261.255249,1298.736328,49.540962,309.856567,1262.743652,-101.912788,115.749443,1246.469482,-274.650757,54.56535,1281.140503,-208.962646,57.022026,1237.257812,-313.99649,-154.538116,1043.050171,-5.02856,-159.612808,1048.986084,193.687668,111.800835,1048.338501,206.436081,119.936638,1053.16687,-7.500844
0.833,24.563093,1657.285767,166.177246,18.513802,1646.753662,58.358341,101.758362,1592.9646,128.028412,-7.813037,1406.223999,215.586472,-78.70826,1236.842651,250.808899,38.029087,1225.219238,256.338989,27.497755,1297.64624,-5.978008,-171.635361,1325.371094,201.44101,-127.063843,1418.597656,69.814987,-238.898087,1279.114136,-21.916609,-244.511246,1261.592773,-141.090256,-228.770691,1265.112915,-395.629913,-136.484863,1253.429199,-406.512421,-234.405457,1253.526855,-471.514252,125.795647,1300.283081,232.985199,130.138458,1401.812134,95.607445,262.268402,1301.736206,48.316113,310.904633,1265.077515,-103.528893,110.285347,1254.531128,-267.197021,52.161404,1292.909302,-200.557526,49.215893,1246.540039,-303.166046,-154.588882,1044.697144,-5.260455,-159.571854,1052.242432,193.246475,111.849312,1051.420776,205.889557,119.563255,1055.096924,-8.036831
0.842,25.003584,1659.110352,167.406311,18.755827,1649.545166,59.091782,102.130302,1595.192993,128.216446,-7.551266,1408.713135,213.135345,-78.528824,1240.101318,249.116043,38.184059,1228.518311,254.830994,27.881695,1299.72583,-7.996083,-171.27475,1328.478882,199.112076,-126.417023,1421.213257,67.47821,-238.255615,1281.885132,-23.899498,-244.563751,1264.583252,-143.1521,-229.056763,1268.447266,-397.778564,-136.820541,1256.482422,-408.698517,-234.651901,1257.215698,-473.779602,126.138199,1303.20874,231.071487,130.291885,1404.096191,93.430984,262.755219,1304.380127,46.854389,311.5513,1267.094238,-105.401482,105.011086,1263.196899,-260.025909,50.308102,1305.48999,-192.578262,42.062271,1256.625244,-292.41214,-154.598373,1046.362061,-5.509123,-159.469925,1055.387451,192.777985,111.94326,1054.494507,205.30336,119.249054,1056.919556,-8.614007
0.85,25.426517,1660.575684,168.261902,19.067902,1652.293945,59.932842,102.447647,1597.149536,128.524902,-7.15408,1411.161377,210.826889,-78.282135,1243.318481,247.44397,38.420158,1231.715332,253.164047,28.136259,1301.839844,-10.097848,-170.864624,1331.492065,196.936539,-125.796257,1423.585083,65.136971,-237.761795,1284.523438,-25.629051,-244.648819,1267.394043,-145.417038,-229.360352,1271.779907,-399.930359,-137.125168,1259.529907,-410.825165,-234.968521,1260.452271,-475.782166,126.36599,1305.921387,229.040207,130.426727,1406.349854,91.251213,263.171997,1306.727905,44.938648,311.794495,1268.824585,-107.699196,99.834984,1272.665039,-252.857742,48.761047,1318.404541,-184.951721,35.438332,1267.667358,-281.859253,-154.691589,1047.947754,-5.69818,-159.380875,1058.434326,192.281403,111.327881,1056.787354,204.130859,118.953949,1058.644775,-9.17728
0.858,25.896891,1662.168091,169.478348,19.285677,1654.930176,60.760433,102.912407,1599.074219,128.640411,-6.801719,1413.580322,208.499008,-78.084137,1246.46228,245.899384,38.690075,1234.782715,251.46347,28.503767,1303.684204,-12.154136,-170.487259,1334.309082,194.677536,-125.184982,1425.946533,62.800182,-237.283615,1287.071289,-27.693401,-244.788132,1270.259399,-147.307434,-229.654037,1274.954224,-402.019897,-137.435165,1262.557861,-412.95575,-235.349625,1263.999878,-478.119843,126.627625,1308.641113,227.124557,130.454697,1408.496094,89.040062,263.334595,1308.602417,42.652924,311.605835,1270.327026,-110.391815,95.264771,1282.400879,-246.025406,47.48357,1331.371826,-177.824219,29.214716,1279.595337,-271.606262,-154.556854,1049.403564,-5.835452,-159.245331,1061.350098,191.844803,111.257294,1059.128174,201.683899,118.700676,1060.194458,-9.683759
0.867,26.325623,1663.412842,170.137619,19.66493,1657.658081,61.138458,103.392113,1600.946167,128.739059,-6.478161,1415.966919,206.200668,-77.886108,1249.603516,244.245651,38.929569,1237.753174,249.919525,28.801828,1305.693481,-14.294899,-170.106018,1337.078491,192.576248,-124.448334,1428.009888,60.602577,-236.891342,1289.376953,-30.000864,-244.933167,1272.945923,-149.626419,-230.057343,1278.016357,-404.002777,-137.750946,1265.453857,-415.025879,-235.574783,1267.296387,-480.177734,127.083328,1311.231812,225.023788,130.57016,1410.597412,86.836754,263.106781,1310.133911,40.277855,311.017487,1271.634399,-113.24855,90.978149,1292.570068,-239.617157,46.629761,1344.227173,-171.49353,23.803549,1292.141235,-261.711304,-154.505737,1050.757446,-5.991289,-159.198532,1064.329956,191.531494,111.585655,1061.625244,198.865341,118.399117,1061.691772,-10.301304
0.875,26.7493,1664.491577,171.139191,19.931055,1660.373413,61.657734,104.015984,1602.459717,129.03717,-6.116156,1418.218018,203.900208,-77.563324,1252.50647,242.689316,39.351582,1240.661011,248.290726,29.051783,1307.328979,-16.425339,-169.804047,1339.734619,190.354324,-123.835571,1430.157715,58.100433,-236.592972,1291.700928,-32.126102,-245.067368,1275.554443,-151.541,-230.446396,1280.964722,-406.009155,-138.169769,1268.218506,-417.11145,-235.951431,1270.437988,-482.17627,127.434311,1313.713623,222.892624,130.457718,1412.578125,84.515419,262.609039,1311.516602,37.599411,309.987946,1272.74646,-116.342178,87.235023,1302.899536,-233.594528,45.400723,1355.571899,-165.566269,18.973928,1305.073608,-252.411514,-154.353516,1051.976074,-6.035157,-159.098831,1067.06543,191.242218,112.08741,1064.175903,196.718185,118.120857,1062.939697,-10.826815
0.883,27.320299,1665.474976,171.957901,20.213202,1662.912842,61.605602,104.58448,1603.941406,129.161423,-5.732752,1420.237549,201.622894,-77.287727,1255.306763,241.260986,39.682289,1243.383423,246.616272,29.030869,1308.99585,-18.61306,-169.485092,1342.285889,188.355942,-123.178955,1432.118042,55.845188,-236.4048,1294.00769,-34.393822,-245.123932,1278.06665,-153.634903,-230.777863,1283.637695,-407.868164,-138.46521,1270.847656,-419.029236,-236.352707,1273.307495,-484.03186,127.951904,1316.096558,220.87999,130.525299,1414.47644,82.288467,262.138306,1312.600464,34.888916,308.51239,1273.678101,-119.668381,83.988281,1313.332886,-228.157364,46.33926,1369.328369,-160.962006,15.247798,1318.517456,-244.67807,-154.260406,1053.0625,-6.07609,-159.076141,1069.727905,190.939713,112.392387,1066.4198,194.373779,117.861343,1064.026855,-11.323691
0.892,27.820654,1666.32373,172.834839,20.878992,1664.995239,61.744492,105.011932,1605.200562,129.363678,-5.27672,1422.248779,199.384293,-76.971024,1257.935791,239.811539,40.022015,1245.970459,244.977051,29.181948,1310.498413,-20.742996,-169.158112,1344.595337,186.441635,-122.549789,1434.080933,53.599689,-236.389893,1296.37854,-36.562836,-245.121048,1280.30603,-155.306564,-231.134033,1286.278198,-409.629333,-138.75444,1273.394165,-420.846741,-236.56723,1276.126465,-485.58548,128.404877,1318.343262,218.728714,130.576447,1416.265503,80.074341,261.527618,1313.435669,31.801041,306.596344,1274.294312,-123.127235,81.100365,1323.745728,-223.357956,79.875153,1364.24707,-141.614334,11.233451,1331.426758,-234.705399,-154.236374,1053.91687,-5.963796,-158.913712,1072.139526,190.76564,112.77877,1071.309814,200.235718,117.603279,1064.989868,-11.87356
0.9,28.34177,1666.868286,173.662415,21.199862,1666.777344,61.850605,105.436722,1606.224121,129.571777,-5.021053,1424.195923,196.738663,-76.596199,1260.421143,238.433029,40.453148,1248.398804,243.469604,29.256845,1311.875366,-22.787558,-168.806915,1346.788818,184.674973,-122.012413,1435.606567,51.865681,-236.418884,1298.647461,-38.496128,-245.274155,1282.670898,-157.069504,-231.461487,1288.80835,-411.262756,-139.110535,1275.85083,-422.660217,-237.01004,1278.903931,-487.455109,128.932526,1320.402588,216.67067,130.667572,1417.95752,77.916779,260.947327,1313.974976,29.0331,304.247437,1274.842651,-126.759094,78.683846,1334.063232,-219.204483,82.674782,1375.565552,-137.806,8.456511,1344.542725,-227.035492,-154.128235,1054.801758,-5.939957,-158.788727,1074.341064,190.73645,112.770004,1073.80835,201.165268,117.404846,1065.716797,-12.389111
0.908,28.795574,1667.335938,174.625397,21.642815,1668.228394,63.062325,105.899193,1607.278198,129.656631,-4.565288,1425.569214,194.974182,-76.172661,1262.724976,237.142471,40.754936,1250.572266,242.040115,29.360725,1313.036621,-24.781801,-168.411118,1348.814331,183.108932,-121.238838,1437.171631,50.130463,-236.428268,1300.666992,-39.981823,-245.555496,1285.124756,-158.7509,-231.768539,1291.064331,-412.829895,-139.388504,1278.115845,-424.261536,-237.143951,1281.378906,-488.780975,129.487167,1322.153442,214.675659,130.841675,1419.541138,76.006516,259.925232,1314.346191,25.863325,301.454926,1275.046021,-130.496887,76.48922,1344.201416,-215.963287,85.357117,1386.502686,-135.227615,6.185016,1357.419434,-220.187622,-154.122284,1055.407471,-5.85613,-158.553024,1076.483521,190.641647,113.076271,1075.956299,200.569672,117.184189,1066.297119,-12.916358
0.917,29.21978,1667.623657,175.375122,21.923,1669.188232,64.105202,106.288963,1608.066772,129.784576,-4.361444,1427.264404,193.810318,-75.791397,1264.739624,235.957657,41.35638,1252.59729,240.755341,29.438896,1314.071411,-26.637665,-168.111801,1350.757202,181.474045,-120.607521,1438.460205,48.641403,-236.45752,1302.750732,-41.625469,-245.713943,1287.27832,-160.25061,-232.013641,1293.216187,-414.171509,-139.629822,1280.333984,-425.713928,-237.691422,1283.712769,-490.394775,130.069855,1323.881104,212.700089,130.930115,1420.898315,74.070076,258.960724,1314.64917,22.898758,298.159912,1275.162598,-134.360275,74.739159,1353.911377,-213.654465,88.099922,1396.602783,-134.038483,3.828695,1369.136719,-213.635803,-154.121399,1055.889526,-5.643874,-158.452499,1078.38501,190.819946,113.286102,1077.908569,200.019485,116.938782,1066.768066,-13.477961
0.925,29.61515,1667.745361,176.147049,22.21913,1670.485962,64.462311,106.678238,1608.586304,129.940994,-4.073414,1428.600098,192.125168,-75.364929,1266.666992,234.935928,41.952206,1254.448486,239.351562,29.40428,1314.941772,-28.153557,-167.693558,1352.413818,180.229507,-119.886665,1439.763794,47.172047,-236.437027,1304.869629,-42.893612,-245.90744,1289.272949,-161.497162,-232.288498,1295.317505,-415.413086,-139.932159,1282.240356,-427.110901,-237.958313,1285.737183,-491.600281,130.696533,1325.506836,210.73497,131.039032,1422.141968,72.252029,258.027679,1314.828857,19.84161,294.543335,1275.004395,-138.241821,73.564156,1363.244507,-211.966537,90.823868,1406.593384,-133.849411,3.484711,1382.189453,-209.009232,-154.13945,1056.223389,-5.386896,-158.202332,1080.075195,190.862656,113.603996,1079.637817,199.46344,116.743401,1067.075073,-13.989262
0.933,29.990561,1667.740356,176.947845,22.712492,1671.348267,65.963806,107.078148,1609.080933,130.156418,-3.554883,1429.887695,190.367752,-74.912109,1268.400757,234.000305,42.470821,1256.020874,238.169373,29.241491,1315.755737,-30.108093,-167.225571,1353.935425,179.064743,-119.256371,1440.854614,45.908257,-236.32811,1306.557129,-44.141224,-246.126251,1291.296509,-162.644302,-232.449768,1297.130615,-416.560272,-140.140945,1284.029907,-428.318024,-238.309967,1287.839111,-492.907776,131.250793,1326.729248,208.966019,131.069656,1423.155762,70.487091,257.174286,1315.001343,16.906628,290.620148,1274.812134,-142.120972,71.702255,1372.391357,-211.179504,93.597412,1416.424927,-134.765839,2.890762,1394.191406,-204.759842,-154.166275,1056.510132,-5.196132,-157.925186,1081.549438,191.132156,113.922752,1081.268433,198.924026,116.542854,1067.254761,-14.44498
0.942,30.377117,1667.666992,177.815033,23.011419,1672.070679,67.079758,107.409134,1609.419556,130.383652,-3.106809,1430.768677,188.986145,-74.414368,1269.843384,233.176956,43.042778,1257.453247,237.086487,29.030928,1316.267944,-31.524744,-166.785431,1355.349609,178.183533,-118.673264,1441.874023,44.775566,-236.508392,1308.379272,-45.063354,-246.308548,1293.000244,-163.572037,-232.600586,1299.024292,-417.590149,-140.325912,1285.664429,-429.396759,-238.425705,1289.403564,-493.718445,131.883545,1327.988281,207.164932,131.08847,1423.988281,68.729515,256.128754,1314.81311,13.98414,286.378448,1274.491943,-145.965256,70.178513,1381.3302,-210.540878,96.491211,1425.985596,-136.650818,2.890269,1405.931519,-201.50444,-154.268448,1056.712891,-4.999883,-157.561386,1083.004883,191.312866,114.3349,1082.731689,198.387985,116.298645,1067.28894,-14.867393
0.95,30.752695,1667.556274,178.627014,23.235739,1672.94873,67.923798,107.863243,1609.762085,130.588745,-2.564749,1431.87146,187.835831,-73.854057,1271.257202,232.453186,43.7057,1258.694458,236.075134,28.933205,1316.525269,-32.57935,-166.316925,1356.595337,177.380951,-118.034973,1442.726807,43.777393,-236.620255,1309.866333,-45.823902,-246.497238,1294.798584,-164.506622,-232.760208,1300.632935,-418.530853,-140.406952,1287.205566,-430.239624,-238.509094,1290.866211,-494.344666,132.471832,1328.864624,205.419815,131.125992,1424.694458,67.036812,255.062698,1314.619629,11.115143,281.841461,1273.965332,-149.774414,69.449326,1389.81543,-210.297638,99.905495,1435.392822,-139.208298,3.320608,1417.532593,-199.500153,-154.382462,1056.863037,-4.765807,-157.259491,1084.097046,191.603668,114.730919,1083.984985,197.979248,115.977631,1067.211548,-15.271931
0.958,31.009516,1667.403687,179.2966,23.515089,1673.546265,68.861977,108.167236,1610.011963,130.840759,-2.061073,1432.529419,186.677429,-73.365196,1272.341187,231.924347,44.35614,1259.839966,235.209351,28.720085,1316.650146,-33.437653,-165.793839,1357.584717,176.702209,-117.627136,1443.562012,42.993721,-236.655029,1311.383667,-46.451847,-246.654373,1296.18689,-165.138611,-232.855957,1302.298462,-419.238495,-140.585205,1288.241089,-431.062012,-238.592041,1292.405884,-495.065521,133.119629,1329.786133,203.854721,131.138596,1425.234375,65.436462,253.988739,1314.311646,8.243805,277.053345,1273.356812,-153.393631,69.058205,1398.208618,-210.917252,103.735909,1444.685913,-141.146027,4.044572,1428.990601,-198.715256,-154.528061,1056.973877,-4.524834,-156.935104,1085.022583,191.853867,115.17128,1085.055786,197.470047,115.65873,1067.049683,-15.673717
0.967,31.288584,1667.244141,179.97319,23.785202,1673.990356,70.317101,108.399643,1610.217407,131.107056,-1.638506,1433.269897,185.819748,-72.723831,1273.290894,231.42334,44.96209,1260.650146,234.428223,28.438545,1316.582886,-34.06493,-165.305573,1358.609619,176.248108,-116.866249,1444.066162,42.023724,-236.729187,1312.442627,-46.855804,-246.954483,1297.718994,-165.776199,-232.956161,1303.622559,-419.911865,-140.718826,1289.244385,-431.641815,-239.109421,1294.042725,-495.957397,133.790039,1330.50708,202.318665,131.356873,1425.905029,63.885586,252.687775,1313.67749,5.274068,272.056519,1272.656006,-156.889023,68.636749,1406.228882,-212.553162,106.539024,1452.664551,-144.671677,5.233816,1440.191772,-199.154114,-154.686386,1057.057983,-4.201215,-156.708115,1086.000488,192.072662,115.606636,1085.931641,197.115814,115.354935,1066.878418,-16.015509
0.975,31.462919,1667.040527,180.627075,23.871586,1674.516235,71.527794,108.58345,1610.397339,131.320023,-1.072122,1433.94812,184.947159,-72.155319,1274.178467,231.160828,45.766785,1261.509766,233.716339,28.144602,1316.352783,-34.471634,-164.852325,1359.424072,175.892899,-116.401978,1444.47583,41.437302,-236.654541,1313.532593,-47.272038,-247.03389,1298.690674,-166.170593,-233.06337,1304.958618,-420.232513,-140.836304,1290.088257,-432.107513,-239.176819,1295.199951,-496.334503,134.459824,1331.041748,200.878281,131.392746,1426.062256,62.438019,251.290085,1313.056885,2.578782,266.805969,1271.813232,-160.36348,68.152374,1413.846436,-215.341354,109.237785,1459.783447,-149.545349,6.744148,1451.135864,-200.840286,-154.833893,1057.12915,-3.899169,-156.393143,1086.839966,192.434219,116.119064,1086.753296,196.774994,115.080399,1066.702881,-16.31008
0.983,31.631227,1666.85437,181.146942,24.075651,1674.905396,72.261887,108.76503,1610.515381,131.526047,-1.1166,1434.859253,184.947525,-71.40905,1274.882202,230.884842,46.450325,1262.245239,233.111359,27.762112,1316.236938,-34.874393,-164.363144,1360.0271,175.765106,-116.066284,1444.873535,41.111305,-236.662613,1314.366943,-47.351841,-247.071259,1299.54126,-166.487839,-233.141159,1305.906982,-420.58725,-140.997314,1290.708496,-432.452026,-239.230164,1296.305786,-496.529602,135.239365,1331.5354,199.503342,131.524063,1426.344116,61.050716,249.737106,1312.187256,-0.224325,261.357239,1270.870117,-163.504486,68.100067,1421.026733,-218.646591,111.932777,1466.438843,-154.803162,8.437024,1461.671021,-203.721344,-154.957855,1057.236572,-3.546728,-156.130753,1087.452515,192.778015,116.582008,1087.362061,196.539185,114.761482,1066.471069,-16.549509
0.992,31.768284,1666.603027,181.634384,24.343294,1675.144165,72.588905,108.965797,1610.616943,131.779037,-0.577029,1435.296509,184.44487,-70.746368,1275.521973,230.853073,47.185036,1262.813721,232.700607,27.408052,1316.140259,-35.138309,-163.853287,1360.602417,175.76973,-115.789207,1445.243652,40.883926,-236.611435,1314.868652,-47.324669,-247.119614,1300.352905,-166.752869,-233.203262,1306.710938,-420.671143,-141.185516,1291.224609,-432.671173,-239.376816,1297.088379,-496.518677,135.916122,1331.993164,198.355621,131.688812,1426.505005,59.805042,248.116013,1311.305908,-2.9758,255.727921,1269.76062,-166.508774,68.107155,1427.735718,-222.688721,114.51432,1472.597168,-160.54184,10.387525,1471.768066,-207.864746,-155.045273,1057.368408,-3.227474,-155.844101,1087.962646,193.058746,116.930161,1087.849731,196.302292,114.429504,1066.226807,-16.755714
1.0,31.904892,1666.473755,181.96376,24.53616,1675.524902,72.830872,109.139091,1610.70752,131.996048,-0.168457,1435.749268,184.100861,-70.159508,1276.050781,230.836945,47.86306,1263.234009,232.383987,27.050289,1316.030029,-35.285473,-163.311478,1361.147583,175.982605,-115.435371,1445.501587,40.901588,-236.530457,1315.232666,-47.141674,-247.16951,1300.872559,-166.412628,-233.298004,1307.422607,-420.501923,-141.228348,1291.595459,-432.580414,-239.395706,1297.745483,-496.437225,136.672333,1332.237549,197.200302,131.892441,1426.644531,58.686974,246.454376,1310.306152,-5.514862,250.006134,1268.708496,-169.304749,68.29126,1433.811157,-226.98233,117.728287,1478.63208,-167.105087,12.623207,1481.179565,-213.157303,-155.095947,1057.5177,-2.952699,-155.620117,1088.35022,193.364288,117.25441,1088.237183,196.123337,114.14106,1065.994751,-16.908705
1.008,32.078625,1666.449951,182.357513,24.770132,1675.71814,73.434471,109.306664,1610.802124,132.234665,0.225929,1436.104614,183.911301,-69.542358,1276.487183,230.871185,48.561996,1263.554199,232.033157,26.611628,1315.890259,-35.330227,-162.927826,1361.552612,176.224716,-115.287415,1445.713867,41.069649,-236.404953,1315.460327,-46.803223,-247.079025,1301.192139,-166.163773,-233.412949,1307.864014,-420.248169,-141.384277,1291.975708,-432.287262,-239.636307,1298.239136,-496.238678,137.618271,1332.469604,196.17305,132.002609,1426.680664,57.672642,244.355865,1308.940186,-7.784182,244.417603,1267.250732,-171.979584,68.513618,1439.602905,-232.192398,119.925957,1483.875732,-173.889832,15.117783,1489.825195,-219.475342,-155.145248,1057.685303,-2.686698,-155.36499,1088.732422,193.727829,117.568787,1088.539795,195.972641,113.880348,1065.825073,-17.046789
1.017,32.207642,1666.386108,182.669327,25.059429,1676.018555,73.761574,109.443581,1610.831787,132.463654,0.580084,1436.438843,183.900543,-68.96946,1276.787598,231.098587,49.39196,1263.862183,231.82074,26.196268,1315.729248,-35.291916,-162.492325,1361.842896,176.651428,-115.466545,1446.025391,41.595982,-236.234955,1315.575562,-46.337051,-246.989807,1301.256958,-165.748917,-233.508026,1308.074097,-419.842957,-141.375626,1292.382812,-431.886902,-239.83107,1298.479126,-495.738068,138.432693,1332.599976,195.365601,132.271439,1426.682373,56.702248,242.475784,1307.977783,-10.092818,238.577164,1266.040405,-174.17627,69.05925,1444.601074,-238.147339,122.661514,1488.819946,-181.679688,17.741701,1497.534302,-226.690613,-155.208786,1057.884888,-2.372905,-155.142303,1089.008789,194.094681,117.826477,1088.741089,195.838242,113.665253,1065.727783,-17.216663
1.025,32.393135,1666.389771,182.919205,25.181404,1676.116577,74.038986,109.571465,1610.893799,132.627945,1.244442,1436.446777,183.81041,-68.270004,1276.944214,231.550674,50.060852,1264.087036,231.74437,25.826227,1315.599976,-35.09304,-161.925369,1362.032593,177.451996,-115.303795,1446.155884,42.018166,-236.030655,1315.521973,-45.658356,-246.868027,1301.177002,-165.187866,-233.606155,1308.092041,-419.196991,-141.505661,1292.739624,-431.41629,-239.95224,1298.469727,-495.142365,139.163635,1332.619507,194.485687,132.404526,1426.623291,55.941803,241.007996,1306.927979,-12.381877,232.877869,1264.815186,-176.089218,69.546341,1448.878784,-244.49733,125.412643,1493.248657,-189.562271,20.573025,1504.43042,-234.675827,-155.272507,1058.107422,-2.06038,-154.972855,1089.142822,194.433731,118.047234,1088.822144,195.730347,113.451668,1065.728027,-17.409126
1.033,32.592781,1666.519409,183.103195,25.287313,1676.19397,74.215912,109.702225,1610.936157,132.769638,1.99357,1436.476196,183.917816,-67.528625,1277.018677,232.034271,50.884857,1264.153687,231.927841,25.431236,1315.480347,-34.776062,-161.53595,1362.12085,178.129044,-115.216499,1446.246582,42.711735,-235.745117,1315.402466,-44.731445,-246.76178,1300.997437,-164.319519,-233.73938,1307.928711,-418.457825,-141.664856,1292.951294,-430.834747,-240.047775,1298.13562,-494.247864,139.815933,1332.616943,193.946045,132.469009,1426.556152,55.255413,239.314819,1305.878052,-14.352361,227.220337,1263.624146,-177.619064,69.827835,1452.282715,-251.307434,127.910896,1496.713501,-198.391159,23.364605,1510.234619,-243.502548,-155.407074,1058.319824,-1.722756,-154.786209,1089.206665,194.857513,118.259399,1088.840454,195.661911,113.275543,1065.774658,-17.553072
1.042,32.88089,1666.65686,183.347504,25.437571,1676.195801,74.233879,109.833374,1610.990967,132.893799,2.526043,1436.588013,184.380692,-66.840965,1276.981323,232.669708,51.622959,1264.096191,232.007248,24.958431,1315.425171,-34.453735,-161.016541,1362.196045,179.227249,-115.155724,1446.270142,43.440075,-235.529541,1315.181274,-43.721394,-246.456772,1300.419556,-163.099976,-233.881592,1307.615112,-417.571503,-141.602325,1293.022339,-429.765137,-240.237915,1297.783813,-493.410156,140.549408,1332.588257,193.564667,132.560211,1426.46106,54.773258,237.304123,1304.645142,-15.845224,221.627319,1262.410034,-178.889313,70.377876,1455.000122,-258.561096,130.366974,1499.388062,-208.049454,26.278564,1515.156006,-253.03685,-155.568283,1058.518921,-1.26322,-154.584381,1089.176025,195.334946,118.443092,1088.771973,195.647934,113.11055,1065.898682,-17.646055
1.05,33.137642,1666.799683,183.41124,25.522434,1676.17395,74.293015,109.971588,1611.026123,132.994904,3.341982,1436.938721,184.694885,-66.270447,1276.801025,233.315155,52.318577,1263.9823,232.236786,24.528015,1315.390503,-34.044289,-160.610336,1362.122559,180.234207,-115.102592,1446.217163,44.375999,-235.344421,1314.845459,-42.580395,-246.249573,1299.956177,-161.998993,-233.975021,1307.170044,-416.512085,-141.605377,1292.963745,-428.766357,-240.430969,1297.290039,-492.326508,141.380493,1332.454956,193.304077,132.605896,1426.348755,54.507748,235.463501,1303.640869,-16.981703,216.283493,1261.237671,-179.824783,70.716743,1457.004639,-266.360138,132.443726,1501.34021,-217.962021,29.219759,1519.065918,-263.325439,-155.728027,1058.688965,-0.782316,-154.334152,1089.033813,195.848938,118.661407,1088.651733,195.609299,112.984207,1066.074951,-17.758698
1.058,33.333977,1667.081299,183.424744,25.619688,1676.108643,74.369568,110.112602,1611.049194,133.084595,4.125968,1436.67749,185.127579,-65.63414,1276.562622,234.18718,53.053162,1263.789185,232.697876,24.06769,1315.422119,-33.532166,-160.136612,1361.923584,181.573029,-115.121445,1446.032104,45.425106,-235.110672,1314.312378,-41.24873,-246.119568,1299.470581,-160.656891,-234.039688,1306.546509,-415.238739,-141.655472,1292.761719,-427.585236,-240.486511,1296.376221,-490.907745,142.098526,1332.328857,193.292084,132.586395,1426.234985,54.346924,233.484695,1302.564087,-17.949205,211.133789,1260.17981,-180.457458,71.252007,1458.23999,-274.513489,134.598907,1502.353027,-228.221054,32.104397,1522.011353,-274.264252,-155.849869,1058.931885,-0.313452,-154.126419,1088.84375,196.394333,118.862564,1088.437378,195.632599,112.869705,1066.252319,-17.819244
1.067,33.573696,1667.263062,183.458359,25.705753,1675.974487,74.392952,110.345718,1611.029541,133.193817,4.601041,1435.860596,185.859512,-64.980515,1276.197388,235.029572,53.589211,1263.355225,233.158234,23.428482,1315.644043,-33.131248,-159.718338,1361.597168,183.010635,-115.160461,1445.830811,46.644833,-234.980667,1313.784302,-39.740025,-246.073242,1298.909058,-159.196732,-234.063126,1305.77771,-413.85553,-141.795822,1292.423462,-426.29892,-240.42775,1295.531494,-489.480713,142.762573,1332.099243,193.391434,132.476135,1426.095947,54.373386,231.816132,1301.762939,-18.966793,206.295593,1259.119629,-180.702026,71.813484,1458.702393,-283.157684,136.712509,1502.599609,-238.601364,34.993015,1523.844971,-285.756836,-156.006409,1059.134033,0.182792,-153.901062,1088.52124,196.998596,119.09201,1088.13916,195.636948,112.757095,1066.437134,-17.849409
1.075,33.801132,1667.331665,183.460114,25.745865,1675.717773,74.368423,110.529442,1610.975098,133.25238,5.030025,1435.640869,186.983627,-64.368446,1275.703735,236.024109,54.349003,1262.932983,233.670227,22.670357,1315.87146,-32.571602,-159.262543,1361.248047,184.485275,-115.19397,1445.60498,48.040936,-234.896332,1313.258057,-38.417988,-246.033585,1298.108276,-157.480957,-234.125763,1304.970093,-412.343842,-141.687012,1291.799683,-424.661346,-240.547195,1294.568359,-487.982971,143.349731,1331.87854,193.582199,132.284882,1425.911011,54.604164,230.12532,1301.003784,-20.07568,201.427658,1257.99585,-180.691528,72.413223,1458.174072,-291.810059,138.457611,1501.898926,-248.90741,37.774841,1524.591675,-297.952423,-156.225037,1059.35791,0.651346,-153.725037,1088.161499,197.556274,119.172646,1087.008911,194.539398,112.63575,1066.65271,-17.865885
1.083,34.019016,1667.377075,183.39418,25.841557,1675.519287,74.178902,110.573013,1610.759766,133.440506,6.43099,1434.782593,187.26973,-63.725479,1275.080688,237.117752,54.949524,1262.476318,234.359955,21.891384,1316.201294,-31.97797,-158.884705,1360.787964,186.211044,-115.284058,1445.188599,49.710274,-234.868073,1312.742188,-36.745548,-246.024139,1297.440918,-155.80072,-234.154892,1304.057373,-410.676941,-141.735901,1290.981812,-423.025177,-240.466995,1293.491821,-486.224304,144.062576,1331.656128,194.188965,132.063812,1425.714966,54.99437,228.617798,1300.248413,-20.588472,196.980865,1256.971313,-180.301346,72.962303,1456.726685,-300.397858,140.002518,1500.36792,-259.271393,40.625702,1524.242432,-310.59549,-156.438461,1059.589722,1.260476,-153.546494,1087.602905,198.121094,119.378517,1086.926025,195.777817,112.514053,1066.864746,-17.85943
1.092,34.256592,1667.411011,183.376083,25.961479,1675.141357,74.26442,110.672974,1610.583008,133.530365,7.389449,1434.233765,188.002747,-63.104591,1274.406372,238.292053,55.580399,1261.910522,234.987656,20.589899,1316.603516,-31.676554,-158.504318,1360.20166,187.93074,-115.377502,1444.654419,51.313248,-234.972015,1312.028809,-34.391861,-246.147095,1296.796631,-153.826187,-234.150757,1303.122681,-408.937378,-141.759048,1290.0802,-421.201416,-240.464752,1292.616333,-484.645966,144.880585,1331.215454,194.779404,131.647873,1425.462891,55.682045,226.802032,1299.528198,-20.746109,192.585938,1255.934448,-179.612122,73.39061,1454.300781,-309.114929,141.357803,1498.088135,-269.42926,43.33353,1522.607788,-323.686279,-156.635208,1059.776489,1.962572,-153.283386,1086.866333,198.861801,119.614174,1086.460205,196.002655,112.384628,1067.024536,-17.838846
1.1,34.491821,1667.387329,183.391708,26.148914,1674.841797,74.279991,110.889305,1610.389893,133.628922,8.126199,1433.58728,189.117538,-62.46225,1273.540283,239.474152,56.213684,1261.267944,235.860718,19.257053,1317.214233,-31.290594,-158.155838,1359.413086,189.672073,-115.548477,1444.171387,53.199131,-235.077118,1311.408325,-32.44709,-246.259216,1296.111572,-151.89592,-234.164078,1302.03772,-407.061371,-141.57338,1289.110474,-419.420013,-240.343384,1291.541382,-482.820038,145.425323,1330.758423,195.610641,131.366867,1425.161865,56.621368,225.16983,1298.808716,-20.832716,188.431061,1254.978027,-178.69751,73.65049,1451.096313,-317.75174,142.633423,1494.855713,-279.463776,45.903,1519.633911,-336.990814,-156.831207,1059.912354,2.540023,-153.091339,1086.168457,199.59404,119.943619,1085.786865,196.033127,112.247116,1067.154175,-17.780643
1.108,34.801582,1667.272705,183.378571,26.28878,1674.553589,74.287636,111.079086,1610.103394,133.769867,8.458145,1432.921387,190.568558,-61.988075,1272.534302,240.768936,56.880692,1260.280884,236.689957,18.683905,1317.542236,-29.888458,-157.734161,1358.578857,191.710007,-115.718796,1443.669678,55.030258,-235.212143,1310.856201,-30.432146,-246.353729,1295.23938,-149.867905,-234.256393,1300.797363,-405.065979,-141.602844,1288.310425,-417.97641,-240.345673,1289.922119,-480.802216,145.880539,1330.184937,196.707718,131.09317,1424.791138,57.85429,223.473648,1298.175659,-20.570374,184.530396,1254.172363,-177.530151,74.02597,1446.919678,-326.148224,143.59259,1491.124756,-289.21991,48.344254,1515.344604,-350.374237,-157.01532,1060.02124,3.076893,-152.820724,1085.383911,200.243988,120.324326,1084.956787,196.009781,112.072701,1067.232544,-17.718891
1.117,35.067108,1667.097412,183.486343,26.432695,1674.281006,74.408066,111.248894,1609.745728,133.932037,8.350706,1432.300293,193.023376,-61.355556,1271.495117,242.124756,57.423595,1259.351685,237.74942,17.558588,1317.901245,-28.898769,-157.390625,1357.612671,193.759094,-115.829277,1442.842651,57.242729,-235.342575,1309.962158,-28.095133,-246.556671,1294.447388,-147.635071,-234.355042,1299.567261,-402.983917,-141.590683,1286.735718,-415.729309,-240.293289,1288.48291,-478.723419,146.351135,1329.313232,197.638153,130.88765,1424.546021,59.295475,222.108337,1297.672485,-20.323198,181.027115,1253.472168,-176.259293,74.206863,1441.966553,-334.430359,144.262527,1486.662598,-298.853424,50.75584,1509.658813,-363.933319,-157.30835,1060.071167,3.779918,-152.337036,1084.300415,201.06572,120.601852,1084.026367,196.000809,111.878609,1067.29187,-17.657694
1.125,35.392971,1666.826904,183.722961,26.569853,1673.998169,74.567207,111.526428,1609.295776,134.010818,8.882416,1431.494141,194.666229,-60.589119,1270.14917,243.670853,58.044128,1258.220459,238.685898,16.411877,1318.256104,-27.76585,-156.992081,1356.434692,195.903214,-116.069214,1442.155396,59.440216,-235.560455,1309.174316,-25.91716,-246.763962,1293.405029,-145.345291,-234.493744,1297.931763,-400.770782,-141.725174,1285.559448,-413.711487,-240.272324,1286.841309,-476.610779,147.035995,1328.616333,199.025085,130.512131,1424.13501,61.052017,220.775345,1296.964233,-19.827902,177.543747,1252.937012,-174.618057,74.148552,1436.383911,-342.508148,144.762207,1481.45752,-308.467438,52.616814,1502.54834,-377.292267,-157.553772,1060.100586,4.346239,-151.873795,1083.124512,201.854828,121.238228,1082.876343,196.012192,111.679832,1067.295776,-17.600313
1.133,35.899006,1666.294556,183.957352,26.780602,1673.472656,73.36042,111.665497,1608.800659,134.16748,9.173153,1430.823486,196.67897,-60.1297,1268.768921,245.082626,58.636124,1256.87915,239.926849,15.491396,1318.656982,-26.190115,-156.737823,1355.161865,198.01001,-116.37809,1441.422852,61.676914,-235.836121,1308.317871,-23.579767,-247.016495,1292.526855,-143.009842,-234.586075,1296.25769,-398.488983,-142.011017,1283.970581,-411.252747,-240.376389,1285.008545,-474.405579,147.424484,1327.641113,200.327805,130.33609,1423.735718,62.821762,219.429535,1296.352417,-18.952673,174.109085,1252.481934,-172.912094,73.986053,1429.917847,-350.060181,145.007645,1475.545898,-317.730377,54.732864,1493.973511,-390.698608,-157.839798,1060.041504,4.946815,-151.439102,1081.96228,202.458481,121.780746,1081.644165,195.931946,111.432327,1067.250854,-17.547079
1.142,36.109219,1665.718872,184.484467,26.999573,1672.974365,73.810303,111.820786,1608.133423,134.342972,9.628788,1429.654175,198.597336,-59.625786,1267.090454,246.591324,59.1371,1255.47583,241.021408,14.056238,1318.829102,-25.104067,-156.362381,1353.67981,200.292267,-116.799614,1440.501221,64.319038,-236.132584,1307.279175,-21.242529,-247.26532,1291.405884,-140.533249,-234.73378,1294.306885,-396.059601,-142.11145,1282.001587,-408.562744,-240.534271,1282.719482,-471.976013,147.717422,1326.417358,201.81546,130.187378,1423.180908,64.827629,218.818924,1295.378906,-18.22179,170.94664,1252.324463,-170.960022,73.288582,1422.896851,-357.404602,145.054672,1468.868042,-326.754669,56.595673,1484.232666,-403.823425,-158.176666,1059.863281,5.610249,-151.036469,1080.43457,203.23671,122.169685,1080.384766,195.830093,111.163864,1067.154663,-17.496321
1.15,36.408066,1665.003418,184.841217,26.983276,1672.318359,74.437233,111.96312,1607.455322,134.504227,9.974285,1428.605713,200.814255,-59.140255,1265.372803,248.160522,59.609798,1253.832642,242.391724,12.955314,1318.768799,-23.594297,-155.987823,1352.0,202.658585,-117.00843,1439.642578,66.778023,-236.457901,1306.323853,-18.64538,-247.612686,1290.288696,-137.851242,-234.908127,1292.077026,-393.467224,-142.149582,1280.090942,-405.732269,-240.727478,1280.009766,-469.325287,148.115036,1325.207031,203.295532,130.095169,1422.663696,66.989983,217.867081,1294.545044,-17.111092,167.998718,1252.341553,-169.025696,72.679977,1415.025513,-364.236603,145.02536,1461.724243,-335.377014,58.423149,1473.047485,-416.195557,-158.394135,1059.661743,6.204735,-150.550598,1079.08667,203.925186,122.538918,1078.914673,195.776672,110.879799,1067.020142,-17.459049
1.158,36.834232,1663.959351,184.934006,27.199284,1671.609619,76.594864,112.066673,1606.52478,134.756851,10.309647,1427.196899,203.01712,-58.463329,1263.493286,249.841354,60.095318,1252.038452,243.577026,11.890299,1318.63855,-21.859571,-155.640976,1350.317749,205.093521,-117.534187,1438.696899,69.495171,-236.855499,1305.085938,-16.056692,-247.714645,1288.872192,-135.300171,-235.005814,1289.494995,-390.72757,-142.111786,1278.088745,-403.065857,-240.730042,1277.425537,-466.764465,148.442749,1323.747559,204.884872,129.871704,1421.989502,69.28714,216.711853,1294.01416,-15.763951,165.078156,1252.363281,-167.204315,71.773163,1406.815063,-370.621368,144.871765,1454.149048,-342.860138,59.764896,1460.411377,-427.999359,-158.529419,1059.432617,6.680045,-149.930954,1077.31897,204.774048,122.884895,1077.442139,195.779053,110.624214,1066.82312,-17.382023
1.167,37.099735,1663.014648,185.445328,27.284264,1671.013428,77.279396,112.154877,1605.493896,134.921432,10.597678,1425.829956,205.253372,-58.027264,1261.341797,251.48204,60.657036,1250.126587,244.989502,10.900391,1318.52417,-20.136879,-155.390289,1348.532593,207.563782,-117.770271,1437.675415,72.304565,-237.267868,1303.91333,-13.381343,-248.010925,1287.466553,-132.608994,-235.150848,1286.731445,-387.858917,-142.109283,1275.869507,-400.214478,-240.729324,1274.014282,-463.717926,148.714783,1322.268677,206.672745,129.652359,1421.178589,71.63913,215.372177,1293.527832,-14.328897,162.657944,1252.722046,-165.146622,70.847687,1397.901855,-376.460358,144.604141,1445.702515,-351.086914,60.990746,1446.449219,-438.890045,-158.743454,1059.04895,7.392808,-149.339752,1075.661499,205.364624,123.414185,1075.779297,195.730652,110.365616,1066.576294,-17.330433
1.175,37.226414,1661.986938,186.136124,27.440868,1669.71582,77.277222,112.327301,1604.437866,135.138641,11.004092,1424.300171,207.313904,-57.647148,1259.178589,253.10173,61.002007,1248.015015,246.267914,9.915301,1318.238037,-18.223776,-155.101303,1346.512695,210.127777,-118.217354,1436.521362,75.218483,-237.628082,1302.456665,-10.461279,-248.262939,1285.642822,-129.549164,-235.285202,1283.626831,-384.813324,-142.372559,1273.581665,-396.462341,-240.77272,1270.456909,-460.768616,148.885147,1320.443726,208.130997,129.472412,1420.305908,74.094627,214.480362,1292.966187,-12.984913,160.309799,1253.102173,-163.284119,69.877754,1388.394043,-381.998016,144.443314,1437.065918,-358.776672,62.108475,1431.160767,-448.822662,-158.878006,1058.578003,7.977125,-148.918274,1073.644775,206.146881,123.84594,1074.084473,195.722809,110.15255,1066.269897,-17.2166
1.183,37.538876,1660.634521,186.257172,27.43273,1668.714966,78.085281,112.419189,1603.128906,135.490128,10.952411,1422.806274,210.503906,-57.19516,1256.905151,254.770691,61.44445,1245.845825,247.733109,9.076857,1317.803345,-16.205339,-154.823624,1344.407104,212.818237,-118.641533,1435.272949,78.227554,-237.960724,1300.884766,-7.49035,-248.53862,1283.770142,-126.4925,-235.379318,1280.516235,-381.740692,-142.360916,1270.866089,-393.020782,-240.718948,1266.292969,-457.470703,149.146149,1318.530151,209.814987,129.276901,1419.358643,76.453865,213.910431,1292.241577,-11.611979,158.393723,1253.751465,-161.239517,69.161972,1378.060425,-386.855286,144.336121,1428.199463,-365.566711,63.438267,1414.639404,-457.656433,-158.868179,1058.004272,8.499047,-148.41362,1071.742065,206.850113,124.203606,1072.287964,195.856812,110.065002,1065.927612,-17.092123
1.192,37.670883,1659.492432,186.868774,27.703705,1667.224243,77.970673,112.630196,1601.757446,135.842377,11.038963,1420.915283,213.033386,-56.639454,1254.419922,256.560944,61.844322,1243.52356,248.95842,8.254147,1317.306396,-14.157035,-154.575027,1342.224976,215.512909,-119.095757,1433.777222,81.386803,-238.40152,1299.139771,-4.421082,-248.938034,1281.876465,-123.379791,-235.445496,1277.179565,-378.56543,-142.149918,1268.352661,-389.769043,-240.369431,1262.280396,-454.25592,149.312424,1316.628052,211.376663,129.101288,1418.208252,78.792305,213.487473,1291.502319,-10.318741,156.958527,1254.25769,-159.276825,69.011169,1366.727417,-390.918396,144.163742,1418.945923,-371.762695,64.547203,1396.734863,-464.864166,-158.920456,1057.260498,9.125256,-147.651688,1069.499146,207.479446,124.569687,1070.387207,195.9207,110.05175,1065.493164,-16.958399
1.2,37.824413,1658.323486,187.226929,27.708237,1665.924438,78.3899,112.718437,1600.287598,136.197525,11.19713,1418.77478,215.480835,-56.279697,1251.85376,258.250702,62.3685,1241.162598,250.346008,7.508143,1316.652222,-11.985688,-154.174774,1339.889648,218.203613,-119.521881,1432.29187,84.299614,-238.720078,1297.144165,-1.159651,-249.214874,1279.685181,-120.082573,-235.135056,1273.726318,-375.447662,-141.987595,1265.554443,-386.348846,-240.027374,1258.239136,-450.922974,149.717682,1314.637207,212.933456,129.016922,1416.996338,81.100533,213.205795,1290.788452,-9.08888,155.788757,1255.209595,-157.202637,69.698486,1354.346558,-393.836212,143.710083,1409.5354,-377.22879,65.673248,1378.143311,-470.220703,-158.517212,1056.371948,9.675717,-147.236053,1067.128174,208.10498,125.018356,1068.468506,196.029221,110.119255,1064.901733,-16.828388
1.208,38.157753,1656.940674,187.296188,27.876459,1664.152466,78.310379,112.713821,1598.729736,136.466019,11.531376,1416.679688,217.840179,-55.696297,1249.197998,260.111206,62.781647,1238.727905,251.6987,6.7501,1315.926636,-9.972158,-153.867844,1337.433838,221.038956,-119.872444,1430.538818,87.341713,-238.99762,1294.948853,2.193248,-249.523941,1277.307983,-116.734215,-234.883301,1270.353394,-372.278992,-141.735519,1262.586304,-382.958405,-239.579895,1254.230225,-447.560699,149.894455,1312.494629,214.352737,128.81311,1415.795898,83.243309,213.226669,1290.237793,-8.100294,155.05925,1255.540039,-155.386642,70.288132,1341.983398,-395.901031,143.095215,1399.681274,-382.036133,66.862968,1359.702393,-474.037201,-158.346634,1055.344482,10.113874,-146.905487,1064.834473,208.69989,125.382095,1066.529053,196.154892,110.243042,1064.177002,-16.687332
1.217,38.02005,1655.475098,187.481506,27.799118,1662.415527,79.057571,112.7061,1597.030762,136.912857,11.860943,1414.44104,220.388641,-55.0359,1246.40979,261.835876,63.294598,1236.21106,253.094727,5.96066,1315.075684,-7.961247,-153.481705,1334.92627,223.918381,-120.288887,1428.661865,90.586342,-239.193008,1292.594604,5.413689,-249.810867,1274.791382,-113.43589,-234.69899,1267.023438,-369.045349,-141.383652,1259.578003,-379.47406,-239.057037,1250.268921,-444.309174,150.267334,1310.440796,215.862823,128.560181,1414.473633,85.430183,213.039581,1289.609253,-7.018681,153.988342,1255.193848,-152.433517,70.789139,1328.928955,-397.56012,142.054138,1389.621094,-385.827362,69.159065,1341.098267,-475.873657,-158.386841,1054.308594,10.814647,-146.407227,1062.389893,209.221359,125.782593,1064.50708,196.335709,110.300217,1063.451294,-16.541489
1.225,38.129948,1654.039429,187.704681,27.892042,1660.42981,78.882706,112.669563,1595.302612,137.220718,12.054543,1412.052856,222.635971,-54.417366,1243.566528,263.603821,63.975677,1233.718994,254.445465,5.49983,1314.047729,-5.901667,-153.015976,1332.222534,226.71344,-120.700439,1426.663818,93.685074,-239.31752,1290.057373,8.686389,-250.193054,1272.220825,-110.125893,-234.368362,1263.817139,-365.807556,-140.979904,1256.422974,-375.868408,-238.563431,1246.395874,-440.976013,150.668564,1308.430298,217.087128,128.023621,1413.070068,87.255264,213.352325,1289.138672,-6.368445,157.76564,1252.262207,-153.636017,71.879227,1316.560791,-398.330292,141.230972,1379.27832,-388.778931,71.502029,1323.51062,-476.295288,-158.258179,1053.126831,11.367908,-145.795151,1059.653076,209.849579,126.116989,1062.366577,196.494553,110.413353,1062.74646,-16.436836
1.233,37.970711,1652.476929,187.879761,27.846521,1658.435913,78.992241,112.587051,1593.500366,137.747986,12.436921,1409.775879,225.115143,-53.51506,1240.751465,265.276703,64.722023,1231.375366,255.673401,5.120584,1312.814209,-3.690793,-152.455017,1329.479004,229.56749,-120.977036,1424.699707,96.775078,-239.488846,1287.471802,11.969859,-250.638779,1269.647339,-106.837959,-234.01918,1260.557007,-362.736542,-140.639694,1253.105713,-372.311066,-238.014999,1242.53064,-437.618927,151.151047,1306.493896,218.264816,127.769958,1411.776855,88.80291,212.906128,1288.387329,-5.239794,154.096634,1253.083496,-149.796921,72.908905,1305.260986,-398.189392,141.030655,1369.137573,-390.267487,73.706421,1308.436157,-475.469574,-158.116226,1051.778687,11.93364,-145.459412,1056.98877,210.385925,126.491699,1060.206177,196.703461,110.684677,1061.935059,-16.364841
1.242,37.904274,1650.930786,188.114334,27.655476,1656.566772,79.371735,112.435814,1591.637695,138.194778,12.889009,1407.655762,227.401352,-52.717709,1237.83374,266.853119,65.528114,1228.966553,256.773621,4.592118,1311.594849,-1.709938,-151.979248,1326.704102,232.45726,-121.369255,1422.681519,99.775276,-239.630188,1284.84082,15.063593,-250.896927,1266.963013,-103.595222,-233.566833,1257.316528,-359.636292,-140.203247,1249.837891,-368.735809,-237.303604,1238.642456,-434.228546,151.582199,1304.780884,219.386841,127.365456,1410.395752,90.090874,212.514343,1287.396484,-4.227815,154.119583,1250.075928,-148.352646,73.434502,1295.555664,-397.459778,141.201523,1359.747314,-390.588837,75.331375,1295.667358,-474.403412,-158.102005,1050.455933,12.507933,-145.057358,1054.150391,210.923569,126.857414,1058.022217,196.809235,110.916908,1060.986084,-16.305155
1.25,37.70866,1649.240723,188.272141,27.724451,1654.433594,79.443878,112.254173,1589.734741,138.700546,13.15711,1405.626343,229.643585,-51.744881,1235.080566,268.444366,66.445251,1226.595215,257.924438,4.021516,1310.249146,0.112972,-151.472656,1323.877686,235.416092,-121.737534,1420.540771,102.85054,-239.739502,1282.2052,18.200163,-251.402969,1264.464233,-100.403908,-233.150116,1254.294434,-356.527161,-139.715485,1246.722778,-365.102844,-236.527908,1234.831299,-430.905334,152.12085,1303.07605,220.220398,127.059517,1408.807617,91.02166,211.743973,1285.620239,-2.154198,154.309235,1246.175781,-146.488327,73.421692,1287.262085,-396.2771,141.372086,1351.155273,-390.183472,76.389824,1284.890869,-472.978668,-158.082275,1049.115112,13.011252,-144.64267,1051.335449,211.381775,127.245499,1055.867432,196.955063,111.196045,1060.061157,-16.195257
1.258,37.520603,1647.602783,188.652649,27.588499,1652.305664,79.826828,111.994698,1587.861816,139.313721,13.51031,1403.533691,231.543686,-50.754822,1232.364258,269.87442,67.281723,1224.301514,258.916901,3.611623,1308.643555,1.916253,-150.845947,1320.99707,238.131943,-122.032967,1418.46875,105.806328,-239.74527,1279.479736,21.293924,-252.086258,1262.062134,-97.230186,-232.758408,1251.273193,-353.55423,-139.229904,1243.69104,-361.498138,-235.783539,1231.069092,-427.638611,152.678375,1301.407471,221.238953,126.890686,1407.053467,91.63604,210.650681,1282.800781,-0.990346,154.320419,1241.435913,-144.939774,73.003593,1279.689331,-394.964905,141.338272,1343.414917,-389.286652,76.87133,1275.723022,-471.853699,-158.059479,1047.72229,13.509764,-144.135086,1048.507935,211.940094,127.741127,1053.676758,197.049438,111.388374,1059.001465,-16.164526
1.267,37.248547,1645.979858,189.082016,27.416767,1650.2229,80.344917,111.775146,1586.083008,139.897232,13.876966,1401.443726,233.155014,-49.812222,1229.704956,271.177002,68.25016,1222.193604,259.837494,3.29648,1306.794678,3.771032,-150.257751,1318.227417,240.639084,-122.383064,1416.338501,108.556587,-239.747971,1276.842896,24.40008,-252.87912,1259.779907,-94.115997,-232.257812,1248.397461,-350.700104,-138.629959,1240.950439,-357.865601,-234.979538,1227.345581,-424.448151,153.315948,1299.819458,222.172821,126.811577,1405.050415,92.08094,212.231796,1282.703857,-2.359446,154.733109,1236.957886,-143.256989,72.775139,1272.44873,-393.5979,141.121399,1336.177246,-388.165771,77.440155,1267.468506,-470.75946,-158.124939,1046.34021,13.993201,-143.5905,1045.744507,212.382919,128.297012,1051.700195,197.155853,111.69548,1057.850952,-16.050014
1.275,36.938877,1644.258789,189.541443,27.188871,1648.376709,81.049156,111.491943,1584.249512,140.602997,14.242399,1399.547729,234.525269,-48.818024,1227.125488,272.410675,68.936241,1220.036743,260.791107,2.955383,1304.808594,5.24533,-149.790802,1315.585938,243.000366,-122.804832,1414.430542,110.998734,-239.80542,1274.204468,27.29262,-253.835953,1257.773926,-91.271713,-231.648026,1245.724976,-348.012573,-138.009918,1238.369751,-354.299744,-233.796448,1223.744629,-421.229553,153.686707,1297.909058,223.123001,126.876755,1402.966797,92.460991,211.936493,1280.035522,-1.412699,155.245834,1232.514893,-141.807053,72.907539,1265.370728,-392.216553,140.858749,1329.559326,-386.769775,78.157898,1259.789551,-469.454163,-158.155197,1044.916504,14.420607,-143.229202,1043.049072,212.785675,128.787399,1049.664185,197.222992,112.10923,1056.759399,-15.883698
1.283,36.564964,1642.688477,190.143433,26.901049,1646.598633,81.451859,111.199966,1582.529175,141.286636,14.695301,1397.75647,235.899185,-48.189072,1224.684326,273.454712,69.537216,1217.857422,261.673553,2.830217,1302.695435,6.693413,-149.229355,1313.167114,245.199799,-123.134346,1412.550903,113.378326,-240.0858,1271.798218,30.009207,-255.287918,1255.819092,-88.504684,-231.035049,1243.12085,-345.395142,-137.211075,1236.025024,-350.693939,-232.424164,1220.145508,-418.066711,154.144333,1296.230957,224.032349,127.059189,1400.693848,92.872238,211.747345,1276.78418,-0.256163,155.818741,1228.3396,-140.351395,73.290794,1258.844727,-390.833832,140.48175,1323.760864,-385.408447,78.818428,1253.008301,-468.139069,-158.213501,1043.65271,14.730569,-142.779755,1040.406372,213.269852,129.299927,1047.833496,197.384338,112.583389,1055.565674,-15.674376
1.292,36.245853,1641.115723,190.515076,26.633839,1644.973999,82.140213,110.970276,1580.954956,141.898773,15.194144,1395.887817,236.973846,-47.404686,1222.375,274.542084,70.064331,1215.838623,262.565735,2.990758,1300.36499,8.296631,-148.656525,1310.857788,247.208527,-123.441864,1410.820923,115.379387,-240.528061,1269.574341,32.604675,-256.873993,1253.904175,-85.871323,-230.288361,1240.609741,-342.987213,-136.2939,1234.12146,-347.019653,-231.095947,1216.752441,-414.961121,154.509369,1294.291748,224.925522,127.546501,1398.685669,93.384895,211.658188,1273.053833,1.084175,156.372513,1224.285278,-138.921188,74.076012,1252.805176,-389.334625,140.072769,1319.018677,-384.379395,79.324081,1247.276245,-466.7724,-158.288284,1042.334839,15.156911,-142.125275,1037.77832,213.759064,129.805832,1046.012939,197.563309,112.974602,1054.381836,-15.446985
1.3,36.041229,1639.667969,191.3069,26.297285,1643.44104,82.590569,110.711235,1579.592896,142.487396,15.753957,1394.136597,237.609985,-47.003853,1220.265869,275.325714,70.468529,1213.77002,263.26239,3.067998,1298.321899,9.499931,-148.07045,1308.843018,248.903244,-123.679756,1409.287354,117.019333,-241.073166,1267.680176,34.984577,-258.764526,1252.174805,-83.322403,-229.429199,1238.407349,-340.64505,-135.152115,1232.474121,-343.342407,-229.397568,1213.076904,-411.676514,154.719376,1292.51123,225.858917,128.141083,1396.769531,94.072609,211.566071,1269.12146,2.583357,156.894638,1220.580322,-137.591492,74.733665,1247.748779,-388.05014,139.77858,1315.156738,-383.308838,79.593262,1242.439453,-465.447388,-158.22879,1041.117065,15.435422,-141.690613,1035.644409,214.033157,130.296982,1044.390991,197.81517,113.437637,1053.238281,-15.213642
1.308,35.811298,1638.492554,191.982407,25.948198,1642.165527,83.349022,110.4431,1578.393677,143.086777,16.054955,1392.85144,239.063095,-46.635143,1218.363281,276.081116,70.660767,1211.78772,263.867706,3.426578,1296.223633,10.890328,-147.612061,1307.157104,250.247147,-123.792038,1407.874023,118.473801,-241.74408,1265.866821,37.210857,-261.195648,1250.999512,-81.147217,-228.464203,1236.384399,-338.478546,-134.067993,1231.342163,-339.43396,-226.854691,1209.614014,-408.461273,154.841873,1290.697632,226.735718,128.913788,1395.079956,94.421913,211.108398,1265.007202,4.114286,157.705399,1217.25415,-136.110992,75.501526,1243.432983,-386.752502,139.224731,1312.037231,-382.572754,79.693634,1238.539307,-464.132782,-158.102921,1039.944702,15.582278,-141.377304,1033.595947,214.248459,130.726624,1042.865479,198.223694,113.918015,1052.145752,-14.847943
1.317,35.581413,1637.481079,192.557312,25.637695,1641.046265,84.023811,110.292778,1577.508057,143.617386,16.46771,1391.650391,239.901611,-46.356789,1216.737305,276.626343,70.778099,1210.092407,264.433685,3.843181,1294.264038,12.090975,-147.069946,1305.611938,251.523758,-123.946587,1406.744751,119.622627,-242.463837,1264.525269,39.073109,-264.083893,1250.133301,-78.974113,-227.381256,1234.878906,-336.345276,-132.793335,1230.796387,-335.481873,-224.378906,1206.631714,-405.205658,154.814529,1288.966431,227.569839,129.954575,1393.392578,95.029694,210.398499,1261.200439,5.652426,158.14212,1214.087158,-134.826218,76.14959,1239.824707,-385.726288,138.985245,1309.33374,-381.838867,79.658081,1235.525269,-463.137177,-157.935089,1038.996338,15.69342,-141.067001,1032.024048,214.274673,131.1642,1041.500732,198.723236,114.551041,1051.172241,-14.504645
1.325,35.476795,1636.66748,193.136826,25.31673,1640.233643,84.717285,110.159393,1576.881226,144.192947,17.113401,1390.279907,239.848145,-46.01289,1215.401733,277.159729,70.878929,1208.555176,264.806488,4.263546,1292.572632,13.119772,-146.6539,1304.503052,252.333755,-124.085716,1405.736816,120.538963,-243.195755,1263.415161,40.793049,-266.81543,1249.440796,-77.169647,-226.105209,1233.729736,-334.242767,-131.33017,1230.818359,-331.473389,-221.57312,1204.062988,-401.75769,154.949478,1287.524414,228.008087,131.025681,1392.10437,95.381157,209.654144,1258.058228,6.862693,158.747269,1211.006348,-133.65155,76.880554,1237.059814,-384.724274,138.993195,1307.050293,-381.100159,79.674263,1233.13147,-462.279907,-157.626633,1038.099854,15.838881,-140.834946,1030.667603,214.501465,131.541351,1040.234375,199.2798,115.100906,1050.304443,-14.194561
1.333,35.428291,1636.140381,193.754761,25.035461,1639.827759,85.44075,110.042801,1576.453369,144.694336,17.44528,1389.659912,240.996689,-45.689091,1214.313965,277.556641,70.967552,1207.346436,265.110413,4.878193,1290.86438,14.224581,-146.044403,1303.585083,253.107941,-124.129196,1405.059937,121.149582,-244.473495,1262.962402,42.333828,-270.113342,1249.241943,-75.446609,-224.596634,1233.166992,-332.213135,-129.763016,1231.530518,-327.223053,-218.377289,1201.915161,-398.260956,155.154327,1286.192017,228.777771,132.231201,1391.078735,95.754036,209.169937,1255.938354,7.796528,159.095139,1207.834595,-132.701019,77.427925,1235.048828,-383.994507,139.461761,1305.191528,-380.488586,79.931404,1231.361206,-461.510895,-157.240875,1037.284302,15.827888,-140.695251,1029.820068,214.431015,131.770111,1039.111694,199.848373,115.74054,1049.542847,-14.013594
1.342,35.366871,1635.851562,194.483032,24.762995,1639.662354,86.153656,110.029243,1576.377441,145.174179,17.855288,1389.144531,241.191238,-45.459774,1213.683838,277.759491,71.137573,1206.490112,265.356964,5.423432,1289.457642,14.958448,-145.588593,1303.00708,253.573242,-124.121567,1404.60791,121.543747,-245.646622,1262.527832,43.788834,-273.647644,1249.495605,-73.85923,-222.91011,1233.176514,-330.230988,-128.108536,1233.009399,-322.899109,-214.909882,1200.405762,-394.598541,155.306961,1285.178223,229.218414,133.360077,1390.35791,96.150948,209.075607,1254.544067,8.504742,159.394257,1204.871094,-131.703964,78.063675,1233.619385,-383.383972,140.025009,1303.799561,-380.06488,80.41333,1230.049072,-460.993469,-156.824951,1036.763916,15.640281,-140.58812,1029.362671,214.35582,131.964218,1038.272827,200.418671,116.443642,1048.836304,-13.820377
1.35,35.429462,1635.812622,195.250122,24.552637,1639.726929,86.881096,110.064026,1576.589478,145.609146,18.33547,1388.846802,241.330994,-45.241756,1213.374268,277.93338,71.283707,1205.874023,265.460297,6.131405,1288.248535,15.71548,-145.132324,1302.755737,253.838181,-124.08287,1404.404663,121.834923,-246.925598,1262.652588,45.030533,-277.23053,1250.18811,-72.531273,-221.184845,1234.065063,-328.121063,-126.330482,1235.400879,-318.492645,-211.139038,1199.540405,-391.031586,155.496475,1284.603271,229.505539,133.998001,1390.02124,96.543327,209.620438,1254.124878,8.889565,159.404175,1202.866943,-130.987183,78.851418,1232.776001,-382.920288,140.761276,1303.008545,-379.746521,81.120178,1229.194092,-460.733948,-156.717545,1036.26355,15.615396,-140.464539,1029.319824,214.325714,132.134613,1037.593872,201.006287,117.047043,1048.302612,-13.551001
1.358,35.560699,1635.9646,196.028748,24.439058,1640.035522,87.736526,110.230545,1577.012451,145.980515,18.744064,1388.867554,241.417542,-44.966537,1213.377319,277.939972,71.493263,1205.797241,265.507965,6.872063,1287.431274,16.345507,-144.629868,1302.795898,253.938522,-124.063805,1404.458862,121.935272,-248.505463,1263.509399,46.109558,-280.817505,1251.351685,-71.396713,-219.338501,1235.455566,-326.118225,-124.521324,1238.868896,-314.309814,-207.116089,1199.12085,-387.190186,155.710953,1284.449585,229.592926,134.360306,1390.230347,96.717224,211.000549,1254.505737,9.083088,159.57283,1202.371338,-130.470016,79.669365,1232.501709,-382.853851,141.602173,1302.775024,-379.630249,82.168022,1228.737305,-460.605347,-155.793381,1036.179932,15.363153,-140.321793,1029.570801,214.289154,132.330505,1037.299927,201.531113,117.585335,1047.765381,-13.302711
1.367,35.813824,1636.273438,196.842712,24.325068,1640.836792,88.731926,110.444481,1577.697021,146.471848,19.010267,1389.151001,241.286118,-44.654854,1213.723877,277.856293,71.7714,1206.182617,265.382355,7.476894,1287.150879,16.525785,-144.13031,1303.144165,253.916565,-124.053871,1404.773071,121.872665,-250.084854,1264.450073,47.012566,-284.566925,1252.94751,-70.36277,-217.274002,1237.524048,-324.087708,-122.744179,1243.012329,-309.881226,-202.651031,1199.544556,-383.208618,155.910187,1284.815552,229.585449,134.280975,1390.703857,96.790962,212.438141,1255.470459,8.975236,160.194946,1203.56311,-130.393585,80.728119,1232.60791,-382.970825,142.556534,1303.110474,-379.726196,83.493156,1228.722046,-460.681641,-155.198349,1036.193359,15.234076,-140.111725,1030.169189,214.296021,132.600815,1037.468018,202.00351,118.093216,1047.404663,-13.099327
1.375,35.976604,1636.887451,197.741959,24.36208,1641.741455,89.48407,110.683327,1578.484009,147.041214,19.154608,1389.661011,240.969666,-44.288326,1214.38501,277.581299,72.091888,1206.919678,265.185516,8.190584,1287.291748,16.453749,-143.578186,1303.767944,254.248795,-124.067528,1405.2948,121.698502,-251.943863,1265.944092,47.953003,-288.184631,1254.63916,-69.297585,-214.97937,1240.198975,-321.996887,-121.365662,1247.661255,-304.375458,-197.880554,1200.606079,-379.095825,155.975769,1285.569946,229.070007,133.885742,1391.467529,96.637657,214.058914,1256.928711,8.859228,161.235657,1205.596436,-130.912292,81.997452,1233.203857,-383.219574,143.73735,1303.773804,-380.018494,84.944977,1229.145752,-461.085663,-154.565796,1036.385864,15.022236,-139.856842,1031.079468,214.189499,132.806839,1038.007812,202.375153,118.567436,1047.259766,-12.821868
1.383,36.357857,1637.591431,198.568878,24.506144,1643.130371,90.510063,110.964874,1579.441895,147.610733,19.283926,1390.511719,240.487152,-43.930977,1215.310059,277.32428,72.38826,1208.085815,264.760681,8.719062,1287.81189,16.086166,-143.232437,1304.571655,253.782272,-124.050262,1405.993774,121.395706,-253.685379,1267.67627,48.762524,-291.730011,1256.633423,-68.451073,-212.473541,1243.369507,-319.910431,-119.666794,1253.654907,-299.280884,-192.616394,1202.366821,-374.446228,156.375977,1286.974121,228.760193,133.521622,1392.572632,96.319679,215.600998,1258.78125,8.27479,162.837601,1208.789551,-131.667679,83.377548,1234.015991,-383.85022,144.870956,1304.867065,-380.350739,86.684341,1229.891113,-461.638092,-153.963409,1036.768433,14.985683,-139.582397,1032.260986,214.150238,133.103867,1038.962036,202.612823,119.034363,1047.340942,-12.505247
1.392,36.831139,1638.575073,199.374435,24.89237,1644.44751,91.301041,111.307442,1580.555908,148.129532,19.368961,1391.596191,239.7397,-43.560181,1216.709229,276.91452,72.790924,1209.643066,264.319244,9.160789,1288.926758,15.310947,-142.876053,1305.540771,253.32782,-124.023621,1407.033325,120.97084,-255.96225,1269.754395,49.771221,-295.076111,1258.904907,-67.684494,-209.716599,1247.233154,-317.687469,-117.91629,1260.848999,-294.371033,-187.098419,1205.054443,-369.431396,156.71759,1288.518311,228.172745,133.215103,1393.982788,95.606277,216.6353,1260.907471,7.768649,164.39386,1212.383911,-132.67601,84.8181,1235.273193,-384.630646,146.036667,1306.22229,-380.953583,88.515541,1230.983765,-462.403717,-153.374191,1037.403687,14.978743,-139.149307,1033.623657,214.225418,133.407272,1040.363037,202.825851,119.421013,1047.734619,-12.220869
1.4,37.252045,1639.676514,200.389587,25.261419,1646.137817,92.451347,111.650955,1581.815918,148.757172,19.604666,1392.723999,238.39328,-43.181774,1218.206665,276.446594,73.21936,1211.44458,263.685181,9.44047,1290.450317,14.278866,-142.533249,1306.889771,252.587769,-124.071854,1408.196167,120.553307,-257.552917,1271.608887,50.46199,-298.287476,1261.148315,-66.989212,-206.592545,1251.702759,-315.306793,-116.037621,1269.0354,-289.379486,-181.055984,1208.512817,-363.901093,157.039215,1290.446411,227.424637,132.754745,1395.5354,94.70993,217.380997,1263.103394,7.024973,165.863113,1214.849487,-133.610123,86.47744,1236.626343,-385.562897,147.205688,1307.96106,-381.658447,90.40741,1232.429688,-463.418427,-152.776718,1038.111206,14.947149,-138.783157,1035.290649,214.255051,133.852936,1042.054199,202.887375,119.809875,1048.407715,-11.899358
1.408,37.541119,1640.753662,201.197113,25.832237,1647.805176,93.220551,111.994003,1583.158691,149.455566,19.71233,1394.219604,237.255112,-42.828983,1220.079834,275.825134,73.628082,1213.55603,263.029053,9.81241,1291.956421,13.127537,-142.132751,1308.294922,251.839691,-124.100662,1409.635254,120.063843,-259.30191,1273.797852,50.75507,-301.234528,1263.483032,-66.531761,-203.300415,1256.775635,-312.875122,-114.229073,1278.196655,-284.153717,-174.681335,1212.973145,-358.18869,157.348679,1292.599976,226.521881,132.619858,1397.299438,93.695656,217.922501,1265.595215,6.10652,166.973999,1216.240845,-134.44339,88.2257,1238.106201,-386.688049,148.580597,1309.89917,-382.496948,92.565674,1234.049561,-464.571014,-152.146957,1039.10376,15.121926,-138.357727,1036.965942,214.391525,134.247589,1044.106201,202.904922,120.078972,1049.303467,-11.533956
1.417,37.950844,1642.278198,202.160141,26.252834,1649.658691,94.130142,112.324844,1584.704468,150.158859,19.807911,1395.932373,236.233597,-42.361919,1222.102295,275.0271,73.998947,1215.906372,262.231049,10.141769,1293.965088,11.972606,-141.680466,1310.054688,250.804062,-124.155449,1411.211182,119.316628,-260.89209,1275.79895,51.272717,-303.91748,1265.552612,-66.084854,-199.527252,1262.331665,-310.493042,-112.455849,1288.240479,-279.020477,-167.936157,1218.443848,-352.262695,157.528381,1294.728638,225.45903,132.589859,1399.196655,92.58625,218.173355,1267.974609,5.050089,168.332977,1217.932373,-135.506073,89.939186,1239.881714,-387.95874,149.796021,1312.044312,-383.312653,94.641479,1235.949219,-465.916931,-151.598114,1040.194458,15.233115,-137.952332,1039.011963,214.457382,134.689056,1046.243042,202.730392,120.48941,1050.454468,-11.240963
1.425,38.282623,1643.759033,203.031662,26.772837,1651.573608,95.02787,112.575302,1586.248291,150.985138,19.999798,1397.812012,234.913086,-41.980579,1224.351685,274.190308,74.300262,1218.40271,261.370972,10.485683,1295.993896,10.506682,-141.195618,1311.854126,249.857544,-124.212952,1413.078369,118.384811,-262.578705,1278.007446,51.563377,-306.305298,1267.718018,-66.089378,-195.511032,1268.185181,-307.872894,-110.801186,1299.043701,-273.81424,-160.552094,1224.822388,-346.127045,157.503235,1297.115845,224.115875,132.640488,1401.203369,91.206223,218.394043,1270.285767,4.072273,169.621841,1219.947388,-136.734436,91.705338,1241.871338,-389.378998,150.950607,1314.514771,-384.347595,96.701096,1238.079712,-467.253235,-151.074402,1041.537109,15.345308,-137.469879,1040.97168,214.523727,135.061661,1048.592651,202.497894,120.688049,1051.633179,-11.026216
1.433,38.661404,1645.368652,203.907394,27.164751,1653.644531,95.946175,112.875916,1588.040649,151.629456,20.224691,1399.701416,233.386703,-41.570969,1226.715576,273.268005,74.565201,1220.987427,260.38681,10.899963,1298.175537,9.097104,-140.817413,1313.94751,248.654129,-124.233818,1414.926514,117.277939,-263.894897,1279.961914,51.759235,-308.243866,1269.548706,-66.110405,-191.279785,1274.760986,-305.147308,-109.420845,1310.439331,-268.552704,-152.977386,1232.133545,-340.138763,157.906433,1299.653198,222.867508,132.686539,1403.342651,89.734474,218.655869,1272.553833,3.042025,171.160889,1222.206543,-138.098663,93.597115,1243.908813,-390.703003,152.096207,1317.141968,-385.387878,98.794777,1240.437134,-468.667816,-150.417419,1042.82312,15.912678,-137.036224,1043.275757,214.674973,135.49881,1051.132568,202.296753,121.045135,1053.113403,-10.80762
1.442,38.949032,1647.086792,204.851379,27.590733,1655.635132,96.831635,113.078773,1589.7146,152.481384,20.257175,1401.81543,232.118088,-41.220882,1229.32019,272.27478,74.821388,1223.673462,259.399933,11.326053,1300.450073,7.499557,-140.419464,1316.260132,247.068192,-124.224503,1416.982788,116.057114,-265.237152,1282.169678,51.527561,-309.866974,1271.508545,-66.553223,-186.771103,1281.952637,-302.401123,-108.378113,1322.239136,-263.180176,-144.994781,1240.50647,-334.408722,158.164337,1302.265991,221.607834,132.982635,1405.419312,88.142677,219.093018,1274.687256,1.841423,172.38887,1224.529053,-139.434158,95.358582,1246.085938,-392.236572,153.308517,1319.811035,-386.53363,100.757195,1242.924927,-470.235138,-150.251678,1044.348022,15.876483,-136.593796,1045.757202,214.783279,135.866455,1053.695312,202.065872,121.290253,1054.525269,-10.603458
1.45,39.315243,1648.782349,205.734451,28.046007,1657.717407,97.75618,113.287361,1591.539307,153.224854,20.505217,1404.109741,230.548904,-40.873356,1231.997681,271.183075,75.069183,1226.38147,258.377258,11.692097,1302.664673,5.897643,-140.035797,1318.651123,245.689713,-124.064392,1419.07312,114.510117,-266.125,1284.261108,51.163116,-311.008698,1273.109375,-67.20668,-182.122849,1289.440918,-299.766724,-107.683937,1334.336182,-257.838318,-136.796082,1249.662109,-328.778503,158.336655,1304.859497,220.244705,133.17894,1407.509521,86.599014,219.663162,1276.802246,0.692159,173.801163,1226.543945,-140.979538,97.193733,1248.373779,-393.740295,154.528046,1322.524658,-387.672882,102.725204,1245.541138,-471.722595,-149.832916,1045.840088,16.134256,-136.159317,1048.167969,214.882462,136.235931,1056.294434,201.741867,121.625206,1056.116333,-10.501875
1.458,39.605743,1650.467896,206.749161,28.429478,1659.846069,98.521255,113.512413,1593.254517,154.180161,20.495951,1406.192993,228.793686,-40.597713,1234.788818,270.014069,75.33326,1229.195801,257.31543,12.019534,1304.825562,4.285336,-139.779816,1321.147095,244.298386,-123.814468,1421.017334,112.848145,-266.899139,1286.405151,50.343964,-311.913116,1274.922119,-68.265472,-177.539703,1297.191772,-296.573853,-107.637032,1346.26062,-252.466614,-128.593674,1259.76709,-323.54834,158.5784,1307.374023,218.836853,133.446915,1409.654297,84.81469,220.271179,1278.880005,-0.59349,174.9655,1228.615601,-142.418716,98.979012,1250.660767,-395.075317,155.889282,1325.360107,-388.88916,104.513077,1248.37146,-473.22876,-149.544128,1047.334717,16.467093,-135.841095,1050.837402,215.131851,136.553406,1058.975586,201.422745,121.877472,1057.601074,-10.376709
1.467,39.791443,1652.094971,207.676697,28.939573,1661.932373,99.353737,113.791504,1595.095581,155.051468,20.579882,1408.338135,227.05426,-40.462994,1237.571411,268.748077,75.5383,1231.960693,256.163483,12.324342,1306.989258,2.586444,-139.50293,1323.633789,242.65921,-123.490654,1423.157837,111.07692,-267.462708,1288.646118,49.314167,-312.366028,1276.403809,-69.523735,-172.829941,1305.077026,-293.411041,-107.845146,1358.586914,-247.533249,-120.348022,1270.513672,-318.476013,158.82515,1309.838135,217.395493,133.668457,1411.682251,83.095444,221.131332,1280.858398,-1.897393,176.144424,1230.513916,-143.875793,100.687561,1253.135986,-396.563477,157.191254,1328.073975,-390.065125,106.243484,1251.311768,-474.840118,-149.091461,1048.929443,16.57402,-135.499634,1053.609985,215.21788,136.785324,1061.599731,201.154404,122.129211,1059.10498,-10.297995
1.475,39.977604,1653.541992,208.616119,29.023207,1663.717896,100.671738,113.989906,1596.6521,155.992828,20.73596,1410.441772,225.197388,-40.412701,1240.406006,267.500824,75.706764,1234.713379,255.05545,12.726748,1308.928589,0.979855,-139.318359,1326.133057,240.894699,-123.169937,1425.204834,109.160866,-267.736664,1290.828369,47.995697,-312.468475,1278.034058,-71.099243,-168.472122,1313.457275,-290.819702,-108.482628,1370.750366,-242.918823,-112.288315,1281.831909,-313.513428,158.974564,1312.142456,215.94429,133.8815,1413.638672,81.462433,221.612289,1282.496948,-2.524739,177.069824,1232.582764,-145.192474,102.221413,1255.729614,-398.173218,158.465881,1330.808472,-391.234375,108.07222,1254.017334,-476.19635,-148.716217,1050.398071,16.873758,-135.143967,1056.424072,215.279266,137.003189,1064.155762,200.964432,122.354385,1060.581055,-10.235773
1.483,40.069389,1655.031372,209.579697,29.313564,1665.545288,101.511444,114.267525,1598.255981,156.77829,21.042974,1412.951416,223.233383,-40.285839,1243.121948,266.324585,75.777832,1237.361816,254.005371,13.115613,1310.869019,-0.662137,-139.201599,1328.6604,239.268753,-122.797348,1427.28894,107.224258,-267.805328,1292.876465,46.516651,-312.207886,1279.280151,-72.943352,-164.193222,1321.781372,-288.244019,-109.682213,1382.714111,-238.854416,-104.391075,1293.520996,-308.789337,159.089264,1314.507935,214.570755,134.059891,1415.524536,79.710602,222.285736,1284.411865,-3.909568,178.224121,1234.594482,-146.667694,103.983948,1258.296875,-399.572662,159.738312,1333.457642,-392.386749,109.727936,1256.639038,-477.821075,-148.375305,1051.752808,16.990746,-134.769623,1059.137817,215.324066,137.207626,1066.708862,200.863617,122.423523,1061.925049,-10.161429
1.492,40.198635,1656.235352,210.635223,29.484406,1666.955322,102.606827,114.470497,1599.67395,157.727875,20.895731,1415.629517,221.896759,-40.279736,1245.848511,265.125824,75.824768,1240.029663,253.040527,13.46904,1312.43396,-2.137836,-139.244751,1331.114258,237.431091,-122.454666,1429.146362,105.233696,-267.750336,1295.026123,44.707405,-311.662018,1280.683594,-75.152985,-160.037354,1330.068726,-285.927673,-111.067818,1394.415161,-235.230179,-96.972069,1305.693604,-304.193481,159.197372,1316.747925,213.163208,134.220932,1417.362549,77.955086,223.003052,1286.549805,-5.114619,179.239578,1236.365601,-147.883713,105.538498,1260.409058,-400.962616,160.955902,1336.02832,-393.546722,111.418259,1259.325073,-479.252136,-147.942017,1053.170654,17.03772,-134.451309,1061.73645,215.292511,137.474854,1069.260986,200.79007,122.548683,1063.243652,-10.095572
1.5,40.322788,1657.357178,211.546524,29.777082,1668.604736,103.350304,114.684471,1600.968994,158.422516,20.745333,1417.82666,220.626373,-40.406845,1248.315796,263.885071,75.830086,1242.52478,252.037369,13.962171,1313.961792,-3.817096,-139.239716,1333.503052,235.714951,-122.042732,1431.080933,103.269958,-267.406464,1297.038086,42.646,-310.775604,1281.823608,-77.570358,-155.960327,1338.299561,-283.964935,-113.108368,1405.819458,-232.087585,-89.868088,1318.178833,-299.899261,159.26355,1318.87561,211.704483,134.343964,1418.932983,76.398613,224.078018,1288.717041,-6.752717,180.476822,1238.072632,-149.388077,107.036865,1262.573364,-402.410126,162.135757,1338.49292,-394.600311,112.966476,1261.94751,-480.67688,-147.626648,1054.315552,17.298393,-134.233536,1064.348877,215.255615,137.634048,1071.608154,200.706757,122.487434,1064.363647,-9.965386
1.508,40.462223,1658.386353,212.502029,29.99275,1669.702393,104.490433,114.890839,1602.096802,159.284546,20.688553,1419.470459,219.258316,-40.527122,1250.724243,262.655334,75.765739,1244.734375,251.094818,14.112871,1315.548828,-5.248735,-139.374481,1335.804321,233.830322,-121.651016,1432.856934,101.146393,-266.928131,1298.815674,40.382404,-309.569244,1282.964966,-80.3284,-152.020737,1346.550049,-282.034912,-115.253563,1416.791626,-229.65274,-83.436378,1331.031616,-295.925568,159.104263,1320.775635,210.494904,134.487747,1420.539185,74.895195,224.474945,1290.242676,-7.495688,181.264328,1239.891235,-150.539291,108.588867,1264.668579,-403.759369,163.421936,1340.772827,-395.650085,114.562424,1264.410645,-482.150696,-147.234085,1055.424683,17.277674,-134.143341,1066.822021,215.196289,137.70137,1073.837158,200.690186,122.493347,1065.321899,-9.851555
1.517,40.684185,1659.116333,213.470581,30.157875,1670.741943,105.581131,115.10659,1602.882812,160.041351,20.157227,1421.027832,217.953506,-40.898407,1253.116699,261.494446,75.563019,1246.875366,250.051941,14.579267,1316.76001,-6.65808,-139.66597,1337.992554,232.157166,-121.264252,1434.429077,99.308098,-266.012024,1300.361206,37.908707,-307.808228,1283.835083,-83.26104,-148.418137,1354.998169,-280.560852,-117.631966,1427.350342,-227.604218,-77.587448,1344.150879,-292.469208,158.991272,1322.677856,209.283356,134.476227,1421.949951,73.339912,224.896484,1291.63208,-8.447927,182.153961,1241.411377,-151.702805,110.047081,1266.71582,-405.094879,164.625107,1342.897827,-396.654449,115.968102,1266.833008,-483.382935,-146.973953,1056.326294,17.312719,-134.037338,1069.135376,215.02269,137.784271,1076.010132,200.732651,122.615753,1066.365601,-10.404806
1.525,40.87711,1659.587158,214.356339,30.405775,1671.961792,106.29953,115.324051,1603.744385,160.70665,20.435619,1421.912964,215.863541,-41.196804,1255.285767,260.381927,75.289314,1248.925903,249.160507,14.903648,1317.956909,-8.161617,-139.959488,1339.93103,230.379669,-120.990967,1435.943237,97.373726,-265.068573,1301.845947,35.070633,-305.795593,1284.58667,-86.410561,-145.127441,1363.419922,-279.600464,-120.094902,1437.274536,-226.117126,-72.451111,1357.374512,-289.361938,158.927902,1324.436279,208.17038,134.571503,1423.282227,71.962852,225.346359,1293.358154,-9.549728,183.116089,1242.836304,-152.792908,111.3172,1268.756714,-406.504639,165.826324,1344.881714,-397.711121,117.259262,1268.772461,-484.428925,-146.65712,1057.039551,17.336353,-134.061478,1071.136597,214.874847,137.705551,1078.022827,200.850525,122.605438,1067.196655,-10.131949
1.533,41.167339,1659.974365,215.275101,30.541412,1672.661987,107.381989,115.54493,1604.420288,161.286163,19.856951,1423.256958,214.687515,-41.486359,1257.234741,259.369873,74.984146,1250.804932,248.440125,15.207593,1319.070068,-9.565695,-140.412384,1341.803955,228.598969,-120.518524,1437.422729,95.253006,-263.807312,1302.788818,32.216358,-303.349365,1285.201294,-89.671906,-142.159088,1371.611206,-279.025146,-122.864609,1446.64856,-225.241562,-68.332184,1370.410156,-286.66452,158.745804,1325.942871,207.109467,134.647614,1424.444702,70.633781,225.81694,1294.565796,-10.433889,184.147324,1244.175903,-153.855789,112.629562,1270.489136,-407.701202,166.966461,1346.723145,-398.562256,118.459496,1271.376831,-486.270996,-146.402039,1057.584106,17.305187,-134.044464,1073.060425,214.697784,137.62001,1079.828735,201.00174,122.595848,1067.763916,-10.033669
1.542,41.677658,1660.313599,216.350311,30.884121,1673.440796,108.518433,115.760132,1604.976929,161.902863,19.485996,1424.532837,213.357254,-42.00761,1259.043213,258.376526,74.640816,1252.546143,247.651138,15.478429,1319.831665,-10.93058,-140.833466,1343.562012,226.964111,-119.92202,1438.592041,93.745766,-262.099915,1303.655518,28.990179,-300.492371,1285.729126,-93.298286,-139.689453,1379.662109,-279.168365,-125.877632,1455.500122,-224.893097,-65.175262,1382.653076,-284.024292,158.666763,1327.459717,206.096191,134.622284,1425.456421,69.403587,226.037323,1295.964111,-11.347339,185.139969,1245.255371,-154.853073,113.951042,1272.027344,-408.759796,168.122787,1348.384399,-399.429016,119.690971,1273.372803,-487.160431,-146.169891,1057.900391,17.298681,-134.190903,1074.765869,214.523315,137.468231,1081.491699,201.221008,122.523415,1068.202637,-9.906676
1.55,42.084183,1660.520508,217.281479,31.23377,1674.077637,109.711914,116.004379,1605.419678,162.588272,19.016598,1425.855469,212.093231,-42.644241,1260.765259,257.36911,74.218002,1254.061157,246.924698,15.82589,1320.768921,-12.293697,-141.492264,1344.981201,225.381577,-119.559105,1439.360352,91.930244,-260.111938,1304.296631,25.713678,-297.083099,1285.9198,-96.877197,-137.552048,1387.440796,-279.680695,-129.517609,1464.165283,-225.18634,-62.55444,1395.314697,-283.208069,158.263535,1328.641724,205.213898,134.55899,1426.314331,68.192345,226.221527,1296.975464,-12.075864,185.999191,1246.331543,-155.825317,115.181625,1273.404785,-409.817017,169.162308,1349.947632,-400.206818,120.958153,1274.990967,-488.26178,-145.930664,1058.058716,17.264147,-134.355545,1076.280396,214.372665,137.33992,1082.975342,201.388855,122.461685,1068.496826,-9.735567
1.558,42.475994,1660.604858,218.205978,31.317125,1674.803589,111.14257,116.301819,1605.728638,163.19751,18.65892,1427.08374,210.876083,-43.159794,1262.268677,256.571198,73.801437,1255.453491,246.393326,16.148653,1321.340088,-13.42589,-142.167282,1346.439697,223.781128,-119.296722,1440.216797,90.169304,-258.238373,1304.907593,22.456776,-293.43631,1286.191772,-100.628395,-135.784454,1394.935669,-280.917389,-133.000702,1472.254517,-227.330856,-60.41922,1407.779785,-284.039246,157.878311,1329.747925,204.523895,134.558884,1427.074219,67.115509,226.368988,1297.716431,-12.620377,186.825226,1247.266235,-156.611221,116.481888,1274.606689,-410.717896,170.069641,1351.292847,-400.953094,122.318436,1276.247559,-489.293915,-145.747025,1058.013184,17.274784,-134.709579,1077.645264,214.239609,137.130569,1084.352539,201.639496,122.400459,1068.678345,-9.567127
1.567,42.859806,1660.634155,219.128311,31.524033,1675.433472,112.196999,116.69281,1606.025024,163.769196,18.772642,1428.082397,209.991531,-43.675323,1263.555908,255.762405,73.245827,1256.64502,245.893082,16.423979,1321.728882,-14.36502,-142.780258,1347.491943,222.328491,-119.114693,1441.143921,88.747505,-256.356995,1304.835327,20.041689,-289.367462,1286.126587,-104.384369,-134.397659,1402.199219,-282.574249,-136.938492,1479.745483,-229.348053,-59.224079,1419.439087,-284.863373,157.567505,1330.850952,203.730499,134.489578,1427.653442,66.16362,226.523834,1298.433594,-13.268736,187.752853,1247.927246,-157.457077,117.572174,1275.609131,-411.596466,170.84317,1352.517334,-401.64212,123.48835,1277.560425,-489.994568,-145.603561,1057.786377,17.298651,-135.08107,1078.820068,214.009277,136.938354,1085.501831,201.836823,122.314888,1068.723633,-9.376759
1.575,43.315926,1660.62439,220.039597,31.767521,1675.928101,112.971748,117.002892,1606.290527,164.294495,18.778095,1428.848877,209.284927,-44.403488,1264.771973,255.051468,72.774132,1257.72583,245.378067,16.76086,1322.03479,-15.272149,-143.47226,1348.521729,220.890411,-118.765572,1441.464966,87.265503,-253.276947,1304.907837,15.327962,-285.237946,1286.192505,-108.329094,-133.405457,1409.018799,-284.769043,-140.520233,1486.631592,-232.36026,-58.945179,1430.677979,-286.04187,157.220169,1331.627197,203.291718,134.533905,1428.189575,65.2799,226.560089,1298.885498,-13.599718,188.499847,1248.520752,-158.111847,118.654457,1276.37561,-412.368378,171.756851,1353.48584,-402.199493,124.73362,1278.445312,-490.709167,-145.485733,1057.418457,17.396193,-135.540802,1079.849731,213.942612,136.640289,1086.59436,202.102341,122.239128,1068.694092,-9.207133
1.583,44.009598,1660.627319,221.061386,32.008736,1676.464233,113.740677,117.355362,1606.510132,164.665298,19.184071,1430.106323,208.514023,-45.164196,1265.756592,254.391663,72.194778,1258.633423,245.043365,17.056189,1322.201416,-15.986105,-144.275665,1349.378662,219.48735,-118.557968,1442.008423,85.879692,-250.789917,1304.713867,12.021113,-280.740906,1286.049072,-112.131699,-132.681366,1415.314941,-287.47345,-144.024078,1492.891113,-236.155045,-59.297916,1441.192627,-287.743073,156.878174,1332.273804,202.863861,134.506866,1428.519897,64.56134,226.885147,1299.299683,-13.962242,189.063568,1248.904907,-158.671707,119.679901,1277.060425,-412.937408,172.520798,1354.184326,-402.633789,125.773293,1279.257324,-491.320496,-145.394913,1056.899658,17.532181,-135.893387,1080.616089,213.86969,136.305527,1087.595093,202.423218,122.136536,1068.501099,-8.951663
1.592,44.483105,1660.571777,221.942398,32.219418,1676.823853,114.704376,117.707375,1606.72168,165.031113,19.035542,1430.703735,208.028046,-45.711407,1266.624268,253.896683,71.633797,1259.308594,244.903702,17.401907,1322.286987,-16.55418,-145.061859,1350.06311,218.137939,-118.365593,1442.333496,84.465385,-248.095215,1304.229736,8.722433,-276.02829,1285.759033,-115.897987,-132.424744,1421.222046,-290.702881,-147.833054,1498.553101,-240.198334,-60.250866,1451.155396,-290.55835,156.52182,1332.857178,202.504486,134.545807,1428.804077,63.953773,227.102448,1299.559448,-14.22428,189.530701,1249.124512,-159.067841,120.51001,1277.576538,-413.435944,173.251221,1354.715454,-402.951813,126.686348,1279.880127,-491.739807,-145.34523,1056.328003,17.744255,-136.210602,1081.312988,213.889786,136.140091,1088.366943,202.631561,122.016609,1068.260742,-8.745642
1.6,44.908943,1660.457886,222.682938,32.39539,1677.183472,115.591446,118.067299,1606.896851,165.280258,18.656879,1431.292114,207.542999,-46.446522,1267.44812,253.479568,71.03495,1259.990479,244.848999,17.774046,1322.277344,-16.963289,-145.836639,1350.700439,216.99588,-118.314278,1442.668457,83.121811,-245.66301,1303.758545,5.46721,-271.146454,1285.606812,-119.616699,-132.386703,1426.315796,-294.537628,-151.720459,1503.462402,-244.481491,-61.802402,1460.207275,-294.257935,155.8992,1333.356445,202.083054,134.593719,1429.041382,63.470604,227.265823,1299.654785,-14.280721,190.013962,1249.274414,-159.369766,121.384834,1277.830688,-413.672272,174.097672,1355.04187,-403.020935,127.578957,1280.308838,-492.050781,-145.33107,1055.761108,17.85578,-136.556946,1081.959717,213.97876,135.859207,1089.16272,202.944794,121.623787,1067.763794,-7.346786
1.608,45.416962,1660.341919,223.322815,32.574379,1677.469116,116.405182,118.502518,1607.047241,165.358643,18.27854,1431.805908,207.205704,-47.364998,1268.155518,253.072174,70.407448,1260.488525,244.759186,18.10388,1322.108398,-17.178017,-146.733185,1351.296021,215.748199,-118.432289,1443.019409,82.044121,-242.736237,1303.387451,2.240209,-266.263184,1285.291626,-123.18721,-132.79097,1430.901489,-298.82962,-155.543793,1507.432983,-249.221817,-63.573135,1468.500977,-299.007263,155.308594,1333.775146,201.985336,134.685623,1429.23938,63.108452,227.425797,1299.708496,-14.16118,190.471954,1249.288574,-159.44577,121.948555,1278.01062,-413.790649,174.713852,1355.224365,-403.033569,128.327225,1280.566162,-492.166321,-145.393997,1055.086548,18.110725,-136.973297,1082.550781,214.095657,135.670395,1089.764648,203.234238,121.521744,1067.533325,-7.081111
1.617,46.202862,1660.226685,223.823654,32.747154,1677.702759,117.027252,118.881615,1607.119141,165.349716,17.902342,1432.146729,206.912018,-48.14687,1268.701904,252.82431,69.796806,1260.968262,244.772934,18.370417,1321.914795,-17.318577,-147.683975,1351.790527,214.570511,-118.334724,1443.020874,81.073685,-239.881027,1302.568604,-0.696426,-261.257812,1285.054077,-126.544464,-133.397751,1434.799438,-303.570984,-159.207611,1510.819214,-254.703674,-65.841972,1475.845825,-304.635498,154.874268,1334.107666,202.11734,134.736053,1429.319336,62.986099,227.418823,1299.600708,-13.826781,190.918762,1249.159058,-159.25737,122.469162,1277.955078,-413.790344,175.26152,1355.163452,-402.911407,128.991745,1280.59021,-492.104523,-145.412338,1054.42749,18.361185,-137.24054,1082.944946,214.313797,135.464569,1090.326172,203.5392,121.41996,1067.30481,-6.795625
1.625,47.130436,1660.211548,224.18367,33.032471,1677.905029,117.488152,119.379433,1607.167725,165.266632,17.474016,1432.473145,206.717499,-48.94619,1269.227783,252.727448,69.096184,1261.362793,244.914307,18.748249,1321.630737,-17.225998,-148.579529,1352.156738,213.64473,-118.299072,1442.980225,79.89167,-237.240341,1302.117065,-3.681217,-256.205963,1285.030273,-129.787476,-134.203537,1437.772949,-308.840027,-163.332291,1513.733398,-260.529572,-68.323891,1482.047607,-310.757416,154.389221,1334.393921,202.477402,134.783081,1429.321167,63.041187,227.525421,1299.503174,-13.371018,191.149765,1248.954834,-158.954773,122.91124,1277.750244,-413.602448,175.782425,1354.848633,-402.607635,129.649414,1280.307983,-491.83197,-145.491486,1053.858276,18.745178,-137.439194,1083.298096,214.61467,135.311966,1090.845093,203.893417,121.354515,1067.139893,-6.540782
1.633,47.794945,1660.258911,224.355911,33.495689,1678.06665,117.874039,119.850975,1607.174805,165.130844,16.9118,1432.766113,206.689178,-49.836472,1269.65979,252.671326,68.355637,1261.716431,245.301727,19.081844,1321.286987,-17.016056,-149.526596,1352.480957,212.599136,-118.263657,1443.013672,78.900452,-234.695145,1301.738159,-6.319574,-251.327957,1284.913696,-132.764481,-135.106476,1439.935181,-314.442444,-167.049393,1515.168091,-269.374207,-71.18869,1487.179077,-317.719818,153.890884,1334.552612,202.975677,134.864807,1429.28894,63.274166,227.61145,1299.350586,-12.75918,192.707916,1248.570679,-158.670776,123.338326,1277.344971,-413.154358,176.280075,1354.309448,-402.114502,130.22229,1279.753296,-491.431458,-145.538391,1053.333618,19.140642,-137.646301,1083.557373,215.014008,135.174469,1091.240112,204.240036,121.276833,1066.999756,-6.239646
1.642,48.415062,1660.35022,224.406494,33.894081,1678.244995,118.055588,120.279678,1607.177246,164.963348,16.500412,1432.99585,206.781982,-50.930664,1270.032349,252.652771,67.498177,1261.91394,245.688766,19.368328,1321.026001,-16.756813,-150.397293,1352.754517,211.612167,-118.420753,1443.021362,78.235313,-232.318893,1301.412964,-8.753682,-246.551941,1285.058716,-135.369461,-136.080856,1441.072876,-320.468414,-170.941803,1516.39978,-277.036072,-73.936584,1491.239502,-325.55127,153.388214,1334.620361,203.517334,134.863586,1429.117554,63.745022,227.63266,1299.084473,-11.934403,191.834335,1248.220459,-157.755798,123.721588,1276.717773,-412.479095,176.812576,1353.600952,-401.526093,130.69017,1279.031006,-490.73764,-145.552551,1052.918091,19.506901,-137.849258,1083.746338,215.481995,134.995483,1091.578613,204.669907,121.201202,1066.947998,-5.978246
1.65,49.116592,1660.526001,224.38501,34.316811,1678.352661,118.041687,120.782021,1607.209229,164.763016,14.640366,1432.968872,207.260056,-51.719814,1270.319214,252.863647,66.775162,1262.049683,246.247787,19.551725,1320.816284,-16.452633,-151.183517,1352.961792,210.968018,-118.450775,1443.105835,77.748657,-230.321335,1301.193115,-10.791842,-242.027588,1285.377197,-137.911133,-137.075241,1441.252563,-326.730225,-175.068039,1516.073242,-284.840515,-77.170647,1494.071289,-334.018372,152.771622,1334.651245,204.389038,134.908554,1428.978394,64.434082,227.622665,1298.720947,-10.892289,192.452332,1247.468384,-156.797501,123.932159,1275.848755,-411.668518,177.360596,1352.609863,-400.736969,131.04248,1278.038574,-489.987701,-145.589127,1052.6698,19.939587,-138.009003,1083.870728,215.95372,134.840454,1091.83606,205.190369,121.135345,1066.96582,-5.678173
1.658,50.094673,1660.697876,224.290482,34.734264,1678.527588,117.831322,121.238884,1607.269531,164.45079,13.841665,1433.13269,207.744843,-52.578571,1270.463745,253.139816,66.00013,1262.066895,246.845276,19.76561,1320.657837,-16.062147,-152.026123,1353.152344,210.265793,-118.320396,1443.148682,77.272003,-228.756027,1301.092163,-12.382109,-237.651215,1285.570801,-139.84375,-138.155426,1440.439087,-333.21402,-178.741364,1514.958618,-293.365021,-80.751099,1495.718994,-343.002686,151.999176,1334.623413,205.23291,134.903397,1428.789185,65.190155,227.584167,1298.250854,-9.720158,191.731644,1246.864014,-155.581772,124.070724,1274.972046,-410.67453,177.820175,1351.424561,-399.744934,131.293671,1276.946289,-489.016846,-145.62561,1052.46875,20.539557,-138.126923,1083.911621,216.48999,134.746902,1091.952271,205.712433,121.037079,1067.070679,-5.293473
1.667,50.814068,1661.133179,223.931091,35.080418,1678.562622,117.494774,121.760139,1607.213867,164.135529,12.448731,1434.06665,210.232162,-53.738571,1270.603882,253.416092,65.08741,1261.882202,247.655243,20.016764,1320.5448,-15.536679,-152.78215,1353.372314,209.887512,-117.939606,1443.102173,77.094757,-227.453857,1301.107788,-13.71081,-233.328033,1285.963989,-141.695618,-139.466415,1438.697998,-339.765625,-182.365875,1512.897827,-302.252747,-84.315498,1496.166138,-352.64444,151.356522,1334.331909,206.34317,134.904678,1428.585571,66.093948,227.626831,1297.754395,-8.449778,191.731155,1245.99353,-154.16745,124.190178,1273.74585,-409.397156,178.129013,1350.116455,-398.709991,131.469406,1275.601074,-487.78363,-145.628723,1052.457397,21.015478,-138.260864,1083.83667,217.042755,134.597656,1091.974487,206.256195,120.951073,1067.308105,-4.89836
1.675,51.301746,1661.447144,223.511459,35.517162,1678.512817,117.002617,122.188553,1607.144287,163.775986,12.707216,1433.791138,210.121826,-54.575302,1270.68811,253.797058,64.336075,1261.751221,248.547348,20.248222,1320.442505,-14.952035,-153.450302,1353.354004,209.078384,-117.780357,1443.123169,77.215157,-225.559265,1301.396484,-15.481086,-229.428421,1286.30249,-142.890182,-140.622131,1435.779297,-346.327911,-185.781937,1509.69458,-311.065491,-88.043777,1495.198853,-362.944519,150.831299,1334.105713,207.579239,134.856354,1428.218018,67.225899,227.608582,1297.13501,-6.934383,191.369202,1245.0625,-152.628372,124.236748,1272.325806,-408.063965,178.454239,1348.562622,-397.440308,131.549454,1274.05835,-486.384186,-145.597595,1052.511597,21.539097,-138.339005,1083.730957,217.544373,134.442444,1091.838257,206.813248,120.88826,1067.607178,-4.513755
1.683,51.721375,1661.753418,223.05629,35.869766,1678.505493,116.500153,122.415962,1607.230835,163.426025,13.298459,1433.046875,209.909805,-55.321507,1270.599854,254.412598,63.572353,1261.516479,249.444946,20.541265,1320.379639,-14.254122,-154.063095,1353.517944,209.338226,-117.548897,1443.205688,77.663452,-224.450821,1301.799805,-16.416426,-225.712646,1286.557129,-143.68457,-141.757431,1431.651733,-352.774933,-188.875854,1505.416992,-319.696808,-91.919487,1492.848267,-373.567322,150.374557,1333.8302,208.811249,134.873199,1427.831299,68.466423,227.594025,1296.448486,-5.418289,191.173859,1244.03064,-150.946747,124.168701,1270.872559,-406.558502,178.636383,1346.887573,-396.125305,131.618347,1272.286621,-484.804626,-145.580856,1052.63269,22.026955,-138.375717,1083.501343,218.077347,134.274765,1091.568115,207.453262,120.851616,1067.925537,-4.061059
1.692,52.079182,1662.112305,222.60498,36.187531,1678.505127,115.96534,122.713799,1607.31543,163.119217,12.890199,1432.87915,210.869324,-56.159271,1270.342773,255.125549,62.686981,1261.074707,250.437195,20.864941,1320.384033,-13.496507,-154.518188,1353.546753,209.421631,-117.29747,1443.345703,78.06398,-223.499802,1302.159912,-17.136068,-222.524384,1286.937988,-144.302734,-142.858032,1426.494263,-358.908539,-191.626648,1500.197021,-327.91275,-95.790764,1488.805786,-384.927399,149.822159,1333.379028,210.236252,134.973099,1427.333374,69.918083,227.423111,1295.562134,-3.742189,190.668716,1242.921753,-149.072159,124.133286,1269.238525,-404.903503,179.004837,1344.985962,-394.619415,131.645081,1270.304688,-483.112854,-145.584549,1052.777466,22.477184,-138.365662,1083.111084,218.660553,134.137634,1091.24646,208.030563,120.851219,1068.34668,-3.604401
1.7,52.439327,1662.561401,222.020355,36.518173,1678.511841,115.274033,122.958702,1607.41333,162.820816,11.959296,1432.846313,212.554092,-57.109131,1270.051514,255.730362,61.97971,1260.595947,251.473694,21.342327,1320.432373,-12.657834,-155.011353,1353.479736,209.678055,-117.043579,1443.606934,78.851028,-221.899628,1302.449341,-17.535727,-219.456894,1287.420532,-144.347443,-143.864441,1420.220337,-364.53418,-193.871185,1493.886475,-335.675201,-99.871887,1483.222412,-396.318481,149.301376,1332.810303,211.885208,135.066376,1426.854004,71.378044,227.419189,1294.689087,-1.786388,189.543777,1241.697388,-146.903046,124.058022,1267.334839,-403.089325,179.238007,1342.919678,-393.103668,131.650925,1268.133423,-481.313293,-145.610016,1052.884399,23.017159,-138.431854,1082.662109,219.129242,133.97316,1090.803955,208.688278,120.79657,1068.884399,-3.105758
1.708,52.771034,1663.082153,221.561905,36.760712,1678.432617,114.6875,123.165886,1607.45874,162.46402,11.630977,1432.730957,213.876099,-57.887352,1269.621582,256.645233,61.117989,1259.811768,252.69928,21.834448,1320.495117,-11.695177,-155.409943,1353.292236,210.169739,-116.881531,1443.945435,79.866524,-220.756927,1302.666504,-17.622295,-216.85318,1287.489014,-144.019348,-144.709763,1413.05249,-369.666962,-195.601456,1486.780151,-342.882263,-103.794441,1475.951294,-407.563232,148.725479,1332.110474,213.497177,135.217056,1426.296875,72.914742,227.328842,1293.652466,0.079196,189.142868,1240.294434,-144.761139,123.939934,1265.32959,-401.164368,179.511826,1340.71814,-391.350342,131.651718,1265.765869,-479.336365,-145.628906,1052.938843,23.510958,-138.480042,1082.113647,219.465286,133.725433,1090.185547,209.414917,120.854691,1069.447021,-2.611239
1.717,53.180614,1663.57959,221.037537,36.970226,1678.338379,114.18396,123.425293,1607.484497,162.188217,12.510109,1431.512207,213.463776,-58.553391,1269.099731,257.464569,60.414478,1259.156738,253.921951,22.410368,1320.541016,-10.600242,-155.852325,1353.116333,210.597244,-116.670769,1444.242188,80.947403,-219.888596,1302.879883,-17.322411,-214.484589,1287.454956,-143.338577,-145.439957,1404.827148,-374.20816,-196.967346,1478.848267,-349.419159,-107.756668,1466.922607,-418.388306,148.188232,1331.343506,215.22403,135.539856,1425.590698,74.812737,227.210388,1292.531494,2.029652,188.61441,1238.819824,-142.633286,123.846481,1263.165894,-399.030701,179.66391,1338.319458,-389.581146,131.588959,1263.267456,-477.182709,-145.610184,1052.985718,23.906851,-138.523163,1081.501587,219.751678,133.618042,1089.636963,210.126709,121.049225,1070.035156,-2.095557
1.725,53.453438,1663.87793,220.517517,37.172432,1678.136841,113.693451,123.638687,1607.444336,161.902359,12.181224,1430.785889,214.783859,-59.195995,1268.346313,258.633942,59.740936,1258.237427,255.152588,22.96076,1320.521118,-9.390666,-156.191971,1352.8125,211.356339,-116.657433,1444.553711,82.318481,-219.058105,1302.943726,-16.837633,-212.367096,1287.183838,-142.230865,-146.056747,1395.671753,-377.980347,-198.066299,1470.007202,-355.419189,-112.006912,1455.579956,-428.57901,147.787247,1330.390015,216.97287,135.728287,1424.855225,76.646858,227.104645,1291.237915,4.211258,188.346039,1237.271973,-140.363174,123.69574,1260.869629,-396.859833,179.912247,1335.709717,-387.646851,131.438507,1260.588257,-474.952087,-145.594864,1052.950195,24.252266,-138.627075,1080.681396,220.14769,133.455414,1088.787109,210.867859,121.224586,1070.447632,-1.594927
1.733,53.651409,1664.012085,220.021912,37.467339,1677.795898,113.411911,123.815811,1607.32605,161.630463,11.613888,1430.720947,217.749069,-59.863464,1267.573608,259.758972,58.982914,1257.115723,256.643616,23.606964,1320.496216,-8.055057,-156.545303,1352.429199,212.296265,-116.61618,1444.685913,83.685974,-218.237518,1302.825928,-16.037109,-210.319611,1286.576904,-140.844681,-146.922745,1385.663574,-381.168274,-198.925125,1460.59729,-360.954956,-116.147995,1442.469727,-437.955872,147.307037,1329.327393,218.905457,135.98822,1424.088745,78.620956,226.891281,1289.829102,6.291347,187.782043,1235.529785,-137.877197,123.486053,1258.486206,-394.533539,180.13884,1332.963501,-385.575195,131.327499,1257.72644,-472.588562,-145.569199,1052.860962,24.532906,-138.658554,1079.77063,220.679108,133.261612,1087.805908,211.584213,121.438171,1070.917969,-1.048295
1.742,53.829754,1664.053223,219.518616,37.599167,1677.433105,112.978706,123.955948,1607.093262,161.34343,11.25035,1430.162109,219.822784,-60.583126,1266.626831,260.900024,58.479507,1256.001831,258.112701,24.301615,1320.385986,-6.626158,-156.825699,1351.799438,213.401108,-116.67514,1444.619141,85.210052,-217.513138,1302.559448,-14.965432,-208.523849,1285.833496,-139.172226,-147.633286,1374.656372,-383.816772,-199.678375,1450.375977,-365.853363,-120.926598,1427.426636,-445.822205,146.900894,1328.093018,220.930161,136.315353,1423.111206,80.723412,226.81192,1288.395508,8.619129,187.255463,1233.783325,-135.491196,123.237877,1255.958008,-392.109131,180.303391,1330.129761,-383.524261,131.209732,1254.701904,-470.0755,-145.568375,1052.696289,24.760839,-138.793732,1078.814087,220.909897,133.104996,1086.839355,212.273804,121.747261,1071.414307,-0.536638
1.75,54.006313,1663.966431,219.047867,37.765152,1676.888672,112.520073,124.131104,1606.733887,161.091644,11.000542,1429.253662,221.743073,-61.225471,1265.408447,262.255981,57.811737,1254.588257,259.70929,24.944113,1320.261841,-5.161277,-157.028809,1351.070679,214.788651,-116.762177,1444.457275,86.670097,-216.83934,1302.002319,-13.596656,-206.654587,1284.714233,-137.197311,-148.291611,1363.058838,-385.628479,-200.467224,1439.504517,-370.331451,-124.745163,1411.111206,-452.785187,146.533173,1326.806641,223.141129,136.860336,1422.100708,83.027466,226.665497,1287.013062,11.056187,187.873825,1231.779419,-132.880447,122.861748,1253.540894,-389.701935,180.385681,1327.177246,-380.950043,131.03862,1251.476685,-467.465546,-145.565994,1052.450439,24.969709,-138.977341,1077.575317,221.247925,132.900177,1085.708984,212.981873,122.009521,1071.812134,-0.094971
1.758,54.246506,1663.700684,218.484894,37.945183,1676.288452,112.136139,124.240875,1606.131836,160.879456,10.883817,1428.2854,223.726974,-61.78783,1264.126343,263.743774,57.170444,1252.998779,261.290863,25.696888,1319.992676,-3.47473,-157.335846,1350.200439,216.223999,-116.932678,1444.089233,88.259895,-216.079086,1301.063354,-12.103559,-205.130844,1283.479004,-134.884048,-149.207886,1350.873169,-386.804749,-200.97113,1428.15918,-374.196045,-128.951965,1393.404541,-458.1539,146.136642,1325.309814,225.290771,137.179962,1421.01709,85.420563,226.484406,1285.231323,13.432045,186.862213,1229.805542,-130.045135,122.483215,1250.50647,-387.129425,180.47612,1324.068115,-378.577454,130.88945,1248.179199,-464.67627,-145.547607,1052.157593,25.079275,-139.014694,1076.211426,221.566742,132.712372,1084.472778,213.672348,122.270325,1072.066528,0.375071
1.767,54.530506,1663.351074,218.047409,38.061291,1674.998169,110.926109,124.373207,1605.442871,160.680283,10.676317,1427.171387,225.833221,-62.351765,1262.608887,265.302582,56.665108,1251.410156,262.829163,26.24736,1319.714966,-1.764078,-157.693268,1349.045898,217.830353,-117.206139,1443.401855,89.814766,-215.239441,1299.643188,-10.38502,-203.667755,1281.809082,-132.633163,-150.248764,1337.972046,-387.05484,-200.968658,1416.30127,-377.48996,-132.646164,1374.514038,-462.031433,145.812363,1323.792847,227.6707,137.473145,1419.86377,88.007545,226.500031,1283.482788,16.164165,186.696167,1227.599365,-127.095207,122.154961,1247.169556,-384.987305,180.605255,1320.831543,-376.070312,130.611603,1244.808228,-461.738708,-145.526535,1051.771729,25.17425,-139.325623,1074.721313,221.821945,132.521652,1083.180542,214.396484,122.563461,1072.247803,0.737765
1.775,54.694256,1662.679932,217.632492,38.125248,1674.030762,110.215103,124.587158,1604.647949,160.41069,10.364406,1426.053955,228.120834,-62.841213,1260.895142,266.969513,56.106094,1249.552734,264.685364,26.866686,1319.416016,-0.149548,-157.861771,1347.861572,219.612885,-117.50248,1442.38269,91.59996,-214.546982,1297.94812,-8.548292,-202.405258,1279.336304,-129.912933,-151.409256,1324.594971,-386.55484,-201.140961,1404.232666,-379.778534,-136.143967,1355.148804,-464.144379,145.507187,1322.048584,230.184464,137.841507,1418.585815,90.67308,226.305603,1281.624878,18.890694,185.323868,1225.709351,-124.027306,121.750931,1244.252441,-382.81546,180.754379,1317.494629,-373.41748,130.46933,1241.285034,-458.765625,-145.531082,1051.293579,25.21187,-139.43988,1072.951172,222.009583,132.355316,1081.672485,215.0336,122.899773,1072.386719,1.12816
1.783,54.951,1661.929565,217.136398,38.173412,1672.71875,109.973999,124.780411,1603.649048,160.081146,10.154881,1424.691772,230.183914,-63.322536,1259.077759,268.631409,55.581657,1247.570068,266.392822,27.321569,1319.054321,1.600205,-158.221527,1346.30957,221.299271,-117.868675,1441.274658,93.276459,-213.921875,1295.919678,-6.559299,-201.96077,1276.444824,-127.249435,-153.24913,1310.78479,-385.092957,-201.950043,1391.557007,-381.928009,-139.398682,1335.603882,-464.588074,145.136307,1320.151733,232.69339,138.11026,1417.217773,93.434975,226.259415,1279.645874,21.737774,184.681885,1223.498413,-120.872253,121.976318,1240.87915,-377.704681,181.047943,1314.009888,-370.673218,130.344742,1237.642456,-455.957855,-145.745377,1050.904297,25.1723,-139.720398,1071.116455,222.177933,132.24614,1080.135254,215.733582,123.215027,1072.488647,1.462914
1.792,55.22942,1661.011597,216.664078,38.235565,1671.510132,109.274277,124.920013,1602.491821,159.885406,9.818337,1423.259277,232.381622,-63.795753,1257.109131,270.36084,55.066494,1245.521729,268.121429,27.617863,1318.534546,3.514091,-158.48233,1344.739258,223.247314,-118.300735,1439.922485,94.916237,-213.427948,1293.805054,-4.616503,-199.922897,1274.411743,-125.059929,-154.468231,1297.365112,-383.181427,-203.097198,1378.659546,-383.320099,-142.330078,1316.346313,-463.540253,144.72374,1318.222534,235.203796,138.451324,1415.787109,96.333199,226.137589,1277.718628,24.549204,184.187866,1221.215332,-117.731773,121.786346,1237.748779,-374.50116,181.265518,1310.446411,-367.910217,130.136948,1234.067871,-452.426941,-145.757584,1050.270508,25.238249,-139.883667,1069.057251,222.378586,132.142792,1078.469727,216.354065,123.4991,1072.53064,1.760779
1.8,55.47147,1659.911987,216.154526,38.300797,1670.039795,108.816559,125.052246,1601.076538,159.478928,9.475591,1421.740601,234.505783,-64.220528,1254.985962,272.130493,54.583153,1243.317505,269.901215,27.769499,1317.852051,5.635084,-158.895859,1343.014526,225.019379,-118.799202,1438.578491,96.480743,-212.930069,1291.133545,-2.60719,-198.927948,1270.876221,-122.040604,-155.579559,1284.047852,-380.521667,-204.294891,1365.59021,-383.593842,-144.840622,1298.257446,-461.343445,144.265167,1316.317261,237.724762,138.747757,1414.330933,99.291733,226.079773,1275.595093,27.620275,183.430847,1218.875366,-114.456429,121.576675,1234.469116,-371.399963,181.387192,1306.828247,-365.231842,130.014221,1230.266602,-449.248779,-145.672913,1049.59668,25.111326,-140.089294,1066.751465,222.516663,131.991074,1076.615967,216.987366,123.774963,1072.473145,2.08563
1.808,55.771629,1658.643188,215.653961,38.565136,1668.185425,108.233078,125.181168,1599.581177,159.087265,9.071824,1420.069214,236.804337,-64.61203,1252.653442,273.891571,54.12944,1240.954712,271.718597,27.879065,1317.01001,7.874382,-159.402832,1341.063477,226.922623,-119.232559,1436.958496,98.029457,-212.464539,1288.013672,-0.506061,-198.025482,1266.400513,-119.138458,-156.472321,1271.447876,-377.352173,-205.836044,1352.283447,-383.255066,-146.882645,1281.030884,-458.33017,143.800171,1314.274902,240.508148,139.060043,1412.657593,102.199371,226.024078,1273.519043,30.523365,182.998688,1216.649048,-111.181183,121.303085,1231.124878,-368.23172,181.710419,1303.175903,-362.432007,130.011932,1226.37439,-446.093475,-145.636383,1048.790527,25.049404,-140.266418,1064.400513,222.604462,131.792389,1074.714844,217.653534,124.034294,1072.30835,2.350814
1.817,55.98415,1657.274658,215.172272,38.680813,1666.473633,107.574173,125.276756,1597.838623,158.830017,8.512564,1418.299683,239.190262,-65.087219,1250.29126,275.616547,53.547974,1238.527832,273.535034,27.937744,1316.192505,10.015819,-159.914978,1339.068604,228.900055,-119.712074,1435.168701,99.33757,-211.936554,1284.205444,1.807357,-196.857849,1261.191406,-116.298119,-156.786133,1259.531982,-373.896088,-207.345352,1339.414185,-381.736908,-148.619751,1265.592529,-454.667206,143.260147,1312.076904,243.157761,139.290466,1410.994263,105.224869,225.896362,1271.322021,33.634907,182.468948,1214.372314,-107.863251,121.254021,1227.810913,-365.176941,181.919205,1299.560425,-359.628632,129.994003,1222.570801,-442.950104,-145.588043,1047.968262,25.084503,-140.550369,1061.943848,222.707962,131.619492,1072.655029,218.256226,124.287506,1072.034668,2.700323
1.825,56.242554,1655.790161,214.637833,38.722385,1664.599854,106.982841,125.383224,1595.946167,158.469803,7.863218,1416.443848,241.561844,-65.564217,1247.889038,277.428802,53.069874,1236.053101,275.235474,27.901007,1315.19397,12.246413,-160.458267,1337.115356,230.673553,-120.176201,1432.827148,100.900772,-211.550034,1280.118042,4.077362,-195.881165,1255.279297,-113.145134,-156.600739,1248.084351,-370.457397,-208.507034,1326.973633,-379.81189,-150.098282,1250.987549,-450.996368,142.701675,1309.826538,245.820953,139.321472,1409.349243,108.106033,225.799026,1269.095581,36.691959,182.070923,1212.017822,-104.705574,121.270477,1224.567017,-362.179565,182.147415,1296.122192,-356.950073,130.19162,1218.665283,-439.898438,-145.539215,1047.11145,24.939472,-140.776596,1059.302246,222.915329,131.42778,1070.580811,218.838348,124.50354,1071.72876,3.019815
1.833,56.591583,1654.305786,214.074768,38.731075,1662.555054,106.588387,125.563889,1594.050781,158.302444,7.266161,1414.624512,243.851746,-65.990181,1245.302856,279.126526,52.590134,1233.557373,277.062378,27.69853,1314.09082,14.377058,-160.976639,1334.842163,232.527802,-120.640602,1430.439941,102.119965,-211.19101,1275.785278,6.733944,-195.03476,1249.11084,-110.031281,-156.140656,1237.137329,-366.884705,-209.12059,1315.103882,-377.55661,-151.182297,1237.376953,-447.519806,142.109253,1307.599609,248.560562,139.476013,1407.570557,111.116127,225.740341,1266.952393,39.612572,181.847519,1209.87207,-101.513016,121.316635,1221.344482,-359.293854,182.375778,1292.786011,-354.369659,130.456146,1214.80957,-436.901398,-145.51532,1046.217651,24.942019,-141.053177,1056.601318,223.04866,131.205627,1068.358521,219.396072,124.729591,1071.317383,3.477348
1.842,56.856102,1652.640991,213.674118,39.099216,1660.376587,105.957352,125.575569,1591.955811,158.120163,6.513977,1412.598633,246.269684,-66.432274,1242.731445,280.772491,52.142357,1231.002075,278.689941,27.482441,1312.868652,16.482162,-161.41507,1332.431152,234.409149,-121.144432,1427.681519,103.412788,-210.316559,1271.120239,9.220474,-194.275024,1243.109985,-106.801773,-155.619583,1226.626587,-363.171051,-209.320633,1303.883911,-375.129852,-151.944153,1224.460815,-443.829773,141.625961,1305.286255,251.105484,139.536606,1405.789185,113.948326,225.682175,1264.760132,42.617546,181.755478,1207.671265,-98.673637,121.561142,1218.17395,-356.608704,182.594025,1289.601685,-352.027649,130.940262,1210.950439,-434.179504,-145.518372,1045.171143,25.003742,-141.396469,1053.895874,223.069855,130.999207,1066.105957,219.897369,124.941399,1070.835083,3.920959
1.85,57.032452,1651.125977,213.106705,39.211689,1658.060791,105.30188,125.633446,1589.963379,157.904449,5.867641,1410.492554,248.271454,-66.7817,1240.003662,282.311584,51.767113,1228.389771,280.198578,27.098715,1311.479004,18.408951,-161.905289,1329.816162,236.281876,-121.833313,1424.861938,104.758537,-209.40506,1265.902222,12.18173,-193.62616,1237.109131,-103.672791,-155.114807,1216.468994,-359.782898,-209.085297,1293.521973,-372.6315,-152.620316,1212.404907,-440.251434,141.176743,1303.043091,253.569519,139.566254,1403.890625,116.588448,225.668015,1262.647583,45.261951,182.034225,1205.854004,-95.878937,121.995064,1215.094116,-354.123505,182.802521,1286.772949,-349.888885,131.601715,1207.237549,-431.573547,-145.647537,1044.333496,24.954681,-141.645081,1051.122437,223.078629,130.787674,1063.82251,220.448181,125.122086,1070.325806,4.407709
1.858,57.019848,1649.481079,212.827347,39.377415,1655.832642,104.9207,125.561401,1587.694824,157.82933,5.205225,1408.287354,250.652313,-67.129295,1237.15271,283.886444,51.420769,1225.822754,281.748718,26.680075,1309.958862,20.339649,-162.439438,1327.021973,238.162231,-122.637978,1421.953003,106.096077,-208.453171,1260.632935,15.029016,-193.093628,1231.171387,-100.717613,-154.704163,1207.013916,-356.478333,-208.356766,1283.993896,-369.940186,-153.272095,1201.410034,-436.678589,140.717926,1300.789062,255.808441,139.574432,1402.068481,119.087593,225.649551,1260.577637,47.796005,182.312485,1204.145752,-93.515419,122.41523,1212.523071,-352.279205,182.946411,1284.288696,-348.131012,132.482269,1203.667358,-429.274536,-145.69516,1043.427002,25.040272,-141.832581,1048.179565,223.002472,130.56929,1061.420654,220.978836,125.305954,1069.84729,4.830381
1.867,57.116096,1647.89856,212.113235,39.615891,1653.541992,104.274414,125.472473,1585.460449,157.846161,4.585799,1406.02478,252.591782,-67.427063,1234.339233,285.243347,51.174065,1223.195679,283.202179,26.243694,1308.338257,22.0966,-162.853455,1324.178223,240.146957,-123.628769,1419.109985,107.546104,-207.341705,1255.136353,17.908201,-192.566086,1225.421997,-97.837936,-154.503357,1198.407837,-352.957245,-207.508163,1275.69873,-367.41272,-153.599121,1191.328735,-433.008484,140.199722,1298.508667,257.796753,139.636765,1400.180176,121.381065,225.715179,1258.675659,50.178085,182.916702,1202.343384,-91.307243,123.25856,1210.092773,-350.627808,183.079025,1282.305908,-346.712341,133.747223,1200.416748,-427.145477,-145.643356,1042.364624,24.96875,-142.003754,1045.380127,223.037796,130.355835,1059.053833,221.5121,125.590668,1069.370605,5.24555
1.875,57.255882,1646.457031,211.712906,39.815983,1651.151489,103.632103,125.352814,1583.14624,157.940598,4.041758,1403.739502,254.47052,-67.382103,1231.382202,286.488129,51.020397,1220.617676,284.493927,25.775888,1306.665771,23.736397,-163.271194,1321.230591,241.971649,-124.752289,1416.39563,109.09391,-206.634445,1249.942017,20.547581,-192.031311,1219.979858,-94.927277,-154.305328,1190.579956,-349.724884,-206.681931,1268.127075,-364.985748,-153.658127,1182.506348,-429.517761,139.77594,1296.324463,259.69696,139.585571,1398.422729,123.30426,225.813492,1256.926147,51.956757,183.801788,1200.96582,-89.524727,124.613571,1207.81189,-349.028778,183.192001,1281.010864,-345.656128,135.196243,1197.640503,-425.34259,-145.665482,1041.399414,25.052807,-142.220169,1042.58252,223.113693,130.16214,1056.705811,222.026825,125.879021,1068.842529,5.708224
1.883,57.126129,1645.106567,211.215897,39.886143,1648.864014,103.281921,125.266609,1581.279663,158.089249,3.677428,1401.68689,256.325378,-67.439095,1228.491577,287.539215,50.865284,1218.02063,285.634552,25.309446,1304.937988,25.372417,-163.572632,1318.293335,243.693253,-125.939934,1413.953735,110.642082,-205.493164,1244.882568,23.024281,-191.605011,1214.827026,-92.01989,-154.151031,1183.703979,-346.57959,-205.860611,1261.535889,-362.592194,-153.27681,1174.780151,-426.277161,139.54512,1294.159302,261.160248,139.524307,1396.692383,124.98008,226.035889,1255.574585,53.603382,184.743179,1199.367554,-88.27684,126.196739,1206.021606,-347.736023,183.374008,1280.427856,-344.756866,136.909332,1195.657471,-423.824646,-145.771469,1040.488159,25.18248,-142.452438,1039.738281,223.063339,129.978851,1054.421875,222.441406,126.156944,1068.350464,6.166507
1.892,56.872356,1644.01062,210.730133,39.893559,1646.820312,103.149048,124.910538,1579.463135,158.246735,3.176505,1399.669556,257.987091,-67.404533,1225.641357,288.427765,50.783134,1215.650635,286.60257,24.651733,1303.257812,26.7061,-163.785034,1315.464844,245.60849,-127.228828,1411.650757,112.249146,-204.955475,1240.08667,25.38925,-191.076813,1209.973877,-89.199272,-153.752151,1177.773438,-343.611694,-205.219391,1255.628052,-360.471405,-152.482269,1168.239624,-423.058472,139.402695,1292.081299,262.515839,139.416153,1395.215454,126.450241,226.165604,1254.664551,54.67709,186.252731,1198.388428,-87.344589,127.866852,1205.126343,-346.833496,183.455276,1280.723633,-344.085541,138.810806,1194.565796,-422.531158,-145.951874,1039.592896,25.193171,-142.621262,1037.040771,223.175064,129.710693,1052.187134,222.856537,126.428398,1067.813721,6.57737
1.9,56.471951,1642.699585,210.236145,39.784,1644.958374,102.526833,124.56749,1577.886475,158.511002,2.772232,1397.675659,259.467438,-67.285248,1223.072998,289.186401,50.799194,1213.376099,287.377655,24.034204,1301.684937,28.054228,-163.954727,1312.700562,247.170258,-128.539337,1409.656494,113.734306,-204.253326,1236.007812,27.64629,-190.588959,1205.523193,-86.648499,-153.288757,1172.820312,-340.77243,-204.629974,1250.740112,-358.354919,-151.278687,1163.067017,-420.130646,139.35495,1290.245361,263.546204,139.156738,1393.892578,127.862694,226.233109,1254.153687,55.457375,187.965729,1197.744629,-86.73851,129.45134,1205.203369,-346.245026,183.489899,1281.977295,-343.626556,140.803574,1194.524902,-421.571716,-146.13916,1038.698486,25.247393,-142.726517,1034.547852,223.41777,129.474945,1050.102051,223.19223,126.727196,1067.239868,6.959764
1.908,56.018169,1641.891357,209.842285,39.664494,1643.228394,102.108376,124.157555,1576.574219,158.980225,2.499484,1395.807861,260.902191,-66.950111,1220.590088,289.868896,50.998493,1211.374023,287.886444,23.301407,1300.195557,29.232449,-163.910187,1310.170532,248.709778,-129.688263,1407.975342,115.368805,-204.200729,1232.474854,29.743523,-190.224823,1201.438965,-84.321625,-152.637299,1168.967163,-338.450165,-204.212357,1246.630981,-356.589539,-150.097122,1158.760742,-417.692505,139.318787,1288.571655,264.441986,138.821136,1392.796387,129.224411,226.272186,1254.209839,55.917816,190.820236,1198.119263,-86.986923,131.118011,1206.237427,-345.938354,183.455307,1284.183105,-343.20163,142.906677,1195.758545,-420.950348,-146.249344,1037.816528,25.17515,-142.741211,1032.236938,223.48111,129.256226,1048.187012,223.452271,127.048569,1066.623657,7.180806
1.917,55.449993,1641.33252,209.539627,39.533592,1641.867188,101.773781,123.679482,1575.505981,159.243942,2.21319,1394.282593,262.157867,-66.577667,1218.316528,290.363556,51.300266,1209.434204,288.433563,22.524704,1298.757446,30.253988,-163.861267,1307.878296,249.966873,-130.456787,1406.623779,116.830841,-204.701202,1229.543457,31.75436,-190.166534,1198.251099,-82.184471,-152.04985,1166.033447,-336.348267,-203.990829,1243.248047,-354.997528,-148.791931,1155.746094,-415.578888,139.266312,1287.152466,265.2388,138.29805,1391.860229,130.322388,226.405197,1254.536743,56.186718,193.042572,1199.316772,-87.366035,132.883698,1208.330566,-345.860229,183.466385,1287.46521,-342.751251,144.953888,1198.308838,-420.698334,-146.5495,1037.101318,25.303961,-142.769684,1030.141357,223.73349,129.056519,1046.529907,223.669373,127.303795,1065.898193,7.353505
1.925,54.70467,1640.832642,209.33902,39.31702,1640.718994,101.530556,123.319069,1574.812622,159.675095,2.003724,1392.80188,263.259644,-66.325203,1216.495605,290.593536,51.579948,1207.919556,288.774628,21.814651,1297.656128,31.169571,-163.710114,1305.93689,251.018372,-130.972046,1405.533936,118.164749,-204.943924,1227.657593,33.289551,-190.032059,1195.871094,-80.479218,-151.356934,1164.092896,-334.779877,-203.867462,1240.887939,-353.920624,-147.54277,1153.739868,-413.913574,139.301926,1285.805298,265.698608,137.884384,1391.251953,131.348694,226.658157,1255.333008,56.302277,195.403015,1201.404297,-87.772293,134.462692,1211.57959,-346.248657,183.429504,1291.631836,-342.36972,146.984039,1202.186157,-420.887299,-146.765671,1036.528564,25.281147,-142.853317,1028.575928,223.92157,128.961639,1045.035522,223.788544,127.516388,1065.123047,7.531655
1.933,53.970936,1640.440308,209.330063,39.044125,1639.941895,101.500595,122.818604,1574.253418,160.21965,1.898499,1391.762573,263.979584,-65.987373,1214.934448,290.773682,51.838638,1206.550903,288.939331,21.362684,1296.718018,31.803295,-163.505981,1304.401123,251.914047,-131.187195,1404.850464,119.257782,-205.457703,1226.439575,34.401527,-190.067322,1194.839844,-79.407867,-150.918381,1162.841431,-333.537842,-203.792999,1239.327148,-352.889465,-146.56308,1152.586304,-412.618164,139.319427,1284.872925,266.091736,137.416199,1390.990356,132.310074,226.961685,1256.377197,56.47044,197.454346,1203.91333,-88.668037,136.161774,1215.750122,-346.650787,183.423965,1296.764771,-341.850769,148.990768,1207.337402,-421.346741,-146.964706,1036.109497,25.152031,-142.794434,1027.169434,223.995804,128.933472,1043.91333,223.801514,127.58654,1064.358398,7.635215
1.942,53.305328,1640.404297,209.291565,38.725441,1639.523926,101.338104,122.383476,1574.055664,160.612808,1.744848,1390.845337,264.680847,-65.680405,1213.867676,290.761627,52.116959,1205.614014,288.89978,21.059219,1296.002808,32.333176,-163.308075,1303.388184,252.480713,-131.19722,1404.427002,120.108704,-206.098892,1226.429077,34.876873,-190.25296,1194.876831,-78.954971,-150.46994,1162.427246,-332.627228,-203.676895,1238.722046,-352.274567,-145.808136,1152.323486,-411.7948,139.372772,1284.207764,266.333344,136.908508,1390.905884,133.084457,227.279999,1257.7052,56.533989,198.963043,1206.446167,-89.274132,137.648712,1220.86145,-347.401886,183.367126,1302.777466,-341.387543,150.789337,1213.764893,-422.140198,-147.063461,1035.871948,24.961092,-142.775803,1026.413696,224.043518,128.970413,1043.105591,223.795166,127.578598,1063.522461,7.693628
1.95,52.681526,1640.603516,209.316849,38.420868,1639.470215,101.325317,121.922058,1574.189819,161.124695,1.691849,1390.393311,265.08017,-65.206047,1213.21106,290.731689,52.468788,1205.10144,288.772278,20.903738,1295.535034,32.62051,-163.201889,1302.711548,252.694778,-131.085831,1404.300293,120.711075,-206.741043,1227.125732,34.773418,-190.511902,1195.835083,-78.938423,-150.28685,1162.652954,-332.232849,-203.653549,1238.900391,-351.901886,-145.468597,1152.599609,-411.285675,139.487823,1283.788452,266.397552,136.441238,1391.1073,133.720535,227.804123,1259.29895,56.363991,200.640579,1209.499634,-90.174286,139.042923,1226.911865,-348.126038,183.147888,1309.637817,-340.756348,152.705551,1221.094849,-422.816193,-147.124985,1035.786621,24.760429,-142.68988,1026.075562,223.994949,129.083725,1042.638184,223.702454,127.488838,1062.839233,7.641681
1.958,51.985256,1641.075684,209.424652,38.129028,1639.731934,101.459778,121.515671,1574.645996,161.672134,1.695257,1390.210449,265.301392,-64.886658,1213.075684,290.516968,52.737961,1204.92981,288.469269,20.902439,1295.519043,32.71059,-163.043732,1302.508667,252.68895,-130.888184,1404.563477,120.998734,-207.214828,1228.008911,34.553661,-190.847061,1197.532837,-79.423355,-150.38205,1163.537842,-332.125641,-203.629868,1239.893188,-351.786133,-145.370239,1153.647705,-411.307922,139.668671,1283.672119,266.367401,136.100403,1391.503296,134.274994,228.464096,1261.132568,56.131847,202.282486,1212.944092,-91.301872,140.37442,1233.797607,-349.015381,182.775391,1317.242798,-340.032257,154.2724,1229.549072,-423.789856,-147.079773,1035.824463,24.495005,-142.565033,1026.229492,223.815506,129.252335,1042.543701,223.499786,127.349304,1062.337769,7.573342
1.967,51.175999,1642.103027,210.087723,37.881893,1640.354126,101.66954,121.087029,1575.594604,162.116226,1.750596,1390.426636,265.25589,-64.686195,1213.290649,290.139893,52.950718,1205.083496,288.081207,21.041555,1296.025391,32.593281,-162.867569,1302.779663,252.424652,-130.694397,1405.152344,120.976028,-207.576355,1229.231812,33.995396,-191.281097,1199.515869,-80.038651,-150.612228,1164.999146,-332.476746,-203.511475,1241.493286,-351.964966,-145.513443,1155.23877,-411.450684,139.742737,1283.916016,266.142334,135.754639,1392.150513,134.50592,229.15744,1263.325439,55.849411,203.759476,1216.739502,-92.32402,141.405579,1241.430664,-349.910858,182.177551,1325.635254,-339.116669,155.034027,1239.028076,-425.213318,-146.716766,1035.979614,24.239508,-142.434006,1026.844116,223.581207,129.420319,1042.799438,223.211517,127.157822,1062.052246,7.421515
1.975,50.556469,1642.889282,209.982635,37.528008,1641.452759,101.988815,120.635338,1576.688599,162.597992,1.834873,1390.930298,264.93512,-64.500549,1213.926636,289.638397,53.101559,1205.632324,287.573456,21.211452,1296.866577,32.214371,-162.65686,1303.399902,251.989059,-130.515594,1406.022461,120.822411,-208.118286,1230.933838,33.196056,-191.627457,1201.584106,-80.995796,-151.081299,1166.948608,-333.095642,-203.591888,1243.741333,-352.310913,-145.925217,1157.451782,-412.188232,139.801971,1284.456665,265.696625,135.546265,1393.09668,134.727463,229.388306,1265.127075,55.709595,205.133545,1220.880249,-93.515594,142.275543,1249.961182,-350.888245,181.378174,1334.972412,-338.123138,156.149948,1248.984253,-426.201355,-146.322617,1036.446045,23.740091,-142.345612,1028.00061,223.289398,129.611206,1043.414673,222.824249,126.930222,1061.988647,7.127328
1.983,49.981075,1644.110229,210.416946,37.24836,1642.840088,102.38591,120.209824,1578.05481,162.963898,1.973664,1391.859619,264.449036,-64.284485,1215.010498,288.872009,53.248642,1206.564819,286.880371,21.52301,1298.063843,31.565964,-162.412338,1304.387695,251.22699,-130.123322,1407.234009,120.283043,-208.361969,1232.777344,32.205746,-191.930862,1203.685303,-82.069885,-151.636337,1169.142578,-334.102722,-203.739487,1246.560059,-353.018005,-146.591858,1160.115479,-413.186981,139.947205,1285.247681,265.238892,135.489166,1394.342773,134.584198,229.986206,1267.374268,55.158798,206.419052,1225.288696,-94.829414,142.872131,1259.130615,-351.872284,179.947311,1344.765625,-337.203918,156.609161,1260.874878,-427.288452,-145.939011,1037.133423,23.327164,-142.206314,1029.529663,222.827652,129.766159,1044.336426,222.331848,126.713005,1062.199951,6.735482
1.992,49.433407,1645.393921,210.909424,36.939495,1644.616333,102.88768,120.046417,1579.838989,163.244003,2.073351,1392.896729,263.867493,-64.076355,1216.341064,288.069275,53.395508,1207.881836,286.182281,21.977615,1299.735229,30.806499,-162.216003,1305.757935,250.294479,-129.920441,1408.769165,119.58992,-208.343201,1234.774902,30.981302,-192.408585,1205.700317,-83.189583,-152.377213,1171.86792,-335.298523,-203.767685,1249.753418,-353.892609,-147.3535,1163.365601,-414.674561,140.173386,1286.381348,264.601349,135.556549,1395.762573,134.537796,230.880905,1270.144165,54.477642,207.427429,1229.899536,-96.129089,143.14595,1268.995483,-352.685242,178.455246,1354.916138,-335.808441,156.367218,1273.793579,-428.534515,-145.43898,1038.198242,22.775957,-142.20311,1031.500244,222.329666,129.910309,1045.636719,221.742432,126.516762,1062.660156,6.283651
2.0,49.020977,1646.949585,211.556427,36.656776,1646.669189,103.417328,119.886642,1581.836548,163.695099,2.292243,1394.327148,262.889496,-63.93174,1218.023682,287.109253,53.542873,1209.389648,285.291138,22.38867,1301.729858,29.832306,-161.936935,1307.347534,249.165619,-129.427185,1410.553833,118.584717,-208.122879,1236.575806,30.030605,-192.782013,1207.853149,-84.384865,-153.285553,1174.945801,-336.7677,-203.924149,1253.331299,-355.013519,-148.22583,1167.057617,-416.616302,140.312683,1287.781006,263.838776,135.730164,1397.553467,134.12204,231.761963,1272.965332,53.512085,208.61824,1234.731323,-97.666283,142.931595,1279.463501,-353.673553,177.060013,1365.59668,-334.348053,155.778564,1286.732056,-429.16629,-145.084106,1039.445435,22.323769,-142.10083,1033.577759,221.764771,130.016266,1047.254761,221.104721,126.354156,1063.288574,5.935431
2.008,48.665161,1648.477173,212.122665,36.545029,1648.865845,104.00029,119.747353,1583.973022,164.058945,2.577972,1395.847046,261.772644,-63.700745,1220.052856,285.97644,53.729458,1211.290771,284.279144,22.800314,1303.897339,28.750397,-161.612457,1309.330444,247.756943,-128.992401,1412.47876,117.490715,-207.993729,1239.108032,28.403784,-192.976685,1210.035889,-85.719643,-154.113266,1178.36377,-338.408875,-204.142776,1257.358643,-356.052155,-149.337784,1170.767944,-418.379364,140.594345,1289.415771,262.940704,135.947083,1399.351074,133.740372,232.346069,1275.876587,52.613804,209.602371,1239.531738,-99.14045,142.213135,1290.56189,-354.223358,175.076233,1376.595215,-332.556152,154.315811,1300.686646,-429.637756,-144.670746,1040.953491,21.731018,-142.105148,1036.067871,221.142502,130.1017,1049.049561,220.443436,126.118507,1064.209595,5.512295
2.017,48.376842,1650.303833,212.995331,36.455864,1651.327393,104.749779,119.761719,1586.228394,164.331406,2.788977,1397.774292,260.490906,-63.497677,1222.272583,284.802734,54.028065,1213.433716,283.196503,23.0576,1306.232666,27.349648,-161.214844,1311.471436,246.334549,-128.49942,1414.615234,116.163834,-207.492401,1241.665405,27.006535,-193.255646,1212.547119,-87.223534,-155.091843,1182.096924,-340.280029,-204.314362,1261.430786,-357.675598,-150.461685,1174.86145,-420.434204,140.786911,1291.177612,261.845093,136.224442,1401.477173,133.026306,232.834198,1278.755249,51.778278,210.695404,1244.452881,-100.393806,141.103302,1302.152344,-354.540802,173.267822,1387.824219,-330.299561,152.262314,1315.106812,-429.753082,-144.316437,1042.550781,20.992405,-142.128784,1038.869995,220.453354,130.180298,1051.078857,219.666885,125.919151,1065.285522,5.072783
2.025,48.111874,1652.005249,213.672195,36.397346,1653.989136,105.456932,119.84166,1588.546509,164.736343,3.119397,1399.698975,258.791626,-63.294292,1224.759644,283.384918,54.227322,1215.748779,282.063904,23.302715,1308.691406,25.771034,-160.780716,1313.935669,244.747543,-127.884972,1416.970093,114.632751,-206.801788,1244.321289,25.372734,-193.255096,1215.211914,-88.904701,-156.120712,1186.186646,-342.229736,-204.636124,1265.925781,-359.165924,-151.590042,1179.261475,-422.887634,141.148712,1293.32312,260.610443,136.512039,1403.683838,132.207687,233.541748,1281.96521,50.808601,212.001053,1249.116211,-102.632629,139.657883,1314.116943,-354.625854,171.274597,1399.341797,-327.75293,149.589172,1330.108643,-429.424042,-144.146301,1044.467163,20.337473,-142.059326,1041.690552,219.658615,130.281906,1053.324219,218.94487,125.832451,1066.63147,4.657135
2.033,48.112278,1653.958374,214.380905,36.47781,1656.695801,106.176102,119.817596,1590.802979,165.106934,3.549547,1401.798096,257.148224,-62.94767,1227.491333,281.891083,54.496544,1218.225952,280.797516,23.741323,1311.205566,24.340637,-160.357513,1316.405762,242.908081,-127.172394,1419.424927,113.007385,-206.225342,1247.245483,23.69475,-193.323029,1218.15332,-90.707581,-157.732178,1189.470337,-343.016052,-204.904221,1270.403687,-360.757477,-152.913345,1183.706787,-424.719727,141.525253,1295.606079,259.251282,136.665558,1405.905396,131.329483,234.389572,1285.219116,49.568016,213.276794,1253.715576,-104.421074,137.779556,1326.279907,-354.119324,169.195847,1410.864258,-324.825897,146.275345,1345.479858,-428.559204,-143.971313,1046.223145,19.781443,-142.018829,1044.692017,218.818695,130.319717,1055.658325,218.190262,125.678169,1068.025269,4.343771
2.042,48.237568,1655.71521,215.359344,36.560852,1659.572876,106.815453,120.08548,1593.168579,165.451462,3.890448,1403.994263,255.440079,-62.70179,1230.261719,280.466461,54.825802,1220.821899,279.312408,24.147465,1313.752197,22.747686,-159.824493,1319.094604,241.040237,-126.433578,1421.956543,111.151337,-205.709106,1250.299194,21.838911,-193.297012,1221.366455,-92.604965,-158.723358,1193.495361,-345.205933,-205.381638,1274.904297,-362.590302,-153.912933,1188.190674,-426.906494,142.009323,1297.872681,257.770782,136.891312,1408.192261,130.181168,235.393433,1288.661743,48.197132,214.575378,1258.355957,-106.411339,135.273727,1338.670044,-353.313507,166.934814,1422.471436,-321.358765,142.339233,1361.063477,-427.046783,-143.86673,1048.322632,19.219261,-142.055313,1047.724121,218.049988,130.279846,1058.155151,217.503845,125.586029,1069.511597,3.960975
2.05,48.324791,1657.500854,215.89502,36.799873,1662.363892,107.43763,120.30719,1595.586914,165.692963,4.428654,1406.147339,253.122803,-62.323742,1233.09729,278.834381,55.207123,1223.633179,277.936127,24.391796,1316.305786,20.746727,-159.290909,1321.874268,239.067657,-125.498695,1424.490723,109.242561,-205.443008,1253.546997,19.868902,-193.373764,1224.901489,-94.781731,-159.771133,1197.685547,-347.486572,-205.715195,1279.544434,-364.620697,-154.978561,1193.15271,-430.022095,142.407135,1300.261963,256.128113,137.061188,1410.516479,128.681976,236.474075,1292.217163,46.779697,215.918472,1262.782471,-108.649292,132.533081,1351.423828,-351.957397,164.248978,1433.984741,-317.442139,137.903244,1376.825439,-425.080658,-143.786911,1050.258179,18.808395,-142.206833,1051.022339,217.243271,130.226181,1060.745972,216.819031,125.501038,1071.05603,3.622658
2.058,48.463913,1659.161987,216.83197,37.232239,1665.125244,108.254562,120.608009,1597.820435,166.057053,4.843627,1408.598999,251.315033,-61.971828,1236.072754,277.219513,55.513206,1226.45166,276.469238,24.885536,1318.697266,18.856747,-158.767517,1324.69397,236.858932,-124.486832,1426.98291,107.280502,-205.227097,1256.826782,17.739548,-193.333817,1228.558838,-97.073578,-160.531876,1201.987061,-350.134186,-206.126389,1284.023804,-366.839844,-156.035034,1197.737793,-432.795807,142.831421,1302.660767,254.401352,137.269302,1412.914307,127.228546,237.572372,1295.660522,45.206219,217.959595,1266.807251,-111.590744,129.549133,1363.940674,-350.228973,161.313492,1445.437134,-312.944611,133.162506,1392.64978,-422.365601,-143.706619,1052.172363,18.237032,-142.225143,1054.233398,216.481506,130.18512,1063.332031,216.126709,125.365227,1072.422485,3.224238
2.067,48.798504,1660.844849,217.24202,37.569717,1667.774414,108.794128,120.91452,1599.917114,166.415939,5.376551,1410.963989,248.946365,-61.610584,1239.045532,275.544098,55.962036,1229.389038,274.856689,25.17635,1321.445923,16.691299,-158.20665,1327.531738,234.648621,-123.498901,1429.399536,105.133263,-205.075516,1260.067261,15.573662,-193.377777,1232.192993,-99.489464,-161.50322,1206.147705,-352.493713,-206.614792,1288.602661,-368.942139,-157.088364,1202.655151,-435.578827,143.375488,1305.197144,252.507858,137.454468,1415.224487,125.72831,238.793671,1299.174072,43.618736,218.91095,1271.457764,-113.596397,126.295982,1376.412109,-348.022247,157.778107,1456.630127,-308.084534,128.242325,1408.336914,-418.874756,-143.64772,1053.993652,17.877291,-142.171631,1057.421387,215.721451,130.155762,1065.935181,215.449997,125.275864,1073.935303,2.835933
2.075,48.829407,1662.281982,218.213791,38.034447,1670.245117,109.409126,121.291466,1601.94519,166.560913,5.987945,1413.146729,246.73938,-61.226978,1242.002075,273.806183,56.29068,1232.198242,273.199615,25.583614,1323.750122,14.355342,-157.648254,1330.347412,232.274048,-122.486496,1431.857056,102.838295,-205.226913,1263.34668,13.206057,-193.671875,1235.691528,-102.015106,-161.785934,1210.821899,-356.300446,-207.053421,1293.157837,-371.21106,-158.134247,1206.889648,-437.966248,143.943054,1307.630981,250.607544,137.69017,1417.311646,123.945282,240.152481,1302.556519,42.005917,220.214386,1275.614868,-116.120064,122.731331,1388.722656,-345.412994,154.242523,1467.45166,-302.548553,122.944511,1423.959473,-414.748871,-143.664856,1055.781738,17.393616,-142.134598,1060.548706,214.893631,130.007004,1068.487915,214.76178,125.106361,1075.182861,2.451631
2.083,49.169964,1663.609375,218.657944,38.477337,1672.337036,110.345009,121.756256,1603.720825,166.903198,6.584293,1415.331909,244.333557,-60.828773,1244.946289,272.011444,56.619026,1234.94751,271.511719,26.310032,1325.846558,12.262832,-157.036209,1333.150024,229.931412,-121.411888,1434.267578,100.571648,-205.402466,1266.556885,10.862171,-193.964432,1238.971558,-104.534782,-162.683853,1214.823242,-359.114288,-207.398529,1297.560791,-373.463409,-158.939575,1211.411011,-440.639343,144.486328,1309.997803,248.526749,137.960434,1419.46106,122.040115,241.373428,1305.802124,40.13414,221.407181,1279.781982,-118.708626,119.280792,1400.513306,-342.389465,150.297455,1477.764404,-296.537415,117.552673,1439.094238,-409.945618,-143.602203,1057.274658,17.013865,-142.215591,1063.701782,214.208191,129.816254,1071.013916,214.073837,124.984512,1076.296387,1.963346
2.092,49.485416,1664.834473,219.21431,39.017212,1674.4729,110.823692,122.331139,1605.447266,166.998291,7.123585,1417.452637,242.067902,-60.470127,1247.817505,270.236877,57.045219,1237.701172,269.738617,26.911085,1327.889771,9.936902,-156.576065,1335.949951,227.426743,-120.343056,1436.557251,98.015312,-205.508591,1269.908203,8.126081,-194.383179,1242.241089,-107.184914,-163.719803,1218.678101,-361.674286,-207.796112,1301.838501,-376.025848,-159.854584,1215.987061,-443.434082,144.976837,1312.308716,246.571945,138.24556,1421.429199,119.980927,242.456589,1308.869629,38.094772,222.423889,1283.715576,-121.340698,115.664383,1411.985474,-338.78656,146.00621,1487.587769,-289.97229,111.992737,1453.870728,-404.362732,-143.538559,1058.737427,16.566711,-142.291641,1066.701416,213.519089,129.569046,1073.400513,213.339981,124.919907,1077.313843,1.498451
2.1,49.817631,1665.883545,219.782349,39.494637,1676.114868,111.450432,122.831779,1606.870117,167.198547,7.648364,1419.364258,239.642181,-60.158886,1250.553467,268.443085,57.359219,1240.285767,268.094147,27.39344,1329.560303,7.500279,-155.983231,1338.641357,224.971207,-119.123596,1438.677979,95.557182,-205.866058,1273.047119,5.461318,-194.773163,1245.510864,-110.045319,-164.850555,1222.566528,-364.152588,-208.076248,1306.229004,-378.638245,-160.684723,1220.293579,-446.300934,145.599915,1314.498901,244.447266,138.540237,1423.158813,118.057549,243.501129,1311.863037,36.046406,223.56279,1287.61377,-124.029564,111.896103,1422.964844,-334.825684,141.46405,1496.560669,-282.962341,106.30706,1468.053467,-398.290314,-143.637878,1059.971924,16.131477,-142.42395,1069.473145,212.720581,129.374649,1075.695801,212.648407,124.787743,1078.079102,1.014966
2.108,50.288868,1666.933228,220.19165,40.104977,1677.81604,111.759377,123.38414,1608.356567,167.387665,8.247912,1421.21228,237.245834,-59.842606,1253.220459,266.630157,57.715195,1242.766846,266.217987,27.973553,1331.153564,5.146482,-155.492111,1341.128052,222.456421,-118.014893,1440.652954,92.971992,-206.080978,1276.080688,2.768986,-195.405548,1248.749756,-112.782478,-165.509033,1226.564575,-366.959259,-208.354553,1310.434204,-381.130554,-161.625565,1224.361816,-449.430878,145.998581,1316.298096,242.315964,138.759003,1424.853027,115.916359,244.337677,1314.604126,34.020332,224.425629,1291.293213,-126.739502,107.936424,1433.450317,-330.605621,136.500992,1504.819702,-275.573853,100.48333,1481.555176,-391.316071,-143.424744,1060.967041,15.588115,-142.603592,1072.10083,212.047073,129.191315,1077.787842,211.905289,124.650482,1078.620117,0.476746
2.117,50.754253,1667.700684,220.597412,40.736721,1679.225464,112.390984,123.882874,1609.434937,167.570114,8.875062,1422.900879,234.73259,-59.594624,1255.751709,264.775574,58.070496,1245.053345,264.492706,28.91346,1332.56958,3.049661,-154.94986,1343.432495,220.075699,-116.893547,1442.479858,90.503426,-206.274139,1278.93396,-0.011126,-195.812515,1251.508911,-115.865387,-166.499893,1230.1073,-370.103149,-208.60463,1314.401978,-383.652771,-162.375473,1228.504639,-452.312439,146.515457,1318.181519,240.305252,138.949158,1426.38855,113.803596,245.136765,1317.192383,31.978674,225.244843,1294.884033,-129.395737,103.944862,1443.317505,-325.790039,131.421936,1512.410889,-267.627808,94.444717,1494.50061,-383.76532,-143.321732,1061.768555,15.205063,-142.750412,1074.565063,211.394867,128.979431,1079.809204,211.095047,124.536728,1078.980347,-0.105705
2.125,51.393192,1668.332886,221.006577,41.567307,1680.567505,112.905327,124.455734,1610.517212,167.586227,9.384089,1424.505493,232.508835,-59.441635,1258.07605,263.038971,58.336159,1247.125,262.858002,29.476065,1333.696655,0.69813,-154.562897,1345.658203,217.447388,-115.85704,1444.089233,87.933388,-206.613327,1281.68457,-2.724855,-196.230118,1254.41687,-118.674675,-166.37114,1234.097656,-374.821686,-208.812393,1318.311157,-386.226654,-163.13678,1232.393433,-455.19574,146.984802,1319.872681,238.166473,139.109177,1427.713379,111.744881,245.902405,1319.669067,29.500431,226.508362,1298.304077,-132.212692,99.744293,1452.552979,-320.591827,126.291679,1519.114014,-259.306091,88.315285,1506.519531,-375.716827,-143.112793,1062.165405,14.699972,-143.000763,1076.925415,210.788116,128.685715,1081.573608,210.258804,124.387886,1079.154297,-0.762067
2.133,51.909595,1668.767212,221.2052,42.221077,1681.625854,113.262703,124.98011,1611.259888,167.635239,9.769418,1425.936157,230.126617,-59.305439,1260.22229,261.269226,58.537498,1248.940918,261.078766,30.07592,1334.685547,-1.478173,-154.091064,1347.665894,215.115707,-114.811531,1445.658813,85.41581,-206.957977,1284.078491,-5.488874,-196.897675,1257.044312,-121.543739,-167.096588,1237.318848,-377.50293,-208.933075,1322.141357,-388.84137,-163.811707,1236.178345,-458.139221,147.212936,1321.242554,236.190567,139.240311,1428.831421,109.732986,246.334702,1321.793091,27.285141,226.972183,1301.546875,-134.853485,95.336761,1461.178589,-315.06134,121.025063,1524.869751,-250.734329,81.842873,1517.648926,-367.070557,-142.965546,1062.70166,14.143373,-143.126907,1078.979126,210.112762,128.411057,1083.259644,209.499908,124.247505,1079.141113,-1.422864
2.142,52.38781,1669.026855,221.294327,42.719952,1682.627319,113.829559,125.580925,1611.846924,167.698593,10.201971,1427.235718,227.929138,-59.078602,1262.123535,259.51593,58.803112,1250.786377,259.336304,30.798328,1335.209473,-3.375999,-153.740677,1349.568115,212.60141,-113.999054,1447.002686,83.216919,-207.136871,1286.136597,-8.066697,-197.217407,1259.505005,-124.295624,-167.806946,1240.545654,-380.188812,-209.010086,1325.679077,-391.343353,-164.5289,1239.780273,-460.90036,147.707138,1322.620972,234.105789,139.202942,1429.771484,107.801399,246.538498,1323.483643,25.199848,227.489349,1304.620239,-137.522705,90.981483,1468.869873,-309.3414,115.790306,1529.624756,-241.973114,75.387131,1527.871338,-357.852203,-142.839767,1062.927246,13.725956,-143.247742,1080.731567,209.462616,128.236923,1084.731201,208.739883,124.103989,1078.86145,-2.103636
2.15,52.798126,1669.310425,221.372284,43.367363,1683.290405,114.047485,126.309441,1612.411987,167.82988,10.530451,1428.46521,225.69371,-58.988373,1263.908447,257.872955,58.972664,1252.298584,257.686584,31.430744,1335.646118,-5.329322,-153.421783,1351.286499,210.38826,-113.256584,1448.347168,80.457008,-207.114838,1288.444092,-10.861959,-197.683197,1261.622803,-127.111794,-168.606735,1243.561401,-382.730499,-209.099548,1329.07251,-393.630432,-165.186981,1243.233765,-463.636719,148.100815,1323.828369,232.31842,139.417297,1430.594604,106.003143,246.651627,1325.212402,23.314306,227.841934,1307.468994,-139.957901,86.467934,1475.807251,-303.17807,110.536865,1533.460327,-233.019653,68.583679,1536.9375,-348.2901,-142.760986,1062.900024,13.188536,-143.45845,1082.549194,208.784225,127.659317,1086.144043,207.922089,123.962471,1078.406616,-2.775132
2.158,53.214294,1669.539185,221.437775,43.990528,1683.904053,113.920135,126.859528,1612.896118,167.761002,10.606113,1429.628052,223.853363,-58.898975,1265.533081,256.197662,59.100727,1253.622192,256.266541,32.099323,1335.839966,-7.055599,-153.151138,1352.703613,208.093842,-112.524002,1449.515625,78.244492,-207.19632,1290.426392,-13.588905,-198.078247,1263.865356,-129.663605,-169.379822,1246.406006,-385.307648,-209.208847,1332.205322,-395.721558,-165.9039,1246.396729,-466.257538,148.24678,1324.860107,230.572037,139.445206,1431.349976,104.139503,246.466644,1326.537476,21.217943,228.01564,1310.091797,-142.271637,81.836517,1481.959229,-296.841064,105.317818,1536.29895,-223.981812,61.731686,1544.939209,-338.290527,-142.698029,1062.686646,12.673138,-143.814957,1083.967896,208.050293,127.372566,1087.193481,207.122467,123.776756,1077.843018,-3.448268
2.167,53.676647,1669.846191,221.473831,44.648506,1684.275513,114.103241,127.311722,1613.232056,167.631531,10.785905,1430.698608,221.909164,-58.819984,1266.825195,254.749207,59.293011,1254.799316,254.749268,32.704731,1335.855957,-8.60696,-152.973633,1354.138794,205.855408,-111.824631,1450.606567,75.98513,-207.666763,1291.814819,-15.842213,-198.466995,1265.706543,-132.297714,-170.059875,1249.144165,-387.702148,-209.313431,1335.205078,-397.803711,-166.583328,1249.39917,-468.608978,148.436661,1325.705566,228.868744,139.522232,1431.954468,102.47831,246.105392,1327.666138,19.226225,228.181717,1312.397949,-144.450821,77.171265,1487.231445,-290.137421,100.285805,1538.201172,-214.951691,54.680511,1551.809082,-327.97464,-142.644211,1062.393677,12.049844,-144.05452,1085.313721,207.269699,127.298714,1088.166138,206.391266,123.510376,1077.226562,-4.109613
2.175,53.975311,1670.054077,221.364182,45.04549,1684.665039,114.025986,127.752098,1613.664917,167.473282,11.03601,1431.665527,219.754776,-58.863476,1268.109619,253.286392,59.308609,1255.8125,253.323547,33.248051,1335.753052,-10.004395,-152.721451,1355.296387,203.869965,-111.14341,1451.503906,73.907967,-207.507004,1293.567261,-18.234997,-198.822235,1267.545654,-134.451233,-170.814514,1251.523315,-389.994598,-209.509552,1337.869141,-399.716919,-167.280655,1252.197754,-470.735046,148.786926,1326.517456,227.23967,139.531494,1432.367188,100.933067,245.780548,1328.598877,17.412067,228.09874,1314.568604,-146.560867,72.254341,1491.61438,-283.151611,95.288025,1539.218994,-206.024948,47.600437,1557.362671,-317.11499,-142.614929,1062.001709,11.406544,-144.305969,1086.424316,206.468353,127.189514,1089.028809,205.753738,123.123146,1076.498535,-4.74131
2.183,54.08326,1670.230347,221.134995,45.312256,1685.000366,113.656662,128.048981,1614.058838,167.330093,11.13144,1432.501953,218.110916,-58.843632,1269.118896,251.851074,59.301273,1256.607788,252.139175,33.759502,1335.483765,-11.23278,-152.591248,1356.397095,201.773773,-110.541359,1452.522217,71.930748,-207.410248,1295.157959,-20.56592,-199.141953,1269.072266,-136.477295,-171.571259,1253.717163,-392.065002,-209.561417,1340.376465,-401.418732,-167.901077,1254.685669,-472.823151,148.818359,1327.069092,225.810974,139.362793,1432.71936,99.393021,245.469055,1329.32959,15.841974,227.97229,1316.366577,-148.497696,67.31411,1495.11499,-275.815979,89.792587,1539.714478,-197.204346,40.332302,1561.698975,-305.9133,-142.635391,1061.584106,10.729317,-144.436584,1087.214966,205.797363,127.083626,1089.724854,205.174164,122.738441,1075.665771,-5.291841
2.192,54.049263,1670.451538,220.739212,45.386497,1685.264038,113.247055,128.18959,1614.649292,167.149368,11.595999,1432.939575,215.972549,-58.987022,1270.016602,250.601471,59.245426,1257.331421,250.985321,34.21394,1335.06189,-12.145706,-152.426987,1357.273438,200.177048,-110.014549,1453.262817,70.209488,-207.67688,1296.359619,-22.486223,-199.594116,1270.587646,-138.36676,-172.413727,1255.384277,-393.936371,-209.760925,1342.663208,-403.083038,-168.592926,1256.928711,-474.645477,148.913727,1327.5448,224.60849,139.332642,1433.079956,98.042473,245.163681,1329.917847,14.372992,227.760483,1317.855225,-150.251724,62.152073,1497.482422,-268.138855,85.676758,1538.527954,-188.010635,32.761189,1564.577393,-294.383148,-142.768616,1061.137817,10.199005,-144.596725,1088.108398,204.953445,126.954544,1090.276001,204.617401,122.430542,1074.92041,-5.814836
2.2,53.876129,1670.784424,220.118195,45.29903,1685.579468,112.884644,128.407135,1615.294189,166.795471,11.567375,1433.633911,215.072128,-59.112408,1270.719849,249.365021,59.173119,1257.968506,249.892395,34.665009,1334.481445,-12.835534,-152.358231,1358.157959,198.491531,-109.499336,1454.258789,68.606804,-207.759232,1297.623413,-24.331274,-199.706253,1271.813965,-140.074707,-173.11438,1257.306519,-395.526337,-210.004044,1344.605957,-404.475769,-169.106964,1258.979248,-476.222565,149.081909,1327.933838,223.46962,139.343475,1433.270142,96.866516,244.927475,1330.325928,12.948779,226.847534,1318.942627,-151.776398,56.900883,1499.004517,-259.956635,81.410553,1537.240845,-179.317764,25.053513,1565.920288,-282.399658,-142.936737,1060.624756,9.485407,-144.709229,1088.786011,204.121475,126.846191,1090.75,204.073761,122.012115,1074.186279,-6.240535
2.208,53.673248,1671.251221,219.382553,45.189209,1685.79248,112.017395,128.626785,1615.959839,166.195374,11.776451,1434.220459,214.025574,-59.23378,1271.337891,248.370224,59.064381,1258.362549,249.082718,35.087643,1333.828735,-13.330371,-152.23555,1358.860229,197.148087,-109.016365,1454.930786,67.362068,-207.942764,1298.645752,-25.863401,-199.952728,1273.049194,-141.468994,-173.739685,1258.777344,-397.026978,-210.381912,1346.376343,-405.695801,-169.62851,1260.737671,-477.528473,149.235352,1328.256104,222.419006,139.44957,1433.449585,95.714561,244.75795,1330.509521,11.782049,226.309631,1319.735229,-153.269775,51.487846,1499.261963,-251.394424,78.407639,1535.747803,-170.533096,17.144005,1565.944946,-270.355133,-143.087265,1060.17688,8.899249,-144.91243,1089.20459,203.408844,126.712639,1091.086792,203.588364,121.661079,1073.538208,-6.67232
2.217,53.336643,1671.752563,218.425354,44.817692,1685.83374,110.949898,128.631912,1616.660522,165.544098,12.055496,1434.536377,213.037292,-59.41087,1271.805542,247.511002,58.956509,1258.678955,248.409668,35.394306,1333.215088,-13.726072,-152.077942,1359.473022,196.000717,-108.545006,1455.687622,66.33046,-208.157486,1299.36731,-26.88002,-200.005142,1273.961792,-142.728745,-174.351837,1260.131348,-398.035095,-210.593826,1347.83374,-406.599792,-170.028427,1262.281372,-478.672455,149.306046,1328.427002,221.515076,139.511612,1433.453979,94.771439,244.547684,1330.575562,10.730402,225.753525,1320.300781,-154.607727,46.171989,1498.454224,-242.782028,75.290016,1533.27356,-161.659027,9.383439,1564.62915,-258.177734,-143.216187,1059.77478,8.200973,-145.150589,1089.606323,202.700439,126.569199,1091.362305,203.21524,121.344322,1072.947021,-7.109048
2.225,53.076374,1672.409668,217.249527,44.473549,1685.833496,109.669785,128.590332,1617.245483,164.756256,12.43297,1434.767578,212.102875,-59.593758,1272.244751,246.742111,58.814487,1258.812988,247.747452,35.764824,1332.548218,-13.93474,-152.037354,1360.015259,194.928802,-108.151283,1456.26416,65.510933,-207.690872,1300.537109,-28.081539,-200.225342,1274.886841,-143.605728,-174.982864,1261.201782,-398.775299,-210.933517,1348.98584,-407.517975,-170.43222,1263.591553,-479.614044,149.385132,1328.529907,220.846893,139.529053,1433.387817,93.910545,244.421921,1330.511108,9.861998,225.222275,1320.613159,-155.834015,41.109043,1496.659668,-233.892563,71.134613,1529.474976,-153.385941,1.912717,1561.975464,-246.089386,-143.353607,1059.490112,7.577963,-145.476181,1089.950073,201.844086,126.382965,1091.524536,202.866211,121.07164,1072.516113,-7.526699
2.233,52.634972,1673.068726,215.880127,44.270435,1685.611694,107.754509,128.41626,1617.938599,163.817596,12.792422,1434.821777,211.327957,-59.699886,1272.595215,246.21936,58.744976,1258.929199,247.295044,36.190151,1331.684204,-13.887918,-151.905823,1360.598389,194.244339,-107.764534,1456.873047,64.869461,-207.906784,1301.203369,-28.835512,-200.351059,1275.675293,-144.237335,-175.357559,1262.021484,-399.485229,-211.177719,1349.883667,-408.041138,-170.797668,1264.420044,-480.155548,149.515274,1328.529663,220.410202,139.598175,1433.253052,93.348984,244.318802,1330.334473,9.100654,224.586685,1320.550293,-156.920258,36.380047,1494.080444,-225.260544,68.02533,1525.303223,-145.090698,-5.207417,1558.375488,-234.259216,-143.515594,1059.297607,6.992832,-145.712891,1090.29834,201.049118,126.204834,1091.59729,202.607758,120.91172,1072.255615,-7.857274
2.242,51.975807,1673.803589,214.246964,43.989677,1685.56897,106.053391,128.183075,1618.599609,162.616226,13.103051,1434.992432,210.951935,-59.800751,1272.732666,245.866791,58.647102,1258.934814,246.954193,36.471733,1331.074829,-13.878229,-151.835495,1361.054688,193.710861,-107.503716,1457.147339,64.489723,-208.359253,1301.45166,-30.32785,-200.378479,1276.271118,-144.619537,-175.93956,1262.580078,-399.890167,-211.402969,1350.524658,-408.384247,-171.122009,1265.054688,-480.615723,149.629532,1328.383667,219.991547,139.620956,1433.01709,92.935646,244.189743,1330.037354,8.551221,223.93042,1320.17981,-157.706024,31.933655,1490.681641,-216.960495,65.191948,1520.557251,-137.051132,-11.722845,1554.039307,-223.152237,-143.704071,1059.235107,6.418891,-145.887024,1090.474976,200.440323,125.997856,1091.552368,202.393402,120.759361,1072.200073,-8.21261
2.25,51.519211,1674.598389,212.55632,43.434254,1685.682739,104.548935,127.922447,1619.193726,161.254868,13.350839,1435.073853,210.738846,-59.880337,1272.789673,245.669815,58.586185,1258.818848,246.780807,36.646286,1330.516602,-13.762636,-151.63179,1361.258789,193.511292,-107.256012,1457.390991,64.332283,-208.545746,1301.212158,-31.521626,-200.466125,1276.758911,-144.699295,-176.255356,1263.111328,-399.883972,-211.642822,1350.907104,-408.646118,-171.489487,1265.450073,-480.796387,149.758423,1328.18335,219.768692,139.58136,1432.708862,92.66848,244.0504,1329.725342,8.23691,223.405319,1319.629639,-158.359879,27.792942,1486.72168,-209.040649,62.366554,1515.095947,-129.339188,-17.727299,1548.809326,-212.207855,-143.871628,1059.29187,5.926368,-146.069168,1090.65271,199.889847,125.705658,1091.322876,202.198624,120.633575,1072.268677,-8.522011
2.258,51.127304,1675.452515,210.658432,42.832348,1685.266724,101.867279,127.652718,1619.700439,159.888885,13.432035,1435.011353,210.843903,-59.936985,1272.751953,245.615814,58.528072,1258.597778,246.710114,36.740623,1330.066528,-13.621357,-151.523285,1361.388916,193.50267,-107.096565,1457.604614,64.435349,-208.972748,1302.700684,-26.067654,-200.458847,1277.010132,-144.677261,-176.558075,1263.388672,-399.776733,-211.942917,1351.153931,-408.743286,-171.753448,1265.548828,-480.727753,149.837219,1327.864014,219.81868,139.553345,1432.267334,92.650108,243.82692,1329.293579,7.999041,222.791763,1318.787231,-158.844528,23.96652,1482.171997,-201.584061,60.150543,1508.828125,-122.050323,-23.178448,1543.046265,-201.879578,-144.055527,1059.448242,5.524605,-146.205673,1090.675293,199.466232,125.508713,1091.027344,202.033173,120.540543,1072.455444,-8.793817
2.267,50.527683,1676.195923,208.57489,42.335033,1685.140381,99.657906,127.262878,1620.28772,158.287491,13.642473,1434.878662,210.972046,-59.956676,1272.620117,245.720444,58.468975,1258.27417,246.788818,36.801666,1329.748291,-13.397911,-151.430557,1361.410278,193.704987,-106.98806,1457.645508,64.744522,-207.606857,1302.696289,-28.63669,-200.554871,1277.135254,-144.384018,-176.712433,1263.295166,-399.479645,-212.081894,1351.217407,-408.615173,-172.024323,1265.38269,-480.352631,149.857224,1327.525635,220.11174,139.502853,1431.775269,92.775421,243.549774,1328.708008,7.935868,222.172668,1317.633545,-158.967056,20.527641,1477.118408,-194.521576,56.936398,1502.000122,-115.161766,-28.148157,1536.616089,-191.887848,-144.231461,1059.629272,5.224852,-146.304306,1090.595703,199.165237,125.338539,1090.593628,201.924896,120.444733,1072.752808,-9.014552
2.275,49.99073,1676.877686,206.444519,41.715153,1685.006958,97.775627,127.006889,1620.755371,156.617188,13.782113,1434.650879,211.264633,-60.017006,1272.270874,246.012161,58.411964,1257.882812,247.002258,36.901421,1329.54248,-13.121111,-151.365692,1361.285278,194.159409,-106.93325,1457.55481,65.218063,-208.107559,1302.560059,-28.197374,-200.634048,1277.097046,-143.940552,-177.301025,1262.969116,-398.697815,-212.188583,1351.03894,-408.19519,-172.263763,1265.012329,-479.802368,149.734436,1327.006714,220.396744,139.472595,1431.158447,93.008118,243.289017,1328.062866,8.060549,221.745422,1316.217163,-158.940598,17.442118,1471.686768,-188.056641,54.174076,1494.35437,-108.684601,-32.652863,1529.696533,-182.545273,-144.452026,1059.857422,4.990889,-146.373215,1090.33252,199.031494,125.172569,1090.029663,201.891205,120.401764,1073.125366,-9.236781
2.283,49.517246,1677.563721,204.21553,41.143513,1684.768677,95.444,126.636627,1621.203735,154.807266,13.812247,1434.213623,211.749466,-60.059074,1271.772583,246.454361,58.391506,1257.355347,247.326431,36.932789,1329.492065,-12.820788,-151.287918,1360.966797,194.82164,-107.060341,1457.294678,65.87326,-208.859116,1301.596069,-29.749411,-200.761856,1276.878174,-143.194473,-177.635101,1262.569946,-397.996582,-212.287643,1350.700684,-407.578766,-172.513489,1264.384277,-478.9646,149.703644,1326.452271,220.753189,139.632843,1430.609863,93.316727,242.945206,1327.321777,8.433332,221.344147,1314.488281,-158.646683,14.489114,1465.669678,-181.805603,51.933315,1486.598633,-102.396904,-36.701473,1521.917969,-173.578079,-144.715515,1060.073486,4.862933,-146.387772,1089.907349,199.052399,124.972923,1089.250977,201.83934,120.409393,1073.512573,-9.408382
2.292,48.996552,1678.131226,201.843781,40.540104,1684.199829,92.244476,126.21048,1621.411743,152.994019,13.80946,1433.65918,212.362518,-60.013287,1271.105103,247.043015,58.254871,1256.552002,247.756058,36.674435,1329.397949,-12.803001,-151.290878,1360.404785,195.685104,-107.17984,1456.943604,66.841133,-209.5298,1302.338257,-24.179729,-200.975983,1276.525146,-142.299561,-177.802856,1261.843994,-397.186798,-212.24971,1350.203125,-406.832886,-172.742188,1263.663086,-478.08194,149.659729,1325.811646,221.314682,139.467285,1429.71167,93.900475,242.585876,1326.472656,8.97642,220.954132,1312.394897,-158.203827,11.830258,1459.289307,-175.79628,49.935303,1478.311401,-96.453415,-40.441708,1513.409912,-165.152267,-145.017914,1060.317505,4.777252,-146.415924,1089.278076,199.205246,124.95266,1088.545166,201.773483,120.450111,1073.919189,-9.555053
2.3,48.436096,1678.521362,199.371628,39.983528,1683.808594,88.982628,125.762894,1621.487427,151.037231,13.814837,1433.034424,213.032272,-60.050308,1270.260376,247.648621,58.177982,1255.630127,248.3526,36.610561,1329.278687,-12.392877,-151.35585,1359.632935,196.603973,-107.369072,1456.312134,67.836121,-208.482269,1301.679688,-25.821064,-201.088348,1275.891602,-141.058655,-177.965698,1261.020142,-396.226227,-212.299789,1349.579956,-405.837372,-173.001144,1262.679321,-476.898773,149.618988,1324.938232,221.9599,139.61525,1428.909546,94.596275,242.268784,1325.345459,9.482902,220.789078,1310.091553,-157.503143,9.412749,1452.226562,-170.105698,48.277546,1469.988281,-90.703026,-44.103424,1504.095337,-157.097519,-145.34346,1060.533569,4.741881,-146.410934,1088.511108,199.402908,124.832924,1087.535889,201.811432,120.471092,1074.262817,-9.634544
2.308,48.040588,1678.815308,197.112305,39.533688,1683.211914,86.493408,125.465363,1621.477173,149.16568,13.814853,1432.344849,213.954575,-60.157692,1269.194214,248.491608,58.107319,1254.651611,248.943985,36.99437,1329.319214,-11.162825,-151.508453,1358.757324,197.753036,-107.550774,1455.582764,69.132622,-209.860855,1300.988281,-22.016541,-201.446609,1275.157471,-139.773071,-178.273727,1260.003174,-394.958862,-212.369797,1348.591675,-404.68222,-173.330566,1261.599243,-475.6091,149.41011,1323.956787,222.758957,139.642517,1427.980957,95.36956,241.833755,1324.078247,10.350059,221.201965,1307.498291,-156.755676,7.03287,1444.485352,-164.6436,46.514679,1461.602905,-85.35656,-47.540596,1493.736816,-149.468674,-145.684494,1060.628906,4.777815,-146.365677,1087.643311,199.705765,124.803688,1086.471191,201.763336,120.456627,1074.540894,-9.669575
2.317,47.603874,1678.886475,194.74881,38.781536,1682.321411,83.755966,125.114487,1621.263184,147.220795,13.788593,1431.492188,215.064774,-60.200699,1267.870605,249.339539,58.051125,1253.282349,249.799408,36.813187,1329.171265,-10.430894,-151.602325,1357.563232,199.187698,-107.896927,1454.79187,70.614586,-209.047867,1299.846313,-23.084497,-201.692902,1274.23645,-138.337357,-178.525314,1258.838379,-393.40921,-212.499939,1347.394287,-403.311188,-173.580582,1260.297974,-474.184387,149.287247,1322.900024,223.7948,139.594833,1426.883545,96.344864,241.55162,1322.67981,11.288017,221.006287,1304.421021,-155.70903,4.796749,1436.126587,-159.207916,45.001591,1452.922852,-80.420776,-50.909115,1482.617676,-142.22493,-146.065063,1060.636841,4.984861,-146.350677,1086.413086,200.05394,124.71489,1085.268066,201.80983,120.415016,1074.720093,-9.672116
2.325,47.064945,1678.824951,192.20285,38.282108,1681.241089,81.475342,124.519615,1620.741455,145.246216,13.656425,1430.418701,216.276993,-60.29377,1266.43689,250.286819,57.992188,1251.970581,250.607407,36.550797,1328.889648,-9.565453,-151.807724,1356.24646,200.599991,-108.364235,1453.763672,72.262238,-210.399643,1298.930664,-19.257582,-202.059799,1273.03894,-136.679901,-178.773285,1257.473877,-391.944061,-212.685715,1346.135376,-401.851227,-173.908096,1258.820312,-472.575195,149.099884,1321.654663,224.966736,139.679077,1425.922974,97.567062,241.14418,1320.974487,12.330399,220.990143,1301.108765,-154.420898,2.674424,1427.150146,-154.042953,43.524605,1444.276611,-75.84713,-54.190647,1470.701172,-135.624756,-146.373199,1060.581299,5.132882,-146.312378,1085.007812,200.485489,124.738373,1083.935669,201.817276,120.362984,1074.775635,-9.646688
2.333,46.677094,1678.429565,189.931183,37.832222,1680.250488,78.978447,124.05761,1620.047119,143.345825,13.528667,1429.328369,217.739212,-60.351471,1264.727783,251.445984,57.87635,1250.281128,251.562653,36.168293,1328.375366,-8.534717,-151.895813,1354.611084,202.283432,-108.784019,1452.519897,73.908997,-210.759399,1297.606079,-16.877237,-202.189102,1271.810425,-135.039825,-179.080551,1255.802856,-390.367462,-212.891235,1344.601196,-400.177979,-174.274048,1257.301636,-470.965454,148.944382,1320.305542,226.187576,139.549728,1424.350586,98.753265,240.971558,1319.161987,13.675869,221.004044,1297.61084,-153.016342,0.748772,1417.60022,-149.199692,42.125713,1435.610718,-71.588058,-57.034225,1458.254517,-129.437469,-146.678879,1060.422729,5.345283,-146.246719,1083.360474,200.806519,124.822098,1082.353394,201.735245,120.322708,1074.688477,-9.595216
2.342,46.441635,1677.654663,187.566696,37.328571,1678.718994,76.270599,123.916321,1619.041504,141.535294,13.393142,1427.877563,219.307541,-60.327271,1262.795532,252.60434,57.785248,1248.579102,252.568756,35.884815,1327.697632,-7.331893,-152.078278,1352.904053,203.962814,-109.192039,1451.098145,76.278275,-210.846939,1296.079834,-15.735192,-202.46965,1270.21228,-133.34903,-179.44516,1254.220215,-388.640839,-213.148697,1343.025146,-398.575195,-174.507462,1255.654663,-469.214539,148.827194,1318.726562,227.516144,139.461121,1422.864258,100.097084,240.460815,1316.913086,15.461574,220.839157,1293.925537,-151.324814,-0.89656,1407.768799,-144.58931,40.876869,1426.917969,-67.678902,-59.839336,1445.362671,-123.366173,-146.980545,1060.154785,5.613127,-146.173798,1081.579102,201.316681,125.244293,1080.663208,201.919342,120.244308,1074.485229,-9.522831
2.35,46.190235,1676.822754,185.424423,36.707943,1676.947998,74.508629,123.424072,1617.697266,139.546082,13.156291,1426.412354,220.985214,-60.402599,1260.695068,253.881638,57.693787,1246.48584,253.716553,35.473278,1326.811646,-6.068405,-152.411194,1350.949097,205.762634,-109.889442,1449.741699,78.199738,-211.386414,1294.385132,-13.895431,-202.665573,1268.657837,-131.352402,-179.814407,1252.456787,-386.84552,-213.400894,1341.295044,-396.759796,-174.847412,1253.858398,-467.382843,148.637833,1317.119751,228.967789,139.242569,1421.213135,101.366203,240.324234,1314.639404,16.951067,221.077759,1290.069702,-149.712189,-2.309477,1397.728394,-140.349579,39.694839,1418.421387,-64.076553,-62.072857,1432.420288,-118.816864,-147.308029,1059.644531,6.033381,-145.871597,1079.458496,201.791122,125.363068,1078.699463,202.388397,120.17028,1074.119385,-9.40964
2.358,45.697575,1675.595581,183.150818,36.219559,1675.319458,72.077766,122.869469,1616.238525,137.665176,12.993199,1424.752686,222.8255,-60.462906,1258.431885,255.168793,57.666317,1244.225098,254.945938,34.508759,1326.202515,-5.304986,-152.62616,1348.684326,207.783356,-110.457848,1447.757568,80.122208,-211.601013,1292.380127,-11.851352,-203.131516,1266.848877,-129.505508,-180.155075,1250.698364,-384.937927,-213.754349,1339.54895,-394.854095,-175.179642,1252.09082,-465.385284,148.448151,1315.146973,230.493256,139.167297,1419.435669,102.566605,240.321228,1312.386719,18.618975,221.447937,1286.202271,-147.884689,-3.684124,1387.411621,-136.43959,38.451054,1409.75,-60.762558,-64.328362,1419.105469,-114.415703,-147.52388,1059.095093,6.243994,-145.806412,1077.279053,202.016449,125.390755,1076.438477,202.600967,120.054047,1073.634399,-9.289926
2.367,45.395107,1674.088135,181.073639,35.332916,1672.848877,70.056557,122.412201,1614.448975,135.944366,12.653863,1422.777466,224.323196,-60.570538,1255.911011,256.511749,57.581207,1241.945068,256.121613,33.870518,1324.756958,-4.183938,-152.957993,1346.323608,209.679291,-111.05426,1445.860229,82.140083,-211.131424,1290.376343,-12.173646,-203.395065,1264.94519,-127.626732,-180.614838,1248.947388,-382.716583,-214.204742,1337.662109,-392.900085,-175.505157,1250.180054,-463.437256,148.238892,1313.097412,231.958099,139.107193,1417.437134,103.97863,240.353683,1309.973145,20.178551,222.051544,1282.40625,-146.05426,-5.00273,1376.944214,-132.976791,37.554146,1401.39856,-57.566879,-66.17881,1404.870117,-109.150757,-147.765808,1058.331177,6.398986,-145.704437,1074.943848,202.345016,125.382812,1074.031616,202.495651,119.953514,1073.069458,-9.166557
2.375,45.016102,1672.743042,178.906235,34.613277,1670.340454,69.320908,122.005508,1612.567993,134.204147,12.259597,1420.812988,225.937012,-60.661789,1253.184448,257.77774,57.352989,1239.486084,257.291962,32.348869,1321.345581,-3.104381,-153.303604,1343.793945,211.823242,-111.994057,1443.670166,84.642838,-211.991638,1288.021729,-11.358599,-203.725067,1262.894653,-125.489937,-180.654816,1247.158447,-380.998291,-214.720871,1335.754639,-390.829529,-176.380539,1248.090332,-461.129089,147.946182,1310.907959,233.565903,139.163483,1415.400269,105.432381,240.381866,1307.430786,21.863659,223.013733,1278.455933,-144.196411,-6.234013,1366.378906,-129.772858,36.518669,1392.834961,-54.772095,-67.844398,1390.710327,-105.14315,-148.104233,1057.353882,6.586948,-145.754532,1072.349365,202.639725,125.227379,1071.721558,202.741547,119.951248,1072.403442,-8.955491
2.383,44.691116,1670.93689,177.012283,34.152027,1668.273315,67.392159,121.552261,1610.475952,132.602219,12.041234,1418.527344,228.029373,-60.859734,1250.349731,259.07428,57.016457,1236.782593,258.49469,30.199459,1320.372681,-0.693373,-153.654205,1341.030518,213.855301,-112.965118,1440.747925,86.727493,-212.433426,1285.381714,-9.401564,-204.107742,1260.692627,-123.275986,-181.092529,1245.338501,-378.868744,-215.220703,1333.899414,-388.738342,-176.410141,1246.397461,-459.127563,147.658173,1308.593384,235.072739,139.292374,1413.19043,106.780197,240.759537,1305.149902,22.91255,224.249756,1274.314575,-142.181335,-6.811594,1356.133667,-126.77005,35.766861,1384.021973,-52.612129,-69.106621,1377.056641,-101.190086,-148.382538,1056.395508,6.684942,-145.732468,1069.650269,202.90303,125.22435,1069.182495,202.981079,119.967415,1071.45874,-8.750521
2.392,44.134956,1669.056152,175.280548,33.609844,1665.280273,65.490829,120.958046,1608.098755,130.96376,11.659357,1416.205811,229.787048,-61.128151,1247.339355,260.342834,56.765064,1234.024658,259.598297,29.587706,1318.242065,0.823235,-154.002777,1338.184692,216.151764,-113.706985,1438.006104,88.823555,-212.743668,1282.401733,-7.275158,-204.408966,1257.97168,-121.145081,-181.565689,1243.409668,-376.664459,-215.839722,1332.015015,-386.494202,-176.696915,1244.641235,-457.030212,147.22142,1306.111694,236.571426,139.462585,1411.005249,108.446236,242.222458,1303.876831,20.291878,225.653702,1270.085205,-140.028763,-7.16458,1346.257324,-123.984818,34.355556,1374.989258,-50.808636,-70.506233,1369.344116,-99.743797,-148.546387,1055.224121,6.743203,-145.660156,1066.830444,203.133698,125.287666,1066.482788,203.259567,119.954483,1070.350708,-8.571086
2.4,43.693848,1667.029907,173.305374,32.786999,1662.380493,63.384987,120.317909,1605.991211,129.561508,11.264869,1413.787598,231.615097,-61.387135,1244.223022,261.67218,56.477097,1231.066406,260.679565,29.393459,1316.500977,2.403315,-154.421631,1335.112671,218.232254,-115.055161,1435.305664,90.642815,-213.110336,1279.442017,-5.089483,-204.871262,1255.334351,-118.730637,-182.126068,1241.547852,-374.493317,-216.593811,1329.939941,-384.149261,-177.268158,1242.869263,-454.728394,146.843475,1303.533569,238.195572,139.570496,1408.724121,110.002815,242.340622,1300.737549,22.660923,226.807495,1265.432373,-137.689499,-7.730718,1338.500122,-122.079353,33.466156,1367.317505,-50.457916,-71.761292,1366.859863,-99.858459,-148.669754,1053.884521,6.913789,-145.770432,1063.967041,203.328857,125.248062,1063.640015,203.578262,120.107109,1069.234985,-8.400887
2.408,43.114227,1665.032593,171.492722,32.07341,1659.626343,61.789276,119.645958,1603.42749,128.204941,10.802998,1411.086182,233.304016,-61.444511,1241.007446,262.806152,56.162006,1228.175537,261.869904,29.529325,1314.944458,3.907109,-154.779282,1331.897217,220.287292,-116.046455,1432.874756,92.579231,-213.5616,1276.417969,-3.032338,-205.19899,1252.400269,-116.483322,-182.76442,1239.325806,-372.377502,-217.361969,1327.925537,-381.880554,-178.113083,1240.87207,-452.65979,146.339996,1300.902954,239.788544,139.589798,1406.403442,111.436928,242.911896,1297.630859,25.322195,227.375031,1260.608398,-135.173843,-7.964491,1333.426514,-121.520767,33.450882,1362.533203,-50.857006,-71.650627,1363.562378,-99.868149,-148.794327,1052.609009,7.045911,-145.887085,1060.932007,203.600723,125.171661,1060.919189,203.905441,120.184189,1067.865479,-8.161515
2.417,42.682285,1663.005615,170.004776,31.399532,1656.776245,60.446144,119.041267,1600.747192,127.127754,10.273075,1408.416016,234.984436,-61.480495,1237.741455,264.032959,55.939751,1225.128784,262.913757,29.864761,1313.446777,5.43019,-155.200119,1328.714233,222.14798,-116.572281,1430.390381,94.730919,-213.994324,1273.619141,-1.024243,-205.881042,1249.525391,-114.449242,-183.724747,1237.290527,-370.095184,-218.217087,1325.775879,-379.689514,-179.011414,1238.893311,-450.638824,145.891312,1298.253296,241.263275,139.668839,1404.088623,112.962318,242.443634,1293.879395,29.845995,227.403152,1255.262939,-132.5345,-7.74352,1329.911865,-121.190605,33.879406,1360.594849,-50.828308,-71.337006,1360.513672,-99.69017,-148.930099,1051.208252,7.219093,-145.965057,1057.871704,203.933762,125.069099,1058.095459,204.207901,120.362953,1066.399414,-7.912234
2.425,42.021828,1660.922974,168.52179,30.539995,1653.869751,58.967609,118.414459,1598.135864,126.239288,9.816961,1405.744507,236.539291,-61.568951,1234.50293,265.138153,55.69474,1222.080444,263.880096,34.941879,1314.895996,7.488845,-155.510925,1325.658813,223.768326,-116.590355,1428.104736,97.060059,-214.341568,1270.970337,0.997873,-206.566147,1246.810181,-112.314606,-184.622238,1235.11084,-368.249695,-219.027908,1323.713623,-377.573944,-180.602203,1236.633545,-448.621948,145.282837,1295.607666,242.78833,139.670517,1401.631958,114.321152,242.563705,1290.334351,32.838619,226.853363,1249.865234,-129.971497,-7.644075,1327.032349,-120.777786,34.777924,1359.974854,-50.72028,-70.997543,1357.497437,-99.076363,-149.039886,1049.723022,7.433351,-146.131943,1054.757446,204.276688,124.981453,1055.173096,204.498718,120.53788,1064.817627,-7.742157
2.433,41.534634,1659.047852,167.31636,29.916082,1651.191284,57.978714,117.747665,1595.80127,125.466049,9.448605,1403.081665,238.176254,-61.665424,1231.472168,266.144562,55.462917,1219.122681,264.760284,33.93845,1312.541626,8.78776,-155.766052,1322.732056,225.359543,-116.917633,1426.074463,98.972649,-214.718918,1267.713257,2.432371,-207.195969,1244.36731,-110.345375,-185.765381,1233.027832,-366.607758,-219.630341,1321.724487,-375.707184,-182.039398,1234.60437,-447.053101,144.746735,1292.896606,244.118103,139.784515,1399.140991,115.686081,242.35881,1286.615845,34.978172,226.044693,1244.63147,-127.606857,-7.519579,1324.320312,-120.019058,35.631943,1359.372437,-50.372383,-70.729416,1354.612427,-98.098045,-149.102097,1048.155029,7.628347,-146.179199,1051.618286,204.62619,124.914703,1052.310425,204.766647,120.779465,1063.107544,-7.442866
2.442,40.843819,1657.037109,166.05452,29.285862,1648.610474,57.288296,116.940277,1593.516968,124.928955,9.151522,1400.629517,239.511093,-61.85487,1228.521851,266.960754,55.141243,1216.15918,265.594635,33.344234,1310.234131,10.071754,-155.927139,1319.922852,226.778366,-117.081116,1423.856689,100.562424,-215.298477,1265.437012,4.311433,-208.013763,1242.198853,-108.611229,-187.162018,1230.967529,-365.175476,-220.236115,1320.189453,-374.200256,-183.621948,1232.456055,-445.557281,144.273621,1290.202393,245.297638,140.039429,1396.678711,116.889854,242.167633,1282.816528,36.864445,225.074127,1239.791992,-125.652802,-7.521942,1321.67627,-118.96431,35.913776,1357.325562,-49.449482,-70.544731,1352.310547,-96.9235,-149.086517,1046.48877,7.982544,-146.284012,1048.656738,205.106247,124.797852,1049.529785,205.043045,120.906357,1061.3396,-7.266494
2.45,40.187008,1655.339111,165.314224,28.432161,1645.958008,56.202576,116.319595,1591.291382,124.578514,8.993424,1398.187744,240.564804,-61.937977,1225.742188,267.710327,54.893131,1213.355225,266.333923,33.071308,1307.846069,11.246463,-156.082825,1317.346191,227.993332,-117.248039,1421.73645,101.947861,-216.118637,1264.157471,5.448532,-208.867844,1239.964844,-107.17112,-188.728912,1229.13501,-363.684296,-220.738647,1318.669678,-372.941772,-185.109131,1230.696289,-444.303253,143.865967,1287.534424,246.37793,140.186737,1394.168457,117.996964,241.702515,1279.140137,38.228951,224.236664,1235.719604,-124.07531,-7.63902,1319.392456,-117.622856,36.044106,1354.490845,-48.254433,-70.403526,1350.615723,-95.734772,-149.077957,1044.889404,8.308949,-146.457703,1045.744873,205.513138,124.658669,1046.792969,205.260788,121.032501,1059.528076,-7.033187
2.458,39.725674,1653.548096,164.65065,29.028599,1642.420044,51.508141,115.808884,1589.48291,124.387283,8.882105,1395.936523,241.525192,-62.034847,1223.080933,268.38266,54.678017,1210.68396,266.960114,33.096607,1305.604614,12.326488,-156.149551,1314.872314,229.135986,-117.011917,1419.421509,103.037483,-217.105743,1262.356812,6.39966,-209.792755,1238.007202,-105.961563,-189.980743,1227.919556,-362.837067,-221.0177,1317.854248,-371.964111,-186.569946,1229.146484,-443.350037,143.634659,1284.989746,247.356049,140.342407,1391.82019,118.976234,240.89505,1275.673828,39.191681,223.452072,1232.467285,-122.910149,-7.635138,1317.487061,-116.172836,36.209713,1351.397949,-46.613892,-70.307373,1349.265625,-94.234085,-148.913834,1043.209473,8.81963,-146.628036,1042.974976,206.023758,124.465286,1044.200806,205.510834,121.137062,1057.75769,-6.901237
2.467,39.134609,1651.970337,164.3284,28.139208,1638.592896,54.396141,115.265541,1587.63916,124.396332,8.986372,1393.834595,242.299469,-62.06551,1220.7323,268.978241,54.467106,1208.10376,267.284485,33.194267,1303.359619,13.290743,-156.177994,1312.692383,230.215485,-117.888092,1418.21228,104.383163,-211.769852,1259.913818,10.0593,-210.787903,1236.55957,-104.996544,-191.165436,1227.230225,-362.140503,-221.248459,1317.544922,-371.29718,-187.942535,1228.19397,-442.505005,143.369934,1282.638916,248.180603,140.7509,1389.654297,120.06971,239.752609,1272.389893,39.87273,222.774551,1229.881104,-122.06974,-7.670726,1315.921143,-114.680298,36.042747,1347.891724,-44.355888,-70.374557,1348.22522,-92.717094,-148.915054,1041.550293,9.19979,-146.8311,1040.487793,206.444992,124.214485,1041.651001,205.764633,121.211319,1055.98291,-6.794179
2.475,38.658634,1650.343018,164.570892,26.819937,1635.895264,57.9193,114.79705,1586.18103,124.530907,9.122313,1391.904663,243.070068,-62.110897,1218.630493,269.499573,54.351398,1205.974731,267.65332,33.398048,1301.313599,14.122268,-156.164978,1310.773682,231.0849,-116.940948,1415.626221,105.255127,-211.573914,1258.513672,10.754641,-211.837036,1235.760376,-104.508202,-192.040009,1227.192383,-361.853851,-221.54657,1317.732178,-370.816071,-188.671555,1228.225098,-442.137238,143.21669,1280.298462,248.739288,141.253311,1387.847168,120.94825,238.47261,1269.387329,40.116623,222.182312,1227.995728,-121.648582,-7.838298,1314.340698,-113.036613,35.887318,1344.933228,-42.249012,-70.471367,1347.246216,-91.30442,-148.91655,1039.992798,9.624434,-146.850876,1038.204468,206.769287,123.959259,1039.327637,206.043259,121.436424,1054.30603,-6.732446
2.483,38.062706,1649.104126,164.993408,26.199436,1634.371338,58.390057,114.395149,1584.840698,124.974525,9.17872,1390.265625,243.719635,-62.137047,1216.786865,269.899048,54.222504,1203.889648,267.940582,33.885544,1299.403687,14.884231,-156.22934,1309.034668,231.852188,-117.168091,1414.058838,105.987572,-211.944901,1257.176636,11.29686,-212.649246,1235.366943,-104.419769,-192.725403,1227.808716,-361.762573,-221.843002,1318.500244,-370.406982,-189.121094,1228.986084,-441.875,142.957993,1278.188721,249.435272,141.61116,1386.349731,121.718941,237.507767,1266.942749,40.141342,221.745605,1226.717041,-121.279556,-8.076742,1312.995117,-111.239395,35.672546,1342.214111,-40.067154,-70.690948,1346.161011,-89.995743,-149.036209,1038.633545,9.923435,-146.978149,1036.076782,207.244934,123.733765,1037.157837,206.370621,121.483315,1052.68042,-6.717339
2.492,37.838921,1647.884766,165.88562,25.69648,1633.164551,59.086426,114.06356,1583.839844,125.430794,9.080711,1388.822266,244.189545,-62.221684,1215.226807,270.269073,54.168465,1202.230347,268.149597,34.193913,1297.185303,15.420038,-156.259125,1307.574097,232.340286,-117.305237,1412.723755,106.716873,-212.593048,1256.078857,11.707726,-213.499069,1235.382935,-104.525085,-193.162155,1229.121582,-361.944794,-222.05072,1319.894897,-370.164886,-189.419418,1230.352173,-441.854279,142.856247,1276.672974,249.836044,141.852234,1385.17749,122.275696,236.776672,1265.357422,39.731277,221.399872,1225.969238,-121.196068,-8.366737,1311.600342,-109.527473,35.412796,1340.232788,-38.248135,-70.932884,1345.062012,-88.575081,-149.20636,1037.507202,10.188252,-147.041962,1034.613159,207.65947,123.495201,1035.200684,206.658463,121.589127,1051.140137,-6.813218
2.5,37.61684,1646.993042,166.7323,25.341818,1632.472778,59.969975,113.782928,1582.954712,126.275879,9.095455,1387.652588,244.561829,-62.204124,1213.974609,270.503876,54.059799,1200.873169,268.268585,34.04018,1295.441772,15.637836,-156.335815,1306.329346,232.797424,-117.484711,1411.698364,107.225304,-213.398178,1255.109131,11.720397,-214.521179,1235.775146,-104.877556,-193.361435,1231.143799,-362.382996,-222.195435,1321.933228,-369.979645,-189.303513,1232.871582,-442.166412,142.684006,1275.234375,250.071854,141.994156,1384.265503,122.770851,236.390915,1264.44751,38.468597,221.079376,1225.550049,-121.293602,-8.671044,1310.348877,-108.086304,35.181858,1338.863892,-36.816971,-71.183044,1343.984131,-87.028328,-149.442093,1036.591187,10.409414,-147.114334,1033.160522,208.013641,123.355431,1033.638306,206.913834,121.571327,1049.620728,-6.858679
2.508,37.349655,1646.302856,167.826965,25.119247,1632.20752,60.987652,113.578117,1582.434937,127.167824,8.901567,1386.791992,244.817078,-62.275608,1213.054565,270.736298,54.052723,1199.947998,268.221527,33.699596,1293.858765,15.876733,-156.485809,1305.383911,233.049652,-117.634926,1410.848755,107.721931,-214.335785,1254.377808,11.740961,-215.475128,1236.279785,-105.242348,-193.247833,1233.762573,-362.906525,-222.288467,1324.805054,-369.827148,-188.975418,1236.394775,-442.673431,142.638367,1274.41272,250.136139,141.907043,1383.741455,122.999504,235.991913,1264.085083,37.898048,220.80983,1225.477783,-121.50972,-8.968277,1309.616577,-107.119522,34.968842,1338.025269,-35.841225,-71.396744,1343.106812,-85.60939,-149.674881,1035.869995,10.68084,-147.110626,1032.452148,208.390366,123.2323,1032.278076,207.104279,121.614677,1048.387085,-6.980034
2.517,37.201054,1645.898193,169.104462,24.97719,1632.271484,62.203522,113.41008,1582.226929,128.143585,8.725204,1386.276855,244.918854,-62.304893,1212.487793,270.756989,54.044044,1199.412842,268.113953,33.278522,1292.532227,15.893418,-156.625198,1304.726685,233.143875,-117.858856,1410.248047,108.195251,-215.117233,1254.11792,11.584373,-216.417831,1236.842163,-105.713654,-192.983948,1237.225342,-363.665375,-222.210999,1328.300781,-369.632812,-188.265228,1241.114014,-443.560089,142.612122,1274.01709,249.969208,141.636627,1383.566406,122.867691,235.994354,1264.31897,37.776134,220.631989,1225.749756,-121.843933,-9.335722,1309.212158,-106.536438,34.612125,1337.461914,-35.185528,-71.632584,1342.668091,-84.685326,-149.832367,1035.47583,10.8068,-147.070892,1032.052612,208.650665,123.254784,1031.476318,207.185043,121.560936,1047.12854,-7.119297
2.525,37.046036,1645.681763,170.680023,24.775061,1632.691162,63.578487,113.282784,1582.319702,129.210281,8.53291,1386.07251,244.876602,-62.249355,1212.236816,270.673309,54.088737,1199.288696,267.936401,32.862194,1291.542114,15.649139,-156.721405,1304.296997,233.090363,-118.135399,1409.94812,108.271759,-215.812027,1253.946777,11.577046,-217.288086,1237.228271,-106.295471,-192.852097,1241.672119,-364.525665,-222.032303,1332.752441,-369.305542,-187.183243,1246.904907,-444.434113,142.605499,1274.096924,249.705093,141.164566,1383.747437,122.56797,236.05925,1265.005249,37.979782,220.525925,1226.351562,-122.31237,-9.764305,1309.099854,-106.437759,34.205357,1337.097412,-34.990517,-71.995293,1342.439453,-84.035912,-150.006561,1035.360718,10.894918,-146.969772,1032.014648,208.855667,123.332909,1031.013306,207.198654,121.584213,1046.312378,-7.184016
2.533,36.841335,1645.79541,172.222458,24.718283,1633.47522,65.055885,113.12249,1582.676636,130.342911,8.252913,1386.18689,244.58844,-62.178257,1212.354126,270.532196,54.266148,1199.645752,267.637054,32.373722,1291.130005,15.286998,-156.814407,1304.221191,232.89856,-118.413452,1409.930786,108.122459,-216.056976,1254.407837,11.108048,-217.926437,1238.009399,-107.09201,-192.318253,1246.961914,-365.566223,-221.75293,1338.005981,-369.14563,-185.727295,1253.849365,-445.486481,142.62291,1274.569946,249.204834,140.499878,1384.215454,122.115036,236.271515,1266.327881,38.348774,220.548523,1227.226929,-122.961479,-10.273966,1309.14209,-106.668854,33.725685,1336.94104,-35.10128,-72.516365,1342.707642,-84.568298,-150.145721,1035.54895,10.928541,-146.825424,1032.304932,208.948654,123.512093,1030.985229,207.112686,121.647636,1045.867188,-7.339062
2.542,36.638531,1646.236572,173.870224,24.596643,1634.732056,66.547432,112.962311,1583.3479,131.694153,7.985597,1386.629517,244.141983,-62.010307,1212.867065,270.281891,54.461582,1200.379272,267.199127,31.921347,1291.208984,14.774669,-156.878571,1304.485718,232.564346,-118.717468,1410.20752,107.700256,-215.921982,1255.524902,10.052279,-219.287964,1239.893188,-108.118584,-191.051697,1253.524048,-366.503143,-221.235153,1344.238525,-368.821625,-183.966888,1261.838989,-446.849091,142.743103,1275.613159,248.680573,139.897598,1385.067993,121.342163,236.424118,1267.773315,38.077072,220.43428,1228.425659,-123.711235,-10.871803,1309.288574,-107.189369,33.164337,1337.056519,-35.475113,-73.189331,1343.001221,-85.22921,-150.225128,1035.992065,10.903046,-146.575745,1032.980957,209.072876,123.750984,1031.339966,206.947647,121.696449,1045.677856,-7.488432
2.55,36.371693,1647.022461,175.505234,24.4606,1636.113403,68.110519,112.817139,1584.360474,132.961777,7.740542,1387.483154,243.523605,-61.779537,1213.748047,269.934204,54.615578,1201.498535,266.805023,31.537161,1291.796265,13.993031,-156.962845,1305.057251,232.046494,-118.944199,1410.849487,107.244652,-216.009857,1256.571899,9.262708,-220.397156,1242.123535,-109.315086,-190.342148,1260.719238,-367.734985,-220.504929,1351.307495,-368.491699,-181.71846,1271.231812,-448.229004,142.819199,1277.027222,247.806503,139.175934,1386.19104,120.369965,236.732162,1269.736938,37.548508,220.493454,1229.998413,-124.527336,-11.611386,1309.563354,-107.931747,32.495472,1337.411621,-36.126411,-73.935692,1343.276123,-85.957962,-150.161484,1036.712646,10.788157,-146.313904,1033.958862,209.095428,124.110542,1032.169678,206.753281,121.746414,1045.871826,-7.608783
2.558,36.075439,1647.878418,177.331955,24.426725,1637.890991,69.676559,112.63308,1585.638306,134.223404,7.625752,1388.562012,242.685776,-61.608032,1214.932739,269.439056,54.906174,1203.091675,266.176392,31.206255,1292.839233,13.080092,-156.988312,1305.880859,231.368729,-119.160538,1411.726685,106.914284,-216.368011,1258.79541,8.328814,-221.679001,1245.073242,-110.667496,-189.002533,1268.824463,-369.21463,-219.441803,1359.292603,-368.06488,-179.352448,1281.895386,-449.401611,142.91394,1278.772095,246.793152,138.717178,1387.734985,119.366821,237.095093,1271.895996,36.573227,220.5056,1231.767578,-125.541626,-12.180189,1309.828125,-108.54184,31.818043,1337.971313,-36.945377,-74.693092,1343.621094,-86.718338,-149.985657,1037.654297,10.816176,-146.021027,1035.360596,208.910431,124.569008,1033.359497,206.382919,121.747398,1046.403931,-7.675292
2.567,35.881737,1648.94873,178.956558,24.294397,1639.973389,71.265297,112.383202,1587.156982,135.649368,7.558934,1389.978394,241.56987,-61.28059,1216.459473,268.917389,55.188835,1204.966919,265.514648,30.902023,1294.334473,12.084843,-157.022369,1307.116211,230.582794,-119.27121,1412.792847,106.242447,-216.564255,1260.743042,7.336242,-222.845245,1248.999023,-112.249435,-187.427368,1278.056152,-370.690186,-217.920074,1368.358643,-367.395386,-176.505402,1293.978271,-450.495422,143.055908,1280.678711,245.657959,138.119019,1389.334473,117.946297,237.12207,1274.022095,35.778641,220.564133,1233.814331,-126.724091,-12.789389,1310.173096,-109.414009,31.177753,1338.768311,-38.022949,-75.533478,1344.098022,-87.573395,-149.709488,1038.753784,10.692155,-145.710175,1036.768311,208.880493,124.938988,1034.929199,205.994598,121.769562,1047.314819,-7.788366
2.575,35.454536,1650.256958,180.627625,24.13777,1642.239258,72.818893,112.137062,1588.945679,136.833557,7.455793,1391.570557,240.486069,-61.02956,1218.408447,268.247284,55.505875,1207.052856,264.731445,30.672497,1296.161865,10.944443,-156.980026,1308.623535,229.808792,-119.356857,1414.246094,105.366707,-217.035812,1263.379395,6.12355,-224.469818,1252.944702,-114.259918,-186.051468,1287.606323,-372.186768,-215.907104,1378.309082,-366.423798,-172.881714,1307.191528,-451.517822,143.274445,1283.001099,244.456726,137.874451,1391.425537,116.589981,237.299759,1276.518311,34.691685,220.605392,1236.03833,-128.037872,-13.492645,1310.544312,-110.381332,30.577766,1339.694214,-39.183479,-76.437004,1344.745728,-88.601784,-149.478317,1040.082275,10.688808,-145.439102,1038.719116,208.725082,125.310463,1036.78894,205.562012,121.881721,1048.733276,-7.858864
2.583,35.017864,1651.87146,182.176483,23.985367,1644.686279,74.342842,111.849022,1590.814331,138.102676,7.457985,1393.459961,239.154907,-60.676991,1220.509521,267.431641,55.92672,1209.547852,263.778259,30.447443,1298.279663,9.713425,-156.850723,1310.491699,228.79921,-119.251877,1415.924194,104.662445,-218.048325,1266.664429,4.842795,-225.597488,1257.705078,-115.911453,-183.226822,1299.162476,-373.40448,-213.537308,1389.044556,-365.346252,-168.906296,1321.238525,-452.149353,143.5056,1285.501709,243.121033,137.334396,1393.557495,115.019234,237.32634,1279.224487,33.172668,220.705185,1238.455688,-129.579498,-14.157952,1311.143677,-111.426537,29.989614,1340.822388,-40.442963,-77.160042,1345.281128,-88.931313,-149.145157,1041.40271,10.695864,-145.006317,1040.68042,208.681015,125.680908,1038.963501,205.054153,121.862549,1050.171387,-7.867046
2.592,34.605396,1653.523804,183.954102,23.740643,1647.325928,75.767807,111.463081,1592.920044,139.292923,7.376534,1395.494995,237.715118,-60.350445,1222.96936,266.574005,56.210407,1212.185425,262.82135,30.23805,1300.604614,8.370131,-156.741669,1312.516113,227.68158,-119.088158,1417.82605,103.71003,-219.008896,1270.334351,3.488763,-227.259277,1263.200928,-117.986107,-180.533035,1310.615112,-374.465424,-210.700729,1400.362183,-363.873322,-164.47345,1336.091431,-452.364319,143.518127,1288.165161,241.574066,136.932999,1395.800903,113.320076,237.359924,1282.100952,31.622667,220.7854,1241.053223,-131.294525,-14.798416,1311.94873,-112.563293,29.643084,1342.119873,-41.834919,-77.872276,1346.478271,-90.42701,-148.798309,1042.908691,10.610331,-144.709885,1042.953125,208.544861,125.988693,1041.336426,204.469849,121.939911,1051.926758,-7.960455
2.6,34.170475,1655.409424,185.171173,23.411272,1650.242432,77.095016,111.056152,1595.066528,140.437622,7.347516,1397.682861,236.180878,-60.09346,1225.491821,265.59259,56.504417,1215.067749,261.778839,32.912067,1304.787109,7.082743,-156.664413,1314.751343,226.369781,-118.747887,1419.978516,102.785599,-220.391449,1274.943359,1.798925,-229.478714,1269.217041,-119.861275,-177.883057,1323.229126,-375.261566,-207.339264,1412.406006,-361.929474,-159.745224,1351.685547,-452.034912,143.658371,1290.956665,239.817596,136.451706,1398.315063,111.441757,237.306229,1285.057617,29.914448,220.863708,1243.789917,-133.114166,-15.333835,1312.942871,-113.726425,29.293392,1343.443115,-43.226173,-78.583466,1347.922852,-91.891472,-148.522629,1044.482422,10.792665,-144.380798,1045.429077,208.333374,126.234848,1043.967285,203.93309,121.908165,1053.633667,-8.08512
2.608,33.478119,1657.222412,186.588333,23.099064,1653.091553,78.223366,110.450905,1597.201416,141.550751,7.363811,1400.03125,234.422882,-59.877937,1228.292603,264.493896,56.819019,1218.014282,260.607727,32.427593,1307.166992,5.216688,-156.591751,1317.276733,225.207748,-118.222092,1422.224487,101.913338,-221.741455,1279.409912,0.273468,-231.670914,1275.540527,-121.75515,-174.278244,1336.177124,-375.624542,-203.325729,1425.143555,-359.531647,-154.795456,1367.857544,-450.977905,143.978683,1293.91272,237.988235,135.991898,1400.804321,109.413292,237.183472,1287.986816,27.880125,220.792816,1246.526001,-135.123108,-15.940741,1314.005249,-115.056328,29.244373,1344.900024,-44.687637,-79.132812,1349.212891,-92.466705,-148.143936,1046.036255,10.725107,-144.049652,1048.125977,208.223297,126.445961,1046.808228,203.390259,121.912773,1055.508911,-8.194484
2.617,32.888004,1658.981934,187.915268,22.726595,1655.803833,79.478699,110.014801,1599.47998,142.487518,7.565065,1402.431152,232.643143,-59.68404,1231.199707,263.356354,57.084755,1221.087891,259.310089,32.005959,1309.472534,3.431818,-156.475998,1319.943481,223.7892,-117.700096,1424.677124,100.877762,-224.07869,1285.01062,-0.895637,-233.747025,1282.245483,-124.119598,-170.844559,1349.720947,-375.590149,-198.91333,1438.047485,-356.719299,-150.286987,1383.20813,-449.154541,144.126068,1296.931274,236.064301,135.485397,1403.365723,107.181305,237.13916,1290.95459,25.755901,220.659592,1249.25293,-137.265015,-16.417086,1315.57605,-116.404762,29.241282,1346.600708,-46.226704,-79.571136,1351.13623,-93.709503,-147.918457,1047.678711,10.78784,-143.800583,1050.967896,208.017822,126.577675,1049.798218,202.857574,121.838028,1057.343628,-8.402322
2.625,32.230358,1660.75769,189.249939,22.366898,1658.460693,80.702232,109.459869,1601.608276,143.604507,7.688961,1404.8302,230.752914,-59.571663,1234.296021,262.101929,57.298019,1224.289429,258.080872,31.903568,1312.086426,1.364064,-156.39711,1322.647461,222.283752,-116.95797,1427.15979,99.787689,-225.930466,1290.377686,-2.429734,-236.017548,1289.223877,-126.109406,-167.152176,1363.856201,-375.008026,-194.032501,1451.387695,-353.460846,-143.014938,1400.642334,-446.683624,144.383026,1299.96582,233.97261,134.949356,1405.971191,104.857643,236.892609,1293.857544,23.415464,220.315018,1251.980103,-139.51001,-16.962683,1317.421875,-117.976532,29.323378,1348.355713,-47.659561,-80.043961,1353.579712,-95.510483,-147.773117,1049.165771,10.856647,-143.435028,1053.971924,207.859802,126.811966,1052.808594,202.29718,121.723061,1059.2052,-8.58738
2.633,31.530979,1662.644287,190.529434,21.953121,1661.150146,81.752632,108.91008,1603.719604,144.555588,7.951923,1407.282837,228.757401,-59.361835,1237.351074,260.788788,57.508644,1227.460571,256.683746,31.589594,1314.450317,-0.783785,-156.259491,1325.467407,220.875641,-116.169891,1429.772949,98.784714,-227.585907,1296.152222,-4.386567,-238.145889,1296.482178,-128.101074,-162.835861,1377.784668,-373.922943,-188.757416,1464.94104,-349.57785,-136.410217,1416.995361,-443.669556,144.638306,1302.941528,231.671402,134.450974,1408.512085,102.491112,236.580078,1296.848633,21.091673,219.83812,1254.583618,-141.850571,-17.51178,1319.576538,-119.486542,28.650034,1349.680908,-48.921925,-80.137451,1356.086304,-97.201492,-147.437561,1050.766846,10.83479,-143.142929,1057.021606,207.576218,126.941292,1055.86145,201.750381,121.585243,1061.077515,-8.874331
2.642,30.958811,1664.17981,191.835999,21.387501,1664.040649,82.341026,108.392441,1605.704956,145.530365,8.156347,1409.706909,226.842377,-59.207512,1240.394043,259.476288,57.809044,1230.649292,255.265381,31.67009,1317.019287,-3.154098,-156.172623,1328.334839,219.38475,-115.41069,1432.381958,97.740334,-229.37001,1302.071045,-6.085147,-240.238068,1303.980835,-130.504852,-158.337234,1391.905273,-372.436157,-182.756561,1478.509888,-345.08194,-128.554108,1433.627686,-439.733826,144.82991,1306.009521,229.447311,133.802399,1411.043823,99.931152,236.119934,1299.634033,18.466997,219.130554,1256.987671,-144.31662,-18.08267,1321.94812,-121.073105,28.301643,1351.525146,-50.583263,-80.658417,1358.543457,-97.448448,-147.398926,1052.179077,10.965209,-142.939621,1060.039551,207.279755,127.086121,1058.99646,201.238022,121.304176,1062.852417,-9.209019
2.65,30.07445,1665.724365,192.86824,20.872868,1666.740601,82.170143,107.842094,1607.554199,146.459229,8.360582,1412.122681,224.704849,-59.069595,1243.425537,258.093414,58.042583,1233.81189,253.834549,31.646688,1319.069214,-5.197622,-156.066299,1331.127686,217.860138,-114.715538,1435.021606,96.665154,-231.086685,1307.988159,-7.733807,-242.256607,1311.561157,-132.373459,-153.653305,1405.902222,-370.329193,-176.319824,1491.976807,-340.034363,-120.870407,1449.966553,-434.964417,144.883316,1308.960815,227.060196,133.254929,1413.476196,97.250916,235.669647,1302.241699,15.816396,218.36821,1259.351074,-146.860931,-18.606363,1324.477173,-122.697472,28.277206,1353.578125,-52.077442,-80.929985,1361.634521,-99.059486,-147.21312,1053.516968,10.94838,-142.70546,1063.099121,207.018509,127.234322,1062.043823,200.705246,121.084686,1064.48645,-9.542492
2.658,29.45936,1667.054688,193.860382,20.497293,1669.031006,82.571121,107.217255,1609.20752,147.268768,8.470023,1414.304321,222.689499,-58.954746,1246.440674,256.61969,58.145741,1236.808472,252.271378,31.314947,1321.026001,-6.939938,-155.876968,1333.914917,216.390244,-114.05825,1437.641724,95.644028,-232.870331,1313.784546,-9.265606,-243.940552,1319.246338,-134.129089,-148.668472,1419.87793,-367.822845,-169.261856,1505.015625,-334.364471,-111.930771,1465.714111,-429.592255,145.030746,1311.759521,224.666214,132.814331,1415.704834,94.616791,235.206573,1304.631836,13.284993,217.509598,1261.722412,-149.540436,-19.356245,1326.79541,-124.125008,27.956341,1355.633667,-53.824802,-81.266975,1364.862671,-100.522522,-147.162994,1054.78064,10.889689,-142.548416,1066.058105,206.665054,127.244949,1065.065918,200.204483,120.706512,1066.059082,-9.904005
2.667,28.78764,1668.159058,195.043396,20.154585,1670.720093,83.788994,106.541367,1610.663574,148.06665,8.649658,1416.460449,220.537918,-58.933456,1249.338989,255.089706,58.333714,1239.800049,250.669693,30.727032,1323.061401,-8.384589,-155.715393,1336.631836,214.907043,-113.300331,1440.153931,94.65155,-234.560028,1319.707642,-10.724962,-245.5224,1327.186157,-136.219727,-143.460907,1433.474243,-364.946747,-161.869781,1517.84668,-328.156281,-103.357445,1480.930542,-423.623474,145.144058,1314.47644,222.15062,132.142319,1417.862305,91.757721,234.747177,1307.075195,10.312039,216.485275,1263.871338,-152.362228,-20.15453,1329.387695,-125.789536,27.78367,1357.692261,-55.422283,-81.682205,1368.059082,-101.792999,-147.145828,1055.824219,10.854936,-142.403687,1068.789795,206.269745,127.240776,1067.960327,199.684723,120.361694,1067.376587,-10.367768
2.675,28.111223,1669.190552,196.158508,19.766722,1672.630005,85.088303,105.983185,1611.938477,148.91954,8.729187,1418.51001,218.610779,-59.041996,1252.161499,253.511459,58.479729,1242.652588,249.111343,30.214577,1324.714355,-9.637152,-155.726135,1339.194824,213.402328,-112.640335,1442.577515,93.615295,-236.111725,1325.615356,-12.098134,-246.867767,1335.065918,-137.798096,-137.96727,1446.775513,-361.530182,-154.401428,1530.042847,-321.515381,-94.925468,1495.357422,-417.301025,145.387558,1317.068115,219.687775,131.588959,1419.862671,88.933739,234.126556,1309.245728,7.4175,215.427216,1265.921997,-155.153915,-21.057686,1331.917603,-127.4319,27.337015,1359.664551,-57.208595,-82.159477,1371.177734,-102.923256,-147.093948,1056.674438,10.844672,-142.273117,1071.450073,205.809998,127.317474,1070.729248,199.134171,119.94828,1068.639648,-10.83471
2.683,27.59712,1670.063354,197.230911,19.479076,1674.046753,86.531525,105.570053,1613.13208,149.701752,8.948474,1420.264404,216.639664,-59.02174,1254.834595,252.059875,58.545906,1245.322021,247.573395,29.483839,1326.435425,-10.860831,-155.586792,1341.74646,211.943954,-111.98967,1444.84375,92.475685,-237.319855,1331.473145,-13.39991,-247.865524,1342.751831,-139.732697,-132.646866,1459.797607,-357.842834,-147.02095,1542.069214,-314.414398,-86.118248,1509.272827,-410.130341,145.553894,1319.481812,217.240173,131.097183,1421.655518,86.228531,233.272034,1311.218872,4.57266,214.327576,1267.877441,-157.979645,-22.164913,1334.077881,-128.872345,27.085871,1361.579834,-58.789795,-82.512604,1374.339722,-104.4748,-147.125092,1057.383667,10.838525,-142.11937,1073.857544,205.311569,127.359581,1073.40686,198.556885,119.475525,1069.740479,-11.318353
2.692,27.045065,1670.708496,198.274612,19.175961,1675.285034,87.809387,105.173462,1614.134521,150.515823,9.257793,1421.862061,214.765869,-58.93058,1257.365112,250.642776,58.650223,1247.771973,245.930145,29.205812,1327.636108,-11.939912,-155.423996,1344.115845,210.571701,-111.270073,1447.05127,91.405373,-238.433151,1336.864502,-14.567426,-248.549759,1350.400513,-141.269882,-127.080574,1472.419922,-353.702759,-138.392807,1552.778564,-306.364502,-77.456535,1522.501099,-402.766052,145.583008,1321.646606,214.788589,130.561508,1423.362793,83.566589,232.554092,1313.000122,1.768931,213.045853,1269.543823,-160.846405,-23.182541,1336.289673,-130.543213,26.346092,1363.25769,-60.606964,-83.06002,1377.157471,-105.977585,-147.210007,1057.921021,10.777646,-142.060287,1076.035522,204.808868,127.323242,1075.873291,197.997833,118.95903,1070.461548,-11.81255
2.7,26.4545,1671.216309,199.252899,19.089346,1676.73999,88.048462,104.599541,1614.955444,151.28215,9.432582,1423.338257,212.865906,-59.003929,1259.626099,249.192627,58.797253,1250.044189,244.378159,28.625212,1328.950439,-13.195603,-155.446045,1346.338257,209.11116,-110.634827,1449.110718,90.641396,-239.344208,1342.346802,-15.96128,-249.258179,1357.973389,-142.904099,-121.370201,1484.604004,-349.225342,-129.925293,1562.860229,-297.986603,-68.775085,1534.846436,-394.856293,145.616623,1323.595703,212.389633,129.87326,1424.798706,80.887344,231.81636,1314.662109,-1.019737,211.8134,1271.298706,-163.596954,-24.248566,1338.329102,-132.149872,25.862879,1364.812744,-62.269489,-83.745308,1379.84729,-107.055511,-147.336014,1058.273071,10.702836,-142.025162,1078.085083,204.281479,127.286179,1078.23999,197.420624,118.313156,1071.026611,-12.319832
2.708,25.92972,1671.698975,200.192719,18.456209,1677.730225,90.927086,104.198402,1615.777954,152.157013,9.432794,1424.532349,211.242584,-59.075863,1261.741943,247.792877,58.741333,1251.972656,242.877029,28.314434,1329.965088,-14.431472,-155.468307,1348.438477,207.737808,-110.206787,1450.963379,90.039238,-240.271194,1347.532959,-17.395206,-249.424332,1365.22583,-144.406189,-115.564987,1496.282471,-344.448883,-121.639381,1572.050171,-289.19986,-59.979088,1546.545044,-386.52536,145.600769,1325.255371,209.978104,129.186722,1426.146606,78.376038,231.260834,1316.439331,-4.365695,210.4897,1272.751221,-166.364639,-25.453518,1340.213867,-133.761871,25.090679,1366.088013,-63.965992,-84.447762,1382.309204,-108.081436,-147.541595,1058.425903,10.665014,-142.103851,1079.950806,203.732285,127.214607,1080.336548,196.785675,117.664848,1071.435303,-12.873184
2.717,25.282793,1672.07666,201.29303,18.201626,1678.709961,91.962769,103.758629,1616.469238,152.870621,9.452211,1425.777832,209.672852,-59.330212,1263.627075,246.373016,58.706707,1253.732788,241.501907,27.795879,1330.731079,-15.908038,-155.567307,1350.273193,206.340332,-109.041519,1452.628296,88.724548,-240.379776,1352.363037,-18.822481,-249.645432,1372.201416,-145.887405,-109.501366,1507.360596,-339.206818,-113.244652,1580.437378,-280.144409,-51.155708,1557.353882,-377.682983,145.673889,1326.8396,207.74556,128.658112,1427.296875,76.074066,230.602188,1317.995605,-7.757833,209.219543,1274.123413,-168.939545,-26.751442,1341.89978,-135.279678,24.320663,1367.078369,-65.625053,-85.147652,1384.605225,-109.151207,-147.766068,1058.40332,10.589173,-142.082794,1081.631104,203.247269,127.211197,1082.244385,196.079926,117.010033,1071.699829,-13.450563
2.725,24.875116,1672.239502,202.214645,17.710796,1679.77832,92.896217,103.36525,1617.298828,153.674454,9.543671,1427.260864,208.321457,-59.586773,1265.385376,245.072754,58.693314,1255.383667,240.179031,27.278011,1331.460571,-17.418411,-155.689392,1351.94751,205.122284,-107.991585,1454.14624,87.549538,-240.677963,1356.993652,-20.034922,-249.684387,1378.928467,-147.391953,-103.294106,1517.733887,-333.549774,-105.330566,1587.922607,-270.765167,-42.346828,1567.268433,-368.292053,145.679169,1328.042236,205.749878,128.08667,1428.284424,73.769676,229.142853,1318.476562,-9.032669,207.859085,1275.227173,-171.578232,-27.873476,1343.374878,-136.737427,23.546814,1367.887329,-67.136734,-85.941429,1386.481201,-110.099869,-148.061996,1058.203125,10.450534,-142.23822,1083.10791,202.60173,127.138451,1083.953857,195.336761,116.38269,1071.788818,-14.067651
2.733,24.081661,1672.468994,203.255157,17.314285,1680.492188,93.837303,102.79055,1618.078613,154.460907,9.887529,1428.432129,206.979111,-59.815746,1266.842407,243.978134,58.488499,1256.644165,238.768219,26.591852,1332.098633,-19.001713,-155.906616,1353.575073,203.890747,-107.161934,1455.471069,86.494759,-240.625656,1361.435303,-21.661793,-249.369476,1385.167847,-148.883621,-96.897507,1527.441772,-327.386139,-97.791954,1594.528442,-261.303741,-33.497349,1576.19873,-358.37616,145.692963,1329.211426,203.716705,127.524536,1429.01416,71.718895,228.117767,1319.169189,-11.200264,206.497314,1276.257446,-173.90239,-29.246408,1344.655273,-138.386795,22.608025,1368.452026,-68.597694,-86.787674,1388.285767,-111.016121,-148.479446,1057.792358,10.203007,-142.252686,1084.427979,202.053421,127.09771,1085.452881,194.653839,115.761147,1071.800293,-14.771985
2.742,23.284592,1672.678467,204.328049,16.682737,1681.509521,95.369354,102.221893,1618.894165,155.364166,10.31004,1429.450439,205.758743,-60.044102,1268.141357,242.84288,58.403835,1257.866943,237.587952,26.030312,1332.567261,-20.454037,-156.178818,1354.911255,202.693588,-106.593239,1456.692627,86.054626,-240.294235,1365.343018,-23.209747,-248.922546,1391.0271,-150.358444,-90.549782,1536.272949,-320.74292,-88.864662,1599.304932,-251.360321,-25.127443,1584.318237,-347.809998,145.576263,1330.100586,201.930283,126.964104,1429.701782,69.764656,227.258026,1319.841064,-13.590233,205.106873,1277.010132,-176.1483,-30.500439,1345.627319,-139.522964,21.889008,1368.974731,-69.986893,-87.764458,1389.749756,-111.860023,-149.0914,1057.235962,9.83423,-142.453812,1085.543579,201.466888,127.140343,1086.819946,193.922424,115.121071,1071.754272,-15.447425
2.75,22.540501,1672.895142,205.354156,16.178141,1682.432251,96.210098,101.798622,1619.826416,156.331573,10.597605,1430.223389,204.860352,-60.338135,1269.262451,241.928345,58.248528,1258.799072,236.455673,25.382917,1332.859375,-21.858122,-156.437683,1356.208862,201.641617,-106.171585,1457.983643,85.49868,-239.85408,1368.130981,-27.126507,-248.18074,1396.204224,-151.742081,-84.268143,1544.387207,-313.80423,-81.799156,1603.578979,-241.141663,-17.009684,1591.550903,-337.252808,145.59201,1330.799927,200.385498,126.45063,1430.172974,67.992233,226.255981,1320.266724,-15.701797,203.708893,1277.490845,-178.257126,-31.784273,1346.573975,-140.743286,20.791033,1369.360474,-71.318771,-88.614395,1391.026489,-112.691216,-149.817673,1056.795776,9.485836,-142.633163,1086.59021,200.840195,127.218369,1087.972168,193.244156,114.371689,1071.609741,-16.128445
2.758,21.682842,1673.054565,206.274139,15.817814,1683.158813,97.226578,101.437958,1620.779297,157.167679,10.902148,1430.964233,204.033112,-60.791412,1270.23938,240.813507,58.04747,1259.502808,235.365921,24.693535,1333.081787,-23.145184,-156.815247,1357.303955,200.604553,-105.665108,1458.888916,85.043617,-239.175568,1371.489746,-28.383339,-247.620041,1400.553223,-154.017899,-78.182213,1551.781128,-306.531982,-74.719643,1607.018799,-230.682098,-9.261357,1597.813843,-326.578491,145.668411,1331.428223,198.984146,126.122322,1430.533447,66.422478,225.417816,1320.460815,-17.597055,202.385605,1277.838135,-180.014359,-33.111969,1347.394531,-141.925964,19.895403,1369.672119,-72.506042,-89.43206,1392.319336,-113.474007,-150.613419,1056.30481,8.948939,-142.687897,1087.449341,200.246964,127.331299,1089.046997,192.527191,113.673103,1071.484619,-16.838306
2.767,20.783516,1673.137329,207.288574,15.325093,1683.842041,98.719208,101.237923,1621.550781,158.111435,11.113062,1431.505249,203.321411,-61.162113,1271.041626,240.028702,57.911346,1260.138184,234.563324,23.988977,1333.286377,-24.291063,-157.010712,1358.366455,199.796585,-104.953949,1459.944458,84.414597,-238.345551,1374.960205,-27.946102,-246.587173,1404.753174,-155.188004,-71.75354,1558.580688,-300.255798,-68.17775,1609.272095,-220.208008,-1.627512,1603.030762,-315.514893,145.676392,1331.793457,197.717697,125.966919,1430.77124,65.116539,224.605606,1320.439209,-19.217644,200.908005,1277.947266,-181.581161,-34.202549,1348.122925,-142.95462,18.935682,1370.000977,-73.608337,-90.275978,1393.5,-114.132828,-151.360397,1055.757812,8.234204,-142.887421,1088.142334,199.757416,127.364784,1089.806274,191.863068,112.950096,1071.251587,-17.635538
2.775,20.236868,1673.165894,208.204788,15.005391,1684.196777,99.701691,100.89341,1622.11438,158.936966,11.321163,1431.974854,202.784912,-61.491325,1271.770752,239.332474,57.7701,1260.62915,233.783813,23.224274,1333.463623,-25.307774,-157.125916,1359.418579,199.012344,-104.279335,1460.930908,83.802101,-237.680771,1377.930664,-28.466629,-245.62323,1408.537964,-156.10318,-66.183205,1564.27124,-292.182404,-61.959763,1610.784546,-209.795471,5.590848,1607.329224,-304.418427,145.71701,1331.998413,196.726395,125.884056,1430.893555,63.97126,223.826035,1320.181885,-20.688206,199.631775,1277.883179,-182.90062,-35.472103,1348.943237,-143.857254,18.041927,1370.280396,-74.510605,-91.071182,1394.793335,-114.732674,-152.142685,1055.106323,7.395727,-143.042862,1088.821533,199.336334,127.494034,1090.568237,191.142715,112.270714,1071.059937,-18.276487
2.783,19.84219,1673.151978,209.103119,14.599314,1684.66748,100.619156,100.658722,1622.557739,159.770187,11.509756,1432.326294,202.205643,-61.733265,1272.458984,238.685593,57.623901,1261.015381,233.01915,22.386986,1333.708862,-26.191341,-157.227997,1360.359619,198.356873,-103.661537,1461.73877,83.509781,-236.844055,1380.314209,-29.269293,-244.376343,1411.767456,-157.249237,-60.794998,1569.171021,-283.952515,-56.283875,1611.030518,-199.416016,12.661234,1610.609619,-293.334808,145.796127,1332.089111,196.003479,125.906708,1430.960693,62.9953,223.137131,1319.709229,-21.830914,198.28064,1277.498901,-184.072815,-36.561935,1349.720825,-144.695541,17.1856,1370.634766,-75.389923,-91.705948,1396.182617,-115.381096,-152.799484,1054.603638,6.650197,-143.205521,1089.52417,198.792831,127.534195,1091.174561,190.457428,111.565475,1070.903809,-19.025993
2.792,19.479361,1673.059082,209.905624,14.300548,1684.967407,101.509171,100.542336,1622.978149,160.557037,11.700364,1432.59314,201.723724,-61.885445,1273.048096,238.197586,57.546589,1261.207886,232.503983,21.849916,1333.661865,-26.848955,-157.254929,1361.287109,197.812332,-102.818863,1462.654175,82.660721,-236.20787,1382.216553,-30.129501,-242.891068,1414.477051,-158.423431,-55.428963,1573.153564,-275.658386,-51.161667,1610.599731,-189.192017,19.220415,1613.048706,-281.698608,145.846848,1332.030884,195.21106,126.095398,1430.990723,62.221382,222.47142,1319.093994,-22.830414,197.098251,1276.918823,-184.873993,-37.171036,1350.671753,-145.948547,16.657658,1370.90686,-76.048927,-92.146881,1397.618774,-115.860031,-153.464783,1054.320801,5.93595,-143.312744,1090.129517,198.289337,127.649544,1091.735352,189.845657,110.879417,1070.747803,-19.690321
2.8,18.990437,1672.817383,210.719681,14.004505,1685.30481,102.652657,100.640709,1623.189453,161.186249,11.869809,1432.896851,201.401642,-62.011559,1273.579712,237.870956,57.497231,1261.335205,232.123672,21.14587,1333.7229,-27.509893,-157.285873,1362.157959,197.311188,-102.579231,1463.518311,82.640549,-235.52446,1383.763794,-30.958067,-241.810349,1416.842773,-159.434998,-50.302586,1576.431641,-267.421753,-46.46159,1609.221802,-178.921356,25.564829,1614.54187,-270.279266,145.884811,1331.920776,194.645874,126.378166,1430.918823,61.619747,221.823151,1318.340454,-23.49654,195.875305,1276.153076,-185.456451,-37.954727,1351.694946,-146.702774,15.898976,1371.141479,-76.695923,-92.386108,1399.050049,-116.248993,-154.128555,1054.065308,5.400618,-143.414093,1090.574585,197.93457,127.741096,1092.134399,189.20314,110.264618,1070.669556,-20.286743
2.808,19.034071,1672.671387,211.32077,13.859332,1685.429565,103.421867,100.633781,1623.426392,161.647827,12.12269,1433.122925,201.071136,-62.066051,1274.156494,237.603394,57.462891,1261.403931,231.786301,20.619934,1333.843018,-27.97237,-157.191788,1362.981934,197.01004,-102.1408,1464.149902,82.298569,-235.184494,1385.093872,-31.530537,-240.496765,1418.987061,-160.355209,-45.236618,1578.73938,-259.31311,-42.155613,1607.151245,-169.287582,31.532381,1614.978394,-259.244781,145.942154,1331.747925,194.219406,126.780334,1430.765747,61.11676,221.381409,1317.434204,-23.944536,194.926849,1275.198242,-185.85994,-38.494667,1352.473877,-146.995728,15.456458,1371.442261,-77.051727,-92.353912,1400.533325,-116.644585,-154.600037,1054.088623,4.922002,-143.500336,1090.991577,197.639175,127.787544,1092.377197,188.684219,109.670204,1070.624878,-20.86665
2.817,19.073416,1672.410156,211.896362,13.749591,1685.543457,104.021248,100.680466,1623.55603,162.048019,12.431289,1433.339233,200.817352,-62.115074,1274.560059,237.435181,57.420197,1261.424072,231.533997,20.321846,1333.790405,-28.296188,-157.190903,1363.598145,196.801819,-101.710304,1464.692505,82.038368,-234.662521,1386.197998,-31.901773,-239.214798,1420.44397,-160.960205,-40.482094,1580.054077,-251.271164,-38.046734,1604.263794,-159.963348,37.175129,1614.394531,-248.109024,145.975494,1331.566772,193.92923,127.101738,1430.577393,60.69368,221.052185,1316.597656,-24.320217,194.016037,1274.153687,-186.107407,-38.763531,1353.274414,-147.286163,15.339018,1371.719849,-77.303268,-92.164879,1401.869019,-116.808411,-154.970932,1054.412964,4.527759,-143.574051,1091.36377,197.360764,127.840683,1092.536499,188.144363,109.224014,1070.748291,-21.419516
2.825,19.147495,1672.147095,212.401794,13.709276,1685.637573,104.541809,100.838516,1623.661011,162.362213,12.710394,1433.466064,200.700577,-62.154213,1274.855225,237.39415,57.380302,1261.407593,231.367188,20.183409,1333.790161,-28.474375,-157.16423,1364.119751,196.714111,-101.336304,1465.286133,81.880272,-234.095123,1386.999756,-32.298893,-238.059097,1422.085205,-161.519669,-35.746273,1580.51062,-243.308456,-34.343925,1600.890259,-151.323792,42.493229,1612.783569,-237.226868,145.972458,1331.366333,193.744339,127.388374,1430.362549,60.387703,220.801514,1315.806885,-24.475958,193.388382,1273.13501,-186.154663,-38.913277,1354.055054,-147.238708,15.390983,1371.92981,-77.459496,-91.855431,1402.901123,-116.970558,-155.418304,1055.036377,4.124766,-143.606613,1091.745483,197.086273,127.873856,1092.581055,187.632874,108.878914,1070.946411,-21.907618
2.833,19.332228,1671.864502,212.809006,13.787952,1685.621948,105.123764,101.010239,1623.69397,162.548569,13.104842,1433.487183,200.681503,-62.184731,1275.035156,237.428238,57.333427,1261.340942,231.28511,20.119627,1333.791626,-28.597555,-157.13208,1364.602539,196.696106,-101.037369,1465.772583,81.993195,-233.371414,1387.926636,-32.795143,-237.027832,1423.24707,-161.852112,-31.195265,1579.827515,-235.506088,-30.848919,1596.693481,-142.799805,47.56406,1610.025269,-226.724106,145.990326,1331.149902,193.529739,127.665909,1430.161377,60.24815,220.511734,1314.747803,-24.581928,192.786957,1271.939331,-186.007721,-38.893578,1354.512329,-147.078354,15.539242,1372.104004,-77.539345,-91.511459,1403.720581,-116.972343,-155.760132,1055.686157,3.940803,-143.668289,1092.048828,196.909164,127.880318,1092.531616,187.171875,109.0103,1071.627197,-24.515303
2.842,19.546505,1671.772705,213.160721,13.738374,1685.539429,105.433502,101.165215,1623.753296,162.63858,13.444461,1433.44519,200.799301,-62.197655,1275.13916,237.573715,57.315372,1261.2229,231.28537,20.144697,1333.817993,-28.684179,-157.079605,1364.90686,196.805847,-100.784065,1466.06189,82.330444,-232.716293,1388.433105,-32.550259,-235.462585,1424.706055,-162.186417,-26.767452,1578.383057,-227.80481,-28.546446,1591.932495,-134.291428,52.379814,1606.35144,-216.57843,146.003387,1330.94812,193.609848,127.938347,1429.914673,60.236732,220.399261,1313.899902,-24.42193,192.451065,1270.781982,-185.844986,-38.724094,1354.672852,-146.772736,15.947719,1372.332153,-77.47316,-91.082947,1404.152832,-116.801292,-155.924652,1056.21106,3.78814,-143.661438,1092.232666,196.837219,127.810417,1092.355835,186.723877,108.579147,1071.761353,-23.758118
2.85,19.865589,1671.683716,213.456436,13.675837,1685.461426,105.662514,101.364868,1623.730469,162.633072,13.806916,1433.362549,201.03743,-62.184189,1275.131958,237.786911,57.314281,1261.032227,231.379181,20.230639,1333.858276,-28.66976,-157.022903,1365.058472,197.101242,-100.473045,1466.249634,82.755569,-232.229935,1388.834106,-32.290215,-234.467438,1425.570068,-162.335022,-22.598804,1576.108521,-220.495544,-25.566151,1586.521973,-126.489655,56.796616,1601.804443,-206.895264,146.034164,1330.653931,193.685913,128.149948,1429.669678,60.298157,220.476288,1313.270508,-24.294737,192.254028,1269.677856,-185.579254,-38.421936,1354.52417,-146.372314,16.600279,1372.491699,-77.257133,-90.488876,1404.277832,-116.414474,-155.997803,1056.53418,3.661523,-143.67363,1092.304199,196.873108,127.74958,1092.116699,186.369934,108.48896,1072.326172,-24.706614
2.858,20.214766,1671.624756,213.642181,13.63382,1685.327393,105.877747,101.584267,1623.714966,162.589478,14.197607,1433.24939,201.363892,-62.148727,1275.004028,238.122574,57.331726,1260.763916,231.518509,20.320911,1333.876221,-28.602133,-156.871017,1365.107178,197.692795,-100.169579,1466.312988,83.292007,-231.816574,1389.238281,-32.00473,-233.562408,1426.203369,-162.297379,-18.47477,1572.977905,-213.510284,-22.511692,1580.617188,-119.043793,61.067825,1596.282837,-197.949875,146.094437,1330.290649,193.803329,128.350693,1429.358765,60.415493,220.462357,1312.514771,-23.952005,192.352173,1268.672852,-185.143326,-37.993706,1354.025635,-145.834625,17.349318,1372.426025,-76.9608,-89.928444,1404.094849,-115.949104,-156.128769,1056.687012,3.674408,-143.67482,1092.224731,196.979111,127.679169,1091.789307,186.090836,108.22036,1072.662354,-24.420952
2.867,20.545853,1671.485596,213.667404,13.76087,1684.87439,105.700378,101.921387,1623.661133,162.486389,14.549932,1433.079468,201.908371,-62.130676,1274.755615,238.539017,57.381889,1260.375244,231.748032,20.4732,1333.896606,-28.379051,-156.786453,1364.999878,198.291351,-99.766502,1466.19165,84.06813,-231.589783,1389.578735,-31.542282,-232.693817,1426.603516,-162.049149,-14.496533,1569.212891,-206.921127,-22.134663,1575.609863,-113.564819,65.066238,1590.034912,-189.657761,146.153015,1329.853271,194.008392,128.580124,1429.004395,60.627022,220.607605,1311.884155,-23.609772,192.66243,1267.795654,-184.828552,-37.481426,1353.301514,-145.261292,17.934626,1372.001465,-76.676987,-89.328308,1403.689331,-115.520317,-156.308289,1056.82373,3.748123,-143.691406,1092.037964,197.179764,127.580376,1091.443848,185.869675,108.161964,1073.136108,-24.797939
2.875,21.02198,1671.432983,213.632507,13.737901,1684.536133,105.657639,102.174339,1623.680908,162.258667,14.567583,1432.657471,202.516983,-62.061935,1274.374878,239.000153,57.40276,1259.773193,232.09816,20.745373,1333.854736,-27.989824,-156.678253,1364.786987,199.013885,-99.343811,1466.047241,84.992554,-231.412872,1389.875,-30.874023,-232.014725,1426.869385,-161.639191,-10.646332,1564.616211,-201.084518,-21.832909,1569.879272,-108.42926,68.95768,1582.767212,-182.150726,146.21405,1329.228027,194.335251,128.780289,1428.584961,60.951542,221.014816,1311.308228,-23.307011,193.170258,1266.920166,-184.3703,-37.025604,1352.36853,-144.604721,18.434034,1371.313232,-76.223175,-88.663345,1403.10022,-114.907181,-156.465897,1057.121826,3.802318,-143.678284,1091.626465,197.531174,127.40432,1090.955322,185.746552,108.138031,1073.450073,-24.772507
2.883,21.293531,1671.426025,213.530411,13.723954,1684.194702,105.527267,102.409882,1623.515625,162.030579,14.120398,1431.905273,203.404556,-61.956539,1273.791016,239.595184,57.441452,1259.119751,232.512939,21.130962,1333.914673,-27.35564,-156.59819,1364.472656,199.853027,-99.246048,1465.809448,86.103729,-231.254562,1390.124512,-29.936525,-231.445526,1427.013062,-161.157455,-6.984403,1559.370972,-195.230148,-21.231434,1563.782959,-103.6035,72.575691,1574.813599,-175.058777,146.184952,1328.580933,194.798447,128.968262,1428.113159,61.451767,221.204544,1310.789673,-22.705463,193.916275,1266.260986,-183.913849,-36.463287,1351.235107,-144.030945,19.314157,1370.358398,-75.769127,-87.982109,1402.325928,-114.384094,-156.611893,1057.496582,3.990584,-143.68779,1091.203369,197.855865,127.225388,1090.28772,185.652573,108.207382,1073.698608,-24.952173
2.892,21.631321,1671.370239,213.359344,13.640037,1683.691895,105.347107,102.635666,1623.317017,161.817169,13.682244,1431.169556,204.326324,-61.886204,1273.124878,240.263382,57.449432,1258.418335,232.990067,21.701517,1333.875366,-26.481396,-156.42691,1364.044922,200.957581,-99.139877,1465.398682,87.23835,-231.127792,1390.25,-29.161432,-230.580658,1426.889648,-160.47229,-3.438351,1553.372314,-189.804565,-20.333517,1557.194458,-98.968674,75.934822,1566.109619,-168.490021,146.290329,1327.965942,195.190063,129.111847,1427.66748,61.999062,221.697983,1310.373779,-22.028343,194.900757,1265.519287,-183.331619,-35.734726,1349.988525,-143.470352,19.882559,1368.980591,-75.257263,-87.018723,1401.41333,-113.733078,-156.705154,1057.836182,4.23069,-143.747269,1090.646484,198.123383,127.088547,1089.464111,185.552109,108.316689,1073.868652,-25.036489
2.9,21.950871,1671.328369,213.123016,13.613717,1683.234741,105.001999,102.828308,1623.093872,161.547531,13.766853,1430.264526,205.338181,-61.908661,1272.305054,241.055725,57.517849,1257.551147,233.449524,25.599947,1336.00061,-31.42267,-156.335953,1363.494263,201.985413,-98.894264,1464.915771,88.092484,-231.012604,1390.224487,-28.045689,-229.960785,1426.683472,-159.654953,-0.001421,1546.842773,-184.700775,-19.075912,1550.130737,-94.569725,79.104263,1556.668335,-162.487915,146.361649,1327.244873,195.965652,129.386795,1427.173584,62.770599,222.039093,1310.052856,-21.362661,195.963562,1264.790649,-182.767258,-35.035469,1348.488037,-143.031906,20.585274,1367.474487,-74.823189,-86.081078,1400.456177,-113.230759,-156.777054,1057.963745,4.535582,-143.838638,1089.957886,198.456116,126.898064,1088.614746,185.615982,108.427811,1073.943481,-25.159111
2.908,22.260773,1671.272217,212.812881,13.546366,1682.560303,104.681358,102.967522,1622.722778,161.262711,14.01932,1429.646729,206.363205,-61.804054,1271.424438,241.830338,57.555485,1256.5354,234.223099,26.34693,1335.984009,-30.626879,-156.172531,1362.760254,203.362961,-98.929428,1464.474976,89.620529,-230.878128,1390.100708,-26.810987,-229.43248,1426.235718,-158.806412,3.379467,1539.735107,-179.962357,-17.574635,1542.574097,-90.379204,82.244507,1546.678833,-156.948822,146.35675,1326.17395,196.537918,129.444824,1426.52417,63.750988,222.366516,1309.749023,-20.671227,197.259491,1264.032593,-182.027573,-34.291862,1346.807739,-142.755768,21.422108,1365.683716,-74.425186,-85.152298,1399.145142,-112.632233,-156.870819,1057.864624,4.831043,-143.919464,1088.9375,198.906067,126.742363,1087.552612,185.630051,108.521431,1073.911011,-25.255659
2.917,22.579651,1671.146606,212.485748,13.530552,1681.931152,104.286705,103.08213,1622.239746,160.952286,14.455149,1429.078491,207.350311,-61.659756,1270.268433,242.874283,57.652313,1255.480347,234.929321,27.218126,1335.855103,-29.844801,-156.17601,1361.886108,204.703827,-98.808449,1463.592773,91.063965,-230.787003,1389.759155,-25.635012,-228.987991,1425.624146,-157.694962,6.571173,1532.192383,-175.635773,-15.841599,1534.569824,-86.379959,85.09864,1536.111572,-151.917007,146.406784,1325.299927,197.348877,129.416504,1425.947021,64.697441,222.79126,1309.398315,-19.755159,198.897186,1263.18042,-181.126297,-33.402363,1344.911865,-142.65155,21.869677,1363.588135,-74.196419,-84.315323,1397.96582,-112.015198,-156.977829,1057.55542,5.250965,-143.905487,1087.963257,199.304352,126.631065,1086.37146,185.64653,108.611839,1073.803955,-25.384668
2.925,22.861301,1670.966675,212.072495,13.524846,1680.951538,103.997055,103.217354,1621.687866,160.63942,14.784907,1428.373901,208.516464,-61.554676,1269.093018,243.881989,57.678532,1254.316162,235.777496,27.962564,1335.528076,-28.74711,-156.179657,1360.901733,206.191696,-99.266922,1463.171143,93.124992,-230.727554,1389.176147,-23.883804,-228.297241,1424.613647,-156.54808,9.586856,1524.364014,-171.620514,-13.890495,1526.16333,-82.672165,87.782631,1524.999878,-147.238495,146.541809,1324.325806,198.263077,129.187912,1425.299561,65.75605,223.190887,1309.098633,-18.681486,200.670166,1262.392456,-180.200607,-32.525681,1342.748779,-142.936127,22.588522,1361.334595,-74.15506,-83.185402,1396.456299,-111.254601,-157.148422,1057.208008,5.633943,-143.883698,1086.83667,199.676147,126.494316,1085.12439,185.773254,108.615517,1073.600952,-25.439011
2.933,23.142885,1670.727173,211.647415,13.447575,1680.043457,103.393967,103.328453,1620.941772,160.412537,14.920239,1427.557251,209.726303,-61.477798,1267.682129,245.09906,57.652374,1252.951904,236.671509,28.373724,1334.166382,-26.331659,-156.28244,1359.696655,207.884995,-99.286819,1461.861938,94.559601,-230.457672,1388.004028,-22.667847,-227.698975,1423.386963,-155.243744,12.438047,1516.158081,-167.816986,-11.877239,1517.502808,-79.020096,90.233788,1513.39856,-142.993484,146.400299,1323.125732,199.226624,128.73703,1424.576782,66.959137,223.625412,1308.761963,-17.745853,202.80159,1261.394897,-179.060181,-31.523853,1340.446411,-143.500076,23.316351,1358.716187,-74.207924,-81.474922,1395.197998,-111.378845,-157.288452,1056.879761,5.900835,-143.948242,1085.426025,200.073532,126.410645,1083.749268,185.814499,108.55365,1073.28418,-25.483501
2.942,23.441088,1670.42688,211.21701,13.504048,1679.016235,102.911552,103.314537,1620.017456,160.097656,15.179345,1426.590332,211.09227,-61.388065,1266.217529,246.329666,57.662792,1251.675171,237.548447,28.019629,1332.899902,-23.213112,-156.392609,1358.363525,209.546082,-99.411674,1460.455078,96.218918,-229.214264,1386.630737,-21.865425,-227.007355,1421.926025,-153.967636,15.334733,1507.528198,-164.310883,-9.7687,1508.535767,-75.642761,92.572136,1501.143799,-138.988235,146.390732,1322.126465,200.271301,128.222946,1423.840698,68.217194,224.298019,1308.36731,-16.597702,205.344421,1260.515869,-177.789459,-30.462667,1338.12207,-144.531082,23.805023,1355.583984,-74.467804,-79.385063,1394.470093,-112.143997,-157.508972,1056.467407,6.157047,-143.931198,1084.108887,200.49881,126.296715,1082.282104,185.94046,108.39225,1072.890259,-25.534359
2.95,23.766447,1670.098511,210.740906,13.662593,1677.895508,102.276138,103.447884,1619.111816,159.742493,15.090041,1425.480347,212.559174,-61.114975,1264.616333,247.804855,57.643314,1250.138428,238.633804,27.551559,1331.421021,-19.813099,-156.570374,1356.87085,211.496872,-99.708931,1459.269531,97.959373,-228.747726,1384.9552,-20.366096,-226.468079,1420.215332,-152.370728,18.110319,1498.461914,-161.023743,-7.626549,1499.420288,-72.309319,94.486038,1488.265747,-135.234344,146.171799,1320.870483,201.36525,127.687363,1423.125244,69.526154,224.639282,1307.913574,-15.09812,208.043182,1259.438599,-176.425552,-29.143272,1335.730835,-146.085205,23.901037,1351.698242,-74.852631,-76.551613,1393.869019,-113.24147,-157.788483,1055.915527,6.484988,-143.959717,1082.450806,200.885941,126.206833,1080.711914,185.971512,108.219826,1072.455811,-25.55669
2.958,24.186974,1669.728516,210.296097,13.626769,1676.458862,101.548096,103.478294,1618.080078,159.417999,14.897901,1424.139771,214.16481,-61.170303,1262.907959,249.125107,57.685097,1248.685669,239.60965,30.344797,1331.782593,-21.590113,-156.783676,1355.162354,213.389725,-100.13134,1457.810791,100.050484,-228.718262,1383.059814,-18.512573,-225.931351,1418.37854,-150.800598,20.654797,1488.824463,-157.856262,-5.514296,1490.116577,-69.062965,96.182213,1474.938843,-131.601776,145.994461,1319.72644,202.469818,127.46064,1422.808105,70.99189,225.327499,1307.433716,-13.73986,211.114334,1258.33606,-174.957687,-27.616127,1333.315186,-148.021896,23.638678,1347.022583,-74.690804,-73.246017,1392.951904,-114.726494,-158.126907,1055.202759,6.726239,-144.013306,1080.864624,201.340103,126.190887,1079.148193,186.01329,107.996635,1071.939331,-25.534834
2.967,24.545485,1669.297607,209.79129,13.630627,1675.283691,101.197289,103.420593,1616.80249,159.231659,14.623011,1422.805054,215.80777,-61.513493,1260.920044,250.135742,57.67894,1246.921509,240.647125,30.161579,1330.325928,-18.729427,-156.995804,1353.420532,215.330429,-100.683884,1456.332031,102.208488,-228.245529,1381.071655,-16.881395,-225.471786,1416.692505,-149.208923,23.042854,1478.649414,-154.752304,-3.368527,1480.605347,-65.744247,97.439667,1461.250122,-127.956718,145.685623,1318.43103,203.572983,126.90303,1421.592041,72.157463,225.969833,1307.014526,-12.303459,214.573608,1257.211304,-173.306244,-25.660797,1330.680054,-150.273575,23.388552,1341.633545,-74.091118,-69.854149,1391.617065,-116.066292,-158.344437,1054.493164,6.996047,-143.988922,1079.044434,201.782959,126.110542,1077.357544,185.994064,107.632385,1071.322144,-25.493393
2.975,24.629377,1668.714233,209.243988,13.622143,1673.701782,100.117226,103.441322,1615.573975,158.968201,14.350939,1421.246948,217.46196,-61.617481,1258.840088,251.516373,57.628384,1245.181396,241.741379,30.37925,1328.682129,-16.077051,-157.343277,1351.394409,217.240753,-100.910187,1454.367798,104.271858,-228.152817,1378.88147,-15.051448,-225.105392,1414.892578,-147.433487,25.047995,1468.279175,-151.662506,7.808333,1466.785889,-57.695915,98.367393,1447.538452,-124.306786,145.479797,1317.144897,204.776932,126.287178,1420.326172,73.31514,226.797943,1306.425293,-10.863081,218.34584,1256.018677,-171.544067,-23.308842,1327.945435,-152.684769,23.030945,1336.253784,-73.261398,-66.280762,1389.529297,-117.820274,-158.578476,1053.559814,7.514093,-144.067444,1077.234009,202.301727,126.084717,1075.611328,186.008514,107.250732,1070.64917,-25.503462
2.983,24.732595,1668.06897,208.724152,13.544277,1672.190674,98.785568,103.325165,1614.167847,158.847717,14.267715,1419.890625,219.04126,-61.63797,1256.676025,252.820908,57.523148,1243.425171,242.970184,30.94804,1327.698364,-15.040133,-157.573074,1349.276978,219.263474,-101.387054,1452.516602,106.344139,-227.569916,1376.742065,-13.283267,-224.866028,1413.338257,-145.722687,26.675819,1457.648804,-148.608795,7.353735,1457.915771,-55.343849,98.643921,1433.845825,-120.74826,145.176178,1315.721436,205.87233,125.855774,1419.247437,74.514351,228.133926,1305.738647,-9.375313,222.437286,1254.714355,-169.635483,-20.669285,1324.762451,-155.445145,22.909927,1330.519653,-72.121361,-63.065624,1386.505371,-119.347336,-158.697067,1052.648438,7.7568,-144.082932,1075.109253,202.938873,126.026451,1073.658569,185.936249,106.865486,1069.905396,-25.499151
2.992,24.722672,1667.094116,208.374527,13.371369,1670.500366,98.374779,103.161453,1612.641479,158.68602,13.969335,1418.136475,220.609955,-61.76408,1254.526978,254.163559,57.446217,1241.432739,244.098602,31.276897,1326.148071,-13.390858,-157.808975,1347.109497,221.094254,-101.978516,1450.610962,108.350952,-227.927322,1374.824829,-11.481504,-224.83876,1411.609985,-143.935257,27.854464,1447.370605,-145.608566,8.01005,1448.956909,-52.63673,98.443893,1420.594482,-117.470024,144.878204,1314.247925,206.960541,125.441208,1418.027588,75.662918,229.673706,1304.833374,-7.826071,227.105911,1253.617676,-167.672699,-17.561899,1320.952271,-158.145966,22.6555,1325.881104,-70.654762,-59.904949,1382.692627,-121.553329,-158.742157,1051.650757,8.315331,-143.991425,1072.998779,203.547913,125.937653,1071.562744,185.855545,106.428795,1069.06604,-25.522692
3.0,24.568668,1666.113892,207.866318,13.324089,1668.755615,97.278938,102.909317,1611.193359,158.802094,13.741333,1416.657471,222.063202,-61.650997,1252.201416,255.466278,57.459114,1239.443237,245.084473,31.347712,1324.664795,-11.718213,-158.017731,1344.885498,223.011765,-102.524345,1448.783203,110.308418,-227.960388,1372.741577,-9.70314,-225.164627,1409.608154,-142.165085,28.435774,1437.632202,-142.673309,8.5935,1440.591919,-50.205238,97.161049,1408.079834,-114.628059,144.568192,1312.534668,208.093277,125.164421,1416.64856,76.922554,230.971115,1303.432983,-6.036969,231.917664,1252.41333,-165.531448,-14.174669,1316.706421,-161.303833,22.439686,1322.005249,-69.294724,-57.024269,1378.267944,-124.227364,-158.688507,1050.843262,8.832993,-143.852844,1070.856323,204.070145,125.857727,1069.627686,185.823685,106.093887,1068.234863,-25.437664
3.008,24.19014,1665.176514,207.367844,12.793154,1666.786255,96.453621,102.61895,1609.679321,158.80336,13.465802,1414.946899,223.666138,-61.513374,1249.852539,256.784576,57.440685,1237.263306,246.144104,32.243576,1323.757935,-11.927343,-158.184479,1342.626221,224.830399,-103.094879,1446.927246,112.261147,-228.274841,1370.921875,-7.769873,-225.867218,1407.288208,-140.554443,28.701992,1429.225952,-141.344681,9.382289,1433.933716,-48.630928,96.334358,1398.968506,-112.786697,144.314056,1310.703369,209.210846,125.35006,1415.042725,78.262512,232.850037,1301.5979,-4.130362,237.030167,1251.012817,-163.054871,-10.350518,1312.205566,-164.828552,,,,-54.297459,1373.259644,-127.431152,-158.597488,1050.143188,9.355789,-143.903091,1068.587036,204.705872,125.841064,1067.420654,185.786301,105.897682,1067.362671,-25.327881
3.017,23.738617,1663.973755,207.026688,12.491647,1664.951416,96.486153,102.20755,1608.164185,158.976776,13.368619,1413.27356,225.171814,-61.555405,1247.486572,258.046448,57.350044,1234.875366,247.222275,32.355682,1322.126953,-10.467886,-158.208633,1340.351074,226.786652,-103.686058,1445.033813,114.114799,-229.360886,1369.2146,-5.475,-226.753601,1404.284058,-138.561218,27.825447,1422.635132,-140.349991,9.939655,1430.216553,-48.245625,97.444717,1394.951294,-112.475281,143.994049,1308.547363,210.422623,126.152557,1413.328003,79.573151,235.162018,1299.464111,-1.855544,242.479767,1249.494019,-160.341812,-6.259462,1307.31604,-168.739624,,,,-51.628101,1367.65686,-131.136261,-158.633865,1049.471069,10.030563,-143.950714,1066.308472,205.371414,125.813034,1065.2146,185.782379,105.637245,1066.455933,-25.262196
3.025,23.235683,1662.733765,206.827652,11.909253,1663.248291,95.743698,101.723557,1606.800293,159.252487,13.345407,1411.520386,226.629745,-61.557774,1245.019409,259.296173,57.243343,1232.427368,248.45578,31.879057,1320.048096,-8.401024,-158.222443,1338.088379,228.671799,-104.278786,1443.197876,115.972168,-230.203995,1366.974609,-3.176459,-227.412323,1400.332031,-136.418625,27.2593,1418.616455,-140.912552,9.895063,1428.616577,-48.833961,97.613708,1392.423218,-112.980003,143.715302,1306.252563,211.6642,126.853363,1411.683228,80.615341,237.236465,1297.694336,0.63225,248.145187,1248.09375,-157.436478,-1.694731,1301.851318,-173.099472,,,,-48.967911,1361.359009,-135.662109,-158.711151,1048.898315,10.632472,-143.927826,1064.078247,206.026245,125.838608,1062.941528,185.848297,105.438042,1065.594849,-25.144297
3.033,22.517736,1661.51355,206.791946,11.26977,1661.361694,95.923195,101.205681,1605.391479,159.413864,13.352746,1409.511353,228.223694,-61.596931,1242.592285,260.482819,57.126038,1229.847168,249.459213,31.754274,1318.157593,-6.71653,-158.100159,1335.801025,230.638794,-104.867836,1441.294189,117.652702,-230.949112,1364.153198,-0.960023,-228.012878,1395.894897,-134.362991,26.625563,1415.925781,-141.748154,9.847018,1428.208862,-49.741673,97.543335,1390.782227,-113.46476,143.515594,1303.950928,212.828003,126.996162,1410.263916,82.03968,239.076813,1296.954346,3.289193,253.954803,1247.008423,-154.066055,3.192462,1296.070312,-177.834015,,,,-45.805508,1354.543823,-141.886292,-158.868591,1048.247803,11.270597,-143.880035,1061.878784,206.639954,125.886116,1060.579834,185.944107,105.211754,1064.651001,-24.960918
3.042,21.916,1660.291626,206.613129,10.56721,1659.317505,96.677933,100.567337,1604.105957,159.692612,13.387434,1407.543579,229.828125,-61.479149,1240.087158,261.6297,57.131153,1227.258789,250.39801,31.545073,1316.520874,-4.844119,-157.845764,1333.585449,232.481384,-105.648903,1439.365845,119.255028,-232.348541,1361.166382,1.487544,-228.43042,1391.070312,-132.062729,25.909294,1414.236084,-142.595261,9.746574,1428.515137,-50.465679,97.224846,1389.776123,-113.980896,143.197083,1301.7323,213.873718,126.510414,1409.164429,83.831772,240.399994,1296.758423,5.80633,259.974792,1246.544434,-150.521011,8.604986,1289.868774,-183.027939,,,,-42.952419,1347.218262,-147.686646,-159.05452,1047.591553,11.833013,-143.750427,1059.598267,207.164169,125.886871,1058.256104,186.009903,105.085571,1063.573853,-24.853216
3.05,21.180218,1659.134521,206.613403,9.9219,1657.658325,96.52285,99.994087,1602.864014,159.898132,13.333162,1405.640137,231.304962,-61.151413,1237.543945,262.748016,57.231159,1224.874146,251.182343,31.250551,1314.663696,-2.908824,-157.543823,1331.405518,234.201736,-106.405472,1437.495117,120.62339,-233.265259,1357.772217,3.916778,-228.846237,1386.625732,-129.86438,25.279261,1412.82666,-143.003983,9.548963,1428.665283,-50.791286,96.790695,1388.945435,-114.290672,142.936661,1299.627319,214.842773,126.055122,1408.177734,85.50071,241.386398,1296.56189,8.19195,266.198853,1246.504272,-146.45311,14.405122,1283.334717,-188.641907,,,,-39.936996,1339.348022,-154.50061,-159.264969,1046.80188,12.424648,-143.629303,1057.397705,207.800171,125.920013,1055.922729,186.13353,104.967918,1062.54541,-24.777176
3.058,20.305519,1657.816284,206.638657,9.00727,1655.79126,96.739296,99.290115,1601.500488,160.379272,13.234346,1403.898071,232.513733,-60.921249,1235.146362,263.737274,57.272346,1222.585815,251.946564,30.939507,1313.042969,-1.158077,-157.354553,1329.177002,235.819626,-107.14679,1435.710815,121.862625,-233.969986,1354.172241,5.91181,-229.193695,1382.358765,-128.148407,24.463755,1411.359131,-142.749756,9.225487,1428.203125,-50.594215,96.295944,1387.834717,-113.828156,142.72493,1297.725708,215.751694,125.612724,1407.174438,86.644806,242.842697,1296.481934,10.646877,272.038177,1247.651001,-142.861359,20.815329,1276.725464,-194.63266,,,,-36.662857,1331.277344,-162.379639,-159.560745,1046.012085,13.152214,-143.544418,1055.379028,208.465851,125.935074,1053.630615,186.295853,104.758255,1061.502075,-24.659983
3.067,19.499409,1656.550293,206.77565,8.211373,1654.398926,96.430191,98.618935,1600.276611,160.686234,12.80043,1402.289673,233.641174,-60.846214,1233.042725,264.580933,57.373604,1220.414551,252.643082,30.602417,1311.241699,0.704976,-157.325684,1327.021118,237.212845,-107.907593,1434.030884,123.059822,-234.421295,1350.609863,7.339314,-229.400726,1378.524048,-126.64473,23.896683,1410.333374,-141.852142,8.4476,1426.902832,-49.912216,95.976158,1387.123901,-113.100174,142.483231,1296.151367,216.541672,125.257927,1406.275513,87.687424,244.63121,1296.902344,13.107411,278.019531,1249.370117,-139.211304,27.518328,1270.808716,-201.694885,,,,-32.932198,1323.178467,-170.963364,-159.773834,1045.224243,13.768878,-143.223816,1053.416138,209.054123,126.016884,1051.558228,186.466492,104.629326,1060.351318,-24.595501
3.075,18.587906,1655.384766,207.231155,7.149285,1652.826904,97.62352,97.807755,1599.049805,161.243286,12.428265,1400.900513,234.512421,-60.659657,1231.102905,265.243347,57.459209,1218.635254,253.212906,30.167881,1309.302368,2.424752,-157.449234,1324.990845,238.369263,-108.750549,1432.521362,124.264526,-234.369568,1347.360352,8.359332,-229.593506,1375.470459,-125.563606,23.354305,1409.420288,-140.330948,7.717991,1424.60376,-48.266277,95.85099,1386.603271,-111.86834,142.143143,1294.697998,217.355637,124.9077,1405.406616,88.602119,246.685455,1298.058105,15.516943,283.800262,1251.649536,-135.806778,34.93705,1265.464111,-208.617188,,,,-28.743883,1315.66333,-180.180573,-160.012756,1044.285889,14.456195,-143.071976,1051.58667,209.646301,126.187546,1049.498535,186.589371,104.4356,1059.240845,-24.554758
3.083,17.564505,1654.22229,207.582626,6.262339,1651.887085,97.691483,96.94133,1597.990601,161.77182,11.787673,1399.587769,235.41037,-60.591343,1229.292847,265.906769,57.499874,1216.95874,253.850067,29.642792,1307.594727,3.812459,-157.776703,1323.106934,239.230896,-109.56424,1431.078125,125.509605,-233.839127,1344.463623,9.110637,-229.710831,1373.177612,-124.694916,22.920612,1408.617798,-138.246857,6.93651,1421.692627,-46.098595,95.738068,1386.209839,-110.114052,141.708389,1293.574951,218.208344,124.483391,1404.494385,89.40123,248.766449,1299.487915,18.014498,289.429901,1254.351562,-132.467133,42.740261,1261.023926,-215.570114,,,,-24.045897,1308.942261,-189.82428,-160.330154,1043.26123,14.949081,-142.801987,1049.808105,210.178177,126.369041,1047.723511,186.663651,104.196175,1058.226685,-24.538748
3.092,16.463806,1653.169434,208.112442,5.155034,1650.284912,98.39827,95.882599,1597.130859,162.258469,11.080023,1398.396973,236.150864,-60.578487,1227.696777,266.513947,57.486099,1215.563843,254.410004,29.164824,1305.841919,4.981873,-158.157043,1321.212769,240.142166,-110.368134,1429.862671,126.593124,-233.223724,1341.850952,9.587361,-229.76619,1371.368408,-123.974983,22.661615,1407.834961,-135.956482,6.085608,1418.830933,-43.717159,95.478363,1385.753296,-108.146187,141.333832,1292.447021,218.866119,123.965363,1403.687134,90.190414,250.791702,1301.307739,20.34922,294.925385,1257.488281,-129.507019,51.042435,1258.237061,-223.822083,,,,-18.66494,1303.403687,-199.929977,-160.715286,1042.28772,15.450127,-142.578949,1048.378784,210.58107,126.525772,1046.164307,186.777725,103.907043,1057.218018,-24.511791
3.1,15.216367,1652.293091,208.765701,4.317282,1649.547607,98.556404,94.895164,1596.254639,163.046249,10.296182,1397.348999,236.912796,-60.68148,1226.302734,266.93042,57.283226,1214.332397,254.937317,28.653685,1304.353271,6.211419,-158.700455,1319.6875,240.835403,-111.140144,1428.762207,127.694534,-232.271362,1339.65271,9.638617,-229.822098,1370.245728,-123.370476,22.429722,1407.068726,-133.644836,5.437582,1416.48584,-41.393162,95.244232,1385.242432,-105.976044,140.744537,1291.56958,219.594025,123.450401,1403.021729,90.945175,252.612534,1303.258667,22.595524,298.886566,1260.394287,-126.017464,59.611118,1256.758667,-231.885574,,,,-12.759636,1299.197632,-210.182434,-161.108398,1041.458984,15.812522,-142.399124,1047.002075,211.094803,126.716972,1044.962036,186.834137,103.588104,1056.266846,-24.450594
3.108,13.954785,1651.55188,209.352707,2.886174,1648.48645,99.778435,93.907433,1595.796387,163.725266,9.528419,1396.4823,237.62793,-60.9716,1225.156616,267.372467,57.052143,1213.378174,255.407547,28.152407,1303.188477,7.058794,-159.199402,1318.26062,241.35376,-111.934029,1427.93811,128.594788,-232.054504,1338.038696,10.091866,-229.831955,1369.425903,-122.896744,22.442846,1406.374268,-131.398834,4.931363,1414.779785,-39.291096,95.128181,1384.795044,-103.769768,140.234329,1290.853271,220.193344,123.000565,1402.494385,91.71579,254.33168,1305.156006,24.837221,303.477234,1263.73938,-123.006706,68.562401,1256.925415,-240.379761,,,,-6.085209,1296.659302,-220.517151,-161.577072,1040.66272,16.199192,-142.246689,1045.988647,211.504837,126.905304,1043.890381,186.820679,103.399002,1055.531372,-24.410379
3.117,12.700579,1650.822754,210.010193,1.801935,1648.216553,100.200066,92.821358,1595.518433,164.302612,8.870044,1395.856445,238.230942,-61.33157,1224.233276,267.660034,56.793816,1212.615234,255.828537,27.687256,1302.283203,7.753631,-159.810699,1317.219971,241.758133,-112.514885,1427.269775,129.256973,-232.150085,1337.282837,10.532672,-229.805374,1368.761353,-122.526024,22.503389,1406.053345,-129.640198,4.619314,1413.947998,-37.528545,95.046066,1384.608765,-101.857574,139.637665,1290.375732,220.888306,122.558929,1402.204102,92.504539,255.772018,1307.116211,27.073139,307.696167,1267.309814,-120.109612,77.697411,1258.657715,-249.032669,,,,1.140507,1295.743652,-230.902679,-161.95047,1039.923096,16.417171,-142.053665,1045.179077,211.900955,127.109123,1043.206909,186.831268,103.257362,1054.946533,-24.370634
3.125,11.324406,1650.528564,210.678268,0.760522,1648.116699,100.335762,91.623169,1595.506958,164.895462,8.160399,1395.42627,238.858139,-61.656715,1223.446289,267.928314,56.339806,1211.958374,256.207275,27.229458,1301.833496,8.380644,-160.308044,1316.385742,242.100327,-112.990593,1426.823364,129.809128,-231.512466,1336.701782,10.480479,-229.542542,1368.384644,-122.264595,22.691439,1406.153198,-128.190445,4.455438,1413.836304,-36.141758,95.462105,1384.829712,-100.142235,139.078278,1290.050903,221.43988,122.086266,1402.145264,93.297531,256.862213,1308.855469,29.413719,311.470428,1270.9021,-117.222946,87.120705,1261.755859,-257.480438,,,,8.813135,1296.183105,-241.470474,-162.294693,1039.300415,16.530331,-141.911835,1044.547241,212.291733,127.292038,1042.807129,186.802444,103.104469,1054.546021,-24.342049
3.133,10.180236,1650.458862,211.414108,-0.550288,1648.204712,101.329971,90.642632,1595.669312,165.585434,7.433995,1395.222046,239.362793,-62.151283,1222.982788,268.047272,55.945007,1211.712891,256.50705,26.868383,1301.660034,8.824576,-160.775818,1315.848877,242.335358,-113.383698,1426.533813,130.227203,-232.101395,1336.76709,10.764602,-229.234665,1368.167603,-122.071472,22.918783,1406.782104,-127.157974,4.377381,1414.359619,-35.141132,95.735359,1385.946655,-98.898331,138.35376,1289.96106,221.917938,121.56263,1402.414917,94.104683,257.471924,1310.697388,31.357143,314.951111,1274.579224,-114.388519,96.900635,1265.941772,-265.70575,,,,17.095732,1297.987061,-252.263184,-162.569092,1038.932739,16.572889,-141.875351,1044.228638,212.525269,127.433868,1042.682617,186.699371,102.972069,1054.405151,-24.347567
3.142,8.867844,1650.582764,212.014694,-1.608136,1648.614746,101.911697,89.666428,1596.064453,166.239883,6.810863,1395.286987,239.677017,-62.535473,1222.89563,268.096466,55.516201,1211.742065,256.741547,26.502766,1301.714722,9.205236,-161.208862,1315.714722,242.442642,-113.651146,1426.529907,130.530182,-232.328293,1337.062622,10.869665,-228.476044,1368.064209,-122.00766,23.315453,1407.971069,-126.40448,4.460694,1415.199219,-34.427235,96.006638,1387.60437,-98.082893,137.649567,1290.240845,222.549149,121.045631,1402.990967,94.838188,258.116028,1312.450928,33.456043,318.057495,1278.360352,-111.638504,106.826927,1270.822266,-273.577972,,,,25.753382,1300.939819,-263.626892,-162.800674,1038.786743,16.540016,-141.77066,1044.219482,212.647507,127.544449,1042.80127,186.565521,102.897285,1054.509155,-24.362644
3.15,7.698808,1650.924683,212.670517,-2.754049,1648.855225,102.302055,88.482803,1596.699707,166.84758,6.158951,1395.628906,239.825043,-62.881908,1223.112427,268.076324,55.023026,1212.145264,256.847992,26.237881,1302.030396,9.480354,-161.580902,1315.872559,242.426926,-113.858276,1426.766724,130.714859,-232.449158,1337.551147,10.915734,-227.755096,1368.206177,-122.04882,23.87323,1409.532959,-125.911888,4.825765,1416.373047,-33.893101,96.701889,1389.68811,-97.40522,137.07341,1290.769897,222.85878,120.605011,1403.85083,95.394737,258.637695,1314.301758,35.146095,320.774384,1282.223389,-108.814835,117.035133,1276.452637,-281.04129,,,,34.987164,1305.20813,-275.407043,-162.928299,1038.919556,16.447994,-141.788589,1044.531616,212.637939,127.571541,1043.204102,186.403931,102.827431,1054.83667,-24.400644
3.158,6.676021,1651.437744,213.341888,-3.840675,1649.510498,103.217728,87.541527,1597.505737,167.38324,5.487242,1396.240112,239.935333,-63.207157,1223.61377,267.957458,54.643082,1212.870117,256.799713,25.950045,1302.526855,9.983565,-161.961838,1316.38147,242.303528,-114.055756,1427.319824,130.707825,-232.450134,1338.261963,10.691745,-227.032623,1368.5802,-122.147415,24.533184,1411.436646,-125.512558,5.114801,1417.817627,-33.489216,97.512115,1392.094849,-96.82428,136.458389,1291.60144,223.092346,120.260117,1405.048096,95.884865,259.059082,1316.12793,36.904564,323.308777,1286.248901,-106.169296,127.408775,1282.740112,-288.122986,,,,44.968349,1310.773438,-287.405212,-162.99408,1039.349365,16.30949,-141.902695,1045.198364,212.47554,127.576561,1043.911499,186.162903,102.829376,1055.451538,-24.485832
3.167,5.537344,1652.121582,213.88945,-4.774753,1650.394897,103.767578,86.808212,1598.571045,167.942139,4.942285,1397.081299,239.906631,-63.622013,1224.536743,267.748199,54.235477,1213.886353,256.749969,25.849329,1303.369507,10.210942,-162.378845,1317.188477,242.052841,-114.188721,1428.077515,130.516098,-232.454315,1339.286377,10.281988,-226.185867,1369.533325,-122.517998,25.367304,1413.475342,-125.187813,5.593886,1419.512573,-33.227978,98.357239,1394.599854,-96.371223,135.844498,1292.684448,223.323929,119.748909,1406.411865,96.310661,259.392609,1318.111206,38.405609,325.372375,1290.29126,-103.706917,137.778122,1289.793701,-294.703552,,,,55.577942,1317.814941,-299.179565,-162.947678,1040.067749,16.052559,-141.987396,1046.176147,212.309128,127.495888,1044.834839,185.935608,102.805397,1056.274902,-24.588686
3.175,4.65275,1653.008911,214.58873,-5.789753,1651.513672,104.710373,86.00605,1599.815308,168.455032,4.370758,1398.210815,239.71228,-63.899338,1225.72522,267.407349,53.816116,1215.087158,256.648193,25.742531,1304.534912,10.029137,-162.741776,1318.237427,241.617767,-114.416801,1429.057007,130.417343,-232.335144,1340.388428,9.79306,-225.263489,1370.342896,-122.969772,26.262644,1415.67395,-124.897057,6.099362,1421.33252,-32.954113,99.246155,1397.212402,-95.899986,135.286179,1294.070679,223.251968,119.61216,1408.130981,96.510818,259.917572,1320.318481,39.896843,327.374298,1294.302979,-101.355568,148.10968,1297.515869,-300.768921,,,,66.804146,1326.528564,-310.519379,-162.843948,1040.921143,15.93649,-142.087097,1047.312012,212.081207,127.36438,1046.128052,185.741974,102.759048,1057.40625,-24.744133
3.183,3.779148,1654.111084,215.227692,-6.582218,1652.974609,105.153946,85.058044,1601.036011,168.879684,3.736235,1399.453125,239.402023,-64.360466,1227.12915,267.089905,53.469162,1216.765747,256.259338,25.694605,1306.187134,9.869715,-163.196899,1319.572998,241.099243,-114.712524,1430.38269,130.023041,-232.140366,1341.425415,9.033658,-223.828079,1371.234131,-124.197517,27.199186,1417.8125,-124.701385,6.71994,1423.37793,-32.78231,100.194046,1399.742554,-95.352768,134.609634,1295.612305,223.07608,119.38929,1409.922607,96.580177,260.624512,1322.724731,41.068932,329.140686,1298.229248,-99.299904,158.360886,1306.146851,-306.298706,,,,78.371574,1336.751221,-320.971405,-162.676163,1041.954468,15.686529,-142.192322,1048.873413,211.745331,127.27417,1047.655151,185.416779,102.74231,1058.807739,-24.815771
3.192,3.086462,1655.224731,215.818604,-7.347592,1654.457031,105.363388,84.373695,1602.562866,169.127594,3.052627,1400.878906,238.879654,-64.756851,1228.921997,266.533295,53.063469,1218.482544,256.010132,25.653959,1307.979614,9.53626,-163.638428,1321.083374,240.233444,-114.966507,1431.79834,129.472321,-232.00708,1342.936157,8.035334,-222.678436,1372.795288,-125.11557,28.24629,1420.088745,-124.42662,7.355578,1425.663208,-32.598785,101.151543,1402.282715,-94.785324,134.099548,1297.414429,222.960571,119.190964,1411.973022,96.637581,260.107666,1324.602661,41.800072,330.655548,1302.154053,-97.481407,168.209732,1315.778931,-311.189636,,,,90.192772,1348.448608,-330.294525,-162.500244,1043.350342,15.467101,-142.320175,1050.524414,211.421738,127.088562,1049.395508,185.206757,102.74041,1060.321533,-24.947718
3.2,2.284328,1656.53479,216.33902,-8.136986,1656.064941,106.244614,83.783012,1604.119019,169.489822,2.437208,1402.528809,238.343796,-65.183891,1230.7323,266.135956,52.675583,1220.521362,255.499847,25.612936,1310.130005,8.888057,-164.143814,1322.741333,239.567383,-115.243492,1433.431274,128.916718,-231.800385,1344.413574,6.973277,-221.612686,1374.332031,-126.206291,29.274403,1422.427979,-124.249886,7.944866,1428.069824,-32.563019,102.051399,1404.946655,-94.291962,133.398926,1299.305176,222.568634,118.989365,1414.1521,96.699844,260.170868,1326.990112,42.611111,331.828217,1306.047119,-95.865875,177.668259,1326.099121,-315.035645,,,,102.217628,1361.615967,-338.544861,-162.337402,1044.790649,15.204678,-142.453018,1052.566162,211.113922,126.901535,1051.383179,184.929016,102.663895,1062.096069,-25.099024
3.208,1.624805,1657.803101,216.936951,-8.820346,1657.958496,106.563042,83.199158,1605.671265,169.74144,1.843768,1404.157837,237.665649,-65.605782,1232.730957,265.44986,52.136627,1222.641357,254.956131,25.671505,1312.642334,7.889765,-164.639038,1324.614014,238.451797,-115.453896,1435.172363,128.190628,-231.535797,1346.143311,5.589218,-220.632904,1376.261108,-127.407478,30.25218,1424.992554,-124.069321,8.488147,1430.48291,-32.472488,102.990334,1407.787842,-93.764282,132.950211,1301.468628,222.159424,118.784019,1416.452271,96.586121,260.318665,1329.598022,43.172398,332.873688,1309.949341,-94.442589,187.09903,1337.641968,-319.146759,,,,114.191193,1375.782227,-345.634125,-162.045471,1046.360229,14.976827,-142.626099,1054.636719,210.771973,126.637894,1053.563477,184.734497,102.662003,1063.851807,-25.179977
3.217,1.014793,1659.105835,217.329987,-9.543077,1659.765625,106.907349,82.505135,1607.406738,169.842926,1.024115,1405.899414,236.842789,-66.232758,1235.02124,264.71167,51.69688,1224.832642,254.362259,25.787632,1315.177612,7.010051,-165.077103,1326.534058,237.41449,-115.596176,1437.040527,127.295731,-231.30748,1348.134277,4.122128,-219.400574,1378.35083,-128.763611,31.221226,1427.75769,-124.035263,9.300327,1432.969971,-32.240147,103.863647,1410.82019,-93.398987,132.197998,1303.494873,221.798492,118.459846,1418.716187,96.385353,260.504822,1332.279785,43.668293,333.792694,1313.593384,-93.616974,195.952271,1349.647705,-322.107269,,,,126.069962,1390.819092,-351.35733,-161.937012,1047.921997,14.791489,-142.688568,1056.851074,210.415085,126.484558,1055.970215,184.44252,102.552254,1065.650391,-25.314289
3.225,0.548748,1660.553101,217.727203,-10.226068,1661.540894,106.900337,81.994522,1609.11731,169.920944,0.424629,1407.749146,236.082352,-66.67849,1237.196411,264.013306,51.246574,1227.22876,253.791595,25.965471,1317.608398,6.263371,-165.59465,1328.59729,236.155472,-115.644608,1438.862305,126.420616,-230.757446,1350.058838,2.701422,-218.320084,1380.560059,-130.189774,32.114784,1430.687012,-124.01754,9.768431,1435.558105,-32.291431,104.657318,1414.045288,-93.175781,131.582138,1305.783936,221.282471,118.304985,1421.022583,96.176216,260.807922,1335.00708,44.006981,334.638153,1317.464111,-92.766747,204.11145,1362.300171,-324.180359,,,,137.819687,1406.443604,-355.980591,-161.668549,1049.540039,14.525349,-142.930695,1059.07959,210.084717,126.300797,1058.409546,184.250824,102.444435,1067.570312,-25.451195
3.233,0.185447,1661.959473,218.08989,-10.675158,1663.420532,107.054115,81.510284,1610.8396,169.800751,-0.104979,1409.515869,235.089645,-67.090874,1239.528687,263.210999,50.858524,1229.700073,253.120178,26.070013,1320.051147,5.45285,-166.118057,1330.769897,234.784134,-115.699524,1440.874756,125.283821,-230.11554,1352.149902,1.139842,-217.247437,1382.625244,-131.484039,33.071415,1433.786255,-124.058884,10.256815,1438.22583,-32.445435,105.597847,1417.493042,-92.9944,131.196564,1308.11792,220.624878,118.180389,1423.413696,95.838531,261.081879,1337.803711,44.239906,335.289429,1321.453979,-92.171906,211.768204,1375.198853,-325.626129,150.66304,1360.806396,-262.643219,149.071228,1422.057983,-359.902924,-161.594513,1051.215454,14.35921,-143.145859,1061.453491,209.61792,126.115425,1060.875977,183.995758,102.278534,1069.298828,-25.614799
3.242,-0.36088,1663.458862,218.224014,-11.124764,1665.219116,107.678429,81.136909,1612.596069,169.61731,-0.739385,1411.40564,234.080124,-67.609741,1241.872437,262.208588,50.376369,1232.15564,252.376144,25.88648,1323.102417,2.992938,-166.487564,1332.940796,233.357056,-115.662819,1442.853271,124.192047,-229.370377,1354.420288,-0.385679,-216.097214,1384.954102,-133.006546,33.942711,1436.944946,-124.217987,10.79148,1440.924438,-32.659248,106.484718,1421.010376,-92.81163,130.741348,1310.266846,219.966705,118.006493,1425.825562,95.586166,261.38324,1340.724487,44.405289,335.984039,1325.44165,-91.957687,218.837311,1388.408081,-326.382843,156.333313,1377.5354,-260.785767,160.211884,1438.112061,-362.613861,-161.478043,1052.742676,14.169013,-143.395523,1063.857422,209.155624,125.804008,1063.378174,183.781128,102.207016,1071.198242,-25.729889
3.25,-0.744032,1664.808228,218.399155,-11.513822,1667.168091,107.93824,80.891624,1614.297241,169.451508,-1.251217,1413.152832,233.118301,-68.05835,1244.325562,261.214844,49.939323,1234.628296,251.590408,25.586275,1326.201904,-0.554072,-166.811356,1335.122681,231.961563,-115.349197,1444.77417,122.782211,-228.576584,1356.651367,-2.141909,-214.967819,1387.307373,-134.526535,34.875053,1440.196045,-124.426224,11.175979,1443.637329,-32.966934,107.370392,1424.556274,-92.741348,130.058243,1312.562988,219.393066,117.735527,1428.142456,95.282623,261.742004,1343.704712,44.484673,336.377411,1329.757202,-91.865677,225.485779,1401.807739,-326.593445,159.949356,1393.435303,-265.921936,170.461212,1454.168701,-364.424286,-161.406708,1054.200317,13.911607,-143.592834,1066.177612,208.714417,125.498146,1065.93335,183.511795,102.001694,1072.837769,-25.921494
3.258,-1.026528,1666.236572,218.253922,-11.910803,1668.823486,108.335251,80.603798,1615.915894,169.090469,-1.676944,1414.901001,232.061005,-68.380203,1246.613403,260.295441,49.57217,1237.078857,250.74118,25.316776,1329.172607,-4.505167,-167.165482,1337.301392,230.4198,-115.128372,1446.747803,121.304657,-227.757782,1358.715576,-3.632332,-213.639481,1389.595825,-136.028229,35.833786,1443.498657,-124.675369,11.704151,1446.434448,-33.288719,108.25547,1428.184326,-92.763191,129.75351,1314.895996,218.569809,117.38253,1430.42749,94.847702,262.05191,1346.691162,44.626774,336.92868,1334.144653,-91.922729,231.343353,1415.19519,-326.264832,164.055099,1410.230835,-266.632385,180.293518,1470.171143,-365.038849,-161.458252,1055.594727,13.580516,-143.791061,1068.554565,208.223038,125.267982,1068.382202,183.232498,101.926849,1074.597046,-26.082436
3.267,-1.207271,1667.509521,218.199951,-12.465611,1670.585205,107.673271,80.235291,1617.471313,168.644119,-2.046291,1416.60144,230.986099,-68.733383,1248.889282,259.220123,49.295212,1239.475464,249.869217,26.162271,1330.26062,-0.49317,-167.490692,1339.473145,228.869568,-114.820946,1448.609741,120.039543,-227.003906,1360.909912,-5.43631,-212.342194,1391.718018,-137.542343,36.87788,1446.811646,-124.962364,12.172576,1449.146484,-33.693707,109.440285,1431.6875,-92.845276,129.519028,1316.998901,217.707565,117.139641,1432.710815,94.498161,262.347137,1349.657715,44.642105,337.219299,1338.582764,-92.206894,236.687088,1428.593018,-325.65918,168.520157,1427.100586,-266.183594,189.757767,1486.498901,-364.389557,-161.500534,1056.778564,13.143265,-143.922089,1070.708618,207.744904,124.894264,1070.731934,182.990845,101.832741,1076.008789,-26.274113
3.275,-1.363565,1668.676758,218.018753,-12.637385,1672.108398,107.484016,80.081985,1618.985229,168.11618,-2.544007,1418.21936,229.806076,-69.205704,1251.103882,258.1185,48.971561,1241.801758,248.883118,26.251049,1332.196045,-1.435912,-167.795013,1341.526611,227.351974,-114.630035,1450.356323,118.892853,-226.338776,1363.052124,-7.077772,-211.264877,1394.090942,-139.036377,37.750454,1450.045288,-125.264633,12.735633,1451.901733,-34.088745,110.160614,1435.154053,-92.907349,129.089081,1318.969482,216.874374,116.792755,1434.763794,94.034637,262.713715,1352.606689,44.532127,337.489349,1343.055176,-92.47773,241.438095,1441.964111,-324.371063,172.712448,1443.586426,-265.263306,198.037491,1502.680542,-362.496246,-161.661118,1057.793335,12.558787,-144.249908,1072.984375,207.235245,124.610168,1073.144409,182.696533,101.704056,1077.493408,-26.583061
3.283,-1.366051,1670.013916,217.747665,-12.772554,1673.884155,107.567444,79.957054,1620.325317,167.583771,-2.883049,1419.816772,228.66687,-69.4655,1253.285645,257.007263,48.622505,1243.973022,247.956345,26.345539,1333.816162,-2.98346,-167.945786,1343.445435,225.833771,-114.406944,1452.08252,117.649101,-225.771439,1365.161011,-8.766603,-210.055237,1396.401611,-140.599945,38.639076,1453.217529,-125.69606,13.320358,1454.538208,-34.528484,111.078743,1438.641968,-92.903915,128.842758,1321.076172,216.003174,116.47184,1436.753784,93.602448,263.09433,1355.429932,44.435177,337.659851,1347.50354,-93.018051,245.628082,1455.528198,-322.608856,176.910141,1459.613647,-263.444916,205.966721,1519.338013,-359.077362,-161.955597,1058.732666,11.943586,-144.649658,1075.150757,206.484268,124.361435,1075.299683,182.36969,101.639587,1078.771118,-26.913212
3.292,-1.306601,1671.043579,217.31163,-12.754901,1675.063599,107.638123,79.952469,1621.662354,166.891861,-3.217568,1421.178345,227.445862,-69.673431,1255.20874,255.880447,48.434364,1246.106079,246.912918,26.380842,1335.89563,-3.254162,-168.197998,1345.227661,224.25116,-114.121933,1453.648926,116.481705,-225.237213,1367.116577,-10.484431,-208.982208,1398.788574,-142.234055,39.430321,1456.306885,-126.157257,13.802835,1457.033691,-34.996361,111.875648,1441.800781,-93.114731,128.606934,1322.959717,215.085709,116.21138,1438.725708,93.104202,263.499939,1358.17395,44.199738,337.815338,1352.069458,-93.514397,249.460632,1469.464844,-320.181885,180.920364,1475.260132,-261.02478,213.273148,1536.070557,-354.41153,-162.042679,1059.685303,11.114842,-144.835159,1076.96167,205.810104,124.125954,1077.400024,182.075455,101.566078,1079.80481,-27.373631
3.3,-1.235045,1672.096802,216.907883,-12.793558,1676.757202,107.669098,79.994637,1622.81897,166.247772,-3.440492,1422.661865,226.28067,-69.847366,1257.113525,254.702621,48.293156,1248.084595,245.86174,26.334137,1337.710205,-4.782594,-168.407944,1347.022705,222.607727,-113.920151,1455.214111,115.257355,-224.832291,1369.226074,-12.170127,-207.800919,1401.046509,-143.832275,40.388863,1459.144531,-126.506287,14.375534,1459.446533,-35.432259,112.696144,1444.810425,-93.23761,128.31662,1324.585449,214.076172,116.015221,1440.334717,92.807304,263.889191,1360.885864,43.976395,337.799316,1356.25647,-94.366852,252.913498,1483.522339,-317.001373,184.711761,1490.27417,-257.662628,219.93898,1552.824707,-348.497528,-162.167679,1060.549561,10.406979,-145.081924,1078.885864,205.091187,123.911766,1079.366333,181.649246,101.508781,1080.799927,-27.905336
3.308,-1.122898,1673.187622,216.273651,-12.756248,1677.840332,106.979851,80.057846,1623.879761,165.474899,-3.689743,1423.894287,225.081451,-70.054848,1258.766846,253.605698,48.064888,1249.774536,244.797745,26.392061,1339.200806,-6.079613,-168.639908,1348.564819,220.95694,-113.630486,1456.569458,113.982643,-224.381638,1371.162598,-13.889896,-206.69606,1403.144897,-145.286957,41.205788,1461.710815,-126.983032,14.839991,1461.797241,-35.957645,113.353569,1447.805908,-93.418198,128.280975,1326.253296,213.091034,115.735641,1442.075317,92.451271,264.25885,1363.453613,43.760235,337.956909,1360.518066,-95.028221,256.169952,1497.894165,-314.259064,188.141403,1504.703979,-253.436066,225.921188,1569.259766,-341.486237,-162.161682,1061.417114,9.537468,-145.280136,1080.432861,204.440262,123.715874,1081.154297,181.263519,101.464928,1081.685425,-28.506672
3.317,-0.926158,1673.976196,215.861099,-12.697029,1679.149902,105.63063,80.102402,1624.918945,164.704147,-3.954115,1425.067505,223.908981,-70.396103,1260.372192,252.410614,47.96492,1251.428467,243.738419,26.310965,1340.595093,-7.200466,-168.78241,1350.096802,219.47287,-113.288254,1457.874756,112.684975,-224.061874,1373.020264,-15.56347,-205.931,1405.113525,-147.6521,42.280376,1464.400879,-127.100037,15.343061,1463.838623,-36.356934,114.057396,1450.503418,-93.545273,128.116592,1327.630737,212.40657,115.361382,1443.625854,92.184822,264.598236,1365.828247,43.498478,337.914032,1364.601562,-95.649506,259.128021,1512.118164,-309.589264,191.341003,1518.644531,-247.967468,231.123703,1585.258789,-333.745026,-162.150162,1062.210205,8.784618,-145.50029,1082.109131,203.7034,123.485031,1082.881958,180.836411,101.435143,1082.351562,-29.169706
3.325,-0.742274,1674.837891,215.122009,-12.633556,1680.374878,106.226402,80.190392,1625.831055,163.825562,-4.284719,1426.153931,222.805176,-70.492699,1261.723877,251.268509,47.821064,1252.788818,242.76944,26.233898,1341.694214,-8.327929,-168.944962,1351.367798,217.96579,-112.912163,1458.975586,111.406052,-223.684601,1374.830688,-17.166252,-204.923965,1407.202271,-149.017029,43.019699,1466.749146,-127.455223,15.720438,1465.75293,-36.828671,114.830818,1453.0802,-93.595978,128.048965,1328.959839,211.561386,115.082321,1445.056274,91.792076,264.900208,1367.89978,43.218285,337.848022,1368.186279,-96.747086,261.617676,1525.884277,-304.249817,194.289795,1531.840332,-241.956116,235.648071,1600.574219,-325.188019,-162.056671,1063.046753,7.956109,-145.662201,1083.393921,203.012985,123.29493,1084.290161,180.2845,101.397408,1082.782715,-29.852057
3.333,-0.533299,1675.656616,214.281235,-12.498884,1681.309937,105.422661,80.347542,1626.690918,162.868057,-4.372287,1427.138306,221.594162,-70.737946,1263.038574,250.151245,47.680397,1254.168701,241.650879,26.16033,1342.67395,-9.588221,-168.994904,1352.58374,216.505997,-112.434952,1459.944092,110.173233,-223.321548,1376.559937,-18.728441,-204.099304,1408.928223,-150.281433,43.819553,1468.93103,-127.773346,15.931323,1467.466797,-37.298405,115.543114,1455.452271,-93.611961,127.990036,1330.125977,210.667969,115.32251,1447.033081,92.067963,265.194763,1369.930908,42.931686,337.543915,1371.86499,-97.722183,263.642944,1539.229858,-298.216705,196.877991,1544.137451,-235.411118,239.494965,1615.209473,-316.062347,-161.95755,1063.657349,7.302692,-145.93158,1084.681641,202.047287,123.144867,1085.627075,179.711227,100.868073,1082.61145,-28.713993
3.342,-0.321219,1676.410034,213.793915,-12.333079,1682.231934,104.363586,80.550964,1627.549438,161.945923,-4.495295,1428.074585,220.552795,-70.717232,1264.115112,249.083145,47.59169,1255.231201,240.700165,26.039608,1343.515625,-10.501139,-169.078369,1353.663818,215.047806,-111.980644,1460.827393,108.975403,-222.858856,1377.964722,-20.168667,-203.258331,1410.584473,-151.815948,44.462631,1470.885742,-128.05629,16.406717,1468.989136,-37.492661,116.179092,1457.571411,-93.615067,127.856461,1331.036255,210.108871,114.379173,1447.554932,91.218071,265.455841,1371.689209,42.673435,337.107025,1375.503052,-98.463669,265.151184,1551.893677,-291.368561,199.046509,1555.852539,-227.696503,242.510498,1629.021484,-306.384918,-161.771759,1064.214966,6.472416,-146.129181,1085.761963,201.373611,123.110443,1086.861816,179.134583,100.753288,1082.813232,-29.124697
3.35,-0.137601,1676.905396,212.763016,-12.154438,1683.192017,104.055946,80.755745,1628.280518,161.016632,-4.62609,1428.82373,219.438232,-70.778923,1265.204712,248.002045,47.554539,1256.266479,239.756012,25.937181,1344.260986,-11.50802,-169.07251,1354.624512,213.744461,-111.553314,1461.699341,107.715927,-222.356934,1379.350464,-21.667084,-202.23819,1412.008423,-153.104172,45.11042,1472.566895,-128.319519,16.625648,1470.299683,-38.03484,116.831665,1459.408203,-93.603508,127.996399,1332.01416,209.336136,114.19751,1448.692993,91.15934,265.551941,1373.175415,42.324123,336.74057,1378.684204,-99.412766,266.257202,1563.886108,-284.121643,200.790039,1566.597778,-219.68895,244.949432,1641.920776,-296.805481,-161.599854,1064.552612,5.688358,-146.214264,1086.8396,200.611206,123.04541,1087.846802,178.588669,100.666862,1082.923096,-29.550322
3.358,0.111794,1677.776123,211.886719,-12.026612,1684.008301,103.129013,81.114922,1629.053223,160.181091,-4.649088,1429.527222,218.442001,-70.824158,1266.007568,246.991806,47.525841,1257.099121,238.792297,25.825525,1344.863037,-12.508027,-169.096954,1355.476318,212.38858,-111.225197,1462.443848,106.556976,-221.889648,1380.393799,-23.00437,-201.395615,1413.189209,-154.450195,45.806782,1474.006104,-128.521774,17.019817,1471.216919,-38.543144,117.406883,1461.036011,-93.431076,128.038834,1332.642334,208.855682,113.859833,1449.512451,91.199211,265.66861,1374.551392,42.052486,336.118958,1381.916382,-100.212051,266.639069,1575.184082,-276.216766,202.013107,1576.412842,-211.275742,246.807373,1653.893188,-286.469971,-161.508469,1064.76001,4.877379,-146.409668,1087.725586,199.912338,123.036369,1088.818359,177.972778,100.58326,1082.918945,-30.023817
3.367,0.460772,1678.394409,210.891617,-11.902786,1684.629639,102.281631,81.310143,1629.748779,159.041656,-4.69331,1430.283813,217.481583,-70.8479,1266.760132,246.114471,47.541595,1257.741821,237.945663,25.741104,1345.337158,-13.553016,-169.035156,1356.254761,211.31488,-110.752213,1463.040771,105.390007,-221.414413,1381.374878,-24.362957,-200.496429,1414.107788,-155.613388,46.364811,1475.194214,-128.717667,17.142649,1472.080566,-38.904697,117.925789,1462.487671,-93.315231,128.114624,1333.175415,208.29837,113.464066,1450.239014,91.285263,265.660126,1375.648193,41.742641,335.451294,1385.145386,-100.818764,266.692108,1585.883423,-268.97876,203.122299,1585.493774,-202.418076,247.951721,1664.870483,-276.160431,-161.378922,1065.013306,3.991886,-146.566559,1088.446167,199.280426,123.012527,1089.636475,177.373322,100.469543,1082.85376,-30.551588
3.375,0.592402,1678.626587,209.698715,-11.740387,1685.500977,101.554688,81.442169,1630.378784,157.972946,-4.685197,1430.883911,216.58078,-70.875504,1267.566406,245.143066,47.563156,1258.313965,237.112625,25.67112,1345.730957,-14.398391,-168.973236,1357.018677,210.176468,-110.364212,1463.617798,104.220993,-220.830597,1382.049927,-25.612577,-199.658142,1414.930298,-156.960907,47.011131,1476.155273,-128.83107,17.396585,1472.801025,-39.163216,118.392685,1463.560913,-93.155975,128.182678,1333.582886,207.919296,113.214752,1450.813354,91.510101,265.555908,1376.644531,41.361683,334.683105,1388.136108,-101.25074,265.877197,1595.952637,-261.18277,203.586365,1593.573242,-193.285507,248.291519,1674.964355,-265.195343,-161.362717,1065.238281,3.213924,-146.698074,1089.144531,198.578918,122.957214,1090.292969,176.80072,100.35154,1082.783813,-31.122335
3.383,0.797409,1679.373047,208.800278,-11.642471,1686.085815,100.678146,81.567467,1631.005371,156.927307,-4.625761,1431.403198,215.718109,-70.903648,1268.099487,244.340408,47.588425,1258.828125,236.375183,25.637484,1346.076294,-15.098944,-169.000092,1357.645996,209.04039,-110.069519,1464.180786,103.072227,-220.22789,1382.474243,-26.773911,-198.791519,1415.414062,-158.082947,47.669121,1476.86792,-128.855042,17.645021,1473.247314,-39.309029,118.927765,1464.486084,-92.898735,128.281219,1333.896484,207.592468,113.037483,1451.400024,91.798798,265.424683,1377.520264,41.182823,333.998169,1390.767212,-102.179482,264.43634,1604.401367,-252.743393,203.873489,1600.913086,-183.659409,247.82872,1684.113647,-252.708054,-161.356689,1065.403198,2.548937,-146.89032,1089.852417,197.828384,122.944099,1090.948364,176.098083,100.247536,1082.687622,-31.672817
3.392,1.018226,1680.212402,207.77504,-11.46988,1686.784058,99.568657,81.71508,1631.572998,155.866119,-4.654242,1431.85022,214.994537,-71.022629,1268.588745,243.478241,47.570393,1259.240967,235.661453,25.630943,1346.342285,-15.674876,-168.974747,1358.167847,208.048248,-109.729683,1464.674438,101.988266,-219.582336,1382.838623,-27.905418,-198.013977,1415.63855,-159.232239,48.270313,1477.375854,-128.898392,17.748764,1473.548828,-39.577061,119.425858,1465.224487,-92.52774,128.421478,1334.206421,207.257233,112.739616,1451.852417,92.179733,265.414032,1378.278076,40.949627,333.241455,1393.261963,-103.20166,262.266937,1612.60144,-244.422577,204.01857,1607.384766,-173.363113,246.880783,1692.207397,-241.411469,-161.323364,1065.551392,1.827228,-147.066803,1090.526367,197.195526,122.941826,1091.510132,175.521042,100.145943,1082.642822,-32.137821
3.4,1.341836,1680.858276,206.619446,-11.232677,1687.144043,98.171402,81.940575,1632.222656,154.657516,-4.821523,1432.273315,214.340012,-71.091415,1269.001099,242.674332,47.542534,1259.570801,235.045639,25.624832,1346.532349,-15.988743,-168.969467,1358.723389,207.128448,-109.517509,1465.094604,101.062271,-218.871155,1382.927734,-29.010313,-197.173798,1415.682617,-160.301147,48.808804,1477.740234,-128.899307,17.878862,1473.626099,-39.733963,119.941933,1465.827881,-92.161186,128.498444,1334.415894,207.091049,112.536255,1452.266357,92.582169,265.373108,1378.952393,40.781754,332.192047,1395.718018,-104.069588,259.140991,1619.625732,-235.368561,203.9944,1613.250854,-162.926529,245.264145,1699.552246,-230.238586,-161.336624,1065.715454,1.130159,-147.231003,1090.994995,196.499039,122.926208,1092.047485,174.9086,100.027229,1082.628052,-32.565613
3.408,1.536034,1681.508667,205.561737,-11.182753,1687.614136,96.896156,82.100159,1632.714966,153.540375,-4.8342,1432.751343,213.7388,-71.205254,1269.398071,242.077774,47.425407,1259.794312,234.600311,25.684174,1346.771606,-16.704165,-169.083679,1359.132935,206.128815,-109.22506,1465.420288,100.082794,-218.353973,1382.999634,-30.105776,-196.126633,1415.460693,-161.309631,49.367588,1477.994141,-128.813156,18.053328,1473.494263,-39.801449,120.392693,1466.359253,-91.778282,128.542694,1334.555054,207.070099,112.427795,1452.663574,93.109344,265.305389,1379.530273,40.736794,331.081421,1397.934204,-104.725334,256.241943,1625.986572,-226.70134,203.71405,1617.945923,-153.201721,243.117676,1705.911011,-219.104218,-161.336685,1065.908203,0.382661,-147.483536,1091.447388,195.796799,122.881584,1092.511963,174.430603,99.946358,1082.720337,-33.029301
3.417,1.621962,1682.32312,204.350861,-11.257982,1687.785889,95.511909,82.235336,1633.16687,152.38205,-4.951436,1433.03833,213.23024,-71.421295,1269.763672,241.439911,47.308704,1259.945435,234.18132,25.711727,1346.954834,-17.162092,-169.153992,1359.510864,205.368988,-109.028862,1465.713379,99.263954,-217.742294,1382.938232,-31.104301,-195.194946,1415.121338,-162.409332,49.948738,1478.12793,-128.68074,18.103729,1473.431152,-39.705502,120.820206,1466.823364,-91.350922,128.536713,1334.686401,207.09761,112.244919,1452.897827,93.745583,265.31134,1380.058594,40.848629,329.72049,1399.948242,-105.600441,252.862305,1631.949707,-217.764374,203.246719,1621.901001,-142.828171,240.616592,1711.565674,-207.862122,-161.337494,1066.173096,-0.314931,-147.750244,1091.885742,195.063782,122.805603,1092.929565,173.982391,99.927666,1082.907593,-33.520126
3.425,1.829199,1682.845581,202.97287,-11.358874,1688.166626,93.450439,82.345482,1633.578979,151.116409,-5.10695,1433.299072,212.901962,-71.681961,1269.997314,240.899078,47.205105,1260.085938,233.930099,25.739157,1347.111206,-17.438019,-169.223862,1359.887085,204.606125,-108.855202,1465.91687,98.407402,-217.122986,1382.721558,-32.106602,-194.354858,1414.675537,-163.367203,50.487831,1478.100952,-128.50708,18.155859,1473.121338,-39.912567,121.246368,1467.19751,-90.959549,128.522598,1334.721069,207.214767,112.047943,1453.131958,94.447197,265.274902,1380.435303,40.922607,328.300018,1401.620361,-106.608826,249.191742,1637.007202,-208.866409,202.814117,1624.894531,-131.978256,237.875885,1716.459595,-196.636078,-161.329697,1066.432861,-0.966747,-147.922104,1092.272217,194.450348,122.753464,1093.332642,173.566971,99.947128,1083.150146,-33.880409
3.433,2.089059,1683.378418,201.537994,-11.212808,1688.293579,91.925232,82.427414,1633.972412,149.875793,-5.25761,1433.49939,212.643509,-71.89679,1270.215332,240.521698,47.049755,1260.203247,233.728302,25.758205,1347.291382,-17.71735,-169.334396,1360.165527,203.942017,-108.719978,1466.063599,97.662117,-216.641327,1382.465332,-32.980209,-193.516052,1414.10144,-164.255249,51.013981,1477.952271,-128.364471,18.577747,1472.518799,-39.90213,121.728737,1467.345947,-90.469803,128.494904,1334.701782,207.395798,111.651588,1453.161865,95.065758,265.223114,1380.723267,41.028881,326.639557,1403.184204,-107.503242,245.475235,1641.458374,-199.941696,202.357162,1627.028198,-121.287682,235.070221,1720.436768,-184.436554,-161.368668,1066.668701,-1.494769,-148.092194,1092.651855,193.794724,122.608833,1093.595215,173.25354,100.018303,1083.515503,-34.24699
3.442,2.254414,1684.028442,200.230804,-11.100263,1688.353027,90.416779,82.41819,1634.257812,148.559921,-5.402243,1433.640991,212.38562,-72.145866,1270.355957,240.190262,46.878033,1260.269043,233.578903,25.742823,1347.484741,-17.859648,-169.538864,1360.322144,203.298447,-108.658653,1466.183228,97.187973,-216.171097,1382.137695,-33.816441,-192.587692,1413.343628,-165.10675,51.503002,1477.663452,-128.230026,18.708906,1472.104614,-39.916813,122.104355,1467.372681,-89.935036,128.434143,1334.598267,207.843384,111.271805,1453.248291,95.858116,265.222473,1380.978882,41.130039,325.049896,1404.596436,-108.305649,241.808655,1644.971802,-190.909607,202.808304,1628.872192,-109.222679,231.76622,1723.674683,-173.02774,-161.396713,1066.928589,-2.062768,-148.244888,1092.828613,193.200623,122.398529,1093.742798,173.019196,100.053482,1083.961426,-34.521576
3.45,2.404006,1684.741455,198.895126,-10.972904,1688.377441,88.842674,82.627144,1634.573853,147.44722,-5.567935,1433.704956,212.29126,-72.37957,1270.434326,239.910828,46.623184,1260.256836,233.518875,25.746441,1347.8125,-18.081057,-169.725708,1360.397705,202.799362,-108.73188,1466.12085,96.807426,-215.590881,1381.593872,-34.519951,-191.797928,1412.471558,-165.843338,52.005123,1477.220703,-128.049484,18.781919,1471.679932,-39.938004,122.429817,1467.283691,-89.484451,128.319153,1334.453491,208.221817,111.039398,1453.277466,96.606842,265.097992,1381.097534,41.201191,323.091675,1405.62207,-109.274193,237.716797,1648.113159,-181.925034,202.118896,1629.167969,-99.42411,227.934052,1725.87146,-161.744873,-161.372818,1067.215942,-2.723126,-148.427383,1092.917603,192.671188,122.220909,1093.844727,172.838028,100.093498,1084.434448,-34.748482
3.458,2.591709,1685.231567,197.502243,-10.743522,1688.396973,87.543358,82.78392,1634.769043,146.329575,-5.757053,1433.689697,212.286575,-72.615509,1270.420166,239.72905,46.406509,1260.209229,233.521179,25.687654,1348.141113,-18.107594,-169.908844,1360.413696,202.364822,-108.711868,1466.100586,96.388733,-215.065155,1381.008179,-35.011074,-191.0009,1411.492554,-166.468231,52.484959,1476.620117,-127.816139,18.848257,1471.141479,-39.918587,122.782066,1467.091187,-89.061592,128.156525,1334.196899,208.653336,110.850212,1453.22229,97.462952,264.869843,1381.110352,41.204052,321.279694,1406.503052,-110.200623,233.633362,1650.027222,-173.217896,201.536331,1628.727905,-89.688599,223.93718,1727.324341,-150.679611,-161.321854,1067.4729,-3.272119,-148.592773,1092.883545,192.202545,122.057297,1093.856934,172.74115,100.076904,1084.897095,-34.855438
3.467,2.831387,1685.655273,195.843109,-10.60284,1688.309082,86.089081,82.889053,1634.9104,145.130081,-5.952096,1433.578125,212.326218,-72.868591,1270.336792,239.585098,46.11351,1260.100586,233.579315,25.649504,1348.508789,-18.308052,-170.083923,1360.375122,202.056992,-108.738037,1466.004883,96.081268,-214.528198,1380.341919,-35.592056,-190.266495,1410.419189,-166.998184,52.84359,1476.00769,-127.63134,18.986881,1470.438843,-39.803635,123.162392,1466.707642,-88.516983,128.038956,1334.020142,209.26915,110.689415,1453.065063,98.328201,264.584503,1381.042236,41.185604,319.326447,1407.122437,-111.209595,229.37056,1651.480469,-164.394974,200.908142,1627.536255,-79.967628,219.817245,1727.998413,-139.771912,-161.289536,1067.649536,-3.740065,-148.792633,1092.762817,191.760803,121.849434,1093.779663,172.749588,100.137688,1085.315063,-34.93158
3.475,3.062438,1686.173706,194.283142,-10.517124,1688.214966,84.177216,83.020691,1634.890991,143.772247,-6.215759,1433.433838,212.413437,-73.148582,1270.177734,239.551758,45.824581,1259.950562,233.719849,25.579063,1348.907593,-18.259151,-170.298355,1360.262939,201.728302,-108.7705,1465.81543,95.836212,-214.168762,1379.678223,-36.059296,-189.63504,1409.296631,-167.429153,53.208721,1475.241211,-127.449615,19.156044,1469.726929,-39.604839,123.487755,1466.25061,-87.991676,127.906891,1333.794556,209.85434,110.835121,1453.289673,99.451683,264.159943,1380.817749,41.142757,317.230835,1407.515747,-112.060196,225.023926,1652.17395,-155.940628,200.307144,1625.435181,-70.555191,215.217285,1727.846313,-129.12204,-161.18399,1067.74292,-4.174429,-148.98642,1092.580444,191.408203,121.654068,1093.575317,172.782654,100.252762,1085.701416,-34.933327
3.483,3.303504,1686.657593,192.773865,-10.301315,1687.862671,82.649948,83.245422,1634.810913,142.534134,-6.483308,1433.240356,212.555664,-73.467865,1269.924072,239.542313,45.546833,1259.738403,233.977875,25.389599,1349.231201,-18.174292,-170.514954,1360.043457,201.490036,-109.113533,1465.621582,95.886803,-213.799469,1378.828857,-36.366776,-189.00618,1408.032715,-167.738144,53.601128,1474.317749,-127.196251,19.214233,1469.009888,-39.495743,123.757103,1465.6073,-87.381012,127.796814,1333.501099,210.412354,110.604279,1452.949341,100.303169,263.443665,1380.40625,40.993259,315.208191,1407.672119,-112.958122,220.848526,1652.108276,-147.485809,199.777863,1622.753906,-61.787163,210.769714,1727.119263,-118.754234,-161.023682,1067.771851,-4.51737,-149.183411,1092.310547,191.145233,121.435402,1093.303833,172.899948,100.36956,1085.976318,-34.889271
3.492,3.602346,1686.963501,191.295776,-10.13248,1687.483154,81.263512,83.400612,1634.677368,141.323349,-6.74894,1433.011353,212.749664,-73.697105,1269.625977,239.634018,45.263565,1259.44458,234.290131,25.093044,1349.461182,-17.995274,-170.705383,1359.7771,201.384048,-109.175812,1465.305908,95.631538,-213.579361,1377.948975,-36.619183,-188.541656,1406.884033,-168.020126,53.848076,1473.368042,-126.923409,19.124926,1468.27771,-39.41238,123.940331,1464.953247,-86.902046,127.645302,1333.177124,211.208633,110.437332,1452.528198,101.290115,262.79245,1379.883179,40.89019,312.835876,1407.564941,-113.980797,216.552353,1651.200684,-139.498978,199.184433,1619.446289,-53.718685,205.794495,1725.408813,-108.880836,-160.819275,1067.731445,-4.880871,-149.433624,1091.87793,190.891357,121.186295,1092.926514,173.104324,100.511284,1086.17749,-34.724216
3.5,3.880974,1687.156128,189.675171,-9.951324,1687.047974,79.97657,83.578789,1634.432983,140.118347,-7.049289,1432.680176,213.088196,-73.939873,1269.169434,239.79332,44.984127,1258.979736,234.668533,24.77223,1349.703613,-17.786255,-170.878647,1359.397949,201.424194,-109.269455,1464.968384,95.529984,-213.28685,1376.946045,-36.700886,-188.179779,1405.571045,-168.200424,54.05508,1472.403198,-126.554459,19.161156,1467.339966,-39.040714,124.052956,1464.231689,-86.348389,127.489952,1332.769165,212.026413,110.342781,1452.107422,102.18924,262.083374,1379.169067,40.626965,310.651794,1407.186401,-114.908363,212.611267,1649.827148,-131.5448,198.756836,1615.479492,-45.963139,201.533813,1723.361816,-98.840683,-160.629181,1067.629395,-5.041192,-149.634689,1091.327637,190.745483,121.016655,1092.544556,173.353867,100.671371,1086.302124,-34.515945
3.508,4.110049,1687.423706,188.068527,-9.84991,1686.574341,78.845116,83.746475,1634.154419,138.936279,-7.343117,1432.171387,213.525543,-74.274765,1268.585815,240.118927,44.720249,1258.389038,235.098892,24.377251,1349.813965,-17.391418,-171.112091,1358.88208,201.549576,-109.50943,1464.43811,95.761368,-213.123993,1375.945557,-36.693237,-187.887085,1404.234009,-168.201126,54.236053,1471.286011,-126.1521,19.125759,1466.312134,-38.751083,124.099258,1463.371704,-85.741379,127.358002,1332.165039,212.784378,110.246437,1451.688354,103.019646,261.382507,1378.192749,40.560238,308.5047,1406.483398,-115.695953,208.478577,1647.767822,-123.988739,198.010132,1611.097534,-38.837688,197.076706,1720.299438,-89.385056,-160.405151,1067.438965,-5.177313,-149.737305,1090.723389,190.673828,120.871101,1092.103027,173.674927,100.853928,1086.350586,-34.22644
3.517,4.352685,1687.534668,186.278015,-9.694058,1685.842529,77.216537,83.928902,1633.830322,137.753174,-7.635886,1431.770386,213.985168,-74.530769,1268.069824,240.387543,44.457573,1257.765747,235.605453,23.951614,1349.859741,-17.038191,-171.400146,1358.286865,201.816498,-109.697945,1463.873657,95.93483,-213.0802,1375.004639,-36.573334,-187.634003,1402.856689,-168.029907,54.232307,1470.222412,-125.679733,19.068668,1465.194214,-38.293858,124.093506,1462.486206,-84.94313,127.13887,1331.581665,213.64917,110.138504,1451.155029,103.938919,260.700562,1377.093018,40.510303,306.43222,1405.550537,-116.48407,204.428177,1645.14856,-116.692307,197.409576,1606.265747,-32.11314,192.806961,1716.509521,-80.135284,-160.148224,1067.192139,-5.243333,-149.907013,1090.005127,190.535629,120.638519,1091.419067,174.1082,101.02858,1086.286377,-33.86887
3.525,4.599516,1687.612061,184.621689,-9.352266,1685.609131,75.131355,84.074173,1633.400146,136.557419,-7.950571,1431.340088,214.601974,-74.834724,1267.401489,240.702072,44.211025,1257.11438,236.08252,23.568487,1349.771484,-16.60181,-171.663712,1357.670776,202.11409,-109.870659,1463.276245,96.134842,-212.955643,1373.6604,-36.373222,-187.600998,1401.291138,-167.76796,54.159225,1469.03064,-125.190544,18.842958,1463.959473,-37.90601,124.030304,1461.694824,-84.651863,126.989349,1330.961914,214.460403,110.051315,1450.447632,104.986664,259.8685,1375.845825,40.324287,304.358765,1404.470093,-117.224617,200.347916,1641.988403,-109.608765,196.773544,1600.878418,-25.815523,188.516022,1712.295898,-71.2761,-159.889313,1066.873657,-5.197498,-150.115387,1089.224243,190.452438,120.484688,1090.678345,174.576202,101.221664,1086.101074,-33.500668
3.533,4.739984,1687.55603,183.164352,-9.33647,1684.478394,73.47493,84.225792,1632.880493,135.324615,-8.338487,1430.684326,215.331512,-75.07412,1266.49646,241.257446,43.941013,1256.387817,236.659058,23.208855,1349.573975,-16.085438,-171.907898,1356.807007,202.606964,-110.119949,1462.439331,96.578506,-213.021072,1372.52478,-35.868561,-187.587753,1399.762085,-167.435287,54.088593,1467.634521,-124.638161,18.480877,1462.627441,-37.381256,123.808456,1460.601074,-84.052254,126.856583,1330.22168,215.392517,109.925072,1449.671997,105.931946,259.128204,1374.418579,40.298717,302.411438,1402.966553,-117.882698,196.425598,1638.154907,-102.910492,196.06781,1595.077026,-19.868664,183.955185,1707.266968,-62.829144,-159.665222,1066.515381,-5.10641,-150.332886,1088.435669,190.607437,120.284569,1089.762451,175.086746,101.495323,1085.839355,-33.06728
3.542,5.034072,1687.582886,181.67305,-9.131488,1683.863892,72.704185,84.345085,1632.239624,134.194351,-8.588116,1429.986572,216.054611,-75.25824,1265.581787,241.74588,43.625912,1255.340332,237.519516,22.884592,1349.254639,-15.531321,-172.166718,1355.921509,203.152283,-110.423531,1461.685303,97.159409,-213.195023,1371.276855,-35.530285,-187.764618,1398.120117,-166.901489,53.844456,1466.190796,-124.024307,18.28072,1461.144409,-36.842682,123.608398,1459.307495,-83.451416,126.637962,1329.276489,216.38446,109.80825,1448.64563,106.952995,258.534515,1373.010986,40.41872,300.534027,1401.195312,-118.599785,192.380386,1633.993896,-96.525398,195.293121,1588.779175,-14.424288,179.604416,1701.761841,-54.90889,-159.45726,1066.071411,-4.932253,-150.443939,1087.386841,190.703537,120.103249,1088.861206,175.611694,101.830833,1085.523804,-32.589825
3.55,5.314641,1687.322144,179.784424,-8.945401,1683.086914,71.209183,84.47258,1631.450439,133.120422,-8.879779,1429.096924,216.820557,-75.627693,1264.53479,242.311829,43.369801,1254.375366,238.217484,22.481024,1348.679443,-14.676378,-172.469223,1354.901978,203.751144,-110.612183,1460.69812,97.676186,-213.228195,1369.817139,-34.753365,-187.9422,1396.468628,-166.357651,53.591766,1464.520874,-123.365379,17.842941,1459.481079,-36.157524,123.241539,1457.918091,-82.70784,126.483604,1328.39856,217.33168,109.832985,1447.78418,107.718803,257.712219,1371.244751,40.80534,298.693909,1399.269775,-119.096466,188.580276,1628.884521,-90.297592,194.925919,1582.067871,-9.118419,174.981018,1695.755249,-47.474892,-159.190613,1065.425903,-4.705703,-150.567657,1086.272949,190.921814,119.904594,1087.719849,176.284637,102.142059,1085.180054,-32.130234
3.558,5.615888,1687.153687,178.060104,-7.729418,1680.619263,62.944241,84.557922,1630.575073,131.938919,-9.102894,1428.116211,217.635086,-75.791344,1263.325562,242.974213,43.122467,1253.279785,238.938583,22.229801,1348.035522,-14.11304,-172.670914,1353.745483,204.489487,-110.835007,1459.575439,98.347351,-213.595108,1368.430908,-34.104355,-188.360809,1394.761597,-165.597412,53.152573,1462.734863,-122.687294,17.396568,1457.874878,-35.463741,122.883224,1456.272827,-81.987381,126.262787,1327.246704,218.227509,109.728989,1446.689575,108.676826,257.373199,1369.729614,41.121819,296.968719,1396.978394,-119.650505,184.789459,1623.294922,-84.453613,194.184052,1575.262207,-4.349288,170.704208,1689.000732,-39.803997,-158.850891,1064.758911,-4.539328,-150.657394,1085.116089,191.076477,119.715195,1086.566528,176.952911,102.478065,1084.714355,-31.585653
3.567,5.802229,1686.753052,176.492477,-7.130675,1679.137573,60.871559,84.68943,1629.582397,130.769623,-9.409473,1426.995361,218.595795,-76.178207,1262.064209,243.640381,42.889484,1251.918579,239.795914,22.104406,1347.217163,-13.385047,-172.955856,1352.464111,205.35997,-111.219612,1458.489624,99.242165,-213.748367,1366.84436,-33.075443,-188.85231,1392.953247,-164.776566,52.698006,1460.769409,-121.891151,17.043386,1455.948364,-34.677135,122.412201,1454.588135,-81.282669,126.015869,1326.064331,219.247437,109.803368,1445.595581,109.856026,256.823792,1367.741699,41.342884,295.320099,1394.471802,-120.127182,180.772644,1617.146606,-79.062317,193.512283,1567.870728,0.009168,166.116699,1681.013916,-32.437916,-158.645126,1064.16394,-4.174993,-150.688904,1083.71106,191.345642,119.514542,1085.249512,177.618408,102.808296,1084.216797,-31.059853
3.575,6.203466,1686.302246,174.489502,-7.316844,1677.443481,59.748627,84.904762,1628.406128,129.58403,-9.669265,1425.857666,219.548767,-76.34729,1260.61084,244.41748,42.569,1250.561279,240.572708,21.936987,1346.173706,-12.366394,-173.210846,1351.117798,206.301804,-111.438103,1457.206421,100.0103,-214.187241,1365.287598,-32.195766,-189.265076,1391.037231,-163.831329,52.162357,1458.794189,-121.120598,16.584356,1453.898071,-33.87899,121.831306,1452.758423,-80.567734,125.795212,1324.821289,220.303421,109.708084,1444.037354,110.76693,256.339905,1365.964844,42.05011,293.865356,1391.776733,-120.560928,177.108551,1610.7229,-74.011566,192.935425,1560.453613,4.09704,161.782013,1674.341797,-27.204468,-158.468277,1063.484131,-3.722774,-150.888245,1082.356201,191.581375,119.314552,1083.750244,178.318329,103.153992,1083.620361,-30.528236
3.583,6.512568,1685.723755,172.748245,-6.784585,1676.023804,56.685013,85.034088,1626.988159,128.591782,-9.921284,1424.429443,220.622925,-76.618927,1259.108398,245.130493,42.204159,1248.935059,241.535583,21.93137,1344.950439,-11.342103,-173.449402,1349.621094,207.303467,-111.750908,1455.806885,100.825638,-214.484756,1363.382812,-31.993896,-189.947372,1389.032104,-162.848358,51.564976,1456.577393,-120.316925,15.863829,1451.8396,-33.13715,121.275253,1450.837402,-79.788498,125.523788,1323.34314,221.338562,109.776192,1442.614746,111.603905,256.023407,1363.779541,42.086342,292.589233,1388.901855,-120.732094,173.289444,1603.671997,-69.434532,192.157043,1552.766479,7.733442,157.2686,1665.094971,-20.494123,-158.126129,1062.826538,-3.327252,-150.939346,1080.784058,192.00705,119.153725,1082.171875,179.044022,103.473457,1082.961426,-29.90407
3.592,6.953783,1684.795898,171.003876,-6.330114,1674.235229,54.445072,85.232071,1625.504517,127.46209,-10.083298,1422.952637,221.678268,-76.928551,1257.369629,245.995819,41.889278,1247.356323,242.428146,21.983511,1343.46106,-10.143991,-173.712433,1347.99292,208.338211,-112.065239,1454.379761,102.011559,-215.205826,1361.737549,-29.856848,-190.56076,1387.125122,-161.873962,50.835907,1454.387329,-119.434013,15.3872,1449.375732,-32.170479,120.639961,1448.936035,-79.069992,125.29789,1321.799072,222.374954,109.839104,1440.865356,112.414497,255.545975,1361.525635,42.626778,291.44751,1385.806641,-120.871117,169.938278,1596.484253,-65.024284,191.264435,1544.97644,10.996277,152.900955,1656.518677,-15.362569,-157.808945,1062.132568,-2.957124,-151.071335,1079.208008,192.319931,118.890388,1080.520142,179.833344,103.751137,1082.185181,-29.256124
3.6,7.373952,1683.935303,169.548447,-5.774984,1671.932251,53.529251,85.399178,1623.695435,126.497833,-10.281616,1421.303223,222.767639,-77.243202,1255.574341,246.706482,41.628494,1245.531372,243.256454,21.964266,1341.957642,-9.127015,-174.006348,1346.209595,209.37355,-112.350464,1452.763794,103.097664,-215.734985,1359.936401,-28.829905,-191.312302,1384.959595,-160.711975,50.136845,1451.998779,-118.48024,14.612761,1446.850586,-31.26017,119.936935,1446.845947,-78.266724,124.988022,1320.171387,223.340683,109.809128,1439.146118,113.214508,255.126831,1359.186157,43.072281,290.52948,1382.449097,-120.957085,166.552704,1588.934082,-61.14539,190.243927,1536.940552,13.949695,148.499146,1647.899536,-10.724808,-157.59761,1061.32959,-2.464672,-151.078537,1077.325317,192.645828,118.719315,1078.595825,180.547348,104.010788,1081.313477,-28.668201
3.608,7.845665,1682.727173,168.08493,-6.649915,1666.919434,61.301262,85.614044,1621.894531,125.923187,-10.518546,1419.579346,223.780502,-77.507591,1253.634521,247.57341,41.2966,1243.509888,244.16037,22.021107,1340.321655,-8.189265,-174.289978,1344.386963,210.482559,-112.533524,1451.10083,104.205338,-216.295792,1357.936157,-27.506702,-192.109512,1382.73999,-159.549957,49.360313,1449.506104,-117.625557,14.040211,1444.041138,-30.213627,119.226234,1444.674683,-77.402138,124.759644,1318.322632,224.229523,109.791748,1437.344604,114.003021,254.69104,1356.799561,43.495926,289.733459,1378.97998,-120.856415,163.525909,1581.272339,-57.534966,189.02652,1528.996094,16.64805,144.501678,1639.02002,-6.644561,-157.503708,1060.561646,-2.031764,-151.210052,1075.492676,192.916534,118.493668,1076.709106,181.350174,104.316818,1080.3302,-28.086462
3.617,8.455541,1681.35437,166.626785,-6.072145,1664.484253,60.177681,85.777412,1619.754761,124.891182,-10.689226,1417.761841,224.814209,-77.818672,1251.523315,248.357407,40.922676,1241.574341,245.072098,22.056362,1338.592041,-6.974504,-174.562073,1342.465088,211.669434,-112.830811,1449.367432,105.455101,-216.974335,1356.004639,-26.219717,-192.941177,1380.526245,-158.412872,48.603512,1446.91687,-116.577614,13.27951,1441.127319,-29.329895,118.560814,1442.383301,-76.577263,124.422783,1316.517456,225.190552,109.696342,1435.338257,114.790649,254.105835,1354.084839,44.002773,289.123322,1375.437744,-120.658684,160.625778,1573.568237,-54.448975,187.685226,1521.040771,19.100773,140.626587,1630.111816,-3.044445,-157.51474,1059.601929,-1.572992,-151.241028,1073.420532,193.308548,118.289009,1074.498413,182.110703,104.587959,1079.215942,-27.457376
3.625,9.04995,1679.912109,165.029266,-5.582523,1662.116821,58.903934,84.991615,1611.944214,127.942146,-10.901616,1415.744995,225.942337,-78.17778,1249.445435,249.079407,40.565594,1239.432861,246.010468,22.120739,1336.649414,-5.895257,-174.863327,1340.456665,212.831573,-113.08828,1447.550293,106.578789,-217.623734,1354.123169,-25.026989,-193.78746,1378.44812,-157.271866,47.772533,1444.146973,-115.709167,12.654075,1437.845581,-28.325785,117.810089,1439.872803,-75.721245,124.156906,1314.445801,226.093231,109.577171,1433.342041,115.477127,253.568954,1351.324097,44.53199,288.596985,1371.655151,-120.4646,158.055038,1566.019897,-51.698647,186.15802,1513.071045,21.100876,136.938507,1621.245117,-0.020631,-157.506729,1058.431885,-1.273854,-151.422775,1071.416992,193.552185,118.106552,1072.324829,182.937592,105.020424,1077.988037,-26.876675
3.633,10.009154,1678.305664,163.933014,-4.815902,1659.627319,57.778786,84.799271,1610.486938,123.188919,-11.121982,1413.709473,227.007339,-78.571945,1247.253418,249.836563,40.197266,1237.150757,246.873199,22.16461,1334.857544,-5.066619,-175.180832,1338.436279,213.920975,-113.222282,1445.583862,107.805031,-218.155869,1352.187744,-23.711323,-194.699783,1376.246704,-156.145752,47.052521,1441.196899,-114.742737,11.909686,1434.556519,-27.385935,117.093925,1437.113647,-74.846405,123.840584,1312.289673,227.067459,109.504601,1431.228149,116.163788,252.998291,1348.473389,45.032246,288.213409,1367.828491,-120.198402,155.432526,1558.48645,-49.479012,184.370071,1505.379517,22.855433,133.510254,1612.724487,2.613398,-157.716782,1057.021362,-0.894653,-151.47995,1069.231689,193.798721,117.875191,1069.99585,183.742737,105.477379,1076.622925,-26.301725
3.642,10.47381,1676.578613,162.483307,-4.216947,1657.12439,56.823803,84.643967,1608.919556,119.055832,-11.363389,1411.679688,228.079163,-78.846573,1244.962646,250.565765,39.779667,1234.751099,247.726913,22.22683,1332.748535,-3.938689,-175.526611,1336.279663,214.970871,-113.546577,1443.684448,108.967903,-218.716675,1350.258789,-22.546585,-195.841141,1374.29126,-155.004425,46.242535,1438.165283,-113.970619,10.688611,1431.339233,-27.217701,116.389854,1434.117676,-74.097641,123.594276,1310.10022,227.998672,109.454994,1429.04895,116.890747,252.351913,1345.473999,45.502583,287.828217,1363.702026,-119.957062,153.050735,1551.151733,-47.063416,181.977585,1498.094849,24.426548,131.274704,1604.895142,4.735789,-157.928925,1055.773438,-0.652461,-151.607651,1066.981323,194.083847,117.640327,1067.60083,184.542587,106.012932,1074.979126,-25.776337
3.65,10.719715,1674.743164,161.380646,-3.72153,1654.721802,55.960152,84.814415,1607.546753,115.689316,-11.611876,1409.560425,229.109131,-79.25029,1242.568237,251.30603,39.321442,1232.404785,248.552628,22.36005,1330.576782,-2.806401,-175.875244,1334.098999,216.072205,-113.709709,1441.659302,109.909157,-219.33931,1348.470947,-21.504896,-196.85968,1372.443604,-153.984467,45.35918,1435.16333,-113.399979,9.926537,1427.947754,-26.467606,115.720375,1430.984619,-73.483566,123.204147,1307.911011,228.820984,109.479004,1426.919434,117.49015,251.705826,1342.434082,45.928829,287.399872,1359.444824,-119.812325,151.11702,1544.495972,-45.648659,179.416245,1491.124023,25.743286,130.263412,1597.686279,5.304142,-158.121552,1054.178711,-0.356527,-151.738052,1064.648926,194.306625,117.452988,1065.102173,185.296494,106.685966,1073.320557,-25.192364
3.658,10.977594,1673.005981,160.804855,-3.115031,1652.248291,55.172585,85.202637,1606.192139,113.254723,-11.883221,1407.465332,230.017303,-79.665176,1240.303955,251.845474,38.950932,1230.034546,249.309189,22.342165,1328.503906,-2.006258,-176.278748,1331.96521,217.03595,-113.955696,1439.689575,110.968651,-219.890884,1346.509033,-20.460291,-198.000534,1370.690186,-153.072144,44.500053,1432.079102,-113.005493,9.311884,1424.525513,-25.7978,114.970146,1427.627075,-72.937561,122.942268,1305.641113,229.648926,109.584969,1424.725586,117.94558,251.117386,1339.383789,46.329048,286.901337,1355.12793,-119.594124,150.050873,1538.334839,-44.813622,177.582092,1484.999878,26.604851,130.100433,1591.853638,5.241242,-158.384552,1052.659912,-0.073287,-151.779297,1062.343872,194.472672,117.298042,1062.693726,186.056244,107.268959,1071.345459,-24.708445
3.667,11.217036,1671.116455,160.000931,-2.575836,1649.856812,54.515373,,,,-12.146968,1405.4823,230.795654,-80.110374,1237.932861,252.464233,38.58625,1227.605957,250.021301,22.280624,1326.235352,-1.01275,-176.615768,1329.785034,217.954239,-114.226181,1437.718506,111.866409,-220.568909,1344.892944,-19.448214,-199.342239,1369.078735,-152.063614,43.681446,1428.784302,-112.428017,8.612731,1421.245972,-25.297684,114.289558,1424.328735,-72.668915,122.549599,1303.369263,230.409058,109.555191,1422.58728,118.50415,250.449982,1336.344727,46.701782,286.183838,1350.706543,-119.43766,149.40416,1533.166992,-44.632126,176.828873,1480.570679,27.184837,130.198212,1586.938354,5.072308,-158.555145,1050.993164,0.174176,-151.893097,1059.944092,194.569687,117.084503,1060.171265,186.789185,107.523582,1069.264893,-24.103827
3.675,11.380927,1669.190308,159.386322,-2.112909,1647.422241,53.949783,,,,-12.426365,1403.459106,231.610352,-80.357597,1235.602661,253.028275,38.101204,1225.198242,250.720322,22.235462,1323.945557,-0.142439,-177.026398,1327.612427,218.854691,-114.393875,1435.758789,112.626953,-221.09877,1343.176636,-18.467491,-200.857407,1367.744141,-151.300903,42.795792,1425.468994,-112.127525,7.891727,1418.082886,-24.993073,113.490341,1420.920288,-72.522423,122.200172,1301.24353,231.289383,109.576729,1420.46814,118.980408,249.836075,1333.398682,47.122311,285.282196,1346.148682,-119.16095,148.807068,1528.984497,-44.970802,176.755569,1477.239136,27.109688,129.981308,1582.911255,4.583179,-158.675507,1049.339111,0.232385,-152.00708,1057.523682,194.717316,116.905891,1057.634277,187.470718,107.586433,1067.126587,-23.360064
3.683,11.753839,1667.306519,158.74968,-1.56335,1645.036133,53.408596,,,,-12.731044,1401.434937,232.421432,-80.719139,1233.307495,253.575745,37.601551,1222.900879,251.400528,22.135548,1321.75,0.714319,-177.414932,1325.538208,219.638611,-114.536369,1433.84436,113.465485,-221.6875,1341.569214,-17.62991,-202.276535,1366.237549,-150.358017,41.827114,1422.310913,-112.14286,7.117602,1415.278687,-24.916578,112.64843,1417.521973,-72.71347,121.776535,1299.151855,232.131927,109.533844,1418.357422,119.447243,249.195023,1330.522217,47.544876,284.211578,1341.736938,-118.980637,148.134201,1525.381226,-45.740257,177.045975,1474.485596,26.743742,129.687012,1579.571411,3.627973,-158.904053,1047.613525,0.440936,-152.232285,1055.215454,194.929138,116.721642,1055.167725,188.089081,107.361633,1064.768188,-22.616266
3.692,12.118565,1665.368774,158.251343,-0.899373,1642.757324,52.840252,86.186058,1589.344116,121.004616,-12.960492,1399.668701,233.096054,-81.13858,1231.156982,254.034668,37.246445,1220.747559,252.013687,22.058195,1319.477661,1.608896,-177.729568,1323.547241,220.393341,-114.632004,1432.007568,114.15506,-222.336197,1340.180298,-16.896975,-203.944244,1365.163086,-149.772949,40.714001,1419.236694,-112.523491,6.31981,1412.840576,-25.1287,111.589905,1414.336182,-73.37191,121.434196,1297.078369,232.917465,109.599884,1416.413574,119.929626,248.528778,1327.77832,47.931519,283.087799,1337.608032,-118.697929,147.836334,1522.355225,-46.572605,177.632858,1472.24646,26.499723,129.290298,1576.66333,2.366704,-159.059341,1045.833862,0.540821,-152.443802,1053.022583,195.036057,116.57074,1052.815552,188.679092,107.151802,1062.450684,-21.838396
3.7,12.59045,1663.966675,157.708176,-0.064023,1640.46521,52.203262,86.379677,1587.843872,120.876488,-13.244307,1397.914307,233.767258,-81.579727,1229.06604,254.437027,36.87088,1218.666992,252.521545,21.894331,1317.305542,2.316355,-178.046432,1321.726074,221.034317,-114.635925,1430.296631,114.726562,-223.129501,1339.02417,-16.171173,-206.094315,1364.075806,-148.918777,39.443062,1416.372192,-113.291862,5.373683,1410.859131,-25.772535,110.553688,1411.37085,-74.297165,121.1474,1295.146118,233.518143,109.638687,1414.559326,120.436111,247.809906,1324.986206,48.299934,281.990723,1333.743042,-118.393982,147.535919,1519.715576,-47.486725,177.972839,1470.358887,25.871868,129.133057,1574.4021,1.033712,-159.25322,1044.122925,0.431882,-152.661301,1050.944214,195.20372,116.449387,1050.592163,189.164688,107.060547,1060.349731,-21.307281
3.708,13.389277,1662.236816,156.624573,0.785359,1638.333618,51.503235,86.133125,1586.098511,122.931458,-13.376724,1396.325928,234.394867,-81.806534,1227.162354,254.864212,36.492157,1216.762451,253.101562,21.750902,1315.103394,2.930187,-178.317337,1320.010498,221.575363,-114.749092,1428.71106,115.208618,-223.821289,1337.776489,-15.314943,-208.274246,1363.236816,-148.396118,37.892998,1413.812988,-114.444,4.384609,1409.361816,-26.730505,109.26226,1408.640747,-75.832657,120.767067,1293.430054,234.227386,109.687408,1412.72522,120.904434,246.958176,1322.30481,48.513809,280.958801,1330.334229,-118.062767,147.355774,1517.616821,-48.48735,178.051437,1468.898438,25.169464,128.910965,1572.601074,-0.416094,-159.385025,1042.314209,0.313873,-152.835251,1048.968018,195.328964,116.369583,1048.521729,189.632278,107.048164,1058.499512,-20.965912
3.717,14.175705,1661.084961,155.889984,1.737664,1636.359131,50.733356,86.630348,1585.094116,123.054977,-13.502072,1394.989868,234.92627,-82.186554,1225.55957,255.101089,36.183868,1215.019775,253.563339,21.552528,1313.175171,3.622622,-178.441086,1318.494141,222.100281,-114.768593,1427.255127,115.617874,-224.660049,1336.885498,-14.655593,-210.583069,1362.684082,-146.848862,36.128498,1411.617798,-116.152191,3.347715,1408.450439,-28.102678,107.869324,1406.277954,-77.774353,120.59774,1291.832031,235.005615,109.773979,1411.277832,121.37587,246.322952,1319.8302,48.811062,280.073456,1327.458252,-117.788818,147.210571,1515.766846,-49.4174,177.95369,1467.561279,24.528799,128.938644,1571.167969,-1.596705,-159.47963,1040.723267,0.131292,-153.140442,1047.238647,195.492081,116.241562,1046.726196,190.046585,107.158936,1056.772217,-20.851784
3.725,15.328499,1659.96582,154.929169,2.85214,1634.572632,49.724022,87.257614,1584.186035,123.573112,-13.544405,1393.858398,235.491577,-82.360222,1223.995972,255.443604,35.868118,1213.433105,253.979477,21.361614,1311.358887,4.199351,-178.513412,1317.159912,222.542526,-114.787567,1425.953979,115.976189,-225.679291,1336.020386,-13.724666,-213.539398,1362.038086,-146.068802,33.998375,1410.018921,-118.393501,2.111621,1408.071655,-30.020348,106.171394,1404.373047,-80.452957,120.420433,1290.428223,235.445129,109.874657,1409.904785,121.908264,245.915695,1317.899902,49.117973,279.498749,1325.102661,-117.450676,147.253845,1514.290771,-50.133556,177.823929,1466.544312,24.073578,129.134048,1570.191406,-2.630868,-159.517929,1039.157104,-0.11949,-153.269669,1045.689819,195.534256,116.188881,1045.150879,190.375763,107.239265,1055.226685,-20.707865
3.733,16.444504,1659.04541,153.362625,3.935874,1632.932007,48.688377,88.312874,1583.408325,123.540779,-13.527786,1392.796387,235.994843,-82.440559,1222.764038,255.651794,35.742714,1212.206909,254.223145,21.059231,1309.640991,4.871548,-178.462708,1316.08374,222.877914,-114.787315,1424.962402,116.380676,-226.760559,1335.55835,-12.821784,-216.884521,1361.658691,-145.27066,31.511639,1409.012451,-121.192497,0.638334,1408.154175,-32.474491,104.104576,1403.025513,-83.832405,120.373627,1289.29834,236.080185,110.005478,1408.89209,122.274002,245.390442,1315.909424,49.301502,278.977875,1323.170044,-117.066277,147.378952,1513.22937,-50.524353,177.811859,1465.806763,23.813255,129.587921,1569.495483,-3.375511,-159.543381,1037.808594,-0.376319,-153.387085,1044.328125,195.550354,116.079681,1043.80481,190.692413,107.232933,1053.910767,-20.766266
3.742,17.662144,1658.526001,151.824921,5.218911,1631.462646,47.548782,89.219299,1582.804321,123.649544,-13.45649,1392.074829,236.295624,-82.469147,1221.904297,255.756195,35.714302,1211.175537,254.501999,20.866621,1308.265625,5.234343,-178.314651,1315.163452,223.173965,-114.795731,1424.202393,116.563477,-228.276764,1335.262573,-12.041677,-220.541809,1361.53125,-144.389435,28.554142,1408.543335,-124.595047,-0.990349,1408.74646,-35.357365,101.87838,1402.185425,-87.735336,120.387817,1288.331055,236.521927,110.15538,1408.05835,122.861259,245.274506,1314.463745,49.668179,278.673737,1321.702271,-116.753754,147.693222,1512.561768,-50.815826,177.933456,1465.304688,23.771072,130.286789,1568.998169,-3.754169,-159.532349,1036.682007,-0.708153,-153.607147,1043.392822,195.480942,116.06427,1042.806641,190.835556,107.312569,1052.785156,-20.886374
3.75,19.045509,1658.080322,150.423309,6.485595,1630.256104,46.217281,90.090988,1582.207275,122.448944,-13.254517,1391.585449,236.504181,-82.370155,1221.0448,256.00943,35.813114,1210.455811,254.625626,20.52816,1307.177734,5.794364,-178.064087,1314.519287,223.381256,-114.716545,1423.646973,116.695244,-229.876877,1335.240723,-11.197688,-224.641632,1361.530884,-143.291153,25.150604,1408.726074,-128.527573,-2.780019,1409.921387,-38.758633,99.0849,1402.004272,-92.499741,120.514763,1287.668823,236.963913,110.353539,1407.42688,123.259293,245.047287,1313.273438,49.965393,278.585449,1320.611816,-116.43219,148.299088,1512.138794,-50.771008,178.215942,1464.856689,23.907251,131.252289,1568.794189,-3.836301,-159.462738,1035.79126,-0.971924,-153.660095,1042.821167,195.388885,116.095093,1042.118286,190.899353,107.283783,1052.025879,-20.991356
3.758,20.4284,1657.954346,148.796783,7.919756,1629.306274,44.848049,91.296638,1581.796997,121.055756,-13.024043,1391.322021,236.636292,-82.104813,1220.598999,256.066437,36.027557,1210.005615,254.637146,20.234316,1306.439087,5.936852,-177.77092,1314.084229,223.467484,-114.642715,1423.398193,116.774307,-231.688644,1335.330078,-10.291786,-229.074036,1361.637329,-142.066757,21.205078,1409.4104,-132.861465,-4.831544,1411.394287,-42.27116,96.006233,1402.247925,-97.845329,120.727325,1287.310059,237.267136,110.647247,1407.143311,123.676384,245.173401,1312.649048,50.246349,278.607056,1319.871704,-116.130531,149.192749,1511.98999,-50.500362,178.789459,1464.617554,24.227762,132.608719,1568.92334,-3.623026,-159.317993,1035.304199,-1.348755,-153.706512,1042.487915,195.210739,116.13913,1041.755981,190.825317,107.324821,1051.648438,-21.257174
3.767,21.798084,1658.24707,147.240921,9.3241,1628.484741,43.4636,92.476295,1581.572632,120.9692,-12.649713,1391.2948,236.689728,-81.7258,1220.410889,256.107452,36.345974,1209.869873,254.603989,19.877722,1305.957642,6.197229,-177.248901,1313.910034,223.483505,-114.56514,1423.40332,116.778763,-234.264816,1335.911743,-8.800491,-234.02739,1362.119019,-140.589615,16.832457,1410.71814,-137.595901,-7.591191,1413.755249,-46.943111,92.316658,1403.459351,-103.84906,120.996979,1287.206055,237.471359,111.102432,1407.14502,123.986954,245.477158,1312.306396,50.593094,278.74881,1319.468628,-115.81752,150.432648,1512.152588,-49.928761,179.643311,1464.519043,24.618713,133.938065,1569.127075,-3.242887,-159.104156,1035.169434,-1.807446,-153.730759,1042.444214,194.886124,116.245033,1041.69458,190.593475,107.43058,1051.564209,-21.580755
3.775,23.324656,1658.481934,145.486832,10.966932,1628.002441,41.984417,93.722183,1581.308472,119.006889,-12.169829,1391.579102,236.621735,-81.199188,1220.501465,256.077148,36.789829,1210.029053,254.418396,19.494013,1305.906738,6.257318,-176.660934,1313.964478,223.437454,-114.504158,1423.654541,116.68119,-236.688965,1336.550781,-7.60042,-239.357056,1362.994995,-139.087753,11.736864,1412.722168,-142.683945,-10.079822,1415.937256,-51.245705,88.144775,1405.56189,-110.521225,121.477783,1287.430908,237.638474,111.633255,1407.371704,124.246788,245.945023,1312.226318,50.850109,279.103943,1319.420044,-115.528664,151.751801,1512.564697,-49.387794,180.974167,1464.868896,25.293016,135.624634,1569.624878,-2.701883,-158.950485,1035.427979,-2.096416,-153.716751,1042.722412,194.568802,116.379845,1041.935059,190.254807,107.485306,1051.873413,-21.927389
3.783,24.59148,1659.178467,143.878098,12.591011,1627.827026,40.468616,94.955688,1581.659302,118.845467,-11.715146,1392.03833,236.492157,-80.43586,1220.932617,255.889114,37.291107,1210.431152,254.185822,19.085655,1306.318359,6.234492,-175.920197,1314.268921,223.506012,-114.492775,1424.19104,116.492905,-239.822189,1337.389038,-5.820808,-244.825653,1364.110962,-137.265991,5.817261,1415.505371,-147.973984,-11.723866,1417.722046,-55.291973,83.101952,1408.703125,-118.19603,121.915359,1287.869629,237.676926,112.223869,1407.937012,124.449303,246.662521,1312.44812,51.132412,279.563263,1319.644043,-115.26503,153.40509,1513.297485,-48.657406,182.456207,1465.468262,25.924259,137.391312,1570.300171,-2.104728,-158.747543,1036.253296,-2.398327,-153.607224,1043.277222,194.333527,116.563347,1042.479614,189.757782,108.565765,1053.360718,-24.213398
3.792,25.896309,1660.090088,141.864487,14.299994,1627.890503,38.950516,95.539894,1582.429443,118.237366,-11.239861,1392.75415,236.209656,-79.780434,1221.5354,255.662537,37.850311,1211.083008,253.912659,18.760088,1307.063599,6.115423,-175.145233,1314.785156,223.308289,-114.562943,1424.974243,116.17733,-241.952667,1338.259277,-4.756237,-250.863876,1365.650391,-135.2742,-0.748893,1418.958862,-153.448792,-17.617439,1421.454834,-60.881416,77.581055,1412.034546,-126.1605,122.363197,1288.588867,237.696457,112.868507,1408.769165,124.618629,247.32756,1312.828735,51.399063,280.38623,1320.203125,-115.007133,155.184265,1514.230469,-47.960011,184.210724,1466.311157,26.611698,139.332932,1571.306885,-1.532676,-158.592865,1037.396606,-2.74907,-153.341003,1044.192383,194.018494,116.770348,1043.350098,189.210434,107.742027,1053.409302,-22.665319
3.8,27.295963,1661.01062,140.241592,16.19825,1628.143799,37.337429,96.901192,1582.726074,116.441994,-10.656698,1393.737427,235.724594,-79.064209,1222.300415,255.267715,38.499451,1212.038818,253.669357,18.389849,1307.979492,6.024877,-174.20932,1315.498779,223.052002,-114.849564,1426.000366,115.627724,-244.515045,1338.750366,-4.452226,-257.080475,1367.276611,-133.525894,-7.843069,1422.884277,-159.188171,-21.446129,1424.570312,-66.072372,71.423363,1415.905151,-134.775024,122.805374,1289.483276,237.523651,113.5187,1409.7677,124.802086,248.195389,1313.582275,51.6007,281.478119,1321.102295,-114.649338,157.147324,1515.61377,-47.404987,185.943741,1467.371704,27.240017,141.540054,1572.575317,-1.020744,-158.398697,1038.816528,-3.08677,-153.219803,1045.417725,193.701019,117.048904,1044.431763,188.596054,107.892899,1054.552979,-23.085323
3.808,28.515961,1662.147949,138.301834,18.049519,1628.630981,35.695007,98.630562,1583.709106,116.75943,-10.073586,1394.713867,235.247406,-78.301651,1223.312378,254.931961,39.100075,1213.15332,253.182053,17.906183,1309.340454,5.690871,-173.201523,1316.414551,222.884796,-115.002205,1427.292969,115.158928,-247.396042,1340.275757,-2.81039,-263.70047,1369.609253,-131.026657,-15.437933,1427.126099,-165.048813,-23.573839,1427.380493,-70.393692,64.621132,1420.481445,-143.798752,123.296234,1290.526001,237.144363,114.299469,1410.965454,124.745178,249.138153,1314.830444,51.813812,282.824799,1322.311401,-114.304489,159.222076,1517.143433,-46.962471,187.884796,1468.826416,27.842604,143.933014,1574.174072,-0.606218,-158.209503,1040.523804,-3.420491,-152.980713,1046.884277,193.479813,117.31723,1045.689331,187.944809,108.099045,1055.890259,-23.499687
3.817,29.785599,1663.432739,136.540085,19.929689,1629.296509,34.05901,99.752373,1584.86499,116.360153,-9.317341,1395.944824,234.575668,-77.418983,1224.630371,254.393784,39.850677,1214.472656,252.537613,17.762175,1310.758301,5.209182,-172.170898,1317.54248,222.515518,-115.14817,1428.742065,114.644279,-250.337158,1342.5979,0.04562,-269.28302,1371.983765,-127.846939,-23.492899,1431.669678,-171.172684,-28.778423,1431.719727,-76.62986,57.371803,1425.664917,-152.998138,123.870438,1291.738892,236.745758,115.299377,1412.338989,124.537842,250.353424,1315.984863,52.10918,284.586609,1323.769897,-113.980865,161.658493,1518.7948,-46.039452,189.631851,1470.475586,28.253695,146.389267,1576.047485,-0.290374,-158.184662,1042.358154,-3.63894,-152.717453,1048.66748,193.243607,117.627678,1047.208252,187.301666,108.306038,1057.331177,-23.815142
3.825,30.986652,1664.906982,134.856018,21.876795,1630.065186,32.433372,100.996048,1586.097656,115.942253,-8.551606,1397.171021,233.836182,-76.428673,1226.067139,253.807449,40.4524,1215.925171,252.002304,17.931108,1312.539429,4.666198,-171.046768,1318.766724,222.031311,-115.286301,1430.361694,114.122551,-253.36084,1344.478149,1.976516,-275.5513,1374.702881,-125.034409,-32.104984,1436.668457,-177.275803,-34.521946,1437.155029,-82.907784,49.530987,1431.480469,-162.381134,124.363174,1293.172119,236.236099,116.308304,1413.795288,124.219223,251.79007,1317.559326,52.265396,286.523865,1325.481812,-113.608261,164.254196,1520.92041,-45.795994,191.587128,1472.378906,28.561741,148.964218,1578.233032,-0.112575,-158.015259,1044.2948,-3.922704,-152.36879,1050.360596,192.961609,117.907982,1048.777832,186.630356,108.49382,1058.918091,-24.246819
3.833,32.121284,1666.428589,132.922134,23.87125,1631.018188,30.63809,102.431908,1587.745239,115.678986,-7.658301,1398.583496,233.046982,-75.446709,1227.626099,253.239029,41.181648,1217.591187,251.196259,18.429052,1314.438843,4.107199,-169.715622,1320.154419,221.605209,-115.588783,1432.207397,113.536903,-256.52536,1346.542725,3.941138,-282.170471,1377.758423,-121.929291,-41.073227,1442.056519,-183.27182,-39.414623,1442.443481,-88.942047,41.087563,1437.939941,-171.633057,125.027496,1294.630615,235.556076,117.348976,1415.527466,123.80912,253.084244,1319.140137,52.402554,288.689972,1327.494507,-113.378632,166.757172,1523.615723,-46.248219,193.501663,1474.535645,28.653622,151.608459,1580.580933,-0.013871,-157.923828,1046.243774,-4.206376,-152.078232,1052.403564,192.569809,118.242325,1050.594727,185.949127,108.620827,1060.443604,-24.572731
3.842,33.295506,1668.067871,131.184387,25.822376,1632.11499,28.887135,103.561928,1588.676636,114.565323,-6.789444,1399.934814,232.23674,-74.566978,1229.363892,252.409363,42.022102,1219.336426,250.369217,18.931522,1316.704102,3.453429,-168.539246,1321.619751,221.006317,-115.741905,1434.146118,112.921402,-259.529114,1348.959717,6.049761,-288.780853,1380.917358,-118.492683,-50.570454,1447.912109,-189.129242,-44.170471,1448.158081,-94.482574,32.198128,1444.891479,-180.694199,125.634659,1296.216919,234.6082,118.420898,1417.218018,123.261429,254.666718,1321.130981,52.500065,291.157532,1329.711792,-113.036758,169.472305,1526.214478,-46.260185,195.312897,1476.764771,28.740694,154.066895,1583.178223,-0.039872,-157.730377,1048.29187,-4.425858,-151.671494,1054.443359,192.215225,118.513908,1052.363159,185.225067,108.785378,1062.13916,-24.911572
3.85,34.417587,1669.752319,129.106689,27.694307,1633.202759,27.138855,104.895905,1590.34729,113.447449,-5.92379,1401.443359,231.152283,-73.598145,1231.158081,251.62941,42.721363,1221.08374,249.524902,19.566872,1318.886963,2.677411,-167.286057,1323.316162,220.325653,-115.843796,1436.091797,112.249146,-262.677338,1351.479004,8.180362,-295.232727,1384.324097,-115.032814,-60.371002,1454.137817,-194.577179,-51.146309,1455.106079,-100.544296,22.666079,1452.438721,-189.442169,126.378296,1297.874756,233.95845,119.427811,1418.988037,122.649712,256.213318,1322.994507,52.550884,293.675751,1331.93103,-112.679123,172.13739,1529.03772,-46.461285,196.837738,1478.710938,28.613405,156.585663,1585.774292,-0.132695,-157.498123,1050.309204,-4.615684,-151.409515,1056.669678,191.875793,118.754593,1054.260742,184.610916,109.034187,1063.758789,-25.297733
3.858,35.416992,1671.47583,126.973312,29.521862,1634.316528,25.242058,106.12384,1592.094482,112.258636,-5.053881,1402.852539,230.133911,-72.657898,1233.055786,250.755127,43.485237,1223.113159,248.570374,20.140913,1321.230347,1.697778,-165.865921,1324.923096,219.748337,-115.862328,1438.293945,111.61631,-266.068329,1354.170776,10.695838,-301.571655,1387.802368,-111.312248,-70.440056,1460.826172,-199.644882,-57.269165,1462.231201,-105.839149,12.636569,1460.535767,-197.82312,127.00872,1299.547485,232.94426,120.485352,1420.767578,122.033142,257.965546,1324.979248,52.415359,296.359924,1334.40332,-112.431488,174.849487,1531.798096,-46.65937,198.725906,1481.198242,28.589676,159.027847,1588.581177,-0.355733,-157.2948,1052.351685,-4.941254,-151.101456,1058.897949,191.389862,119.050423,1056.167725,183.861618,109.189339,1065.431274,-25.707649
3.867,36.418819,1673.132812,124.423943,31.304829,1635.602539,23.288019,107.341606,1593.714111,111.273621,-3.990933,1404.338013,228.964127,-71.666489,1235.049561,249.776291,44.382984,1224.983643,247.53363,20.623882,1323.563843,0.649111,-164.544495,1326.609375,218.892929,-115.785599,1440.249756,110.666634,-268.974426,1356.694458,12.976309,-307.703827,1391.214966,-107.540375,-80.964302,1468.071655,-204.225571,-64.573265,1469.024902,-111.657059,2.20035,1469.170532,-205.657272,127.699448,1301.308594,231.785706,121.471169,1422.585083,121.23629,259.555176,1327.066772,52.409966,299.116547,1336.940308,-112.231125,177.400589,1534.706787,-46.997177,200.698013,1483.973022,28.264034,161.465744,1591.359131,-0.669887,-157.061737,1054.323853,-5.26723,-150.814713,1061.200562,190.90448,119.266945,1058.140503,183.246368,109.37516,1066.946289,-26.109661
3.875,37.422054,1674.922485,122.706871,33.068954,1636.863281,21.357582,108.523239,1595.570923,109.607697,-2.844645,1405.838745,227.80127,-70.673691,1237.025146,248.753082,45.134235,1226.933228,246.503204,21.164753,1325.843384,-0.288115,-163.187271,1328.506836,218.040039,-115.692993,1442.18103,109.748528,-271.881287,1359.469849,15.179493,-313.673889,1394.858276,-103.795647,-91.53466,1475.623047,-208.236465,-71.36834,1476.870239,-116.309555,-8.577022,1478.223145,-212.930969,128.402878,1302.951782,230.665649,122.511749,1424.449463,120.319054,261.265015,1329.129028,52.23019,301.927246,1339.47583,-112.017845,179.9729,1537.49585,-47.294777,202.63678,1486.627319,28.13508,163.670731,1594.213989,-1.083241,-156.809219,1056.142456,-5.6159,-150.499527,1063.384155,190.235016,119.48201,1060.072266,182.533386,109.550026,1068.512939,-26.565052
3.883,38.405087,1676.477905,120.589767,34.642593,1638.02771,19.365042,109.574394,1597.394653,108.210709,-1.870772,1407.336182,226.615906,-69.592003,1238.980347,247.703171,45.952183,1228.963745,245.368057,21.655848,1328.224731,-1.55501,-161.801544,1330.334106,217.209534,-115.714127,1444.477295,108.805611,-274.674805,1362.134277,17.500267,-319.722931,1398.108032,-99.478706,-102.039726,1483.357666,-211.498779,-78.798988,1485.485107,-119.55368,-19.521698,1487.644165,-219.550919,129.156265,1304.645142,229.316605,123.577744,1426.115112,119.355057,262.821503,1331.199097,52.012478,304.696289,1342.06543,-111.902466,182.349106,1540.357788,-47.75103,204.554916,1489.406128,27.778713,165.831238,1597.027832,-1.521802,-156.430878,1057.903931,-6.024034,-150.417007,1065.634766,189.574844,119.58744,1062.04541,181.890533,109.74276,1069.802002,-27.073757
3.892,39.332317,1678.162354,118.269302,36.251556,1639.213135,17.260689,110.595604,1598.928955,106.725609,-0.957707,1408.872559,225.23555,-68.666328,1241.012085,246.577469,46.694881,1230.816406,244.248596,22.206413,1330.181885,-2.618866,-160.477997,1332.164185,216.216446,-115.491165,1446.379028,107.48291,-277.313507,1364.803833,19.792921,-325.020111,1401.443115,-95.765556,-112.756844,1491.238647,-213.972794,-86.000778,1493.278687,-124.102783,-30.732355,1497.256348,-225.645645,129.871811,1306.397461,228.071854,124.636551,1427.91687,118.373383,264.362457,1333.320801,51.685333,307.317352,1344.546875,-111.748062,184.820801,1543.009033,-48.11232,206.41568,1492.085327,27.490984,168.088562,1599.661987,-2.024386,-156.274521,1059.344727,-6.435831,-150.173035,1067.855713,188.899002,119.653877,1063.901123,181.230194,109.884773,1071.076294,-27.549465
3.9,40.275906,1679.750977,115.782707,37.786972,1640.344116,15.217608,111.88002,1600.906494,105.747375,-0.035623,1410.387817,223.86235,-67.828743,1242.95752,245.344513,47.377823,1232.633179,243.12619,22.76383,1332.430908,-4.422949,-159.261337,1334.104736,215.148636,-115.288948,1448.418579,106.457047,-279.705475,1367.376709,22.09317,-330.150696,1404.531616,-91.835388,-123.285973,1499.311035,-216.061813,-93.575287,1501.967163,-127.162712,-41.754753,1507.030273,-231.193573,130.540527,1307.842896,226.750366,125.581177,1429.670776,117.332443,265.953491,1335.246704,51.530842,309.936859,1347.033691,-111.700737,187.061569,1545.747803,-48.658283,208.252579,1494.694214,27.138535,169.934464,1602.375244,-2.579662,-156.028763,1060.874512,-7.053668,-150.074677,1069.99707,188.191971,119.684708,1065.792114,180.572754,110.058037,1072.184937,-28.048239
3.908,41.130291,1681.258545,114.040924,39.120491,1641.405273,13.133069,112.713364,1602.532471,103.833252,0.984363,1411.820068,222.423553,-66.920784,1244.855957,244.101547,48.169792,1234.436401,241.893311,23.475746,1334.234009,-5.82263,-158.03183,1335.878906,214.11116,-115.086502,1450.352905,105.224106,-282.014832,1369.75708,24.287212,-335.01059,1407.573608,-87.959419,-133.797562,1507.285889,-217.617218,-100.986694,1510.612549,-129.581619,-53.555889,1516.493652,-233.918137,131.232941,1309.524048,225.447098,126.263771,1430.871826,116.146385,267.483215,1337.253296,51.176571,312.487061,1349.346558,-111.541977,189.431824,1548.260986,-49.146774,209.87793,1497.180176,26.740967,171.971741,1605.01416,-3.463548,-155.741043,1062.074951,-7.746227,-150.078583,1072.012695,187.312775,119.671066,1067.585083,179.905502,110.243744,1073.070923,-28.598766
3.917,41.886711,1682.841797,111.528427,40.504475,1642.417725,10.860995,113.586037,1604.030884,101.802383,1.848632,1413.342407,220.993622,-66.082939,1246.675049,242.83493,48.83429,1236.136597,240.71579,24.153379,1335.953613,-7.245923,-156.844116,1337.596069,213.164169,-114.805481,1452.267944,104.063782,-284.176636,1372.036499,26.530184,-339.549591,1410.187622,-83.809708,-144.098633,1515.15271,-218.374329,-108.867157,1519.222534,-131.045685,-64.708549,1525.994873,-237.133453,131.941177,1310.956299,224.167145,126.649574,1432.25,114.950142,268.841278,1338.970215,50.851246,314.908936,1351.59729,-111.522812,191.700012,1550.914429,-50.193195,211.565781,1499.553711,26.308392,173.733276,1607.481934,-3.756608,-155.387756,1063.054443,-8.399854,-150.076004,1074.137573,186.447083,119.603149,1069.282959,179.307373,110.284203,1073.805542,-29.18379
3.925,42.525421,1684.173218,109.050652,41.643753,1643.395874,8.630573,114.451874,1605.784912,99.913742,2.861237,1414.779053,219.595505,-65.392006,1248.409058,241.466965,49.42841,1237.712646,239.503464,24.842527,1337.411255,-8.713529,-155.815994,1339.27832,212.005356,-114.464432,1453.960205,102.764877,-285.896606,1374.152832,28.620817,-343.835815,1412.651489,-79.99559,-154.057022,1522.860229,-218.601089,-115.800903,1528.414062,-132.453278,-75.705215,1535.341919,-239.543945,132.481888,1312.385742,222.834015,127.276886,1433.404419,113.827545,270.163147,1340.744995,50.51907,317.233215,1353.734131,-111.454353,193.83963,1553.133667,-50.735912,212.995636,1501.845215,25.811264,175.571732,1609.733521,-4.431285,-154.976883,1063.97998,-9.258201,-150.123138,1076.043579,185.47995,119.596878,1070.963623,178.647461,110.314545,1074.49231,-29.747326
3.933,43.221844,1685.555908,106.882317,42.705727,1644.386475,6.343087,115.234261,1607.052246,98.201431,3.648851,1416.162109,218.170273,-64.694244,1250.021606,240.162201,50.057133,1239.244507,238.223434,25.527151,1338.6427,-10.000971,-154.754837,1340.787109,210.8862,-114.061218,1455.633301,101.650429,-287.671906,1375.935425,30.469213,-347.874084,1414.780029,-76.302826,-163.82373,1530.409302,-218.087891,-123.26255,1537.16272,-132.653152,-86.588516,1544.706543,-241.029236,133.120911,1313.668091,221.636124,127.905754,1434.674316,112.516876,271.3909,1342.171021,50.093319,319.376587,1355.609741,-111.53051,195.841995,1555.408691,-51.336926,214.736771,1504.315308,25.33807,177.1633,1611.95166,-5.286902,-154.632492,1064.705811,-10.022889,-150.156754,1077.898438,184.50209,119.496338,1072.491455,178.02507,110.392189,1075.073364,-30.28569
3.942,43.778961,1686.804321,103.989502,43.717274,1645.147217,4.197582,115.965958,1608.630737,96.529686,4.493107,1417.465576,216.805115,-64.091942,1251.597168,238.797729,50.571598,1240.579102,237.143265,26.300827,1339.732422,-11.417798,-153.865326,1342.328003,209.797241,-113.562057,1457.260376,100.473969,-288.996704,1377.65918,32.425884,-351.50708,1416.496094,-72.577652,-173.277039,1537.853882,-217.046341,-130.7686,1545.534058,-132.476822,-97.200706,1553.944702,-241.820328,133.568436,1314.837158,220.357513,128.49791,1435.64978,111.315308,272.429749,1343.554688,49.537865,321.372162,1357.376709,-111.527267,197.653702,1557.302979,-52.067951,216.063034,1506.246338,24.8263,178.871338,1614.063354,-6.151227,-154.148468,1065.386475,-10.982935,-150.377518,1079.702393,183.357254,119.404442,1073.836426,177.419937,110.437126,1075.526489,-30.885441
3.95,44.324306,1687.978516,101.857933,44.66457,1645.875488,1.95811,116.593689,1609.842529,94.702843,5.27084,1418.583252,215.475769,-63.554726,1252.96228,237.483215,51.074131,1241.979492,235.979813,27.090616,1340.557495,-12.596152,-152.985916,1343.667969,208.716827,-113.040131,1458.539307,99.42598,-290.085907,1378.900269,34.155361,-354.742981,1417.844482,-68.924973,-182.368729,1545.137695,-215.292923,-138.28746,1553.469482,-131.75383,-107.554878,1563.073242,-241.80957,134.082428,1315.856689,219.097794,129.095688,1436.668457,110.090706,273.444244,1344.694458,49.127644,323.312317,1358.86084,-111.633682,199.546906,1559.0896,-52.723206,217.232132,1508.147583,24.152735,180.622559,1615.864746,-7.159942,-153.785675,1065.909546,-11.984932,-150.528442,1081.322021,182.246841,119.348793,1075.150757,176.802353,110.4095,1075.818481,-31.499043
3.958,44.691814,1689.100342,99.208664,45.433502,1646.481812,-0.25926,117.241081,1611.153687,92.635841,6.036149,1419.706421,214.139771,-62.966747,1254.171875,236.24762,51.551792,1242.972778,234.867554,27.876266,1341.319336,-13.881803,-152.205612,1344.844604,207.801804,-112.406181,1459.718628,98.346283,-291.266876,1379.823242,35.735237,-357.882355,1418.776367,-65.487724,-191.115891,1552.109009,-213.147095,-145.379425,1561.031616,-130.4254,-117.525719,1572.139282,-240.965378,134.708374,1316.926025,217.952011,129.582535,1437.528198,108.905357,274.291962,1345.809448,48.492798,324.87674,1360.095459,-111.852585,201.299744,1560.94458,-53.479389,218.330322,1509.642578,23.432177,182.035629,1617.489502,-8.257396,-153.442459,1066.341187,-13.042231,-150.638153,1082.882935,180.998367,119.243134,1076.265015,176.238327,110.38176,1075.971436,-32.075878
3.967,45.167995,1689.993286,97.200111,46.227371,1647.015137,-2.582911,117.808517,1612.235474,91.09655,6.7255,1420.680664,212.911179,-62.527126,1255.319946,234.946274,51.840588,1244.0802,233.846512,28.605028,1341.855347,-14.958838,-151.444382,1345.914185,206.947647,-111.944633,1460.871216,97.763817,-292.014038,1380.4104,37.244858,-360.552216,1419.419556,-62.397903,-199.508392,1559.092285,-210.415833,-152.380844,1567.924805,-128.91217,-127.348663,1581.098145,-239.560867,135.153198,1317.777222,217.04451,130.065979,1438.194702,107.700722,274.974518,1346.530151,47.933327,326.320892,1361.186401,-112.07222,202.76268,1562.255615,-54.402431,219.651382,1511.184204,22.763992,183.512436,1619.036133,-9.358816,-153.080475,1066.661499,-14.23095,-150.911926,1084.31958,179.893799,119.134254,1077.345947,175.701126,110.397133,1076.008911,-32.676174
3.975,45.43335,1691.015991,94.408493,46.825726,1647.431519,-4.786211,118.38636,1613.341064,89.28199,7.369956,1421.58313,211.738419,-62.1189,1256.243164,233.764008,52.125885,1244.992188,232.770966,29.468035,1342.226318,-16.521349,-150.763901,1346.876343,206.052887,-111.369926,1461.595215,97.094589,-292.545349,1380.616821,38.650089,-362.612823,1419.609863,-59.345798,-207.453415,1565.718384,-207.232071,-159.260239,1574.700806,-126.470909,-136.802429,1589.893555,-237.5802,135.586151,1318.586426,215.968002,130.555237,1438.909058,106.504562,275.68396,1347.212036,47.370251,327.556641,1362.007446,-112.488045,204.391312,1563.419434,-55.219044,220.595917,1512.489746,22.020241,184.645859,1620.116943,-10.070386,-152.691238,1066.890259,-15.313375,-151.092926,1085.788818,178.646393,119.051994,1078.291138,175.265686,110.4263,1075.999268,-33.222916
3.983,45.717709,1691.807007,91.812798,47.413593,1647.735962,-7.034228,118.857498,1614.290894,87.352234,7.908118,1422.425781,210.599731,-61.820229,1257.025024,232.641663,52.365318,1245.672119,231.828461,30.165253,1342.577026,-16.918322,-150.081863,1347.543091,205.366013,-110.757393,1462.155518,96.602409,-292.925568,1380.456665,40.077389,-364.570374,1419.401733,-56.759506,-215.117798,1572.046265,-203.714142,-165.586365,1580.967529,-123.672493,-145.756958,1598.270264,-234.938339,136.009521,1319.340576,214.859039,130.978745,1439.530396,105.291885,276.210724,1347.866821,46.615051,328.738617,1362.706909,-112.691406,205.555862,1564.490112,-56.268154,221.567734,1513.710571,21.151106,185.735352,1621.289062,-11.168578,-152.363541,1067.159912,-16.548077,-151.313019,1086.995605,177.470657,118.960258,1079.019653,174.852051,110.453598,1075.888306,-33.695961
3.992,45.939632,1692.441406,89.373322,47.913151,1647.891235,-9.286383,119.317894,1615.128418,85.227371,8.520496,1423.074463,209.352631,-61.586952,1257.709839,231.470718,52.660683,1246.470947,230.889816,30.892231,1342.781616,-17.942183,-149.545837,1348.103149,204.831177,-110.064392,1462.5271,96.199974,-293.214233,1379.891235,41.169941,-366.152771,1418.901978,-54.09861,-222.384354,1577.898071,-199.931046,-171.846985,1586.947021,-120.451027,-154.322617,1606.285156,-231.726364,136.351898,1319.873901,214.046844,131.297134,1439.936646,104.315704,276.664032,1348.201538,45.917515,329.649658,1363.0896,-113.203568,206.905655,1565.360107,-57.266838,222.364029,1514.611572,20.21089,186.681839,1622.32312,-12.547484,-152.052734,1067.304932,-17.736328,-151.710159,1088.247559,176.11348,118.797752,1079.612305,174.527924,110.507027,1075.766602,-34.130543
4.0,46.281437,1693.020386,86.883835,48.269131,1647.90686,-11.478548,119.667793,1615.646973,83.190529,9.04216,1423.596191,208.477386,-61.280544,1258.223389,230.491257,52.868275,1247.062988,230.079407,31.649023,1342.915039,-18.953398,-148.922058,1348.53772,204.215408,-109.407501,1462.748779,95.945488,-293.363159,1379.039429,42.136425,-367.378784,1418.211792,-51.977978,-229.238861,1583.329468,-195.811005,-178.056519,1592.530762,-116.940498,-162.338165,1613.74585,-228.119217,136.6633,1320.369263,213.147873,131.717148,1440.27832,103.304642,276.994751,1348.375366,45.201023,330.490326,1363.321045,-113.625694,207.950821,1565.844238,-58.424934,223.238037,1515.477417,19.303122,187.5793,1623.07312,-14.126246,-151.825745,1067.449463,-18.950289,-151.971985,1089.206665,174.963928,118.690994,1080.125854,174.169449,110.599434,1075.623535,-34.438988
4.008,46.439663,1693.411011,84.129967,48.606438,1647.713257,-13.707067,119.931206,1616.236328,81.024277,9.624895,1424.097046,207.498672,-61.019302,1258.55896,229.687943,53.095486,1247.537598,229.37291,32.34153,1343.003784,-19.924728,-148.310303,1348.802368,203.775986,-108.769173,1462.847778,95.66642,-293.381348,1377.904663,43.051201,-368.377258,1417.122925,-49.740372,-235.610916,1588.174561,-191.795349,-183.819366,1597.729004,-112.998192,-169.886963,1620.620972,-224.086624,137.024658,1320.79834,212.240753,132.109238,1440.58728,102.239052,277.295044,1348.489746,44.470985,331.172119,1363.397339,-114.147842,208.816696,1566.329102,-59.658283,223.969604,1516.115112,18.240644,188.308685,1623.718506,-15.807945,-151.578598,1067.655273,-20.180229,-152.095261,1090.062012,173.805984,118.58403,1080.514526,173.923233,110.773232,1075.42749,-34.730366
4.017,46.689117,1693.800903,81.532219,48.922554,1647.37561,-15.796393,120.304329,1616.647339,79.117767,10.154162,1424.468262,206.779968,-60.729164,1258.857666,228.754715,53.28244,1247.841064,228.718231,33.069557,1343.0177,-20.766651,-147.694977,1348.971924,203.392288,-108.232857,1462.883179,95.289986,-293.253876,1376.610229,43.74691,-369.295135,1416.01123,-47.886608,-241.436508,1592.525146,-187.5495,-189.426071,1602.483521,-108.855606,-176.724396,1626.840698,-219.836563,137.346313,1321.170288,211.60202,132.57637,1440.817627,101.315063,277.555969,1348.520996,43.723808,331.58963,1363.179199,-114.833839,209.5336,1566.53418,-60.974007,224.555313,1516.558228,17.160807,188.935501,1624.170166,-17.594931,-151.318893,1067.846802,-21.245127,-152.322113,1090.937988,172.731735,118.430115,1080.789307,173.721436,111.014603,1075.163452,-35.019287
4.025,46.817924,1694.087769,79.15432,49.061695,1647.019653,-18.098524,120.662361,1617.010498,77.177597,10.621352,1424.662109,206.083572,-60.47607,1259.05603,228.048798,53.441372,1248.049438,228.056854,33.661278,1342.973145,-21.500071,-147.106003,1348.97168,203.088638,-107.924561,1463.04248,95.166695,-293.07785,1375.222656,44.340584,-369.7659,1414.642212,-46.111931,-246.736572,1596.129395,-183.311966,-194.948013,1606.708374,-104.534866,-182.91394,1632.631836,-215.197327,137.620361,1321.441895,210.812195,132.956223,1440.968872,100.449066,277.747406,1348.423706,43.039547,332.077667,1362.876831,-115.340042,210.111572,1566.609009,-62.402519,225.075043,1516.973022,16.022427,189.448349,1624.272339,-19.062389,-151.055801,1068.105591,-22.3102,-152.489502,1091.579956,171.805298,118.20089,1080.957397,173.542053,111.326683,1074.853638,-35.223141
4.033,46.96043,1694.177612,76.998528,49.155968,1646.52832,-20.245176,120.855568,1617.160767,75.191078,10.993253,1424.787476,205.460129,-60.192783,1259.187256,227.328674,53.762203,1248.282471,227.489609,34.244755,1342.859619,-22.230759,-146.546936,1348.938477,202.847427,-107.690628,1463.140381,95.053062,-292.661255,1373.685547,44.777576,-370.375092,1413.200806,-44.708981,-251.30722,1599.193848,-178.925827,-200.262939,1610.311523,-99.966713,-188.573715,1637.849487,-210.368225,137.968292,1321.667847,210.333008,133.334595,1441.041138,99.605827,277.981995,1348.235718,42.315121,332.254761,1362.251221,-116.133446,210.625977,1566.565796,-63.844845,225.486252,1517.179932,14.720919,189.797272,1624.201538,-20.260641,-150.775085,1068.418091,-23.166376,-152.683395,1092.177612,170.905243,117.530945,1081.10791,173.327591,111.782616,1074.439331,-35.372749
4.042,47.042053,1694.255005,74.883247,49.234982,1645.914795,-22.501781,121.056366,1617.298462,73.26902,11.358332,1424.856079,204.877686,-59.859657,1259.20105,226.723984,54.072124,1248.421509,226.918274,34.785038,1342.738281,-22.880247,-145.972687,1348.82666,202.597824,-107.464417,1463.114136,94.872726,-292.129883,1372.145142,45.179688,-370.677002,1411.612305,-43.189041,-255.594849,1601.89502,-174.733383,-205.232147,1613.396851,-95.310585,-193.53244,1642.651001,-205.183441,138.259155,1321.787354,209.846359,134.049057,1441.457397,98.835495,278.204437,1347.981079,41.605507,332.490906,1361.54248,-116.812279,211.048935,1566.26709,-65.365974,225.805405,1517.226562,13.367211,190.279495,1624.081909,-22.419472,-150.440521,1068.807373,-24.051136,-152.947983,1092.67688,170.215256,117.355942,1081.009766,173.141632,112.265671,1073.991699,-35.515514
4.05,47.020134,1694.165527,72.180389,49.155224,1645.11499,-24.615076,121.171974,1617.306274,71.206604,11.729886,1424.82251,203.90889,-59.374458,1259.154541,226.276611,54.369408,1248.496826,226.472321,35.304588,1342.48645,-23.329634,-145.433105,1348.785034,203.191757,-107.313431,1463.015991,94.812126,-291.68045,1370.6875,45.395084,-371.190948,1410.090332,-42.101902,-259.345337,1604.116699,-170.363953,-209.961807,1615.767334,-90.552567,-198.080048,1647.064087,-199.825897,138.583298,1321.797852,209.228699,134.267441,1441.262085,98.102272,278.413361,1347.654175,40.98856,332.612183,1360.698853,-117.40522,211.419678,1565.650879,-67.029976,226.076324,1517.139771,12.01448,190.556046,1623.79126,-24.468842,-150.18924,1069.179077,-24.680964,-153.18457,1093.134155,169.525452,117.198387,1080.795898,172.995087,112.79818,1073.506348,-35.635056
4.058,46.87693,1694.003662,69.412613,49.033424,1644.151611,-26.710629,121.219254,1617.259277,69.033958,12.128368,1424.754639,203.323517,-58.929115,1259.073486,225.933792,54.715275,1248.501709,226.12233,35.749908,1342.243408,-23.75202,-145.002502,1348.537109,202.818726,-107.129547,1462.855103,94.705788,-291.345917,1369.110474,45.572971,-371.37384,1408.25354,-41.116611,-262.480621,1605.999634,-165.872208,-213.95755,1617.424072,-85.625046,-202.0672,1651.156372,-194.293625,138.971558,1321.793091,208.792419,134.604797,1441.182251,97.407333,278.707733,1347.273315,40.310844,332.618591,1359.612183,-118.184196,211.60199,1565.024536,-68.682213,226.318039,1516.890381,10.554566,190.550842,1623.456177,-26.660921,-149.827377,1069.648438,-25.363962,-153.310623,1093.489136,168.89389,117.067177,1080.466553,172.885742,113.256149,1072.961548,-35.677673
4.067,46.728039,1693.722778,66.985596,48.772476,1643.14856,-28.735178,121.201653,1617.010864,66.864281,12.579158,1424.626587,202.698776,-58.474621,1258.953125,225.650574,55.001293,1248.366821,225.797424,36.120014,1341.980835,-23.974791,-144.645538,1348.264038,202.559708,-106.981316,1462.595337,94.853806,-290.965881,1367.645142,45.624668,-371.61618,1406.512573,-40.260971,-265.3396,1607.647339,-161.670563,-217.752563,1618.54895,-80.712769,-205.580719,1654.92334,-188.661987,139.381012,1321.74939,208.415024,134.910751,1440.958862,96.778633,278.941376,1346.828369,39.675457,332.561127,1358.4552,-118.923569,211.591858,1564.18689,-70.50618,226.513596,1516.53894,9.07213,190.449493,1622.897827,-29.038578,-149.534622,1070.053101,-25.750519,-153.382355,1093.62561,168.471359,116.906288,1080.022095,172.824265,113.787216,1072.421631,-35.645927
4.075,46.605122,1693.335205,64.3825,48.481441,1641.798584,-30.810158,121.157692,1616.71582,64.743713,12.922032,1424.43103,202.239258,-58.112499,1258.780151,225.455795,55.32502,1248.151001,225.55838,36.386318,1341.630615,-24.32486,-144.30191,1347.909668,202.280212,-106.934067,1462.241821,95.095383,-290.663208,1366.049683,45.801876,-371.853027,1404.747314,-39.813408,-267.794373,1609.037842,-157.355713,-221.09407,1619.181274,-75.898232,-208.619781,1658.185547,-182.833282,139.802719,1321.653931,208.071609,135.263428,1440.653687,96.151344,279.193756,1346.245728,39.056293,332.260773,1356.96814,-119.866867,211.518219,1562.985474,-72.264587,226.601318,1516.03833,7.545518,190.211624,1621.980469,-30.592188,-149.256882,1070.452637,-26.092075,-153.402924,1093.637451,168.184265,116.760094,1079.448242,172.812347,114.291779,1071.86377,-35.660076
4.083,46.347061,1692.789062,61.975185,48.031223,1640.567871,-32.976868,121.003647,1616.331177,62.69809,13.296839,1424.141235,201.863922,-57.737465,1258.495239,225.306976,55.696835,1247.875854,225.440811,36.616711,1341.166992,-24.54497,-143.993652,1347.493286,202.135895,-106.925865,1461.844604,95.148888,-290.393524,1364.410889,45.960506,-372.050903,1402.808838,-39.288658,-269.768311,1610.133789,-153.062881,-223.879562,1619.31189,-70.963142,-211.139359,1661.124268,-177.273834,140.207962,1321.460205,207.789307,135.745377,1440.254395,95.493546,279.42215,1345.471924,38.462528,332.115051,1355.550049,-120.580948,211.256348,1561.738159,-73.471558,226.686066,1515.464844,5.959126,189.907333,1621.034546,-33.049294,-149.028992,1070.743652,-26.400314,-153.371796,1093.538818,168.003647,116.711174,1078.901245,172.854584,114.776657,1071.213989,-35.587902
4.092,46.07925,1692.145508,59.535084,47.534737,1639.057251,-35.03212,120.82338,1615.842285,60.506165,13.717906,1423.746704,201.46524,-57.331524,1258.112305,225.176773,56.097427,1247.53833,225.405411,36.898869,1340.501099,-24.608292,-143.626663,1346.946045,202.032883,-106.933968,1461.285645,95.078461,-290.211914,1362.926758,46.060947,-372.261841,1401.002075,-39.103878,-271.295624,1610.702881,-148.795853,-226.618713,1618.986816,-66.20343,-213.216171,1663.403931,-171.341751,140.671936,1321.181885,207.550507,135.835083,1439.30896,95.137566,279.414948,1344.561768,37.731518,331.780029,1353.918213,-121.443298,210.855194,1560.439453,-75.477158,226.401886,1514.439575,4.348618,189.647308,1620.149414,-35.512394,-148.838211,1070.967529,-26.476133,-153.353088,1093.35376,167.953354,116.719482,1078.157104,172.860062,115.242813,1070.499268,-35.463833
4.1,45.588921,1691.248657,57.221088,46.837524,1637.306763,-37.013863,120.602097,1615.266235,58.439083,14.043571,1423.240356,201.214844,-56.963528,1257.664062,225.26178,56.557182,1247.109497,225.428543,37.118156,1339.89209,-24.684502,-143.243881,1346.383545,202.100113,-106.931259,1460.628662,95.014122,-290.12851,1361.33606,46.273624,-372.374603,1398.900391,-38.845764,-272.376373,1611.072021,-144.807602,-228.943237,1618.306885,-61.550377,-214.679596,1665.130493,-165.181366,141.060196,1320.777832,207.385422,136.121918,1438.646973,94.609741,279.556061,1343.585449,37.12727,331.276642,1352.234009,-122.153847,210.505676,1558.994629,-77.369926,226.295456,1513.659424,2.752862,189.093338,1618.688599,-38.076988,-148.662399,1071.156494,-26.395586,-153.286057,1093.067261,168.049835,116.708664,1077.271362,173.084717,115.653229,1069.834229,-35.380421
4.108,45.064426,1690.398682,54.040985,46.139183,1635.442139,-38.968262,120.235504,1614.528564,56.182728,14.300709,1422.625488,200.989212,-56.500721,1256.979126,225.467224,56.97533,1246.572998,225.485565,37.209354,1339.30603,-24.823435,-142.922012,1345.732788,202.169235,-106.915993,1459.845337,95.087082,-290.200317,1359.646973,46.375599,-372.47876,1396.853271,-38.737282,-273.15332,1611.074585,-140.734711,-230.852554,1617.133789,-56.880543,-215.549744,1666.287109,-159.335754,141.471176,1320.268921,207.193008,136.443192,1437.952637,94.123688,279.618408,1342.551758,36.496845,330.94693,1350.429199,-122.973915,210.010147,1557.406494,-79.352364,226.273239,1512.849365,1.129977,188.579742,1617.40625,-40.417885,-148.492157,1071.297119,-26.282475,-153.129288,1092.513306,168.293182,116.656479,1076.221802,173.270554,115.963959,1069.096191,-35.185913
4.117,44.452427,1689.351807,51.694958,45.240196,1633.410034,-40.968472,119.848152,1613.75293,53.878597,14.667494,1421.94397,201.066772,-56.03968,1256.280273,225.767883,57.474575,1245.942993,225.568436,37.266197,1338.516235,-24.835245,-142.575531,1344.938354,202.756271,-106.958214,1458.969604,95.146431,-290.194427,1357.982788,46.553989,-372.540375,1394.73999,-38.805096,-273.457733,1610.685913,-136.84111,-232.470352,1615.713867,-52.243217,-215.864853,1666.924194,-153.980515,141.947357,1319.656006,207.116074,136.78038,1437.172607,93.782204,279.692261,1341.331543,35.950554,330.36087,1348.394775,-123.747673,209.602753,1555.645752,-81.206299,226.204559,1511.876831,-0.552034,187.930176,1615.980591,-42.885384,-148.360611,1071.335815,-26.089037,-153.009781,1091.913208,168.587845,116.656136,1075.175781,173.573959,116.282341,1068.319946,-34.979904
4.125,43.732006,1688.142578,48.788811,44.311283,1631.202881,-42.909393,119.442207,1612.700806,51.601856,15.064765,1421.122559,201.049545,-55.563385,1255.602783,226.165833,57.922672,1245.165161,225.768539,37.360775,1337.648315,-24.799969,-142.2966,1344.115601,202.98735,-107.131248,1458.011719,95.321259,-290.225922,1356.137207,46.786175,-372.505432,1392.471069,-38.786777,-273.391083,1610.022461,-133.087555,-233.504562,1613.741943,-47.798588,-215.753799,1667.025024,-148.358017,142.387878,1318.848145,206.9823,137.184921,1436.165039,93.514526,279.627655,1339.903809,35.262505,329.90863,1346.221924,-124.521095,208.949722,1553.764404,-83.211395,225.995071,1510.728882,-2.197781,187.202347,1614.2229,-45.398319,-148.274841,1071.26062,-25.870901,-152.740494,1091.219482,168.956192,116.73288,1073.856079,173.866943,116.653229,1067.377319,-34.749325
4.133,43.054077,1686.735718,46.88961,43.239483,1628.898682,-44.927216,118.96965,1611.572632,49.595551,15.324636,1420.234253,201.06546,-55.17791,1254.752319,226.475845,58.221813,1244.169678,225.999161,37.365665,1336.723145,-24.729908,-141.938919,1343.218384,203.42424,-107.206612,1456.990723,95.407158,-290.164337,1354.396484,47.024147,-372.330505,1390.151733,-38.824203,-272.942871,1609.06189,-129.326981,-234.418716,1611.390137,-43.475163,-215.010757,1666.51709,-142.668839,142.794189,1318.043945,207.016876,137.596252,1435.14978,93.333412,279.579437,1338.538086,34.661621,329.289795,1343.862793,-125.302734,208.236969,1551.762695,-85.226891,225.722534,1509.50061,-3.881393,186.596481,1612.487793,-47.771328,-148.247604,1071.108887,-25.573032,-152.562057,1090.357056,169.308456,116.709023,1072.507202,174.241653,116.882797,1066.546509,-34.466015
4.142,42.192535,1685.470825,43.819408,42.150787,1626.442993,-46.968502,118.344543,1610.403442,47.194687,15.689146,1419.344604,201.062408,-54.775085,1253.708374,226.84729,58.664494,1243.266479,226.290512,37.245819,1335.727539,-24.63089,-141.546188,1342.283691,204.001465,-107.21225,1455.884277,95.834,-290.155212,1352.476929,47.31778,-372.128143,1387.736328,-38.973164,-271.822754,1608.163818,-127.591522,-234.932312,1608.647583,-39.317398,-213.777939,1665.595215,-137.312866,143.192886,1317.163208,207.054443,138.036331,1434.098999,93.129311,279.480133,1336.832031,34.080246,328.616791,1341.521484,-125.934898,207.66507,1549.582642,-87.134933,225.353241,1508.150757,-5.611622,185.884613,1610.538818,-50.32066,-148.334045,1070.784668,-25.181997,-152.502823,1089.376465,169.763733,116.847153,1071.026611,174.633438,117.056961,1065.504883,-34.102207
4.15,41.190693,1683.95166,40.900444,40.920601,1623.698975,-48.873177,117.632416,1609.197876,44.574501,16.052929,1418.411621,201.234497,-54.31826,1252.635376,227.438461,59.132908,1242.205811,226.666168,37.207378,1334.569702,-24.360502,-141.273239,1341.136353,204.575958,-107.276047,1454.709595,96.320381,-289.964172,1350.519653,47.674835,-371.84079,1385.250122,-39.061543,-270.461395,1606.493042,-124.269112,-235.078934,1605.595581,-35.387947,-211.959778,1663.979858,-132.117432,143.655746,1316.148926,207.109375,138.373825,1432.947632,93.03566,279.365845,1335.1875,33.570919,327.869324,1338.963989,-126.648308,206.811478,1547.315063,-89.192009,224.865829,1506.597046,-7.327919,185.02211,1608.417358,-52.855358,-148.475494,1070.420532,-24.792784,-152.290222,1088.296143,170.294052,116.975731,1069.459473,174.977081,117.251617,1064.45813,-33.837734
4.158,40.311157,1682.31189,38.145977,39.679611,1620.837402,-50.8745,116.926765,1607.714355,42.402477,16.522259,1417.346558,201.427246,-53.820251,1251.512329,227.93222,59.533009,1241.004883,227.063141,37.230972,1333.30603,-23.985809,-140.897949,1340.031616,205.188889,-107.284164,1453.529663,97.054581,-289.822876,1348.557617,47.945831,-371.543243,1382.720825,-39.077881,-268.961548,1604.347778,-121.074364,-234.895493,1602.239014,-31.53788,-209.389236,1661.87085,-127.976372,144.22049,1315.07312,207.370941,138.653656,1431.654541,93.023407,279.239014,1333.375244,33.145393,327.079071,1336.218384,-127.257187,205.993164,1544.826538,-91.137108,224.469116,1504.988647,-8.961617,183.986908,1606.186523,-55.347778,-148.613312,1069.978271,-24.468653,-152.101639,1087.146484,170.825516,117.033249,1067.864502,175.369629,117.385864,1063.342896,-33.485622
4.167,39.354664,1680.406128,36.14946,38.186852,1617.782349,-52.752918,116.199142,1606.233521,40.131546,16.957832,1416.116699,201.719788,-53.345665,1250.238037,228.563828,60.022869,1239.754639,227.398392,37.175919,1331.914307,-23.600859,-140.528839,1338.806396,205.963928,-107.068916,1451.989258,97.672974,-289.250397,1346.333008,48.404446,-371.215088,1380.150635,-39.069519,-266.861603,1601.619019,-117.550507,-234.371674,1598.544678,-27.87768,-206.616272,1659.210327,-123.058083,144.704315,1313.931396,207.559235,138.972794,1430.412354,92.848389,279.091705,1331.503296,32.732723,326.377258,1333.421631,-127.667412,205.11618,1542.046753,-92.589806,224.006775,1503.219116,-10.557735,182.914841,1603.958008,-57.84639,-148.79303,1069.321777,-23.983591,-151.939545,1085.736572,171.449356,117.128372,1066.079224,175.713882,117.387856,1062.098877,-33.127728
4.175,38.141056,1678.618896,32.599491,36.741077,1614.61731,-54.68808,115.360672,1604.663452,37.485123,17.315548,1414.956909,202.096771,-52.978294,1248.954468,229.263046,60.467693,1238.485474,227.878342,37.202419,1330.448486,-23.070133,-140.247086,1337.427368,206.761368,-107.00193,1450.48938,98.125618,-288.785522,1344.132202,48.750889,-370.760376,1377.535034,-39.136318,-264.319733,1598.533325,-114.531349,-233.62323,1594.620239,-24.441046,-203.307892,1655.747314,-118.386017,145.051315,1312.659912,207.760269,139.427643,1428.920288,92.943024,278.928802,1329.449707,32.39286,325.390594,1330.359985,-128.314636,204.19545,1539.27417,-94.454704,223.49205,1501.330933,-12.243363,182.018555,1601.473877,-60.382633,-148.942764,1068.733398,-23.517126,-151.586441,1084.274902,172.152298,117.212799,1064.360107,175.984604,117.475288,1060.795654,-32.892605
4.183,37.055206,1676.491577,30.123989,35.190109,1611.147827,-56.633747,114.472549,1602.814209,35.059956,17.6201,1413.70105,202.528534,-52.523804,1247.591064,229.81781,60.879112,1236.981689,228.396683,37.226959,1328.772095,-22.48082,-139.914444,1336.081177,207.526154,-106.900063,1448.858887,98.777397,-288.334686,1341.878174,49.156239,-370.152679,1374.677002,-38.939465,-261.552216,1595.090698,-111.410255,-232.525482,1590.436768,-21.102007,-199.647842,1651.894287,-113.921722,145.321045,1311.338623,208.07251,139.635696,1427.46228,92.951324,278.825806,1327.394897,32.153034,324.524353,1327.229736,-128.692123,203.304977,1536.303589,-96.329254,222.75618,1499.31543,-13.919524,180.926682,1598.869751,-62.889755,-149.059555,1068.010254,-22.951677,-151.249969,1082.609253,172.906387,117.372826,1062.532349,176.181122,117.403442,1059.466919,-32.681717
4.192,35.693855,1674.226562,26.969412,33.641468,1607.621338,-58.432552,113.60041,1600.986084,32.574158,17.914103,1412.394897,202.992828,-52.050552,1245.976685,230.629883,61.321754,1235.536133,228.932053,37.111423,1327.057983,-21.938307,-139.585495,1334.569214,208.508255,-106.843819,1447.257446,99.122849,-287.766693,1339.442627,49.629181,-369.705231,1371.866943,-38.754074,-258.540161,1591.307739,-108.608421,-231.164795,1586.125854,-17.925331,-195.742386,1647.427124,-109.831596,145.771072,1310.02771,208.381378,139.958099,1425.928589,93.041069,278.59729,1325.242432,31.947285,323.662933,1323.90332,-129.079437,202.206284,1533.288086,-98.800713,222.170654,1497.120972,-15.51681,179.796631,1595.95874,-65.460175,-149.153793,1067.296875,-22.277225,-150.986404,1080.991821,173.721207,117.529449,1060.78418,176.301132,117.367661,1058.136597,-32.451611
4.2,34.677826,1671.914673,24.226061,31.905268,1603.90686,-60.239571,112.676285,1598.904053,30.15415,18.253309,1410.945679,202.974243,-51.640301,1244.466919,231.351074,61.670815,1233.855469,229.443192,36.989918,1325.19104,-21.251852,-139.310028,1333.115234,209.466232,-106.747284,1445.349487,99.764481,-286.967285,1337.043701,50.188374,-369.184509,1369.052124,-38.595036,-255.489502,1587.335083,-106.070938,-229.720291,1581.497803,-14.714813,-191.559341,1642.698975,-105.884956,146.289124,1308.549072,208.863327,140.279617,1424.294678,93.238091,278.352661,1322.924927,31.745329,322.740021,1320.509766,-129.372925,201.094833,1530.014404,-100.68782,221.531204,1494.888672,-17.139431,178.578171,1592.924194,-67.998199,-149.210831,1066.49939,-21.651022,-150.787155,1079.157715,174.493439,117.708595,1058.843506,176.406021,117.403336,1056.955566,-32.390144
4.208,33.345566,1669.29126,20.958872,30.232033,1600.046143,-62.034016,111.750565,1596.913208,27.835209,18.714571,1409.490845,203.563171,-51.249401,1242.75647,232.191422,62.154484,1232.266113,230.014679,36.811794,1323.210083,-20.629827,-139.00386,1331.407349,210.439636,-106.724274,1443.46875,100.001038,-286.459869,1334.69104,50.757309,-368.658081,1366.172852,-38.324753,-252.342819,1583.108765,-103.624504,-228.301224,1576.775757,-13.298647,-187.360458,1637.633789,-102.200516,146.704636,1307.106445,209.170258,140.532578,1422.738403,93.268806,278.305237,1320.68042,31.563477,321.804901,1316.975464,-129.631653,199.941727,1526.425049,-102.129959,220.984085,1492.723633,-18.813553,177.241043,1589.689453,-70.621651,-149.34436,1065.533813,-20.911009,-150.525925,1077.29248,175.249969,117.933456,1057.003662,176.512009,117.326416,1055.727661,-32.359028
4.217,31.834614,1666.6073,19.125446,28.483582,1596.112061,-63.782291,110.804695,1594.679443,25.549282,19.073965,1408.028442,204.147125,-50.958832,1241.028687,233.013474,62.519417,1230.454712,230.616623,36.751926,1321.369995,-19.875149,-138.757568,1329.792114,211.49855,-106.758484,1441.493286,100.401215,-285.98468,1332.106079,51.290493,-368.083374,1363.324097,-38.17342,-249.121552,1578.783691,-101.339661,-226.301041,1571.705566,-10.644252,-183.180222,1632.118164,-98.849022,146.897827,1305.463623,209.736008,140.84523,1420.865234,93.498573,278.06897,1318.187012,31.491697,320.871155,1313.243652,-129.821014,198.672348,1522.856201,-104.555267,220.121552,1490.138672,-20.439247,175.871017,1586.292969,-73.200867,-149.47879,1064.498047,-20.249247,-150.237213,1075.279297,176.012024,118.13298,1055.135132,176.61084,117.352318,1054.725586,-32.284046
4.225,30.421909,1663.86145,16.204447,26.66836,1592.010742,-65.44828,109.812469,1592.357788,24.005695,19.224812,1406.498779,204.841812,-50.488052,1239.154175,233.831375,62.884918,1228.728882,231.247086,36.684601,1319.399902,-19.145142,-138.528259,1328.024414,212.442291,-106.790405,1439.459106,101.104301,-285.415833,1329.598267,52.006458,-367.648102,1360.309204,-37.900608,-246.088547,1574.341919,-99.283104,-224.155106,1566.631958,-8.647677,-179.021149,1626.539062,-95.760551,147.18428,1304.004272,210.226212,141.060974,1419.192261,93.610199,277.828186,1315.641357,31.482489,319.997467,1309.522827,-129.973282,197.316467,1518.964478,-105.975227,219.388168,1487.411133,-22.138325,174.447098,1582.750732,-75.784523,-149.628571,1063.345337,-19.558233,-149.816925,1073.102051,176.773987,118.542824,1053.257812,176.627625,117.356636,1053.525269,-32.307903
4.233,28.98068,1661.154663,13.206903,24.89011,1587.808105,-67.064278,108.634361,1589.921021,21.567734,19.397955,1404.951782,206.208679,-50.109886,1237.206543,234.842545,63.297504,1226.858765,231.89299,36.487728,1317.450073,-18.400633,-138.196136,1326.072266,214.015732,-106.703156,1437.498901,101.90992,-284.915894,1327.151611,52.615761,-367.186279,1357.304565,-37.618057,-243.148178,1569.727173,-97.401978,-222.032669,1561.28418,-6.293237,-174.972305,1620.586914,-93.254677,147.507141,1302.241577,210.735474,141.222626,1417.345337,93.770866,277.628326,1313.032471,31.453922,319.112701,1305.678467,-130.023773,196.022949,1514.98291,-107.810387,218.650681,1484.547729,-23.685297,172.967804,1579.139771,-78.318115,-149.736969,1062.032715,-18.859457,-149.300537,1070.960083,177.627518,118.861038,1051.221802,176.707687,117.284073,1052.319946,-32.331886
4.242,27.254364,1658.01709,10.66429,22.957296,1583.470703,-68.645264,107.138252,1587.177002,18.599733,19.643423,1403.328125,206.991394,-49.787926,1235.265015,235.631561,63.667393,1224.845947,232.537323,36.287403,1315.343262,-17.640074,-137.960709,1324.165039,215.139816,-106.823593,1435.385986,102.602776,-284.523132,1324.699463,53.201202,-366.531586,1354.17981,-37.236259,-240.164322,1565.020142,-95.631744,-219.902725,1556.151978,-4.714718,-171.095764,1614.520264,-90.964806,147.916733,1300.651367,211.301315,141.407364,1415.375122,93.969429,277.420563,1310.54248,31.443811,318.160248,1301.698608,-130.022018,194.62793,1510.953369,-109.699165,217.679443,1481.647461,-25.472763,171.421448,1575.316895,-80.898109,-149.835144,1060.719604,-18.101662,-149.020706,1068.748779,178.343246,119.271004,1049.245117,176.853027,117.266869,1051.275513,-32.425514
4.25,25.76572,1654.92041,8.033442,21.063641,1579.116455,-70.149826,105.608391,1584.308716,15.555234,19.936487,1401.648926,207.728012,-49.344818,1233.253784,236.463181,64.142067,1223.005371,233.196213,36.085007,1313.350464,-16.837164,-137.708801,1322.172241,216.186844,-106.775101,1433.177979,103.544815,-284.228485,1322.083862,53.973896,-366.121643,1351.131714,-36.876923,-237.404099,1560.255615,-94.182777,-217.403412,1551.30188,-0.725021,-167.337601,1608.305176,-89.08197,148.253036,1298.911743,211.832825,141.663437,1413.542358,94.041451,277.140289,1307.835205,31.504036,317.358765,1297.710083,-129.95929,193.287003,1506.80896,-111.535233,216.894806,1478.666748,-27.081907,169.654236,1571.369629,-83.27507,-149.949951,1059.399414,-17.509115,-148.620728,1066.328613,179.15509,119.677361,1047.200439,176.974747,117.236877,1049.967651,-32.469692
4.258,24.045155,1651.854614,5.242441,19.160019,1574.834351,-71.285767,104.566963,1581.574097,13.09368,20.194967,1399.907959,208.550491,-48.866543,1231.136841,237.383743,64.590347,1220.966553,233.977921,35.930222,1311.204346,-16.067757,-137.513718,1320.089966,217.330826,-106.844093,1431.035645,104.356689,-283.931824,1319.537842,54.738846,-365.743866,1348.118652,-36.547424,-234.618912,1555.404785,-93.131462,-215.0569,1546.426758,0.875964,-163.804108,1602.058716,-87.632339,148.550003,1297.302612,212.460098,141.729034,1411.534302,94.163467,276.807983,1305.068237,31.532187,316.525299,1293.751221,-129.867371,192.081177,1502.514893,-113.261742,216.127243,1475.589355,-28.759607,168.067245,1567.365601,-85.781494,-150.085434,1057.92627,-16.753624,-148.120392,1064.07251,179.882935,120.048508,1045.156372,177.143463,117.184441,1048.846558,-32.408363
4.267,22.364397,1648.51416,2.840885,17.045914,1570.400391,-72.652412,104.280624,1580.218262,15.147786,20.510252,1398.155884,208.994553,-48.495743,1229.095947,238.230148,65.016884,1218.949707,234.625671,35.775547,1309.175293,-15.220202,-137.235779,1318.063965,218.398911,-106.848259,1428.887695,105.207291,-283.488098,1316.93811,55.624275,-365.393127,1345.212769,-36.159065,-231.853683,1550.675171,-92.48024,-213.253601,1541.620972,1.737226,-160.540756,1595.772827,-86.298103,148.814514,1295.480469,213.07428,142.401245,1410.21936,94.803566,276.462982,1302.293457,31.640615,315.540894,1289.690308,-129.796799,190.975967,1498.298218,-115.037491,215.376099,1472.56665,-30.360582,166.654221,1563.276245,-88.33416,-150.068939,1056.420044,-16.160654,-147.621094,1061.828857,180.55719,120.573723,1043.130859,177.274536,117.242218,1047.584473,-32.358566
4.275,20.658516,1645.290161,0.348046,14.959502,1566.096069,-74.12632,103.048347,1577.542603,13.063744,20.665014,1396.350464,209.731277,-48.053341,1226.998779,239.02243,65.479263,1217.067261,235.163757,35.691376,1307.087036,-14.467603,-137.016937,1316.007812,219.008362,-106.882225,1426.759766,106.233421,-283.334259,1314.54895,56.357849,-365.032104,1342.377808,-35.60017,-229.854782,1546.009277,-90.786079,-211.22963,1537.136719,2.627595,-157.180725,1589.598267,-85.467926,149.26944,1293.802368,213.522812,142.741425,1408.282837,95.206772,276.123138,1299.517334,31.625393,314.626221,1285.691162,-129.762985,189.919113,1494.219727,-116.827644,214.553574,1469.469604,-32.125526,165.386795,1559.364746,-90.794167,-150.229477,1054.932251,-15.588631,-147.16275,1059.407471,181.275391,121.3218,1040.901123,177.415146,117.264458,1046.126099,-32.279491
4.283,18.826395,1642.090332,-2.095619,12.823598,1561.7854,-75.308464,101.578194,1574.887573,10.896312,20.899343,1394.680664,210.455124,-47.488373,1224.99646,239.868561,66.018631,1215.056152,235.802155,35.526089,1305.079834,-13.774843,-136.634949,1313.929932,220.111237,-106.943848,1424.631226,107.19281,-283.166779,1312.190186,57.254585,-364.738037,1339.738525,-35.154835,-227.421936,1541.49231,-91.27037,-209.41481,1532.916382,3.188856,-154.14682,1583.464966,-85.114067,149.542725,1292.158813,214.104645,142.909042,1406.518066,95.095146,275.828857,1296.884766,31.607203,313.620636,1281.644531,-129.562912,189.082153,1490.256592,-118.539398,213.926575,1466.451172,-33.841312,164.343384,1555.594849,-93.324066,-150.152695,1053.387451,-15.045091,-146.794495,1057.096313,181.88681,121.985611,1038.843628,177.614639,117.389748,1044.906006,-32.08379
4.292,17.091534,1639.0,-4.444463,10.633705,1557.661987,-76.647003,100.219818,1572.367676,9.029756,21.248356,1392.919312,210.869675,-46.939625,1222.971558,240.600128,66.568161,1213.269409,236.416702,35.424057,1303.140869,-13.067376,-136.303818,1311.949585,221.216095,-107.001472,1422.72998,107.783951,-283.131226,1309.837158,58.134174,-364.57962,1337.005127,-34.52916,-225.013412,1537.001953,-91.473068,-208.009933,1528.790894,3.19876,-151.414368,1577.65979,-85.023277,149.97728,1290.57312,214.666992,143.133072,1404.369385,95.013237,275.433228,1294.172241,31.537634,312.671143,1277.683472,-129.45018,188.47345,1486.405029,-120.426811,213.286789,1463.388428,-35.500492,163.583984,1552.093384,-95.703995,-150.200104,1051.835938,-14.523055,-146.417007,1055.029053,182.297241,122.488518,1036.771606,177.843719,117.457268,1043.35437,-31.921659
4.3,15.819736,1635.999023,-6.761886,8.395088,1553.74939,-77.63784,98.883179,1569.601562,6.831782,21.506302,1391.27002,211.453354,-46.46167,1220.984375,241.278473,66.996948,1211.41333,236.917816,35.271503,1301.108154,-12.440896,-135.932617,1310.087891,222.147446,-107.196342,1420.784668,108.527206,-283.116943,1307.591064,59.109482,-364.572388,1334.266724,-33.937805,-223.137054,1532.492432,-91.773529,-206.439529,1525.0802,3.074863,-149.125336,1572.086304,-85.299011,150.36145,1289.007568,215.034622,143.352448,1402.77832,94.972549,274.952148,1291.494751,31.441919,311.60318,1273.768921,-129.313126,188.109177,1482.770874,-122.295662,212.631485,1460.525879,-37.220676,163.08728,1548.832764,-98.101128,-150.130417,1050.467285,-14.227247,-145.958649,1052.805542,182.973724,122.963684,1034.876343,178.104767,117.670395,1041.994751,-31.611082
4.308,14.563551,1633.272339,-8.919799,6.358216,1549.987793,-78.801407,97.909119,1567.089844,4.97593,21.928394,1389.808716,211.915802,-45.91832,1219.284058,241.957901,67.583931,1209.741821,237.356674,35.168655,1299.322754,-11.878805,-135.486343,1308.143433,223.052597,-107.229164,1418.991333,109.111938,-283.080475,1305.410889,60.103249,-364.583527,1331.533569,-33.275105,-221.680588,1528.032104,-92.270332,-205.556717,1522.094116,2.729518,-147.644928,1567.179565,-85.901421,150.730225,1287.611816,215.474228,143.481873,1401.074219,95.052261,274.364868,1288.908691,31.274464,310.476135,1269.947144,-129.361603,187.848709,1479.543091,-124.234467,211.857986,1457.563599,-39.154297,162.857147,1545.913208,-100.557297,-150.041565,1048.942749,-13.851184,-145.467133,1050.69812,183.476089,123.379982,1032.94104,178.503311,117.869881,1040.435425,-31.355076
4.317,13.578316,1630.46106,-10.777116,4.582419,1546.399902,-79.585175,97.026619,1564.476318,3.316936,22.184237,1388.444092,212.315598,-45.224159,1217.517944,242.678345,68.045486,1208.148071,237.73468,35.150707,1297.490479,-11.309369,-135.072556,1306.59729,223.831085,-107.441872,1417.359985,109.744316,-283.051147,1303.255737,61.149166,-364.563049,1328.762451,-32.526386,-220.641769,1523.798096,-92.994476,-205.975204,1520.01123,1.628377,-147.002731,1563.548706,-87.033066,151.113174,1286.12146,215.736069,143.621567,1399.701294,94.967102,273.76889,1286.569336,30.852757,309.411194,1266.285034,-129.234299,187.739471,1476.545288,-126.331299,211.220276,1454.750244,-41.090698,163.135208,1543.403564,-103.000633,-149.918564,1047.55896,-13.555273,-144.98143,1048.763428,183.774002,123.905891,1031.20166,178.882401,118.082085,1038.932983,-31.064562
4.325,12.547611,1627.866577,-12.640128,2.879928,1543.109863,-80.532249,96.129158,1561.591919,1.161091,22.507574,1387.143921,212.54921,-44.726871,1216.057373,243.123367,68.698189,1206.803955,238.103485,35.098911,1295.772705,-10.827398,-134.649902,1304.977783,224.556854,-107.369545,1415.719116,110.195351,-282.891296,1301.210938,62.203812,-364.384796,1326.076904,-31.835869,-220.508789,1520.295044,-94.002129,-206.691437,1518.768921,0.860304,-147.432281,1561.171631,-88.289078,151.509445,1285.030518,215.875031,143.80986,1398.291382,94.85331,273.149933,1284.223511,30.543741,308.323639,1262.72583,-129.283554,187.738068,1473.775269,-128.504532,210.561111,1452.095947,-42.975861,163.572311,1541.210571,-105.642982,-149.653183,1046.209717,-13.34872,-144.630112,1046.971436,184.288818,124.496971,1029.520996,179.330978,118.486191,1037.456543,-30.765911
4.333,11.661671,1625.618896,-14.66223,1.260431,1540.097168,-81.496574,95.262115,1558.452271,-1.36079,22.880644,1386.081909,212.769043,-44.170097,1214.721558,243.678879,69.221138,1205.520508,238.355103,35.114052,1294.133667,-10.407076,-134.093552,1303.750244,225.257156,-107.509209,1414.358032,110.672569,-282.813538,1299.228271,63.220375,-364.092438,1323.451538,-31.133213,-221.176498,1517.876831,-95.095375,-207.949661,1517.675415,-0.232477,-148.582077,1559.605713,-89.499184,151.952087,1283.967529,216.155029,144.133682,1397.069946,94.657471,272.597473,1282.02356,30.267847,307.201996,1259.404541,-129.469193,187.926392,1471.328125,-130.791382,209.890808,1449.768799,-45.252602,164.316269,1539.353271,-108.386185,-149.507614,1044.924561,-13.04274,-144.146866,1045.370117,184.60347,125.046417,1027.927856,179.728104,118.864601,1036.041748,-30.374794
4.342,10.803073,1623.400269,-16.418425,-0.175902,1537.317383,-82.408165,92.79586,1554.882935,-7.777679,23.23184,1385.173706,212.890137,-43.520916,1213.568115,244.114059,69.742096,1204.478516,238.617569,35.136795,1292.553589,-10.033119,-133.570007,1302.481567,225.782089,-107.338585,1413.111938,111.189545,-282.636017,1297.28064,64.117302,-363.80603,1320.863403,-30.616301,-222.480011,1516.411621,-96.172844,-209.331436,1516.655151,-1.31478,-150.039108,1558.503418,-90.643646,152.321762,1282.981079,216.218124,144.561188,1396.080078,94.304138,272.180542,1280.226074,29.887884,306.086914,1256.246338,-129.576431,187.960648,1469.241577,-133.43721,208.994186,1447.57605,-48.161285,165.161484,1537.861206,-111.36422,-149.197601,1043.807495,-12.831263,-143.453979,1044.008911,185.052887,125.488983,1026.607788,180.236572,119.324379,1034.74585,-30.158268
4.35,9.939047,1621.445068,-18.192875,-1.717684,1535.014648,-83.499115,92.167686,1553.043579,-9.590498,23.588291,1384.33606,212.901749,-42.784397,1212.665039,244.535385,70.39621,1203.654175,238.69281,35.159382,1291.228271,-9.794574,-132.975784,1301.516968,226.36879,-107.413277,1411.963745,111.520561,-282.503265,1295.422729,64.920204,-363.409424,1318.408569,-30.097252,-223.825729,1515.316162,-97.063271,-210.357101,1515.493408,-1.960557,-151.545898,1557.474365,-91.591438,152.956375,1282.366455,216.208038,144.938446,1395.031982,93.949127,271.757019,1278.419067,29.367239,305.145142,1253.302002,-129.802567,188.2565,1467.223633,-136.146423,208.655304,1445.879883,-50.051544,166.10817,1536.587036,-114.791885,-148.839813,1042.824219,-12.573149,-142.88681,1042.817017,185.458298,126.151649,1025.312134,180.592072,119.800987,1033.52771,-29.956184
4.358,9.077092,1619.77771,-19.985598,-3.034435,1532.693237,-84.26004,91.371063,1551.518677,-11.076173,23.997555,1383.852661,212.834137,-42.023998,1211.973877,244.830093,71.016449,1203.146851,238.882523,35.161968,1289.91394,-9.622303,-132.329163,1300.782471,226.74707,-107.47757,1411.173706,111.64064,-282.2099,1293.911743,65.536652,-363.024628,1316.357788,-29.755621,-225.192245,1514.357788,-97.639702,-211.250626,1514.510986,-2.462463,-153.023895,1556.589478,-92.473656,153.535706,1281.907227,216.034592,145.663773,1394.547363,94.014648,271.45755,1276.847046,28.759842,303.909088,1250.459595,-130.12001,188.406815,1465.371094,-139.314468,208.227478,1444.67688,-52.757393,167.133453,1535.61438,-118.571693,-148.419098,1042.11499,-12.41494,-142.313736,1042.093628,185.781555,126.922745,1024.28894,180.906555,120.339394,1032.536011,-29.896109
4.367,8.325711,1618.429199,-21.832127,-4.185423,1530.692505,-85.271523,90.761719,1550.195435,-11.701629,24.427895,1383.599609,212.667084,-41.383228,1211.553345,245.05484,71.837936,1202.765625,238.913696,35.275497,1288.850464,-9.487146,-131.772415,1300.236206,227.014572,-107.493843,1410.574219,111.62989,-281.729156,1292.424316,66.069405,-362.565063,1314.48938,-29.172594,-226.412994,1513.480347,-97.974121,-212.022064,1513.707764,-2.832869,-154.200638,1555.766602,-92.931595,154.01236,1281.739502,215.855042,145.83847,1393.952026,92.998466,271.152679,1275.561401,28.119776,303.065399,1247.651001,-130.93956,188.595963,1463.883667,-142.695312,208.095154,1443.978271,-55.935898,168.145966,1534.855713,-122.929916,-147.897995,1041.629028,-12.24661,-141.640244,1041.603882,186.169266,127.625313,1023.612,181.244598,120.959648,1031.740967,-29.81086
4.375,7.437271,1617.290527,-23.539335,-5.141334,1528.964233,-86.153709,89.880066,1549.303955,-13.963149,24.834957,1383.574951,212.347397,-40.635635,1211.36731,245.196457,72.543541,1202.717407,238.835556,35.381092,1288.030518,-9.546237,-131.161743,1299.887573,227.211502,-107.303337,1409.983276,111.671272,-281.10495,1291.369507,66.315384,-362.408325,1313.246704,-28.68679,-227.36026,1512.683594,-98.031815,-212.670807,1513.278687,-2.755985,-155.227173,1554.953125,-93.456558,154.448517,1281.870117,215.597046,146.111542,1393.661133,92.058296,270.890228,1274.445679,27.43895,302.118286,1245.245483,-131.942047,188.652542,1462.46167,-146.587891,208.18074,1443.934937,-59.462128,169.010315,1534.322876,-127.992081,-147.430405,1041.397705,-12.03608,-140.669174,1041.307373,186.638992,128.362106,1023.136108,181.478119,121.445045,1031.124146,-29.699419
4.383,6.497849,1616.460571,-25.340117,-6.310689,1527.731567,-87.254753,89.124664,1548.609741,-15.529924,25.234814,1383.856079,211.880661,-39.73629,1211.449463,245.433044,73.333176,1202.968872,238.713745,35.561558,1287.35144,-9.693793,-130.628494,1299.842163,227.305603,-107.326096,1409.755981,111.54081,-280.616913,1290.731323,66.432411,-362.333282,1312.292847,-28.0539,-228.698196,1512.057251,-96.39711,-213.423737,1513.221436,-2.656291,-155.943878,1554.252197,-93.579048,154.896881,1282.264648,215.259811,146.373703,1393.647949,90.923965,270.728424,1273.641602,26.821224,301.048706,1243.228027,-132.865204,188.656006,1461.273071,-150.922073,208.463562,1444.37854,-63.348629,169.971024,1533.834229,-133.71257,-146.947388,1041.446411,-11.807621,-139.837997,1041.373535,186.993225,129.265732,1022.987366,181.70665,122.024818,1030.673706,-29.631901
4.392,5.653281,1615.972412,-27.044733,-7.235443,1526.734985,-88.289856,88.390076,1548.259399,-17.085575,25.655174,1384.495117,211.261017,-38.984337,1211.892334,245.43248,74.050316,1203.463257,238.617813,35.734776,1286.919922,-9.862604,-130.078766,1299.978638,227.364136,-107.32547,1409.753052,111.283516,-280.230286,1290.371704,66.446083,-362.384033,1311.74707,-27.488508,-229.301773,1511.537476,-96.179268,-214.250977,1513.348511,-2.644884,-156.602478,1553.757446,-93.559196,155.550262,1283.018555,214.710373,146.858124,1393.919189,89.900215,270.646881,1273.168701,26.01556,299.820557,1241.21875,-133.444122,188.683029,1460.358521,-155.648651,208.890244,1445.339233,-67.623573,170.741196,1533.591675,-140.080017,-146.436417,1041.772095,-11.655812,-138.994904,1041.613281,187.342178,130.208282,1023.161316,181.781479,122.537964,1030.512939,-29.561815
4.4,4.686285,1615.647583,-28.740837,-8.250249,1526.144897,-89.448517,87.613022,1548.181396,-18.636417,25.936686,1385.229736,210.771011,-38.25172,1212.508789,245.312668,74.864578,1204.283325,238.534241,35.932823,1286.791382,-10.128695,-129.604553,1300.383667,227.271042,-107.365669,1410.016968,110.943024,-279.857056,1290.248657,66.456863,-362.568695,1311.55957,-26.924809,-229.937912,1511.314453,-95.941788,-214.889511,1513.796509,-2.616241,-157.385727,1553.568848,-93.722755,156.041229,1284.003052,214.188583,147.421967,1394.850586,88.450523,270.634155,1273.03479,25.321817,298.418488,1239.67334,-134.386505,188.555328,1459.411743,-160.90419,209.059326,1446.446533,-72.053749,171.44548,1533.240601,-147.174194,-145.896423,1042.24292,-11.591759,-138.03157,1042.05127,187.682449,131.097763,1023.636597,181.863144,123.098137,1030.728149,-29.531172
4.408,3.897808,1615.593384,-30.198086,-9.161887,1525.800049,-90.45417,86.872185,1548.374634,-20.187761,26.207645,1386.220825,210.098633,-37.580868,1213.378296,245.307571,75.62149,1205.427979,238.23024,36.130268,1286.896118,-10.538338,-129.097412,1301.061768,227.160614,-107.302673,1410.4646,110.620026,-279.535034,1290.385376,66.489807,-362.870972,1311.637939,-26.303202,-230.318527,1511.466553,-96.919678,-215.638092,1514.627075,-2.418659,-158.37706,1553.870117,-93.875595,156.528671,1285.174072,213.590424,147.692123,1395.265625,87.613075,270.669037,1273.201294,24.497831,297.474945,1238.385986,-133.970993,188.326172,1458.523804,-166.571289,209.63446,1448.274048,-77.698669,171.888977,1532.915894,-154.984863,-145.33551,1042.897949,-11.31591,-136.889404,1042.72876,188.193802,132.142029,1024.508179,181.878922,123.722565,1031.255249,-29.537066
4.417,3.049567,1615.755859,-31.714447,-10.108397,1525.712769,-91.619652,86.165733,1548.816895,-21.784708,26.624825,1387.481812,209.370926,-36.811573,1214.590332,245.109299,76.367485,1206.770508,237.835541,36.356358,1287.274536,-11.067888,-128.558456,1301.94043,226.986938,-107.136574,1411.054688,110.27401,-279.259918,1290.703369,66.537132,-363.274841,1312.009155,-25.677097,-231.609848,1512.113281,-95.623222,-216.405212,1515.532471,-2.160838,-159.337601,1554.497925,-94.031898,157.222702,1286.764404,212.990372,148.140732,1396.324219,86.429878,270.705017,1273.558716,23.598011,296.153778,1237.331665,-133.870392,187.995544,1457.624878,-172.663925,209.699417,1450.012451,-83.162331,172.239487,1532.329224,-163.428589,-144.650925,1043.695557,-11.074143,-135.962265,1043.682617,188.444504,133.140274,1025.571167,181.819489,124.42775,1032.031372,-29.518919
4.425,2.24415,1616.209595,-33.187145,-10.908178,1525.947266,-92.663246,85.570229,1549.542725,-23.414755,26.939512,1388.723877,208.665787,-35.969528,1215.939209,244.975723,77.16095,1208.376953,237.546768,36.557617,1288.048096,-11.554607,-127.955002,1303.046753,226.630722,-107.004814,1411.898193,109.74852,-279.030762,1291.361816,66.684883,-363.680939,1312.706055,-25.025873,-232.649963,1512.975952,-95.570427,-216.991089,1516.798584,-2.122329,-160.559479,1555.611084,-94.459694,157.759216,1288.449219,212.264511,148.746506,1397.935303,84.871796,270.703583,1274.162354,22.744175,294.960327,1236.297485,-134.231796,187.320953,1456.511597,-179.204315,209.857208,1452.042725,-89.562721,172.236664,1531.593506,-172.560501,-144.043732,1044.589111,-10.861598,-134.977417,1044.853394,188.672974,134.245789,1026.959595,181.690506,125.113441,1033.141235,-29.526949
4.433,1.395871,1616.931763,-34.793034,-11.665615,1526.44751,-94.158707,84.954025,1550.486816,-25.034687,27.366386,1390.336914,207.742706,-35.222755,1217.432129,244.714706,77.906898,1210.174683,237.226639,36.801079,1289.281738,-12.37109,-127.436699,1304.273193,226.351395,-106.794113,1412.995728,109.170776,-278.907257,1292.233643,66.923538,-364.069519,1313.415039,-24.427525,-233.634628,1514.22876,-96.312775,-217.949432,1517.909912,-3.955412,-161.877914,1556.954468,-94.810753,158.371826,1290.375977,211.496933,149.411545,1399.536133,83.526115,270.94458,1275.12915,21.780525,293.797272,1235.598877,-134.486237,186.619507,1455.160889,-186.145035,209.529358,1453.989014,-96.431519,171.982559,1530.37146,-182.197861,-143.386963,1045.824463,-10.471772,-133.789154,1046.237793,189.042496,135.326706,1028.592651,181.518921,125.761208,1034.421387,-29.562929
4.442,0.611291,1617.830078,-36.350853,-12.623269,1527.127319,-95.339478,84.352348,1551.575195,-26.647778,27.691057,1391.949585,206.898041,-34.37487,1219.154663,244.358932,78.778488,1212.215576,236.646088,36.991013,1290.622925,-12.84352,-126.824394,1305.795532,225.875793,-106.4692,1414.178101,108.754776,-278.955383,1293.579468,67.277962,-364.466522,1314.646606,-23.781708,-234.445816,1515.578125,-97.362694,-218.556305,1519.590454,-2.521464,-163.269943,1558.535767,-95.370117,158.940399,1292.575073,210.764832,149.948547,1401.219849,82.234604,271.061829,1276.091064,20.919287,292.618622,1234.759766,-134.927261,185.607086,1453.55542,-193.478165,209.081482,1455.91687,-103.588509,171.211121,1528.728027,-192.363022,-142.64566,1046.988525,-10.162956,-132.824753,1047.828979,189.279388,136.250565,1030.473511,181.375046,126.523766,1035.892334,-29.565065
4.45,-0.108868,1618.95813,-37.867783,-13.378039,1528.069458,-96.551025,83.80352,1552.919678,-28.373785,28.136433,1393.77417,205.920639,-33.513756,1221.029053,243.937241,79.632416,1214.298462,236.170135,37.268429,1292.330933,-13.684235,-126.11261,1307.310303,225.445175,-106.223244,1415.646606,107.949112,-278.951691,1294.840332,67.756767,-364.861664,1315.8396,-23.092836,-235.923874,1517.08728,-97.219765,-219.093582,1521.358154,-2.720476,-164.651123,1560.230591,-96.095024,159.551437,1294.847778,209.871689,150.436127,1403.054077,80.859665,271.329071,1277.331055,20.107521,291.421967,1233.910156,-135.384552,184.40657,1451.590332,-201.13118,208.414978,1457.650146,-111.329033,169.965942,1526.608154,-203.003876,-141.822281,1048.299805,-10.000512,-131.795395,1049.435913,189.430588,137.376785,1032.544189,181.182205,127.283798,1037.598389,-29.541601
4.458,-0.973526,1620.134155,-39.21833,-14.191319,1529.037964,-97.80011,83.405251,1554.534912,-29.761166,28.588419,1395.743164,204.871552,-32.687904,1223.037109,243.432358,80.391937,1216.549561,235.674057,37.399311,1294.25061,-14.497025,-125.39698,1309.088379,224.914429,-105.920631,1417.065918,107.275787,-279.016632,1296.418823,68.279922,-365.223755,1317.384033,-22.192551,-237.356613,1519.010986,-96.94886,-219.751022,1523.159424,-3.025657,-165.906189,1562.081299,-96.587303,160.113602,1297.149414,208.923248,150.805115,1404.39624,79.97905,271.579956,1278.659912,19.160946,290.265594,1233.261108,-135.845016,182.883255,1449.297974,-209.426758,207.357773,1459.109863,-120.037109,168.238556,1523.89917,-213.989944,-140.977112,1049.655396,-9.638915,-130.834824,1051.325439,189.608276,138.377914,1034.810181,181.012238,128.06601,1039.305908,-29.452457
4.467,-1.868545,1621.540649,-40.798786,-15.021107,1530.348877,-99.076843,82.76667,1556.174438,-31.507101,29.012632,1397.748657,203.753571,-31.802952,1225.18335,242.989014,81.30204,1219.025513,235.109421,37.532578,1296.275513,-15.451045,-124.705421,1311.005127,224.365021,-105.694695,1418.819702,106.501938,-279.191193,1298.17395,68.778839,-365.806335,1318.963867,-21.678642,-238.991211,1521.229126,-96.540314,-220.379196,1525.458618,-2.876641,-167.160751,1564.033325,-97.315842,160.650375,1299.575806,207.881622,151.360748,1406.479736,78.53701,271.993011,1280.082275,18.338923,289.17923,1232.734375,-136.165054,181.015259,1446.409912,-217.528183,205.39035,1460.123901,-128.280899,166.115234,1520.50647,-225.173096,-140.135895,1051.146973,-9.323926,-129.68866,1053.155884,189.886261,139.371979,1037.218994,180.845627,128.824265,1041.120972,-29.440996
4.475,-2.711735,1623.065063,-42.339916,-15.874581,1531.669678,-100.344124,81.969841,1557.849854,-33.339993,29.438025,1399.736206,202.595444,-30.944326,1227.402466,242.419937,82.100967,1221.484619,234.473831,37.652397,1298.589844,-16.531286,-123.949387,1312.885498,223.854797,-105.368324,1420.498657,105.788689,-279.331573,1300.012207,69.169968,-366.205872,1320.821655,-20.936214,-240.269913,1523.315063,-96.611183,-221.103851,1527.638062,-3.288053,-168.315964,1565.921387,-97.976067,161.250565,1302.095947,206.794434,152.185806,1409.142334,76.609436,272.236267,1281.572998,17.214651,288.171661,1232.276733,-136.574707,178.778824,1442.998535,-225.860397,203.121521,1460.653564,-137.027664,163.236664,1516.443115,-236.112976,-139.235748,1052.656982,-9.182034,-128.726013,1055.181152,190.033157,140.346176,1039.728638,180.668839,129.567688,1043.038818,-29.324745
4.483,-3.505493,1624.653564,-43.848553,-16.593813,1533.144043,-101.586952,81.599434,1559.851807,-34.624352,29.886742,1401.920044,201.34639,-30.112,1229.78479,241.797989,82.813477,1223.99353,233.8134,37.821312,1300.92749,-17.68782,-123.254578,1315.001221,223.226746,-105.169212,1422.315063,104.851883,-279.54538,1301.987915,69.595749,-366.758179,1322.771484,-20.535881,-241.305481,1525.364746,-96.968819,-222.028564,1529.947632,-3.837157,-169.377151,1567.894775,-98.644547,161.715775,1304.644897,205.578262,152.425232,1410.70874,75.758949,272.364655,1282.864746,16.094467,287.318939,1231.841309,-136.971268,176.215698,1439.075684,-233.747528,200.330704,1460.822388,-146.159546,159.805038,1511.692383,-247.401108,-138.310501,1054.126343,-8.959735,-127.876205,1057.295288,190.055771,141.32045,1042.36731,180.455353,130.27948,1044.940063,-29.230219
4.492,-4.389651,1626.096924,-45.102539,-17.332081,1534.630127,-102.925697,80.749535,1561.586792,-36.724491,30.366829,1404.152344,200.02243,-29.443314,1232.175049,241.220306,83.595985,1226.61084,233.095901,38.105129,1303.101685,-18.595312,-122.596298,1317.053223,222.635468,-104.847015,1424.155518,104.032104,-279.709808,1304.112305,69.826172,-367.229675,1324.640259,-20.047567,-242.309326,1527.38562,-97.484306,-223.234695,1532.126831,-6.425782,-170.420517,1569.952759,-99.471443,162.226837,1307.198486,204.323166,153.030289,1412.875122,74.326355,272.646362,1284.537842,14.952443,286.508392,1231.448853,-137.367065,173.189072,1434.572876,-241.905838,197.129227,1460.384766,-155.232468,155.950851,1505.942505,-258.511383,-137.455063,1055.634033,-8.774077,-127.045555,1059.335327,190.166061,142.260971,1045.082153,180.378815,130.992523,1046.959595,-29.096266
4.5,-5.299675,1627.65271,-46.48111,-17.991072,1536.184814,-104.265556,80.076271,1563.506592,-38.34309,30.810444,1406.233398,198.803711,-28.743814,1234.480103,240.551712,84.132423,1229.19043,232.414505,38.283924,1305.422363,-19.730749,-122.040009,1319.133179,221.956024,-104.654221,1425.91333,103.016739,-279.850861,1306.124878,70.121422,-367.656616,1326.710815,-19.703897,-243.228378,1529.44812,-98.06514,-223.528625,1534.909424,-4.875546,-171.454544,1572.077515,-100.124519,162.754654,1309.766724,202.918686,153.269119,1414.941406,72.296173,272.858978,1286.001221,13.790998,285.857483,1231.078125,-137.84259,170.054657,1429.466309,-249.562088,193.465851,1459.4021,-164.388626,151.332764,1499.434814,-269.437775,-136.514694,1057.043823,-8.5075,-126.173752,1061.525391,190.091095,143.123642,1047.815063,180.266235,131.881241,1049.000732,-28.976709
4.508,-6.192796,1629.276367,-47.964291,-19.152681,1537.690308,-106.116623,79.35276,1565.441284,-40.04599,31.153406,1408.360718,197.540375,-28.173777,1236.872437,239.96933,84.757111,1231.795044,231.785156,38.498619,1307.499756,-20.897326,-121.44632,1321.355469,221.225342,-104.386818,1427.854614,102.061554,-280.121216,1308.302246,70.209991,-368.144867,1328.665771,-19.191311,-244.182251,1531.604736,-98.6726,-224.084839,1537.372681,-5.243119,-172.481018,1574.21936,-101.080879,163.242401,1312.264404,201.593002,153.525833,1417.10022,70.553886,273.137329,1287.734009,12.465716,285.460785,1230.853638,-138.304825,166.33165,1423.708252,-257.155396,189.294632,1457.806885,-173.502533,146.169342,1492.1427,-279.824646,-135.50975,1058.413574,-8.440751,-125.269341,1063.585938,190.202194,143.931686,1050.590942,180.230774,132.695221,1050.930664,-28.904522
4.517,-6.936121,1630.93457,-49.544651,-19.692303,1539.237305,-107.354813,78.679291,1567.260132,-41.78548,31.627451,1410.570679,196.172409,-27.561594,1239.287109,239.22757,85.48053,1234.437256,231.022766,38.550468,1309.798462,-22.5816,-120.937378,1323.525513,220.45665,-104.137497,1429.548706,101.139458,-280.283112,1310.540894,70.199936,-368.601654,1330.879639,-18.890427,-245.089386,1533.738525,-99.31456,-225.030457,1539.37561,-7.74404,-173.476898,1576.296875,-101.982155,163.635406,1314.784546,200.243942,153.682388,1419.03186,68.650223,273.366821,1289.21106,11.099776,285.197876,1230.684082,-138.843384,162.171051,1417.607178,-264.51712,184.769653,1455.66333,-182.355728,140.661423,1484.078491,-289.737762,-134.702057,1059.704468,-8.287627,-124.471825,1065.638062,190.204712,144.712906,1053.324829,180.252365,133.454163,1052.86731,-28.786264
4.525,-7.749856,1632.481567,-50.947598,-20.345451,1540.75293,-108.610191,78.157356,1569.123047,-43.254791,31.972612,1412.759521,194.772461,-27.014126,1241.711182,238.590622,85.985138,1236.988159,230.340424,38.991211,1311.180054,-22.646969,-120.446037,1325.56311,219.737991,-103.765251,1431.398071,100.278214,-280.328705,1312.643433,70.079361,-369.1492,1332.704712,-18.774181,-246.004593,1535.884399,-100.055412,-225.361267,1541.955444,-6.727924,-174.440308,1578.427002,-102.883232,164.124634,1317.259766,198.889145,153.845627,1421.033203,66.560753,273.507141,1290.771118,9.583281,285.08252,1230.269653,-139.343964,157.896515,1410.827393,-271.286133,179.780777,1452.759644,-191.163483,134.783005,1475.348633,-299.220673,-133.786743,1061.002441,-8.201413,-123.753387,1067.820679,189.999786,145.435623,1056.009521,180.22905,134.191772,1054.684326,-28.734625
4.533,-8.565844,1633.921631,-52.475552,-20.879786,1542.152832,-109.848938,77.501823,1570.753296,-44.891777,32.283936,1414.763184,193.4048,-26.504337,1243.938232,237.938477,86.368355,1239.489136,229.656006,39.220554,1312.912231,-23.878922,-120.092232,1327.606201,219.038101,-103.499359,1433.110107,99.308128,-280.354553,1314.756958,69.851814,-369.490417,1334.665894,-18.645332,-246.978287,1538.089478,-100.644615,-225.750671,1544.161255,-7.256456,-175.40831,1580.500732,-103.814209,164.566467,1319.706787,197.334366,153.81221,1422.735474,64.433182,273.638733,1292.296997,8.017967,285.027679,1230.161621,-140.161621,153.625092,1403.569702,-277.718842,174.520721,1449.372314,-199.620163,128.819656,1465.918945,-308.30603,-132.898544,1062.040527,-8.084825,-123.056679,1069.68103,189.801834,146.249496,1058.709106,180.328735,135.069351,1056.414062,-28.696732
4.542,-9.442364,1635.252197,-54.003941,-21.338337,1543.392334,-111.152794,76.920609,1572.450317,-46.394489,32.678429,1416.739258,192.035233,-26.039082,1246.087402,237.286697,86.86039,1241.974609,228.83493,39.684002,1314.399048,-25.01078,-119.647346,1329.696045,218.264069,-103.357384,1434.690552,98.359016,-280.289185,1316.643799,69.719032,-369.928558,1336.479248,-18.518892,-248.112259,1540.226929,-101.050385,-226.207993,1546.174194,-7.987473,-176.312408,1582.458618,-104.829941,165.003189,1322.051025,195.860397,153.87262,1424.39917,62.244827,273.667358,1293.684326,6.300999,284.951965,1229.986816,-141.102676,149.273239,1396.098389,-283.79599,168.9198,1445.33313,-207.773987,122.639473,1456.125732,-316.642853,-132.017319,1062.990601,-8.092481,-122.463158,1071.563477,189.670044,146.959366,1061.297119,180.399551,135.896927,1058.099243,-28.647667
4.55,-10.277316,1636.51416,-55.356361,-21.937002,1544.586182,-112.653801,76.259384,1574.044922,-47.945236,32.995247,1418.846191,190.688538,-25.641661,1248.261597,236.531311,87.276611,1244.248657,228.045227,39.988319,1315.869263,-26.284489,-119.302689,1331.601196,217.543671,-103.130966,1436.348022,97.2957,-280.271942,1318.464478,69.477509,-370.315552,1338.113892,-18.417313,-249.073776,1542.064087,-101.445831,-226.62796,1548.08313,-8.661887,-177.253403,1584.301636,-105.845642,165.371796,1324.250732,194.269058,153.777054,1426.033813,59.914097,273.673615,1295.079224,4.468127,285.007019,1229.849854,-142.093826,145.050385,1388.2229,-289.611328,163.361893,1440.911621,-215.038055,116.163109,1446.02771,-324.42514,-131.177017,1063.822021,-8.002154,-121.840546,1073.325806,189.532227,147.666443,1063.826538,180.403076,136.601944,1059.771973,-28.583876
4.558,-11.033236,1637.759033,-56.870903,-22.503229,1545.671997,-113.999046,75.606468,1575.465942,-49.174221,33.2607,1420.782959,189.227676,-25.215172,1250.305542,235.862015,87.678505,1246.479126,227.254303,40.440701,1317.042114,-27.506315,-119.029556,1333.401001,216.819702,-103.037003,1437.765503,96.31649,-280.214661,1320.192871,69.205132,-370.651794,1339.709961,-18.329004,-250.162781,1543.874023,-101.670403,-227.136734,1550.026733,-9.484027,-178.06929,1586.033325,-106.666161,165.743103,1326.296021,192.641235,153.548126,1427.358887,57.583405,273.616669,1296.426514,2.595332,284.977631,1229.679688,-143.179352,140.534271,1379.921265,-295.173859,157.403961,1435.788574,-222.074371,110.075974,1435.526123,-331.735107,-130.359085,1064.515747,-8.152292,-121.103836,1074.912109,189.354309,148.336411,1066.223999,180.505936,137.497177,1061.322266,-28.580858
4.567,-11.921764,1638.819458,-58.331898,-23.139692,1546.761108,-115.304619,74.91703,1576.84021,-50.746742,33.560997,1422.589111,187.876419,-24.858622,1252.166626,235.271515,88.036324,1248.633789,226.511459,39.975704,1317.851807,-30.167931,-118.727707,1335.22522,216.074203,-102.887184,1439.257324,95.345634,-280.185608,1321.732788,68.942459,-371.064056,1341.087158,-18.413763,-251.04657,1545.450439,-102.409172,-228.277679,1551.236938,-12.623461,-179.01387,1587.562256,-107.829582,166.276276,1328.362793,191.125107,152.992767,1428.577271,55.280891,273.642639,1297.8125,0.533567,284.987274,1229.489258,-144.359238,136.193253,1371.632324,-300.18927,151.016098,1430.009033,-228.716293,103.954216,1424.716553,-338.341125,-129.621658,1065.051025,-8.210753,-120.490692,1076.382446,189.114304,148.984207,1068.533325,180.50386,138.284332,1062.726318,-28.674175
4.575,-12.8706,1639.824341,-59.6343,-23.650427,1547.598389,-116.466049,74.311836,1578.191162,-52.229187,33.854801,1424.413574,186.556946,-24.547594,1253.985229,234.634918,88.470848,1250.527588,225.769363,41.541824,1318.954956,-29.981081,-118.494942,1336.824463,215.419479,-102.697006,1440.472046,94.383728,-280.174713,1323.116821,68.623344,-371.230377,1342.325073,-18.381277,-251.830276,1546.715942,-103.093323,-228.701614,1552.921631,-13.58457,-179.796631,1588.925781,-108.773758,166.587708,1330.22876,189.645432,152.565247,1429.377563,53.119648,273.339844,1298.886475,-1.499753,284.973083,1229.178589,-145.559265,131.7565,1362.869263,-304.846344,144.441345,1423.495605,-235.012192,97.753166,1413.631714,-344.336823,-128.886261,1065.438965,-8.305855,-119.807121,1077.678833,188.902634,149.591095,1070.75415,180.608932,138.972626,1064.038086,-28.594994
4.583,-13.66573,1640.719971,-60.951679,-24.26042,1548.35376,-117.753044,73.72245,1579.420532,-53.565315,34.110699,1426.095947,185.267761,-24.232075,1255.539185,233.963943,88.825752,1252.360229,225.006195,42.197659,1319.729736,-30.94965,-118.277992,1338.345947,214.674515,-102.500015,1441.930908,93.698761,-280.080719,1324.429443,68.267273,-371.664062,1343.359863,-18.734287,-252.525742,1547.869385,-103.881416,-228.7453,1554.602905,-11.833596,-180.541901,1590.079956,-109.777962,166.871719,1331.800049,188.157135,152.21608,1430.282959,50.871861,272.919373,1299.849487,-3.519469,284.917328,1228.802246,-146.841553,127.384796,1353.766113,-309.14386,137.632492,1416.636353,-240.807175,91.545906,1402.24353,-349.731689,-128.222946,1065.706055,-8.398194,-119.356918,1078.808472,188.590408,150.190079,1072.911011,180.743896,139.693527,1065.218872,-28.647007
4.592,-14.518162,1641.391968,-62.035465,-24.867653,1549.01001,-118.881424,73.026009,1580.511353,-55.02351,34.364464,1427.60498,184.079697,-23.993252,1257.120239,233.377853,89.191986,1254.091431,224.33548,42.558052,1320.401855,-32.493126,-117.992462,1339.728516,214.123123,-102.554176,1442.994019,92.762665,-280.059357,1325.33252,67.905594,-371.85791,1344.36084,-18.740786,-253.208405,1548.844482,-104.631378,-229.343735,1555.845703,-12.648155,-181.276382,1591.046265,-110.805634,167.344482,1333.43396,186.697037,151.870529,1431.040039,48.708443,272.587891,1300.868286,-5.674134,284.84787,1228.469849,-147.997223,122.817902,1344.609131,-312.835449,130.807404,1409.404541,-245.881897,85.383598,1390.478638,-354.504883,-127.569321,1065.840088,-8.602727,-118.935562,1079.909668,188.217606,150.808426,1074.972046,180.805573,140.380447,1066.192139,-28.735998
4.6,-15.539423,1642.026855,-63.326584,-25.461723,1549.713379,-120.116386,72.382767,1581.577148,-55.969982,34.546272,1429.084473,182.863052,-23.773371,1258.445068,232.837875,89.471657,1255.53772,223.730713,42.876041,1320.951294,-33.780869,-117.811287,1341.115112,213.40538,-102.526794,1443.93042,91.969551,-280.161163,1326.282593,67.543449,-372.151825,1344.865356,-19.016638,-253.917938,1549.577759,-105.394119,-229.92337,1557.018799,-13.590014,-181.991241,1591.914429,-111.78064,167.706848,1334.747437,185.428146,151.559326,1431.494873,46.800072,272.137115,1301.477539,-7.56311,284.658997,1228.070312,-149.15683,118.26075,1334.931152,-316.061646,124.186363,1401.6604,-250.672943,79.251122,1378.519531,-358.612762,-126.937363,1065.874512,-8.842512,-118.454659,1080.749756,187.723938,151.351318,1076.927856,180.946793,140.971985,1067.099609,-28.876131
4.608,-16.4361,1642.64856,-64.308289,-25.877445,1550.164429,-121.135971,71.691254,1582.491333,-56.796387,34.78899,1430.365967,181.827484,-23.528948,1259.747681,232.25856,89.803917,1256.956055,223.093491,43.279358,1321.644653,-34.868408,-117.635056,1342.202881,212.889496,-102.54834,1444.938965,91.035431,-280.213043,1327.120483,67.275238,-372.294373,1345.431885,-19.103359,-254.53743,1550.191895,-106.24707,-230.530945,1557.763306,-14.405301,-182.625198,1592.49353,-112.812378,167.979736,1335.974487,184.153046,151.246948,1431.987793,44.723267,271.52594,1301.954346,-9.381862,284.378693,1227.583618,-150.30925,113.843307,1325.40686,-318.817383,117.370544,1393.533936,-254.901886,73.057083,1366.345703,-362.007507,-126.350609,1065.787476,-9.067463,-118.073036,1081.415405,187.249634,151.985886,1078.655029,180.992554,141.552948,1067.871338,-28.912285
4.617,-17.345257,1643.111938,-65.458382,-26.321898,1550.525146,-122.156982,71.047066,1583.253906,-57.697437,34.946251,1431.581055,180.836319,-23.372442,1260.759766,231.872101,90.060715,1258.073608,222.591003,43.607975,1321.73584,-35.921822,-117.479187,1343.243164,212.229355,-102.513321,1445.625244,90.303505,-280.350098,1327.684448,67.05999,-372.637299,1345.685303,-19.542505,-255.163788,1550.56958,-107.276924,-231.096817,1558.413086,-15.26133,-183.236374,1592.976685,-113.759056,168.1577,1336.947754,182.938644,150.581146,1431.344604,43.912598,270.811523,1302.319458,-11.26766,284.005737,1227.101929,-151.424164,109.144791,1315.352783,-320.517395,110.777214,1385.112305,-258.987671,66.803955,1354.033203,-364.829224,-125.798836,1065.625366,-9.381794,-117.709038,1082.104126,186.787857,152.471313,1080.284668,181.076309,142.063538,1068.526001,-29.042898
4.625,-18.287464,1643.453735,-66.425713,-26.751701,1550.829956,-123.159492,70.430275,1583.968018,-58.497986,35.052994,1432.547852,179.93515,-23.232176,1261.747681,231.422974,90.406319,1259.071045,222.078796,43.63501,1321.932617,-36.975971,-117.408318,1344.085693,211.694458,-102.648666,1446.159058,89.490761,-280.46048,1328.05835,66.850563,-372.800385,1345.883301,-19.783701,-255.580093,1550.688843,-108.025543,-231.554092,1558.9646,-16.105022,-183.714188,1593.199463,-114.663925,168.375427,1337.986572,181.908524,150.055664,1431.202759,42.612431,270.319397,1302.638672,-13.007183,283.526367,1226.504517,-152.416,104.771538,1305.505127,-321.734528,103.955933,1376.782104,-262.314453,60.907017,1341.627808,-367.199219,-125.178802,1065.393921,-9.870306,-117.379898,1082.641846,186.193329,152.944275,1081.758911,181.160599,142.483185,1069.022827,-29.165245
4.633,-19.136322,1643.63916,-67.265717,-27.101259,1550.927124,-123.957924,69.867249,1584.725342,-59.334698,35.069817,1433.482178,179.120255,-23.096375,1262.523438,231.093307,90.612267,1260.02124,221.651688,43.835884,1322.052002,-38.005161,-117.366501,1344.775024,211.207657,-102.754517,1446.620728,88.66433,-280.735352,1328.242676,66.567482,-371.826813,1346.686157,-19.09042,-256.108368,1550.666992,-108.894402,-232.796371,1558.930908,-19.491953,-184.338043,1593.302856,-115.791092,168.585876,1338.761475,180.874374,149.579163,1431.401367,41.019299,269.629395,1302.696167,-14.497348,282.830719,1225.753174,-153.404221,100.321434,1295.514282,-323.008392,97.399841,1367.705078,-265.023376,54.878609,1328.741821,-368.794312,-124.580254,1065.040527,-10.263885,-117.182289,1082.970215,185.676849,153.444412,1083.033813,181.245697,142.921997,1069.477295,-29.277523
4.642,-19.971207,1643.706055,-67.998512,-27.392563,1550.971924,-124.657806,69.332726,1585.252441,-60.031857,35.148193,1434.269043,178.381683,-22.959173,1263.170166,230.766434,90.85099,1260.829834,221.291443,43.872368,1322.105103,-38.905197,-117.287277,1345.383789,210.814133,-102.841743,1447.012329,87.959862,-280.97171,1328.429321,66.330505,-371.901978,1346.467285,-19.326569,-256.572144,1550.485107,-109.934662,-233.07489,1559.470459,-18.458162,-184.768311,1593.22937,-116.657326,168.669678,1339.388672,180.002396,149.632736,1431.47229,39.668335,268.876617,1302.604126,-15.909267,282.12738,1224.932617,-154.136307,95.749702,1285.044189,-323.375214,90.802399,1358.973389,-266.466492,48.644001,1315.674927,-369.293823,-123.973885,1064.67334,-10.696888,-116.987198,1083.14917,185.138275,153.902374,1084.206177,181.367661,143.386887,1069.880981,-29.391342
4.65,-20.83386,1643.635132,-68.743988,-27.583458,1550.863037,-125.400436,68.798019,1585.712891,-60.71455,35.150677,1434.932495,177.747208,-22.796749,1263.694458,230.431198,91.025848,1261.326172,221.016113,43.931007,1322.078491,-39.799492,-117.295593,1345.880371,210.420868,-103.160858,1447.342651,87.19735,-281.14859,1328.420654,66.070702,-372.018158,1346.157959,-19.725046,-256.910919,1550.163086,-110.771217,-233.394257,1559.38855,-19.106384,-185.141418,1592.989746,-117.584854,168.744354,1339.956543,179.107376,149.315475,1431.380615,38.489487,268.219696,1302.426025,-17.048445,281.232391,1223.89563,-154.787018,91.685112,1275.042725,-323.752899,83.838264,1349.597046,-268.97406,42.767948,1302.433228,-369.308868,-123.374222,1064.362915,-11.282473,-116.846184,1083.139282,184.522705,154.274155,1085.225342,181.502045,143.839127,1070.216797,-29.432682
4.658,-21.497454,1643.470825,-69.403023,-27.754587,1550.58374,-125.931831,68.294884,1586.043457,-61.255585,35.170971,1435.420532,177.295502,-22.700249,1264.03833,230.232498,91.197411,1261.828369,220.746628,43.898777,1322.01355,-40.589378,-117.322319,1346.16394,210.118484,-103.37088,1447.497681,86.50573,-281.30246,1328.258667,65.800957,-372.096069,1345.681396,-20.088871,-257.157959,1549.512085,-111.564835,-234.267624,1558.809814,-22.031675,-185.576859,1592.52478,-118.669815,168.737961,1340.50647,178.429688,149.02034,1431.303345,37.392822,267.591309,1302.197876,-18.098898,280.263824,1222.806152,-155.395187,87.164749,1264.657227,-323.190582,77.680489,1339.354126,-269.935089,36.945122,1289.150391,-368.092773,-122.802956,1063.911987,-11.823262,-116.652161,1083.121216,183.97963,154.614014,1086.04187,181.616211,144.22612,1070.455566,-29.452627
4.667,-22.191339,1643.229004,-69.977936,-27.842997,1550.261597,-126.494545,67.951393,1586.224243,-61.688744,35.211788,1435.8302,176.885178,-22.641993,1264.29541,230.088181,91.360268,1262.26062,220.561111,43.835987,1321.835693,-41.227131,-117.372452,1346.333496,209.82045,-103.511391,1447.445923,85.928268,-281.42099,1327.977173,65.507698,-372.152985,1345.008301,-20.56086,-257.550873,1548.813477,-112.542107,-234.394135,1558.730225,-21.021067,-185.931793,1591.970581,-119.502357,168.850983,1340.901611,177.725632,148.752151,1431.187256,36.497433,267.053406,1301.734863,-19.169504,279.136353,1221.348511,-155.820221,83.137894,1254.150879,-322.317688,71.785263,1329.930664,-269.978271,31.362944,1275.917358,-366.882568,-122.260567,1063.48645,-12.268077,-116.459839,1082.946777,183.450424,154.949966,1086.762085,181.780502,144.617798,1070.678711,-29.437601
4.675,-22.958412,1642.922607,-70.572876,-27.94562,1549.880981,-126.899246,67.606781,1586.359863,-61.943047,35.205173,1436.175659,176.574234,-22.592014,1264.468384,229.989532,91.528275,1262.627563,220.418015,43.790581,1321.552002,-41.720909,-117.444939,1346.437256,209.584183,-103.67968,1447.393921,85.633232,-281.472046,1327.59436,65.251694,-372.1633,1344.261353,-20.996773,-257.797333,1547.932373,-113.431892,-234.696365,1558.084839,-21.776583,-186.185104,1591.279785,-120.311325,168.92244,1341.241333,177.245453,148.571777,1430.898071,35.530766,266.431946,1301.09729,-19.971575,277.772034,1219.787109,-156.079788,79.058235,1243.585815,-320.798309,65.667259,1320.016113,-269.729858,26.227093,1262.795654,-365.877655,-121.625061,1063.062866,-12.885195,-116.246155,1082.677979,182.862656,155.25322,1087.315308,182.021149,145.08226,1070.886475,-29.382273
4.683,-23.479879,1642.544067,-71.052864,-27.941446,1549.359985,-127.261383,67.300133,1586.400146,-62.137695,35.16713,1436.422852,176.323715,-22.506184,1264.556396,229.969681,91.665108,1262.847534,220.3591,43.61974,1321.334106,-42.194286,-117.508759,1346.400635,209.42749,-103.860458,1447.179443,85.319725,-281.438324,1327.003296,64.856567,-372.107483,1343.142334,-21.456825,-257.922791,1546.908691,-114.237358,-235.641052,1556.864014,-25.036415,-186.426117,1590.342529,-121.217705,168.946671,1341.501587,176.862839,148.453094,1430.540894,34.672943,265.809174,1300.366089,-20.660545,276.313965,1217.921509,-156.162064,75.124916,1233.222168,-319.068909,59.774399,1309.718872,-269.061432,21.093302,1249.769531,-363.852081,-121.005028,1062.604248,-13.406574,-116.030853,1082.229614,182.287567,155.529755,1087.747681,182.322876,145.585114,1071.047119,-29.225742
4.692,-23.912054,1642.061279,-71.434456,-27.837965,1548.704956,-127.614914,67.057587,1586.345093,-62.283943,35.111202,1436.585571,176.168121,-22.433212,1264.519287,229.99556,91.799835,1262.984863,220.364365,43.431347,1321.152832,-42.52277,-117.567223,1346.22644,209.381653,-104.087936,1446.818115,85.03289,-281.320953,1326.140381,64.600334,-371.893463,1341.901978,-21.915583,-258.05661,1545.753052,-115.04818,-235.950775,1556.101562,-26.08186,-186.724258,1589.290649,-122.051628,168.948425,1341.62561,176.410599,148.335953,1430.180786,33.854988,265.508728,1299.728516,-21.405092,274.337677,1215.782227,-156.259094,71.528458,1222.678833,-316.989929,54.223412,1299.59021,-267.832458,16.085369,1236.507568,-360.807129,-120.448662,1062.203735,-13.816008,-115.801216,1081.748657,181.822479,155.763519,1087.937256,182.625137,146.199631,1071.186401,-29.043018
4.7,-24.313009,1641.466797,-71.849342,-27.737467,1548.062622,-127.877937,66.863861,1586.191162,-62.338772,34.997463,1436.635986,176.076462,-22.302475,1264.376221,230.121796,91.922325,1263.029663,220.396225,43.231377,1320.950806,-42.801125,-117.69442,1345.957397,209.35817,-104.46537,1446.397339,84.961288,-281.223633,1325.167603,64.286766,-371.766907,1340.686768,-22.518894,-258.13147,1544.375,-115.809937,-236.126617,1555.147705,-26.533846,-186.857803,1588.10437,-122.845497,168.925659,1341.732056,176.141525,148.228165,1429.838257,33.167393,265.040344,1299.027222,-22.046236,272.598663,1213.51123,-155.915512,67.79557,1212.22937,-314.2742,48.579235,1289.151123,-266.202728,11.496816,1223.312988,-357.450195,-119.815887,1061.808594,-14.38824,-115.63475,1081.154907,181.320724,155.971207,1088.035278,182.970306,146.839874,1071.342529,-28.90016
4.708,-24.617512,1640.818359,-72.338722,-27.556326,1547.333862,-128.105789,66.735794,1585.861694,-62.338936,34.850677,1436.594849,176.054825,-22.226688,1264.152222,230.28624,92.051781,1262.966797,220.474731,42.966988,1320.69043,-42.953331,-117.813858,1345.569702,209.351318,-104.728699,1445.98645,84.977882,-281.03064,1324.019409,63.988468,-371.517944,1339.054565,-22.987253,-258.189941,1542.936523,-116.561539,-236.386154,1553.765259,-27.321026,-187.024368,1586.875122,-123.470932,168.868988,1341.790771,175.950378,148.167404,1429.482178,32.661247,264.352264,1298.158081,-22.541452,271.207642,1211.11377,-155.959229,64.262688,1201.616089,-311.430267,43.204502,1278.855347,-264.075562,6.973176,1210.249756,-353.686188,-119.182846,1061.296265,-14.760877,-115.333473,1080.319824,181.017181,156.225327,1088.013062,183.369858,147.544952,1071.525757,-28.672358
4.717,-24.869514,1640.078491,-72.727211,-27.288174,1546.475342,-128.34581,66.612007,1585.481689,-62.267475,34.648827,1436.453125,176.100739,-22.168713,1263.868286,230.439285,92.152084,1262.840332,220.621765,42.659405,1320.436035,-43.128658,-117.948204,1345.094116,209.445358,-105.046127,1445.363525,84.711807,-280.741791,1322.960083,63.786297,-371.290833,1337.502075,-23.55294,-258.208496,1541.369141,-117.379715,-236.265167,1552.865967,-25.790728,-187.124588,1585.434937,-124.185341,168.828415,1341.782837,175.788544,148.135101,1429.056763,32.153336,263.610626,1297.024658,-22.745092,269.105133,1208.388794,-155.120621,60.759697,1190.979736,-307.810944,37.923649,1268.332397,-261.502319,2.477789,1197.08728,-349.536621,-118.5112,1060.820068,-15.170706,-115.095474,1079.493164,180.746613,156.498062,1087.843872,183.758469,148.222229,1071.588867,-28.377512
4.725,-24.984766,1639.354248,-72.995987,-26.945539,1545.636963,-128.476883,66.558098,1585.029297,-62.214581,34.441792,1436.261475,176.20903,-22.154251,1263.419312,230.629959,92.280838,1262.607422,220.838898,42.400654,1320.186523,-43.190269,-118.046692,1344.528687,209.590775,-105.438911,1444.856079,84.898926,-280.49469,1321.377197,63.588776,-370.870026,1335.669556,-24.046162,-258.279449,1539.75,-118.097122,-236.321823,1551.445312,-26.435682,-187.331604,1583.981201,-124.88784,168.719482,1341.746338,175.747162,148.06604,1428.604248,31.742065,262.866058,1296.070312,-23.130348,266.983337,1205.588989,-154.35408,57.284962,1180.187622,-303.595581,33.254627,1258.089478,-258.553925,-1.562175,1183.663818,-344.737152,-117.703056,1060.469849,-15.509485,-114.897736,1078.660034,180.446808,156.719437,1087.565063,184.133286,148.960754,1071.622314,-28.10515
4.733,-25.004061,1638.545288,-73.380417,-26.593262,1544.681641,-128.547592,66.560448,1584.452637,-62.052383,34.221275,1435.978394,176.398743,-22.112612,1262.972046,230.870605,92.399918,1262.396729,221.157837,42.107719,1319.960205,-43.172459,-118.233498,1343.847778,209.768311,-105.895798,1444.31311,85.132629,-280.32074,1319.970215,63.173443,-370.328033,1333.751709,-24.60144,-258.371124,1538.028809,-118.767281,-236.475189,1549.810059,-27.008417,-187.426254,1582.470093,-125.417862,168.653824,1341.661255,175.788925,147.979568,1428.197021,31.454496,261.999725,1295.031128,-23.423483,264.843689,1202.727783,-153.275528,53.791935,1169.219849,-299.021545,28.402422,1247.649902,-255.086456,-5.717557,1170.300659,-338.998322,-117.106041,1060.039429,-15.986521,-114.684517,1077.733032,180.178635,156.945236,1087.203857,184.454208,149.776581,1071.700073,-27.823673
4.742,-24.974562,1637.558716,-73.585854,-26.297792,1543.58374,-128.630615,66.642815,1583.722412,-61.768005,34.021267,1435.62915,176.648529,-22.076807,1262.415649,231.190399,92.398361,1262.041748,221.502823,41.83416,1319.708862,-43.153656,-118.396797,1343.073853,209.997314,-106.522972,1443.453003,85.160255,-280.228912,1318.269897,62.952057,-369.936554,1331.708862,-25.273155,-258.320892,1536.254761,-119.425011,-237.062302,1547.794189,-29.856806,-187.505905,1580.836548,-126.067429,168.605743,1341.533691,175.900406,147.891144,1427.756104,31.301796,261.092285,1293.66394,-23.398432,262.752411,1199.785034,-152.16478,50.664627,1158.554688,-293.94162,23.538757,1236.79248,-250.894852,-9.566222,1157.010986,-332.752563,-116.720535,1060.102051,-16.232821,-114.512741,1076.735107,179.973434,157.077576,1086.789429,184.854706,150.713058,1071.751709,-27.449823
4.75,-24.985382,1636.514893,-73.802284,-25.741226,1542.488281,-128.577621,66.792267,1582.867676,-61.4366,33.826164,1435.240356,176.934067,-22.007612,1261.774902,231.516129,92.462051,1261.632446,221.87767,41.603672,1319.405884,-43.082973,-118.571259,1342.2854,210.236237,-107.043564,1442.649902,85.349297,-280.042938,1316.685669,62.728928,-369.562927,1329.653442,-25.898693,-258.328064,1534.40271,-120.080475,-237.13475,1545.992798,-30.075848,-187.664032,1579.147583,-126.64875,168.576248,1341.335083,176.07515,147.765518,1427.212646,31.20826,260.19455,1292.460327,-23.4433,260.491547,1196.917725,-150.796982,47.468605,1147.708496,-288.21402,18.923002,1225.929443,-246.465424,-13.284486,1143.533569,-325.74054,-116.512093,1060.157715,-16.36067,-114.285004,1075.605225,179.969971,157.250656,1086.279541,185.227386,151.429092,1071.650024,-27.006386
4.758,-24.871902,1635.470703,-73.981392,-25.255659,1541.247314,-128.517685,66.904716,1581.89624,-61.081474,33.543819,1434.72168,177.29335,-22.002542,1261.050049,231.897018,92.537636,1261.206787,222.281555,41.321041,1319.285278,-43.50742,-118.7882,1341.381958,210.564362,-107.522812,1441.809448,85.613228,-279.980133,1314.834961,62.494141,-369.112549,1327.384277,-26.502502,-258.285461,1532.358765,-120.711143,-237.311035,1544.005737,-30.989857,-187.692932,1577.384766,-127.191994,168.491821,1341.050293,176.30426,147.5849,1426.59375,31.227783,259.152191,1291.036743,-23.330488,258.457916,1193.983887,-149.253769,44.758011,1137.147583,-282.263092,14.644799,1214.975342,-241.566406,-16.523333,1130.339233,-318.863037,-115.826851,1059.857056,-16.717876,-114.106522,1074.564575,179.795029,157.395065,1085.707153,185.629578,152.177902,1071.522339,-26.618469
4.767,-24.706472,1634.205933,-74.088875,-24.720131,1539.962158,-128.38797,67.076561,1580.855957,-60.667179,33.30138,1434.052612,177.787842,-22.079327,1260.249268,232.418427,92.658318,1260.659302,222.700714,41.193081,1319.205933,-44.19865,-118.991966,1340.405151,210.890854,-107.924072,1440.807983,85.925278,-279.830475,1313.049927,62.207924,-368.704742,1325.226685,-27.204023,-258.161774,1530.390991,-121.285576,-236.995544,1542.29895,-29.518101,-187.704376,1575.468628,-127.65683,168.410629,1340.666748,176.776688,147.417618,1425.906738,31.376581,258.174255,1289.619995,-23.162319,256.25058,1190.964355,-147.697586,42.055977,1126.494751,-275.942322,10.454961,1204.20874,-236.389313,-19.546106,1117.481567,-312.050415,-114.904091,1059.349487,-17.116388,-113.929253,1073.458252,179.840591,157.532547,1085.012939,186.048279,153.069656,1071.345337,-26.21526
4.775,-24.411253,1632.91394,-74.005074,-24.262794,1538.420166,-128.228485,67.356293,1579.624023,-60.112648,33.143707,1433.336426,178.348648,-22.143492,1259.428467,232.908279,92.607864,1259.900391,223.211777,41.134853,1319.141235,-45.081356,-119.237488,1339.317627,211.346176,-108.430069,1439.716797,86.32692,-279.724335,1311.077148,62.036758,-367.970825,1322.762085,-27.633909,-257.675842,1528.282104,-122.551102,-236.766861,1540.145874,-29.845919,-187.591873,1573.450806,-128.039062,168.307465,1340.128296,177.087967,147.353561,1425.264648,31.598169,257.318237,1288.079712,-22.798552,253.981979,1187.854126,-145.842834,39.683929,1116.163452,-269.71701,6.575772,1193.415283,-230.833481,-22.331972,1104.682617,-304.573547,-114.339722,1059.108276,-17.342854,-113.874634,1072.228882,179.799271,157.575989,1084.230713,186.489227,153.920776,1071.193848,-25.847143
4.783,-24.178394,1631.426147,-74.005623,-23.615179,1536.919678,-127.932472,67.574059,1578.366455,-59.626759,32.912914,1432.551758,178.97023,-22.198629,1258.393799,233.466309,92.535141,1259.082886,223.821304,41.194786,1317.87561,-42.512196,-119.434654,1338.244141,211.757645,-108.895256,1438.682373,86.66671,-279.580872,1309.22168,61.795395,-367.451263,1320.26062,-28.294525,-257.052704,1526.031006,-123.862442,-236.793564,1537.961792,-30.41078,-187.492676,1571.380127,-128.411636,168.179932,1339.343628,177.484314,147.297699,1424.621948,31.941362,256.397095,1286.396973,-22.278305,251.738571,1184.591187,-143.775162,37.42778,1105.62793,-263.166595,2.859751,1182.739136,-225.022232,-25.082478,1091.820679,-295.853546,-114.529121,1058.557983,-17.727182,-113.824425,1071.073608,179.837433,157.62233,1083.295776,186.948547,154.685059,1070.858521,-25.479259
4.792,-23.807045,1629.919312,-73.91745,-23.158081,1535.227417,-127.516373,67.938293,1576.886963,-59.113087,32.670128,1431.668945,179.661133,-22.320885,1257.352295,234.125854,92.507088,1258.197388,224.412048,41.251591,1317.450317,-42.611416,-119.7435,1337.08374,212.323776,-109.349251,1437.363892,87.084305,-279.387054,1307.060303,61.76915,-366.962402,1317.921509,-29.001097,-256.503662,1523.658691,-124.808296,-237.247711,1535.447632,-33.212608,-187.22142,1569.21521,-128.814255,168.140823,1338.708374,178.15126,147.211731,1423.832886,32.305019,255.645401,1284.643921,-21.603382,249.370621,1181.174561,-141.667236,35.281647,1095.350464,-256.541748,-0.657276,1172.113525,-218.938583,-27.329542,1079.255859,-287.637573,-113.492798,1058.897217,-17.766649,-113.766632,1069.699707,179.85228,157.70134,1082.241577,187.345093,155.375717,1070.503174,-25.150848
4.8,-23.440382,1628.217041,-73.789299,-22.519461,1533.397095,-127.266693,68.219429,1575.466187,-58.715778,32.516407,1430.570312,180.38768,-22.459423,1256.223999,234.788773,92.485306,1257.249878,225.146286,41.438072,1317.045776,-43.047966,-119.958519,1335.819458,212.890244,-109.735298,1436.136597,87.555046,-279.045715,1305.007202,61.626301,-366.388489,1315.327881,-29.526585,-255.908783,1521.269653,-125.407799,-236.771194,1533.453857,-31.578819,-186.887222,1566.89856,-129.146179,168.08429,1337.887573,178.81427,147.218094,1422.788208,32.813297,254.892029,1282.709595,-20.917791,246.962646,1177.665161,-139.235016,33.409752,1085.292969,-249.710297,-3.963776,1161.739868,-212.732208,-29.23531,1067.05603,-279.290161,-112.972046,1058.369507,-18.013435,-113.862686,1068.220459,179.793274,157.587585,1081.093872,187.805222,156.048813,1070.186646,-24.846342
4.808,-23.101601,1626.530884,-73.607605,-21.811831,1531.559204,-126.734596,68.675415,1573.839966,-58.352268,32.37114,1429.546631,181.133865,-22.661566,1254.982422,235.51767,92.305771,1256.013672,225.973267,41.63982,1316.650757,-43.632206,-120.223862,1334.569946,213.515015,-110.021927,1434.89856,88.141457,-278.794525,1302.935181,61.530319,-365.499878,1312.576416,-29.921207,-255.518082,1518.803833,-125.772926,-236.411102,1531.034912,-31.744211,-186.447189,1564.521851,-129.476807,168.087448,1336.812622,179.570084,147.227768,1421.685303,33.378002,254.239563,1280.671753,-19.989437,244.560181,1174.07019,-136.756775,31.714417,1075.31604,-242.43454,-6.940043,1151.481812,-206.39267,-30.489523,1055.465698,-271.685974,-112.620567,1057.929565,-18.18679,-113.900169,1066.737915,179.780609,157.454742,1079.732788,188.232101,156.750137,1069.761475,-24.533396
4.817,-22.602877,1624.725098,-73.437019,-21.185572,1529.614258,-126.357613,69.113556,1572.133789,-57.486057,32.195911,1428.334839,181.955841,-22.887484,1253.668579,236.264343,92.140564,1254.777954,226.756271,41.768635,1315.290649,-41.558762,-120.417511,1333.221436,214.20546,-110.375687,1433.452515,88.69709,-278.593628,1300.684326,61.498966,-364.85611,1310.100708,-30.573559,-255.037186,1516.283325,-126.110878,-236.027588,1528.701416,-32.053429,-186.003357,1562.070801,-129.819885,167.875305,1335.690552,180.421036,147.191528,1420.345825,34.119907,253.708694,1278.460205,-18.983248,242.199615,1170.365479,-134.226089,30.194956,1065.896362,-235.191772,-9.832664,1141.386719,-199.918365,-31.774954,1044.140381,-263.80481,-112.506378,1057.674683,-18.269423,-114.039474,1064.992065,179.766693,157.228836,1078.328491,188.677994,157.297272,1069.333496,-24.346397
4.825,-22.109949,1622.836304,-73.168526,-20.581078,1527.578003,-125.877533,69.58123,1570.275146,-56.875816,32.117706,1427.127319,182.809784,-23.079754,1252.224121,237.052841,91.899475,1253.293335,227.65036,41.86499,1314.422363,-41.454556,-120.710175,1331.942993,214.932373,-110.678734,1432.118164,89.274574,-278.353058,1298.566895,61.451405,-364.144745,1307.341187,-31.172499,-254.41774,1513.65979,-126.4786,-235.861633,1526.121216,-32.548439,-185.350327,1559.581055,-129.980164,167.75737,1334.435425,181.396484,147.327194,1418.94519,34.790184,253.221664,1276.05603,-17.86528,239.884232,1166.587891,-131.720551,28.912205,1056.799683,-228.229614,-12.399002,1131.700195,-193.354401,-32.898392,1032.759399,-255.052872,-112.125656,1056.906494,-18.354538,-114.165146,1063.180908,179.61055,156.998169,1076.755249,189.11618,157.72464,1068.795532,-24.145264
4.833,-21.579889,1620.941284,-72.973755,-19.841545,1525.52124,-125.376793,70.151169,1568.375854,-56.186165,31.944483,1425.756226,183.713425,-23.350471,1250.800171,237.857712,91.692482,1251.895508,228.495636,41.956406,1313.55835,-41.775257,-121.005844,1330.425659,215.685486,-110.903206,1430.560303,89.938232,-278.096252,1296.314331,61.357944,-363.123444,1304.461792,-31.544243,-253.619614,1511.000977,-126.762894,-235.435425,1523.494507,-32.914349,-184.680695,1557.072754,-130.19371,167.784683,1332.937378,182.245758,147.439163,1417.364136,35.420895,252.727356,1273.473389,-16.773527,237.597549,1162.68103,-129.089066,27.81633,1047.87146,-221.28688,-14.663736,1122.2948,-186.758347,-33.727135,1021.702026,-246.37381,-111.682343,1055.860352,-18.389481,-114.51152,1061.266968,179.627121,156.731598,1074.991943,189.498032,158.105804,1068.183838,-23.963757
4.842,-20.877964,1618.986694,-72.718376,-19.14164,1523.446899,-124.86557,70.749405,1566.460327,-55.524639,31.91062,1424.314819,184.580933,-23.642582,1249.191772,238.761078,91.42038,1250.126831,229.33255,42.026867,1312.5802,-41.828678,-121.211678,1329.082153,216.413696,-111.125275,1429.039917,90.474266,-277.682709,1293.96875,61.389603,-362.348358,1301.769531,-32.174534,-252.958115,1508.302734,-127.176567,-235.332687,1520.695923,-35.18203,-183.930649,1554.564575,-130.39801,167.644012,1331.382324,183.184219,147.659088,1415.868896,36.122871,252.387253,1270.877563,-15.563627,235.450211,1158.629028,-126.439499,26.992779,1039.203247,-214.297791,-16.706247,1113.072388,-179.807434,-34.4081,1011.266113,-237.785431,-111.582497,1054.994507,-18.46077,-114.697304,1059.153931,179.522797,156.377411,1073.128906,189.970551,158.346283,1067.637573,-23.789057
4.85,-20.10486,1616.945068,-72.449005,-18.329481,1521.298584,-124.2826,71.357216,1564.325195,-54.870544,31.821373,1422.835449,185.455933,-23.998344,1247.606812,239.489349,91.137527,1248.486816,230.205399,42.193718,1311.249023,-41.520405,-121.521706,1327.52356,217.16716,-111.328598,1427.42749,91.14045,-277.222168,1291.829102,61.407852,-361.540497,1299.136475,-32.877869,-252.479202,1505.346924,-126.093285,-234.644577,1518.384033,-33.91317,-183.065887,1551.970825,-130.502853,167.462006,1329.696411,184.141037,147.9617,1414.11377,36.820045,252.04245,1268.102783,-14.331099,233.467224,1154.619385,-123.731247,26.114054,1030.860474,-207.285599,-18.500414,1104.152222,-172.883911,-34.718014,1001.078613,-229.038589,-111.549034,1054.062012,-18.395132,-115.122253,1057.131836,179.459091,156.007324,1071.193726,190.414062,158.556732,1066.854126,-23.638895
4.858,-19.279881,1614.885742,-72.122559,-17.582939,1519.078613,-123.79184,72.130249,1562.103027,-54.079857,31.667557,1421.309082,186.333267,-24.217533,1245.930176,240.257263,90.737579,1246.697632,231.145218,42.281483,1309.806763,-41.20694,-121.775734,1326.081177,217.979355,-111.446671,1425.852539,91.797668,-276.851715,1289.547607,61.480373,-360.424683,1296.292847,-33.370155,-251.300491,1502.769043,-127.364319,-233.824463,1515.604126,-34.031048,-182.121902,1549.366333,-130.770157,167.194107,1327.841309,185.134018,148.375992,1412.474487,37.648743,251.846069,1265.235107,-13.03932,231.683212,1150.516357,-121.020996,25.515833,1022.816406,-200.340439,-19.982304,1095.619141,-166.199402,-34.773163,991.347473,-220.241821,-111.677467,1052.981201,-18.314089,-115.409264,1054.780762,179.435104,155.581497,1069.078369,190.840393,159.698166,1066.539917,-25.363794
4.867,-18.414776,1612.749268,-71.709373,-16.694416,1516.84729,-123.17083,72.769608,1559.826172,-53.471661,31.610563,1419.640381,187.174164,-24.541029,1244.163818,241.148819,90.425888,1244.735474,232.009933,42.341183,1308.177368,-40.911774,-122.000496,1324.510742,218.722855,-111.601318,1424.191528,92.42971,-276.555908,1287.240723,61.451656,-359.513062,1293.491333,-34.011471,-250.102615,1500.040405,-128.093719,-233.265793,1512.950684,-34.546627,-181.169327,1546.811035,-130.988068,167.061646,1326.137085,186.041992,148.598206,1410.523804,38.351616,251.473877,1262.332031,-11.651649,230.03891,1146.368164,-118.131882,25.191481,1015.188904,-193.828308,-21.260107,1087.621826,-159.572815,-34.554462,982.220337,-211.531525,-111.892914,1051.916992,-18.270428,-115.78183,1052.456909,179.528183,155.148544,1066.927246,191.185272,159.751633,1065.5448,-24.887327
4.875,-17.428614,1610.753296,-71.528824,-15.846465,1514.579224,-122.665848,73.618004,1557.560059,-52.672119,31.52956,1418.082153,188.053909,-24.83638,1242.394287,241.853546,90.14534,1242.940674,232.761337,42.308117,1306.355835,-40.510323,-122.328262,1322.971558,219.482422,-111.765594,1422.370728,93.053978,-276.24115,1285.166382,61.363132,-358.638153,1290.997803,-34.777454,-248.911438,1497.29187,-128.495895,-232.44075,1510.340698,-34.802822,-180.096176,1544.18689,-131.113663,166.819504,1324.197754,187.004761,148.815964,1408.67395,38.879646,251.091064,1259.320679,-10.243731,228.600021,1142.264404,-115.357353,24.968782,1007.909058,-186.911652,-22.223145,1080.073853,-153.237976,-33.969456,973.613892,-202.80864,-112.241196,1050.709839,-18.173056,-116.185272,1050.185059,179.407425,154.666321,1064.677124,191.601868,159.565781,1065.01001,-24.630777
4.883,-16.391424,1608.550659,-71.086716,-14.83212,1512.370605,-122.044746,74.436317,1555.22229,-51.889332,31.536207,1416.24707,188.973465,-25.157785,1240.517822,242.628418,89.87587,1240.896484,233.530533,42.16993,1304.282959,-40.090282,-122.627121,1321.311279,220.302902,-111.892212,1420.770508,93.561577,-275.945374,1282.883301,61.272953,-357.471985,1288.262085,-35.414948,-247.705826,1494.546753,-128.980362,-231.695038,1507.700195,-35.412487,-178.9095,1541.653931,-131.440262,166.627869,1322.28418,187.963989,149.369232,1407.185547,39.460655,250.395355,1256.283325,-8.937292,227.403961,1138.315063,-112.434044,24.873486,1001.540527,-180.822586,-23.056168,1073.169678,-146.988251,-33.23436,965.595703,-194.14212,-112.679558,1049.503296,-18.007137,-116.639931,1047.671753,179.574203,154.199112,1062.345459,191.915161,159.37619,1063.751831,-24.219364
4.892,-15.31495,1606.489624,-70.718681,-13.978825,1510.215088,-121.44883,75.231194,1552.863525,-51.033985,31.521727,1414.549927,189.802078,-25.499146,1238.711792,243.321442,89.511223,1238.783691,234.346176,41.886383,1302.321899,-39.612751,-122.982246,1319.616211,220.908234,-111.973473,1418.883545,94.16922,-275.55658,1280.68335,61.225582,-356.58017,1285.668213,-36.151604,-246.34819,1491.827393,-129.395325,-230.858826,1505.054199,-35.859028,-177.653,1539.074341,-131.573425,166.416138,1320.401489,188.789703,149.683075,1405.203369,40.07682,249.926254,1253.278931,-7.530934,226.457123,1134.43335,-109.593239,24.817507,995.140076,-173.813004,-23.660677,1066.822754,-140.815063,-32.18544,958.271301,-185.682877,-113.291595,1048.261841,-18.028927,-117.035851,1045.126343,179.687958,153.686752,1060.018799,192.266678,159.042633,1062.487427,-24.026518
4.9,-14.203221,1604.461914,-70.268082,-12.977496,1508.183716,-120.826118,76.082939,1550.539673,-50.213451,31.561993,1412.690186,190.578445,-25.71101,1236.781982,243.955063,89.25634,1236.879517,235.125549,41.581886,1300.126831,-38.984501,-123.193001,1317.984619,221.589218,-112.074028,1417.182129,94.533791,-275.148407,1278.619751,61.047852,-355.64032,1283.397705,-37.06142,-244.957306,1489.129639,-129.955643,-230.047302,1502.625854,-36.357578,-176.308838,1536.549072,-131.909561,166.171127,1318.257446,189.460358,150.009857,1403.444946,40.621147,249.552109,1250.363159,-6.11278,225.683395,1130.50061,-106.730232,25.053862,989.696899,-167.969666,-24.091995,1060.984863,-134.870514,-31.066486,951.789856,-177.411377,-114.006195,1047.031006,-17.937044,-117.535881,1042.742065,179.743668,153.182877,1057.701416,192.53273,158.699921,1061.059814,-23.657293
4.908,-13.124367,1602.531738,-69.78186,-12.072069,1506.119629,-120.292618,77.00515,1548.246826,-49.3922,31.484648,1410.880249,191.271942,-26.045738,1234.884521,244.741241,88.946487,1234.745117,235.75061,41.014427,1298.000977,-38.37669,-123.49192,1316.253662,222.258392,-112.185356,1415.289551,94.983688,-274.924103,1276.503906,60.87344,-354.511292,1280.911743,-37.756786,-243.542542,1486.504883,-130.604141,-229.271927,1500.21106,-36.955555,-174.905182,1533.952637,-132.145248,165.963074,1316.230347,190.166733,150.003387,1401.494263,41.369389,249.244446,1247.481079,-4.701765,225.290466,1126.636108,-103.738327,25.482647,984.555176,-162.190369,-24.302448,1055.713989,-128.962723,-29.653627,946.103577,-169.590591,-114.689178,1045.64856,-17.858822,-117.955551,1040.287231,179.881912,152.617599,1055.291992,192.791733,158.290344,1059.627075,-23.426765
4.917,-11.91751,1600.620483,-69.162003,-11.115812,1504.162476,-119.752632,77.947403,1545.958618,-48.652744,31.406265,1409.02478,191.967804,-26.349838,1232.982178,245.350235,88.732719,1232.660645,236.384033,40.411522,1295.905273,-37.820393,-123.863991,1314.585938,222.778244,-112.18779,1413.521118,95.298859,-274.612579,1274.661865,60.458908,-353.641022,1278.656372,-38.68055,-242.104736,1483.877808,-131.260345,-228.509644,1498.052979,-37.63488,-173.478699,1531.369507,-132.591309,165.729523,1314.214966,190.807236,150.222687,1399.914551,41.902767,249.035782,1244.652466,-3.206546,225.002686,1122.96167,-100.913742,25.714117,979.93158,-156.431595,-24.336868,1050.957764,-123.197937,-28.371611,940.657288,-162.036697,-115.61869,1044.347412,-17.727871,-118.384186,1037.73584,180.074585,152.111847,1052.972046,193.048096,157.852737,1058.178833,-23.142727
4.925,-10.662666,1598.80249,-68.639687,-10.293795,1502.483276,-119.145493,78.809288,1543.767822,-47.856144,31.307045,1407.088745,192.689514,-26.633406,1231.044312,245.947739,88.503853,1230.680786,236.861481,39.679405,1294.119141,-37.305004,-124.127998,1312.872559,223.355927,-112.388115,1411.760132,95.629852,-274.389282,1272.732056,60.022778,-352.682983,1276.554077,-39.695232,-240.684235,1481.396362,-132.148849,-228.075104,1496.006104,-38.614643,-172.006699,1528.801636,-133.046631,165.479858,1312.056763,191.488541,150.310211,1398.183228,42.733318,248.877655,1241.92627,-1.601012,224.972168,1119.37146,-97.970779,26.002718,975.743347,-151.161118,-24.134514,1046.800659,-117.569336,-26.939146,936.239563,-154.649185,-116.574287,1043.051636,-17.65877,-118.854942,1035.355469,180.183304,151.583954,1050.73645,193.267487,157.672165,1056.386597,-22.904713
4.933,-9.41642,1597.135254,-68.079208,-9.357245,1500.820312,-118.651657,79.713326,1541.678833,-47.106682,31.128443,1405.323242,193.282333,-26.963253,1229.209839,246.501877,88.227058,1228.597778,237.399231,38.94772,1292.031616,-36.403336,-124.508377,1311.310303,223.817596,-112.411049,1409.892212,95.914375,-274.143005,1271.177856,59.363277,-351.531464,1274.335449,-40.660835,-239.364853,1478.869873,-133.119064,-227.620636,1494.185791,-39.806297,-170.502274,1526.242554,-133.753311,165.321838,1309.975342,191.952225,150.618393,1396.675049,43.27718,248.95311,1239.206665,-0.037513,225.124573,1115.992188,-95.120369,26.272552,971.78009,-145.663544,-24.189276,1043.454468,-112.951965,-25.326246,932.396606,-147.654144,-117.417778,1041.740112,-17.608301,-119.339912,1033.127441,180.334381,151.067505,1048.488525,193.449448,157.663712,1054.472046,-22.676371
4.942,-8.350016,1595.568237,-67.396774,-8.472882,1499.288452,-118.238388,80.623688,1539.750854,-46.311615,31.070492,1403.509155,193.916763,-27.25132,1227.423462,246.921051,87.883797,1226.536499,237.852005,38.039333,1290.521484,-36.193462,-124.809105,1309.554321,224.262756,-112.568436,1408.223389,96.112526,-273.747711,1269.559204,58.718189,-350.628815,1272.38855,-41.753345,-237.963013,1476.512695,-134.403702,-227.308823,1492.560425,-41.178764,-169.030426,1523.764893,-134.613983,164.965332,1308.079712,192.540848,150.815231,1394.998901,44.001102,249.107681,1236.708008,1.627931,225.494675,1112.83667,-92.329437,26.584269,968.467957,-140.570312,-23.356537,1040.005249,-107.098106,-24.446247,929.24585,-141.027267,-118.368721,1040.183472,-17.464602,-119.766861,1030.837524,180.542496,150.493851,1046.280762,193.564514,156.511002,1053.561523,-22.604528
4.95,-7.167353,1594.193604,-66.724449,-7.593423,1497.979736,-117.553719,81.554855,1537.879639,-45.498402,30.830544,1401.733398,194.545929,-27.612543,1225.578735,247.469131,87.629585,1224.657715,238.249222,37.19278,1288.887695,-35.719391,-125.205521,1308.024536,224.614899,-112.700607,1406.494873,96.326057,-273.389099,1268.17749,57.990574,-349.499664,1270.341187,-42.863602,-236.596069,1474.354858,-136.224884,-227.114471,1491.01709,-42.89835,-167.567078,1521.413452,-135.731506,164.662537,1306.006348,193.096985,151.086792,1393.677246,44.491161,249.285324,1234.473877,3.122248,226.211655,1109.924194,-89.554779,26.994112,965.811707,-136.138412,-22.34749,1037.303223,-102.344231,-24.259083,926.419006,-135.722794,-119.416412,1038.399536,-17.310162,-120.378548,1028.79895,180.718048,149.887512,1044.214844,193.687393,155.931793,1052.039185,-22.513191
4.958,-5.906558,1592.98584,-65.961929,-6.762261,1496.824829,-117.01474,82.438927,1536.16394,-44.68779,30.664736,1400.139526,195.088791,-27.95199,1223.877197,247.81073,87.350853,1222.661865,238.597427,36.265697,1287.34375,-35.092297,-125.542534,1306.421997,224.979721,-112.81089,1404.966431,96.457222,-272.874146,1266.793701,57.21014,-348.330841,1268.494995,-44.091915,-235.275482,1472.145142,-137.975784,-226.739868,1489.68689,-44.852116,-166.13916,1519.276367,-137.063568,164.276962,1304.135986,193.480331,151.217957,1392.211426,45.398548,249.527008,1232.344238,4.575788,227.20195,1107.381836,-87.011688,27.267622,963.945923,-132.097931,-21.043526,1035.202393,-98.172974,-24.562458,924.658447,-132.415222,-120.452209,1036.53125,-17.009817,-120.736786,1026.811279,180.95343,149.334412,1042.251221,193.773193,155.305557,1050.571045,-22.613695
4.967,-4.867909,1591.921143,-65.178467,-5.835764,1495.888184,-116.519493,83.256607,1534.657471,-43.789158,30.386332,1398.47876,195.646286,-28.258978,1222.218506,248.211868,87.061935,1220.949829,238.924103,35.476368,1286.044434,-34.483929,-125.92672,1305.018677,225.17984,-112.94603,1403.381226,96.574722,-272.506958,1265.406128,56.348969,-347.368744,1266.801147,-45.519787,-233.974823,1469.940796,-139.761642,-226.480774,1488.371948,-47.114212,-164.707413,1517.392334,-138.702621,163.883774,1302.304565,193.972107,151.444321,1391.149414,46.072769,249.96994,1230.574097,6.160692,228.192673,1105.049194,-84.458511,27.722063,962.724548,-129.116547,-20.643929,1034.217529,-95.806152,-24.668177,923.754578,-130.782257,-121.418648,1035.010864,-16.608257,-121.216385,1024.954346,181.195633,148.860092,1040.296021,193.683441,154.529022,1049.13501,-22.732872
4.975,-3.826546,1591.018188,-64.357964,-4.976722,1495.236084,-115.998978,84.009666,1533.320801,-42.938339,30.080118,1397.183838,196.121872,-28.678926,1220.762817,248.499268,86.724487,1219.191895,239.237366,34.696724,1284.828857,-33.934052,-126.445007,1303.58728,225.340363,-113.080048,1402.026367,96.560158,-272.051727,1264.093384,55.421013,-346.023376,1264.882812,-46.814655,-232.577713,1467.937988,-142.17218,-226.182434,1487.173584,-49.693401,-163.286499,1515.642822,-140.68074,163.394806,1300.485107,194.372711,151.77533,1389.995483,46.83469,250.490005,1228.977661,7.700785,229.115326,1102.87207,-81.862381,28.033808,961.777222,-127.88327,-20.85042,1034.316406,-95.288818,-25.301186,923.340881,-131.481644,-122.142403,1034.415527,-16.178841,-121.692558,1023.450012,181.544067,148.212555,1038.643066,193.610641,153.878738,1047.905518,-22.850805
4.983,-2.57755,1590.380371,-63.514591,-4.206133,1494.721436,-115.479622,84.891335,1532.245117,-42.008385,29.713484,1395.810425,196.634796,-29.050695,1219.342529,248.74765,86.318466,1217.747192,239.594574,34.013451,1283.61377,-33.382389,-126.967491,1302.422485,225.362747,-113.414497,1400.813721,96.3246,-271.625183,1262.786499,54.24559,-344.893097,1263.363403,-48.480724,-231.122818,1465.957397,-144.823853,-225.589386,1485.980591,-52.439171,-162.005478,1514.102173,-142.993057,162.882126,1298.993408,194.97966,152.043884,1388.930054,47.648129,251.059204,1227.602905,9.589757,229.720444,1100.805542,-79.290863,27.872204,961.183105,-128.07457,-20.576908,1034.175903,-95.26693,-26.276211,923.460449,-133.039902,-122.761932,1033.728027,-15.72554,-122.122551,1021.775146,181.825623,147.683548,1037.11438,193.594681,153.09845,1046.648682,-22.990488
4.992,-1.621953,1589.994629,-62.679649,-3.335584,1494.548706,-114.889954,85.662407,1531.495605,-41.082493,29.360172,1394.696289,197.036789,-29.506622,1218.181396,248.896835,85.842545,1216.251831,239.936142,33.555229,1282.608643,-32.809933,-127.543747,1301.281494,225.278564,-113.619804,1399.664185,96.201561,-271.213013,1261.470581,53.132954,-343.806946,1262.036621,-50.282715,-229.660233,1464.06897,-147.894623,-224.743179,1484.839844,-55.43845,-160.772003,1512.802734,-145.794388,162.280914,1297.489624,195.554459,152.613388,1388.293823,47.887493,251.741714,1226.309448,11.20687,230.022797,1098.931641,-76.943687,27.456406,961.151855,-129.160782,-20.200464,1033.903076,-95.413963,-26.84634,923.787354,-134.265701,-123.291992,1032.576904,-15.608616,-122.652435,1020.568359,181.891754,147.146667,1035.797852,193.534592,152.386719,1045.63562,-23.10915
5.0,-0.613642,1589.929199,-61.845112,-2.602631,1494.598022,-114.363029,86.380684,1530.869019,-40.220776,28.905811,1393.820923,197.423721,-30.055172,1217.197266,249.090897,85.270515,1215.109985,240.222687,33.265568,1281.851929,-32.239296,-128.06488,1300.332886,225.102982,-113.85186,1398.810547,95.883858,-270.815582,1260.307129,51.823013,-342.359528,1260.455322,-52.048794,-228.216995,1462.177612,-150.933624,-223.986679,1483.879517,-58.780529,-159.634888,1511.514038,-148.874176,161.740982,1296.298462,196.211365,152.863953,1386.952271,49.122272,252.291702,1224.917114,12.843681,230.025894,1097.323486,-75.191231,27.210217,960.937561,-129.743683,-20.285469,1033.984009,-96.077408,-26.715675,924.167297,-135.462769,-123.821983,1031.926514,-15.412241,-123.186371,1019.549255,182.146591,146.563538,1034.630859,193.404755,151.740067,1044.785767,-23.193096
5.008,0.467507,1590.115601,-61.003956,-1.877843,1494.912354,-113.843758,87.077843,1530.500244,-39.401291,28.497118,1393.070801,197.774033,-30.658381,1216.356201,249.178757,84.616936,1214.052368,240.427628,33.123634,1281.286499,-31.776381,-128.640015,1299.70874,224.808212,-114.110085,1398.193481,95.384201,-270.365875,1259.273926,50.364582,-340.979095,1259.111084,-53.952255,-226.741531,1460.359985,-154.387726,-223.031448,1483.042969,-62.602356,-158.64769,1510.608398,-153.020798,161.034698,1295.263306,196.919388,153.283524,1386.472046,49.455875,252.701126,1223.828491,14.29478,229.956268,1096.296753,-73.940811,27.142679,960.738159,-130.214172,-20.552094,1034.209595,-97.145836,-26.579298,924.043518,-135.817963,-124.198898,1031.634033,-15.285281,-123.776535,1018.827942,182.379822,145.958527,1033.723389,193.342987,151.022385,1044.080078,-23.249222
5.017,1.399,1590.495361,-59.994816,-1.08128,1495.509521,-113.259727,87.855507,1530.467773,-38.524387,28.115574,1392.519409,198.113983,-31.333408,1215.860107,249.159561,83.992523,1213.270752,240.70546,33.089142,1280.789307,-31.117893,-129.384689,1299.255737,224.41951,-114.399101,1397.779785,94.90358,-269.806,1258.343384,48.874969,-339.67688,1257.994141,-56.118851,-225.364563,1458.540039,-158.36937,-222.076859,1482.333618,-66.931824,-157.614014,1509.712769,-157.414108,160.454971,1294.36377,197.552856,153.732864,1385.97876,50.124969,252.879501,1222.615356,15.710862,229.889542,1095.706543,-73.280533,27.250822,960.692505,-130.827072,-20.633556,1034.38562,-98.700897,-26.146704,923.975891,-136.351303,-124.477409,1031.498169,-15.299117,-124.339813,1018.416748,182.389969,145.435425,1033.031616,193.279419,150.398056,1043.637695,-23.285389
5.025,2.434148,1591.160034,-59.030598,-0.463694,1496.468262,-112.697975,88.670822,1530.692505,-37.704746,27.615114,1392.246338,198.356842,-32.191498,1215.640747,249.116074,83.26886,1212.861084,241.002274,33.067417,1280.819214,-31.235498,-130.1306,1299.111694,223.900726,-114.747841,1397.594116,94.295479,-269.308655,1257.695801,47.38184,-337.925476,1256.793091,-58.323048,-223.683807,1456.707397,-162.686966,-221.123245,1481.734131,-71.789154,-156.573822,1508.723389,-162.302597,159.901764,1293.795166,198.287399,154.197388,1385.730347,50.925957,252.702988,1221.726807,16.58696,229.761719,1095.555908,-73.131622,27.547148,960.714478,-131.625,-20.749146,1034.502319,-99.930656,-25.549603,924.032043,-137.126892,-124.736382,1031.642334,-15.472712,-125.038071,1018.250366,182.400009,144.94841,1032.606689,193.207428,149.884964,1043.488037,-23.292007
5.033,3.496809,1592.001953,-58.092514,0.199619,1497.593018,-112.273926,89.328987,1531.09375,-36.876881,27.272343,1392.216919,198.584412,-33.039715,1215.672241,249.01239,82.589233,1212.678833,241.269577,33.068813,1281.021118,-31.256481,-130.807495,1299.258423,223.340668,-115.15007,1397.637451,93.554588,-268.871948,1257.134521,45.652027,-336.41748,1255.817017,-60.77087,-221.895569,1454.782715,-167.645126,-220.019287,1481.251709,-77.110069,-155.383041,1507.769287,-167.97258,159.45282,1293.442871,198.821518,154.525787,1385.514526,51.727417,252.024292,1221.153931,17.139214,229.544006,1095.836548,-73.426575,27.878431,960.869507,-132.367844,-20.755732,1034.727295,-101.448753,-25.132574,923.654541,-136.484634,-124.958389,1032.057495,-15.78492,-125.914215,1018.411499,182.25856,144.354141,1032.447632,193.20784,149.437027,1043.650024,-23.256605
5.042,4.536021,1593.23999,-57.098114,1.040122,1499.04187,-111.658943,90.070351,1531.837402,-36.081486,26.917961,1392.417603,198.744507,-33.74231,1215.939819,248.880325,81.904732,1212.767456,241.432831,33.103451,1281.387329,-31.176382,-131.457245,1299.641113,222.751938,-115.556572,1397.837891,92.84388,-268.389587,1256.751953,43.863293,-334.555267,1254.885376,-63.200756,-219.977325,1452.647949,-172.891235,-218.921722,1480.983154,-82.99958,-154.046692,1506.564819,-174.039902,159.044022,1293.34436,199.242538,154.7397,1385.866699,52.230442,251.100098,1220.871582,17.62706,229.29454,1096.483887,-73.963989,28.132185,961.077942,-132.97261,-20.873266,1034.947998,-102.588913,-24.28862,924.026672,-138.213425,-125.14827,1032.631714,-16.230577,-126.602905,1018.741821,182.042007,143.784668,1032.553833,193.275406,149.109238,1044.048096,-23.203344
5.05,5.53615,1594.707153,-56.110477,1.775821,1500.78772,-111.182388,90.855476,1532.812378,-35.16547,26.557734,1392.84436,198.84903,-34.45491,1216.524658,248.777847,81.148857,1213.04187,241.439178,33.235241,1281.961792,-31.233906,-132.177277,1300.242432,222.050415,-116.017853,1398.290283,92.013672,-267.890961,1256.491089,42.04578,-332.892761,1254.111572,-65.787872,-217.749222,1450.286621,-178.476883,-217.594864,1480.559692,-89.226204,-152.457993,1505.143799,-180.495514,158.643524,1293.541016,199.577301,154.818314,1386.418823,52.683434,250.112473,1221.162231,17.703251,229.031799,1097.546997,-74.587921,28.338278,961.43634,-133.64505,-20.924131,1035.258301,-103.97438,-23.905596,923.91272,-137.936646,-125.270935,1033.531982,-16.932728,-127.329605,1019.535278,181.691254,143.228836,1032.989014,193.392593,148.911316,1044.71228,-23.086035
5.058,6.597047,1596.359863,-55.121159,2.597188,1502.793091,-110.967781,91.628616,1534.030884,-34.503384,26.276375,1393.533203,198.872498,-35.329514,1217.378784,248.549271,80.413017,1213.701782,241.516891,33.680031,1282.829346,-32.154217,-132.793152,1301.161987,221.286819,-116.390877,1398.979614,91.133453,-267.397217,1256.415039,40.215454,-330.846619,1253.292236,-68.370522,-215.360138,1447.796143,-184.462418,-216.121017,1480.319336,-95.961617,-150.726486,1503.442017,-187.531326,158.280594,1294.055054,199.774918,154.755554,1387.157715,53.037727,249.189163,1221.899048,17.586805,228.727966,1098.937988,-75.248985,28.520006,962.079834,-134.643204,-21.120556,1035.612671,-105.059631,-23.343502,924.508057,-139.552261,-125.540329,1034.567871,-17.5343,-127.960129,1020.706543,181.204468,142.674652,1033.684937,193.559143,148.737823,1045.488403,-22.976387
5.067,7.775733,1598.373535,-54.095947,3.200641,1504.949829,-110.152512,92.394577,1535.509888,-33.626038,26.029966,1394.547363,198.717712,-36.01421,1218.512085,248.201157,79.723145,1214.60437,241.521164,33.768051,1284.196655,-32.475758,-133.373962,1302.378906,220.54007,-116.697342,1399.855835,90.250969,-266.831238,1256.547729,38.322247,-328.994751,1252.673584,-71.049667,-212.712738,1445.184448,-190.675598,-214.698517,1480.044312,-103.263649,-148.784088,1501.454956,-195.061356,157.900574,1294.920166,199.79509,154.608276,1388.205078,53.244568,248.197754,1223.003052,17.107763,228.228195,1100.456299,-76.227997,28.64048,963.02594,-135.868179,-21.397413,1036.35498,-106.112,-23.076349,925.168518,-140.295517,-125.713066,1035.763428,-18.117201,-128.6772,1021.909607,180.522369,142.121201,1034.613403,193.642776,148.569992,1046.380127,-22.902525
5.075,8.94795,1600.655151,-53.137218,4.12449,1507.633911,-109.700684,93.238205,1537.345093,-32.79258,25.744223,1395.602051,198.566422,-36.641571,1219.822632,247.967331,79.247711,1215.908691,241.393005,33.813843,1285.41272,-32.850273,-133.96994,1303.651367,219.711441,-116.952141,1400.909302,89.2024,-266.20108,1256.967285,36.405582,-326.854431,1252.064453,-73.682259,-209.874863,1442.252808,-197.311478,-213.015961,1479.704468,-111.14312,-146.581741,1499.188721,-202.936249,157.657242,1296.031006,199.675278,154.358261,1389.536621,53.184578,247.728439,1224.714478,16.463203,227.937241,1102.223511,-77.04245,28.612461,964.064392,-136.782227,-21.825312,1037.138062,-106.7855,-23.138678,925.692322,-139.751923,-125.789551,1037.035034,-18.75877,-129.269882,1023.768311,179.798203,141.687531,1035.686646,193.673187,148.520203,1047.437012,-22.754345
5.083,10.082714,1603.15918,-52.168308,5.011754,1510.526489,-109.246117,94.034187,1539.220581,-32.021748,25.427536,1396.898315,198.146362,-37.306614,1221.388672,247.562485,78.725243,1217.356079,241.142136,33.997623,1286.790161,-33.320492,-134.499344,1305.302368,218.797729,-117.251091,1402.147217,88.250381,-265.524597,1257.55249,34.407433,-324.764496,1251.561035,-76.432327,-207.172089,1439.309692,-203.671692,-210.933395,1479.07959,-119.400475,-144.20401,1496.52124,-211.280777,157.294052,1297.375,199.278534,153.993774,1390.94812,53.145386,247.517258,1226.564941,15.632313,227.53389,1104.009399,-77.995857,28.38335,965.007812,-137.151169,-22.154533,1038.365723,-107.676323,-22.97817,927.032593,-141.192764,-125.963898,1038.602417,-19.257034,-129.876709,1025.590088,179.294861,141.133606,1037.143799,193.773834,148.447067,1048.600708,-22.570391
5.092,11.231087,1605.89624,-51.040771,5.779432,1513.664429,-108.95491,94.888252,1541.429199,-31.190508,24.993317,1398.43689,197.673035,-37.946411,1223.168701,247.029282,78.171638,1219.045776,240.829742,33.953239,1288.432251,-33.827427,-135.070435,1306.972412,217.783615,-117.512032,1403.527222,86.96286,-264.843719,1258.209229,32.51881,-322.441467,1251.188232,-79.136642,-204.088867,1436.054932,-210.840622,-208.44313,1478.36084,-127.392303,-141.658752,1493.37561,-220.047256,157.107452,1298.97229,198.88353,153.326965,1392.565063,52.802658,247.740524,1228.878174,14.680638,227.133286,1106.047852,-78.976669,28.064495,966.477478,-137.661957,-22.564789,1039.832031,-108.282379,-23.305017,928.358948,-141.509811,-125.964462,1040.246338,-19.783018,-130.321945,1027.86377,178.609436,140.611115,1038.74939,193.794739,148.236603,1049.905396,-22.526257
5.1,12.496765,1608.787109,-49.920208,6.801553,1517.071655,-108.569115,95.696724,1543.821533,-30.344418,24.73625,1400.044678,197.149811,-38.359684,1225.103271,246.446899,77.675079,1220.951782,240.352585,33.931427,1290.151855,-34.504532,-135.457184,1308.915649,216.762238,-117.861481,1405.138184,85.881149,-264.048584,1259.12561,30.548128,-320.367432,1251.138306,-81.962746,-201.079361,1432.608887,-218.107712,-205.793137,1477.532227,-135.952408,-138.91951,1489.811523,-229.153351,156.886749,1300.801392,198.297729,152.904114,1394.375854,52.246792,248.042969,1231.354614,13.498123,226.796265,1108.142456,-79.848938,27.708532,968.459473,-138.649857,-23.069962,1041.429688,-108.602089,-23.686901,930.035034,-141.771652,-126.073601,1042.142456,-20.062447,-130.871994,1030.262573,177.939758,140.135712,1040.596802,193.76886,147.960907,1051.326782,-22.474503
5.108,13.748499,1612.020386,-48.941845,7.705235,1520.685303,-108.210083,96.493874,1546.342773,-29.503138,24.377525,1401.866211,196.450027,-38.816933,1227.162842,245.908203,77.312172,1223.094482,239.839035,33.819561,1292.23645,-35.38464,-135.988739,1310.865845,215.509659,-117.977852,1406.850464,84.523758,-263.213989,1260.050415,28.596546,-317.926361,1250.887451,-84.602417,-197.95549,1429.068481,-225.624542,-202.678757,1476.357056,-144.930695,-136.098282,1485.854614,-238.488571,156.715698,1302.814209,197.744354,152.621674,1396.409302,51.669964,248.326904,1233.807739,12.477259,226.447327,1110.314697,-80.706642,27.239317,970.21283,-138.546631,-23.592144,1043.225952,-108.717896,-24.219763,931.974609,-142.050873,-126.148102,1044.032349,-20.36264,-131.401016,1032.776733,177.541016,139.474762,1042.683105,193.600632,147.683197,1052.872803,-22.534174
5.117,14.899858,1615.299438,-47.780411,8.62734,1524.534424,-107.882416,97.370506,1549.032227,-28.682781,24.093815,1403.729614,195.526962,-39.359371,1229.372681,245.12323,76.967407,1225.194946,239.336136,33.603233,1294.343994,-36.360558,-136.321655,1312.941895,214.374802,-117.997498,1408.607544,83.121796,-262.511566,1261.031738,26.60994,-315.592957,1250.796387,-87.308846,-194.78804,1425.144653,-233.228851,-199.382904,1474.896118,-153.964157,-133.042908,1481.286255,-248.095032,156.432724,1304.806519,197.117783,152.346619,1398.356201,51.090862,248.538864,1236.353271,11.421846,226.046844,1112.5625,-81.638504,26.562735,972.39801,-138.43837,-24.019751,1045.365356,-108.540619,-24.987509,933.912292,-142.287659,-126.318886,1046.055908,-20.464228,-131.771179,1035.376343,177.278824,139.005325,1044.854126,193.397629,147.360443,1054.557495,-22.581879
5.125,16.10903,1618.642334,-46.628086,9.694599,1528.60144,-107.700302,98.242699,1551.864502,-27.8864,23.83119,1405.640137,194.645432,-39.70055,1231.670654,244.300797,76.6418,1227.457397,238.673386,33.436001,1296.495117,-37.400543,-136.78743,1315.108765,212.963486,-118.06321,1410.411621,81.554459,-261.719177,1262.142578,24.544886,-312.598206,1250.289062,-90.442963,-191.708847,1420.942505,-240.999756,-195.610336,1473.035156,-163.143265,-129.968658,1476.265259,-257.83371,156.317017,1306.996948,196.406448,151.881851,1400.483276,50.440422,248.732666,1238.859253,10.416502,225.737778,1114.749634,-82.354462,25.881292,974.590027,-138.347137,-24.522154,1047.639404,-108.108696,-25.809132,936.064392,-141.888657,-126.397881,1048.004761,-20.587545,-132.13678,1038.105469,177.071091,138.58374,1047.103149,193.129059,147.04776,1056.154907,-22.696239
5.133,17.268663,1622.067017,-45.445942,10.643563,1532.710693,-107.466072,99.068726,1554.705444,-27.096048,23.32445,1407.746582,193.590942,-40.0103,1234.007202,243.465759,76.260597,1229.878418,237.908737,33.201691,1298.777344,-38.455666,-137.102188,1317.426025,211.436646,-118.126633,1412.293091,79.816101,-261.003479,1263.31665,22.479919,-309.860718,1249.961182,-93.200333,-188.251373,1416.525757,-248.840652,-191.425812,1470.808105,-172.410126,-126.481636,1470.638062,-267.652313,156.154892,1309.252686,195.478119,151.480255,1402.637817,49.497086,248.709,1241.303711,9.487971,225.407608,1116.926758,-83.150772,25.034351,976.869629,-138.257828,-25.154461,1049.87207,-107.839874,-26.72196,938.42157,-141.559265,-126.691444,1049.929932,-20.70447,-132.764984,1040.858154,176.885391,138.22522,1049.419434,192.79126,146.677872,1057.879883,-22.927225
5.142,18.532391,1625.568115,-44.290432,11.79948,1536.913208,-107.210526,99.85936,1557.612915,-26.288673,23.004122,1409.767212,192.369934,-40.507545,1236.478149,242.537628,75.937279,1232.341675,237.065399,32.835644,1300.608398,-38.757065,-137.542923,1319.669067,209.812897,-118.293381,1414.280151,77.949997,-260.218109,1264.48877,20.290171,-307.415161,1249.989746,-96.007927,-184.864227,1411.481812,-256.670135,-186.882935,1468.110962,-181.699402,-122.780602,1464.494141,-277.433929,155.72023,1311.351196,194.494064,151.292877,1404.778198,48.592472,248.56955,1243.638794,8.502572,224.997543,1119.094971,-83.951981,24.192066,979.043701,-137.684921,-25.616121,1052.258423,-107.192101,-27.661686,940.835938,-141.147537,-126.953346,1051.820312,-20.804104,-133.153336,1043.454346,176.826813,137.950821,1051.780884,192.457733,146.280655,1059.471191,-23.153006
5.15,19.624798,1629.086792,-42.96471,12.786836,1541.218506,-106.966934,100.750504,1560.597412,-25.528297,22.695799,1411.736572,191.140671,-41.021065,1238.914551,241.427139,75.558556,1234.64563,236.198746,32.661358,1302.719604,-39.666962,-137.887878,1321.942383,208.109528,-118.338539,1416.101318,76.022285,-259.509949,1265.825684,17.992203,-304.787201,1249.657227,-98.792801,-181.296814,1406.265503,-264.607605,-181.935471,1464.987183,-191.097549,-118.903992,1457.618652,-287.201263,155.383484,1313.592285,193.561676,151.053925,1406.79834,47.595268,248.131012,1245.776245,7.57781,224.698288,1121.161377,-84.70472,23.339233,981.510132,-137.475113,-26.162437,1054.679077,-106.380928,-28.850447,943.130249,-140.358765,-127.246216,1053.553223,-20.903122,-133.536774,1046.046021,176.800308,137.580246,1054.12207,192.148376,146.656464,1062.352905,-21.766197
5.158,20.736568,1632.5979,-41.692665,13.920937,1545.527954,-106.75132,101.64756,1563.565796,-24.787598,22.432545,1413.863892,189.726822,-41.368149,1241.396851,240.382874,75.264122,1237.012085,235.423874,32.486431,1304.885742,-40.923042,-138.282501,1324.264526,206.339432,-118.388435,1417.971802,73.691719,-258.806488,1266.965454,15.705883,-302.051514,1249.112671,-101.48468,-177.405701,1400.350708,-272.279327,-176.7397,1461.182495,-200.29454,-114.761246,1449.984863,-296.717529,155.311325,1315.878906,192.584152,150.796936,1408.892212,46.587597,247.839676,1247.873535,6.668402,224.424088,1123.085938,-85.442291,22.346083,984.139648,-137.580521,-26.571796,1057.255249,-105.656654,-29.935955,945.856201,-140.307861,-127.588242,1055.355103,-20.93565,-133.934402,1048.669434,176.776917,137.234863,1056.505737,191.83931,145.036484,1062.727905,-22.65951
5.167,21.892851,1636.155151,-40.530285,14.990415,1549.821655,-106.59613,102.479713,1566.498779,-24.017521,22.092796,1415.93042,188.292709,-41.743835,1243.782593,239.242584,74.790657,1239.385986,234.405197,32.350777,1306.688599,-42.206882,-138.730606,1326.622803,204.389908,-118.400955,1419.949951,71.692467,-257.914764,1268.189087,13.207867,-299.499451,1248.654785,-104.287941,-173.57605,1393.993896,-279.802399,-170.988739,1457.025879,-209.679199,-110.472359,1441.664795,-306.076721,155.099945,1318.079224,191.607101,150.582687,1410.756348,45.717896,247.49881,1249.753784,5.870644,224.263412,1124.863037,-86.174438,21.33922,986.402466,-137.026062,-27.11516,1059.577026,-104.860725,-30.988094,948.409424,-139.860092,-127.926338,1056.864258,-20.992414,-134.354706,1051.172607,176.733551,136.888733,1058.852661,191.506073,144.742096,1064.547974,-22.211332
5.175,23.09556,1639.620605,-39.351524,16.079302,1554.13208,-106.374428,103.328857,1569.39563,-23.255863,21.656971,1417.921021,186.715927,-42.375561,1246.299072,238.037125,74.378242,1241.77356,233.464081,32.166061,1308.679199,-43.55851,-139.210968,1329.001099,202.347137,-118.239807,1421.686523,69.338882,-257.090332,1269.10376,10.735383,-297.171204,1248.189575,-106.908997,-169.441742,1386.983765,-287.13623,-165.030975,1452.053101,-218.715759,-105.961342,1432.626831,-315.161072,154.673462,1320.049194,190.528473,150.411362,1412.353882,44.820755,247.134079,1251.42395,5.019529,223.96463,1126.512085,-86.878944,20.40428,988.691345,-136.892685,-27.569128,1061.85083,-104.179535,-31.923819,951.111816,-139.649506,-128.27829,1058.354736,-20.995665,-134.92601,1053.660156,176.629074,136.464752,1061.065063,191.211838,145.921448,1066.984863,-22.143394
5.183,24.218964,1642.748779,-37.821812,17.304739,1558.322021,-106.224274,104.188477,1572.207764,-22.539482,21.359709,1419.901611,185.109802,-42.916412,1248.786865,236.753525,73.860794,1243.9823,232.499023,32.088787,1310.231567,-44.919498,-139.662231,1331.398682,200.277008,-118.068748,1423.467285,66.901451,-256.105164,1270.22644,8.207332,-294.457184,1247.411865,-109.598633,-165.063248,1379.507446,-294.158173,-159.386002,1446.887451,-227.508408,-101.112175,1422.59314,-323.90387,154.236847,1322.031006,189.526581,150.220963,1414.010132,43.533577,246.891342,1253.058838,4.192572,223.781128,1127.969482,-87.647537,19.49345,990.721069,-136.957962,-28.073917,1064.119629,-103.581429,-33.159389,953.334839,-139.307663,-128.566711,1059.731812,-21.098013,-135.456146,1056.112427,176.387833,135.962982,1063.288208,190.999039,147.848343,1069.85498,-21.889915
5.192,25.347099,1645.857056,-36.262768,18.489353,1562.495605,-106.019356,105.064919,1574.947998,-21.823208,21.132883,1421.903198,183.345016,-43.429882,1251.11792,235.524445,73.365723,1246.131958,231.478058,31.953506,1311.846924,-46.385059,-140.069,1333.64563,198.07843,-117.91716,1425.349487,64.48793,-255.051697,1271.065552,5.674033,-292.058411,1246.639648,-112.257744,-160.66983,1371.415771,-300.898499,-152.817139,1440.680176,-236.199982,-96.016281,1412.028076,-332.160645,154.015259,1323.994751,188.499191,150.251938,1415.470703,42.347347,246.643814,1254.408203,3.338642,223.639862,1129.168335,-88.248558,18.534517,992.705017,-136.509033,-28.434635,1066.257202,-103.050896,-34.162121,955.618286,-138.917801,-128.821365,1060.952515,-21.354353,-135.770706,1058.503662,176.088715,135.581589,1065.353516,190.819702,150.062729,1072.871338,-21.636717
5.2,26.589745,1648.869873,-34.70451,19.650469,1566.633423,-105.982681,105.976158,1577.56543,-21.083109,20.741436,1423.739624,181.60347,-44.199802,1253.356323,234.22879,72.74826,1248.273315,230.489105,31.8962,1313.142822,-47.747429,-140.584732,1335.849121,195.83252,-117.866936,1426.963623,61.833553,-254.262421,1272.151367,3.01436,-289.47525,1245.691162,-114.777962,-155.885406,1362.753418,-307.234741,-145.956543,1433.678955,-244.621307,-90.76255,1400.574463,-340.04599,153.634811,1325.665283,187.450836,150.273163,1416.848511,41.173508,246.463791,1255.594482,2.656722,223.450394,1130.232056,-88.753731,17.578613,994.515686,-135.977585,-28.778702,1068.106323,-102.277199,-35.122826,957.510986,-138.533264,-129.114929,1061.970459,-21.621876,-136.22197,1060.714355,175.705215,135.184631,1067.296631,190.680725,152.234573,1075.701416,-21.243357
5.208,27.740067,1651.62207,-33.402584,20.941492,1570.626221,-105.783279,106.913376,1580.094116,-20.531765,20.351707,1425.54541,179.723969,-44.89883,1255.548096,232.968323,72.038589,1250.189941,229.609161,31.801365,1314.110352,-49.259003,-141.113068,1338.053955,193.469803,-117.641724,1428.187622,58.919006,-253.579407,1272.916504,0.710218,-287.856842,1244.382446,-117.385994,-151.046127,1353.498779,-313.314423,-138.831635,1426.091919,-252.872147,-85.177063,1388.362671,-347.311005,153.327011,1327.465698,186.50676,150.374481,1418.004761,40.009731,246.466812,1256.790527,1.915976,223.437943,1131.099121,-89.206512,16.852831,996.028015,-135.952316,-29.084187,1069.915894,-101.70565,-36.00816,959.497559,-138.13916,-129.458801,1062.805298,-21.881451,-136.853516,1062.973145,175.220734,134.676102,1069.249268,190.600479,154.142761,1078.121216,-20.911537
5.217,28.781931,1654.22937,-31.676336,22.320587,1574.425415,-105.493439,107.786644,1582.401367,-19.766428,20.025013,1427.401245,177.784256,-45.773354,1257.807861,231.59642,71.342949,1252.077148,228.628113,31.739227,1314.794678,-50.636696,-141.695709,1340.213867,190.966354,-117.41153,1429.379639,55.969795,-252.950516,1273.40686,-1.490046,-285.159882,1243.37146,-119.935287,-145.961609,1343.738281,-318.842316,-131.296463,1417.693604,-260.615753,-79.4263,1375.469971,-354.026642,152.703064,1328.866577,185.59523,150.431137,1418.963745,38.730316,246.491486,1257.610107,1.311105,223.433075,1131.682983,-89.601273,16.14777,997.594666,-135.870712,-29.483639,1071.519043,-101.288925,-36.806725,961.153687,-137.640472,-129.729477,1063.409912,-22.22949,-137.363007,1065.14917,174.580078,134.120071,1071.018921,190.606216,155.517944,1080.178101,-20.669985
5.225,30.001513,1656.762085,-30.372211,23.544041,1578.134399,-105.030853,108.528793,1584.558105,-19.087143,19.685503,1428.923706,175.939011,-46.701881,1259.857056,230.21907,70.559494,1253.790771,227.725906,31.701521,1315.523926,-51.89653,-142.211365,1342.276978,188.338058,-117.206245,1430.562988,52.801311,-251.916565,1273.611328,-3.809342,-282.662598,1242.110229,-122.498459,-140.801651,1333.436157,-324.057404,-123.649361,1408.660034,-267.961182,-73.612473,1361.886108,-360.045898,152.218811,1330.323608,184.674301,150.56575,1419.779175,37.526302,246.493118,1258.203125,0.812741,223.522324,1132.060059,-89.804939,15.592797,998.49054,-135.253113,-29.789902,1072.93689,-100.746452,-37.464573,962.547974,-137.135239,-130.026672,1063.842896,-22.662994,-137.767334,1066.944336,174.063614,133.615479,1072.646118,190.521103,156.425293,1081.637695,-20.395908
5.233,31.068933,1659.151123,-28.917574,24.973904,1581.766724,-104.948914,109.527863,1586.619019,-18.472034,19.202055,1430.475098,174.004181,-47.493641,1261.844482,228.89502,69.667488,1255.365601,226.75238,31.718985,1315.781982,-53.313381,-142.80838,1344.270508,185.662659,-116.896667,1431.596191,49.381557,-250.068756,1273.0354,-7.595669,-280.127197,1240.62854,-125.076767,-135.384842,1322.653442,-328.742676,-115.588661,1398.927856,-274.724487,-67.482208,1347.678711,-365.342102,151.807266,1331.47229,183.992676,150.628662,1420.340454,36.45232,246.559616,1258.680298,0.463333,223.651749,1132.217773,-89.859474,14.903031,999.580994,-134.620529,-30.046257,1073.992676,-100.386429,-38.103474,963.867188,-136.853333,-130.358414,1064.066284,-23.04237,-138.402496,1069.00061,173.451492,133.122726,1074.230347,190.521652,156.78511,1082.666748,-20.201706
5.242,32.051697,1661.341431,-27.451771,26.268497,1585.21106,-104.816574,110.434929,1588.509766,-17.725893,18.811716,1431.858765,172.103989,-48.662392,1263.753662,227.565399,68.899414,1256.904785,225.859756,31.825136,1315.951782,-54.604916,-143.432983,1346.098022,183.019699,-116.621056,1432.429932,46.065441,-248.797043,1272.14502,-10.139415,-277.843445,1239.026245,-127.673508,-129.980392,1311.551514,-332.954956,-108.057076,1389.042725,-281.095184,-61.512695,1333.030884,-370.04483,151.29718,1332.55481,183.177948,150.706177,1420.766968,35.361549,246.6716,1259.027588,0.202472,223.903305,1132.163818,-89.754219,14.575222,1000.180847,-134.132446,-30.262388,1075.18689,-100.064438,-38.430866,965.076599,-136.614182,-130.685562,1064.149292,-23.53628,-139.182938,1070.604248,172.878586,132.52182,1075.58374,190.536133,156.748215,1083.217529,-20.078363
5.25,33.159069,1663.371216,-25.968313,27.63903,1588.501099,-104.693832,111.226593,1590.292603,-16.937401,18.469496,1433.227661,170.132889,-49.582008,1265.538086,226.263992,67.866837,1258.30249,224.891968,32.016705,1315.956055,-55.91169,-144.169891,1347.940063,180.301254,-116.323776,1433.059692,42.853138,-247.320663,1271.105347,-12.840688,-275.375488,1236.846436,-130.213348,-124.576881,1299.871094,-336.682007,-100.081871,1377.910889,-286.389282,-55.331635,1317.766479,-374.003937,150.781708,1333.671143,182.42041,150.804321,1421.161011,34.322281,246.737122,1259.138916,0.094044,224.188614,1131.918335,-89.519371,14.283001,1000.743958,-133.678497,-30.332628,1075.987549,-99.935234,-38.915882,965.977661,-135.96489,-131.066986,1064.113281,-24.00474,-139.787567,1072.303345,172.356247,131.945831,1076.896851,190.553604,156.35437,1083.405151,-20.007818
5.258,34.14949,1665.244629,-24.579662,29.064016,1591.573242,-104.438606,112.115906,1591.904785,-16.183762,17.885559,1434.464844,168.382614,-50.73798,1267.297974,225.019775,66.840477,1259.521362,224.096664,32.176277,1315.67981,-57.122498,-144.942154,1349.678223,177.522598,-116.008003,1433.705933,39.304771,-246.392166,1268.824097,-17.810762,-273.125549,1234.764893,-132.91452,-118.991905,1287.813354,-339.905457,-91.282356,1365.75647,-291.301025,-49.047375,1301.792603,-376.98642,149.936523,1334.42041,181.859344,150.960144,1421.303101,33.183414,246.802383,1259.036133,0.151171,224.762833,1131.482788,-89.009651,14.064625,1001.189087,-133.077591,-30.72438,1075.872925,-100.018936,-39.148205,966.747559,-135.505295,-131.545395,1064.032227,-24.413694,-140.508041,1073.629761,172.049973,131.339523,1078.053833,190.536987,155.7155,1083.31897,-19.984726
5.267,35.116074,1666.813232,-23.019199,30.511099,1594.489502,-104.113533,112.990479,1593.347534,-15.465688,17.317518,1435.668945,166.48674,-51.892609,1268.858398,223.689514,65.840996,1260.789062,223.329361,32.337208,1315.31311,-58.330067,-145.691177,1351.172119,174.69101,-115.965416,1434.05835,35.764111,-245.550568,1273.147461,-20.099724,-270.77829,1232.474854,-135.505829,-113.390976,1275.449707,-342.50769,-82.754707,1353.218262,-295.604431,-42.920223,1285.526978,-379.373413,149.27179,1335.116577,181.177979,151.168808,1421.157837,32.107296,246.825699,1258.714966,0.343944,225.065369,1130.744995,-88.38063,13.913864,1001.507874,-132.684921,-30.135775,1077.386597,-98.664116,-39.418045,967.172424,-134.679047,-132.01825,1063.938354,-24.805618,-141.317566,1075.074829,171.647263,130.594254,1079.063477,190.520233,154.871384,1083.070068,-19.988676
5.275,36.219872,1668.400391,-21.613781,31.852127,1597.225464,-103.910957,113.833145,1594.609375,-14.537368,16.810163,1436.678101,164.654678,-53.099861,1270.419067,222.343536,64.571655,1261.857056,222.554031,32.564579,1314.665283,-59.450623,-146.550079,1352.641479,171.790756,-115.654396,1434.096191,32.272057,-244.641678,1272.408936,-23.119181,-268.367371,1229.789795,-137.932693,-107.625572,1262.47522,-344.472565,-74.359016,1340.243042,-299.231842,-36.65044,1268.711426,-380.819244,148.705811,1335.852173,180.621643,151.329941,1421.00769,31.092218,246.94368,1258.246826,0.743767,225.412994,1129.824951,-87.539162,13.844548,1001.520264,-132.2276,-29.871317,1077.896851,-98.511719,-39.615799,967.454102,-133.92627,-132.512405,1063.809692,-25.27239,-142.149017,1076.33606,171.380524,129.936249,1080.025879,190.487228,153.941742,1082.681885,-20.034128
5.283,37.068172,1669.84668,-20.313272,33.27821,1599.842529,-103.468895,114.681961,1595.860107,-13.803899,16.288887,1437.853394,162.918045,-54.49073,1271.85498,221.009964,63.471622,1262.95459,221.950836,32.74612,1314.090454,-60.604885,-147.441559,1353.872437,168.918671,-115.0504,1433.790405,28.473194,-243.532639,1271.439087,-26.03067,-266.188049,1227.309204,-140.617233,-101.701355,1248.992188,-345.795441,-65.940659,1326.648193,-302.162567,-30.268564,1251.354858,-381.31308,147.843872,1336.586182,180.094467,151.552216,1420.811279,30.23727,247.07576,1257.662842,1.210325,225.770538,1128.765869,-86.684158,13.848215,1001.314392,-131.744202,-29.61883,1078.091064,-98.314819,-39.601589,967.72699,-133.337524,-133.007401,1063.671387,-25.670713,-142.904022,1077.426392,171.197983,129.145035,1080.842041,190.413971,152.990829,1082.213379,-20.081442
5.292,38.138931,1670.971069,-18.736137,34.675663,1602.326782,-103.14048,115.38195,1596.82312,-12.905768,15.544398,1438.775757,161.101349,-55.732887,1273.286743,219.850784,62.215885,1263.943359,221.153,33.107491,1313.204468,-61.611588,-148.417053,1355.144897,166.162216,-114.801003,1433.548828,25.122822,-242.71344,1270.362793,-29.025129,-263.793091,1224.565186,-143.173553,-95.806534,1235.196411,-346.344452,-57.565273,1312.623291,-304.402496,-23.841898,1233.453979,-380.729034,146.931778,1337.127075,179.730942,151.852448,1420.529785,29.347061,247.249054,1257.038818,1.782851,225.995255,1127.63147,-85.589508,13.9783,1000.828003,-131.178513,-29.32266,1078.101685,-98.326836,-39.666279,967.500793,-132.346222,-133.474655,1063.536133,-25.979383,-143.749847,1078.807495,170.938934,128.389847,1081.515625,190.352402,152.066727,1081.710693,-20.147682
5.3,39.330265,1672.137695,-17.405182,36.089127,1604.622681,-102.59034,116.228897,1597.648804,-11.837094,14.84243,1439.680786,159.540863,-57.277309,1274.545776,218.621384,60.915096,1264.838379,220.611511,33.495033,1312.319214,-62.495796,-149.413681,1356.121338,163.369888,-114.619141,1433.244385,21.746403,-241.845947,1269.048462,-31.975504,-261.452454,1221.715332,-145.722794,-89.867203,1220.948486,-346.253479,-49.121143,1297.977783,-305.790924,-17.560787,1215.142578,-379.164642,146.147903,1337.597778,179.338898,152.155716,1420.121704,28.452129,247.37085,1256.109619,2.662328,226.581467,1126.432861,-84.259171,14.164763,1000.036499,-130.008209,-29.003305,1077.953735,-98.405434,-39.660149,966.863281,-130.593231,-133.970383,1063.456299,-26.249733,-144.614594,1079.885132,170.770416,127.550278,1082.191406,190.285553,151.152176,1081.270752,-20.26795
5.308,40.152306,1673.012695,-15.835568,37.434372,1606.776733,-102.080986,117.008591,1598.465088,-10.853017,14.138661,1440.546875,157.787933,-58.470318,1275.687866,217.437759,59.436508,1265.606567,220.060577,33.89962,1311.378906,-63.390537,-150.324005,1356.870728,159.767487,-114.544815,1432.824219,18.367241,-240.880905,1267.704224,-35.028564,-259.127625,1218.764526,-148.250946,-83.897331,1206.287598,-345.352295,-40.692238,1282.754639,-306.457611,-11.393278,1196.470337,-376.722992,145.197189,1337.95105,179.0177,152.58667,1419.602539,27.600113,247.515335,1255.105713,3.700557,227.046097,1125.014404,-82.792274,14.45,999.228516,-128.937515,-28.759121,1077.617798,-98.526077,-39.120899,966.547729,-130.573807,-134.860992,1063.758179,-26.612528,-145.374329,1080.772461,170.514862,126.818817,1082.712891,190.277176,150.276352,1080.871216,-20.396065
5.317,40.983376,1674.026978,-14.364242,38.801441,1608.79541,-101.479126,117.616516,1599.09021,-9.909833,13.259096,1441.157959,156.107758,-60.099838,1276.79895,216.147583,58.16618,1266.428101,219.356567,34.448769,1310.352173,-64.212959,-151.380981,1357.531738,157.065567,-114.356354,1432.232178,15.164958,-239.833389,1266.178467,-38.021439,-256.623962,1215.717529,-150.644135,-78.062798,1191.392822,-343.745789,-32.444668,1267.109253,-306.128876,-5.796896,1177.889893,-373.439758,144.062607,1338.315674,178.66507,152.865417,1419.115112,26.929558,247.678391,1254.215454,4.706742,227.490387,1123.662964,-81.143333,14.837423,998.282104,-127.941475,-28.469355,1077.003906,-98.453171,-38.796093,965.515991,-129.463699,-135.322372,1063.494141,-27.094948,-146.215027,1081.653198,170.407745,126.109123,1083.157837,190.206253,149.411392,1080.544922,-20.514658
5.325,41.848793,1674.638916,-12.868608,40.009975,1610.688354,-100.871811,118.229485,1599.634888,-8.922104,12.474819,1441.737915,154.569672,-61.403877,1277.737793,215.022919,56.814423,1267.179565,218.851715,34.939465,1309.511597,-65.07357,-152.418411,1358.160034,154.344101,-114.229546,1431.578125,11.994781,-238.662643,1264.630615,-41.026981,-254.043167,1212.80835,-153.259033,-72.417908,1176.177979,-341.276947,-24.129038,1250.750244,-304.723419,0.235207,1158.207642,-368.699005,143.15419,1338.640381,178.438126,153.175873,1418.634399,26.272587,247.820969,1253.203125,5.915222,227.85759,1122.181396,-79.449753,15.389492,996.847534,-126.194489,-28.587875,1076.305908,-98.615677,-38.232475,964.520996,-128.229187,-135.544128,1062.71521,-27.539103,-146.806702,1082.400635,170.186829,125.364677,1083.561646,190.150452,148.574982,1080.283447,-20.710238
5.333,42.561573,1675.37207,-11.656608,41.300442,1612.480347,-100.23027,118.825607,1600.05896,-7.907043,11.578818,1442.314209,153.086517,-62.987,1278.574707,213.742889,55.337032,1267.779785,218.347427,35.486244,1308.515625,-65.873711,-153.483353,1358.668091,151.581024,-114.087975,1430.888672,9.074938,-237.673126,1263.103271,-44.049015,-251.446274,1209.819214,-155.793106,-66.421043,1160.479248,-338.167603,-16.072546,1234.032471,-302.516083,5.479011,1138.546997,-363.169769,142.156158,1338.960327,178.28215,153.353119,1418.015015,25.742748,247.875076,1252.210815,7.086971,228.30542,1120.805908,-77.666145,15.867589,995.664185,-124.759056,-30.929258,1075.165161,-99.942642,-37.661953,963.1203,-126.760971,-136.456268,1063.438599,-27.395275,-147.586914,1083.044189,169.798859,124.598457,1083.781494,190.154327,147.781799,1080.071289,-20.889982
5.342,43.311058,1675.845703,-10.20512,42.441463,1613.976318,-99.616669,119.550446,1600.34668,-6.970297,10.666427,1442.831665,151.548462,-64.356712,1279.296021,212.645493,54.024776,1268.267578,217.831787,36.038391,1307.703857,-66.703491,-154.594849,1359.019897,148.957535,-113.871544,1430.134521,6.153388,-236.540894,1261.4552,-46.837124,-248.773254,1207.000366,-158.121506,-61.526924,1145.000977,-333.86142,-8.496964,1217.17395,-299.536865,10.299766,1118.817505,-356.481049,140.975006,1339.322876,178.256805,153.521301,1417.524658,25.246244,247.921616,1251.36853,8.128984,228.720642,1119.40332,-75.784721,16.597607,994.022705,-122.866089,-29.074373,1074.114502,-98.115578,-36.921082,961.936157,-125.56514,-137.066299,1063.46521,-27.592424,-148.245361,1083.532227,169.471313,123.841278,1083.962402,190.189255,146.993195,1079.969727,-20.997828
5.35,43.946625,1676.240845,-9.015069,43.529442,1615.328613,-98.947777,120.04937,1600.500977,-6.042991,9.815762,1443.148315,150.1409,-65.82254,1280.170044,212.109802,52.627666,1268.744385,217.345627,36.628857,1306.901733,-67.477837,-155.699585,1359.269165,146.511581,-113.593582,1429.323364,3.466119,-235.30304,1259.810059,-49.714233,-246.45491,1203.616455,-161.809814,-56.586269,1129.254639,-329.040833,-1.154106,1200.181274,-295.731476,14.39512,1099.050659,-348.515533,139.964325,1339.485107,177.936737,153.665497,1417.041748,24.841915,247.985611,1250.485474,9.37648,229.174667,1118.100098,-73.694298,17.371986,992.179993,-121.506119,-29.817089,1072.6521,-97.989944,-36.215725,960.250122,-124.029099,-137.690964,1063.434937,-27.888397,-148.873779,1083.872437,169.172089,123.105255,1084.024902,190.195206,146.229889,1079.936035,-21.197456
5.358,44.81802,1676.43811,-7.741817,44.611111,1616.486816,-98.378914,120.486115,1600.499268,-5.214738,8.673767,1443.355347,148.785461,-67.110069,1280.815186,211.433548,51.227467,1269.169067,216.991104,37.129158,1306.096924,-68.28376,-156.812973,1359.532715,144.181076,-112.85006,1428.081909,0.885404,-233.907242,1258.240479,-52.535225,-242.90477,1200.796387,-163.459549,-51.96104,1113.771118,-323.306519,5.729711,1183.359863,-291.20166,17.850183,1079.473999,-339.526276,138.883179,1339.713745,178.006805,153.724701,1416.508911,24.646078,247.958435,1249.702515,10.754429,229.512039,1116.854492,-71.713432,18.43619,990.854797,-119.044189,-32.414108,1070.847778,-99.155678,-35.580742,958.948181,-123.374687,-138.039093,1063.050537,-27.989878,-149.436295,1084.060303,168.871216,122.402939,1083.995117,190.184509,145.561508,1079.826416,-21.375425
5.367,45.401073,1676.474121,-6.637671,45.58136,1617.480469,-97.763245,120.916061,1600.406006,-4.589229,7.632635,1443.637939,147.90741,-68.480064,1281.163574,210.170944,49.847889,1269.53479,216.646698,37.688602,1305.331055,-68.976486,-157.942856,1359.706055,141.815491,-112.251045,1427.113892,-1.661987,-232.587112,1256.710571,-55.216671,-239.640228,1197.57019,-165.314804,-47.910671,1098.77124,-317.181274,12.08206,1166.91333,-285.93689,20.295494,1060.768799,-329.921082,137.629257,1339.856689,177.969345,153.743057,1415.969482,24.405415,247.992126,1249.136963,11.970756,229.976257,1115.690552,-69.556442,19.13895,989.461548,-119.002373,-30.884117,1070.256226,-97.149612,-34.813679,957.42218,-122.606094,-138.814835,1062.345825,-28.531586,-150.005692,1084.187622,168.529297,121.663399,1083.8396,190.2043,144.942947,1079.682495,-21.561628
5.375,45.912777,1676.42749,-5.795641,46.541767,1618.268188,-97.359787,121.27552,1600.171509,-3.880499,6.724474,1443.70813,146.824738,-70.061958,1281.502441,209.00705,48.512493,1269.733765,216.252441,38.199699,1304.61792,-69.626373,-159.092545,1359.937012,139.32338,-111.460594,1426.124512,-4.014963,-231.107208,1254.995605,-57.742081,-236.255707,1194.041504,-166.769562,-44.127689,1084.470337,-310.762268,17.905523,1151.027222,-279.83252,22.374954,1042.657959,-319.714539,136.552048,1339.971436,178.034195,153.773346,1415.431519,24.30706,248.163284,1248.553345,13.300056,230.413147,1114.578735,-67.492325,19.935801,988.320557,-119.005905,-27.049164,1071.994385,-103.213692,-34.113789,956.28418,-121.789696,-139.354996,1062.652344,-28.68058,-150.706207,1084.161133,168.013275,120.829399,1083.603149,190.204056,144.294159,1079.578857,-21.838346
5.383,46.436092,1676.27832,-4.761292,47.392815,1618.787354,-96.902832,121.774406,1599.797363,-3.159528,5.587392,1443.634277,145.660309,-71.332977,1281.773926,207.95311,47.023251,1269.861572,216.055283,38.697083,1303.763428,-70.259888,-160.23909,1360.025269,136.970306,-110.490692,1424.991211,-6.525476,-229.855255,1253.349976,-59.965221,-232.784271,1190.098633,-167.825119,-40.619545,1070.741455,-304.104797,23.505297,1135.630737,-272.737122,23.515133,1026.011353,-309.35733,135.470093,1340.010254,178.252701,153.802643,1414.925903,24.351521,248.235382,1247.824219,14.883264,230.8582,1113.391846,-65.345863,20.76609,984.997009,-114.176697,-24.167385,1072.391479,-107.835068,-34.263824,957.490173,-128.540161,-139.969101,1062.445312,-29.010523,-151.288773,1083.98291,167.555496,120.080505,1083.283203,190.234558,143.702911,1079.370361,-22.059763
5.392,46.901783,1675.817871,-3.681363,48.175949,1619.156616,-96.478851,122.120201,1599.368774,-2.618825,4.642514,1443.537842,144.644318,-72.913994,1281.954956,206.948196,45.625149,1269.928467,215.777145,39.145233,1302.910522,-70.733925,-161.275574,1360.023438,134.689301,-109.341492,1423.662476,-8.778588,-228.884674,1251.69165,-61.855659,-229.258759,1185.727783,-168.488647,-37.553158,1057.902222,-297.303009,28.139904,1121.009033,-265.05896,24.18384,1010.708557,-298.647766,134.198349,1339.950073,178.44075,153.951126,1414.274048,24.597942,248.45874,1247.234619,16.365999,231.277283,1112.404297,-63.418819,19.113939,983.909912,-112.079422,-22.181093,1072.60791,-111.192192,-32.295547,953.679504,-121.279022,-140.542755,1062.098877,-29.502291,-151.777176,1083.758911,167.197235,119.38385,1082.868774,190.242386,143.207108,1078.962891,-22.182798
5.4,47.289291,1675.15918,-3.062369,48.914146,1619.251953,-96.209312,122.36116,1598.721802,-2.135926,3.673969,1443.378052,143.554489,-74.327553,1282.110962,205.96286,44.165066,1269.864502,215.58551,39.605656,1302.100342,-71.163155,-162.299774,1360.12439,132.285538,-108.139259,1422.255127,-11.242167,-226.907425,1249.664185,-64.404892,-226.000992,1181.360474,-168.424286,-34.601337,1045.661865,-290.272003,32.10836,1106.957642,-256.977722,24.752419,996.173096,-288.217224,133.100357,1339.80957,178.832169,153.967392,1413.602661,24.905811,248.700333,1246.636719,17.727654,231.84642,1111.325562,-61.208752,18.516447,981.233154,-110.600014,-25.967386,1068.214478,-105.438942,-31.314798,952.441284,-120.717758,-141.104324,1061.704956,-29.975311,-152.299561,1083.444092,166.74086,118.648262,1082.201782,190.339767,142.762955,1078.437744,-22.161411
5.408,47.555843,1674.711792,-2.746615,49.52142,1619.113525,-96.04509,122.59668,1598.045166,-1.765669,2.633328,1443.150269,142.435165,-75.746567,1282.289307,205.069427,42.698719,1269.799194,215.574326,40.097233,1301.119141,-71.510345,-163.186508,1360.080688,129.986893,-106.991676,1420.713501,-13.533981,-225.481964,1247.473633,-66.094536,-222.712234,1176.400269,-168.015778,-31.955801,1033.914307,-282.980164,35.601604,1093.665405,-248.320496,25.166748,982.725037,-277.514435,131.978012,1339.59436,179.232101,154.106369,1412.852295,25.310341,248.900879,1245.924805,19.426069,232.433716,1110.327515,-59.278084,17.065113,979.705933,-109.28447,-26.038021,1067.66748,-105.660072,-30.477695,951.143494,-120.424843,-141.331009,1061.216064,-30.501146,-152.942215,1083.131348,166.300415,117.933937,1081.531372,190.395767,142.306519,1077.876587,-22.050627
5.417,47.959827,1673.871948,-2.406164,50.161041,1618.76416,-96.04451,122.851166,1597.253906,-1.683495,1.818375,1442.815796,141.42485,-77.215721,1282.409058,204.236969,41.304394,1269.672363,215.392838,40.462688,1300.139893,-71.940582,-164.031799,1359.927734,127.674072,-106.072838,1418.99231,-15.810613,-224.487869,1244.914307,-67.591278,-219.68338,1171.10083,-167.075348,-29.549425,1022.555969,-275.154633,38.437469,1081.141113,-239.484573,25.349876,970.229858,-266.759064,130.569931,1339.3479,179.854309,154.294708,1412.148682,25.779095,249.14064,1245.036011,21.311954,233.027023,1109.287354,-57.420696,15.348244,979.355469,-108.361214,-25.542406,1066.922485,-106.115349,-29.690884,950.705139,-121.076202,-141.643387,1060.744141,-30.982418,-153.641342,1082.601318,165.826553,116.988312,1080.612305,190.517242,141.872498,1077.268921,-21.839523
5.425,48.219746,1672.985229,-2.293578,50.652748,1618.305054,-96.187592,123.079773,1596.402466,-1.662913,0.908654,1442.42749,140.327698,-78.53598,1282.48584,203.494644,39.826324,1269.537354,215.556671,40.758301,1299.163696,-72.403603,-164.925812,1359.700073,125.390274,-105.411514,1417.278931,-18.202301,-223.00943,1242.02124,-68.575226,-216.892166,1165.905762,-165.810059,-27.701002,1011.804321,-267.106445,40.782982,1069.55481,-230.749603,25.611208,958.347046,-255.660736,129.447266,1339.005127,180.43071,154.540039,1411.452271,26.417294,249.369873,1244.27417,22.939121,233.668762,1108.349609,-55.580616,,,,-24.631903,1066.241089,-107.219879,-28.52289,949.505432,-120.589607,-141.844421,1060.363281,-31.406548,-154.252029,1082.102051,165.299652,116.217773,1079.643066,190.689896,141.543427,1076.468018,-21.457951
5.433,48.347034,1671.993042,-2.340868,51.114449,1617.588013,-96.374306,123.217155,1595.250977,-1.70536,-0.19816,1441.994751,139.269943,-80.032494,1282.437744,202.750748,38.442493,1269.264038,215.5242,40.96888,1297.895996,-72.9944,-165.703613,1359.300537,123.27462,-104.515984,1414.851196,-20.031092,-221.616989,1238.572632,-68.970551,-214.469452,1160.681274,-164.287521,-26.22394,1001.663208,-258.63385,42.517731,1058.807495,-222.175278,25.527649,947.573303,-244.883026,128.286407,1338.500366,181.129044,154.604797,1410.432373,27.219797,249.482285,1243.330078,24.806459,234.366623,1107.335815,-53.943249,,,,-22.232141,1066.838989,-110.906822,-27.795578,948.348816,-120.167099,-141.920486,1059.922241,-31.9181,-154.782623,1081.496582,164.913651,115.388008,1078.510254,190.962708,141.425781,1075.448608,-20.680826
5.442,48.552853,1670.779663,-2.617501,51.54594,1616.559204,-96.734138,123.429634,1594.099731,-1.933971,-1.132545,1441.408569,138.362854,-81.264168,1282.27063,202.164658,37.026936,1268.848755,215.770752,41.092667,1296.627686,-73.660454,-166.44278,1358.70105,121.341858,-104.261353,1412.947754,-22.214003,-220.117737,1234.96167,-68.968704,-212.463058,1155.369873,-162.334763,-25.104618,992.001648,-249.959824,43.941299,1048.867798,-213.709732,25.589199,937.286194,-233.151993,126.960602,1338.013794,181.830399,154.638733,1409.498413,27.813999,249.437668,1242.314087,26.667727,235.085114,1106.369263,-52.051052,24.332609,979.750061,-106.810661,-22.080128,1065.319702,-110.352257,-26.873362,947.801025,-120.776184,-141.915649,1059.430176,-32.288357,-155.335785,1080.764404,164.453918,114.647987,1077.219238,191.242401,141.415543,1074.326782,-19.939791
5.45,48.734669,1669.326782,-2.976534,51.940598,1615.319824,-97.243446,123.657799,1592.782837,-2.30746,-2.061684,1440.722046,137.422867,-82.500008,1281.886475,201.692139,35.654613,1268.32959,215.945251,41.256824,1295.11438,-74.299026,-167.155945,1357.898926,119.590378,-104.139214,1410.94458,-24.120743,-219.234451,1231.235718,-68.687218,-210.856812,1150.184082,-160.277298,-24.300388,983.257996,-241.33136,44.840286,1039.925659,-205.537918,25.301971,928.183411,-221.882019,125.839531,1337.486694,182.695648,154.644653,1408.549194,28.462427,249.467102,1241.437012,28.423731,235.734695,1105.375854,-50.420116,25.115742,977.441711,-107.447952,-21.029346,1064.475708,-111.101143,-25.732353,946.673828,-120.681007,-141.642014,1058.973022,-32.761391,-155.781631,1080.08667,164.038895,113.766068,1075.749512,191.530533,141.462799,1073.061768,-19.159716
5.458,48.804958,1667.947144,-3.858273,52.337322,1613.91748,-97.891693,123.831932,1591.276489,-2.740338,-3.009843,1439.932739,136.564819,-83.622665,1281.331787,201.268204,34.57093,1267.723877,216.214371,41.340759,1293.604248,-74.815178,-167.71669,1356.935303,117.959328,-104.23098,1408.885376,-25.900654,-218.55188,1227.32605,-67.731483,-209.631363,1145.071899,-157.827255,-23.679522,975.215332,-232.933289,45.517487,1031.885132,-197.572876,24.806303,919.963135,-211.201035,124.827919,1336.896362,183.402512,154.582245,1407.366943,29.361729,249.288712,1240.313354,30.483513,236.599533,1104.358154,-48.731407,25.928326,976.081726,-107.346016,-19.92288,1063.732056,-111.885551,-24.864487,945.719543,-120.866302,-141.336014,1058.515259,-33.322964,-156.3078,1079.240967,163.580704,112.895889,1074.148438,191.972992,141.530869,1071.67334,-18.228554
5.467,49.084873,1666.315918,-4.640022,52.703064,1612.26355,-98.587769,124.127472,1589.728149,-3.40444,-3.7913,1439.059448,135.863159,-84.639351,1280.544067,200.987503,33.439285,1267.090576,216.63652,41.561295,1291.806274,-74.985054,-168.065842,1355.652588,116.856918,-104.582253,1406.827393,-27.557961,-218.336914,1223.225464,-66.346138,-208.898148,1139.861572,-155.351181,-23.269457,967.817993,-224.840942,45.889359,1024.754761,-189.807892,24.222372,912.888489,-200.930939,123.771248,1336.130615,184.347855,154.513077,1406.272339,30.050554,249.207733,1239.411865,32.193913,237.346329,1103.24585,-47.113262,33.575764,980.342102,-116.5457,-18.432463,1063.044189,-113.328438,-24.1807,944.30304,-121.419701,-141.090378,1058.174072,-33.713406,-156.853256,1078.171143,163.248978,112.203781,1072.414307,192.449203,141.622055,1070.243042,-17.357777
5.475,49.207527,1664.512207,-5.386058,53.018101,1610.329834,-99.517113,124.31073,1587.909912,-4.150369,-4.525257,1437.945679,135.28688,-85.534401,1279.575806,200.766251,32.431633,1266.167847,216.914658,41.859913,1289.925903,-74.757622,-168.551575,1354.323853,115.811928,-105.006958,1404.735107,-28.904524,-218.486511,1219.307861,-64.717636,-208.617203,1134.899536,-152.607269,-22.993319,961.180176,-217.181656,45.941494,1018.435486,-182.40596,23.39819,906.614075,-191.123642,122.794083,1335.255249,185.015228,154.420441,1405.017212,30.897211,249.166946,1238.182983,33.935009,238.147781,1102.081177,-45.427818,33.769085,978.59967,-115.458961,-17.127806,1062.165405,-114.318748,-23.337078,944.395813,-122.081169,-140.858002,1057.807617,-34.137718,-157.36554,1076.975952,162.766678,111.429497,1070.548096,192.994904,143.157013,1066.90918,-16.863182
5.483,49.299183,1662.435059,-6.552471,53.313114,1608.194214,-100.648521,124.495789,1586.126831,-5.133644,-5.187808,1436.758545,134.852951,-86.33654,1278.422485,200.578552,31.582211,1265.130737,217.333481,42.226707,1287.874878,-74.317711,-168.824341,1352.733643,115.129463,-105.62735,1402.670288,-30.109924,-218.649857,1215.548462,-62.891907,-208.761093,1130.012573,-149.758698,-23.085428,955.090149,-209.800949,45.729782,1012.947571,-175.450577,22.423782,901.253296,-181.864273,122.032326,1334.363159,185.791336,154.194885,1403.602539,31.617723,249.261185,1237.001343,35.59763,239.05394,1100.87915,-43.699539,33.565773,976.772461,-113.49144,-15.416831,1061.235229,-115.699066,-23.392605,943.080261,-124.249535,-140.555389,1057.213257,-34.769848,-157.843842,1075.650879,162.468155,110.664665,1068.474609,193.565186,145.502808,1062.40332,-16.560062
5.492,49.501728,1660.46167,-8.081688,53.648689,1605.88623,-101.901848,124.694176,1584.043945,-6.17182,-6.000089,1435.529175,134.440887,-86.870773,1277.046143,200.604614,30.78792,1264.073608,217.84024,42.592144,1285.778564,-73.777954,-169.147598,1350.997192,114.581543,-106.339584,1400.592407,-31.123711,-218.93898,1211.903198,-60.907433,-209.190353,1125.611328,-146.746048,-23.399206,949.956421,-203.111969,45.443226,1008.222473,-168.947723,21.277971,896.483826,-172.903473,121.333237,1333.228394,186.522217,154.118256,1402.207275,32.23843,249.263901,1235.792236,37.181694,239.865967,1099.550415,-42.178722,33.621353,973.724731,-111.422829,-13.545971,1060.707031,-117.966072,-24.051529,940.746094,-127.224594,-140.2276,1056.648315,-35.318378,-158.290115,1073.987549,162.168457,110.03138,1066.357544,194.097244,,,
5.5,49.774014,1658.150146,-9.629038,54.027515,1603.259521,-103.353218,124.865387,1581.801147,-7.306489,-6.580183,1434.161377,134.230042,-87.486443,1275.618774,200.640518,30.116121,1262.722412,218.385483,42.948605,1283.721924,-73.154114,-169.361862,1349.241211,114.341995,-107.051537,1398.516357,-31.753098,-219.175812,1208.394287,-58.727501,-209.807053,1121.321411,-143.612518,-23.880011,945.39624,-196.670151,44.804993,1004.031433,-163.046326,19.881882,892.498108,-164.613678,120.674759,1332.2771,187.290802,153.956924,1400.616943,32.913345,249.2883,1234.484497,38.681618,240.831482,1098.077637,-40.605686,33.379711,971.550415,-109.442184,-11.22691,1059.560303,-117.740707,,,,-139.893753,1056.071411,-36.012806,-158.744064,1072.361328,161.801895,109.404274,1064.279419,194.678802,,,
5.508,49.930336,1656.033813,-11.71273,54.391239,1600.433228,-104.953987,125.046196,1579.527954,-8.64726,-7.133451,1432.792725,134.095535,-87.94767,1273.955811,200.75119,29.573078,1261.501099,218.826828,43.480114,1281.607666,-72.530556,-169.541931,1347.346069,114.24678,-107.904457,1396.538452,-32.208939,-219.581375,1205.208252,-56.565277,-210.581467,1117.505859,-140.476196,-24.692253,940.877563,-190.184296,44.737598,1000.453003,-158.899612,18.19175,889.047791,-156.649597,120.07209,1330.97583,188.069977,153.851318,1399.072998,33.368088,249.536148,1233.160034,40.029266,241.952744,1096.592285,-39.044067,34.153168,969.285706,-107.639015,-10.277295,1058.333374,-117.944504,,,,-139.701111,1055.465332,-36.459675,-159.105255,1070.392334,161.446884,108.804153,1062.275269,195.278214,,,
5.517,50.14603,1653.679199,-13.679924,54.784115,1597.353638,-106.741386,125.250832,1577.030518,-9.986004,-7.529493,1431.346802,134.174973,-88.380424,1272.270752,200.877197,29.0513,1260.06543,219.390244,44.006969,1279.427002,-71.910698,-169.722717,1345.463989,114.424698,-108.711143,1394.623657,-32.394432,-220.061111,1202.321655,-54.267799,-211.39682,1114.056885,-137.290115,-25.440811,936.60437,-184.030563,45.869827,996.84375,-156.372925,16.18368,886.071411,-149.318192,119.668411,1329.827637,188.730682,153.68251,1397.338623,33.942993,249.715561,1231.721191,41.345078,243.161255,1095.10498,-37.731106,34.742771,967.51123,-106.256088,-9.366135,1057.717651,-118.19635,,,,-139.394531,1054.57312,-37.031704,-159.585846,1068.616943,161.087631,108.274963,1060.207275,195.834366,,,
5.525,50.525986,1651.010254,-16.108677,55.179138,1593.878296,-108.410194,125.379936,1574.45105,-11.455914,-7.8583,1429.945801,134.330429,-88.597687,1270.352051,201.168594,28.634844,1258.609009,220.022675,44.564808,1277.380859,-71.241432,-169.846954,1343.603516,114.754135,-109.508354,1392.853271,-32.399567,-220.650665,1199.789551,-51.998707,-212.236816,1110.890137,-134.216751,-26.601542,932.505676,-179.285812,45.429935,993.535278,-155.36377,13.68559,883.77063,-142.716614,119.216965,1328.586304,189.533279,153.534973,1395.689819,34.301922,250.094025,1230.245239,42.495941,244.623901,1093.481567,-36.554615,35.947178,966.58606,-104.578018,-8.897049,1056.634644,-117.639008,,,,-139.192993,1053.768677,-37.550556,-159.892105,1066.452881,160.650162,107.698387,1058.148682,196.457901,,,
5.533,50.809502,1648.782471,-18.893938,55.485764,1590.296265,-110.304352,125.483109,1571.896606,-13.071639,-8.222257,1428.399536,134.632553,-88.918823,1268.546753,201.402451,28.254644,1257.006104,220.574341,45.10075,1275.265991,-70.506439,-169.922684,1341.618286,115.259216,-110.376305,1391.249268,-32.091106,-221.399765,1197.445435,-49.836422,-213.172089,1108.064697,-131.304474,-28.408619,928.365051,-175.777313,44.171871,990.342163,-155.885712,10.488748,882.111511,-137.323059,118.979637,1327.154419,190.117126,153.44548,1393.905396,34.743885,250.331497,1228.686646,43.671448,246.123871,1091.9198,-35.531063,36.921577,965.915588,-103.223335,-8.421741,1055.858032,-116.974991,,,,-139.027878,1052.752197,-38.158356,-160.303238,1064.549805,160.124054,107.091751,1056.123657,197.061707,,,
5.542,51.083847,1646.128906,-21.532761,55.745937,1586.502563,-112.234276,125.557899,1569.242554,-14.701911,-8.38096,1426.91272,135.054077,-88.989525,1266.594849,201.724258,28.022964,1255.369263,221.090576,45.686863,1273.153809,-69.666664,-169.98468,1339.744263,115.935005,-111.198242,1389.815552,-31.54615,-222.130936,1195.402344,-47.625366,-214.206726,1105.599365,-128.387741,-31.234724,925.67572,-173.39003,42.966331,986.75354,-156.837036,6.979965,880.881897,-133.12265,118.768745,1325.850952,190.705963,153.226868,1392.151611,35.30365,250.587784,1227.278564,44.614674,247.567978,1090.277222,-34.480324,37.623714,965.428162,-102.199173,-7.801624,1055.358643,-116.064415,,,,-138.87326,1051.637085,-38.678905,-160.559875,1062.325317,159.575867,106.545891,1054.010986,197.618011,,,
5.55,51.440506,1643.813477,-24.776165,55.96188,1582.518433,-114.222191,125.570503,1566.563477,-16.342325,-8.56253,1425.386597,135.503098,-89.124016,1264.579468,202.101303,27.832933,1253.588989,221.666,46.184483,1271.252808,-68.668915,-170.029449,1337.876221,116.785591,-112.090279,1388.650024,-30.860291,-222.871689,1193.560791,-45.531422,-215.249466,1103.498047,-125.551613,-34.367451,923.205322,-171.163666,41.111324,983.85321,-159.021744,4.690089,879.416138,-131.109802,118.543571,1324.325684,191.508636,153.149643,1390.44873,35.69453,250.784729,1225.717407,45.595169,248.949661,1088.589111,-33.22514,38.149345,964.352661,-101.769791,-7.018281,1054.985352,-115.105957,,,,-138.774963,1050.516479,-39.207932,-160.857788,1060.294312,158.928925,105.937737,1051.942627,198.068817,,,
5.558,51.641216,1641.262085,-27.745243,56.078655,1578.519897,-116.428101,125.622284,1564.115845,-18.106001,-8.701243,1423.903442,135.966553,-89.11512,1262.614624,202.515182,27.752398,1251.951904,222.13501,46.681587,1269.403931,-67.586945,-169.963486,1335.958008,117.909569,-112.972755,1387.566284,-29.942951,-223.68866,1192.132202,-43.679508,-216.310699,1101.768677,-122.708054,-37.180332,921.375183,-169.822617,38.364788,981.387939,-161.655914,3.5804,877.16394,-131.28392,118.414299,1322.88855,192.007492,153.0327,1388.660522,36.243053,251.142563,1224.461548,46.561089,250.214691,1086.799194,-31.751043,40.646103,965.232544,-104.42746,-5.99848,1054.6698,-114.234222,,,,-138.537704,1049.383789,-39.81675,-160.863571,1058.104492,158.205002,105.362953,1049.848511,198.491577,,,
5.567,51.868874,1639.022583,-31.088652,56.193794,1574.523438,-118.452438,125.56559,1561.744873,-19.830017,-8.722455,1422.395874,136.56517,-89.010246,1260.581421,202.929382,27.618761,1250.104736,222.731354,47.237419,1267.693726,-66.265938,-169.906555,1334.175659,118.982338,-113.900902,1386.574707,-28.84535,-224.821365,1191.484863,-41.580372,-217.290115,1100.465942,-120.233917,-39.730927,919.648438,-169.345932,35.805981,979.377441,-163.808502,3.076524,874.503967,-133.145004,118.26384,1321.23291,192.65094,152.999893,1387.115845,36.648369,251.485382,1222.922119,47.65683,251.206757,1085.027344,-30.219229,41.36174,964.660828,-104.61454,-4.988811,1054.567383,-113.854164,,,,-138.508987,1048.686523,-40.185181,-161.095993,1056.059326,157.426239,104.82515,1047.882324,198.786407,,,
5.575,52.020615,1636.581177,-34.182472,56.06419,1570.585938,-120.380043,125.404549,1559.401489,-21.57814,-8.7705,1421.007812,137.461472,-88.977074,1258.61145,203.372513,27.536608,1248.45874,223.217316,47.688679,1266.109863,-64.962524,-169.867035,1332.361572,120.080139,-114.821838,1385.675049,-27.715052,-225.052872,1189.850098,-39.421467,-218.15625,1099.244019,-117.937698,-42.028236,918.259766,-171.452805,33.360558,977.888855,-165.265839,2.29262,871.426208,-135.820694,118.093964,1319.750244,193.266769,152.87886,1385.336426,37.206326,252.083954,1221.663818,48.678711,252.178757,1083.241455,-28.657696,42.347191,964.470459,-105.749191,-3.65429,1054.577271,-113.743149,,,,-138.196304,1047.81897,-40.757099,-161.171722,1054.07019,156.665451,104.323929,1045.925903,199.059875,,,
5.583,51.926571,1634.316528,-37.247776,55.877144,1566.716309,-122.290688,125.223381,1557.269165,-23.370474,-8.798244,1419.715942,138.380295,-88.949707,1256.701904,203.770493,27.460775,1246.6521,223.790771,48.245697,1264.687744,-63.592411,-169.706955,1330.68042,121.37542,-116.418381,1385.754028,-26.988358,-225.699982,1188.536987,-37.399132,-219.072571,1098.343384,-115.988831,-44.083324,917.06134,-172.608368,31.07543,976.481812,-166.551849,0.961663,869.47168,-137.497284,117.948631,1318.138794,193.919632,152.93866,1383.88208,37.766285,252.538376,1220.105469,49.967815,253.231552,1081.605103,-27.203382,43.52013,964.328918,-107.443039,-2.300988,1054.488159,-114.140083,,,,-137.716736,1046.681763,-41.239521,-161.369003,1052.205933,156.029236,103.839294,1044.050903,199.210129,,,
5.592,51.831779,1632.211548,-40.203217,55.56691,1562.986816,-124.014084,124.964966,1555.087524,-24.988642,-8.895022,1418.331787,139.137146,-88.846733,1254.87561,204.207794,27.438314,1244.92334,224.378494,48.628899,1263.361816,-62.343391,-169.677765,1328.991699,122.58519,-117.217354,1384.693237,-25.679699,-226.101852,1187.256836,-35.695744,-220.103149,1097.466187,-114.337349,-46.113895,915.866699,-173.269623,29.127132,975.316467,-167.93042,-0.506081,868.152954,-139.465683,117.844444,1316.642578,194.534317,153.019135,1382.247925,38.311394,252.910919,1218.709839,50.907055,254.122849,1080.063477,-25.92577,44.486126,963.796143,-108.348167,-0.954123,1054.295776,-114.927155,,,,-137.363754,1045.307373,-41.638794,-161.483444,1050.47583,155.338348,103.406769,1042.201782,199.279495,,,
5.6,51.840527,1630.059814,-43.274368,55.169315,1559.342529,-125.689461,124.759552,1553.198242,-26.702066,-9.008867,1417.184204,139.985825,-88.795578,1253.161133,204.566345,27.376696,1243.280518,224.839996,48.858215,1262.261353,-61.255791,-169.690475,1327.384644,123.657722,-118.307808,1384.172119,-24.639069,-226.552521,1186.1698,-34.299454,-221.007874,1096.789551,-113.084061,-48.013638,915.183289,-174.118271,27.746918,974.576172,-169.374451,-2.338859,866.976196,-140.586685,117.608398,1315.131104,195.073898,153.125259,1381.006714,38.891781,253.064804,1217.207764,52.260815,255.243866,1078.715576,-24.779802,45.938663,963.633972,-110.64341,0.633983,1054.360474,-116.076027,,,,-137.19339,1043.800293,-41.702438,-161.656677,1049.011963,154.719772,103.032684,1040.574829,199.242737,,,
5.608,51.592876,1628.036377,-46.064377,54.636028,1555.815918,-127.266617,124.500557,1551.309326,-28.22533,-9.111813,1416.083374,140.666779,-88.69017,1251.540649,204.927368,27.25264,1241.778076,225.276352,48.934078,1261.447388,-60.437454,-169.65921,1326.01416,124.833305,-119.160309,1383.513794,-23.622005,-227.025665,1185.10498,-33.107029,-221.904877,1096.296997,-112.349319,-49.863869,914.831482,-175.404831,26.039362,973.448975,-170.740051,-4.308773,866.420288,-141.530243,117.410675,1313.847656,195.706116,153.283249,1379.758179,39.515129,253.411209,1215.830322,53.325623,255.629776,1077.303711,-23.507252,47.697807,963.679138,-113.325638,2.533174,1054.502686,-117.538765,,,,-136.78479,1042.586426,-41.55471,-161.798721,1047.589478,154.180252,102.747063,1039.004883,199.227966,,,
5.617,51.326256,1626.308228,-48.770443,54.041534,1552.575195,-128.744324,124.127937,1549.75061,-29.807817,-9.22738,1415.165161,141.38855,-88.561401,1250.169556,205.173416,27.214527,1240.395264,225.600876,48.878727,1260.82019,-59.785835,-169.581284,1324.652344,125.706299,-120.248619,1383.109863,-22.722666,-227.375427,1184.121948,-32.171455,-222.88797,1095.853882,-111.994583,-51.435791,914.272278,-175.81868,24.777637,972.694153,-172.025757,-6.39927,865.853638,-141.817581,117.146637,1312.461548,196.18985,153.463104,1378.62146,40.158508,253.306564,1214.490356,54.449059,256.910553,1076.394775,-22.68676,48.745678,963.477356,-114.92308,4.790822,1054.958374,-119.013718,,,,-134.586273,1042.43396,-44.246662,-162.034149,1046.53125,153.619446,102.579109,1037.756836,199.118484,,,
5.625,50.850502,1624.748535,-51.39254,53.331001,1549.603271,-130.09494,123.683189,1548.432861,-31.28377,-9.339121,1414.357788,141.987106,-88.507484,1248.927979,205.3302,27.100927,1239.305786,225.862167,48.745594,1260.396729,-59.335827,-169.675507,1323.591919,126.480904,-121.156441,1382.658325,-21.887693,-227.715103,1183.26062,-31.528719,-223.879211,1095.664673,-111.953194,-52.93803,914.14978,-176.627029,23.50778,972.259888,-173.544342,-8.253028,865.838684,-142.230682,116.920334,1311.579712,196.741425,153.530655,1377.809326,40.747009,253.130997,1213.37439,55.455471,258.208801,1075.71936,-21.940893,49.693707,963.44342,-116.353523,7.012421,1055.62146,-120.429001,,,,-133.991043,1042.268555,-44.952816,-162.217133,1045.640991,153.049911,102.524925,1036.638916,198.96875,,,
5.633,50.206127,1623.383667,-53.828056,52.551666,1547.095215,-131.3302,123.045441,1547.417603,-32.762737,-9.47475,1413.650635,142.468872,-88.488731,1247.862549,205.453201,26.924654,1238.234985,226.079498,48.657352,1260.227783,-59.020725,-169.769806,1322.61145,127.157135,-121.975273,1382.482056,-21.40033,-228.052795,1182.711182,-31.093729,-225.041199,1095.465576,-111.717415,-54.337959,914.017639,-176.740524,22.396597,971.987122,-175.053238,-10.015672,866.148743,-142.177216,116.637009,1310.510254,197.083954,153.559525,1377.000244,41.263813,252.82193,1212.360229,56.293774,259.703033,1075.27417,-21.391701,50.665203,963.546753,-117.930984,9.50779,1056.580933,-121.744225,,,,-133.330734,1042.391846,-45.718506,-162.339249,1044.975708,152.510712,102.515358,1035.697388,198.772995,,,
5.642,49.510368,1622.455811,-56.014339,51.696613,1545.023438,-132.442642,122.417007,1546.894043,-34.096519,-9.594578,1413.189697,142.785538,-88.485031,1247.126099,205.411575,26.791704,1237.468018,226.205429,48.513138,1260.197754,-58.74057,-169.821533,1321.912598,127.611473,-122.649956,1382.324951,-20.928606,-228.391449,1182.388794,-30.847832,-225.853775,1095.519287,-111.962181,-55.500687,914.213989,-177.360199,21.350416,971.899048,-176.567932,-11.528734,866.490417,-142.538284,116.327858,1309.805298,197.593384,153.563141,1376.362549,41.865509,252.451263,1211.668091,57.044685,261.097534,1075.072632,-20.801464,51.691677,964.082397,-119.537254,11.869352,1057.76416,-122.700119,,,,-132.955566,1042.679199,-46.6562,-162.434753,1044.352051,151.900925,102.57476,1035.006226,198.408386,,,
5.65,48.690277,1621.879761,-57.960453,50.695522,1543.54834,-133.442657,121.832512,1546.709595,-35.242176,-9.794394,1412.881104,143.038849,-88.47831,1246.676147,205.243774,26.652054,1236.961914,226.130829,48.377941,1260.274658,-58.497814,-169.946365,1321.455811,127.866325,-123.19136,1382.336792,-20.576145,-228.660492,1182.299927,-30.831701,-226.659927,1095.726929,-112.29071,-56.450085,914.459412,-177.279526,20.367123,972.074646,-178.05484,-12.708463,866.537354,-142.156937,116.082703,1309.368774,197.864853,153.573135,1376.199341,42.354473,252.141113,1211.274414,57.786507,262.702393,1075.158569,-20.429529,52.871387,965.117554,-121.242851,14.304297,1059.255005,-123.636375,,,,-132.438828,1043.164795,-47.543816,-162.475647,1043.975342,151.273651,102.602844,1034.595215,197.974365,,,
5.658,47.557777,1621.654419,-59.487385,49.641899,1542.607178,-134.245514,121.087067,1546.927124,-36.386341,-9.958347,1412.822021,143.104721,-88.515717,1246.377563,204.896179,26.478775,1236.7146,225.968567,48.302174,1260.470093,-58.270332,-170.048691,1321.247925,127.977806,-123.561363,1382.500122,-20.453058,-228.970673,1182.388062,-30.967993,-227.296829,1095.984131,-112.626717,-57.283272,914.786926,-177.19603,19.490454,972.380249,-179.331879,-13.41453,867.063293,-142.446655,115.841675,1309.161499,198.010574,153.610641,1376.332397,42.761967,252.036011,1211.310181,58.303967,264.360199,1075.562012,-20.008217,54.054287,966.491089,-122.836479,16.695692,1060.963867,-124.460716,,,,-132.336761,1043.445312,-48.553547,-162.495605,1043.864746,150.490814,102.653282,1034.527954,197.561005,,,
5.667,46.316341,1621.795898,-60.725254,48.511292,1542.25647,-134.980911,120.226761,1547.449463,-37.351807,-10.132786,1412.992065,143.078369,-88.546242,1246.32605,204.402908,26.295029,1236.651978,225.570602,48.254726,1260.740479,-58.122757,-170.108429,1321.28125,127.865669,-123.813042,1382.719849,-20.476442,-229.452499,1182.741211,-31.273897,-227.825241,1096.462402,-113.004051,-57.938316,915.457825,-177.859177,18.720886,972.930176,-180.547897,-13.799516,867.442627,-142.865189,115.604111,1309.163696,198.013397,153.3815,1376.326538,42.953598,251.991653,1211.691895,58.826851,266.1138,1076.169067,-19.748827,55.547234,968.36676,-124.569283,18.863476,1063.075928,-125.252159,,,,-132.222534,1043.777222,-49.524246,-162.412964,1044.071899,149.589966,102.713776,1034.707642,197.014862,,,
5.675,45.133297,1622.300293,-61.755684,47.382435,1542.392578,-135.571762,119.44236,1548.484497,-38.34277,-10.286478,1413.359497,142.864914,-88.585037,1246.544189,203.915909,26.088034,1236.832031,225.152725,48.252979,1261.155029,-58.110249,-170.168243,1321.536499,127.542061,-123.936813,1383.117065,-20.70437,-229.871887,1183.224609,-31.670801,-228.282364,1096.967407,-113.327118,-58.504261,916.178162,-178.12944,18.010757,973.747925,-181.394257,-14.480511,871.230652,-146.198532,115.378471,1309.388794,197.917404,153.24852,1376.692627,42.950764,252.361862,1212.666382,59.014458,267.95932,1077.198853,-19.614664,57.770016,971.102234,-126.368286,21.170864,1065.27832,-126.093643,,,,-132.155228,1044.195801,-50.37207,-162.34938,1044.494263,148.747726,102.802299,1035.08313,196.330505,,,
5.683,43.791843,1623.23938,-62.303993,46.217739,1543.147461,-136.025009,118.627258,1549.827393,-38.902252,-10.42206,1413.890747,142.510635,-88.663094,1246.957397,203.22438,25.93302,1237.250488,224.633972,48.254303,1261.682861,-58.226601,-170.224915,1322.006958,127.057808,-123.952003,1383.681519,-21.071789,-230.278168,1183.962646,-32.147869,-228.590622,1097.614868,-113.75946,-58.743237,916.950623,-178.530441,17.62129,974.593872,-182.208359,-14.545156,871.874756,-147.140549,115.123932,1309.838989,197.742188,153.116364,1377.438843,42.746803,252.926178,1213.791992,59.146408,270.025116,1078.574097,-19.509638,59.769196,973.879333,-128.749649,23.163786,1067.571899,-127.128036,,,,-132.029999,1044.69458,-50.953606,-162.260071,1045.231079,147.909256,102.922676,1035.759644,195.682526,,,
5.692,42.441158,1624.585938,-62.723637,45.101494,1544.492188,-136.33345,117.575577,1551.352051,-39.515221,-10.634911,1414.576904,141.86702,-88.653137,1247.619385,202.433563,25.832052,1237.958252,223.95462,48.241146,1262.429077,-58.548405,-170.304657,1322.682129,126.433716,-123.933907,1384.383789,-21.66198,-230.661407,1184.884277,-32.81781,-228.853973,1098.402954,-114.240311,-58.843529,917.851868,-179.322266,17.359434,975.782837,-183.328369,-14.527339,872.724854,-148.056717,114.833565,1310.585938,197.331833,152.875412,1378.259766,42.495586,253.635223,1215.266235,59.201607,272.162811,1080.104858,-19.487274,61.838169,976.309265,-130.717819,31.982012,1073.646118,-133.245239,,,,-131.919037,1045.455566,-51.488537,-162.058197,1046.328003,147.167892,102.955994,1036.549683,194.889023,,,
5.7,41.149292,1626.09021,-62.705437,43.998734,1546.272217,-136.654968,116.724976,1553.29248,-39.845482,-10.754337,1415.385132,141.135284,-88.703949,1248.469727,201.538544,25.831478,1238.831787,223.151871,48.360317,1263.324707,-59.054825,-170.282196,1323.495728,125.674858,-123.938988,1385.091187,-22.307713,-230.913086,1185.752197,-33.507214,-229.040115,1099.2771,-114.965897,-59.181049,918.431213,-179.479111,17.613617,977.03717,-184.883591,-14.040524,871.439392,-146.8918,114.661987,1311.614136,196.718796,152.661942,1379.267822,42.091465,254.34903,1217.082886,59.006947,274.294128,1081.918213,-19.40424,64.213356,979.37439,-132.614517,46.552357,1079.166992,-144.538361,,,,-133.209976,1046.193237,-51.186317,-161.97876,1047.599487,146.461441,103.014595,1037.632324,193.994537,,,
5.708,39.936562,1628.044312,-62.507778,42.90871,1548.48938,-136.736801,115.876419,1555.489868,-40.171871,-10.981569,1416.338623,140.283157,-88.57724,1249.504395,200.613571,25.717962,1239.843384,222.197021,48.422791,1264.349854,-59.665005,-170.344772,1324.417236,124.743019,-123.930511,1385.981323,-23.125994,-231.118164,1186.775146,-34.303745,-229.135315,1100.220093,-115.684105,-58.643864,919.925537,-179.981857,17.973471,978.32782,-185.958633,-13.895977,872.432495,-147.874557,114.544182,1312.607666,196.016541,152.447235,1380.565063,41.432594,255.326782,1219.163452,58.605427,276.597809,1084.066772,-19.177584,65.931419,981.874329,-133.794098,47.286613,1079.248291,-149.757187,,,,-133.513428,1046.949463,-51.6423,-161.87561,1048.861206,145.911789,103.254013,1038.958862,193.003082,,,
5.717,38.437145,1630.179932,-62.026337,41.799416,1551.092041,-136.818741,114.799118,1557.79126,-40.329994,-11.135241,1417.463867,139.260056,-88.563019,1250.630371,199.560455,25.718214,1240.997925,221.173615,48.545059,1265.550171,-60.48687,-170.378006,1325.529663,123.825645,-123.898636,1386.933472,-24.051178,-231.208588,1188.006714,-35.213352,-229.098206,1101.025879,-116.383209,-58.329304,921.051636,-180.913116,17.919052,979.604126,-184.982361,-13.484303,873.105286,-149.22168,114.492058,1313.956665,195.12999,152.20488,1381.87439,40.598736,256.212555,1221.354248,58.311646,278.97049,1086.20813,-19.100451,68.485413,984.547668,-135.273926,50.807346,1084.533936,-148.099625,,,,-133.927017,1047.257446,-52.383938,-161.771591,1050.457642,145.42218,103.293541,1040.417847,191.979675,,,
5.725,37.225643,1632.535767,-61.428738,40.756004,1554.107056,-136.802963,113.915619,1560.382935,-40.409023,-11.322317,1418.716309,138.172989,-88.541641,1251.965576,198.40625,25.833792,1242.411499,220.015961,48.726234,1266.754761,-61.344795,-170.36377,1326.65625,122.764656,-123.92836,1388.022827,-25.08246,-231.184769,1189.077637,-36.139194,-229.044647,1102.073853,-117.193382,-57.784153,922.372498,-181.98819,18.296564,981.201111,-185.158188,-12.998519,874.670898,-150.534912,114.422028,1315.301514,193.984879,152.023361,1383.372559,39.664356,257.282288,1223.810669,57.792286,281.64328,1088.663208,-19.179972,72.07444,988.55365,-138.228912,52.908943,1088.68396,-151.286743,,,,-134.113739,1048.241943,-52.913853,-161.725555,1051.938599,145.050247,103.609909,1042.080688,190.918839,,,
5.733,35.836246,1635.081177,-60.655987,39.709759,1557.363281,-136.732788,112.992683,1563.116455,-40.429634,-11.545443,1419.848877,136.680923,-88.365128,1253.402954,197.171616,25.999872,1243.917603,218.665558,48.851398,1268.081787,-62.302349,-170.475815,1327.98645,121.428329,-124.022903,1389.209961,-26.343008,-231.268387,1190.239136,-37.207218,-228.955383,1103.105103,-118.13221,-57.200466,923.683167,-182.750214,18.693048,982.761414,-186.3918,-12.550954,876.071228,-151.405655,114.433319,1316.920776,192.750732,151.922729,1384.890381,38.409023,258.285034,1226.326416,57.027336,284.383392,1091.173828,-19.143036,75.615974,992.16095,-141.050598,58.245567,1092.646362,-155.24704,,,,-134.420822,1049.335815,-53.188259,-161.61174,1053.703003,144.645065,103.827332,1043.861694,189.85733,,,
5.742,34.610641,1637.843628,-59.873455,38.705036,1560.769897,-136.618988,111.983734,1565.932983,-40.356087,-11.658275,1421.243286,135.235352,-88.173775,1254.919922,195.948105,26.099846,1245.5,217.272934,48.999046,1269.480957,-63.387638,-170.410187,1329.231323,120.229553,-124.149719,1390.327881,-27.575315,-231.237732,1191.464233,-38.323994,-228.841827,1103.987427,-119.018082,-56.7966,924.350769,-185.946564,19.642351,984.421997,-185.482956,-11.92702,877.112122,-152.143173,114.3638,1318.517212,191.448639,151.827347,1386.60144,36.98077,259.33902,1228.899414,56.346268,287.263,1093.782837,-19.109102,82.361984,997.693237,-143.807785,64.235771,1096.488647,-158.690186,,,,-134.685364,1050.398438,-53.627285,-161.56842,1055.42749,144.468994,104.193489,1045.815796,188.79425,,,
5.75,33.323608,1640.51062,-58.79372,37.602428,1564.455566,-136.491074,111.086777,1568.844604,-40.198303,-11.65445,1422.854126,133.77449,-88.066574,1256.536377,194.531403,26.309603,1247.304443,215.885788,49.12748,1270.81897,-64.558968,-170.360413,1330.533569,118.921417,-124.277214,1391.540161,-28.955168,-231.0513,1192.592407,-39.355431,-228.686249,1105.048096,-120.160416,-55.856846,925.726196,-186.441223,20.296494,986.443848,-184.961517,-11.354358,878.504944,-153.108292,114.366859,1320.327148,189.80658,151.821594,1388.19104,35.514099,260.393127,1231.376709,55.842857,290.168701,1096.41394,-19.117613,87.06926,1002.584595,-148.293228,69.457321,1101.068481,-161.218933,,,,-134.932022,1051.468018,-54.024761,-161.371078,1057.335693,144.125534,104.556274,1047.830688,187.715042,,,
5.758,31.863667,1643.344238,-57.709831,36.519939,1568.220825,-136.346695,110.158028,1571.806396,-40.02409,-11.755077,1424.261353,132.08226,-87.846489,1258.259155,193.184036,26.515804,1249.080444,214.35051,49.268291,1272.253418,-65.833023,-170.371552,1331.910767,117.470901,-124.460571,1392.832397,-30.526516,-230.962494,1193.806885,-40.63007,-228.511475,1106.007446,-121.132317,-55.466743,926.714478,-188.73764,19.486065,987.317566,-183.330719,-10.396471,879.880066,-154.464935,114.284943,1322.131104,188.166916,151.883453,1389.987305,33.975338,261.410187,1233.899292,55.307892,293.134064,1098.979858,-18.874109,93.312393,1007.563232,-152.018402,74.246292,1106.008789,-163.948517,63.537361,999.119751,-224.992325,-135.132645,1052.496582,-54.371437,-161.308121,1059.296509,143.826508,104.909988,1049.924805,186.589188,,,
5.767,30.752707,1646.325684,-56.714302,35.455715,1572.072754,-136.060135,109.052681,1574.799561,-39.875923,-11.883315,1425.808472,130.17778,-87.575653,1260.012817,191.679428,26.742746,1250.967285,212.636063,49.412807,1273.574463,-67.145538,-170.29007,1333.340942,116.019615,-124.603577,1393.961182,-32.1036,-230.8022,1194.786621,-41.812817,-228.531693,1106.959229,-121.988914,-54.459049,927.56012,-190.544556,19.511244,988.672852,-182.100754,-9.665838,880.769531,-155.40126,114.218277,1323.950073,186.388504,151.881989,1391.63501,32.142384,262.66925,1236.523926,54.725239,295.925323,1101.624512,-18.633326,99.919098,1013.667236,-157.1297,79.814125,1110.927856,-166.066742,42.535328,997.135864,-169.788666,-135.431595,1053.261719,-54.524212,-161.061417,1061.164062,143.568527,105.28904,1052.153931,185.473129,,,
5.775,29.236664,1649.103027,-55.367973,34.371109,1576.026001,-135.747543,108.066055,1577.860352,-39.673775,-12.032806,1427.250977,128.143311,-87.350548,1261.862427,190.139633,26.995455,1253.02063,210.958832,49.526714,1274.857056,-68.582062,-170.241699,1334.737427,114.347641,-124.663841,1395.197388,-33.887806,-230.648392,1196.019409,-43.047234,-228.48613,1107.987915,-123.149025,-53.942883,928.693542,-191.010788,19.962301,989.836365,-181.441879,-9.113092,881.919678,-155.941742,114.271164,1326.041626,184.610611,152.034042,1393.334717,30.324112,263.701355,1239.15979,54.089916,298.864594,1104.306152,-18.249969,105.792801,1018.381958,-161.180481,85.393326,1115.442383,-168.852097,47.04213,1001.864685,-176.233902,-135.295044,1053.930054,-55.005596,-160.892258,1063.339233,143.158234,105.709541,1054.352905,184.378632,,,
5.783,27.833921,1651.850464,-54.02219,33.269268,1579.908691,-135.558945,107.158699,1580.883667,-39.468369,-12.062064,1428.799438,126.043648,-87.017853,1263.687378,188.598587,27.245762,1254.918091,209.286987,49.465347,1276.136719,-70.192253,-170.084854,1336.219849,112.687332,-124.647995,1396.252197,-35.724972,-230.553589,1196.998535,-44.213753,-228.463806,1108.735107,-124.037239,-53.502327,929.938049,-191.137924,20.285051,990.969116,-181.239746,-8.902779,883.25592,-156.337585,114.339645,1327.967529,182.730698,152.093658,1394.987549,28.430252,264.788269,1241.722168,53.564278,301.692261,1106.903931,-17.887791,111.126007,1022.230835,-165.755203,91.487869,1119.964722,-172.396667,52.693607,1006.676697,-182.512955,-135.169373,1054.582397,-55.413631,-160.66922,1065.251099,142.774338,106.003075,1056.571167,183.280869,,,
5.792,26.553717,1654.610718,-52.762657,32.124294,1583.950562,-135.2854,106.116806,1583.912231,-39.275326,-12.090742,1430.32373,123.948029,-86.726875,1265.562378,186.841568,27.515991,1256.789185,207.465317,49.384205,1277.307495,-71.894287,-169.98465,1337.637451,110.931709,-124.634422,1397.262939,-37.606102,-230.42157,1197.897827,-45.348827,-228.539154,1109.373413,-124.922134,-52.999146,930.738892,-191.283539,20.52721,991.994934,-180.972198,-8.629773,883.959045,-156.426224,114.449432,1329.759888,180.916397,152.00148,1396.484985,26.460468,265.720642,1244.079468,53.154457,304.639832,1109.473633,-17.444321,116.716835,1026.316528,-170.643646,97.794289,1124.475708,-175.980881,58.898396,1011.592529,-188.855789,-135.330231,1055.269653,-55.54995,-160.511353,1067.292969,142.378128,106.332275,1058.820435,182.168274,,,
5.8,25.149225,1657.205933,-51.400364,30.97654,1587.76416,-134.842728,105.195137,1586.818726,-39.156391,-12.06543,1431.72644,121.737152,-86.45076,1267.439575,185.23584,27.8524,1258.806274,205.695541,49.372261,1278.384888,-73.713623,-169.784973,1339.160156,109.127808,-124.563736,1398.296143,-39.706654,-230.384277,1199.037598,-46.609253,-228.64032,1109.932983,-125.798302,-52.723011,931.61908,-191.068176,20.801889,992.843079,-180.726685,-8.269428,885.296509,-156.55658,114.592278,1331.68811,178.975067,152.116776,1398.085205,24.482893,266.674561,1246.382935,52.866364,307.472198,1111.79541,-16.965862,123.092155,1030.705444,-175.166016,104.240158,1128.893311,-179.733826,65.377174,1016.341919,-195.224319,-135.300613,1056.038086,-55.762508,-160.41095,1069.304688,141.930206,106.691681,1061.085205,181.099701,,,
5.808,23.740585,1659.80896,-49.948341,29.818701,1591.415039,-134.194412,104.200829,1589.611206,-38.994541,-12.043997,1433.171875,119.483185,-86.135712,1269.26416,183.575806,28.131697,1260.801758,203.818405,49.306545,1279.403687,-75.630173,-169.579285,1340.66333,107.274681,-124.578537,1399.197754,-41.829231,-230.354752,1199.806885,-47.717957,-228.733337,1110.427124,-126.607613,-52.53019,932.388794,-191.1147,21.017078,993.526123,-180.532684,-8.300806,886.173584,-156.571945,114.566948,1333.634644,177.120514,152.187424,1399.445068,22.514135,267.542145,1248.751587,52.379463,310.274841,1114.320801,-16.376595,129.552048,1034.741577,-179.990524,111.007294,1133.087036,-183.698959,72.10202,1020.506165,-201.104095,-135.32959,1056.695435,-56.069675,-160.132004,1071.170776,141.573608,107.067299,1063.246582,180.081238,,,
5.817,22.334955,1662.2146,-48.734333,28.605278,1595.278198,-134.095856,103.098969,1592.19458,-38.868668,-12.000606,1434.490112,117.240303,-85.795471,1271.086182,181.864075,28.442326,1262.638916,202.015762,49.182117,1280.376099,-77.533127,-169.436615,1342.160767,105.339417,-124.446854,1400.065674,-44.022057,-230.322205,1200.578491,-48.812981,-228.889465,1110.862427,-127.323479,-52.287216,932.810547,-191.650162,21.089632,994.192017,-180.250381,-8.26075,886.438477,-156.825272,114.67321,1335.360718,175.216614,152.226028,1400.809692,20.431442,268.505249,1251.106934,52.509182,313.123962,1116.704956,-15.604304,136.490387,1038.98877,-185.127213,118.011101,1137.019165,-187.733215,78.298363,1024.252563,-206.04776,-135.481903,1057.165771,-56.323021,-159.964905,1073.17627,141.099899,107.396515,1065.396851,179.003845,,,
5.825,21.080248,1664.411743,-47.221954,27.491955,1598.777832,-133.81575,102.249985,1594.767334,-38.622738,-12.086199,1435.923828,114.863472,-85.562828,1272.885376,180.080673,28.73555,1264.472778,200.196182,48.849895,1281.260132,-79.603951,-169.269714,1343.531372,103.413811,-124.43502,1400.799805,-46.248413,-230.424515,1201.576782,-50.012291,-229.093323,1111.156006,-127.87825,-52.255306,933.158936,-191.654617,21.052132,994.751892,-180.086823,-8.232119,887.002197,-157.101959,114.720673,1337.196167,173.338135,152.303009,1402.074829,18.424671,269.246429,1253.127808,52.44553,315.702515,1118.888428,-14.703812,143.268631,1042.671509,-189.326004,125.329582,1140.774658,-191.832703,86.412453,1029.221802,-214.700989,-135.774429,1057.574707,-56.558807,-159.764526,1074.824097,140.748337,107.689438,1067.517578,177.974762,,,
5.833,19.59886,1666.390991,-45.73283,26.252333,1602.299438,-133.426727,101.306679,1597.17688,-38.681641,-12.077656,1437.137817,112.532211,-85.289474,1274.623413,178.385239,29.016228,1266.265991,198.306488,48.518227,1282.013672,-81.616295,-169.11792,1344.901978,101.408684,-124.376526,1401.421265,-48.470322,-230.481369,1202.235962,-51.066307,-229.358002,1111.358154,-128.304474,-52.200558,933.463745,-191.657074,20.975008,995.156799,-179.888901,-8.253664,887.272827,-157.091873,114.886513,1339.037842,171.381653,152.250031,1403.270386,16.11587,269.869843,1255.183228,51.701885,318.234802,1121.0896,-13.596091,150.606201,1046.112915,-193.837845,132.884308,1144.239136,-196.010391,94.208374,1033.198975,-221.549774,-137.577209,1057.870605,-54.918541,-159.549866,1076.765137,140.345032,108.010117,1069.483643,177.013077,,,
5.842,18.371477,1668.356689,-44.578098,25.179586,1605.5448,-133.041138,100.222427,1599.308594,-38.339264,-12.025774,1438.394043,110.204498,-85.071716,1276.272827,176.713318,29.269646,1267.992798,196.548737,48.104683,1282.627808,-83.72583,-168.892151,1346.148071,99.479843,-124.500023,1402.071777,-50.663006,-230.606445,1202.846313,-52.0256,-229.6474,1111.474854,-128.573105,-52.205803,933.786316,-191.376648,20.894222,995.487305,-179.714874,-8.204926,887.959961,-157.115219,114.966637,1340.673096,169.621643,152.232574,1404.286133,14.027186,270.401825,1257.005981,51.154171,320.699738,1123.177124,-11.540943,158.009567,1049.423218,-197.881851,140.717346,1147.589355,-200.162979,102.308327,1036.844116,-228.415512,-137.842056,1057.673584,-54.642639,-159.364151,1078.423218,140.066788,108.304733,1071.344116,175.984314,,,
5.85,16.977922,1669.96582,-43.154373,23.985741,1608.643677,-132.748672,99.394287,1601.386353,-38.129532,-12.039476,1439.449829,108.02565,-84.795479,1277.912964,175.116943,29.530148,1269.637939,194.713058,47.744762,1283.187378,-85.747215,-168.852814,1347.409668,97.604454,-124.415787,1402.448242,-52.79081,-230.798859,1203.45105,-53.043991,-229.975525,1111.533325,-128.831802,-52.269981,933.945068,-191.388641,20.756693,995.733643,-179.397873,-8.278311,888.038757,-156.993118,115.17157,1342.336548,167.657059,152.111603,1405.366699,11.74693,270.82193,1258.710449,50.899319,322.726868,1125.104004,-10.751887,165.622009,1052.425293,-201.73143,148.74437,1150.511475,-204.297318,110.823746,1040.17688,-235.184052,-138.067291,1057.92627,-54.94101,-159.185181,1080.143188,139.707245,108.545227,1073.189453,175.026627,,,
5.858,15.754262,1671.634521,-42.062077,22.923311,1611.553101,-132.365234,98.512344,1603.335938,-38.146355,-12.017871,1440.565308,105.792236,-84.620201,1279.450928,173.416519,29.837746,1271.295776,192.983765,47.327225,1283.681763,-87.771828,-168.69426,1348.527832,95.717392,-124.018791,1402.212036,-54.582924,-231.080307,1204.111206,-54.099392,-230.370453,1111.473999,-129.112732,-52.310261,933.88501,-191.681,20.489548,995.896667,-179.073303,-8.501614,887.871826,-156.997391,115.276909,1343.994019,165.880859,152.020538,1406.190918,9.618232,271.252258,1260.44873,50.668869,324.804016,1127.061157,-9.430729,173.25531,1054.991089,-205.248901,157.035446,1153.188721,-208.29274,119.937256,1043.166504,-241.589798,-138.000031,1058.315186,-55.113396,-159.021927,1081.649902,139.535553,108.807678,1074.756226,174.064606,,,
5.867,14.537899,1673.026001,-40.942173,21.722694,1614.112549,-132.060532,97.50296,1604.976929,-38.189938,-12.08997,1441.403564,103.670303,-84.424049,1280.871094,171.85701,30.071974,1272.709473,191.295959,46.892681,1284.090332,-89.776924,-168.623245,1349.610352,93.986099,-124.042885,1402.502197,-56.612862,-231.254013,1204.485596,-55.007961,-230.551773,1111.39563,-128.619003,-52.473057,933.841248,-191.591064,20.141655,995.984375,-178.659058,-8.66871,887.888306,-156.893066,115.392281,1345.446289,164.031479,151.889923,1407.151733,7.349763,271.510132,1262.037598,50.481976,326.298218,1128.641357,-8.001234,180.624969,1057.470337,-208.197601,165.583908,1155.524536,-212.24968,129.547699,1045.776489,-248.301544,-138.228561,1058.539185,-55.220509,-158.878647,1083.268799,139.347229,109.019989,1076.349976,173.134445,,,
5.875,13.430638,1674.07312,-39.728062,20.655931,1616.656982,-131.829132,96.741402,1606.495728,-38.098495,-12.266858,1442.333374,101.550262,-84.222038,1282.220581,170.375763,30.31885,1274.204956,189.645828,46.509819,1284.456055,-91.694763,-168.641937,1350.508789,92.234161,-124.165367,1402.64856,-58.58617,-231.453598,1204.76355,-55.788593,-230.994003,1111.212158,-128.759033,-52.723064,933.753723,-191.429855,19.791935,996.022583,-178.191513,-8.859442,887.847778,-156.806091,115.38604,1346.97876,162.26062,151.638229,1407.81311,5.290986,271.675751,1263.608398,50.445839,327.833527,1130.371338,-6.086143,188.325897,1059.386841,-210.24942,174.299377,1157.585571,-216.071213,139.422318,1047.990356,-254.443115,-138.408981,1058.641235,-55.229034,-158.783249,1084.590698,139.176437,109.234138,1077.7771,172.253342,,,
5.883,12.231462,1675.162109,-38.68222,19.66131,1619.031982,-131.573303,95.888611,1607.883301,-38.059952,-12.496553,1443.12854,99.598915,-83.959335,1283.455322,169.035904,30.452776,1275.36853,188.121353,46.043411,1284.754639,-93.626541,-168.619385,1351.405762,90.635033,-124.310028,1402.781738,-60.339218,-231.65065,1204.950317,-56.540516,-231.499603,1110.983643,-128.841354,-53.114025,933.652466,-190.838165,19.29351,996.073547,-177.698654,-9.116268,887.912537,-156.290405,115.377663,1348.262695,160.656342,151.313797,1408.424316,3.255005,271.789978,1264.930664,50.429493,329.269867,1131.997314,-4.099652,197.437286,1060.842529,-212.652237,183.155045,1159.228516,-219.75058,149.887131,1049.772949,-260.641541,-138.585464,1058.683716,-55.183601,-158.655609,1086.038086,139.0793,109.504662,1079.122437,171.377701,,,
5.892,11.236935,1676.148193,-38.014557,18.594675,1621.081299,-131.335724,94.893944,1608.96521,-38.13456,-12.672622,1443.824463,97.683372,-83.788231,1284.566528,167.770432,30.79755,1276.720093,186.597794,45.511047,1284.916748,-95.488739,-168.615646,1352.015747,89.134644,-124.669441,1402.847534,-62.144806,-231.869308,1205.041504,-57.057484,-232.091812,1110.636108,-128.844238,-53.413239,933.512756,-190.571625,18.838467,995.983826,-177.148712,-9.408123,887.763184,-156.028259,115.461075,1349.572632,158.902176,151.074112,1409.095703,1.308315,271.713898,1266.2052,50.67099,330.604675,1133.416504,-1.987909,206.440903,1062.553223,-215.727692,192.126968,1160.520386,-223.050491,160.944077,1051.09375,-266.8396,-138.832581,1058.69043,-55.052998,-158.551208,1087.163818,138.996674,109.762672,1080.256714,170.569244,,,
5.9,10.267938,1676.892578,-37.044765,17.694798,1622.998535,-131.083115,94.211235,1610.010498,-38.170261,-12.843875,1444.527588,95.915588,-83.607269,1285.575439,166.617065,30.959877,1277.715454,185.176056,44.9757,1285.059204,-97.259521,-168.687378,1352.597778,87.917961,-125.073166,1402.731079,-63.685356,-232.127731,1205.019653,-57.556709,-232.732742,1110.249023,-128.784256,-53.645691,933.196594,-190.792038,18.396034,995.674438,-176.622116,-9.740005,887.290161,-156.008255,115.347481,1350.701782,157.455841,150.822052,1409.574341,-0.530611,271.650513,1267.313477,50.883732,331.698212,1134.858521,0.283029,215.288376,1063.774536,-218.754807,201.271622,1161.347656,-226.130157,172.477402,1051.857544,-272.302643,-137.493195,1059.349121,-57.454323,-158.434555,1088.154663,138.983353,110.013992,1081.406128,169.761398,,,
5.908,9.3351,1677.484619,-36.121872,16.758455,1624.68689,-131.031418,93.467392,1610.878418,-38.317879,-13.040538,1445.13623,94.290894,-83.505249,1286.384399,165.587891,31.185165,1278.750488,183.970718,44.409161,1285.137329,-98.889832,-168.743286,1353.103149,86.745766,-125.584587,1402.62561,-65.080177,-232.430267,1204.930542,-57.913925,-233.317062,1109.713135,-128.625824,-54.062061,932.910645,-190.500854,17.898264,995.435852,-176.144104,-10.08334,887.108521,-155.819916,115.35656,1351.920898,156.076477,150.599487,1409.959473,-2.214238,271.375549,1268.415771,51.292263,332.484131,1136.263306,2.597893,224.221222,1064.770264,-221.166,210.570328,1161.713135,-228.894455,184.589111,1052.396484,-277.276672,-137.945496,1059.202515,-57.491322,-158.354889,1089.155884,138.878082,110.269417,1082.371582,168.964981,,,
5.917,8.455171,1678.069824,-35.673252,15.836747,1626.195435,-130.908371,92.655235,1611.567871,-38.441902,-13.424015,1445.59729,92.787926,-83.369797,1287.203125,164.586548,31.326893,1279.684937,182.868256,43.757202,1285.178223,-100.45311,-169.027649,1353.463745,85.670914,-126.140312,1402.469238,-66.380043,-232.864975,1204.768311,-58.15049,-233.958771,1109.218994,-128.47757,-54.633198,932.579834,-189.649689,17.314402,995.222717,-175.811096,-10.429254,887.033569,-155.166199,115.258698,1352.887695,154.765427,150.279602,1410.242432,-3.752362,271.044373,1269.25769,51.809074,333.248291,1137.484253,5.060048,233.533997,1065.699219,-222.409592,219.798706,1161.583862,-231.30838,197.120285,1052.311157,-281.836578,-138.149063,1059.12561,-57.481289,-158.181213,1089.921387,138.9021,110.559395,1083.256226,168.179459,,,
5.925,7.551558,1678.517944,-35.030273,15.03626,1627.452148,-130.797516,91.70591,1612.156128,-38.545677,-13.873876,1446.091187,91.40593,-83.319191,1287.78833,163.790192,31.441927,1280.415405,181.782822,43.121258,1285.210449,-101.765297,-169.167755,1353.723877,84.841499,-126.784119,1402.304443,-67.424118,-233.333664,1204.534912,-58.204453,-234.722885,1108.745972,-128.202087,-55.246155,932.05249,-189.42746,16.611132,994.606323,-175.516144,-10.891553,886.499573,-154.974792,115.069809,1353.807373,153.626724,149.961426,1410.588745,-5.276824,270.417419,1270.000366,52.546139,333.811096,1138.639404,7.692029,242.271927,1066.651978,-223.19313,229.128479,1161.123047,-233.355362,210.385574,1051.795654,-285.857849,-138.525955,1058.982544,-57.528431,-157.978806,1090.510498,138.932266,110.823296,1084.112915,167.479095,,,
5.933,6.727493,1678.943481,-34.611057,14.163792,1628.604736,-130.897461,91.006317,1612.592041,-38.700294,-14.337834,1446.475464,90.203804,-83.215828,1288.3125,163.091797,31.642839,1281.101196,180.819382,42.389294,1285.141479,-102.931686,-169.367355,1353.885254,84.256088,-127.50927,1402.03064,-68.392204,-234.049255,1204.265137,-58.184799,-235.508286,1108.252808,-127.808838,-55.84993,931.67981,-188.968002,16.039215,994.581787,-175.109863,-11.565868,886.056396,-154.169891,114.789467,1354.718994,152.439301,149.691544,1410.934326,-6.603303,269.900665,1270.710938,53.32917,334.26889,1139.737061,10.346658,252.406067,1065.949341,-224.463547,238.359207,1160.298584,-235.052521,224.114517,1050.793945,-289.085175,-138.902649,1058.819214,-57.521255,-157.786331,1090.944702,138.95575,111.140884,1084.878784,166.735046,,,
5.942,5.986394,1679.141113,-34.391403,13.355836,1629.424316,-130.996841,90.304787,1612.989746,-38.943748,-14.796653,1446.819946,89.13166,-83.150162,1288.680298,162.548935,31.710546,1281.786377,179.98378,41.642815,1285.10022,-103.883438,-169.686951,1353.927246,83.703094,-128.263565,1401.83667,-69.088974,-234.62178,1203.884155,-58.038395,-236.24675,1107.630371,-127.236557,-56.557541,931.17041,-188.234573,15.34901,994.240662,-174.880844,-12.139649,885.644592,-153.561356,114.539459,1355.438477,151.496445,149.459351,1411.288574,-7.81204,269.404266,1271.276611,54.07246,334.650024,1140.909424,13.295814,261.474731,1065.309692,-222.297836,247.481369,1158.982178,-236.378418,238.125809,1049.215088,-291.362579,-139.26973,1058.591309,-57.508896,-157.627975,1091.280151,139.008926,111.416931,1085.417725,166.0746,,,
5.95,5.152659,1679.36853,-34.464535,12.603194,1630.144775,-131.113907,89.585594,1613.279907,-39.146416,-15.25421,1447.066284,88.254318,-83.125595,1288.97522,162.068909,31.766113,1282.255005,179.331985,40.950523,1285.08667,-104.657837,-169.989243,1353.89563,83.37941,-129.137558,1401.484131,-69.719284,-235.186508,1203.295532,-57.601799,-237.096634,1107.03772,-126.68882,-57.352283,930.690125,-187.597488,14.265956,993.995361,-174.939926,-12.652318,885.33728,-153.107727,114.217468,1356.098633,150.733307,149.143463,1411.502686,-8.838205,268.885101,1271.835571,54.836246,334.501282,1141.314087,14.313589,271.897339,1063.813232,-222.149841,256.664337,1157.283813,-237.240189,252.734756,1047.570801,-292.96228,-139.718658,1058.366699,-57.360321,-157.471649,1091.526245,139.143616,111.766518,1085.965576,165.407608,,,
5.958,4.341919,1679.618286,-34.468418,11.838737,1630.671997,-131.381699,88.73069,1613.44751,-39.493912,-15.799679,1447.280518,87.515831,-83.116333,1289.162964,161.737885,31.764496,1282.572754,178.737976,40.108135,1285.038452,-105.298592,-170.317764,1353.816284,83.231628,-130.020554,1401.20874,-70.002251,-235.807938,1202.829102,-57.110203,-237.929535,1106.495483,-126.039055,-58.063496,930.349731,-187.249969,13.579535,993.473572,-174.67923,-13.211919,884.948975,-152.706009,113.931236,1356.596191,149.891342,148.866013,1411.692017,-9.604828,268.146698,1272.369385,55.749374,334.685669,1142.235229,16.653913,282.440002,1062.371338,-221.487595,265.834381,1155.167236,-237.632797,267.783356,1045.38269,-294.283203,-140.067276,1058.209106,-57.263359,-157.266525,1091.672119,139.283661,112.072304,1086.439697,164.770279,131.551941,1068.408691,-44.995144
5.967,3.634106,1679.669678,-34.649284,11.081391,1630.890137,-131.724472,88.051506,1613.588745,-39.885841,-16.347139,1447.401489,86.928345,-83.122246,1289.288574,161.529984,31.725172,1282.826172,178.214325,39.270481,1285.013916,-105.801437,-170.670822,1353.64563,83.273102,-131.018936,1400.968994,-70.228806,-236.37886,1202.425049,-56.426769,-238.773026,1106.016357,-125.24147,-59.137291,929.864868,-186.717072,12.664076,993.103088,-174.497604,-14.046834,884.496765,-152.152039,113.53421,1357.109741,149.341461,148.454208,1411.807251,-10.327098,267.467316,1272.853027,56.597702,334.83313,1143.315186,19.185524,293.794952,1060.016479,-220.04216,275.030853,1152.776611,-237.869873,282.321533,1042.620239,-293.128754,-140.464554,1058.089966,-57.159981,-157.053711,1091.755371,139.519165,112.354454,1086.731689,164.19664,131.126724,1068.604614,-46.019615
5.975,2.990536,1679.714355,-34.968178,10.360328,1630.950195,-132.054138,87.328453,1613.60022,-40.175472,-16.930035,1447.482056,86.558083,-83.162422,1289.276978,161.469452,31.678856,1282.970825,177.826508,38.416527,1285.002808,-106.172455,-171.060028,1353.387329,83.503647,-132.030167,1400.635864,-70.188416,-237.019318,1201.973755,-55.660374,-239.666473,1105.518433,-124.283073,-60.094196,929.455933,-186.287537,11.763849,992.850159,-174.431396,-14.806878,884.179688,-151.832947,113.105843,1357.495117,148.82196,148.080307,1411.914917,-10.812024,266.842987,1273.257568,57.505547,335.010986,1144.351562,21.741899,303.500488,1058.678467,-218.660797,283.764526,1149.958984,-237.54245,296.280212,1039.720947,-291.018585,-140.89949,1058.006592,-56.952026,-156.838684,1091.735352,139.79184,112.6763,1086.958252,163.584991,130.701492,1068.778809,-46.820049
5.983,2.231991,1679.729126,-35.566082,9.663568,1630.966919,-132.512604,86.584419,1613.575073,-40.586174,-17.508417,1447.533447,86.39135,-83.251717,1289.134277,161.543991,31.588293,1283.01123,177.584167,37.470203,1284.968018,-106.446236,-171.456497,1353.083984,83.885284,-133.102066,1400.365234,-70.079597,-237.704208,1201.566895,-54.795967,-240.555954,1104.94519,-123.116753,-61.008629,929.110657,-185.894714,10.661325,992.513428,-174.402191,-15.415362,883.985596,-151.851868,112.519852,1357.658203,148.446655,147.634659,1411.987305,-11.185039,266.230286,1273.712158,58.458298,335.349762,1145.392334,24.32617,314.016113,1056.157104,-216.268799,292.222107,1146.616455,-236.696991,310.580719,1036.46521,-288.505127,-141.347198,1057.932373,-56.68396,-156.594543,1091.613525,140.105362,112.989143,1087.042236,163.008606,130.289673,1068.983154,-47.622711
5.992,1.525331,1679.826172,-36.309383,8.890119,1630.674927,-133.060852,85.652351,1613.472168,-41.099419,-18.176645,1447.50647,86.384651,-83.385902,1288.885376,161.723511,31.474785,1282.928589,177.446838,36.459427,1284.991089,-106.606766,-171.954834,1352.698364,84.423241,-134.171753,1400.067749,-69.636696,-238.508057,1201.027466,-53.767212,-241.449371,1104.487427,-122.109489,-62.067932,928.654419,-185.234772,9.590208,992.194214,-174.340195,-16.28289,883.549561,-151.367035,112.037338,1357.721924,148.216064,147.101151,1412.052979,-11.377732,265.355255,1273.996826,59.206207,335.707214,1146.534424,26.841791,324.79538,1053.137451,-212.839905,300.457336,1143.044067,-235.616577,324.493225,1032.567993,-284.870392,-141.83728,1057.863525,-56.383457,-156.396118,1091.447388,140.518402,113.292763,1087.026123,162.450333,129.878311,1069.150146,-48.174782
6.0,0.923273,1679.684692,-36.993183,8.209544,1630.216064,-133.605499,84.950195,1613.267212,-41.551167,-18.961649,1447.415894,86.499397,-83.503265,1288.594849,162.026123,31.362225,1282.752075,177.455276,35.415218,1285.125,-106.61058,-172.438751,1352.278687,85.019379,-135.284882,1399.863281,-69.106888,-239.198486,1200.549194,-52.620461,-242.370834,1104.073364,-120.992622,-63.207283,928.309998,-184.741028,8.509931,992.001953,-174.320969,-17.143976,883.332153,-151.034882,111.511528,1357.666382,148.127289,146.612869,1412.117188,-11.384405,264.800415,1274.482178,60.259674,336.17923,1147.862183,29.393185,334.564789,1050.294312,-208.963699,308.402374,1139.114868,-234.299835,337.238373,1028.157104,-280.275452,-142.357529,1057.820679,-56.038582,-156.230484,1091.21582,140.955673,113.605576,1086.90979,161.919113,129.530914,1069.270996,-48.455166
6.008,0.082204,1679.54248,-37.895233,7.566024,1629.567871,-134.236252,84.287498,1613.046265,-42.067924,-19.57588,1447.222046,86.867119,-83.64653,1288.217529,162.481552,31.195776,1282.423706,177.553192,34.3811,1285.204712,-106.509506,-172.926224,1351.848755,85.903656,-136.458847,1399.605347,-68.456108,-239.979843,1200.111328,-51.470493,-243.434875,1103.782593,-119.804909,-64.430496,928.118713,-184.644196,7.214198,991.741394,-174.414261,-18.069149,883.187927,-150.963242,110.94014,1357.479614,148.235855,146.08046,1412.149536,-11.164995,264.295288,1275.120239,61.507294,337.055573,1149.642212,32.045074,343.490936,1046.869995,-204.184021,316.018799,1133.976196,-231.54184,349.198029,1023.220276,-274.663361,-142.876343,1057.785278,-55.667896,-156.059387,1090.854858,141.502853,113.935135,1086.725098,161.430176,129.167709,1069.535767,-49.005371
6.017,-0.62576,1679.389893,-39.050476,6.806376,1628.792969,-135.011734,83.513985,1612.774658,-42.650574,-20.224108,1446.944458,87.443962,-83.839958,1287.676514,162.994797,31.020134,1282.005615,177.748413,33.317924,1285.291504,-106.237801,-173.50592,1351.396362,86.885872,-137.625702,1399.396362,-67.555565,-240.737747,1199.737671,-50.123894,-244.38652,1103.299438,-118.534126,-65.548691,927.987305,-184.229294,6.135091,991.619141,-174.387314,-18.98535,882.863098,-150.732422,110.284645,1357.125366,148.460434,145.522934,1412.136963,-10.802378,264.005676,1275.765259,62.773003,338.010376,1151.424805,34.698498,352.0849,1043.081299,-198.572083,323.247681,1129.012085,-229.005112,359.871887,1017.727112,-268.163788,-143.454666,1057.701172,-55.164471,-155.800842,1090.324341,142.144424,114.240196,1086.409424,160.881882,128.826447,1069.902222,-49.80405
6.025,-1.352262,1679.083374,-40.027077,6.092121,1627.793701,-135.754196,82.593826,1612.381348,-43.230385,-20.989315,1446.546265,88.1408,-84.040215,1286.964478,163.418991,30.830826,1281.507812,178.050125,32.195835,1285.369629,-105.905266,-173.908432,1350.557983,87.704803,-138.800354,1399.1521,-66.552963,-241.55072,1199.236084,-48.728897,-245.430222,1102.994995,-117.16169,-66.873985,927.68988,-183.529892,4.855489,991.586914,-174.461716,-19.970535,882.721436,-150.563049,109.606384,1356.7146,148.781509,144.82312,1412.036987,-10.332826,263.85556,1276.470215,64.054596,339.382782,1153.33667,37.545315,359.622498,1039.366333,-192.319168,330.047058,1123.85022,-226.034073,369.550385,1012.213684,-260.744049,-143.928482,1057.686523,-54.815361,-155.48851,1089.729492,142.792297,114.525192,1086.043945,160.426331,128.461014,1070.239258,-50.50745
6.033,-2.061336,1678.788452,-41.399765,5.405319,1626.568848,-136.571396,81.846901,1611.983276,-43.833763,-21.689516,1446.239258,89.011063,-84.296913,1286.160645,164.176407,30.593208,1280.759644,178.55658,31.124161,1285.51355,-105.377075,-174.380417,1349.846436,88.797836,-139.993317,1398.986084,-65.283066,-242.2845,1198.786621,-47.315269,-246.556946,1102.763306,-115.825508,-68.152664,927.741638,-183.505066,3.522834,991.569885,-174.583527,-20.960499,882.679077,-150.521133,108.874084,1356.245972,149.213486,144.08725,1411.989746,-9.687174,263.713409,1277.293213,65.532036,340.69754,1155.457642,40.383434,366.695892,1035.522705,-185.493164,336.230103,1118.358765,-222.674072,378.066711,1005.974426,-252.684952,-144.402756,1057.58667,-54.456608,-155.223022,1088.87561,143.46228,114.795273,1085.561157,159.946838,128.118683,1070.451172,-50.962227
6.042,-2.653749,1678.386475,-42.739872,4.673445,1625.223267,-137.394485,81.119675,1611.508179,-44.443909,-22.419004,1445.85376,90.025642,-84.458267,1285.366821,165.010788,30.383114,1279.964844,179.036179,30.072098,1285.71106,-104.731339,-174.912811,1349.193481,90.166389,-141.151489,1398.716431,-63.902779,-243.297546,1198.48938,-45.824707,-247.66687,1102.503296,-114.484245,-69.476349,927.718933,-183.14624,2.193674,991.635681,-174.568756,-21.944448,882.672058,-150.671173,108.24144,1355.719604,149.860077,143.404861,1411.963135,-9.040565,263.692474,1278.173828,67.151283,342.269653,1157.615601,43.470703,373.445679,1032.102051,-178.068878,341.844086,1112.613525,-218.860443,385.852173,1000.112427,-243.962524,-144.884857,1057.486816,-54.010803,-154.999969,1088.125732,144.097794,115.157738,1084.98999,159.497833,127.69577,1070.669678,-51.324371
6.05,-3.45815,1677.907227,-44.240112,3.99592,1623.726074,-138.244476,80.39946,1610.888184,-45.047993,-23.190519,1445.342285,91.101044,-84.566902,1284.449707,165.945236,30.19746,1279.181396,179.683365,29.012161,1285.86731,-103.932922,-175.349335,1348.344116,91.889008,-142.330612,1398.435181,-62.339798,-244.225113,1198.143066,-44.273048,-248.839569,1102.200073,-112.989189,-70.617111,927.725769,-182.954727,0.819452,991.772339,-174.660965,-21.737226,884.071228,-153.638733,107.650131,1355.087769,150.454239,142.690796,1411.916992,-8.14787,263.646332,1279.074707,68.83371,343.664825,1159.635132,46.476089,379.179535,1028.205688,-170.329147,346.775482,1106.559204,-214.360947,392.875061,994.666687,-234.267044,-145.373459,1057.325684,-53.505604,-154.723083,1087.234375,144.681732,115.526901,1084.362671,159.112228,127.201569,1070.918945,-51.940285
6.058,-4.197466,1677.484009,-46.042625,3.242929,1622.008301,-139.151306,79.393173,1610.217285,-45.811398,-23.922132,1444.795776,92.368568,-84.689217,1283.369995,166.93869,30.057045,1278.275879,180.281021,27.915701,1285.963989,-103.059662,-175.764572,1347.346313,93.362236,-143.482361,1398.146362,-60.612522,-245.105911,1197.661621,-42.560295,-250.055969,1101.901611,-111.488899,-72.144478,927.896118,-182.948486,-0.67647,991.895813,-174.723206,-24.033665,882.680237,-151.029785,107.060143,1354.321777,151.251038,142.083801,1411.714111,-7.110855,263.70755,1279.912109,70.642197,345.144775,1161.593872,49.773277,384.439514,1024.446289,-162.258636,351.007996,1100.345825,-209.628067,399.30896,988.665955,-224.553604,-145.958191,1057.032593,-52.926987,-154.351257,1085.994751,145.314285,115.942314,1083.640625,158.706787,126.732826,1071.135254,-52.453323
6.067,-4.932382,1676.902588,-47.501839,2.528363,1620.233398,-140.030701,78.616531,1609.486084,-46.407066,-24.68725,1444.241821,93.698898,-84.783394,1282.278564,168.088699,29.956961,1277.186157,181.026962,26.868601,1286.098877,-102.062416,-176.191925,1346.436401,95.086861,-144.645813,1397.802734,-58.753571,-245.972412,1197.182373,-40.881008,-251.299744,1101.619385,-109.996315,-73.606232,927.887207,-182.317612,-2.079981,992.183472,-174.777618,-25.080618,882.789734,-151.282791,106.491783,1353.61853,151.994034,141.482132,1411.653687,-6.008714,263.776093,1280.759399,72.548714,346.421356,1163.307373,53.101093,388.731445,1020.407898,-154.236649,354.451965,1094.04187,-204.280228,404.971283,983.019104,-214.287766,-146.342758,1056.802856,-52.430729,-153.993286,1084.924683,145.876099,116.406898,1082.817749,158.329315,126.311508,1071.232422,-52.749771
6.075,-5.614388,1676.101807,-49.122833,1.898849,1618.302246,-140.909439,77.936806,1608.705811,-47.147015,-25.408644,1443.724731,95.15638,-84.790436,1281.092041,169.321823,29.98209,1276.290405,181.847351,25.822939,1286.241455,-100.986877,-176.571838,1345.335083,97.191566,-145.786285,1397.398193,-56.764984,-246.847458,1196.696899,-39.09972,-252.501221,1101.391602,-108.510994,-75.114998,928.027222,-181.81041,-3.570064,992.336548,-174.826187,-26.146837,883.012329,-151.950912,106.005486,1353.052856,152.916733,140.87236,1411.565674,-4.850961,263.797974,1281.586304,74.485138,347.485657,1165.0802,56.640701,392.75296,1016.470764,-145.568283,357.115265,1087.659668,-198.463989,410.011658,977.239441,-204.093887,-146.67691,1056.58606,-52.024403,-153.416321,1083.782593,146.568665,116.810181,1081.960449,158.000885,125.913605,1071.350098,-52.972851
6.083,-6.443174,1675.168091,-50.783272,1.192997,1616.156494,-141.822632,77.168472,1607.803589,-47.919067,-26.023518,1442.973755,96.734413,-84.736252,1279.862427,170.549561,29.965948,1275.171509,182.680206,24.806057,1286.398804,-99.788719,-176.960114,1344.19043,99.024025,-147.736725,1397.799683,-55.093449,-247.925247,1196.145386,-37.203583,-253.773087,1101.067261,-106.931381,-76.664856,928.013184,-181.607925,-5.134001,992.501831,-174.956436,-27.276768,882.803772,-151.762039,105.441757,1352.122559,153.967178,140.382111,1411.47998,-3.768685,263.760864,1282.360229,76.548706,348.390442,1166.589233,60.287964,396.19989,1012.96759,-136.733536,359.153107,1081.286499,-192.306671,414.081543,971.69342,-193.440002,-147.025696,1056.29541,-51.483002,-153.008804,1082.3573,147.314026,117.299049,1081.074707,157.621017,125.510323,1071.498901,-53.334682
6.092,-7.114245,1674.322876,-52.598194,0.399523,1613.88562,-142.715118,76.204582,1606.700806,-48.564644,-26.606138,1442.251587,98.331551,-84.55175,1278.449463,171.891708,29.998848,1273.983154,183.509415,23.811346,1286.477539,-98.576248,-177.285461,1342.960449,101.388985,-148.560745,1397.011719,-52.75391,-248.946411,1195.580078,-35.25658,-254.978745,1100.697632,-105.243263,-77.984711,928.197693,-181.484848,-6.48665,992.678406,-175.011078,-28.278727,882.990845,-152.343216,105.081886,1351.383911,155.050568,140.436279,1412.174805,-2.919173,263.699951,1283.085571,78.763229,349.111084,1168.061523,64.072464,399.026825,1009.416199,-127.501968,360.390594,1074.847168,-185.711578,417.415558,966.45343,-182.516724,-147.492035,1055.914307,-50.764706,-152.547913,1081.148682,147.881012,117.882065,1080.096313,157.307129,125.163658,1071.704468,-53.970539
6.1,-7.725558,1673.295288,-54.528683,-0.29856,1611.455933,-143.526138,75.491013,1605.61377,-49.296974,-27.130489,1441.489014,99.974007,-84.383179,1277.087402,173.261414,30.096502,1272.90625,184.383331,22.825777,1286.486084,-97.31115,-177.577393,1341.625122,103.43885,-149.784409,1396.587158,-50.464066,-249.919876,1194.950195,-33.267567,-256.186188,1100.286621,-103.596489,-79.54142,928.243408,-181.310303,-8.211503,992.817749,-175.197418,-29.442429,883.0672,-152.696564,104.709618,1350.673096,156.080078,139.801193,1411.593262,-1.795329,263.639587,1283.68811,81.054893,349.847809,1169.470093,67.887741,400.879333,1005.782837,-118.799408,360.859497,1068.423584,-178.907196,419.480347,961.095398,-171.850388,-147.757156,1055.588623,-50.256596,-151.984161,1079.584473,148.637848,118.543655,1079.177979,157.012924,124.902214,1071.859619,-54.618454
6.108,-8.449134,1671.907715,-55.952358,-1.025685,1608.910278,-144.319962,74.847672,1604.420288,-50.032448,-27.688406,1440.582031,101.676361,-84.123161,1275.59436,174.685577,30.250793,1271.629517,185.490768,21.822124,1286.52417,-95.959732,-177.740631,1340.251709,105.777802,-150.817627,1395.930908,-48.050449,-250.784637,1194.158081,-31.043762,-257.437408,1099.992554,-101.950035,-80.890221,928.320984,-181.117462,-9.550775,992.966248,-175.171707,-30.619305,882.987793,-152.718185,104.297234,1349.752319,157.333496,139.421783,1411.263062,-0.327907,263.586456,1284.189697,83.346878,350.339996,1170.856567,71.709633,401.808289,1002.007385,-109.932747,360.500244,1062.050781,-171.695633,420.344574,955.786316,-160.699112,-147.95636,1055.270874,-49.772579,-151.38736,1078.105225,149.376648,119.179901,1078.116455,156.698853,124.672043,1071.932617,-55.088306
6.117,-9.172397,1670.604614,-57.743629,-1.791912,1606.311401,-145.052307,74.112007,1603.106445,-50.685596,-28.117874,1439.704956,103.402596,-83.918541,1274.053833,176.13002,30.424406,1270.354004,186.444244,20.90991,1286.52832,-94.585541,-177.952087,1338.818115,108.247833,-151.987091,1395.301636,-45.531864,-251.572372,1193.294067,-28.894863,-258.553345,1099.454224,-100.167976,-82.280739,928.326782,-180.997879,-11.196001,993.028564,-175.27739,-31.58737,883.413574,-153.745422,104.168015,1348.867554,158.481384,138.947983,1410.590454,0.821113,263.454224,1284.675415,85.73101,350.832886,1172.348389,75.8144,402.08606,998.394714,-100.631042,359.560333,1055.920898,-164.325546,420.466125,950.595581,-149.281342,-148.227814,1054.831787,-49.057438,-150.731247,1076.5979,150.22998,119.796257,1077.067017,156.370056,124.495529,1071.986816,-55.433659
6.125,-9.751291,1669.258911,-59.446945,-2.495602,1603.599609,-145.79248,73.256111,1601.682739,-51.404736,-28.628344,1438.687622,105.136688,-83.736649,1272.418091,177.589676,30.703331,1268.988403,187.55629,19.903185,1286.408813,-93.217789,-178.040009,1337.245728,110.540802,-153.024582,1394.564453,-43.106178,-252.330872,1192.438721,-26.646273,-259.765442,1098.911987,-98.225105,-83.688591,928.295166,-180.738937,-12.577361,993.113037,-175.205872,-32.793781,882.94043,-153.305984,103.861435,1347.999756,159.787338,138.640732,1410.126587,2.125412,263.306122,1285.063477,88.167435,351.266083,1173.614136,79.837807,401.554291,994.688171,-91.54248,357.863068,1049.778442,-156.687027,418.921997,945.299377,-138.781494,-148.440002,1054.459717,-48.409462,-150.10112,1075.036865,151.034592,120.458771,1075.918213,156.061386,124.598129,1072.301392,-56.768818
6.133,-10.431458,1667.61853,-61.186813,-3.207071,1600.728394,-146.508484,72.560371,1600.088013,-52.085114,-29.024399,1437.645874,107.022102,-83.409416,1270.811768,179.051422,30.964632,1267.675049,188.655624,18.97933,1286.269287,-91.789413,-178.105804,1335.71167,113.111656,-154.171066,1393.855103,-40.548088,-253.046844,1191.40332,-24.152239,-261.206909,1098.397461,-96.000488,-84.996567,928.249451,-180.519791,-14.093464,993.158447,-175.168823,-33.800579,882.976257,-153.560349,103.604012,1346.915405,161.175751,137.958862,1409.234863,3.628474,263.021576,1285.406494,90.566765,352.084473,1175.758667,87.137764,400.399109,990.937012,-82.298248,355.604675,1043.71228,-148.799805,416.629761,939.952332,-127.699867,-148.608521,1054.044067,-47.648338,-149.383209,1073.205444,151.815094,121.16861,1074.749146,155.705795,124.23761,1071.999756,-56.056458
6.142,-10.95388,1665.976074,-62.650436,-3.922504,1597.806396,-147.174576,71.993431,1598.534424,-52.758827,-29.48982,1436.528564,108.835381,-83.045326,1269.072632,180.623199,31.220957,1266.078125,189.687103,18.106747,1286.043457,-90.380188,-178.122681,1334.155518,115.648148,-155.166306,1392.947388,-37.966305,-254.43718,1190.779663,-21.281521,-262.172882,1097.55835,-93.980988,-86.252167,928.138245,-180.229065,-15.479898,993.224121,-175.09021,-34.64661,883.190918,-154.418686,103.436134,1345.87915,162.441055,137.489655,1408.498901,5.000408,262.706696,1285.669556,92.954895,351.924042,1176.461914,89.735847,398.46991,987.125671,-73.09066,352.809326,1037.91333,-140.71994,413.602478,934.727539,-116.72229,-148.748718,1053.598145,-46.933136,-148.635986,1071.58606,152.883972,121.861099,1073.498657,155.428345,124.095413,1071.955933,-56.239307
6.15,-11.678949,1664.097534,-64.382965,-4.593599,1594.759521,-147.809189,71.401695,1596.669189,-53.406738,-29.845989,1435.287842,110.701675,-82.574371,1267.268921,182.244217,31.515863,1264.5979,190.898941,17.298626,1285.736206,-88.976265,-178.130524,1332.413208,117.786682,-156.116638,1392.147705,-35.456856,-255.090927,1189.557251,-18.854818,-263.079712,1096.738647,-91.927208,-87.426315,928.064941,-179.943604,-16.893862,993.148254,-174.904755,-35.676517,882.607788,-153.904617,103.1119,1344.565063,163.772446,137.008484,1407.758423,6.24177,262.231079,1285.875122,95.320389,351.886414,1177.525391,94.385429,395.944,983.414246,-63.877487,349.463104,1032.239624,-132.485229,409.748596,929.523743,-105.818329,-148.88797,1053.040161,-46.125912,-147.986404,1069.717896,153.788956,122.569565,1072.163574,155.098999,123.975212,1071.908203,-56.539158
6.158,-12.201043,1662.139648,-65.875023,-5.141794,1591.501465,-148.266312,70.832832,1594.863647,-54.001801,-30.205732,1434.011475,112.547081,-82.286552,1265.463135,183.959106,31.748663,1262.893799,192.082047,16.521709,1285.316162,-87.569992,-178.087036,1330.842163,120.524406,-157.068039,1391.09729,-32.921986,-255.571091,1188.323486,-16.448881,-264.047363,1095.81604,-89.814903,-88.739174,927.730469,-179.455994,-18.315275,993.074829,-174.815582,-36.482925,882.411804,-153.86438,102.878883,1343.335205,165.086136,136.353394,1406.68457,7.70546,262.103882,1286.13916,97.949654,351.401733,1177.846069,97.394211,392.847809,979.558472,-54.674721,345.70459,1026.735962,-124.147148,404.912079,924.278809,-94.883858,-148.864456,1052.532837,-45.55703,-147.269897,1067.881836,154.658539,123.259605,1070.762817,154.789642,123.874191,1071.793945,-56.730213
6.167,-12.66064,1660.013794,-67.162384,-5.72791,1588.218018,-148.739594,70.282646,1592.918579,-54.347176,-30.483809,1432.597656,114.345261,-81.951668,1263.535645,185.135956,32.006992,1261.244995,193.171112,15.785911,1284.861694,-86.163879,-178.026779,1329.026855,122.972771,-157.991165,1390.079956,-30.480724,-255.9785,1186.836792,-13.921082,-265.070862,1094.81189,-87.569038,-89.837059,927.385986,-178.958069,-19.685902,992.830017,-174.465805,-37.19854,882.148804,-154.037094,102.662735,1341.837036,166.400131,135.998444,1405.733765,9.110639,261.795776,1286.062012,100.36515,351.061981,1178.18396,101.755569,389.045074,975.608398,-45.462811,341.641235,1021.485901,-115.841438,399.301636,919.101685,-83.932816,-149.051132,1051.868286,-44.660191,-146.508896,1065.826782,155.768799,123.826347,1069.32251,154.506683,123.803345,1071.632324,-56.863731
6.175,-13.177046,1658.028809,-68.748734,-6.301764,1585.032104,-149.138626,69.746834,1590.974609,-54.824135,-30.746328,1431.156738,116.113861,-81.642097,1261.64502,186.578171,32.269672,1259.470337,194.447464,15.110987,1284.301636,-84.788177,-177.987869,1327.224365,125.241982,-158.908493,1388.907471,-27.988825,-256.233215,1185.361206,-11.394046,-265.984192,1093.685303,-85.283585,-90.816681,926.890686,-178.402481,-20.959475,992.538269,-174.175385,-37.956699,881.868103,-154.174423,102.384071,1340.481323,167.833572,135.567459,1404.43457,10.704651,261.263794,1285.755615,102.698441,350.532532,1178.242554,105.52597,384.514496,971.69281,-36.462349,337.189606,1016.500488,-107.631744,392.950134,913.964844,-73.178383,-149.076447,1051.19397,-44.004078,-145.982498,1063.885742,156.644287,124.442558,1067.732056,154.295898,123.75399,1071.436523,-56.985237
6.183,-13.446049,1655.901367,-70.089981,-6.834229,1581.797241,-149.625946,69.112076,1589.012329,-55.341347,-31.000797,1429.723755,117.831108,-81.317467,1259.730103,188.032349,32.372017,1257.672852,195.549988,14.487131,1283.671631,-83.437141,-177.863632,1325.414551,127.441856,-159.851303,1387.803223,-25.717995,-256.55188,1183.871704,-8.971511,-266.938995,1092.436523,-82.924294,-91.960762,926.327209,-177.769653,-22.354136,992.265808,-173.923035,-38.613319,881.394714,-153.858994,102.186272,1338.899048,169.177673,135.283279,1403.305908,12.0631,260.72287,1285.404175,105.073326,349.92627,1178.201294,109.437675,379.731567,967.801453,-27.578279,332.410828,1011.621216,-99.358719,385.953339,909.023926,-62.490738,-149.225525,1050.393799,-43.16584,-145.270355,1061.767944,157.489258,125.127419,1066.248413,154.116638,123.748878,1071.160645,-57.069214
6.192,-13.909997,1653.768677,-71.426376,-7.406722,1578.625,-149.905975,68.624603,1586.969727,-55.691963,-31.142458,1428.391235,119.504433,-80.9851,1257.737061,189.463455,32.48175,1255.897949,196.621338,14.004248,1282.938721,-82.106308,-177.794144,1323.685913,129.652649,-160.721451,1386.510132,-23.533289,-256.807495,1182.134277,-6.563951,-267.791748,1091.096436,-80.661926,-92.953606,925.670288,-177.125183,-23.566345,991.818787,-173.568665,-39.290333,880.728333,-153.366623,102.018738,1337.465942,170.447525,135.105911,1401.882568,13.373692,260.113739,1284.870117,107.500336,349.255615,1177.696289,113.268288,374.366211,963.893494,-18.843557,327.237488,1006.986023,-91.228012,378.4039,904.339905,-51.954216,-149.394638,1049.523315,-42.363663,-144.629486,1059.703491,158.442947,125.660149,1064.576416,153.978943,123.711021,1070.836548,-57.119534
6.2,-14.328143,1651.728638,-72.730453,-7.901239,1575.461792,-150.130569,68.205376,1585.097534,-56.274418,-31.335756,1426.95459,121.13356,-80.756317,1255.897949,190.746582,32.592155,1254.082031,197.841324,13.629932,1282.019775,-80.717293,-177.689957,1321.832275,131.649963,-161.453918,1385.346069,-21.509256,-257.250061,1180.464722,-4.21505,-268.699921,1089.680542,-78.443489,-93.903465,924.947266,-176.324249,-24.843098,991.261536,-173.228058,-39.863674,880.141785,-153.125931,101.87059,1335.897827,171.803024,135.061478,1400.682617,14.61194,259.647461,1284.269165,109.82412,348.49118,1177.110962,116.969727,368.799713,960.131775,-10.525545,321.873688,1002.592468,-83.522873,370.38446,899.970947,-41.575783,-149.550827,1048.572266,-41.720955,-144.046082,1057.689697,159.223618,126.199036,1063.04834,153.911682,123.73465,1070.463257,-57.152386
6.208,-14.797641,1649.528564,-73.835075,-8.41432,1572.385742,-150.379913,67.829247,1583.036499,-56.654762,-31.342007,1425.553955,122.663559,-80.53804,1253.990234,191.919662,32.705662,1252.336792,198.850067,13.295528,1281.069702,-79.3843,-177.570419,1320.079712,133.632095,-162.261032,1383.908936,-19.42384,-257.519073,1178.856201,-1.922711,-269.606628,1088.178955,-76.120308,-95.298759,923.821411,-174.378387,-26.170595,990.624634,-172.906097,-40.36895,879.518127,-153.067947,101.726418,1334.376099,172.975143,135.218506,1399.258911,16.105873,259.069092,1283.440308,112.224258,347.774658,1176.230469,120.648415,363.052704,956.598328,-2.240473,316.318542,998.40509,-75.922676,362.146667,895.804504,-31.601917,-149.645767,1047.471436,-41.108833,-143.373215,1055.594849,160.00705,126.602547,1061.501343,153.897308,123.797203,1070.063599,-57.191532
6.217,-15.115367,1647.501709,-74.874298,-8.860161,1569.348022,-150.521576,67.534401,1581.184448,-57.058094,-31.424652,1424.122803,124.128578,-80.363853,1252.107666,193.17215,32.763237,1250.574097,199.83432,13.08647,1279.926514,-78.001167,-177.414734,1318.397461,135.564819,-162.941696,1382.545654,-17.637587,-257.895966,1177.056641,0.445592,-270.489655,1086.742065,-73.877876,-96.375359,922.920776,-173.453598,-27.38262,989.993774,-172.551483,-41.118641,878.529968,-152.319,101.663429,1332.815063,174.195831,135.257523,1397.85144,17.378195,258.632019,1282.48584,114.523186,346.999176,1175.132202,124.160843,357.021423,952.979431,5.611968,310.536224,994.413269,-68.315666,353.677765,891.938782,-21.809158,-149.838013,1046.408691,-40.43,-142.907654,1053.581299,160.578217,127.102074,1059.834473,153.938538,123.84819,1069.519287,-57.176338
6.225,-15.529943,1645.343628,-75.91214,-9.295628,1566.37561,-150.60556,67.275681,1579.264648,-57.408512,-31.443655,1422.755005,125.559837,-80.111443,1250.378418,194.275223,32.910851,1248.873779,200.764465,12.947238,1278.760254,-76.563202,-177.396683,1316.743774,137.255966,-163.467514,1381.167236,-15.976872,-258.321228,1175.450317,2.681717,-271.419861,1085.20105,-71.552231,-97.505066,921.978638,-172.494537,-28.762972,989.302246,-172.229706,-41.83239,877.746582,-151.904678,101.621742,1331.287231,175.498428,135.41803,1396.571167,18.558365,258.151367,1281.402222,116.790878,346.267059,1173.956055,127.509491,350.986786,949.501709,13.093252,304.448761,990.723328,-61.176556,345.212921,888.470886,-12.505004,-149.959976,1045.394165,-40.006065,-142.355865,1051.731079,161.227951,127.438705,1058.344971,154.011826,123.870262,1068.837769,-57.124271
6.233,-15.827351,1643.251221,-76.882889,-9.765507,1563.533081,-150.722458,67.034309,1577.308716,-58.042622,-31.399984,1421.299805,126.885567,-79.906387,1248.592163,195.395935,32.962738,1247.210205,201.752686,12.875558,1277.538086,-75.248932,-177.227829,1315.215332,138.948807,-164.017288,1379.763184,-14.26659,-258.584381,1173.881592,4.830462,-272.393188,1083.584229,-69.194214,-98.661804,921.031982,-171.369431,-30.374485,988.816101,-172.280869,-42.497513,877.040344,-151.700623,101.663094,1329.796021,176.575226,135.559128,1395.248901,19.667614,257.737,1280.3479,118.860397,345.688446,1173.120361,131.466232,345.062042,946.560059,20.309629,298.40155,987.427429,-54.273262,336.822388,885.437683,-3.594619,-150.296951,1044.251465,-39.179665,-141.704025,1049.824097,161.782318,127.772179,1056.798584,154.122421,123.944717,1068.12207,-57.142303
6.242,-16.110224,1641.268433,-77.846992,-10.138049,1560.802612,-150.90538,66.899841,1575.564819,-58.570415,-31.362083,1419.935791,127.999512,-79.706612,1247.021729,196.352127,33.006111,1245.53186,202.58963,12.705647,1276.378906,-74.1297,-177.194641,1313.670288,140.374161,-164.200272,1378.312622,-12.825735,-258.956818,1172.241089,7.062341,-273.420319,1082.07959,-66.986641,-99.879913,920.223633,-170.365829,-31.846754,988.26709,-172.070587,-43.221966,876.515076,-151.904099,101.532494,1328.297241,177.673462,135.763977,1393.980713,20.847563,257.156403,1279.089111,120.965881,344.656982,1171.665283,134.406845,339.198639,943.609497,27.138439,292.417114,984.420959,-47.461479,328.571472,882.651917,4.69723,-150.327347,1043.338501,-38.791874,-141.335861,1048.208496,162.270676,128.052521,1055.43042,154.284241,124.057007,1067.419312,-57.12476
6.25,-16.25848,1639.4375,-78.613548,-10.499332,1558.266357,-151.001022,66.735893,1573.757935,-59.024998,-31.297031,1418.600708,129.048584,-79.603561,1245.496704,197.374542,33.081467,1244.150513,203.368118,12.475245,1275.397095,-73.256012,-176.989624,1312.320801,141.771561,-164.230194,1376.846313,-11.596903,-259.30722,1170.941162,9.098376,-274.578552,1080.513916,-64.674278,-101.305206,919.214722,-169.282532,-33.594521,987.813965,-172.130524,-44.319431,875.690125,-151.498444,101.531578,1326.935791,178.761658,135.84404,1392.628784,22.052727,256.67807,1277.89209,122.759064,343.944275,1170.40564,137.147461,333.488586,941.08197,33.32283,286.468872,981.706848,-40.726521,320.316406,880.278992,12.412416,-150.450333,1042.273682,-38.274246,-141.043365,1046.50293,162.781082,128.326096,1054.112549,154.459259,124.225838,1066.736206,-57.101551
6.258,-16.286688,1637.662842,-79.323341,-10.815101,1555.953003,-151.089661,66.675644,1572.282837,-59.460243,-31.244368,1417.467773,129.98848,-79.460747,1244.190796,198.237457,33.181332,1242.699463,204.04097,12.230376,1274.490112,-72.584,-176.896759,1311.108521,142.916183,-163.967377,1375.470337,-10.617872,-259.673187,1169.506104,11.094476,-275.861755,1079.103271,-62.477715,-102.780083,918.520935,-168.561493,-35.409382,987.493103,-172.290436,-45.34964,875.420654,-151.933029,101.505997,1325.62439,179.496796,136.106964,1391.469971,22.921263,256.113129,1276.562378,124.59063,343.205292,1169.180908,139.931015,327.93689,938.671509,38.82869,280.537109,979.533142,-35.250603,312.59964,878.561646,19.170546,-150.445938,1041.277832,-37.893017,-140.734756,1045.044922,163.154587,128.515732,1052.910522,154.597443,124.352081,1065.910156,-57.044125
6.267,-16.363361,1636.209106,-79.951843,-11.084545,1553.919434,-151.160233,66.668358,1570.813477,-59.632679,-31.138317,1416.334717,130.690338,-79.24295,1242.912842,199.116257,33.195038,1241.435791,204.603104,12.09387,1273.563477,-72.058365,-176.784897,1310.117065,143.840027,-163.681717,1374.102661,-9.717237,-260.040894,1168.460693,12.909179,-276.349609,1077.833496,-59.364944,-104.444199,918.0401,-167.871017,-37.411316,987.233459,-172.609528,-46.850334,874.77832,-151.724533,101.391655,1324.425049,180.364395,136.41954,1390.343628,23.913418,255.70491,1275.522583,126.314415,342.563721,1168.029785,143.233292,323.293793,936.932495,43.176586,275.223206,978.174988,-29.757626,306.19989,876.622986,23.337563,-150.541779,1040.418701,-37.402695,-140.430222,1043.666626,163.644775,128.775681,1051.825928,154.810501,124.392677,1064.93335,-56.950375
6.275,-16.37616,1634.929688,-80.471138,-11.296259,1552.255615,-151.190781,66.615799,1569.613037,-59.90881,-31.054728,1415.451416,131.249023,-79.090347,1241.980469,199.787796,33.307686,1240.370605,205.017395,12.164476,1272.719238,-71.524155,-176.666183,1309.218872,144.772781,-163.193832,1372.715088,-9.105394,-260.371094,1167.395996,14.713121,-277.728394,1076.610718,-56.934105,-106.369835,917.632446,-167.704498,-39.703411,987.121582,-173.124756,-48.374905,874.682556,-152.676956,101.356529,1323.471313,180.940201,136.812225,1389.455322,24.612564,255.177612,1274.624878,128.216446,341.982117,1167.345947,146.486221,319.099609,935.870911,46.547642,271.112274,977.611328,-25.307497,302.082825,875.531433,25.713491,-150.154541,1039.735474,-37.188747,-140.049973,1042.489746,164.148819,128.914719,1050.907104,154.964371,124.638542,1063.908203,-56.857655
6.283,-16.361906,1633.954224,-80.822548,-11.416098,1551.001465,-151.338257,66.63974,1568.678467,-60.295616,-30.991833,1414.701172,131.666763,-78.854271,1241.175049,200.481125,33.342133,1239.410156,205.371567,12.388015,1271.756226,-71.123016,-176.65799,1308.581177,145.516708,-162.851013,1371.54895,-8.477528,-260.724976,1166.734619,16.331938,-279.209961,1075.615845,-54.479839,-108.724167,917.563293,-167.969345,-42.333107,987.345459,-173.915741,-50.421494,874.645813,-154.040436,101.237343,1322.532349,181.433472,137.252747,1388.733765,25.162802,254.65596,1274.218018,130.125031,340.811493,1166.424561,150.110626,315.480499,935.831482,48.898033,269.192871,977.844299,-23.148779,301.471161,874.984741,26.186207,-150.129196,1038.964233,-36.80555,-139.764771,1041.481812,164.45192,128.983505,1049.986084,155.201324,124.920364,1062.933228,-56.717182
6.292,-16.319193,1633.242554,-81.171295,-11.552871,1550.082886,-151.43956,66.734245,1567.917358,-60.621567,-30.989281,1414.019165,131.916916,-78.705055,1240.42981,200.939499,33.365898,1238.732544,205.604523,12.690242,1270.921021,-70.816315,-176.658508,1308.055298,146.123505,-162.478088,1370.404907,-8.108603,-261.102264,1166.338013,17.881731,-280.959595,1074.80896,-51.84639,-111.441505,917.733032,-168.570404,-45.233761,987.88855,-175.008469,-52.94355,875.046021,-156.14389,101.126915,1321.797974,181.65596,137.818878,1388.292969,25.638905,253.963409,1274.017456,132.278946,339.279419,1165.534546,153.841064,314.467743,936.61853,49.759163,269.007507,978.980713,-21.906193,302.942627,874.476013,24.941536,-150.272659,1038.175293,-36.24575,-139.666779,1040.597778,164.895706,129.078384,1049.31958,155.41272,125.259239,1061.892456,-56.595062
6.3,-16.251314,1632.810547,-81.415649,-11.602605,1549.532104,-151.589066,66.815613,1567.423218,-60.891666,-30.982458,1413.590332,131.971146,-78.566086,1239.991699,201.167023,33.367775,1238.283813,205.696136,13.074746,1270.194824,-70.621147,-176.730743,1307.727417,146.661819,-161.997345,1369.405518,-7.638786,-261.482178,1166.079346,19.502146,-282.878387,1074.334717,-49.294647,-114.692581,918.396545,-169.799683,-48.645943,988.788879,-176.375687,-56.177368,875.803833,-158.813354,100.920113,1321.389771,182.087097,138.374573,1388.034912,26.174774,253.377609,1273.872314,134.67218,337.602325,1164.371338,157.505173,315.660797,937.089172,49.530903,269.194427,980.050293,-20.409662,304.798279,874.667114,23.230848,-150.21347,1037.595581,-35.963219,-139.625427,1040.089722,165.345627,129.091125,1048.952026,155.652786,125.479874,1061.168091,-56.464287
6.308,-16.17646,1632.649292,-81.569283,-11.633095,1549.386963,-151.76561,66.937225,1567.222656,-61.182892,-31.036715,1413.303589,131.916946,-78.427727,1239.750366,201.216263,33.256863,1237.975464,205.745651,13.461809,1269.692627,-70.527725,-176.697906,1307.53418,147.208939,-161.673233,1368.572144,-7.295737,-261.775055,1166.129272,21.227808,-284.925507,1074.138184,-46.372456,-118.435089,919.492004,-171.447662,-52.551647,990.203186,-178.147537,-60.065109,877.080933,-162.360626,100.596725,1321.151855,182.40419,138.925964,1387.978516,26.877563,252.998917,1273.680664,137.059052,335.517761,1163.187256,160.986328,317.605682,937.025696,49.266354,270.075195,981.121155,-19.656265,306.373566,875.434387,22.16213,-150.060089,1037.194702,-35.750774,-139.621918,1039.853149,165.718369,129.057022,1048.917358,156.020844,125.753922,1060.589966,-56.313595
6.317,-16.139719,1632.759888,-81.656517,-11.659044,1549.585571,-151.992996,66.989494,1567.41687,-61.580292,-31.100767,1413.248657,131.791962,-78.304138,1239.656372,201.100342,33.106075,1237.895996,205.765915,13.964833,1269.353638,-70.527046,-176.623932,1307.593628,147.762817,-161.49704,1367.982178,-6.908836,-262.153229,1166.379639,23.22057,-287.196533,1074.119141,-43.234722,-122.866486,921.085205,-173.310135,-56.863747,991.978149,-180.293732,-64.537506,878.574341,-165.650772,100.185333,1321.096069,182.724808,139.416504,1388.110718,27.628164,252.890823,1273.523438,139.398361,333.401093,1161.688232,163.200439,319.371552,937.187622,49.238354,271.711548,982.263184,-20.194992,307.503448,876.38623,22.015593,-149.906372,1036.889771,-35.461391,-139.647934,1039.791748,166.0186,128.953156,1049.159668,156.709229,126.060875,1060.207886,-56.165611
6.325,-16.126139,1633.14563,-81.783562,-11.659457,1550.083374,-152.234726,67.115471,1567.852173,-61.914906,-31.116369,1413.427002,131.534317,-78.239677,1239.714966,200.854828,32.86322,1237.992676,205.666397,14.547111,1269.293579,-70.575714,-176.505615,1307.91626,148.258484,-161.444519,1367.55127,-6.625324,-262.143127,1166.675537,25.397806,-289.441223,1074.431885,-39.713352,-127.755669,923.274597,-175.51886,-61.441967,993.87561,-182.110916,-69.853394,880.588867,-169.505707,99.630035,1321.267822,183.140839,139.928848,1388.449951,28.372355,252.685074,1273.260132,141.557434,331.808289,1160.911133,165.753967,320.609619,937.602478,49.593437,273.330414,983.339172,-21.252123,308.46402,877.445374,22.404463,-149.720718,1036.737793,-35.345215,-139.726074,1039.943604,166.258057,128.825134,1049.629761,157.519547,126.353996,1059.924194,-55.958324
6.333,-16.094944,1633.717529,-81.738045,-11.735065,1550.901489,-152.435104,67.282585,1568.51355,-62.2929,-31.112234,1413.785889,131.200623,-78.183342,1239.955933,200.56514,32.627796,1238.330811,205.577545,15.167965,1269.474121,-70.66761,-176.310593,1308.380249,148.608215,-161.506989,1367.466431,-6.421007,-262.539673,1167.274292,28.059309,-291.914459,1074.995605,-35.926056,-133.533432,925.901978,-177.905548,-67.625229,996.748901,-185.331757,-75.917274,883.05304,-173.931366,99.022545,1321.602661,183.318329,140.439835,1389.000122,29.044102,252.356552,1273.06897,143.488663,330.669373,1160.621582,167.973404,321.210815,938.082825,50.242016,274.877747,984.324036,-21.738569,309.42572,878.503357,23.125401,-149.526352,1036.669189,-35.275616,-139.832993,1040.316772,166.388641,128.704819,1050.287354,158.293228,126.653717,1059.791992,-55.669575
6.342,-16.040056,1634.490234,-81.670441,-11.725976,1551.919189,-152.648636,67.459549,1569.360596,-62.682465,-31.068796,1414.314453,130.795639,-78.119995,1240.428467,200.184204,32.407612,1238.804932,205.389282,15.802268,1269.86438,-70.797256,-175.976944,1309.055176,148.910889,-161.679977,1367.60437,-6.304336,-262.948975,1168.032471,31.044596,-294.249939,1075.667725,-31.633799,-140.011322,929.383301,-180.875305,-74.208572,999.791626,-188.284515,-82.705246,885.960022,-178.867386,98.426605,1322.129395,183.554688,140.943314,1389.94397,29.538797,251.895844,1273.291382,144.916168,329.782837,1160.740356,169.854568,321.683105,938.904236,51.453358,276.594086,985.056519,-20.851841,310.286133,879.470398,23.973953,-149.216064,1036.684692,-35.349564,-139.961807,1040.959351,166.361862,128.525482,1051.130005,159.035172,126.92395,1059.774292,-55.300701
6.35,-16.057943,1635.512573,-81.607262,-11.707634,1553.272461,-152.807556,67.688324,1570.606445,-63.054218,-30.974052,1414.945679,130.281998,-77.983276,1241.106201,199.702042,32.218227,1239.404541,205.181778,16.470043,1270.557007,-70.952713,-175.474182,1309.978638,149.246918,-161.930817,1368.17627,-6.283175,-263.218994,1169.028687,34.56699,-296.606445,1076.676025,-26.852345,-147.032104,932.684448,-183.423691,-81.384697,1003.31427,-191.671127,-89.967476,889.143616,-183.89003,97.982475,1322.77832,183.474747,141.428024,1391.098389,29.85483,251.293533,1273.932495,146.013565,328.892334,1161.339722,171.512054,321.99649,939.907593,52.487003,278.13028,985.957703,-19.8592,311.037781,880.372498,25.042997,-148.689865,1036.812622,-35.583794,-140.221313,1041.945557,166.116135,128.334839,1052.147705,159.789322,127.234619,1059.885254,-54.861511
6.358,-15.978232,1636.769775,-81.51638,-11.698845,1554.804077,-153.089417,67.915428,1571.919922,-63.390388,-30.714403,1415.696289,129.702255,-77.832542,1241.860229,199.294556,32.189693,1240.336548,204.889328,17.110073,1271.536865,-71.035645,-174.908066,1311.098755,149.501892,-162.067505,1368.764404,-6.276237,-263.4534,1170.282471,38.226955,-298.815948,1077.94458,-22.004103,-154.272675,935.971436,-184.772095,-89.285202,1007.032288,-194.716232,-97.860298,892.713867,-189.253494,97.740334,1323.692017,183.372482,141.878235,1392.277222,29.879297,250.528152,1274.851685,146.719696,328.218414,1162.30249,172.876022,322.08252,941.307007,54.033127,279.141541,987.046997,-18.912382,311.506592,881.449646,26.500177,-148.03569,1037.064453,-35.97765,-140.483749,1043.089355,165.559677,127.921669,1052.850464,158.774033,127.608704,1060.062256,-54.234741
6.367,-15.88708,1638.220459,-81.343781,-11.657617,1556.588745,-153.284805,68.22773,1573.487183,-63.660511,-30.228062,1416.742554,129.123154,-77.611961,1242.840332,198.799652,32.178516,1241.366821,204.496857,17.798656,1272.725342,-71.046707,-174.208649,1312.383301,149.695526,-162.277023,1369.710815,-6.108055,-263.314087,1171.728882,42.116978,-301.003784,1079.422241,-16.725025,-162.590256,939.65332,-186.380081,-97.846062,1011.038086,-197.723221,-106.342117,896.668152,-194.591461,97.669113,1324.628784,182.836899,142.43187,1393.695435,29.749493,249.358688,1275.824829,146.906158,327.52124,1163.678711,173.993546,321.841553,942.553284,55.721748,279.909302,988.130615,-17.700319,311.443481,882.427307,28.316507,-147.231659,1037.413452,-36.450317,-140.790329,1044.441284,164.929901,127.686752,1054.072632,159.470749,128.007019,1060.351196,-53.487465
6.375,-15.756415,1639.796631,-81.004852,-11.536057,1558.621582,-153.465866,68.401047,1575.157227,-63.865997,-29.74259,1417.73584,128.428284,-77.310196,1244.046509,198.212036,32.253742,1242.460693,204.037567,18.674555,1273.956787,-71.0634,-173.366547,1313.979126,150.365448,-162.55806,1370.84375,-5.966611,-263.182007,1173.492554,46.170425,-302.994812,1081.088501,-11.263078,-171.114502,943.482849,-187.69455,-107.156616,1015.429749,-200.730728,-115.4244,900.764709,-200.048218,97.819908,1325.806274,182.426712,143.006317,1395.096069,29.291307,248.951035,1277.349731,147.034515,326.849548,1165.416382,174.973618,321.116821,943.823425,57.854614,280.061859,989.072937,-16.020542,310.877472,883.559082,30.63221,-146.357132,1037.978638,-37.076229,-141.086823,1046.099976,164.088562,127.538231,1055.370972,160.309784,128.437271,1060.798828,-52.804996
6.383,-15.762186,1641.546997,-80.667839,-11.411056,1560.842896,-153.683243,68.663689,1576.991333,-64.243301,-28.909906,1418.933716,127.756073,-76.875443,1245.277954,197.585022,32.451801,1243.841309,203.463364,19.58868,1275.4021,-71.100693,-172.504486,1315.60498,150.724792,-162.697601,1372.234863,-5.809792,-262.73053,1175.361206,50.159527,-305.033997,1083.02771,-5.739422,-180.085068,947.494568,-188.914368,-116.914558,1019.861084,-203.707825,-124.955856,905.158875,-205.116364,98.20768,1327.056641,181.580353,143.612778,1396.593872,28.631729,248.881042,1279.07251,146.795273,326.481995,1167.143311,175.765671,320.23172,944.938538,59.957199,279.845551,989.92041,-14.221862,309.81369,884.591064,33.266006,-145.277527,1038.758179,-37.888264,-141.231384,1047.82312,163.218307,127.377525,1056.779541,161.182083,128.879669,1061.311157,-51.96682
6.392,-15.659883,1643.491211,-80.468941,-11.267293,1563.182739,-154.004684,68.924576,1578.899536,-64.548653,-28.071157,1420.246826,126.921814,-76.430206,1246.72168,196.971146,32.783539,1245.241943,202.84346,20.487213,1276.900391,-71.286125,-171.523224,1317.452515,151.009583,-162.814713,1373.678833,-5.685253,-262.08725,1177.356079,54.083126,-306.910828,1085.066284,-0.172589,-189.48201,951.814636,-189.868805,-127.257782,1024.584229,-206.40387,-134.763489,909.946594,-209.887695,98.717529,1328.488037,180.721359,144.322647,1398.033691,27.735699,249.047272,1280.914429,146.352158,326.430267,1169.381958,176.369186,319.461914,946.15448,62.234196,279.077789,990.75824,-12.448715,308.8396,885.692078,35.915573,-144.565506,1039.499756,-37.979206,-141.455368,1049.757568,162.303787,127.155991,1058.242798,161.966919,129.381821,1061.855103,-51.107494
6.4,-15.449708,1645.482178,-80.183456,-11.136905,1565.686523,-154.272675,69.230858,1581.020874,-64.8526,-27.068872,1421.662842,126.05439,-75.832909,1248.248779,196.286118,33.200268,1246.965942,202.146606,21.459845,1278.50647,-71.610527,-170.411957,1319.28418,151.16301,-162.885315,1375.44873,-5.555575,-261.591522,1179.751709,57.791309,-308.776062,1087.386108,5.348042,-199.14502,956.069336,-190.407974,-138.029373,1029.516968,-209.009827,-145.205582,914.197083,-213.954453,99.373909,1330.046997,179.804199,144.998428,1399.449219,26.628448,249.56369,1282.977417,145.811722,326.489136,1171.434692,176.898926,318.498535,947.413635,64.483253,277.927612,991.531433,-10.39388,307.677765,886.726318,38.565956,-143.681381,1040.555298,-38.66489,-141.824768,1051.957031,161.373993,126.86834,1060.091675,163.643234,129.940964,1062.545166,-50.384727
6.408,-15.222381,1647.475586,-79.774254,-10.961407,1568.246704,-154.490158,69.594711,1583.084229,-65.199371,-26.172333,1423.170898,125.02639,-75.256432,1250.021729,195.594894,33.631039,1248.702148,201.417252,22.406767,1279.989136,-72.139702,-169.193192,1321.343994,151.229248,-163.015793,1377.196045,-5.348042,-261.011383,1182.110962,61.349678,-310.561615,1090.059692,10.772246,-209.319138,960.384399,-190.863846,-149.307907,1034.696289,-211.298233,-156.420334,918.838074,-218.126419,100.03009,1331.651367,178.705765,145.750595,1400.805176,25.369181,250.655884,1285.33252,145.301788,326.733978,1173.67334,177.180542,317.821869,948.68219,66.583366,276.368561,992.328796,-8.288333,306.701233,887.756226,41.125706,-142.718491,1041.71582,-39.350098,-142.087296,1054.146851,160.298111,126.798866,1062.025635,164.818771,130.57338,1063.270874,-49.588276
6.417,-15.091556,1649.473267,-79.358513,-10.855337,1570.900269,-154.560623,69.819504,1585.104126,-65.486649,-25.116133,1424.821899,123.913918,-74.49688,1251.719971,194.832352,34.176029,1250.503906,200.596497,23.342621,1281.610718,-72.729126,-168.024277,1323.385254,151.307343,-163.015106,1379.120117,-5.606726,-260.398865,1184.791016,64.546989,-311.474152,1092.539673,16.009001,-218.969086,965.214355,-190.71344,-160.852722,1039.919189,-213.450195,-167.918015,924.517883,-222.762634,100.745377,1333.439697,177.603027,146.576233,1402.152344,23.938421,251.721146,1287.728882,144.496979,326.994263,1175.906372,177.437698,317.068542,949.970459,68.614174,275.017853,993.19635,-6.343479,305.89978,888.871155,43.505833,-141.794495,1042.987549,-40.079571,-142.378967,1056.406128,159.36824,126.517159,1063.840332,165.383469,131.203186,1064.001587,-48.884106
6.425,-14.84787,1651.654053,-78.903854,-10.738052,1573.551392,-154.572403,70.119003,1587.235474,-65.610909,-24.0348,1426.414062,122.760208,-73.676979,1253.516602,194.121033,34.794262,1252.379883,199.685532,24.365692,1283.057251,-73.45977,-166.839661,1325.511841,151.345917,-163.080124,1380.95459,-5.676661,-259.75769,1187.406982,67.846344,-312.868927,1095.29126,21.276909,-228.738235,970.130249,-190.256454,-172.75061,1045.240601,-215.115417,-179.669418,929.849121,-226.318008,101.483299,1335.241821,176.310226,147.31955,1403.284058,22.441065,252.432083,1289.783813,143.542709,327.272766,1177.99353,177.687027,316.412994,951.12616,70.424988,273.697357,994.047791,-3.845551,305.26947,889.937439,45.701008,-141.005005,1044.283569,-40.601788,-142.547287,1058.656006,158.536667,126.33139,1065.88623,165.695312,131.716125,1064.753052,-48.153046
6.433,-14.650455,1653.724609,-78.52124,-10.641651,1576.238403,-154.738541,70.416748,1589.324707,-65.486893,-22.984972,1427.969482,121.51664,-72.838142,1255.399048,193.336395,35.347179,1254.154907,198.864502,25.266287,1284.412354,-74.227577,-165.612839,1327.701172,151.256958,-162.983353,1382.914307,-5.919862,-259.309967,1190.380249,70.72094,-314.373108,1098.402466,26.227978,-238.696747,974.997986,-189.241486,-185.049545,1050.818115,-216.899979,-191.170151,935.623047,-229.567017,102.255821,1336.994751,175.170471,148.13443,1404.522095,20.862034,253.026779,1292.138916,142.755402,327.682648,1180.299316,178.063812,315.915619,952.334595,72.254501,272.72467,994.894165,-1.906458,304.777557,890.979919,47.74514,-140.299484,1045.638672,-41.145443,-142.772324,1060.89917,157.663086,126.132446,1067.759277,166.037766,132.285706,1065.541382,-47.547367
6.442,-14.430434,1655.826172,-78.008965,-10.550303,1578.949219,-154.935883,70.686462,1591.352905,-65.860794,-21.898285,1429.559814,120.242203,-72.145508,1257.074585,192.515778,35.937241,1256.010864,197.966461,26.235535,1285.769043,-75.087509,-164.389099,1329.807861,151.145798,-163.023834,1384.829834,-6.165072,-259.022614,1193.328003,73.337486,-315.650635,1101.364014,31.042084,-248.207458,979.348572,-187.452026,-197.293976,1056.300903,-218.144012,-203.148026,941.526428,-231.828613,103.076004,1338.786011,173.817108,149.025681,1405.639038,19.210058,253.815079,1294.369995,141.843399,327.877686,1182.312988,178.307404,315.390442,953.62262,73.985535,272.111145,995.815979,-0.218945,304.527222,892.096008,49.765858,-139.595688,1046.999634,-41.675766,-142.900131,1063.119995,156.97464,125.977066,1069.852295,166.265564,132.691208,1066.183594,-46.978756
6.45,-14.275014,1657.891846,-77.432854,-10.514977,1581.691162,-155.095383,70.982933,1593.456665,-66.17926,-20.923338,1431.199341,118.938179,-71.432137,1258.875244,191.691666,36.577854,1257.815308,197.073196,27.230356,1287.10022,-75.905571,-163.198685,1331.817505,150.923843,-163.232529,1387.167969,-6.567961,-258.613831,1196.174683,75.884857,-317.095123,1104.658081,35.587543,-258.398834,983.932617,-186.10141,-209.634735,1061.819214,-218.874832,-215.311172,946.625183,-233.190201,103.724838,1340.546997,172.627243,149.762054,1406.707397,17.568579,254.284317,1296.383911,141.062256,328.012939,1184.369385,178.660355,315.104279,955.004761,75.801758,271.864227,996.74585,1.134529,304.472656,893.150757,51.579266,-138.851486,1048.247437,-42.124413,-142.894653,1065.292358,156.350189,125.85479,1071.694946,166.546616,133.091278,1066.841919,-46.463398
6.458,-14.050653,1659.774048,-76.891907,-10.43637,1584.320435,-155.212128,71.420044,1595.387939,-66.517227,-19.93877,1432.753296,117.678352,-70.675224,1260.550293,190.763229,37.122532,1259.532959,196.211411,28.201778,1288.390747,-76.862389,-161.999924,1333.830444,150.632462,-163.083008,1389.130127,-6.938261,-258.347687,1199.204956,78.097008,-318.492981,1107.837158,39.961346,-267.775848,988.396484,-183.564453,-222.144089,1067.412109,-219.388641,-227.39975,951.933716,-234.078033,104.38427,1342.077148,171.427094,150.410126,1407.754639,16.057751,254.827911,1298.31189,140.342926,328.110321,1186.202637,179.077759,315.009033,956.352966,77.303261,271.976379,997.683899,2.275566,304.555603,894.266785,53.423138,-138.28241,1049.404175,-42.446491,-143.036407,1067.536255,155.95752,125.834404,1073.746216,166.80455,133.456635,1067.481445,-46.023926
6.467,-13.732674,1661.738525,-76.312744,-10.331168,1586.889404,-155.288422,71.739609,1597.287354,-66.873428,-18.932306,1434.265625,116.454185,-69.991539,1262.045776,189.880081,37.673553,1261.238892,195.33812,29.143057,1289.532715,-77.836487,-160.93541,1335.71936,150.261551,-162.911285,1390.96167,-7.312818,-258.112671,1202.205933,80.235527,-319.785248,1111.234863,44.07069,-277.379364,993.167236,-182.454559,-234.432678,1072.926636,-219.605682,-239.665161,957.431946,-235.053925,105.018394,1343.744385,170.225098,151.220963,1408.648193,14.70284,255.343674,1300.163818,139.646835,328.045715,1187.995117,179.539337,315.027039,957.574646,78.975967,272.271393,998.540527,3.514794,304.7276,895.337097,55.109097,-137.720718,1050.545044,-42.75523,-143.027451,1069.095825,154.366409,125.813515,1075.529541,167.053314,133.736496,1068.056396,-45.646671
6.475,-13.483414,1663.66394,-76.066391,-10.230126,1589.364624,-155.289261,72.18763,1599.080078,-67.09343,-18.002934,1435.562622,115.23027,-69.306786,1263.589966,188.933273,38.179848,1262.690308,194.531845,30.147522,1290.624634,-78.788376,-159.802109,1337.441284,149.851761,-162.741058,1392.824829,-7.738526,-257.86673,1205.018311,82.210991,-321.308258,1114.464355,48.090744,-288.011078,998.37854,-181.282074,-246.667664,1078.432007,-219.475479,-252.161118,963.355774,-235.879135,105.563942,1345.043457,169.159653,151.953217,1409.659668,13.373136,255.667862,1301.758179,139.203262,327.930328,1189.5979,180.008835,315.16684,958.680847,80.495033,272.843964,999.440552,4.492451,305.079346,896.447876,56.796402,-137.228882,1051.453491,-43.039906,-143.091141,1070.985596,153.749466,125.703529,1077.078613,165.526398,134.009903,1068.562012,-45.326286
6.483,-13.095824,1665.203857,-75.06353,-10.145776,1591.82666,-155.313568,72.476952,1600.714355,-67.351234,-17.048597,1436.905518,114.050552,-68.624733,1264.891602,188.143356,38.812225,1264.194702,193.645798,31.069717,1291.648682,-79.744881,-158.803696,1339.135498,149.327728,-162.590042,1394.559814,-8.13812,-257.70697,1207.890259,83.853226,-322.763885,1117.932251,51.881985,-296.217926,1003.139709,-177.807281,-258.799774,1083.797119,-218.722137,-265.022461,968.969116,-236.153976,106.115875,1346.493896,168.064651,152.66861,1410.473022,12.170559,255.833511,1303.310181,138.792435,327.694153,1191.174194,180.501358,315.446625,959.742737,81.826736,273.652222,1000.194885,5.591516,305.527863,897.53772,58.480618,-136.619949,1052.281738,-43.342194,-143.14119,1072.633301,153.201797,125.682549,1078.78833,165.592331,134.218979,1069.027344,-45.081615
6.492,-12.663442,1666.811646,-74.261513,-10.056627,1594.157349,-155.281387,72.887009,1602.30249,-67.551041,-16.318489,1438.017944,112.877144,-68.029739,1266.154175,187.238495,39.22242,1265.478271,192.950806,31.907204,1292.559448,-80.708931,-157.864685,1340.628418,148.680481,-162.343765,1396.213501,-8.858633,-257.533264,1210.718994,85.455612,-324.102753,1121.448853,55.548374,-305.413727,1007.902649,-175.234833,-270.86322,1088.8573,-217.621826,-277.819,974.293274,-235.775345,106.551399,1347.494385,167.034775,153.43309,1411.393799,11.118525,256.01004,1304.561768,138.564117,327.174316,1192.459351,180.976151,315.784393,960.835205,83.046135,274.315491,1000.896484,6.608252,305.87439,898.418335,60.104431,-136.102173,1052.904175,-43.52494,-143.251312,1074.384766,152.747055,125.645088,1080.489136,165.81691,134.408234,1069.375244,-44.895496
6.5,-12.235157,1668.334717,-73.604866,-9.917179,1596.346802,-155.162445,73.376167,1603.812256,-67.59787,-15.570551,1439.195679,111.751228,-67.5019,1267.324829,186.376419,39.586853,1266.667236,192.229492,32.639099,1293.349731,-81.535805,-156.980637,1342.09668,147.97171,-162.127762,1397.800171,-9.368443,-257.330505,1213.57605,86.827156,-325.56665,1124.782837,59.068405,-315.396637,1013.518188,-173.371948,-282.406708,1094.0354,-216.226562,-290.982361,979.78418,-235.380447,106.988838,1348.712402,166.189301,154.079758,1412.141602,10.105134,256.051941,1305.76123,138.348633,326.829895,1193.78479,181.62735,316.184479,961.911194,84.666405,275.014252,1001.540649,7.678117,306.291656,899.363403,61.807266,-135.533951,1053.441528,-43.989788,-143.240128,1075.728394,152.05896,125.593231,1081.966919,165.980331,134.597473,1069.641357,-44.719917
6.508,-11.832845,1669.67395,-72.761909,-9.820089,1598.511108,-155.082214,73.860062,1605.117065,-67.694313,-14.872613,1440.112183,110.725616,-67.050865,1268.415771,185.520493,39.902843,1267.722534,191.599625,33.36261,1294.061768,-82.278252,-156.208908,1343.307129,147.226608,-161.815933,1399.183716,-10.32728,-257.168579,1216.158325,88.267654,-326.701782,1128.163208,62.35051,-324.710754,1018.34082,-170.742233,-293.61734,1098.92749,-214.616074,-303.98172,985.066223,-234.495407,107.341995,1349.678833,165.400665,154.67392,1412.743164,9.385861,256.08194,1306.826172,138.257248,326.578827,1195.020508,182.028549,316.484863,962.762573,85.957367,275.607391,1002.073059,8.61271,306.732117,900.043091,63.412918,-135.107819,1053.751221,-44.374954,-143.312393,1077.246704,151.53833,125.515106,1083.31543,166.205353,134.775055,1069.791992,-44.549297
6.517,-11.413706,1671.237305,-72.28933,-9.720181,1600.509277,-154.891891,74.296021,1606.491211,-67.788773,-14.151769,1441.056396,109.7416,-66.679741,1269.449707,184.596207,40.231514,1268.725952,190.899094,33.987617,1294.64502,-83.021584,-155.481628,1344.632568,146.360367,-161.541077,1400.553955,-10.954867,-256.968231,1218.751709,89.458405,-328.035919,1131.445801,65.497063,-334.597626,1023.578186,-167.81868,-304.410492,1103.512939,-212.697906,-316.827606,989.907349,-232.927917,107.656342,1350.420898,164.567627,155.416748,1413.364746,8.449847,256.233032,1307.578369,138.064468,326.337341,1196.065674,182.496628,316.749207,963.418091,87.021568,276.213684,1002.509827,9.718883,307.057281,900.761353,65.009918,-134.668411,1053.924805,-44.815712,-143.370667,1078.255737,150.85228,125.443321,1084.500366,166.517929,134.935303,1069.809692,-44.392662
6.525,-11.03986,1672.153076,-71.193741,-9.514891,1602.360962,-154.702286,74.695908,1607.593262,-67.854858,-13.333647,1441.959595,108.766121,-66.386848,1270.370972,183.789825,40.466915,1269.648438,190.220871,34.501011,1295.111816,-83.714172,-154.805191,1345.736206,145.464294,-161.184799,1401.87439,-11.892072,-256.745544,1221.265503,90.530762,-329.20813,1134.625366,68.627151,-343.836609,1028.190674,-164.956909,-314.610504,1108.02356,-210.527649,-329.966583,994.608582,-230.651672,108.04026,1351.365234,163.935013,156.201904,1414.093506,7.719349,256.089355,1308.324829,138.024475,326.232666,1197.008545,182.930847,316.995392,964.071899,88.374855,276.885712,1002.891418,10.840209,307.409393,901.303406,66.632332,-134.225037,1053.999756,-45.334923,-143.516235,1079.414307,150.105377,125.356735,1085.537354,166.763107,135.093933,1069.725342,-44.203396
6.533,-10.636351,1673.315186,-70.344337,-9.356242,1604.213379,-154.439606,75.120277,1608.752197,-67.811913,-12.719678,1442.634521,107.791031,-66.214714,1271.275146,182.944931,40.635715,1270.477051,189.612396,34.940556,1295.500122,-84.459816,-154.260925,1346.83252,144.534607,-160.879242,1403.0,-12.761652,-256.400543,1223.607422,91.69973,-330.171814,1137.87085,71.420891,-353.00824,1032.472046,-161.752243,-324.21106,1112.043701,-207.995789,-342.667084,999.036987,-228.00882,108.312103,1352.040894,163.239075,156.804016,1414.467163,7.064512,256.064941,1308.883179,137.884811,326.104279,1197.830566,183.2845,317.171539,964.6651,89.686234,277.395538,1003.14032,11.841986,307.713562,901.729431,68.041931,-133.853088,1053.921509,-45.770763,-143.600555,1080.420044,149.429749,125.258194,1086.377441,166.963455,135.239685,1069.57312,-43.993938
6.542,-10.193169,1674.442505,-69.697205,-9.174937,1605.899902,-154.132614,75.546211,1609.759888,-67.774048,-12.154175,1443.425903,106.834877,-65.988472,1272.17334,181.99826,40.758644,1271.190796,189.066406,35.388622,1295.830933,-85.182137,-153.783508,1347.902344,143.548004,-160.558777,1404.105835,-13.580368,-256.092102,1225.997925,92.640778,-331.295532,1141.171143,74.313881,-362.192047,1036.692017,-158.280243,-333.485229,1115.920166,-205.281769,-355.179047,1003.406494,-225.309814,108.566048,1352.661621,162.640808,157.514221,1414.774414,6.432834,255.849991,1309.139893,137.736603,325.961426,1198.646484,183.608337,317.424133,965.148499,90.905777,277.83017,1003.267639,12.868468,307.945923,902.064575,69.545303,-133.427521,1053.712402,-46.336571,-143.811859,1081.279541,148.621552,125.114861,1087.099487,167.292892,135.384933,1069.374023,-43.787636
6.55,-9.811791,1675.317383,-68.725296,-8.988,1607.627441,-153.873856,75.944435,1610.702393,-67.677528,-11.533567,1444.12439,105.926453,-65.94577,1272.872314,181.246628,40.833744,1271.958984,188.416458,35.832958,1296.101562,-85.844276,-153.328751,1348.776367,142.573364,-160.23642,1405.111084,-14.496679,-255.66655,1228.196533,93.576881,-332.285736,1144.188843,77.008537,-371.113953,1040.752563,-154.694351,-342.178589,1119.254761,-202.602585,-367.649323,1007.49884,-221.904343,108.870415,1353.179443,162.010818,158.156769,1415.033691,5.85105,255.861465,1309.661011,137.683792,325.945923,1199.238647,183.900284,317.635254,965.490295,92.215988,278.288849,1003.314514,13.685774,308.087128,902.309937,70.933548,-132.975311,1053.417603,-47.00663,-144.085571,1082.202026,147.830124,125.006332,1087.832886,167.481186,135.523773,1069.13147,-43.583557
6.558,-9.351823,1676.279297,-67.906921,-8.757686,1609.085449,-153.538757,76.477478,1611.6427,-67.602127,-11.003197,1444.629761,105.075058,-65.870674,1273.682861,180.42778,40.834625,1272.574097,187.891235,36.297104,1296.313721,-86.505463,-152.898727,1349.720459,141.591187,-159.859558,1406.076782,-15.481873,-255.152435,1230.272949,94.457687,-333.071198,1147.4552,79.599854,-379.962219,1044.603149,-150.735687,-350.367828,1122.467285,-199.611542,-379.726837,1011.373413,-217.568573,109.125786,1353.735107,161.471817,158.806625,1415.290771,5.214639,255.9888,1309.915405,137.48819,325.978821,1199.741455,184.188354,317.722565,965.691345,93.336327,278.635956,1003.235718,14.627822,308.217773,902.470398,72.200806,-132.652649,1053.122314,-47.514812,-144.315399,1082.98999,146.956039,124.845062,1088.496094,167.558365,135.687607,1068.870605,-43.388504
6.567,-8.876534,1677.085327,-67.051529,-8.539844,1610.63501,-153.164734,76.912544,1612.467407,-67.537163,-10.479462,1445.19458,104.225189,-65.849342,1274.409546,179.667068,40.829445,1273.106689,187.448593,36.724911,1296.475464,-87.134338,-152.562042,1350.58374,140.614746,-159.570053,1407.080322,-16.484201,-254.658524,1232.43457,95.157524,-333.918549,1150.644653,82.203232,-388.235992,1048.213867,-146.707352,-358.098114,1125.121704,-196.812592,-391.219513,1014.819641,-213.53421,109.451324,1354.171997,160.853439,159.527435,1415.518555,4.581535,256.24295,1310.25415,137.374924,325.971344,1200.14624,184.480164,317.887268,965.801025,94.288658,278.920654,1002.922546,15.504781,308.263,902.477051,73.374474,-132.288986,1052.872437,-48.042686,-144.579208,1083.692627,146.259811,124.637215,1089.165405,167.705627,135.874008,1068.639771,-43.25927
6.575,-8.402882,1677.916504,-66.289688,-8.302335,1612.005127,-152.794464,77.38028,1613.327393,-67.368591,-9.900279,1445.7677,103.442482,-65.850639,1275.047241,178.885941,40.876671,1273.633789,186.934662,37.139061,1296.576294,-87.760254,-152.187881,1351.373047,139.716965,-159.245361,1407.948364,-17.213705,-254.230743,1234.351318,95.933601,-334.788635,1153.73938,84.581161,-396.406494,1051.742432,-142.454895,-365.243958,1127.618896,-193.789413,-402.401825,1018.210632,-208.316895,109.690819,1354.526001,160.39296,160.115631,1415.605103,4.09959,256.586578,1310.593994,137.248245,325.965912,1200.393188,184.72644,317.920929,965.907288,95.281914,279.144348,1002.939941,15.785553,308.308136,902.42157,74.357193,-131.912598,1052.690552,-48.778915,-144.808563,1084.436157,145.560669,124.374649,1089.668457,168.200897,136.040924,1068.477295,-43.14682
6.583,-8.013257,1678.681152,-65.438744,-8.129539,1613.339355,-152.423477,77.904198,1614.092407,-67.153481,-9.379112,1446.244873,102.677368,-65.971169,1275.577393,178.10643,40.802666,1274.05896,186.475464,37.642593,1296.657349,-88.340126,-151.796417,1352.168945,138.809418,-158.942535,1408.760132,-18.033447,-253.732361,1236.386475,96.513245,-335.613159,1156.928955,87.199577,-403.78067,1054.496948,-138.035126,-371.771973,1129.748901,-190.756577,-412.886536,1021.078735,-203.403473,109.928818,1354.831665,159.934479,160.820511,1415.602173,3.52486,256.917297,1310.852051,137.075348,325.857147,1200.556274,185.018402,317.958344,965.816895,95.895691,279.37149,1002.751343,16.311399,308.4328,902.373108,75.25428,-131.620468,1052.574341,-49.26873,-145.011246,1085.205566,144.676697,124.215393,1090.237061,168.374939,136.201874,1068.345459,-43.066166
6.592,-7.559455,1679.223877,-64.545204,-7.877572,1614.667603,-152.115356,78.428123,1614.776489,-66.939842,-8.865828,1446.661987,101.971565,-65.897888,1276.223877,177.357697,40.819019,1274.534668,185.989731,38.162304,1296.716187,-88.917221,-151.416351,1352.862671,137.991043,-158.656464,1409.576172,-18.847965,-253.344955,1238.19458,97.3004,-336.160431,1160.035645,89.614334,-410.631195,1057.659058,-133.4599,-377.797577,1131.272339,-187.480515,-422.40036,1023.905396,-197.632553,110.143478,1355.064209,159.422195,161.366821,1415.553833,3.041985,257.017883,1310.868164,136.942856,325.736542,1200.599365,185.286987,317.900543,965.616333,96.563141,279.581177,1002.475952,16.888195,308.530792,902.245117,76.064064,-131.361725,1052.508301,-49.719547,-145.15625,1085.860596,143.998291,124.0345,1090.70813,168.166977,136.390503,1068.24292,-43.003281
6.6,-7.125919,1679.89624,-63.887291,-7.580263,1615.796509,-151.734421,78.8283,1615.423218,-66.773506,-8.26318,1447.046509,101.375023,-65.913254,1276.760864,176.749329,40.80732,1275.016479,185.509369,38.672115,1296.699829,-89.430824,-151.085022,1353.559326,137.207214,-158.312668,1410.398682,-19.645937,-252.892548,1240.209351,97.971855,-336.721771,1163.03125,92.313515,-416.906311,1060.338379,-128.730392,-383.059784,1132.405396,-184.347198,-431.121704,1026.187622,-191.906525,110.373215,1355.355103,159.029129,161.843506,1415.45459,2.588755,257.19632,1310.941406,136.835983,325.561462,1200.571411,185.539413,317.885681,965.317932,97.023384,279.74115,1002.179138,17.389236,308.555817,901.999512,76.671715,-131.091629,1052.529053,-50.277718,-145.338821,1086.35144,143.291443,123.864792,1091.191162,168.009491,136.562241,1068.180664,-42.983902
6.608,-6.568841,1680.404175,-62.900684,-7.242146,1616.984009,-151.33432,79.289032,1615.986816,-66.585472,-7.737029,1447.438599,100.700081,-65.963165,1277.244629,176.146179,40.746525,1275.388916,185.007889,39.242416,1296.692017,-89.878212,-150.762527,1354.253052,136.511169,-158.013733,1411.127808,-20.302134,-252.447693,1242.049438,99.023041,-337.255432,1166.155518,94.802544,-422.497192,1062.707153,-123.875381,-387.66861,1133.074097,-181.018982,-438.980713,1028.000244,-185.9189,110.5653,1355.5979,158.611542,162.32785,1415.328613,2.228747,257.402344,1311.000732,136.764969,325.321045,1200.465454,185.804977,317.820282,965.127502,97.688049,279.853394,1001.850037,17.700815,308.498657,901.711243,77.236885,-130.893448,1052.620605,-50.816864,-145.545044,1086.944824,142.619156,123.6922,1091.651855,167.849457,136.738022,1068.144531,-43.017513
6.617,-6.021923,1681.15271,-62.381519,-6.865454,1617.99585,-150.988159,79.776398,1616.506104,-66.368179,-7.326569,1447.899292,100.07457,-65.917305,1277.694458,175.492584,40.696712,1275.680176,184.590057,39.744061,1296.653809,-90.262329,-150.358078,1354.930298,135.798782,-157.734726,1411.861572,-21.044052,-252.164185,1244.115356,99.951401,-337.906982,1169.331909,97.300369,-427.338074,1064.72168,-118.941429,-391.8508,1133.481567,-177.602478,-446.049438,1029.783691,-179.798325,110.756317,1355.797485,158.148788,162.891373,1415.178589,1.822371,257.478882,1310.805298,136.627075,325.032104,1200.265381,186.072998,317.75415,964.810181,98.214195,279.894104,1001.538391,17.973515,308.415649,901.366516,77.647224,-130.748825,1052.73877,-51.28117,-145.898514,1087.557495,142.053452,123.475166,1092.021729,167.531067,136.912704,1068.149292,-43.112167
6.625,-5.529552,1681.602661,-61.745434,-6.44338,1618.967651,-150.621719,80.221275,1616.945068,-66.248642,-6.927782,1448.251709,99.534386,-65.938599,1278.042603,174.878815,40.669071,1275.933472,184.236847,40.348103,1296.664917,-90.649048,-150.026428,1355.519287,135.159042,-157.441727,1412.620361,-21.680998,-251.66217,1246.05188,101.037102,-338.358124,1172.301636,99.849617,-431.71756,1066.376709,-113.813881,-395.188049,1133.343994,-174.291397,-452.189758,1031.152954,-172.997635,110.879028,1356.067505,157.840759,163.417831,1415.077515,1.474345,257.470764,1310.640381,136.629257,324.664032,1200.036865,186.364975,317.603882,964.459534,98.329697,279.930481,1001.227051,18.149765,308.383575,901.078369,77.849915,-130.632996,1052.899414,-51.746235,-146.070404,1088.200195,141.504272,123.308273,1092.337646,167.32756,137.075806,1068.16748,-43.270718
6.633,-4.850865,1681.93335,-60.884499,-6.069023,1619.908813,-150.310272,80.804131,1617.423828,-66.016624,-6.541157,1448.574219,99.0634,-65.935219,1278.434326,174.358398,40.655312,1276.154053,183.911713,40.867737,1296.704834,-90.936836,-149.662613,1356.042969,134.621201,-157.540436,1413.638184,-22.149071,-251.265442,1248.220703,102.215584,-338.754089,1175.498169,102.473549,-434.842072,1067.304565,-109.049454,-398.132416,1132.73877,-170.834152,-457.181,1031.939453,-167.303955,111.040779,1356.287964,157.587677,163.992783,1415.05957,1.244619,257.531921,1310.582275,136.691772,324.237305,1199.710938,186.633118,317.349915,964.111877,98.495522,279.908966,1000.919312,18.306435,308.367737,900.771912,77.918182,-130.573578,1053.117554,-52.223213,-146.247498,1088.615234,140.978729,123.152145,1092.591187,167.07077,137.198044,1068.202759,-43.477657
6.642,-4.259194,1682.291016,-60.280682,-5.608484,1620.744141,-150.041519,81.425705,1617.764771,-65.768021,-6.162329,1448.831543,98.612427,-65.91819,1278.825317,173.802856,40.640774,1276.359253,183.565598,41.438652,1296.775879,-91.209251,-149.364487,1356.589844,134.011337,-157.322266,1414.293335,-22.664505,-250.726013,1250.272583,103.454575,-339.013916,1178.716675,105.123955,-437.858917,1068.092285,-103.816948,-400.431976,1131.477417,-166.915039,-461.555573,1032.505981,-160.424652,111.127579,1356.407715,157.378876,164.478012,1415.049683,1.18048,257.32193,1310.404175,136.792252,323.75705,1199.36084,186.944061,317.051483,963.740601,98.668282,279.451477,1000.07605,18.737986,308.360352,900.4328,77.891365,-130.517181,1053.349487,-52.726891,-146.402451,1088.988281,140.475327,123.022644,1092.807983,166.81601,137.319565,1068.296875,-43.67725
6.65,-3.752804,1682.720459,-59.9683,-5.20287,1621.507324,-149.780594,81.886765,1618.104614,-65.628357,-5.817438,1449.037842,98.230408,-65.876022,1279.153076,173.344986,40.607109,1276.522827,183.261276,41.963444,1296.908081,-91.448112,-149.012589,1357.129395,133.532486,-157.029144,1415.001099,-23.191389,-250.167877,1252.447876,104.718971,-339.227539,1181.677612,107.554909,-440.368805,1068.861328,-98.79203,-402.27121,1130.156128,-163.243759,-465.010254,1032.298706,-154.158325,111.180809,1356.463623,157.169327,164.8367,1415.170044,1.09368,257.037384,1310.017456,136.875565,323.239868,1199.01709,187.256699,316.82547,963.463745,98.586037,278.740509,999.177368,18.814426,308.326874,900.127014,77.767105,-130.542068,1053.544434,-53.127151,-146.528595,1089.332764,140.084763,122.823502,1093.006348,166.464005,137.398499,1068.390869,-43.946381
6.658,-3.117035,1683.069336,-59.411129,-4.676708,1622.146606,-149.550919,82.377388,1618.35144,-65.495667,-5.509326,1449.261597,97.974747,-65.885605,1279.390381,172.907059,40.557194,1276.613281,182.993378,42.434437,1297.075928,-91.57888,-148.706726,1357.621948,133.136047,-156.652374,1415.662598,-23.56937,-249.76181,1254.619019,105.901184,-339.28772,1184.618286,110.402954,-442.083008,1068.871704,-93.693893,-403.65683,1128.507202,-159.65773,-467.407898,1031.706177,-148.514633,111.235718,1356.434448,156.887329,165.201202,1415.255859,1.009139,256.843384,1309.901978,137.098526,322.555298,1198.582886,187.387634,316.588043,963.269653,98.64003,278.759827,999.285889,18.56601,308.185059,899.867065,77.606491,-130.553406,1053.748901,-53.49287,-146.751923,1089.669434,139.668884,122.668869,1093.154663,166.271225,137.430603,1068.511963,-44.193058
6.667,-2.497976,1683.364258,-58.968983,-4.124827,1622.671875,-149.367371,82.909966,1618.567871,-65.424805,-5.174633,1449.443237,97.79792,-65.90551,1279.599976,172.482727,40.492092,1276.63623,182.756378,43.022678,1297.356445,-91.681801,-148.397751,1358.062744,132.702087,-156.372635,1416.310181,-24.030281,-249.340408,1256.712646,106.958755,-339.325775,1187.615112,112.840126,-443.291168,1068.803467,-88.639587,-404.461914,1126.427368,-156.004715,-469.376068,1030.765991,-142.082794,111.233994,1356.368042,156.791382,165.528275,1415.331543,1.010814,256.689758,1309.609985,137.233459,321.744537,1198.057007,187.550949,316.309418,963.006775,98.388199,278.235626,998.827087,18.396725,307.929321,899.651978,77.402794,-130.582962,1053.939941,-53.83897,-146.898209,1089.999268,139.243805,122.484184,1093.333618,166.199432,137.456345,1068.625732,-44.464516
6.675,-1.86553,1683.573242,-58.806469,-3.59193,1623.14209,-149.235291,83.40181,1618.71167,-65.31179,-4.889177,1449.585449,97.670235,-65.958961,1279.739746,172.129944,40.413376,1276.581421,182.526154,43.566578,1297.704712,-91.703491,-148.060837,1358.424683,132.392532,-156.166092,1417.038452,-24.350048,-248.914276,1258.916504,108.097977,-339.248535,1190.35144,115.170403,-444.109497,1068.197754,-83.575844,-404.623016,1124.263428,-152.637192,-470.435211,1029.219971,-135.939743,111.23465,1356.27063,156.739349,165.928955,1415.397827,1.131351,256.389526,1309.326782,137.464935,321.066559,1197.564209,187.725861,316.023285,962.775085,98.134888,278.18045,998.88269,18.057243,307.678284,899.428589,77.06147,-130.608673,1054.110352,-54.195801,-147.083115,1090.247192,138.868011,122.313004,1093.457642,166.123596,137.448822,1068.714233,-44.73098
6.683,-1.304646,1683.757446,-58.622536,-3.117668,1623.522217,-149.165283,83.909668,1618.809448,-65.275551,-4.588808,1449.730835,97.626396,-66.000343,1279.803833,171.78952,40.3004,1276.478271,182.246201,44.076332,1298.127197,-91.758911,-147.712784,1358.758179,132.184143,-155.931305,1417.629028,-24.608807,-248.489792,1260.943604,109.116837,-339.005463,1193.017456,117.916405,-444.306702,1067.354614,-78.526512,-404.404785,1121.470459,-148.633469,-470.736237,1027.288574,-130.103302,111.233345,1356.11145,156.732925,166.270859,1415.488037,1.330927,255.59816,1308.761963,137.514664,320.494965,1197.06189,187.953094,315.712402,962.557373,98.006935,277.768127,998.61499,17.767179,307.453552,899.191772,76.620544,-130.586731,1054.293335,-54.648857,-147.300568,1090.432861,138.39209,122.119606,1093.501221,166.029327,137.389572,1068.750854,-45.016102
6.692,-0.796474,1684.045776,-58.762829,-2.620728,1623.823364,-149.216751,84.572105,1618.832764,-65.217201,-4.280041,1449.846558,97.649384,-66.019943,1279.821289,171.503204,40.228863,1276.312988,182.072372,44.504223,1298.548462,-91.828583,-147.364822,1359.067261,132.023804,-155.700455,1418.286133,-24.805183,-248.102066,1262.938965,110.128632,-338.755341,1195.685547,120.232536,-444.140778,1066.120117,-73.603836,-403.523651,1118.36853,-144.712646,-470.269745,1024.871094,-124.455223,111.178192,1355.863647,156.766479,166.623825,1415.543213,1.564617,255.329544,1308.401367,137.780075,319.992188,1196.591675,188.126236,315.378174,962.278198,97.529663,277.614899,998.693237,17.528185,307.279572,898.947815,76.050697,-130.612717,1054.426758,-55.055046,-147.492905,1090.548096,137.973755,121.929337,1093.467651,165.867645,137.28685,1068.756226,-45.329536
6.7,0.084746,1684.103271,-58.64967,-2.0309,1623.98291,-149.275101,85.148598,1618.82959,-65.241791,-4.006223,1449.903076,97.720261,-66.044464,1279.809814,171.267685,40.141232,1276.128052,181.966736,44.825668,1299.005005,-91.887825,-146.977814,1359.352661,131.925812,-155.392105,1418.876099,-24.890461,-247.432022,1264.792114,111.162743,-338.378815,1197.984375,122.5103,-443.391266,1064.495361,-68.521095,-402.082184,1114.986816,-140.821609,-469.107971,1021.843811,-119.564468,111.182114,1355.590576,156.836914,166.910355,1415.602295,1.850098,255.197617,1308.078247,138.047699,319.557739,1196.10083,188.313614,315.091736,961.970093,96.858337,277.178467,998.504944,17.295429,307.082092,898.751831,75.416214,-130.655426,1054.535767,-55.466244,-147.719177,1090.581421,137.479584,121.697975,1093.312256,165.582901,137.149933,1068.749023,-45.669003
6.708,0.802827,1684.171631,-58.878773,-1.417404,1623.990601,-149.376968,85.724533,1618.715332,-65.381325,-3.701335,1449.894409,97.868736,-66.056229,1279.781494,171.066879,40.081028,1275.891479,181.902191,45.170811,1299.499756,-91.919579,-146.64473,1359.598999,131.91246,-155.259689,1419.361328,-24.980503,-246.77626,1266.544067,112.511467,-337.945129,1200.449463,124.793816,-441.95874,1062.465942,-63.698215,-400.107635,1111.308105,-136.838577,-467.205688,1018.530029,-113.786255,111.149727,1355.341553,157.037689,167.213791,1415.652954,2.125681,255.057938,1307.737549,138.27652,319.075104,1195.514038,188.471344,314.866394,961.716309,96.295563,276.838013,998.474365,16.960611,306.930145,898.602844,74.665222,-130.728821,1054.595459,-55.896236,-147.951523,1090.574097,136.93219,121.434868,1093.136841,165.201691,136.933411,1068.706299,-46.016304
6.717,1.370903,1684.084473,-58.979675,-0.772476,1623.888916,-149.542755,86.217827,1618.553345,-65.527206,-3.444146,1449.895752,98.01194,-66.072525,1279.736206,170.892807,40.001644,1275.618774,181.82254,45.380848,1300.033203,-91.910233,-146.312927,1359.848267,131.962097,-155.094986,1419.888062,-25.053097,-245.98822,1268.100708,113.347801,-337.473511,1202.414185,126.953751,-440.111542,1060.130981,-58.88678,-397.516571,1107.199097,-132.754013,-464.747284,1014.987854,-107.713127,111.174698,1355.024536,157.123764,167.493408,1415.714233,2.446562,254.896408,1307.358154,138.518265,318.653625,1194.952271,188.610245,314.687378,961.500061,95.782097,276.48114,998.353882,16.514278,306.658264,898.446228,73.924225,-130.828064,1054.63623,-56.434868,-148.287659,1090.609619,136.324814,121.172363,1092.948975,164.862244,136.725479,1068.704224,-46.412518
6.725,1.917074,1683.980713,-59.225201,-0.198427,1623.691528,-149.785477,86.70443,1618.359985,-65.689941,-3.27126,1449.89502,98.166344,-66.075211,1279.664185,170.744919,39.925343,1275.346802,181.77652,45.61974,1300.509155,-91.931824,-146.038757,1360.116333,132.005646,-155.01387,1420.303833,-25.08849,-245.467422,1269.888062,114.624557,-336.79892,1204.498047,129.244583,-437.669983,1057.4646,-54.137028,-394.185242,1102.572144,-128.830505,-461.634521,1010.745178,-102.08358,111.138092,1354.672363,157.209641,167.723022,1415.668457,2.822876,254.846542,1307.022339,138.732162,318.250824,1194.262573,188.66716,314.534241,961.249695,95.140533,276.263092,998.444031,16.172911,306.418854,898.362793,73.122673,-130.93457,1054.641724,-56.903038,-148.525284,1090.545776,135.893906,120.946609,1092.736206,164.527496,136.513107,1068.71228,-46.804779
6.733,2.507422,1683.960815,-59.714287,0.371879,1623.367432,-150.093567,87.230453,1618.125244,-65.937164,-3.076398,1449.787964,98.363159,-66.100601,1279.569092,170.652008,39.86869,1275.076294,181.751083,45.773499,1300.983154,-91.983826,-145.784698,1360.348389,132.105698,-154.936798,1420.656616,-25.055956,-245.038437,1271.108887,115.357803,-336.166626,1206.154297,131.252441,-434.878967,1054.478516,-49.651543,-390.805328,1098.119995,-124.79921,-457.698181,1006.407593,-96.588867,111.098488,1354.33667,157.423935,167.962646,1415.605591,3.250502,254.76828,1306.640869,139.030609,317.996429,1193.691162,188.772888,314.313019,961.03302,94.567543,275.917328,998.32019,15.887315,306.185791,898.285645,72.346619,-131.005798,1054.667236,-57.385075,-148.761139,1090.424194,135.342667,120.692101,1092.448975,164.04155,136.335098,1068.759888,-47.220581
6.742,3.327355,1683.665161,-60.244614,0.952189,1622.999756,-150.462738,87.793083,1617.790039,-66.290527,-2.882268,1449.697388,98.603928,-66.117134,1279.443848,170.574341,39.790573,1274.792725,181.785355,45.876266,1301.408936,-92.031273,-145.531036,1360.541748,132.248672,-154.885757,1420.938354,-25.00963,-244.425201,1272.567505,116.394264,-335.558258,1207.654297,133.193787,-431.572601,1051.222534,-44.940174,-386.615845,1093.052124,-120.632149,-453.345947,1001.453857,-91.000366,111.081001,1354.003296,157.659897,168.14502,1415.49939,3.701417,254.689575,1306.156738,139.279755,317.850098,1193.105103,188.943954,314.170044,960.770142,93.926743,275.69812,998.284485,15.454162,305.973175,898.095703,71.45414,-131.118378,1054.668579,-57.8969,-148.999283,1090.237915,134.878525,120.508354,1092.212036,163.727417,136.155273,1068.817627,-47.613899
6.75,4.024127,1683.626831,-60.927006,1.577821,1622.502563,-150.886169,88.48304,1617.404663,-66.604355,-2.709161,1449.604858,98.869995,-66.153671,1279.312378,170.54866,39.707684,1274.486938,181.838287,45.937428,1301.775757,-92.06813,-145.352951,1360.678223,132.424866,-154.84668,1421.176514,-24.931864,-244.013733,1273.826904,117.323624,-334.886536,1209.030151,134.771683,-427.978851,1047.800903,-40.482044,-381.852936,1087.491943,-116.320107,-448.262451,996.442505,-85.542816,111.063164,1353.666626,157.870865,168.31105,1415.375244,4.174116,254.586334,1305.626831,139.636673,317.631714,1192.394653,189.022934,313.970306,960.401978,93.193108,275.386047,998.044861,14.995934,305.77652,897.851013,70.604111,-131.261871,1054.663696,-58.305614,-149.273941,1090.082764,134.348831,120.342171,1091.937134,163.457962,135.967255,1068.865723,-48.046497
6.758,4.660413,1683.347046,-61.579308,2.186811,1622.012573,-151.45665,89.000786,1617.039551,-66.997231,-2.584348,1449.534912,99.179527,-66.187752,1279.16394,170.544098,39.616772,1274.123291,181.934616,45.940807,1302.106201,-92.09388,-145.150589,1360.771606,132.630905,-154.860458,1421.365479,-24.849821,-243.251175,1274.820068,118.397995,-333.943115,1210.109375,137.245499,-423.673035,1043.967285,-36.107533,-376.606842,1082.201172,-112.470444,-442.689362,990.932251,-79.963531,111.051872,1353.317505,158.286667,168.418671,1415.156128,4.656808,254.554306,1305.119751,139.942551,317.513519,1191.712402,189.110352,313.833405,959.975098,92.386398,275.11972,997.836731,14.583025,305.675171,897.594604,69.746643,-131.424042,1054.685913,-58.697868,-149.532516,1089.935547,134.031723,120.123535,1091.598633,163.117935,135.792694,1068.897461,-48.515266
6.767,5.261088,1683.223877,-62.398159,2.778145,1621.373169,-152.053467,89.52179,1616.589355,-67.489517,-2.470645,1449.459839,99.508507,-66.310326,1278.97998,170.665115,39.510044,1273.710815,182.117752,45.88007,1302.398682,-92.10685,-145.027084,1360.85022,132.830139,-154.9039,1421.494141,-24.767357,-242.649734,1275.686768,119.425606,-333.037567,1210.792969,138.531845,-419.251343,1039.814697,-31.787783,-371.115173,1076.453491,-108.276207,-436.550385,985.215271,-74.338036,111.065369,1352.815674,158.44632,168.555695,1415.015869,5.128976,254.52504,1304.55603,140.309357,317.323425,1190.903809,189.139114,313.722534,959.553589,91.623634,274.923401,997.56665,14.15449,305.572357,897.270264,68.865379,-131.623215,1054.721191,-59.116779,-149.820435,1089.699829,133.680588,119.912346,1091.203125,162.822845,135.603683,1068.971069,-48.992683
6.775,5.998615,1682.742188,-63.41394,3.376936,1620.583862,-152.67691,89.969734,1616.09375,-68.09156,-2.382947,1449.325806,99.876579,-66.397804,1278.807007,170.791107,39.408691,1273.260254,182.281418,45.753609,1302.656006,-92.067894,-144.972839,1360.890259,133.041351,-155.108597,1421.589966,-24.673735,-242.174042,1276.485107,120.276337,-332.234039,1211.186157,139.725616,-414.25177,1035.374634,-27.429209,-365.013031,1070.42688,-104.015396,-429.800873,979.204529,-68.706352,111.089325,1352.322876,158.795166,168.688644,1414.874268,5.637187,254.57785,1303.987671,140.59288,317.260712,1190.125732,189.213196,313.591309,959.072815,90.919228,274.81012,997.330322,13.648371,305.457428,896.876953,67.854805,-131.81778,1054.848022,-59.509277,-150.089783,1089.439453,133.355087,119.638214,1090.75647,162.396103,135.408264,1069.016846,-49.368351
6.783,6.595803,1682.425049,-64.604294,3.925196,1619.677612,-153.370346,90.381699,1615.45752,-68.745689,-2.352053,1449.182251,100.300949,-66.499321,1278.622803,170.975952,39.335312,1272.878662,182.464767,45.64703,1302.880859,-91.985229,-144.968857,1360.902466,133.332169,-155.21489,1421.592041,-24.538944,-241.65625,1277.021362,121.044266,-331.392792,1211.258911,140.672119,-408.781067,1030.897827,-23.164501,-358.412231,1064.298584,-99.865028,-422.484894,972.990967,-62.758774,111.01886,1351.897461,159.350555,168.764435,1414.709595,6.080711,254.514877,1303.40686,140.924774,317.093231,1189.281616,189.273636,313.366333,958.539612,90.312309,275.584106,998.397034,11.812176,305.409821,896.443909,66.900131,-132.035553,1055.005371,-59.85601,-150.317413,1089.166748,133.218491,119.440926,1090.331787,162.206268,135.179565,1069.057129,-49.824799
6.792,7.041546,1681.918091,-65.616531,4.463535,1618.628174,-154.135696,90.883308,1614.77832,-69.485916,-2.352457,1448.956543,100.730782,-66.629051,1278.375244,171.196228,39.218784,1272.488647,182.673233,45.491783,1303.086792,-91.82486,-145.008408,1360.855103,133.60289,-155.369904,1421.518677,-24.353867,-241.166901,1277.415161,121.922226,-330.236572,1211.043579,141.748978,-403.033173,1025.822266,-19.006138,-351.495605,1057.899292,-95.338326,-414.861359,966.887878,-57.096947,111.001038,1351.479004,159.737747,168.884567,1414.569824,6.757401,254.4151,1302.71228,141.29866,316.767883,1188.310425,189.257324,313.2146,957.894775,89.303581,275.508911,998.085754,11.074694,305.338409,895.952576,65.971764,-132.312485,1055.238037,-60.176807,-150.65802,1088.248779,131.686218,119.232544,1089.897217,162.120041,135.015793,1069.113037,-50.248573
6.8,7.582237,1681.335815,-66.98214,4.995613,1617.41748,-155.017731,91.292725,1613.982544,-70.278931,-2.340424,1448.695679,101.202332,-66.739113,1278.069824,171.406937,39.048527,1272.038818,183.011047,45.335392,1303.209961,-91.621559,-145.036728,1360.764404,133.944473,-155.557083,1421.382324,-24.119656,-240.513367,1277.343872,122.565063,-329.286987,1210.545532,142.55426,-396.843689,1020.84375,-14.960127,-344.289795,1051.571167,-91.125229,-406.542969,960.329102,-51.248844,110.921135,1351.056396,160.164856,168.920563,1414.325073,7.461359,254.357132,1302.015015,141.638596,316.515625,1187.405518,189.25827,313.070587,957.274353,88.534981,275.54718,997.752563,10.374285,305.191589,895.409607,64.97744,-132.577377,1055.505981,-60.440899,-151.114899,1087.835938,131.305801,119.034935,1089.458618,161.98941,134.843216,1069.164551,-50.633595
6.808,8.363347,1680.645264,-68.458961,5.397191,1616.087036,-155.850708,91.667145,1613.133423,-71.01268,-2.346774,1448.43042,101.699234,-66.853615,1277.708252,171.673767,38.933681,1271.57019,183.282974,45.150078,1303.316162,-91.394737,-145.080704,1360.592773,134.307999,-155.80336,1421.167603,-23.831429,-239.948853,1277.194946,123.364464,-328.31781,1209.788208,143.235596,-390.390228,1015.421265,-10.748981,-336.673401,1045.125122,-86.768166,-397.698181,953.704956,-45.265522,110.883766,1350.561646,160.653091,168.933701,1414.057373,8.102293,254.256668,1301.315308,141.963669,316.318054,1186.50708,189.290085,313.024567,956.687378,87.813095,275.472107,997.407532,9.813396,305.108185,894.889038,63.9771,-132.870056,1055.795044,-60.637497,-151.432831,1087.422852,131.165619,118.793152,1088.937256,161.606018,134.658905,1069.210083,-50.967476
6.817,8.82027,1679.874268,-70.029167,5.83346,1614.544556,-156.739014,92.158974,1612.077393,-71.786957,-2.378554,1448.097168,102.137917,-66.941971,1277.290283,171.992508,38.849777,1271.088379,183.523438,44.98214,1303.364868,-91.157135,-145.153854,1360.340576,134.669144,-156.057343,1420.88269,-23.561167,-239.541306,1276.789307,123.908134,-327.205536,1208.754395,143.947586,-383.502747,1010.045532,-6.675588,-328.723328,1038.612061,-82.280319,-388.308716,946.916321,-39.077705,110.766945,1349.917847,161.020157,168.907501,1413.71814,8.734033,254.171753,1300.586548,142.345703,315.913513,1185.355225,189.280426,312.853851,956.000488,86.935867,275.361877,997.006714,9.071653,304.972656,894.274597,62.944702,-133.169113,1056.100952,-60.840115,-151.713684,1086.991333,130.977478,118.496475,1088.38208,161.373886,134.483246,1069.308228,-51.320843
6.825,9.217941,1679.095459,-71.461273,6.226013,1612.884888,-157.634186,92.459518,1611.031982,-72.60685,-2.518814,1447.702637,102.621223,-67.025154,1276.869385,172.280426,38.775616,1270.452148,183.871246,44.779671,1303.348267,-90.881691,-145.288345,1359.961548,135.213852,-156.341293,1420.523315,-23.246962,-239.283066,1276.240967,124.492554,-326.375305,1207.547729,144.230637,-376.093414,1004.267578,-2.415553,-320.612762,1032.25,-77.892509,-378.230896,940.141907,-32.82127,110.606163,1349.366699,161.645996,168.791504,1413.375977,9.322989,254.02507,1299.745117,142.728104,315.701019,1184.321167,189.261185,312.686493,955.355347,86.145599,275.175201,996.591248,8.330053,304.685547,893.661316,61.990833,-133.435913,1056.343018,-60.903488,-151.795013,1087.425415,132.965332,118.288261,1087.824707,161.368225,134.32608,1069.398682,-51.616692
6.833,9.640838,1678.063354,-72.955856,6.549871,1611.200928,-158.597748,92.798752,1609.860474,-73.553169,-2.741524,1447.20752,103.125664,-67.157982,1276.358154,172.639236,38.61071,1269.814087,184.224442,44.549049,1303.282715,-90.565483,-145.419083,1359.469604,135.75528,-156.763748,1420.129639,-22.912285,-239.131897,1275.542603,125.014664,-325.429413,1206.044067,144.689697,-368.521271,998.516113,1.806432,-312.338684,1025.985596,-73.302979,-367.712189,933.441406,-26.298178,110.435608,1348.831909,162.175171,168.695419,1412.955811,10.131599,253.928238,1298.921509,143.09964,315.453491,1183.317871,189.280228,312.336853,954.541077,85.350548,274.970154,996.092285,7.631568,304.465454,893.040039,60.95031,-133.617722,1056.393311,-60.653103,-152.049774,1086.911499,133.000549,118.082237,1087.21521,161.362305,134.219116,1069.468872,-51.873665
6.842,10.137444,1676.790039,-74.197632,6.852109,1609.386353,-159.582657,93.143105,1608.668457,-74.443138,-3.009236,1446.720581,103.605988,-67.334541,1275.722168,172.999115,38.514954,1269.242188,184.547745,44.278408,1303.179321,-90.205383,-145.620544,1358.938354,136.208618,-157.211823,1419.657959,-22.621429,-239.009827,1274.825317,125.475121,-324.475159,1204.399902,144.87587,-360.60318,992.922974,6.0583,-303.944275,1019.810181,-68.81385,-356.723236,926.803528,-19.480204,110.286293,1348.290649,162.701782,168.6371,1412.580933,10.784623,253.829208,1298.062012,143.454437,315.083069,1182.068359,189.238068,312.012146,953.758484,84.488594,274.718018,995.652588,6.766607,304.172516,892.323425,59.766788,-133.942307,1056.62146,-60.872002,-152.198456,1086.219238,132.987045,117.834694,1086.415161,161.214432,134.09671,1069.473877,-52.085495
6.85,10.519128,1675.617432,-75.848083,7.139705,1607.487183,-160.62468,93.346245,1607.306885,-75.438545,-3.249998,1446.185303,104.17688,-67.498734,1275.054443,173.368622,38.372768,1268.534912,184.94339,43.992538,1303.032349,-89.798775,-145.833542,1358.31311,136.714981,-157.611298,1418.970215,-22.175226,-238.981384,1273.769043,125.842514,-323.783234,1202.60144,144.769592,-352.354431,987.083191,10.400426,-295.33197,1013.713135,-64.313957,-345.217255,920.416077,-12.485089,110.156578,1347.529785,163.197067,168.571014,1412.21582,11.415991,253.767365,1297.158325,143.812561,314.86441,1180.990356,189.274902,311.732758,953.065857,83.493004,274.333466,995.212952,6.148932,303.848969,891.734436,58.690849,-134.240662,1056.731812,-61.035988,-152.542297,1085.564209,133.177765,117.568176,1085.541382,160.96785,133.975677,1069.412476,-52.239594
6.858,10.705025,1674.610962,-77.797974,7.314462,1605.477417,-161.638,93.499207,1605.88916,-76.485115,-3.494622,1445.587036,104.769112,-67.654755,1274.279053,173.867859,38.200474,1267.748047,185.387268,43.722874,1302.857544,-89.360107,-146.006378,1357.625122,137.204971,-158.074554,1418.225952,-21.766562,-239.254303,1272.727783,126.116737,-323.172791,1200.529297,144.607498,-344.126282,981.550537,14.715191,-286.574219,1007.807739,-59.895752,-333.278046,914.332336,-5.267807,110.01873,1346.72583,163.769302,168.490417,1411.768677,12.186051,253.657944,1296.208252,144.211655,314.662323,1179.848022,189.211426,311.216125,952.386719,82.832443,273.804382,994.73938,5.442607,303.495392,891.075256,57.442715,-134.502411,1056.746094,-61.129967,-152.732941,1084.773926,133.161209,117.300858,1084.727661,160.977707,133.856827,1069.27002,-52.348347
6.867,11.009478,1673.014404,-79.184525,7.474119,1603.312256,-162.656433,93.700737,1604.372803,-77.535179,-3.787307,1444.922729,105.40374,-67.857101,1273.550903,174.232925,38.022713,1266.910156,185.909988,43.477932,1302.641724,-88.88588,-146.371674,1356.786621,137.688858,-158.600311,1417.302002,-21.407125,-239.550766,1271.597534,126.342354,-322.49176,1198.127563,143.864044,-335.400146,975.804993,19.189709,-277.621399,1002.126831,-55.379627,-321.02005,908.863159,2.291348,109.798103,1346.000366,164.491058,168.292114,1411.216797,12.944315,253.594818,1295.313721,144.530365,314.45517,1178.586304,189.149124,310.924622,951.573364,81.586113,273.21521,994.268921,4.701171,303.154022,890.504028,56.320896,-134.74649,1056.660767,-61.255417,-152.900421,1084.017334,133.087143,117.098167,1083.800781,160.971863,133.749023,1069.055542,-52.425156
6.875,11.384191,1671.473389,-80.9515,7.643255,1600.951538,-163.70668,93.774948,1602.717651,-78.595985,-4.235604,1444.126831,106.01078,-68.115997,1272.664185,174.771072,37.770069,1266.065308,186.353577,43.171371,1302.320923,-88.339539,-146.781433,1355.926392,138.082184,-159.211517,1416.342529,-21.060236,-240.020096,1270.139648,126.509384,-322.057068,1195.854248,143.322327,-326.400177,970.392944,23.831739,-268.70517,996.516968,-50.82502,-308.44931,903.661377,10.033233,109.687141,1345.214722,165.037399,168.050293,1410.716797,13.7684,253.478226,1294.3125,144.944168,314.195587,1177.40625,189.18277,310.611511,950.93103,80.697617,272.76535,993.707275,4.377425,302.757996,889.92334,55.079704,-135.028076,1056.488281,-61.378586,-153.038849,1083.020508,133.136536,116.868713,1082.863647,160.783981,133.586075,1068.75354,-52.459473
6.883,11.628334,1670.036499,-82.911652,7.750989,1598.470947,-164.784836,93.88475,1600.954224,-79.656395,-4.655355,1443.422974,106.662743,-68.411354,1271.674438,175.203232,37.569725,1265.122437,186.918182,42.922428,1301.99646,-87.793518,-147.234497,1354.994629,138.490189,-159.95752,1415.247437,-20.86137,-240.571167,1268.86499,126.518013,-321.698639,1193.274048,142.704254,-317.317413,965.173218,28.532776,-259.475128,991.273621,-46.481804,-295.874878,899.274658,18.000525,109.453407,1344.230957,165.77739,167.800522,1410.119629,14.597179,253.450241,1293.326904,145.305908,314.099213,1176.178955,189.027802,310.387726,950.148926,79.854156,272.369934,993.350708,3.547425,302.374878,889.305969,53.824253,-135.284256,1056.236328,-61.464718,-153.311813,1081.932129,133.186874,116.571091,1081.751831,161.080826,133.429184,1068.365601,-52.475643
6.892,11.706531,1668.274414,-84.687195,7.769967,1595.89502,-166.062912,93.921318,1599.110107,-80.725471,-5.164895,1442.581543,107.274971,-68.700638,1270.755249,175.685715,37.337662,1264.119141,187.451218,42.65942,1301.609863,-87.245476,-147.745438,1353.881836,138.920242,-160.539871,1413.957397,-20.559622,-241.225159,1267.31543,126.68766,-321.64267,1190.843506,142.412582,-308.044861,960.541382,32.864174,-249.781281,986.70813,-42.325615,-284.321411,895.643799,25.301958,109.130928,1343.374512,166.596237,167.553421,1409.604736,15.301003,253.42131,1292.296265,145.698013,313.920959,1174.85022,188.934097,310.073364,949.246704,78.903671,271.683105,992.875671,2.528287,301.994934,888.653198,52.612217,-135.553452,1055.878174,-61.550819,-153.482117,1081.002441,133.245163,116.262253,1080.598877,161.310455,133.214066,1067.85083,-52.418957
6.9,11.929728,1666.563721,-86.82373,7.771834,1593.0896,-167.098511,93.894485,1597.21167,-81.85202,-5.669321,1441.540894,107.924004,-69.068245,1269.6604,176.139114,37.080921,1263.086304,187.936478,42.444401,1301.11853,-86.709595,-148.220688,1352.715576,139.239807,-161.258316,1412.711304,-20.606722,-241.863602,1265.868286,126.792015,-321.81485,1188.87085,142.559631,-299.560883,957.170105,35.919991,-239.56958,982.796997,-37.272408,-275.604309,892.632568,30.033998,108.914757,1342.401001,167.109741,167.267746,1408.91687,16.282465,253.338867,1291.218994,146.054581,313.929871,1173.624023,188.897476,309.715668,948.419495,77.710152,271.1633,992.383118,1.79919,301.67099,888.080811,51.413319,-135.860657,1055.164062,-61.655781,-153.758255,1079.762085,133.26506,115.922356,1079.328735,161.426636,133.040085,1067.337402,-52.290852
6.908,12.028283,1664.772705,-89.230133,7.775289,1590.291016,-168.188339,93.830872,1595.368042,-82.844238,-6.278101,1440.552368,108.457268,-69.382721,1268.523926,176.501205,36.854153,1262.021851,188.407059,42.187382,1300.584106,-86.203812,-148.68309,1351.478027,139.502563,-161.976028,1411.446167,-20.574957,-242.597763,1264.73291,127.021553,-321.778046,1186.656128,142.987701,-293.109253,954.865784,37.414375,-230.246689,980.940796,-32.272221,-272.141632,890.50946,30.835356,108.532928,1341.30127,167.930801,166.994019,1408.263306,17.176832,253.25853,1290.102661,146.547058,313.892487,1172.347046,188.75528,309.581482,947.663269,76.778442,270.767059,991.919556,1.002502,301.36203,887.406982,50.185333,-136.193542,1054.137329,-61.760094,-154.032089,1078.372314,133.132767,115.589943,1078.086914,161.654449,132.875717,1066.782227,-52.19471
6.917,11.973884,1662.907227,-90.698837,7.697118,1587.400757,-169.091003,93.71357,1593.455811,-83.793098,-6.857316,1439.499023,108.957672,-69.715111,1267.408081,176.884033,36.491642,1260.837402,188.87059,41.962364,1300.023926,-85.75383,-149.043564,1350.302368,139.633621,-162.659195,1410.090454,-20.756926,-243.160126,1263.96228,127.490387,-321.028534,1184.442139,143.885345,-289.442322,953.641541,38.423649,-224.23468,980.108521,-28.399542,-271.8591,887.549561,28.651665,108.181381,1340.323242,168.624069,166.682678,1407.509888,18.116117,253.208405,1288.961548,146.944611,313.904999,1170.992676,188.785751,309.26358,946.859558,75.721626,270.412628,991.392639,0.366331,301.04129,886.768311,49.059898,-136.361816,1052.973755,-61.873947,-154.382172,1077.137085,133.17807,115.203392,1076.71582,161.952255,132.756638,1066.155884,-52.067768
6.925,11.774287,1661.033447,-92.459175,7.548658,1584.645142,-170.075638,93.530418,1591.674194,-84.79274,-7.478256,1438.365601,109.357277,-69.954681,1266.158936,177.078247,36.187252,1259.70166,189.327652,41.725609,1299.348145,-85.378174,-149.484604,1349.024658,139.715363,-163.396393,1408.958008,-20.795301,-243.414932,1263.443726,128.210327,-319.81427,1182.398926,145.336288,-288.724579,952.852295,37.808521,-221.387054,980.155457,-26.840055,-271.689362,886.403564,26.162903,107.825172,1339.223022,169.223465,166.352921,1406.783691,18.853991,253.116013,1287.765015,147.41394,314.009827,1169.836548,188.678741,309.056946,946.019165,74.734459,270.106628,990.771545,-0.462398,300.834778,886.050354,47.985935,-136.467819,1051.866943,-61.845684,-154.801758,1075.537354,133.211105,114.823997,1075.450562,162.288742,132.676605,1065.437378,-51.956131
6.933,11.570896,1659.26355,-94.013191,7.323779,1582.040161,-170.929596,93.268768,1589.77771,-85.51136,-7.904411,1437.399414,109.694328,-70.271515,1264.95459,177.385605,35.897629,1258.462769,189.709015,41.493187,1298.648926,-84.995262,-149.851974,1347.838379,139.843063,-164.040375,1407.793823,-20.853374,-243.426605,1262.908569,129.342682,-317.922241,1180.146851,147.253998,-289.480438,951.984863,36.045788,-221.126312,979.994446,-27.09955,-273.14679,885.465027,23.04674,107.399963,1338.018921,169.975616,166.047134,1405.888428,19.638197,253.041809,1286.541504,147.763367,314.052429,1168.411865,188.566452,308.993439,945.185364,73.763084,269.84668,990.18573,-1.181445,300.63446,885.273071,46.896587,-136.55867,1051.004028,-61.826733,-155.162933,1074.095093,133.261627,114.374504,1074.015625,162.580811,132.670486,1064.613403,-51.784737
6.942,11.207344,1657.454102,-95.403976,6.948354,1579.56897,-171.624252,92.93647,1588.139282,-86.343521,-8.24036,1436.22168,110.100792,-70.446175,1263.763184,177.694458,35.676647,1257.287354,190.049393,41.34354,1297.861206,-84.664108,-150.045044,1346.678223,140.151291,-164.720383,1406.549805,-20.714727,-243.155472,1262.170532,130.524887,-315.9151,1177.938477,149.454529,-291.130524,951.278076,34.053917,-222.497406,979.732239,-29.053907,-274.164246,884.918396,20.821079,107.224739,1336.966675,170.36145,165.950012,1405.065674,20.251999,253.029053,1285.273193,148.113632,314.237244,1167.135132,188.456039,308.874847,944.176025,72.889053,269.652069,989.54895,-1.719516,300.501495,884.475586,45.930153,-136.547394,1050.3573,-61.783192,-155.544479,1072.799683,133.245605,114.030731,1072.604126,162.83107,132.774231,1063.880859,-51.63707
6.95,10.854587,1655.860596,-96.828308,6.534372,1577.338257,-172.366913,92.642403,1586.567017,-87.234909,-8.428745,1435.1427,110.49514,-70.616982,1262.489746,177.973633,35.569904,1256.15271,190.395554,41.237354,1296.958252,-84.367271,-150.12207,1345.509766,140.668274,-165.315002,1405.576782,-19.886707,-242.615738,1261.062378,131.948761,-314.004974,1175.75293,151.451431,-292.738098,950.45282,32.4039,-225.205383,979.645203,-31.89817,-275.342743,884.360657,18.916975,106.962845,1335.771118,170.965012,165.847198,1404.168823,20.877924,252.94873,1284.029907,148.38974,314.582184,1165.891479,188.305786,308.868958,943.220459,72.000298,269.542847,988.764465,-2.313324,300.449921,883.657043,44.937302,-136.548721,1049.709351,-61.796169,-155.779709,1071.56897,133.259125,113.590424,1071.257812,163.119644,132.915405,1063.078003,-51.408276
6.958,10.230294,1654.255493,-97.949821,6.049582,1575.246704,-172.850571,92.243385,1585.16333,-88.00032,-8.475984,1434.099365,110.908371,-70.616699,1261.375488,178.202469,35.43779,1254.98938,190.63356,41.114265,1296.076294,-84.100273,-150.055756,1344.357666,141.399963,-165.768616,1404.57666,-19.00692,-242.022339,1259.587402,133.357666,-312.493683,1173.713379,153.14505,-294.565857,949.68158,31.330887,-228.647507,979.665894,-34.951298,-276.702667,883.921387,17.199095,106.971672,1334.662109,171.225143,165.810272,1403.216553,21.22883,252.963715,1282.754761,148.549377,314.864441,1164.552612,188.052567,308.921265,942.396606,71.355949,269.457428,987.983093,-2.883731,300.448792,882.77594,43.99181,-136.646332,1049.025146,-62.208668,-155.916534,1070.475098,133.271027,113.334824,1069.86792,163.505676,133.10878,1062.05188,-51.175476
6.967,9.819948,1652.928345,-98.98983,5.55655,1573.403442,-173.379776,91.810661,1583.862183,-88.704269,-8.292861,1433.002197,111.310959,-70.473549,1260.16272,178.528839,35.495354,1253.869873,190.819595,41.052658,1295.190063,-83.865974,-149.868561,1343.217651,142.309784,-166.234024,1403.469971,-17.918457,-241.241577,1257.622314,134.920105,-311.882294,1171.904053,154.821701,-296.25589,949.161926,30.351995,-232.569,979.316406,-37.304413,-278.601288,883.687073,15.357449,107.02816,1333.656616,171.46524,165.888351,1402.336304,21.500294,253.069962,1281.590454,148.571487,315.060883,1163.36731,187.888168,309.054779,941.478333,70.751701,269.291382,987.209351,-3.324674,300.436493,881.9375,43.391262,-136.875717,1048.504272,-62.535522,-155.941879,1069.486084,133.074814,113.008766,1068.592285,163.750259,133.221619,1060.974121,-51.005478
6.975,9.367268,1651.638672,-99.792603,5.014977,1571.776733,-173.701218,91.297447,1582.61377,-89.186867,-8.047906,1431.986816,111.730492,-70.155289,1258.931519,178.848953,35.627205,1252.84314,190.941086,41.03336,1294.242798,-83.69841,-149.474106,1341.913696,143.475723,-166.571014,1402.707886,-16.6297,-240.369537,1255.230713,136.382797,-311.893372,1170.296509,155.441498,-298.517609,948.671753,29.147223,-235.978622,979.258301,-39.27755,-280.440063,883.515442,13.826835,107.169075,1332.585449,171.641342,165.889496,1401.31665,21.456614,253.141373,1280.397461,148.455765,315.420593,1162.305664,187.39653,309.199158,940.518616,70.220901,269.234436,986.328674,-3.826636,300.456879,880.916565,42.76609,-137.027023,1047.854492,-62.812649,-155.856354,1068.668945,133.20639,112.818687,1067.297363,163.989548,133.375275,1059.84375,-50.746521
6.983,8.787283,1650.571411,-100.250496,4.525136,1570.485229,-174.011459,90.734871,1581.652344,-89.557816,-7.775334,1431.000366,112.110062,-69.848351,1257.759888,179.159088,35.82093,1251.807983,191.009842,41.009045,1293.240967,-83.54837,-149.013611,1340.617676,144.541031,-166.855255,1402.157837,-14.871462,-239.675583,1252.728882,137.61203,-312.536896,1168.83728,155.908707,-301.103607,948.254883,27.604052,-238.910309,979.289429,-41.211193,-282.840393,883.09198,12.137922,107.477089,1331.579712,171.554565,166.050903,1400.45752,21.372164,253.379852,1279.410767,148.119766,315.696625,1161.334961,186.95723,309.137878,939.448242,69.791962,269.230927,985.401367,-4.189107,300.400818,880.019165,42.360092,-136.917862,1046.810059,-63.050858,-155.761093,1068.056152,133.331009,112.722824,1066.175049,164.213028,133.506561,1058.618286,-50.599785
6.992,8.285175,1649.7771,-100.517586,3.928726,1569.494751,-174.162231,90.287766,1580.899902,-89.652435,-7.321061,1429.949341,112.537651,-69.348801,1256.498413,179.471024,36.254581,1250.864624,191.084045,40.949692,1292.373657,-83.357132,-148.367111,1339.226196,145.670334,-166.969177,1401.454956,-13.381699,-239.02533,1250.207886,138.591034,-313.635498,1167.629883,155.407349,-303.756866,947.928223,26.175268,-241.692993,979.23468,-42.836617,-285.16217,882.848511,10.778432,107.896614,1330.797852,171.48764,166.083771,1399.63501,21.112207,253.621368,1278.44751,147.564011,316.080078,1160.440063,186.306732,309.204346,938.482788,69.441956,269.190369,984.384766,-4.451781,300.297852,879.139526,42.118385,-136.780258,1045.781982,-63.068913,-155.636307,1067.425171,133.385925,112.587151,1065.103149,164.384094,133.660461,1057.355957,-50.506203
7.0,7.727241,1649.230713,-100.409912,3.352598,1568.945801,-174.023392,89.753197,1580.43042,-89.617256,-6.948489,1428.961914,112.890129,-68.869232,1255.230225,179.661224,36.704063,1250.076294,191.124893,40.984936,1291.573486,-83.192017,-147.622711,1337.917847,146.535202,-166.976395,1401.015747,-12.160551,-238.53894,1247.774048,139.027756,-315.185028,1166.818237,155.242737,-306.169617,947.671082,25.009098,-244.490128,979.270386,-44.245472,-287.264679,882.703247,9.792699,108.500092,1330.033325,171.17659,166.271454,1398.918701,20.556412,253.830795,1277.641602,146.911102,316.58078,1159.793091,185.592422,309.287109,937.597656,69.213821,269.171875,983.379517,-4.748268,300.197235,878.205688,41.983505,-136.470322,1045.228882,-63.216927,-155.479889,1066.875366,133.349594,112.695633,1064.134277,164.479309,133.715302,1056.093872,-50.432625
7.008,6.906221,1648.765991,-100.05722,2.699248,1568.72644,-173.710693,89.171875,1580.171631,-89.415665,-6.499494,1428.169189,113.146858,-68.256783,1254.130005,179.806244,37.2467,1249.234253,191.062637,41.01823,1290.830566,-83.064598,-146.907303,1336.597168,147.177261,-166.916565,1400.655029,-11.243008,-238.283646,1245.512573,139.090271,-316.605835,1166.209839,154.935974,-308.643188,947.630615,24.077612,-247.26619,979.3172,-45.554722,-289.264343,882.586121,8.851334,109.181549,1329.336182,170.756958,166.468384,1398.339233,19.991438,254.07579,1277.034058,146.117416,316.939758,1159.218018,184.822632,309.303772,936.822632,69.005508,269.268738,982.389954,-5.121126,299.902283,877.24823,42.056824,-136.033524,1044.802734,-63.174152,-155.364487,1066.344116,133.412872,112.790077,1063.396851,165.288208,133.859573,1054.766602,-50.388134
7.017,6.126088,1648.73999,-99.440979,2.062624,1568.90271,-173.398926,88.492287,1580.173462,-89.014946,-6.013476,1427.470093,113.264252,-67.560318,1253.204712,179.953842,37.836582,1248.550903,190.914948,41.055115,1290.151611,-83.017639,-146.263489,1335.49292,147.473053,-166.853607,1400.530884,-10.319198,-238.188797,1243.817749,138.770187,-318.107513,1166.037598,154.348145,-310.834045,947.825256,23.362925,-249.981827,979.423584,-46.751324,-291.085419,882.854004,8.44106,109.786415,1328.874268,170.439987,166.535843,1397.741455,19.198845,254.40976,1276.520874,145.072098,317.365417,1158.86377,183.838211,309.265259,936.09021,68.961632,269.265381,981.44574,-5.358742,299.736725,876.411438,42.165825,-135.677475,1044.589478,-63.250362,-155.161682,1065.931763,133.40715,112.989044,1062.786865,165.834396,133.950363,1053.549805,-50.461296
7.025,5.286238,1649.026733,-98.576889,1.422246,1569.44751,-172.869568,87.796761,1580.509155,-88.53907,-5.635543,1426.986572,113.222374,-66.889427,1252.536865,179.986862,38.565189,1248.184326,190.677048,41.069481,1289.625977,-83.134438,-145.767487,1334.615723,147.376892,-166.623428,1400.249512,-9.99272,-238.216965,1242.602539,138.085999,-319.44165,1166.293701,153.837433,-312.685913,948.147583,22.96804,-252.7099,979.73999,-47.734619,-292.461823,883.28241,8.40356,110.548454,1328.556274,169.693008,166.684753,1397.399658,18.222565,254.836594,1276.335938,144.023514,317.72406,1158.67627,182.828262,309.178345,935.344971,68.898422,269.231354,980.462769,-5.641245,299.586273,875.693054,42.3162,-135.392761,1044.609863,-63.403763,-154.888962,1065.649536,133.370255,113.285667,1062.122803,165.725967,134.031113,1052.344238,-50.562149
7.033,4.459767,1649.434326,-97.427452,0.647249,1570.396606,-172.257584,87.128998,1581.081909,-88.047279,-5.265012,1426.671265,113.002335,-66.288353,1252.189697,179.786423,39.204468,1248.038452,190.369598,41.089272,1289.227783,-83.453598,-145.366028,1334.052124,147.034836,-166.405319,1400.144409,-9.979483,-238.4151,1242.086304,137.16066,-320.600739,1166.983032,153.02063,-314.68045,948.696716,22.537329,-255.20784,980.155151,-48.718098,-293.697205,883.967529,8.531135,111.226089,1328.539551,169.11377,166.860107,1397.259033,17.145086,255.394165,1276.278198,142.823532,318.115723,1158.709106,181.681061,309.1521,934.800842,68.834389,269.203064,979.612793,-5.982544,299.354645,875.137634,42.537655,-135.121658,1044.877319,-63.639404,-154.573654,1065.646973,133.3349,113.551636,1061.604736,165.291733,134.125381,1051.250854,-50.6138
7.042,3.700376,1650.189575,-96.201256,-0.151863,1571.662598,-171.618057,86.483986,1582.086548,-87.348572,-5.034254,1426.69165,112.528046,-65.771652,1252.150879,179.386154,39.888386,1248.149536,189.966782,41.171486,1288.935547,-83.966843,-145.119232,1333.765259,146.461166,-166.044113,1400.085083,-10.519465,-238.93071,1242.255249,135.903793,-321.771484,1168.081177,152.718475,-316.241669,949.29364,22.356918,-257.313873,980.58136,-49.672821,-294.902618,884.625671,8.758809,111.898781,1328.746094,168.268356,166.996628,1397.314941,16.164799,255.998932,1276.5625,141.61615,318.511322,1158.911987,180.446747,309.197662,934.454407,68.606049,269.169861,978.999939,-6.388343,299.211334,874.783752,42.727257,-134.832062,1045.264038,-64.024315,-154.161316,1065.902344,133.331848,113.93763,1061.328979,164.880844,134.186554,1050.29187,-50.720089
7.05,2.642868,1651.278076,-94.838837,-0.906041,1573.316284,-170.838058,85.739182,1583.261475,-86.609825,-4.818076,1426.884888,111.89032,-65.252525,1252.340332,178.870575,40.583614,1248.592529,189.394257,41.2882,1288.771606,-84.650803,-144.909164,1333.7323,145.620316,-165.75354,1400.094849,-11.206007,-239.753082,1242.964844,134.808014,-322.758881,1169.307617,151.550903,-317.846985,950.163635,22.008926,-259.179352,981.096436,-50.39732,-295.996399,885.441223,9.087463,112.430283,1329.123779,167.431168,167.118576,1397.596191,14.99168,256.504211,1276.903687,140.410233,318.969574,1159.251343,179.344437,309.183533,934.344666,68.380455,269.035583,978.555542,-6.84615,299.062073,874.649902,42.887032,-134.653427,1045.534302,-64.276382,-153.759308,1066.434937,133.264099,114.307678,1061.283081,164.447433,134.308899,1049.575317,-50.856239
7.058,1.721256,1652.639404,-93.489738,-1.712516,1575.356934,-170.014282,85.077614,1584.751099,-85.87114,-4.589012,1427.221924,111.082458,-64.715378,1252.875732,178.141434,41.12064,1249.245483,188.70401,41.474827,1288.748413,-85.537987,-144.755646,1333.956543,144.579788,-165.345154,1400.227173,-12.150905,-240.573166,1244.168213,133.561523,-323.997681,1170.90564,150.197083,-319.197266,951.198608,21.791939,-260.769531,981.669006,-51.016636,-296.810364,886.198853,9.461065,112.904213,1329.748657,166.52179,167.231522,1398.054321,13.831282,257.03833,1277.575928,139.12178,319.511139,1159.923584,178.064041,309.221985,934.462891,68.002022,268.890472,978.292969,-7.4717,298.99231,874.750122,42.984261,-134.441986,1045.766357,-64.50631,-153.405563,1067.125366,133.173203,114.712906,1061.511353,164.111557,134.469727,1049.165405,-50.969505
7.067,0.990924,1654.169067,-91.89048,-2.478413,1577.748779,-169.239716,84.443977,1586.562988,-85.134689,-4.417472,1427.691895,110.088974,-64.33329,1253.455566,177.311737,41.58279,1249.99707,187.964935,41.641815,1288.935425,-86.610329,-144.593643,1334.475952,143.341934,-164.926788,1400.395996,-13.349809,-241.37648,1245.795776,132.271378,-325.016144,1172.630737,148.900574,-320.552246,952.196594,21.47843,-261.970886,982.315552,-51.290272,-297.774628,887.273987,9.798562,113.28791,1330.610962,165.518219,167.363327,1398.712769,12.57053,257.452972,1278.46875,137.828613,319.972168,1160.686646,176.771866,309.224854,934.887024,67.609406,268.592621,978.273132,-7.761949,298.985168,875.072144,42.974575,-134.147903,1045.979736,-64.724586,-153.030563,1067.986084,133.054092,115.050385,1062.041748,163.879333,134.732208,1048.992554,-51.128586
7.075,0.074379,1655.849243,-89.952377,-3.133938,1580.421143,-168.37088,83.850281,1588.540283,-84.519363,-4.208395,1428.446411,108.86628,-63.919865,1254.445312,176.278656,41.981617,1250.963257,187.058441,41.892139,1289.304443,-87.80085,-144.398544,1335.375854,141.9841,-164.414139,1400.653442,-14.946974,-242.349213,1247.707275,131.014908,-326.002686,1174.602539,147.56337,-321.623962,953.373901,21.1924,-262.751831,982.953003,-51.478485,-298.533112,888.331909,10.105592,113.659904,1331.684692,164.431168,167.460556,1399.468872,11.221067,257.808289,1279.385742,136.5504,320.340302,1161.623657,175.386719,309.376312,935.705078,67.260658,268.187592,978.541626,-8.184238,299.025513,875.619141,42.906311,-133.699295,1046.32666,-65.042511,-152.629196,1069.089722,132.676025,115.459587,1062.883789,163.489716,134.983658,1049.05957,-51.276314
7.083,-0.71833,1657.916382,-88.199455,-3.864595,1583.405396,-167.58223,83.21611,1590.769531,-83.744904,-4.061113,1429.364624,107.500572,-63.631721,1255.483765,175.157532,42.335701,1252.233398,185.973175,42.131695,1289.844849,-89.183968,-144.211929,1336.392334,140.59642,-163.891113,1401.171875,-16.541208,-243.01651,1249.87915,129.814972,-327.100037,1176.772339,145.963135,-322.440216,954.775574,20.910557,-263.371338,983.889832,-51.63139,-299.14502,889.787842,10.486401,113.926567,1332.891724,163.103943,167.548676,1400.513062,9.758632,258.278259,1280.723877,135.12236,320.838715,1162.940552,173.991974,309.418396,936.485962,66.530769,267.52951,979.110229,-8.62644,299.093109,876.435974,42.735462,-133.190781,1046.737061,-65.343315,-152.318222,1070.458984,132.188095,115.787979,1064.015503,163.15065,135.249542,1049.280396,-51.368542
7.092,-1.559046,1659.936279,-86.264984,-4.685272,1586.684204,-166.727783,82.657051,1593.143188,-83.002678,-3.851753,1430.404907,105.91481,-63.270435,1256.773315,173.906876,42.673386,1253.55249,184.868668,42.382023,1290.567505,-90.748894,-143.970688,1337.687012,139.00531,-163.355988,1401.654175,-18.473372,-243.664642,1252.116455,128.46579,-327.940796,1178.943237,144.61496,-323.035309,956.205139,20.655077,-263.667023,984.910095,-51.640457,-299.450897,891.088074,10.879007,114.189728,1334.32312,161.652817,167.803436,1401.678467,8.189214,258.929108,1282.146729,133.945435,321.195068,1164.28479,172.621109,309.482056,937.571716,66.051514,267.117035,979.854431,-9.015826,299.04538,877.464722,42.576931,-132.604294,1047.155151,-65.724174,-152.083572,1072.044189,131.669159,116.051628,1065.34729,162.87326,135.542099,1049.649902,-51.433403
7.1,-2.220787,1662.323242,-84.798126,-5.391641,1590.154175,-165.904175,82.113052,1595.564575,-82.282684,-3.638602,1431.617065,104.086403,-62.995003,1258.270874,172.650635,42.978119,1255.209595,183.627457,42.604259,1291.427124,-92.383896,-143.602524,1339.11792,137.447281,-162.922226,1402.305786,-20.274788,-244.325638,1254.40686,127.082764,-328.846497,1181.344482,143.003632,-323.491302,957.846313,20.569086,-263.650635,986.004211,-51.849373,-299.588348,892.692383,11.424629,114.426407,1335.856567,160.090057,167.910812,1402.940918,6.387125,259.50235,1283.765259,132.315155,321.581451,1166.060059,171.337234,309.594696,939.076355,65.486687,266.747131,980.871033,-9.410659,299.027435,878.816956,42.486263,-132.017212,1047.679565,-66.105576,-151.740112,1073.79895,130.929153,116.312515,1066.912964,162.493881,135.938049,1050.207764,-51.458492
7.108,-2.95112,1664.399902,-82.199875,-5.984736,1593.781616,-164.97139,81.584656,1598.068237,-81.600739,-3.452473,1432.860352,102.156609,-62.750416,1259.888672,171.191666,43.214191,1256.826416,182.150482,42.907707,1292.41687,-94.154121,-143.26857,1340.749634,135.804321,-162.360641,1403.01123,-22.153591,-244.705734,1256.779297,125.596985,-329.42627,1183.873291,141.612045,-323.670441,959.579163,20.304644,-263.661591,987.436829,-51.89011,-299.44043,894.576233,11.837199,114.598785,1337.520752,158.455643,168.1548,1404.360474,4.594365,259.899567,1285.546021,130.811371,321.962921,1167.911987,169.908417,309.540466,940.518616,65.094269,266.311157,982.061951,-9.877473,298.831818,880.24884,42.455959,-131.324554,1048.293091,-66.446762,-151.592606,1075.612915,130.054199,116.494141,1068.564575,162.157898,136.302948,1050.760742,-51.451717
7.117,-3.46438,1666.71167,-80.164635,-6.613503,1597.454712,-164.139359,81.202347,1600.600708,-80.947044,-3.160466,1434.203369,100.031021,-62.425076,1261.568726,169.532394,43.493641,1258.55127,180.610687,43.220047,1293.522461,-95.971733,-142.922699,1342.369141,134.078903,-161.76387,1403.86377,-24.352692,-244.838913,1259.173218,124.136444,-329.847809,1186.40625,140.288635,-323.587463,961.444031,20.238083,-263.459351,988.826904,-52.012524,-299.248047,896.447937,12.477695,114.871429,1339.335571,156.637878,168.30217,1405.859375,2.51203,260.147614,1287.410278,129.196442,322.36673,1169.869629,168.569,309.546814,942.313904,64.67115,265.893524,983.43988,-10.220416,298.634644,881.992371,42.635845,-130.649597,1048.940308,-66.831047,-151.462997,1077.746094,129.359879,116.603691,1070.48938,161.85791,136.707352,1051.33667,-51.464237
7.125,-4.087948,1669.086304,-78.179489,-7.114585,1601.207397,-163.213715,80.867188,1603.076172,-80.156105,-2.877734,1435.577881,97.80957,-62.006657,1263.350708,168.001068,43.817974,1260.533813,179.014923,43.54248,1294.668213,-97.997643,-142.469742,1344.122803,132.360245,-161.220825,1404.723999,-26.459167,-244.870102,1261.532715,122.730316,-330.219055,1188.982666,138.95224,-323.489044,963.435181,20.202511,-263.183014,990.49585,-52.104515,-298.767914,898.612183,13.008883,115.066528,1341.080811,154.692047,168.44455,1407.262451,0.55157,260.398621,1289.441406,127.439362,322.707275,1172.129639,167.208878,309.437927,944.168701,64.445877,265.585175,984.87439,-10.689413,298.424011,883.754822,42.794304,-129.93544,1049.681274,-67.185715,-151.393753,1079.96582,128.569397,116.706497,1072.415649,161.54628,137.106323,1051.899658,-51.463711
7.133,-4.484717,1671.236938,-75.992882,-7.695758,1605.119507,-162.396484,80.510284,1605.484375,-79.34108,-2.572863,1436.968628,95.519165,-61.650146,1265.176147,166.303711,44.082325,1262.444702,177.226593,43.923286,1295.749146,-100.049622,-142.043716,1345.86438,130.494995,-160.637558,1405.731445,-28.503075,-244.707535,1263.866089,121.386909,-330.383881,1191.503296,137.858322,-323.233337,965.548279,20.085382,-262.817993,992.208496,-52.120014,-298.358948,900.697083,13.630852,115.306473,1342.965454,152.595291,168.647034,1408.834106,-1.813114,260.722656,1291.614136,125.61113,323.14624,1174.518066,165.821045,309.380341,946.17981,64.508484,265.247894,986.384644,-10.790601,298.156372,885.656128,43.233875,-129.357391,1050.281982,-67.578506,-151.289627,1082.064331,127.903015,116.768997,1074.546997,161.219284,137.520462,1052.482666,-51.427769
7.142,-4.838243,1673.345093,-73.851952,-8.217762,1608.871094,-161.445175,80.168442,1607.817505,-78.548286,-2.285743,1438.395508,93.0495,-61.263878,1266.976807,164.505295,44.462753,1264.410156,175.425034,44.358879,1296.817017,-102.159958,-141.555283,1347.54895,128.509674,-160.140854,1406.872437,-30.67231,-244.320267,1265.990356,120.053856,-330.368042,1193.998535,136.864014,-323.027496,967.531799,20.074648,-262.227478,993.954834,-51.99931,-297.991516,902.920654,14.06215,115.526138,1344.952026,150.415054,168.845413,1410.217285,-4.147775,261.19162,1293.819092,123.684959,323.56604,1177.061035,164.459076,309.378601,948.058167,64.304718,265.079956,987.958923,-11.060049,297.864838,887.710266,43.798569,-128.865967,1050.940063,-68.112358,-151.149063,1084.026367,127.10379,116.91642,1076.738892,160.841049,137.891129,1053.045166,-51.430492
7.15,-5.381844,1675.33667,-71.662613,-8.59732,1612.616821,-160.542694,79.860611,1610.144897,-77.839813,-1.947279,1439.925171,90.548676,-60.762722,1268.753784,162.744278,44.814564,1266.415405,173.605728,44.815918,1297.820068,-104.314682,-141.05394,1349.276001,126.57341,-159.550949,1407.980835,-32.848637,-243.806778,1268.162109,118.604813,-330.206726,1196.613525,135.905731,-322.75708,969.695435,19.908386,-261.552551,995.76239,-52.089886,-297.494537,905.228271,14.585305,115.699478,1346.908569,148.176727,168.853882,1411.619995,-6.746222,261.464844,1296.083374,121.654488,324.028076,1179.644165,162.978577,309.312317,950.264465,64.61364,264.944,989.586304,-11.100261,297.538208,889.709167,44.548695,-128.416763,1051.527344,-68.44371,-150.950409,1086.059937,126.422554,117.002754,1078.938843,160.477631,138.328201,1053.628662,-51.420559
7.158,-5.601158,1677.290405,-69.50946,-9.049715,1616.306152,-159.553528,79.594597,1612.261475,-77.085739,-1.634915,1441.306641,87.919456,-60.376133,1270.582031,160.905899,45.109295,1268.420654,171.618179,45.226406,1298.774658,-106.552895,-140.577377,1351.044312,124.429565,-159.085556,1409.111328,-35.196007,-243.105423,1270.333618,117.142303,-329.930328,1199.226074,134.994568,-322.486237,971.761597,19.842518,-260.992889,997.522156,-51.726658,-297.085114,907.354187,15.195354,115.900261,1348.797119,145.694794,168.93129,1413.088989,-9.509872,261.650757,1298.288208,119.464729,324.402069,1182.275757,161.655334,309.322998,952.212769,64.761871,264.74704,991.051086,-10.975964,297.285553,891.763977,45.385403,-127.958595,1052.020996,-68.776451,-150.618011,1088.054321,125.679222,117.14547,1081.200806,160.088593,138.841919,1054.225952,-51.396271
7.167,-5.922485,1678.99292,-67.371674,-9.357548,1619.794189,-158.550323,79.379364,1614.288208,-76.37484,-1.301967,1442.825562,85.29203,-60.019657,1272.475952,158.95726,45.497101,1270.433228,169.583694,45.62888,1299.5625,-108.724579,-140.023193,1352.734863,122.302414,-158.645248,1410.213989,-37.368168,-242.384201,1272.227905,115.623085,-329.560486,1201.784912,134.09671,-322.271271,973.841858,19.814222,-260.282288,999.349304,-51.555103,-296.672241,909.624451,15.769929,116.088982,1350.71875,143.219864,168.784088,1414.009399,-12.220117,261.750366,1300.751953,117.319801,324.908051,1185.02124,160.111511,309.37381,954.373291,65.072357,264.657776,992.615662,-10.786831,297.127838,893.857117,46.368736,-127.530678,1052.424072,-69.125694,-150.385101,1089.928589,125.147568,117.382263,1083.515259,159.634583,139.242889,1054.648193,-51.424435
7.175,-6.179398,1680.789185,-65.2864,-9.723321,1623.211792,-157.568726,79.122322,1616.142944,-75.600197,-1.089462,1444.259277,82.605103,-59.547077,1274.270264,157.108963,45.757645,1272.362427,167.609222,46.085911,1300.235229,-111.024063,-139.653671,1354.316406,120.089401,-158.163162,1411.282837,-39.876549,-241.571121,1274.08252,114.540359,-329.308594,1204.343628,133.167175,-322.039429,976.054321,19.860432,-259.697968,1001.024475,-51.275032,-296.210938,911.694458,16.489023,116.325912,1352.654541,140.617355,168.700562,1415.219727,-15.179435,261.99585,1303.141235,114.995552,325.321808,1187.841797,158.59317,309.373535,956.306274,65.348297,264.746674,994.029419,-10.766365,296.964874,895.886597,47.530975,-127.142639,1052.672485,-69.206619,-150.02858,1091.691772,124.589836,117.577385,1085.842163,159.132797,139.648727,1055.045044,-51.50071
7.183,-6.32775,1682.095947,-63.043571,-9.944539,1626.363403,-156.465973,78.905853,1617.807861,-74.877663,-0.997864,1445.610962,79.876762,-59.304077,1276.038818,155.088547,46.050911,1274.289429,165.571732,46.544479,1300.763428,-113.271049,-139.225418,1355.96936,117.868721,-157.827255,1412.273315,-42.102661,-240.929825,1276.018066,112.663391,-329.058655,1206.814819,132.218781,-321.805481,977.93927,20.028315,-259.283783,1002.695068,-51.020462,-295.805389,913.914673,17.240578,116.398018,1354.386108,138.053635,168.571609,1416.205688,-18.09013,262.121216,1305.4375,112.604935,325.760101,1190.556763,156.929504,309.594513,958.378662,65.805992,264.820953,995.430237,-10.64625,296.865448,897.981079,48.79594,-126.791191,1053.077515,-69.607544,-149.723328,1093.390991,124.14978,117.906227,1088.228638,158.586533,140.033371,1055.358398,-51.609314
7.192,-6.372039,1683.313599,-61.019737,-10.245207,1629.337891,-155.451904,78.713333,1619.185303,-74.047783,-0.937885,1446.934448,77.247833,-59.081848,1277.7948,153.144318,46.277176,1276.144531,163.420715,46.991932,1301.145508,-115.521561,-139.032654,1357.437988,115.641808,-157.362976,1413.267334,-44.762276,-240.267578,1277.857422,110.955322,-328.869415,1209.381958,131.160919,-321.630371,979.99353,20.230986,-258.94223,1004.247192,-50.73587,-295.258209,915.857666,18.179319,116.578209,1356.157959,135.413269,168.306778,1417.182129,-21.252138,262.194061,1307.707031,110.149628,326.207794,1193.365234,155.320816,309.820984,960.325623,66.340637,265.003967,996.789673,-10.302946,296.790955,900.0224,50.220558,-126.43972,1053.229126,-69.857193,-149.359207,1095.075562,123.670311,118.232033,1090.594482,157.966476,140.435471,1055.558228,-51.721512
7.2,-6.472229,1684.426514,-58.890602,-10.477358,1632.175537,-154.342972,78.610985,1620.593872,-73.168274,-0.903157,1447.967163,74.708031,-58.973389,1279.331177,151.231094,46.258835,1277.819092,161.436874,47.36768,1301.376953,-117.743431,-138.891541,1358.950317,113.361229,-157.158707,1414.104248,-47.164978,-239.813904,1279.546875,109.190712,-328.757416,1211.918335,130.017746,-321.526123,981.685181,20.521173,-258.724396,1005.808716,-50.581764,-294.773346,917.954163,19.158337,116.600571,1357.819214,132.78157,167.90239,1417.923706,-24.213053,262.172974,1309.854736,107.753494,326.675659,1196.124146,153.72438,310.06955,962.246338,66.967094,265.2229,997.915161,-10.112986,296.809235,901.98999,51.577694,-126.018463,1053.181519,-69.986977,-149.008926,1096.563232,123.09108,118.589661,1092.84668,157.227524,140.79686,1055.664551,-51.877968
7.208,-6.533181,1685.42749,-56.926624,-10.59893,1634.866333,-153.264099,78.43055,1621.724976,-72.399467,-0.891497,1448.986328,72.304581,-58.819153,1280.903809,149.250031,46.344799,1279.484131,159.350037,47.74691,1301.436523,-119.981628,-138.794876,1360.224854,111.075798,-156.572571,1414.623901,-49.807018,-239.441544,1281.365112,107.329659,-328.824219,1214.396851,128.785706,-321.371613,983.528625,20.826887,-258.625977,1007.086426,-50.349792,-294.316711,919.73468,20.093594,116.444519,1359.248901,130.230667,167.509521,1418.67334,-27.143568,261.864227,1311.916504,105.308151,327.076355,1198.799805,152.181229,310.311401,964.193359,67.667412,265.498779,999.13562,-9.867841,296.955566,903.909058,52.91692,-125.481339,1052.914795,-69.989197,-148.573196,1097.909058,122.635208,118.884499,1095.041626,156.459412,141.08284,1055.638794,-52.039524
7.217,-6.664577,1686.227905,-54.970963,-10.786975,1637.375366,-152.149185,78.246925,1622.671997,-71.499443,-0.996865,1449.700684,70.008057,-58.938244,1282.305786,147.32518,46.410862,1281.043823,157.348846,47.990353,1301.418213,-121.996857,-138.785202,1361.498901,108.722382,-156.651688,1415.503662,-52.311344,-239.297043,1283.177368,105.390404,-329.193817,1216.80896,127.443787,-321.348785,985.143372,21.221279,-258.684052,1008.436218,-50.112675,-293.926605,921.714478,21.108673,116.410591,1360.780151,127.63633,166.966263,1419.306641,-30.1367,261.852997,1313.914429,102.910957,327.489166,1201.414185,150.494034,310.746277,966.028015,68.275787,265.81665,1000.217407,-9.632346,297.038422,905.731018,54.336411,-124.971397,1052.625366,-70.039902,-148.227142,1099.117188,122.177757,119.288895,1097.10437,155.649628,141.324615,1055.526733,-52.203114
7.225,-6.706966,1686.910156,-52.821899,-10.834819,1639.676392,-150.955048,78.161674,1623.516602,-70.639801,-1.269446,1450.188477,67.662186,-59.211868,1283.67627,145.38118,46.23135,1282.435913,155.487091,48.081951,1301.236206,-124.020035,-138.955032,1362.604492,106.433701,-156.359116,1415.74231,-54.942211,-239.248581,1284.866943,103.549484,-329.537109,1219.033936,126.138077,-321.400085,986.537903,21.618015,-258.697266,1009.533264,-49.979343,-293.559906,923.25647,22.2033,116.191231,1362.012207,125.149567,166.341736,1419.672241,-33.016075,261.64801,1315.565063,100.393028,327.8862,1203.940063,148.858276,311.045105,967.612305,68.750786,266.200989,1001.163696,-9.417212,297.32254,907.564819,55.732231,-124.429695,1052.160278,-70.100197,-147.866882,1100.216919,121.594017,119.665306,1099.09668,154.824753,141.505981,1055.307495,-52.372215
7.233,-6.846971,1687.388062,-51.438084,-10.92089,1641.788452,-149.851593,78.041077,1624.124756,-69.69738,-1.700493,1450.674927,65.358124,-59.392216,1284.889771,143.561951,46.109356,1283.727539,153.714111,48.102581,1300.958252,-125.901772,-139.249237,1363.61499,104.105103,-156.362793,1416.176636,-57.557022,-239.603638,1286.569092,101.476875,-330.025482,1221.143677,124.733177,-321.453705,988.032898,21.967386,-258.870697,1010.510193,-49.860901,-293.228027,924.842224,23.25355,115.91053,1363.216187,122.868874,165.703339,1420.007568,-35.755062,261.508789,1317.288452,98.128677,328.227264,1206.328369,147.337875,311.543732,969.341309,69.380249,266.507141,1002.017395,-9.086478,297.703247,909.360413,57.060104,-123.824966,1051.446899,-70.130791,-147.607773,1101.030762,121.211739,119.977921,1100.905273,154.005066,141.699966,1054.993164,-52.577702
7.242,-6.818911,1687.588013,-49.363205,-10.964771,1643.691162,-148.669617,77.925468,1624.538574,-68.841743,-2.102657,1451.230713,63.043072,-59.669411,1286.032959,141.728394,45.772514,1284.896851,151.978928,48.079823,1300.580688,-127.662895,-139.652832,1364.536499,101.745827,-156.504395,1416.395996,-60.116493,-240.129318,1288.231323,99.486229,-330.886719,1223.193481,123.235252,-321.529358,989.085571,22.339417,-259.094666,1011.428589,-49.606148,-292.909424,926.4021,24.263077,115.415771,1364.209473,120.631714,164.923447,1420.318359,-38.460178,260.90097,1318.760376,95.929527,328.492432,1208.518799,145.858902,311.903107,970.778809,69.984612,266.918915,1002.841858,-8.867421,298.078979,910.895142,58.200363,-123.284637,1050.707397,-70.183968,-147.28334,1101.77771,120.523109,120.384438,1102.585205,153.223068,141.884705,1054.632324,-52.794178
7.25,-6.919699,1687.710571,-47.543903,-10.931612,1645.539429,-147.520981,77.76989,1624.863403,-68.000595,-2.664621,1451.668945,60.883381,-60.083523,1287.024536,140.077652,45.405441,1285.989746,150.294159,47.884022,1300.06897,-129.408508,-140.200806,1365.370728,99.454437,-156.867294,1416.52771,-62.661804,-240.699066,1289.699951,97.586304,-331.681427,1224.998413,121.738525,-321.64093,990.161804,22.799658,-259.243805,1012.115112,-49.426311,-292.645447,927.616272,25.32416,115.051666,1365.216431,118.409332,164.175385,1420.560913,-41.138584,260.563446,1320.236572,93.940186,328.959717,1210.906616,145.232513,312.387756,972.247192,70.353302,267.18454,1003.522888,-8.664799,298.545105,912.437073,59.46291,-122.653625,1049.790894,-70.328781,-146.942917,1102.213989,120.008453,120.715622,1104.106079,152.450577,141.987595,1054.245239,-52.913376
7.258,-6.926576,1687.725098,-45.719273,-10.945312,1647.08374,-146.380356,77.6586,1625.066162,-67.129097,-3.419883,1452.288208,58.779861,-60.650211,1287.946411,138.317947,45.00856,1286.939575,148.760223,47.55925,1299.427124,-131.138962,-140.874298,1365.994995,97.239021,-157.150757,1416.516235,-65.206871,-241.531708,1291.153687,95.60022,-332.538086,1226.595947,120.193649,-321.757843,991.087585,23.050121,-259.380524,1012.659424,-49.222809,-292.274231,928.704346,26.350325,114.508286,1366.01001,116.535027,163.194519,1420.554321,-43.502224,259.941589,1321.397705,91.96051,328.912872,1212.742432,143.716019,312.970093,973.568176,70.946808,267.447205,1004.098083,-8.475084,298.997864,913.926392,60.545071,-122.042343,1048.79541,-70.348587,-146.698822,1102.593872,119.307182,121.031433,1105.536621,151.795654,142.021881,1053.84729,-53.053097
7.267,-6.885495,1687.584351,-44.015163,-11.060704,1648.599243,-145.268646,77.576332,1625.147217,-66.230881,-4.062612,1452.92627,56.822411,-61.30056,1288.716553,136.715271,44.440632,1287.750854,147.284042,47.076244,1298.798706,-132.714172,-141.608612,1366.609131,95.084549,-157.546921,1416.414307,-67.660072,-242.632233,1292.376099,93.710999,-333.738373,1228.053711,118.635971,-321.827057,991.786255,23.280874,-259.443359,1013.03479,-49.030144,-292.006348,929.682861,27.190727,113.860626,1366.677979,114.537521,162.337708,1420.507446,-45.645428,259.340088,1322.454956,90.087692,328.845612,1214.327637,142.170166,313.354218,974.742798,71.368416,267.640625,1004.576111,-8.150661,299.509308,915.085266,61.602219,-121.415115,1047.599243,-70.476234,-146.501114,1102.770264,118.761147,121.335876,1106.898438,151.226486,142.072113,1053.470215,-53.136436
7.275,-6.921382,1687.35144,-42.22583,-10.948683,1649.828491,-144.12262,77.459801,1625.128906,-65.402611,-4.779523,1453.387451,55.020618,-61.982323,1289.419434,135.333038,43.872597,1288.529297,146.043701,46.388588,1298.108276,-134.280273,-142.498566,1367.063965,93.002617,-158.041992,1416.217651,-70.025345,-243.637909,1293.519775,91.970917,-334.891327,1229.314453,117.095764,-321.93396,992.278809,23.538111,-259.395813,1013.293518,-48.744671,-291.810364,930.485229,28.053923,113.177437,1367.365234,112.829689,161.404221,1420.363403,-47.466949,258.656982,1323.356079,88.500313,328.559631,1215.643188,140.846405,313.733459,975.615173,71.501007,267.850616,1004.943604,-7.986065,300.048828,916.240662,62.48489,-120.988541,1046.38208,-70.526665,-146.315994,1102.758911,118.178604,121.609543,1108.171021,150.833832,142.118011,1053.04248,-53.122009
7.283,-6.960542,1687.113037,-40.751522,-11.058934,1650.957764,-142.993698,77.398911,1624.961914,-64.540512,-5.753986,1453.802734,53.277439,-62.733696,1289.989136,133.989044,43.132935,1289.187134,144.793427,45.694927,1297.368774,-135.667389,-143.451538,1367.460083,91.045761,-158.688568,1415.994141,-72.264839,-244.992661,1294.561035,90.157463,-336.238983,1230.32019,115.432518,-322.017944,992.607239,23.760603,-259.269531,1013.346313,-48.411606,-291.410126,931.020325,29.041494,112.417671,1367.867432,111.372765,160.359329,1420.120483,-49.244759,257.792114,1324.023926,87.047775,328.304077,1217.052856,139.954269,314.264343,976.762268,71.947937,268.040222,1005.216248,-7.880878,300.914429,917.312805,63.147186,-120.484138,1044.999512,-70.64325,-146.192062,1102.474976,117.609673,121.768608,1109.307251,150.514633,142.145828,1052.654663,-53.128929
7.292,-6.956977,1686.728638,-39.237907,-10.968301,1651.900391,-141.915543,77.34359,1624.762939,-63.713169,-6.741409,1454.110229,51.733429,-63.654953,1290.460815,132.622177,42.307667,1289.623901,143.730881,44.714077,1296.590698,-137.047699,-144.476105,1367.720337,89.165001,-159.341797,1415.769653,-74.349815,-246.071365,1295.308228,88.491791,-337.424744,1231.196777,113.809372,-322.054352,992.804871,23.974119,-259.151154,1013.212708,-48.110561,-291.150269,931.433167,29.880316,111.481224,1368.26001,109.953705,159.278244,1419.943726,-50.860344,257.0466,1324.777344,85.917046,327.916901,1218.136597,139.189926,314.677856,977.526917,71.981323,268.268555,1005.447266,-7.836432,301.667969,918.125305,63.597626,-120.129387,1043.723145,-70.633904,-146.096375,1102.131836,117.160446,121.853554,1110.487549,150.345825,142.171234,1052.411865,-53.100735
7.3,-6.878956,1686.31189,-37.725368,-10.870046,1652.745483,-140.821167,77.185547,1624.411011,-62.882946,-7.590022,1454.261841,50.409706,-64.541351,1290.800537,131.5616,41.354511,1290.054199,142.822403,43.800312,1295.832275,-138.320892,-145.515747,1367.867798,87.481827,-159.997726,1415.526611,-76.345612,-247.497986,1295.970093,86.694191,-338.811035,1231.811401,112.128403,-322.04303,992.827515,24.172939,-258.978943,1012.952454,-47.892456,-290.875,931.650024,30.725559,110.525383,1368.419312,108.726135,158.227448,1419.666626,-52.13168,256.389313,1325.343262,85.01152,327.49707,1218.999023,138.603683,315.253479,978.029907,71.951157,268.553497,1005.625122,-7.916864,302.306946,919.000916,64.036835,-119.788971,1042.211548,-70.753822,-146.018311,1101.610474,116.759247,121.855934,1111.65918,150.252151,142.200974,1052.283691,-53.039669
7.308,-6.733171,1685.823853,-36.302483,-10.805967,1653.410645,-139.836792,77.090157,1624.047363,-62.112049,-8.791266,1454.222046,49.178761,-65.674583,1291.037476,130.564392,40.37252,1290.298828,141.923233,42.605762,1295.048218,-139.45137,-146.70845,1367.961914,85.925087,-160.684509,1415.234985,-78.169983,-248.77829,1296.470703,85.23468,-340.00708,1232.180176,110.517365,-321.992157,992.692322,24.332397,-258.788727,1012.552612,-47.662403,-290.497742,931.770996,31.593706,109.470299,1368.646118,107.839546,157.12616,1419.376465,-53.182461,255.343353,1325.603394,84.17971,326.882904,1219.751465,138.153397,315.79364,978.502625,71.775658,268.913361,1005.777954,-8.184023,303.122894,919.746338,64.152321,-119.491417,1040.860474,-70.770195,-145.962677,1100.948975,116.393814,121.755257,1112.664795,150.29068,142.247345,1052.278198,-52.932556
7.317,-6.600302,1685.343018,-34.827789,-10.712257,1654.021362,-138.892288,77.075394,1623.591797,-61.292027,-9.920614,1454.110718,48.293968,-66.81942,1291.064819,129.573471,39.339378,1290.42041,141.260132,41.410789,1294.369995,-140.462387,-147.930923,1367.945068,84.47924,-161.542511,1414.967041,-79.762978,-250.243546,1296.820557,83.559601,-341.388733,1232.456543,108.871117,-321.915131,992.40271,24.498857,-258.53949,1012.020813,-47.440208,-290.053986,931.65033,32.322571,108.2826,1368.711548,107.034714,156.026337,1419.086548,-54.013153,254.267715,1326.005005,83.973808,325.924011,1220.265015,137.971252,316.366272,979.037292,71.67038,269.516754,1006.000305,-8.782035,303.873749,920.386475,64.08638,-119.231964,1039.360474,-70.786057,-145.997849,1100.180054,116.056915,121.537086,1113.707275,150.325897,142.283554,1052.409668,-52.805103
7.325,-6.532495,1684.795288,-33.687366,-10.529443,1654.427368,-137.923721,77.155594,1623.119995,-60.572506,-11.229271,1454.092407,47.357723,-67.9347,1291.05188,128.861816,38.075798,1290.455444,140.720032,40.135532,1293.689575,-141.339813,-149.238312,1367.797363,83.196999,-162.276917,1414.651367,-81.214485,-251.397705,1296.973022,82.246552,-342.620056,1232.44104,107.274635,-321.787201,991.954529,24.639542,-258.262543,1011.340881,-47.200626,-289.520111,931.370178,33.095116,107.024796,1368.59021,106.488716,154.737686,1418.6427,-54.505398,253.085739,1326.085083,83.765831,325.005188,1220.580566,138.118744,316.850342,979.458862,71.391342,270.046875,1006.279846,-9.155934,304.596191,921.079468,63.824123,-119.135223,1037.881592,-70.690125,-146.084915,1099.242188,115.797836,121.298409,1114.505737,150.417999,142.311798,1052.682007,-52.68824
7.333,-6.42339,1684.352295,-32.490322,-10.264774,1654.720825,-137.010193,77.157494,1622.57373,-59.807365,-12.547819,1453.894165,46.79232,-69.34182,1290.945679,128.187317,36.799217,1290.353638,140.311111,38.823708,1293.013062,-142.069336,-150.532135,1367.570923,82.058052,-163.162476,1414.425171,-82.451813,-252.867706,1296.909668,80.785851,-343.818085,1232.314819,105.686844,-321.67514,991.309387,24.805759,-257.902344,1010.520081,-46.820194,-289.040863,930.874146,33.851822,105.606781,1368.516357,106.255058,153.590805,1418.219727,-54.597675,251.731964,1326.115234,83.970291,323.967896,1220.842407,138.496552,317.242676,979.71637,71.014732,270.617279,1006.581177,-9.63052,305.305725,921.703735,63.430637,-119.015724,1036.522095,-70.625961,-146.284225,1098.223267,115.591194,121.05706,1115.389282,150.61525,142.299423,1053.100464,-52.575638
7.342,-6.250959,1683.865723,-31.489037,-9.968838,1654.925293,-136.213486,77.172066,1621.844604,-58.975887,-13.831356,1453.633301,46.366051,-70.536499,1290.670166,127.664673,35.491291,1290.052002,140.087128,37.515247,1292.398682,-142.525589,-151.974747,1367.209473,81.131676,-164.188217,1414.19751,-83.605286,-254.123184,1296.740967,79.570847,-345.141815,1232.008911,104.113335,-321.530426,990.56134,24.93705,-257.588806,1009.621948,-46.684959,-288.449432,930.367981,34.375664,104.196526,1368.265747,106.207199,152.442871,1417.89917,-54.45372,250.384689,1326.043823,84.478981,322.586487,1220.865356,139.080429,317.611053,979.951477,70.541527,271.401093,1006.864197,-10.224439,305.913513,922.25824,63.044838,-119.001625,1035.117432,-70.566788,-146.484558,1097.00415,115.39357,120.887306,1116.179932,150.969437,142.329163,1053.641357,-52.49976
7.35,-6.002262,1683.243896,-30.573721,-9.690479,1655.012817,-135.43428,77.265289,1621.101074,-58.279572,-15.380266,1453.40625,46.193165,-72.031883,1290.265381,127.238991,34.09737,1289.688232,139.930405,36.39521,1291.972534,-142.686646,-153.35347,1366.746704,80.262451,-165.10228,1413.859131,-84.528496,-255.430573,1296.401367,78.439407,-346.333771,1231.529297,102.677505,-321.344116,989.771484,24.792624,-257.223114,1008.744568,-46.646141,-287.740387,929.83606,34.86512,102.715706,1367.908447,106.314018,151.261963,1417.61084,-54.245956,248.948853,1325.795898,85.130852,321.175049,1220.729614,140.065018,317.828583,980.116089,70.126358,271.867706,1007.182983,-10.700164,306.566101,922.807495,62.425919,-119.032845,1033.900146,-70.516968,-146.708817,1095.758545,115.296669,120.487961,1116.763306,151.238754,142.347366,1054.229858,-52.464523
7.358,-5.716639,1682.686035,-29.736748,-9.336157,1654.977539,-134.673538,77.307228,1620.314819,-57.579159,-16.668665,1452.963989,46.223465,-73.422699,1289.810425,127.042381,32.708611,1289.215942,140.06546,35.184376,1291.55957,-142.634109,-154.82869,1366.242554,79.533134,-166.105865,1413.525391,-85.26268,-256.796509,1295.921509,77.379929,-347.619568,1230.896484,101.270119,-321.125244,988.947632,24.635563,-256.963562,1007.84491,-46.801346,-287.107025,929.366394,35.230301,101.059196,1367.452026,106.595512,150.223145,1417.375977,-53.657047,247.307892,1325.528931,86.089104,319.734802,1220.518677,141.053268,317.882874,980.294312,69.762268,272.276672,1007.593384,-11.273362,307.054535,923.288025,61.688583,-119.170563,1032.649902,-70.507523,-146.914062,1094.318604,115.142075,120.003914,1117.128418,151.418137,142.323914,1054.819458,-52.435921
7.367,-5.264677,1682.104248,-28.641724,-8.978443,1654.828613,-133.976669,77.348045,1619.523071,-56.828152,-18.222132,1452.537231,46.729404,-74.825523,1289.178467,126.918182,31.21892,1288.575684,140.220398,34.213768,1291.266968,-142.270004,-156.362778,1365.583252,79.002983,-167.168228,1413.13501,-85.843666,-258.122314,1295.296021,76.503075,-348.770416,1230.094971,100.015038,-320.839996,987.921753,24.488102,-256.691132,1006.839844,-47.100136,-286.342621,928.680908,35.627705,99.438019,1366.813721,107.147873,149.110901,1417.175781,-52.836349,245.744003,1325.068848,87.34568,317.792236,1219.956421,141.778137,317.905182,980.384033,69.32708,272.522705,1008.028503,-11.757036,307.404205,923.589233,61.020058,-119.337074,1031.51355,-70.508438,-147.357101,1092.904053,114.969101,119.48497,1117.390381,151.606476,142.232712,1055.581421,-52.470867
7.375,-4.922822,1681.513184,-27.803152,-8.554893,1654.545044,-133.310852,77.353241,1618.591309,-56.013435,-19.724993,1451.950439,47.08186,-76.319626,1288.525879,126.852158,29.729834,1287.931519,140.651688,33.152496,1291.075073,-141.740326,-157.804871,1364.915894,78.652702,-168.150085,1412.797363,-86.326881,-259.551788,1294.646973,75.628822,-349.939331,1229.162842,98.846817,-320.548126,986.760925,24.307217,-256.411957,1005.819458,-47.261402,-285.487457,927.92395,35.81427,97.704575,1366.239136,107.843315,147.903915,1416.740967,-51.625332,243.864532,1324.554321,88.800331,316.431152,1219.727539,143.996719,317.745392,980.512451,69.008888,272.606171,1008.488647,-12.151525,307.707275,923.922485,60.247295,-119.585457,1030.412231,-70.546547,-147.679871,1091.466919,115.075508,118.96492,1117.524902,151.787155,142.128357,1056.297729,-52.52401
7.383,-4.623751,1681.040894,-26.856096,-8.1256,1654.286133,-132.670563,77.454597,1617.670898,-55.275684,-21.107941,1451.297241,47.35051,-77.818626,1287.78833,127.128448,28.264883,1287.13855,140.992569,32.130039,1290.901367,-141.0159,-159.330429,1364.188354,78.35331,-169.326935,1412.478027,-86.604927,-260.800354,1293.89978,75.129051,-351.180237,1228.031006,97.804848,-320.128601,985.673035,24.0068,-256.133423,1004.734253,-47.436222,-284.818115,927.069336,35.907543,96.132103,1365.519653,108.642944,146.785019,1416.51355,-50.430832,242.257294,1324.087769,90.36071,314.323975,1218.928101,144.789139,317.49881,980.594666,68.697205,272.521667,1008.955933,-12.414037,307.934235,924.238342,59.486401,-119.844124,1029.422119,-70.490677,-147.966385,1089.869141,115.042458,118.410858,1117.554321,151.942612,141.990707,1057.002441,-52.583633
7.392,-4.196053,1680.484131,-26.43108,-7.670468,1653.889648,-132.019684,77.582375,1616.813477,-54.577335,-22.715332,1450.824585,47.913891,-79.354706,1286.985474,127.364639,26.736189,1286.337402,141.618195,31.158587,1290.832275,-140.250992,-160.902863,1363.322632,78.252533,-170.299835,1412.091431,-86.756264,-262.320618,1293.132568,74.424049,-352.271149,1226.924683,96.822266,-319.7323,984.551514,23.736753,-255.952652,1003.65448,-47.776348,-284.125427,926.26001,35.830879,94.313797,1364.739746,109.791794,145.704773,1416.257202,-48.897339,240.414978,1323.378662,92.17749,312.575928,1218.250122,146.395767,317.122711,980.603882,68.31218,272.28009,1009.423523,-12.600359,308.087769,924.413086,58.727051,-120.106827,1028.511108,-70.524315,-148.285233,1088.322144,115.128128,117.869637,1117.488892,152.077164,141.833664,1057.680542,-52.704483
7.4,-3.790297,1679.986084,-25.833265,-7.220407,1653.451416,-131.448761,77.661362,1615.882446,-53.758026,-24.114019,1450.139771,48.814575,-80.847046,1286.095093,127.757668,25.257778,1285.375,142.338791,30.218082,1290.742554,-139.358582,-162.346542,1362.516968,78.316483,-171.540054,1411.686523,-86.627869,-263.631226,1292.164673,74.00695,-353.324097,1225.651001,95.873512,-319.413483,983.387024,23.312263,-255.614853,1002.655762,-48.244221,-283.395996,925.354553,35.634319,92.598885,1363.926147,111.007309,144.579956,1416.115601,-47.332546,238.720245,1322.790771,94.017723,310.690094,1217.523804,148.263901,316.651215,980.515442,67.925941,271.913574,1009.932068,-12.595835,308.186401,924.611633,57.997311,-120.43174,1027.659912,-70.616104,-148.695511,1086.655884,115.302986,117.068474,1117.251099,152.017319,141.568817,1058.30603,-52.821491
7.408,-3.435957,1679.553223,-25.114367,-6.754479,1652.948608,-130.888321,77.801872,1614.947998,-53.067158,-25.743523,1449.556274,49.67276,-82.328896,1285.146118,128.206711,23.645744,1284.466064,143.088989,29.367399,1290.73999,-138.342957,-163.954697,1361.706909,78.492325,-172.539917,1411.397339,-86.434212,-264.972961,1291.17749,73.722557,-354.557068,1224.244507,95.036949,-318.945343,982.06958,22.833797,-255.233047,1001.638062,-48.728939,-282.727539,924.316284,35.246452,90.942215,1363.146606,112.339699,143.539185,1415.81665,-45.457088,236.969559,1322.115356,96.16526,308.895691,1216.743408,150.086319,316.266541,980.496277,67.711342,271.477448,1010.466309,-12.596814,308.253357,924.756165,57.190346,-120.832077,1026.828003,-70.637398,-148.949051,1085.019897,115.411377,116.611755,1117.125122,152.379959,141.294922,1058.887451,-52.949051
7.417,-2.942607,1679.005737,-24.687204,-6.209447,1652.368042,-130.274841,78.144577,1614.121582,-52.328007,-27.244144,1449.048462,50.787056,-83.871689,1284.271729,128.710892,22.122797,1283.436157,143.967316,28.631546,1290.757812,-137.201202,-165.405945,1360.761108,78.826218,-173.618057,1411.056396,-86.134422,-266.525543,1290.331055,73.385094,-355.603607,1222.907593,94.292839,-318.725128,980.957275,22.167339,-254.822678,1000.672913,-49.294502,-282.136414,923.112183,34.678604,89.168884,1362.244263,113.932961,142.415466,1415.54248,-43.401966,235.271851,1321.463135,98.200928,307.10849,1215.956909,152.172623,315.901031,980.449524,67.456116,271.005768,1010.996704,-12.516887,308.274719,924.899231,56.43264,-121.284424,1026.095459,-70.813469,-149.30278,1083.373779,115.640694,116.051743,1116.865723,152.632324,140.95134,1059.583008,-53.146534
7.425,-2.463465,1678.492798,-24.187052,-5.699862,1651.760132,-129.725586,78.345879,1613.212769,-51.480755,-28.609785,1448.324341,52.010986,-85.297462,1283.289551,129.367126,20.636459,1282.477417,144.931366,27.890806,1290.836548,-136.060684,-166.865219,1359.888062,79.173439,-174.654114,1410.747681,-85.630013,-267.812134,1289.264893,73.255898,-356.606812,1221.342407,93.69915,-318.433777,979.752441,21.347628,-254.244263,999.754089,-49.747932,-281.695892,921.974792,34.028996,87.509445,1361.387207,115.463448,141.31958,1415.332886,-41.429813,233.602661,1320.725464,100.490166,305.339111,1215.008179,154.25473,315.511841,980.41803,67.293541,270.623077,1011.536255,-12.412697,308.361755,925.055847,55.487972,-121.71936,1025.51709,-70.908455,-149.602234,1081.726929,115.864265,115.456146,1116.56665,152.927078,140.529251,1060.267944,-53.268238
7.433,-2.030124,1678.124146,-23.570717,-5.121185,1651.120361,-129.188324,78.596848,1612.324707,-50.754848,-30.125801,1447.638794,53.154118,-86.870796,1282.309448,129.864197,19.030634,1281.392456,145.923615,27.227243,1290.958862,-134.933395,-168.209625,1359.033081,79.773582,-175.679672,1410.499268,-85.039429,-269.208954,1288.121338,72.869156,-357.506012,1219.748047,93.188553,-318.190521,978.339172,20.587919,-253.677338,998.814331,-50.224846,-281.331268,920.795776,33.14175,85.800743,1360.3396,117.108414,140.402206,1414.988281,-39.133221,232.018982,1319.960571,102.772133,303.380341,1213.990967,156.436478,315.176453,980.335144,67.089607,270.367462,1012.211304,-12.599711,308.482666,925.194397,54.714676,-122.109612,1024.893066,-71.004082,-149.939514,1079.938721,115.813728,114.84906,1116.188965,153.216034,140.013672,1060.922607,-53.460789
7.442,-1.338293,1677.620483,-23.228409,-4.51227,1650.430664,-128.603775,78.841354,1611.432495,-50.097816,-31.410173,1446.927124,54.467922,-88.271996,1281.227417,130.649628,17.520187,1280.344604,146.961243,26.579618,1291.119751,-133.735977,-169.701614,1358.094116,80.352257,-176.693222,1410.333008,-84.33448,-270.619476,1287.180176,72.808426,-358.486023,1218.203125,92.659599,-317.994537,977.091125,19.639553,-253.162628,997.93457,-50.722408,-281.066925,919.595093,32.064018,84.121254,1359.443359,118.829346,139.382462,1414.628784,-36.687134,230.370956,1319.16687,105.229729,301.569458,1212.87439,158.78009,314.774353,980.164856,66.692162,270.06192,1012.818115,-12.34631,308.584259,925.319092,53.824276,-122.56488,1024.258789,-71.111588,-150.234131,1078.27478,116.108925,114.19252,1115.743652,153.511536,139.384171,1061.576538,-53.549168
7.45,-0.768344,1677.307251,-22.576035,-3.970575,1649.692627,-128.042404,79.148499,1610.544556,-49.276302,-32.713623,1446.186401,55.908825,-89.616714,1280.237427,131.462967,16.045029,1279.180176,148.189163,25.955257,1291.282471,-132.460724,-171.050903,1357.206055,81.125801,-177.582199,1410.088989,-83.562744,-271.678162,1285.941406,73.024239,-359.282593,1216.535889,92.309464,-317.697449,975.836487,18.554707,-252.704025,997.082397,-51.368557,-280.637085,918.271973,31.049847,82.46978,1358.347046,120.913635,138.442657,1414.201904,-34.37669,228.035614,1317.800171,107.480072,299.712524,1211.532104,161.216721,314.432709,980.045532,66.610275,269.845032,1013.433105,-12.336131,308.681427,925.408447,52.991322,-122.988304,1023.700256,-71.246727,-150.636566,1076.556763,116.164955,113.265694,1115.187622,153.719955,138.735474,1062.214844,-53.548611
7.458,0.004194,1676.80957,-22.35075,-3.205265,1648.781006,-127.57148,79.412254,1609.501953,-48.477539,-33.924461,1445.282349,57.316864,-91.139633,1279.084473,132.269943,14.573624,1277.97168,149.3349,25.406202,1291.398193,-131.16362,-172.286774,1356.256836,81.863693,-178.572571,1409.795654,-82.661377,-272.840515,1284.81189,73.218124,-360.001434,1214.841675,92.02607,-317.426483,974.615295,17.505072,-252.129822,996.248413,-51.949028,-280.342743,916.934387,29.94594,80.880203,1357.306152,122.81353,137.470627,1413.673096,-31.710363,226.500473,1316.842041,110.24102,298.0336,1210.290527,163.682037,314.159454,979.830688,66.377487,269.639465,1013.987793,-12.192641,308.790924,925.445557,52.059086,-123.371468,1023.281128,-71.538605,-150.955597,1074.915405,116.137451,112.517555,1114.5625,154.066254,138.132065,1062.8479,-53.594585
7.467,0.615031,1676.411865,-21.833061,-2.589398,1647.956543,-126.993538,79.752792,1608.488647,-47.70129,-35.171005,1444.515381,58.877979,-92.54554,1277.902344,133.106659,13.071512,1276.737671,150.646652,24.930923,1291.494019,-129.749588,-173.579697,1355.224243,82.716988,-179.414169,1409.582275,-81.674438,-273.964661,1283.639526,73.538773,-360.608582,1213.083618,91.939384,-317.012878,973.125488,16.551224,-251.245529,995.472107,-52.575783,-279.930084,915.641357,28.672886,79.241356,1355.988647,124.825912,136.714539,1413.21521,-29.190519,224.894485,1315.572632,112.938522,296.140533,1208.765259,166.13707,313.815125,979.521667,66.140099,269.521057,1014.536621,-12.132745,308.859222,925.495117,51.180641,-123.721107,1022.877075,-71.844116,-151.521454,1073.27063,116.302765,111.713669,1113.846436,154.438492,137.596466,1063.556274,-53.58831
7.475,1.282585,1675.746094,-21.548611,-1.902745,1647.049683,-126.45504,80.331169,1607.455322,-46.774094,-36.308353,1443.526001,60.685558,-93.873322,1276.687744,133.979248,11.576352,1275.289062,151.839859,24.528133,1291.542603,-128.298447,-174.785477,1354.281006,83.601501,-180.176529,1409.329712,-80.64505,-274.951508,1282.408691,73.86673,-361.230072,1211.350708,91.88752,-316.720184,971.965515,15.569876,-250.729507,994.709961,-53.396774,-279.625977,914.359985,27.42148,77.817596,1354.699341,127.002228,135.849655,1412.521851,-26.213995,223.526886,1314.421631,115.755547,294.600922,1207.032227,168.770554,313.533081,979.272583,66.075356,269.423462,1015.097351,-12.101301,308.948669,925.495911,50.294224,-124.130363,1022.508484,-72.09845,-152.070847,1071.653198,116.279579,110.901329,1113.085327,154.858826,136.958786,1064.354126,-53.533245
7.483,2.013529,1675.087891,-20.920361,-1.126022,1645.967773,-125.874397,80.714699,1606.305298,-45.986656,-37.38287,1442.650757,62.438599,-95.311768,1275.351685,134.882294,10.03135,1273.856934,153.199921,24.163889,1291.589844,-126.728386,-175.931244,1353.253296,84.604568,-180.960052,1409.103882,-79.534286,-275.810791,1281.221558,74.320526,-361.670258,1209.62561,91.934647,-316.326752,970.68512,14.474872,-250.283066,993.952881,-54.160358,-279.203156,913.023132,25.920752,76.255585,1353.232788,129.303772,135.362244,1412.049316,-22.948971,221.944229,1312.969727,118.674942,293.134644,1205.350586,171.365997,313.334045,978.913635,65.822884,269.322052,1015.694519,-11.91561,309.01059,925.424438,49.36758,-124.547241,1022.13623,-72.416527,-152.66655,1069.948608,116.353287,110.208282,1112.141724,155.623398,136.401352,1065.002319,-53.480869
7.492,2.801177,1674.535034,-20.292843,-0.447968,1644.976196,-125.450836,81.112427,1605.284424,-45.238091,-38.483692,1441.606445,64.233322,-96.63517,1273.990723,135.809448,8.629888,1272.30896,154.611954,23.875441,1291.651733,-125.059097,-177.002853,1352.231567,85.633598,-181.60553,1408.845703,-78.386902,-276.509766,1279.846802,74.859573,-362.060516,1207.841797,92.110039,-316.092865,969.490967,13.413044,-249.927551,993.269592,-54.937607,-278.726898,911.588074,24.594608,74.711227,1351.572876,131.518463,134.686325,1411.401001,-19.983105,220.603256,1311.370605,121.674637,291.518433,1203.488525,173.917252,313.029266,978.491333,65.538261,269.211304,1016.253357,-11.765957,309.024475,925.200928,48.278191,-125.00103,1021.823975,-72.866013,-153.331131,1068.303589,116.11512,109.360306,1111.237671,156.615311,135.822113,1065.653076,-53.345551
7.5,3.543002,1673.909424,-20.211355,0.408882,1643.86792,-124.882431,81.568283,1604.158569,-44.417824,-39.552387,1440.578003,65.932594,-97.900612,1272.65332,136.782135,7.202586,1270.631592,156.030136,23.61475,1291.69043,-123.348511,-178.136429,1351.159912,86.685425,-182.30365,1408.580078,-77.176071,-277.25177,1278.626587,75.385056,-362.38678,1206.129883,92.272919,-315.797272,968.176514,12.33389,-249.642807,992.516968,-55.828857,-278.421387,910.381958,23.142521,73.178726,1349.904785,133.938995,133.937851,1410.469727,-16.902155,219.274536,1309.740234,124.699562,290.285858,1201.555786,176.490952,312.773285,977.919189,65.332397,269.062836,1016.725891,-11.640995,308.992584,924.985718,47.343952,-125.462044,1021.500916,-73.324425,-154.306534,1066.585815,115.8312,108.03196,1110.147095,157.318039,135.344788,1066.256714,-53.214146
7.508,4.165168,1673.229004,-19.767017,1.078602,1642.62915,-124.352966,81.955025,1602.943604,-43.638824,-40.590157,1439.454956,67.761543,-99.286652,1271.171875,137.788559,5.689479,1268.906616,157.522293,23.513578,1291.690674,-121.527695,-179.165436,1350.003174,87.738708,-182.998627,1408.282104,-75.886673,-277.938507,1277.330933,76.005768,-362.671143,1204.420288,92.650002,-315.544495,966.986023,11.173378,-249.217758,991.926208,-56.81789,-278.158813,909.187683,21.58246,71.730209,1348.115723,136.45813,133.319534,1409.643555,-13.868315,217.828125,1308.000244,127.809349,289.05957,1199.515869,179.135803,312.622711,977.336426,64.929054,268.869019,1017.057922,-11.538277,308.916901,924.748901,46.343414,-125.969337,1021.165161,-73.791771,-155.052155,1064.927002,115.701187,106.915016,1108.854858,157.93837,134.892075,1066.85791,-53.018539
7.517,4.985333,1672.360718,-19.650257,1.741065,1641.416626,-123.905525,82.534279,1601.872192,-42.865486,-41.614937,1438.447754,69.806488,-100.65062,1269.784058,138.70575,4.324458,1267.19812,158.937363,23.483601,1291.624268,-119.6744,-180.186386,1348.99231,88.740189,-183.572983,1408.005615,-74.674919,-278.644623,1276.082764,76.547852,-362.796753,1202.617554,92.477982,-315.33783,965.948547,10.040855,-248.749924,991.330566,-57.900032,-278.034882,908.02478,20.13345,70.331955,1346.119019,138.837021,132.65657,1408.651978,-10.552334,216.559692,1306.046021,130.86853,287.78772,1197.338623,181.782501,312.332153,976.628845,64.584206,268.551025,1017.365234,-11.203678,308.712402,924.404724,45.319412,-126.405357,1020.868286,-74.240082,-155.976379,1063.086548,115.387924,105.790596,1107.106689,157.324982,134.462158,1067.379272,-52.834984
7.525,5.727664,1671.501587,-19.258049,2.451501,1640.062378,-123.421799,83.029938,1600.572021,-42.078453,-42.523621,1437.169434,71.181175,-101.886047,1268.219849,139.707123,2.93556,1265.340454,160.40361,23.384735,1291.50647,-117.885231,-181.168045,1347.859619,89.846352,-184.128494,1407.674683,-73.351982,-279.105804,1274.732178,77.279045,-362.988434,1200.866699,92.806709,-315.142029,964.813232,8.905231,-248.366852,990.624939,-58.973263,-277.876984,906.840332,18.548212,68.871117,1344.083252,141.196991,132.249939,1407.709351,-7.280739,215.310516,1304.031982,133.930435,286.654083,1195.079468,184.27449,312.059387,976.029968,64.335953,268.227142,1017.646667,-10.976994,308.575836,923.976501,44.304001,-126.825211,1020.55896,-74.677277,-156.754074,1061.546753,115.065842,104.768219,1105.510498,157.885406,134.117737,1067.718384,-52.548122
7.533,6.48489,1670.72937,-18.981634,3.129257,1638.686401,-122.991089,83.51796,1599.449585,-41.406559,-43.238686,1436.009277,73.761925,-103.106163,1266.822144,140.693207,1.461457,1263.427734,161.888657,23.384115,1291.364014,-115.969185,-182.102402,1346.726929,90.911194,-184.516418,1407.298706,-72.086006,-279.611603,1273.476074,77.870117,-363.149811,1199.244995,93.102928,-315.03421,963.702698,7.809552,-248.958649,989.862122,-59.497505,-277.830139,905.55365,16.992214,67.457306,1342.206665,143.686737,131.707291,1406.703125,-3.904516,214.017151,1301.927124,136.950897,285.600159,1192.765503,186.788025,311.664093,975.326721,63.950874,267.862671,1017.805786,-10.763979,308.356903,923.516724,43.25449,-127.34935,1020.217896,-75.30806,-157.491089,1059.75415,114.024208,103.549248,1103.873413,158.71785,133.731461,1067.950562,-52.226643
7.542,7.190959,1669.882935,-18.625566,3.906755,1637.236572,-122.652161,84.064827,1598.182739,-40.789089,-44.037148,1434.744141,75.670563,-104.488487,1265.227173,141.693451,0.106176,1261.591675,163.185944,23.475321,1291.181763,-114.062103,-183.021759,1345.578491,92.02002,-184.967239,1407.001709,-70.728493,-279.975983,1272.201538,78.631569,-363.363892,1197.623779,93.44928,-314.99707,962.656921,6.650795,-248.923981,989.208618,-60.160625,-277.915833,904.500977,15.514372,66.13781,1340.186157,146.194351,131.400604,1405.616943,-0.651177,212.756683,1299.703003,139.962845,284.317596,1189.939331,188.387009,311.268829,974.549927,63.656269,267.468964,1017.924438,-10.493855,307.972565,923.006287,42.269875,-127.912865,1019.822144,-75.777565,-158.374466,1058.184692,113.539192,102.281876,1102.084595,159.456665,133.622696,1068.207031,-52.077927
7.55,7.961841,1668.928955,-18.428051,4.594204,1635.684814,-122.252327,84.713058,1596.852539,-40.099148,-44.635483,1433.467896,77.609634,-105.590836,1263.648438,142.680298,-1.181473,1259.639282,164.695831,23.600967,1290.96106,-112.145599,-183.819275,1344.36853,93.091171,-185.302643,1406.616211,-69.306297,-280.477478,1270.94519,79.312958,-363.582153,1196.112671,93.678841,-314.97525,961.729248,5.527057,-248.821609,988.624329,-61.120453,-278.050964,903.468079,13.920485,64.95607,1338.086426,148.482956,131.047882,1404.512207,2.583074,211.662247,1297.451416,142.929367,283.338501,1187.348022,190.702438,310.570251,973.349976,63.392937,267.117645,1017.939575,-10.160651,307.619385,922.354004,41.245552,-128.424042,1019.509644,-76.281181,-159.48027,1056.27063,113.246185,100.987755,1100.149292,160.242416,133.211121,1068.189087,-51.557594
7.558,8.745093,1667.921875,-18.273533,5.29622,1634.079346,-121.908218,85.305183,1595.557495,-39.628452,-45.210491,1432.154175,79.569763,-106.655167,1262.062988,143.647736,-2.425219,1257.671509,166.110016,23.705099,1290.675659,-110.16153,-184.516922,1343.205322,94.25946,-185.532242,1406.211914,-67.956078,-280.851898,1269.766235,79.923172,-363.799957,1194.545654,93.95063,-315.034119,960.815979,4.33979,-248.652832,988.125854,-62.003799,-278.276459,902.407776,12.321896,63.751736,1336.01123,150.82251,130.8573,1403.349487,5.702683,210.719833,1295.055908,145.712448,282.331848,1184.720581,192.920853,309.999969,972.431274,63.245056,266.586792,1017.796387,-9.860852,307.161133,921.56604,40.190117,-128.991226,1019.095276,-76.824272,-160.532761,1054.870605,113.177589,99.723114,1098.100586,160.981934,132.800797,1068.04187,-51.004814
7.567,9.598115,1666.857178,-18.505045,5.963575,1632.338623,-121.569992,85.791893,1594.080322,-39.11092,-45.587711,1430.761108,81.592049,-107.777557,1260.44751,144.666061,-3.671446,1255.624756,167.608688,23.777126,1290.275269,-108.309441,-185.17836,1342.052979,95.499466,-185.650757,1405.793213,-66.538795,-281.17157,1268.407349,80.706276,-364.085083,1193.181152,94.175995,-315.172241,959.953918,3.13058,-248.103455,987.684937,-62.767185,-278.769196,901.361633,10.691227,62.593498,1333.90918,153.085251,130.66246,1401.995972,8.888692,209.835068,1292.723999,148.509644,281.309601,1181.966431,195.005875,309.34314,971.319214,62.82159,265.958221,1017.578491,-9.631614,306.649475,920.804626,39.28299,-129.603073,1018.810181,-77.307274,-161.720795,1053.017578,112.741364,98.44397,1095.975464,161.735733,132.406723,1067.762329,-50.404331
7.575,10.354674,1665.801025,-18.441874,6.70375,1630.609497,-121.376808,86.348801,1592.765625,-38.658741,-45.985802,1429.257202,83.53167,-108.890312,1258.762939,145.483078,-4.84014,1253.729248,168.907043,24.053534,1289.796387,-106.411263,-185.712708,1340.777954,96.638138,-185.63533,1405.295654,-65.095444,-281.557922,1267.251953,81.287056,-364.329834,1191.691895,94.397728,-315.443268,959.095093,1.94955,-247.826233,987.202209,-63.499966,-279.221008,900.388,9.181647,61.618263,1331.970459,155.385178,130.479279,1400.625366,11.883572,208.841614,1290.268433,151.123428,280.365997,1179.094849,197.091095,308.65509,970.036133,62.523724,265.258179,1017.193665,-9.421143,305.873718,919.718628,38.410221,-130.234344,1018.450134,-77.78994,-162.693069,1051.418457,112.413246,97.012527,1093.851929,162.593887,132.05835,1067.408813,-49.800156
7.583,11.114844,1664.601196,-18.343626,7.354093,1628.733765,-121.121819,87.025627,1591.219849,-38.139095,-46.282417,1427.74939,85.521889,-109.792137,1257.063599,146.501862,-5.894346,1251.727051,170.355957,24.262957,1289.274048,-104.637474,-186.198135,1339.539551,97.840675,-185.533844,1404.780762,-63.712856,-281.947632,1266.062866,81.974739,-364.611542,1190.414062,94.579567,-315.810944,958.260132,0.669068,-247.805115,986.611877,-64.097687,-279.804962,899.310242,7.640869,60.823627,1329.776733,157.417679,130.464615,1399.250488,14.886674,208.100311,1287.812134,153.747559,279.482147,1176.297241,199.065399,308.00946,968.650085,62.245182,264.410889,1016.560425,-9.027292,305.228638,918.769592,37.546879,-130.913361,1018.073425,-78.211121,-163.702423,1049.424072,111.975571,95.707382,1091.497559,163.322678,131.706909,1066.955444,-49.17659
7.592,11.97686,1663.303955,-18.48497,7.96337,1626.816406,-120.901482,87.732971,1589.743408,-37.724045,-46.50214,1426.18042,87.422554,-110.541656,1255.424561,147.552994,-6.8598,1249.591919,171.693069,24.57868,1288.644409,-102.817215,-186.580841,1338.259399,98.952873,-185.394073,1404.230835,-62.213467,-282.289825,1264.913452,82.662094,-364.963379,1189.187988,94.677765,-316.200104,957.46228,-0.412691,-247.957855,986.170959,-64.698395,-280.494324,898.375366,6.02383,60.032082,1327.7052,159.660568,130.484024,1397.681152,17.741405,207.339111,1285.27832,156.274689,278.660156,1173.306152,201.00798,307.283386,967.339111,61.976151,263.671661,1015.918274,-8.715836,304.453674,917.598999,36.687286,-131.603149,1017.692078,-78.618851,-164.75,1047.958008,111.977768,94.48175,1089.10376,164.033798,131.252899,1066.337646,-48.492989
7.6,12.732369,1662.086304,-18.685272,8.652585,1624.869385,-120.744453,88.298538,1588.179321,-37.229614,-46.573956,1424.69873,89.34584,-111.282486,1253.794434,148.568832,-7.799876,1247.576538,173.09346,24.822447,1288.010742,-101.112,-186.911087,1336.949951,100.049377,-185.233566,1403.663696,-60.796116,-282.665009,1263.797974,83.299202,-365.378021,1187.940186,94.845352,-316.860992,956.754578,-1.722503,-248.200974,985.767944,-65.386215,-281.157684,897.53009,4.488053,59.355804,1325.612305,161.73233,130.618073,1396.182129,20.452145,206.710129,1282.754395,158.672485,277.906586,1170.30896,202.818863,306.393951,965.574707,61.75132,262.82312,1015.0224,-8.405285,303.536957,916.288208,35.967636,-132.32811,1017.273438,-79.133102,-166.095169,1046.303833,111.707108,93.21048,1086.654785,164.757645,130.812973,1065.64856,-47.845516
7.608,13.443103,1660.830933,-18.787554,9.206062,1622.831909,-120.70993,88.831673,1586.592041,-36.970905,-46.755356,1423.097534,91.264297,-111.957031,1252.08728,149.553177,-8.559234,1245.58606,174.324905,25.152473,1287.307251,-99.455788,-187.167435,1335.742188,101.185249,-184.946762,1403.157959,-59.419968,-282.859375,1262.678833,83.955933,-365.744965,1186.868408,94.949516,-317.445648,956.195679,-2.881244,-248.536041,985.474854,-66.210205,-282.095032,896.776428,2.946454,58.817463,1323.384766,163.618011,130.760162,1394.562012,23.070105,206.169189,1280.09375,160.889786,277.244598,1167.262085,204.537888,305.559143,963.941772,61.394878,261.962738,1014.082458,-8.027009,302.603333,914.844177,35.257195,-132.972443,1016.88385,-79.470757,-167.222397,1045.009033,111.640015,91.821068,1084.247437,165.458099,130.409897,1064.85083,-47.194065
7.617,14.224381,1659.589111,-19.01465,9.886143,1620.72229,-120.601547,89.526474,1585.048584,-36.528793,-46.762463,1421.482056,92.993149,-112.465462,1250.463013,150.597229,-9.302222,1243.543579,175.603745,25.559393,1286.583862,-97.810814,-187.325043,1334.439331,102.270287,-184.668472,1402.57251,-58.084618,-283.100037,1261.620605,84.471321,-366.085785,1185.852905,95.119766,-318.097382,955.633423,-4.017155,-248.881744,985.108643,-66.84346,-283.020874,896.089417,1.423589,58.291313,1321.337769,165.865097,130.914505,1392.810059,25.780376,205.837341,1277.612427,163.18045,276.554352,1164.179077,206.118347,304.681061,962.043579,61.23666,261.04715,1012.916931,-7.546299,301.665039,913.315186,34.605839,-133.552795,1016.503662,-79.797775,-168.305954,1043.323242,111.463882,90.627937,1081.725586,166.097641,130.052231,1063.914307,-46.636784
7.625,14.974176,1658.098389,-19.216213,10.435634,1618.70105,-120.528351,90.116768,1583.474854,-36.195953,-46.730103,1419.766357,94.762207,-112.951324,1248.758545,151.548569,-9.87236,1241.471802,176.852631,25.967562,1285.792236,-96.238678,-187.419891,1333.225098,103.381256,-184.172165,1401.824707,-56.709892,-283.317688,1260.563721,85.055046,-366.479462,1184.801758,95.220177,-318.72522,955.14978,-5.147517,-249.328094,984.700256,-67.581497,-283.901855,895.450317,-0.017406,57.900848,1319.102539,167.487213,131.257919,1391.191772,28.230717,205.58519,1274.978271,165.20285,276.048187,1161.162231,207.605347,303.667908,960.275757,61.060585,260.093384,1011.727234,-7.24833,300.493866,911.551758,34.110695,-134.226776,1016.129822,-80.072052,-169.502823,1041.960205,111.298744,89.450241,1079.149414,166.685181,129.697083,1062.845459,-46.118488
7.633,15.618634,1656.78894,-19.559404,10.915945,1616.705322,-120.561943,90.621529,1581.949341,-36.161682,-46.387585,1418.040161,96.531845,-113.348923,1247.136108,152.487701,-10.416895,1239.394653,178.021255,26.463442,1284.886841,-94.770653,-187.439072,1331.85498,104.385223,-183.701767,1401.120605,-55.39933,-283.426422,1259.581909,85.718628,-366.799316,1183.989868,95.314499,-319.465424,954.717957,-6.324969,-249.826492,984.421997,-68.2687,-285.012787,894.91449,-1.441889,57.637634,1316.914917,169.32402,131.600616,1389.431519,30.506357,205.364899,1272.301025,167.093033,275.585052,1158.096191,209.028351,302.44989,958.127136,60.970188,259.030365,1010.347839,-6.738729,299.361969,909.901611,33.673977,-134.897018,1015.839233,-80.330872,-170.535828,1040.557373,111.000542,88.371819,1076.526367,167.211166,129.282852,1061.712891,-45.681835
7.642,16.234209,1655.61731,-20.175219,11.40934,1614.633057,-120.550735,91.065498,1580.38623,-35.918072,-46.169312,1416.280396,98.128036,-113.583832,1245.557861,153.511749,-10.90637,1237.353394,179.106247,26.932449,1283.949585,-93.393753,-187.271454,1330.571045,105.465714,-183.000473,1400.437134,-54.111919,-283.520996,1258.622559,86.193542,-367.124054,1183.233276,95.386597,-320.431366,954.401123,-7.540049,-250.524429,984.337585,-69.226128,-286.123322,894.486328,-2.864832,57.467133,1314.676025,170.930283,131.982162,1387.62854,32.69891,205.245819,1269.652222,168.931747,275.188995,1155.12854,210.412018,301.316681,955.957642,61.017021,258.053009,1008.821106,-6.333324,298.100372,907.885193,33.221981,-135.454285,1015.567444,-80.675117,-171.455704,1039.301392,110.836098,87.307541,1073.816895,167.647156,128.815445,1060.400269,-45.179188
7.65,16.868963,1654.1698,-20.319559,11.909615,1612.609131,-120.722557,91.654503,1578.931152,-36.046795,-45.822929,1414.517212,99.692986,-113.791656,1243.897949,154.394119,-11.187803,1235.283325,180.123627,27.533199,1283.023682,-92.072762,-187.064941,1329.307129,106.440315,-182.437576,1399.743774,-52.888599,-283.59082,1257.669678,86.831383,-367.394958,1182.448364,95.51133,-321.296173,954.122864,-8.651334,-251.136093,984.284973,-70.140419,-287.263855,894.070068,-4.25543,57.345318,1312.439575,172.385376,132.516663,1385.941895,34.795532,205.120621,1266.950928,170.593338,274.821594,1152.086792,211.687134,300.35498,953.870056,60.935799,256.962799,1007.173401,-5.915084,296.802582,905.884277,32.876652,-136.013855,1015.291687,-81.029808,-172.412186,1038.270874,110.653389,86.302849,1071.124634,167.989151,128.436295,1058.949951,-44.720665
7.658,17.374243,1652.96875,-20.757942,12.277234,1610.633789,-120.803368,92.22966,1577.547485,-35.872757,-45.177681,1412.946655,101.190964,-113.841072,1242.411011,155.27832,-11.338329,1233.338745,181.161667,28.186672,1281.973389,-90.9039,-186.693756,1328.061401,107.309486,-181.758087,1398.983032,-51.674904,-283.479523,1256.689209,87.378204,-367.592438,1181.73291,95.650406,-322.188782,953.843811,-9.750295,-251.781738,984.049927,-70.809311,-288.555908,893.672913,-5.784805,57.339657,1310.364258,173.894943,133.248993,1384.131714,36.647781,205.033737,1264.332764,172.243134,274.587799,1149.154175,212.874313,299.122314,951.530762,61.042252,255.89299,1005.498413,-5.490486,295.584229,903.740662,32.629272,-136.563187,1015.076538,-81.40715,-173.520065,1037.11499,110.587944,85.41021,1068.527588,168.429581,128.117386,1057.411011,-44.353622
7.667,17.803831,1651.739502,-21.275875,12.657984,1608.858643,-121.062546,92.770409,1576.33606,-36.19627,-44.551697,1411.343384,102.512276,-113.865257,1240.858154,155.993591,-11.43106,1231.390625,182.016754,28.879091,1280.973389,-89.810181,-186.273346,1326.901611,108.276901,-180.828674,1398.254028,-50.586754,-283.391052,1255.878174,87.795898,-367.79425,1181.221191,95.814499,-323.280609,953.734131,-10.959583,-252.591904,983.98761,-71.718758,-289.752747,893.34198,-7.220638,57.490356,1308.239746,175.081558,134.044327,1382.356812,38.430298,204.146988,1261.18689,172.734573,274.254089,1146.188965,213.97226,297.889526,949.143372,61.074654,254.761719,1003.628845,-4.993618,294.292511,901.511597,32.35672,-137.138519,1014.858459,-81.813286,-174.464218,1036.22583,110.338799,84.576454,1065.91272,168.683792,127.731308,1055.800659,-44.002392
7.675,18.123339,1650.575073,-21.758142,12.957493,1607.0354,-121.393044,93.190186,1575.344727,-36.437328,-43.851303,1409.9104,103.790581,-113.791344,1239.455811,156.693253,-11.526909,1229.555786,182.825882,29.568115,1279.952759,-88.849899,-185.816315,1325.725586,109.045273,-180.001846,1397.555664,-49.568325,-283.143494,1255.020264,88.319939,-367.898804,1180.810303,95.955658,-324.243134,953.671448,-11.975259,-253.399048,984.062195,-72.737671,-291.143585,893.227966,-8.481073,57.777576,1306.225952,176.182907,134.879318,1380.610718,39.969166,204.151657,1258.608765,173.970352,273.954956,1143.297607,214.92247,296.819763,947.004517,61.386997,253.823929,1001.738281,-4.645503,293.045898,899.359863,32.144001,-137.671478,1014.643921,-82.269127,-175.157639,1035.437256,110.117752,83.776604,1063.396118,168.992889,127.399307,1054.077026,-43.742928
7.683,18.512163,1649.55188,-22.452473,13.217588,1605.621582,-121.72831,93.627472,1574.335693,-36.762638,-43.103645,1408.546753,104.780418,-113.58078,1238.144409,157.240631,-11.475414,1227.880127,183.446899,30.423683,1278.793091,-87.964493,-185.165512,1324.77063,109.719841,-179.203339,1396.994141,-48.534588,-282.677277,1254.168091,88.864822,-367.912689,1180.413452,96.102013,-325.116394,953.625488,-13.011505,-254.202103,984.086609,-73.778725,-292.57962,893.032166,-9.845694,58.204227,1304.339966,177.141434,136.031357,1378.934204,41.283852,204.339355,1256.087524,175.057968,273.584778,1140.433472,215.873932,295.656586,944.497131,61.384483,252.802994,999.78833,-4.217978,291.771027,896.976746,31.96187,-138.177536,1014.338257,-82.577614,-175.929474,1034.757202,109.956635,83.027946,1060.893555,169.215439,127.012703,1052.240356,-43.403481
7.692,18.656597,1648.819824,-23.215544,13.338617,1604.133545,-122.124603,93.951424,1573.544678,-37.095001,-42.056454,1407.305664,105.450035,-113.306587,1237.035156,157.752716,-11.312199,1226.254761,184.073761,31.274836,1277.693115,-87.171921,-184.48732,1323.817139,110.340134,-178.259094,1396.331421,-47.746674,-282.032593,1253.454102,89.402687,-367.829346,1180.114624,96.302788,-326.237579,953.713318,-14.00102,-255.076767,984.221008,-74.59832,-293.680817,893.077881,-11.032458,58.756687,1302.611694,177.961761,137.068115,1377.223267,42.492764,204.615158,1253.684814,175.999542,273.209106,1137.616943,216.643967,294.529327,942.053467,61.626385,251.987991,997.723877,-3.887656,290.619049,894.809814,31.903114,-138.668961,1014.062866,-82.99408,-176.726379,1034.110352,109.806358,82.277435,1058.649658,169.46463,126.624901,1050.500244,-43.062599
7.7,18.84903,1648.058716,-23.891211,13.455554,1602.879517,-122.612854,94.329346,1572.980591,-37.65802,-41.169136,1406.138794,106.094971,-112.824173,1236.025635,158.175034,-11.021512,1225.054443,184.466553,32.292816,1276.553101,-86.431206,-183.716385,1323.0802,110.780266,-177.185043,1395.810791,-47.09766,-281.428406,1252.908691,89.769524,-367.653931,1179.990356,96.49958,-327.234863,953.922607,-14.9169,-255.894775,984.339905,-75.297676,-295.266785,893.113586,-12.378098,59.333279,1301.130615,178.58847,138.271042,1375.694336,43.403717,204.754013,1251.351685,176.834732,272.810394,1134.909912,217.319244,293.456757,939.7323,61.767841,251.009232,995.684387,-3.65118,289.488861,892.400574,31.827978,-139.08313,1013.819824,-83.435387,-177.56842,1033.631348,109.559441,81.568672,1056.584473,169.724991,126.222473,1048.569214,-42.806252
7.708,18.965574,1647.223633,-24.398512,13.519444,1601.782959,-123.099411,94.686409,1572.605835,-38.253826,-39.825314,1405.352295,106.454338,-112.132492,1235.239258,158.55127,-10.659378,1223.862671,185.043884,33.230225,1275.524414,-85.927567,-182.86322,1322.480469,111.240433,-176.090546,1395.34314,-46.578251,-280.776825,1252.528442,90.107407,-367.34906,1180.02356,96.741058,-328.137238,954.202881,-15.768229,-256.729523,984.607605,-76.199867,-296.37442,893.45874,-13.389024,60.07095,1299.766357,179.000702,139.593399,1374.195923,44.069912,204.958755,1249.275391,177.491287,272.378723,1132.316772,217.875839,292.484283,937.385437,61.970528,250.340485,993.618958,-3.252968,288.431519,890.102478,31.84671,-139.458618,1013.574707,-83.814835,-178.195099,1033.428711,109.286972,80.896904,1054.690063,169.996185,125.855934,1046.795898,-42.551216
7.717,18.932638,1646.820435,-25.083214,13.515314,1600.954956,-123.672455,95.021416,1572.377686,-38.957031,-38.577133,1404.578003,106.615715,-111.641724,1234.648193,158.783554,-10.186606,1222.918701,185.216766,34.246719,1274.404297,-85.542244,-181.888458,1322.061279,111.507935,-174.935791,1394.917725,-46.169361,-280.004669,1252.248413,90.391777,-366.942749,1180.178345,96.987076,-328.977692,954.709412,-16.59107,-257.368225,985.062866,-76.981705,-297.834198,893.626648,-14.525806,60.931324,1298.652832,179.293289,141.00087,1372.910522,44.562733,205.289825,1247.184814,177.945541,271.951599,1129.804932,218.313019,291.537231,934.968079,62.362801,249.546524,991.52124,-3.064693,287.298218,887.871704,31.986889,-139.769363,1013.397949,-84.15242,-178.751892,1033.356934,108.898346,80.26609,1052.972534,170.213791,125.558334,1044.999512,-42.235397
7.725,18.983234,1646.416748,-25.88759,13.453341,1600.303467,-124.240562,95.38237,1572.335327,-39.696392,-37.369576,1403.934326,106.840988,-110.977699,1234.179932,158.633652,-9.695575,1222.179199,185.354446,35.307919,1273.351685,-85.321365,-180.808609,1321.819092,111.727097,-173.71875,1394.565674,-46.063766,-278.894501,1252.089966,90.717461,-366.294342,1180.390381,97.269753,-329.904053,955.423767,-17.456717,-257.996796,985.574402,-77.498276,-299.110016,894.175537,-15.427842,61.764332,1297.839478,179.476074,142.345215,1371.5896,44.775383,205.731445,1245.33252,178.25853,271.457123,1127.630615,218.717285,290.460236,932.659912,62.618114,248.951309,989.481628,-2.860697,286.175415,885.540833,32.220921,-139.99411,1013.340454,-84.4599,-179.287704,1033.594604,108.557579,79.627815,1051.546143,170.457657,125.228706,1043.220947,-41.976261
7.733,18.928967,1646.271118,-26.472771,13.374384,1599.837769,-124.833389,95.654388,1572.437256,-40.422417,-35.830078,1403.544556,106.72892,-110.260536,1233.943237,158.436127,-9.121902,1221.708008,185.248215,36.466576,1272.332886,-85.189568,-179.710571,1321.74939,111.738159,-172.396881,1394.329468,-45.991951,-277.937164,1252.138916,90.924774,-365.677917,1180.885254,97.51638,-330.586334,956.177124,-18.130527,-258.664642,986.289856,-78.310944,-300.298737,894.887634,-16.418535,62.728279,1297.207031,179.603897,143.960083,1370.543091,44.803814,206.123413,1243.778809,178.40123,271.002808,1125.587769,218.882919,289.426422,930.54364,62.962688,248.415176,987.43158,-2.623566,285.009338,883.334106,32.503578,-140.176605,1013.432739,-84.726265,-179.882019,1034.164185,108.265022,78.911636,1050.384399,170.780563,124.941154,1041.540649,-41.560287
7.742,18.869009,1646.206543,-27.191576,13.242303,1599.579102,-125.438721,95.930824,1572.716553,-41.228947,-34.407093,1403.310547,106.470039,-109.368111,1233.952393,158.270264,-8.527758,1221.549561,185.165573,37.696983,1271.36377,-85.231033,-178.397064,1321.89563,111.721039,-170.981506,1394.246338,-46.106434,-276.914185,1252.390137,91.067055,-365.019623,1181.556885,97.817757,-331.232635,957.09314,-18.822151,-259.029144,987.082764,-78.905602,-301.518951,895.935486,-17.350105,63.847786,1296.7677,179.376678,145.456894,1369.532227,44.563698,206.733246,1242.456665,178.462845,270.544098,1123.746216,218.968536,288.384979,928.332581,63.48341,247.901428,985.445618,-2.401332,283.789612,881.160278,32.911892,-140.322739,1013.631592,-84.968674,-180.637878,1035.079468,107.872421,78.275795,1049.387817,171.019287,124.667465,1039.906006,-41.275513
7.75,18.772814,1646.271362,-27.83754,13.104011,1599.552856,-126.102852,96.23896,1573.191284,-42.044346,-32.766365,1403.333984,106.002533,-108.489861,1234.005005,157.646255,-7.781549,1221.532837,184.981628,38.878876,1270.564819,-85.488991,-177.175018,1322.194336,111.502991,-169.561295,1394.147217,-46.401413,-275.565735,1252.828857,91.242134,-364.284119,1182.444458,98.057663,-331.777466,958.387878,-19.58522,-259.310272,988.145203,-79.498299,-302.455811,897.059021,-18.14687,64.956192,1296.590942,178.938919,147.053375,1368.807495,44.069405,207.390961,1241.301514,178.268616,270.110535,1122.296265,218.86174,287.389069,926.229492,63.730053,247.400452,983.533752,-2.247596,282.591919,879.016052,33.37571,-140.483353,1014.004456,-85.276772,-181.392914,1036.064941,107.584816,77.53138,1048.549316,171.357452,124.475983,1038.395752,-40.850513
7.758,18.699732,1646.392822,-28.599266,12.9474,1599.70459,-126.754013,96.431129,1573.876099,-42.957832,-31.156794,1403.54895,105.230232,-107.619087,1234.283936,156.97612,-6.890033,1221.630249,184.53331,40.149021,1269.726196,-85.826683,-175.73999,1322.636353,111.287598,-168.05455,1394.147217,-46.756287,-274.4245,1253.474854,91.155754,-363.557953,1183.661255,98.133247,-332.366516,959.721008,-20.421627,-259.507416,989.393188,-80.011925,-303.565552,898.361206,-19.085449,66.259712,1296.638794,178.351822,148.769379,1368.253174,43.335175,208.150833,1240.387085,177.856949,269.821869,1120.957886,218.862183,286.338654,924.329651,64.250954,246.853195,981.666809,-1.92354,281.343384,876.980103,33.996902,-140.642807,1014.51825,-85.589058,-182.023346,1037.26001,107.244225,76.903152,1047.962769,171.618927,124.364662,1036.996338,-40.529545
7.767,18.575815,1646.735107,-29.232531,12.82981,1600.03894,-127.365829,96.642914,1574.666016,-43.844139,-29.376011,1403.806274,104.505997,-106.590302,1234.697754,156.061981,-5.922762,1221.951172,183.997437,41.361404,1269.082153,-86.338013,-174.298264,1323.241089,110.813423,-166.438034,1394.078613,-47.276634,-273.205627,1254.404541,91.011696,-362.586273,1184.776367,98.433945,-332.754913,961.237732,-21.079844,-259.680878,990.763916,-80.655045,-304.483398,899.906372,-19.84577,67.592659,1296.883423,177.640198,150.439453,1367.869263,42.428391,208.879303,1239.856567,177.254776,269.538574,1119.950684,218.609955,285.086456,922.435181,64.844788,246.204086,979.854858,-1.626114,279.949799,874.954468,34.552521,-140.81601,1015.143127,-85.886635,-182.756561,1038.893433,106.821724,76.167061,1047.459351,171.844208,124.226677,1035.595215,-40.020588
7.775,18.43737,1647.300903,-29.890589,12.664013,1600.591309,-127.990349,96.794807,1575.493286,-44.725315,-27.676125,1404.151001,103.526436,-105.278267,1235.119873,155.378448,-5.01596,1222.341064,183.451721,42.721588,1268.471436,-86.973862,-172.880234,1323.865845,110.347664,-164.938843,1394.144043,-47.89259,-271.667206,1255.172119,90.999504,-361.757996,1186.216064,98.55899,-333.053772,962.923401,-21.769199,-259.805023,992.321106,-81.220963,-305.346466,901.537415,-20.678392,69.126884,1297.306274,176.896393,152.268967,1367.675659,41.245838,209.868439,1239.529663,176.493317,269.299072,1119.290161,218.239594,283.922241,920.937012,65.544052,245.422516,978.120178,-1.300888,278.413483,873.113464,35.438251,-140.959702,1015.903442,-86.217079,-183.396271,1040.639282,106.204643,75.455521,1047.154663,172.152161,124.184799,1034.355591,-39.64444
7.783,18.088604,1648.050781,-30.552969,12.428366,1601.337891,-128.619324,96.951218,1576.651733,-45.663414,-25.915859,1404.794922,102.478844,-104.076378,1235.843994,154.56102,-3.830485,1223.073853,182.516022,44.131706,1267.968506,-87.637794,-171.332886,1324.673462,109.788361,-163.173004,1394.152466,-48.580677,-270.371033,1256.273193,90.725876,-360.881134,1187.737671,98.66468,-333.409546,964.700256,-22.636841,-259.848022,993.930786,-81.7005,-306.30545,903.528625,-21.569042,70.635498,1297.889038,175.828964,154.122589,1367.71875,39.768356,211.098663,1239.49939,175.584595,269.179474,1118.880127,217.735794,282.34491,919.315796,66.223579,244.528839,976.478638,-0.908457,277.031403,871.420288,36.222561,-141.069672,1016.721863,-86.582634,-183.908386,1042.755005,105.664597,74.748642,1046.970093,172.304718,124.101067,1032.977783,-39.112774
7.792,17.884132,1648.6427,-31.061464,12.094833,1602.249878,-129.287598,96.976837,1577.843262,-46.470913,-24.090059,1405.441284,101.254616,-102.833908,1236.612061,153.463257,-2.593417,1223.779663,181.681519,45.468765,1267.605591,-88.446922,-169.743256,1325.605469,109.128456,-161.598419,1394.268433,-49.3419,-268.966858,1257.418335,90.338051,-359.965118,1189.2771,98.734634,-333.755219,966.647949,-23.431774,-259.846771,995.619629,-82.24749,-307.229034,905.375061,-22.499676,72.447411,1298.733765,174.475937,155.92099,1367.907227,38.153351,212.276154,1239.799561,174.468826,269.122437,1118.728638,217.124619,281.122345,918.117371,67.066566,243.554886,974.906677,-0.5342,275.352997,869.750488,37.188618,-141.13147,1017.635559,-87.044838,-184.272217,1044.999512,104.907608,74.09182,1046.949951,172.465973,123.999031,1031.798706,-38.747124
7.8,17.571871,1649.499756,-31.403437,11.848454,1603.203613,-129.804184,97.079887,1579.125122,-47.323177,-22.252583,1406.157959,99.895279,-101.169083,1237.343262,152.651321,-1.19727,1224.733398,180.71814,46.77005,1267.381714,-89.379143,-168.133041,1326.424561,108.439117,-159.813507,1394.386108,-50.184563,-267.365601,1258.434448,90.148903,-359.074097,1190.915649,98.740715,-334.157074,968.653198,-24.420462,-259.716187,997.316101,-82.689316,-308.091339,907.426636,-23.353941,74.246513,1299.600586,173.116241,157.846771,1368.216553,36.442848,213.961166,1240.46875,173.358658,269.168457,1118.82666,216.389023,279.529022,916.896851,67.840996,242.614517,973.502136,-0.139957,273.579315,868.329102,38.296539,-141.116776,1018.675354,-87.484879,-184.582306,1047.263916,103.933815,73.447495,1047.039429,172.55394,123.950836,1030.581055,-38.211475
7.808,17.080971,1650.527344,-32.091965,11.488986,1604.345947,-130.352066,97.0224,1580.678223,-48.108597,-20.290369,1407.041016,98.43882,-99.703255,1238.383545,151.75325,0.282145,1225.867554,179.602844,48.346863,1267.305176,-90.407433,-166.440903,1327.364624,107.796112,-158.235641,1394.582275,-51.049267,-265.920074,1259.689331,89.728325,-357.98941,1192.488647,98.848732,-334.551453,970.546692,-25.223377,-259.842804,999.102234,-83.271889,-309.150055,909.547913,-24.284664,76.153633,1300.802124,171.642365,159.829498,1368.75354,34.477283,215.620972,1241.2229,172.178558,269.334686,1119.138306,215.478577,278.109985,915.963379,68.628563,241.541855,972.198792,0.168361,271.999054,867.062195,39.39209,-141.025726,1019.692688,-88.027481,-185.087738,1050.004883,103.070976,72.932594,1047.318237,172.536301,123.929367,1029.39502,-37.843689
7.817,16.585608,1651.36438,-32.302811,11.000727,1605.680298,-130.901108,97.016273,1582.218506,-48.898102,-18.469347,1407.942139,96.812904,-98.210442,1239.28479,150.717636,1.901915,1226.999268,178.319962,49.755619,1267.365601,-91.528511,-164.681412,1328.334106,106.96106,-156.562973,1394.748047,-51.956673,-264.255615,1260.712402,89.362335,-356.960999,1194.135864,98.902481,-334.934448,972.650879,-26.232883,-259.846771,1000.781799,-83.895058,-310.199829,911.606567,-25.2416,78.183723,1301.927612,170.142441,161.843048,1369.419189,32.314316,217.281647,1242.280884,170.666031,269.534485,1119.71228,214.489746,276.796661,915.165039,69.302696,240.248398,970.909668,0.574327,270.192383,865.882751,40.492828,-140.798859,1020.706299,-88.663261,-185.365631,1052.710327,101.990753,72.484161,1047.748901,172.382965,123.96843,1028.303711,-37.44698
7.825,15.952751,1652.338379,-32.578476,10.551782,1607.022583,-131.305161,96.913094,1584.011597,-49.660477,-16.478823,1408.954834,95.209908,-96.451553,1240.374878,149.783234,3.520767,1228.32251,177.093155,51.200466,1267.530762,-92.825531,-162.923035,1329.307617,106.10643,-155.103851,1395.087036,-52.919765,-262.696655,1261.852295,88.917526,-355.916962,1195.85144,98.843941,-335.391571,974.659424,-27.10405,-259.968109,1002.593994,-84.660408,-311.152863,913.86792,-26.143801,80.320831,1303.249146,168.210709,163.759308,1370.27832,30.089069,219.084518,1243.386108,168.9655,269.904877,1120.567261,213.243805,275.21524,914.538574,70.183571,239.21875,969.938477,0.853162,268.519989,865.02301,41.610878,-140.52887,1021.77832,-89.209839,-185.416168,1055.542603,100.845604,72.0616,1048.489746,172.222351,124.032181,1027.312988,-37.10117
7.833,15.365886,1653.313477,-32.794033,10.016279,1608.541748,-131.669281,96.861916,1585.78894,-50.522129,-14.592849,1410.057739,93.374557,-94.856918,1241.440186,148.725723,5.254466,1229.711426,175.854691,52.612682,1267.80542,-94.141441,-161.119293,1330.36438,105.254288,-153.570679,1395.412476,-54.00071,-261.151337,1262.851074,88.447525,-354.815521,1197.519897,98.875237,-335.951416,976.713989,-28.061193,-260.088165,1004.232788,-85.198204,-312.205231,915.958984,-27.067146,82.447937,1304.646973,166.460342,165.653824,1371.236206,27.790817,220.837067,1244.804321,167.151749,270.315643,1121.508789,212.036224,273.833405,914.156189,70.930336,238.048508,969.021484,1.071781,266.857086,864.296387,42.761513,-140.162216,1022.886658,-89.753258,-185.568024,1058.422241,99.9674,71.764961,1049.361694,171.859207,124.242851,1026.266724,-36.960686
7.842,14.672762,1654.426514,-32.926868,9.446254,1610.086792,-132.073837,96.732216,1587.541992,-51.279316,-12.623954,1411.146851,91.662941,-93.060394,1242.596191,147.56752,6.992107,1231.244873,174.497543,54.086391,1268.202148,-95.545837,-159.293701,1331.239136,104.228813,-152.029831,1395.883789,-55.172222,-259.393066,1263.904785,87.992828,-353.561432,1199.369263,99.388145,-336.40863,978.757874,-28.971638,-260.380829,1005.96759,-86.013847,-313.046844,918.094421,-27.876656,84.529884,1306.192139,164.638168,167.496048,1372.261475,25.359591,222.904388,1246.283691,165.140091,270.836823,1122.80542,210.657684,272.615784,913.933228,71.760262,236.935318,968.167542,1.311599,265.127563,863.640442,44.059372,-139.746109,1023.915161,-90.395767,-185.635529,1061.172241,98.926155,71.571487,1050.462891,171.499435,124.462608,1025.392578,-36.822449
7.85,14.027254,1655.397949,-32.855698,8.896214,1611.72229,-132.434372,96.592476,1589.488281,-52.036018,-10.922217,1412.301392,89.832542,-91.479851,1243.786987,146.478928,8.65567,1232.77478,173.016464,55.464115,1268.696777,-97.054016,-157.579483,1332.271851,103.182991,-150.551163,1396.314209,-56.314724,-257.88797,1265.093384,87.301369,-352.272034,1200.873413,99.204109,-336.785522,980.660889,-29.744959,-260.675751,1007.608032,-86.907692,-314.00296,920.336853,-28.73917,86.586655,1307.781006,162.651199,169.184387,1373.36145,22.886969,224.80957,1248.018433,163.186844,271.408234,1124.0802,209.21904,271.25943,913.920532,72.484459,235.836945,967.549438,1.499353,263.649902,863.313904,45.201298,-139.234406,1024.891724,-90.867157,-185.679031,1063.817627,97.91201,71.417809,1051.794434,170.949036,124.701118,1024.59021,-36.748531
7.858,13.437115,1656.398438,-32.868324,8.448515,1613.384033,-132.643097,96.307747,1591.169189,-52.624268,-9.115292,1413.412354,88.092308,-89.773346,1244.995605,145.178864,10.351645,1234.386719,171.617111,56.797855,1269.255371,-98.630363,-155.912979,1333.437134,102.151505,-149.069748,1396.77356,-57.60199,-255.967499,1266.180664,86.800934,-351.02002,1202.600464,98.790421,-337.139587,982.618835,-30.527227,-260.976685,1009.332275,-87.869202,-314.848358,922.389893,-29.359793,88.55645,1309.311157,160.714691,170.970367,1374.551636,20.304539,226.927292,1249.781494,161.137192,272.136841,1125.761108,207.664185,270.010406,914.078064,73.080429,234.795151,967.0271,1.653448,262.172333,863.104431,46.468822,-138.759995,1025.801025,-91.483597,-185.719986,1066.49707,96.97448,71.382263,1053.239502,170.24678,125.009583,1023.785583,-36.776863
7.867,12.820361,1657.504639,-32.859394,7.942513,1614.939575,-132.969528,96.147964,1593.023315,-52.865467,-7.455698,1414.508911,86.309959,-88.044952,1246.334839,144.017914,12.063711,1236.059692,170.030365,58.137283,1269.85022,-100.281815,-154.288574,1334.595581,100.960167,-147.755478,1397.349365,-58.949467,-254.44957,1267.329956,85.975594,-349.582275,1204.187622,98.645149,-337.530273,984.610596,-31.393673,-261.231476,1010.95105,-88.549454,-315.516144,924.579651,-30.138832,90.492615,1310.936035,158.647125,172.454712,1375.7146,17.773853,228.669601,1251.535645,159.041351,272.852753,1127.299683,206.103958,268.928467,914.468079,73.830803,233.885315,966.681824,1.832628,260.835632,863.040894,47.710388,-138.300278,1026.704468,-92.022583,-185.714737,1069.171753,96.121208,71.418503,1054.900269,169.404327,125.282539,1023.058655,-36.966972
7.875,12.263908,1658.457642,-32.758862,7.448977,1616.727783,-133.166183,96.170959,1594.811279,-53.546555,-5.941592,1415.695923,84.388245,-86.645828,1247.727905,142.845505,13.68332,1237.879639,168.500885,59.383461,1270.484985,-102.014763,-152.780289,1335.796021,99.673538,-146.395004,1397.866943,-60.333847,-252.624725,1268.515381,85.373566,-348.260101,1205.908691,98.316643,-337.91214,986.56134,-32.246338,-261.488983,1012.592773,-89.716599,-316.246674,926.715271,-30.81864,92.210297,1312.710938,156.605667,173.882263,1376.891113,15.201779,230.457687,1253.322388,156.827881,273.698608,1129.005005,204.460205,267.912659,914.811707,74.392014,232.943466,966.40155,2.009483,259.558594,863.097839,48.913338,-137.857239,1027.662476,-92.457809,-185.622269,1071.880981,95.420464,71.57431,1056.643188,168.470291,125.553978,1022.407776,-37.165272
7.883,11.72507,1659.473511,-32.544258,7.04361,1618.520752,-133.336884,95.993668,1596.543823,-54.112236,-4.519164,1416.858032,82.41655,-85.207191,1249.150757,141.643509,15.204615,1239.47229,166.961044,60.633213,1271.121704,-103.912193,-151.186569,1337.103149,98.48378,-145.22905,1398.538574,-61.872608,-251.150543,1269.78894,84.437256,-346.830719,1207.400635,98.035507,-338.169403,988.491699,-33.040092,-261.489777,1014.219299,-90.383904,-316.906342,928.76062,-31.619272,93.818451,1314.349487,154.552307,175.244873,1378.055908,12.635883,232.149765,1255.154663,154.587769,274.693268,1130.88501,202.731003,266.863861,915.334106,75.00032,231.960052,966.15625,2.209646,258.363831,863.283752,50.181198,-137.359772,1028.634888,-92.782173,-185.397308,1074.525024,94.449631,71.8638,1058.424805,167.481171,125.821457,1021.858459,-37.428772
7.892,11.385345,1660.429688,-32.329296,6.762015,1620.302856,-133.409897,95.999908,1598.244751,-54.680843,-3.047248,1418.175903,80.349037,-83.814133,1250.610474,140.443665,16.631876,1241.199219,165.337204,61.684235,1271.713989,-105.803078,-149.724976,1338.431274,97.14595,-144.00325,1399.115845,-63.395679,-249.716827,1271.09021,83.612083,-345.379089,1209.06604,97.720093,-338.198761,990.265442,-33.827469,-261.533936,1015.813721,-91.310242,-317.31778,930.907349,-32.190201,95.281265,1315.954834,152.417969,176.523026,1379.233765,9.97609,233.698242,1256.938843,152.357635,275.856323,1132.651611,201.100311,266.153442,915.910706,75.663155,231.101883,966.034424,2.384117,257.350281,863.564453,51.4534,-136.757584,1029.597534,-93.006264,-185.128845,1077.209229,93.708817,72.181061,1060.226562,166.478867,126.045731,1021.409363,-37.660763
7.9,11.094736,1661.3302,-31.965733,6.418159,1622.253174,-133.448013,95.939476,1599.859253,-55.057556,-1.74629,1419.366211,78.225517,-82.581345,1252.139648,139.168167,17.915581,1242.907104,163.732239,62.779522,1272.259766,-107.722954,-148.400406,1339.906738,95.619148,-142.824692,1399.785034,-65.227226,-248.165756,1272.378052,82.738907,-344.190308,1210.740601,97.333595,-338.347534,992.108398,-34.612476,-261.526703,1017.341492,-92.05468,-317.696716,932.735657,-32.847836,96.790283,1317.590698,150.183777,177.791382,1380.388306,7.424512,235.294556,1258.624878,150.131699,276.986389,1134.437134,199.429199,265.494476,916.591064,76.349632,230.361282,966.037292,2.60545,256.427612,863.964844,52.655064,-136.116226,1030.608398,-93.383484,-184.721741,1079.67627,92.87719,72.602966,1061.91626,165.395813,126.213463,1021.018127,-37.88266
7.908,10.786919,1662.217285,-31.52487,6.14787,1624.180786,-133.453629,95.935852,1601.486206,-55.544678,-0.636632,1420.730957,75.993034,-81.357224,1253.748779,137.714142,19.196836,1244.577271,162.085251,63.786625,1272.814575,-109.649719,-147.077606,1341.286133,94.193321,-141.911911,1400.449951,-66.892151,-246.868423,1273.789551,81.700195,-343.044067,1212.345825,96.874626,-338.235229,993.767334,-35.269684,-261.42337,1018.846863,-92.914604,-317.83902,934.70813,-33.404636,98.147835,1319.232544,148.037201,178.917709,1381.504761,4.658008,236.513657,1260.233887,147.866013,278.233276,1136.41272,197.783066,264.919556,917.267334,76.930626,229.652237,966.069763,2.852505,255.597198,864.522583,53.919289,-135.518707,1031.489868,-93.556313,-184.341644,1082.200439,92.242188,73.19722,1063.608398,164.4151,126.364258,1020.696045,-38.138447
7.917,10.508512,1663.105835,-31.002293,5.919955,1626.124512,-133.427902,95.964867,1602.964966,-55.790257,0.541511,1422.005493,73.824791,-80.070869,1255.261108,136.329025,20.406584,1246.305054,160.431,64.7127,1273.367188,-111.593666,-145.879745,1342.794922,92.60482,-140.97937,1401.108398,-68.729614,-245.686478,1275.256958,80.563515,-341.847351,1214.109009,96.357124,-338.122681,995.441223,-35.851685,-261.273773,1020.166626,-93.548042,-318.004395,936.411499,-33.798153,99.386871,1320.783569,145.759064,179.99408,1382.596558,1.984111,237.768784,1261.98291,145.604996,279.294708,1138.418701,196.106613,264.47937,918.129883,77.659706,228.999496,966.190857,3.112838,254.91246,865.062683,55.101852,-135.015411,1032.51001,-94.023392,-183.848053,1084.62854,91.396362,73.824997,1065.26709,163.468506,126.520576,1020.452881,-38.358131
7.925,10.316026,1663.988403,-30.474741,5.760577,1628.092041,-133.274307,96.107986,1604.408569,-56.035915,1.638599,1423.229858,71.63652,-78.854393,1256.909058,134.846802,21.606812,1248.045776,158.755905,65.615448,1273.894775,-113.512817,-144.825455,1344.235474,90.973984,-140.028519,1401.850708,-70.558983,-244.320969,1276.659912,79.534111,-340.63858,1215.59314,95.838753,-337.993439,996.961548,-36.317783,-261.15686,1021.509644,-94.006516,-318.060608,938.193359,-34.121784,100.679276,1322.382202,143.633255,180.909042,1383.708496,-0.65327,239.126694,1263.699341,143.338821,280.58316,1140.531738,194.954391,264.123749,919.033447,78.105682,228.373352,966.326599,3.509949,254.3284,865.721069,56.383102,-134.539474,1033.376099,-94.332565,-183.311707,1087.078979,90.597069,74.371086,1067.258667,163.76564,126.677666,1020.331482,-38.55257
7.933,10.27967,1664.797974,-29.794548,5.686741,1630.112061,-133.055252,96.171722,1605.849487,-56.285999,2.77381,1424.491333,69.462013,-77.850098,1258.536987,133.371994,22.664454,1249.769897,157.149124,66.341484,1274.386841,-115.375542,-143.852112,1345.693481,89.348442,-139.047348,1402.499878,-72.395691,-243.288773,1278.200562,78.348549,-339.650055,1217.414795,95.099342,-337.765106,998.492126,-36.82341,-261.003632,1022.688293,-94.55381,-317.994781,939.742126,-34.217957,101.860359,1324.085815,141.483978,181.882294,1384.682007,-3.336088,240.212723,1265.312378,141.063171,281.660797,1142.486328,193.35498,264.020081,920.080994,78.809387,227.939819,966.539001,3.806324,253.916061,866.457397,57.692596,-134.028961,1034.238159,-94.83905,-182.624634,1089.289429,89.750122,75.18499,1068.997314,163.061493,126.809494,1020.31073,-38.702385
7.942,10.212727,1665.49292,-29.187107,5.6427,1632.057251,-132.827774,96.235809,1607.115601,-56.377895,3.717373,1425.728271,67.390488,-76.911301,1260.067139,131.897354,23.689844,1251.48584,155.462921,67.070831,1274.825928,-117.307655,-142.95784,1347.268311,87.675484,-138.374344,1403.268188,-74.270523,-242.320724,1279.703613,77.106781,-338.681854,1218.998169,94.341377,-337.49469,999.855469,-37.082439,-260.793701,1023.686523,-95.005096,-317.80603,941.367249,-34.343941,102.949097,1325.648071,139.354462,182.751221,1385.71228,-5.94559,241.16217,1266.984009,138.841934,282.672424,1144.434082,191.647186,263.93631,920.983276,79.309631,227.569839,966.765198,4.164504,253.576401,867.151794,58.873508,-133.508743,1035.016235,-95.313942,-182.059433,1091.378174,88.900261,75.855721,1070.602783,161.905533,126.95816,1020.390259,-38.810574
7.95,10.132154,1666.179199,-28.560482,5.560093,1633.932495,-132.541306,96.364128,1608.461792,-56.56398,4.519001,1426.963013,65.179314,-76.064201,1261.710449,130.306625,24.637396,1253.280029,153.684998,67.7444,1275.252686,-119.176132,-142.104706,1348.679321,85.966896,-137.585571,1404.089478,-76.295921,-241.454498,1281.304321,75.790382,-337.826935,1220.680054,93.545052,-337.305878,1001.14679,-37.394947,-260.632385,1024.744141,-95.47538,-317.596222,942.743958,-34.212208,104.004341,1327.311523,137.119049,183.491394,1386.669189,-8.62107,242.173599,1268.641968,136.628494,283.642273,1146.445801,190.009109,263.809479,921.90741,80.061935,227.303848,967.023071,4.546732,253.271759,867.966248,60.134319,-132.960388,1035.774902,-95.929001,-181.435547,1093.39563,88.091774,76.525925,1072.315308,160.802292,127.134148,1020.555359,-38.922527
7.958,10.10526,1666.797241,-27.922905,5.55132,1635.797241,-132.285446,96.457886,1609.60083,-56.615135,5.3628,1428.240601,63.138454,-75.172699,1263.266357,128.760757,25.446848,1254.949585,152.019135,68.218956,1275.64502,-121.036552,-141.290344,1350.151733,84.207085,-136.984543,1404.795532,-78.111649,-240.577179,1282.775269,74.450264,-336.95816,1222.362549,92.63311,-336.948456,1002.367249,-37.577515,-260.440186,1025.69165,-95.799812,-317.274994,944.162415,-34.056984,104.989067,1328.788208,134.8647,184.16066,1387.616943,-11.289206,243.152161,1270.307617,134.371094,284.451904,1148.390869,188.304901,263.84375,922.822937,80.627724,227.161011,967.350037,4.852705,253.185959,868.682617,61.317608,-132.481522,1036.46521,-96.424408,-180.640717,1095.088867,87.046165,77.245567,1074.06897,159.871155,127.345772,1020.784607,-39.063332
7.967,10.1235,1667.368286,-27.234138,5.62916,1637.592041,-131.944458,96.660286,1610.720581,-56.711559,6.039655,1429.392456,60.960548,-74.390633,1264.785645,127.298904,26.254847,1256.638306,150.3414,68.673347,1275.986206,-122.884659,-140.55632,1351.57251,82.605621,-135.666351,1405.004272,-80.178314,-239.864365,1284.31311,73.123734,-336.055115,1223.871948,91.761711,-336.669922,1003.433472,-37.646305,-260.167053,1026.447388,-96.062096,-316.842224,945.316101,-33.895355,105.842628,1330.461182,132.857239,184.737366,1388.564209,-13.864617,244.099274,1271.939453,132.216812,285.298096,1150.350464,186.714035,264.014313,923.964661,81.139313,227.137695,967.674866,5.112433,253.201782,869.512329,62.487331,-131.940277,1037.140625,-96.948593,-179.814468,1096.864624,86.299934,77.892265,1076.0177,159.114868,127.616776,1021.053406,-39.211369
7.975,10.166723,1667.939819,-26.653971,5.608416,1639.3302,-131.527664,96.726257,1611.853149,-56.704182,6.614756,1430.723755,58.881344,-73.611771,1266.389038,125.782372,26.983711,1258.464478,148.639603,69.034401,1276.372559,-124.717422,-139.903687,1352.935791,80.952843,-135.049805,1405.689209,-82.14225,-239.083115,1285.78894,71.815071,-335.411835,1225.517212,90.775871,-336.27359,1004.456299,-37.767132,-259.901611,1027.064087,-96.177269,-316.388824,946.394592,-33.466019,106.712341,1332.054443,130.698288,185.265488,1389.478638,-16.510937,244.902695,1273.547974,130.132919,286.015045,1152.207275,185.108063,264.321289,925.158997,81.929352,227.263382,968.040588,5.31398,253.318817,870.393494,63.582741,-131.394806,1037.795776,-97.440666,-179.230576,1098.568848,85.390091,78.589859,1077.894165,158.448486,127.950531,1021.362061,-39.365082
7.983,10.292036,1668.394775,-25.982933,5.656257,1641.091309,-131.246078,96.88295,1612.758667,-56.651501,6.767576,1432.324219,56.698166,-72.986504,1267.706177,124.408501,27.725431,1259.949341,147.050507,69.334534,1276.712158,-126.536087,-139.310608,1354.277954,79.257759,-134.586884,1406.307983,-83.92392,-238.444931,1287.104858,70.467079,-334.838043,1226.886719,89.791458,-335.884064,1005.410095,-37.824303,-259.674225,1027.650024,-96.322166,-315.970306,947.336548,-33.234978,107.319336,1333.483398,128.684799,185.744781,1390.370361,-18.92774,245.653458,1275.181641,128.038361,286.726013,1154.147339,183.655563,264.518829,926.073181,82.429024,227.488892,968.390015,5.403101,253.62352,871.292603,64.529831,-130.702789,1038.347412,-97.979073,-178.599808,1099.960449,84.544998,79.159187,1079.828735,157.810165,128.368301,1021.708496,-39.498493
7.992,10.424258,1668.84668,-25.141516,5.793606,1642.672729,-130.804413,97.015564,1613.538818,-56.607838,7.47028,1433.152466,54.665394,-72.432281,1269.218872,122.983253,28.336748,1261.57312,145.395523,69.552994,1277.054688,-128.27565,-138.79248,1355.522461,77.632126,-134.130493,1407.025146,-85.760193,-237.876144,1288.565063,69.510208,-334.308258,1228.459473,88.687592,-335.479736,1006.145813,-37.738197,-259.310181,1028.296143,-96.415573,-315.447418,948.325989,-32.914455,107.953644,1334.956665,126.500595,186.095703,1391.180786,-21.368784,246.346344,1276.781372,126.031281,287.430023,1156.01062,182.089905,264.845612,927.05603,82.705688,227.821152,968.791687,5.458373,253.952057,872.30542,65.447021,-130.072235,1038.803833,-98.409966,-178.051239,1101.45105,83.674744,79.801987,1081.713379,157.175201,128.885437,1022.103577,-39.638718
8.0,10.572519,1669.248413,-24.408268,5.887376,1644.260498,-130.339462,97.174438,1614.47522,-56.523434,8.047816,1433.946045,52.818508,-71.908531,1270.490479,121.676056,28.893377,1263.05957,143.850891,69.664413,1277.404175,-129.998474,-138.387192,1356.732544,76.010483,-133.793228,1407.617188,-87.588554,-237.480545,1289.739502,68.14769,-333.865356,1229.676147,87.723289,-334.985657,1006.846191,-37.626961,-258.890442,1028.827515,-96.512787,-314.873718,949.065186,-32.478874,108.457672,1336.469971,124.740005,186.376648,1392.094116,-23.694876,246.87735,1278.209473,124.039001,288.140839,1157.892456,180.61377,265.372284,928.314026,83.103317,228.224823,969.224854,5.482079,254.469101,873.28894,66.225929,-129.029099,1038.63623,-97.647484,-177.570602,1102.582397,82.950363,80.434715,1083.636108,156.530762,129.405701,1022.544128,-39.80851
8.008,10.701332,1669.581299,-23.697998,6.036987,1645.821655,-129.900711,97.336288,1615.25415,-56.417175,8.369102,1435.18457,51.090389,-71.433945,1271.904419,120.320168,29.354671,1264.532715,142.304123,69.785736,1277.789307,-131.636337,-138.053726,1357.876587,74.484535,-133.532211,1408.18103,-89.302048,-237.204712,1290.993286,66.819328,-333.678467,1231.177002,86.702217,-334.381592,1007.455933,-37.561867,-258.500732,1029.165161,-96.493462,-314.240295,949.669373,-32.066437,108.958107,1337.77002,122.689293,186.605774,1392.894043,-25.999908,247.398041,1279.789673,122.119461,288.822235,1159.600464,179.138824,265.84903,929.341736,83.223091,228.504074,969.672485,5.435558,254.981995,874.363892,67.062752,-128.467972,1038.855957,-97.894836,-177.053894,1103.85498,82.460419,81.081894,1085.417847,155.813293,129.909943,1023.028503,-40.073902
8.017,10.809945,1669.864258,-22.938658,6.184183,1647.289307,-129.345779,97.472588,1615.855103,-56.285336,8.508675,1436.157471,49.401783,-71.101379,1273.016846,119.010765,29.846947,1265.895264,140.805069,69.797798,1278.205444,-133.227188,-137.894073,1358.901855,72.984062,-133.426117,1408.749756,-90.939766,-236.888092,1292.085938,65.576508,-333.393829,1232.144287,85.779503,-333.808136,1008.009888,-37.427574,-258.117645,1029.497803,-96.558128,-313.446716,950.191711,-31.65274,109.36161,1339.126587,120.785484,186.778702,1393.828247,-28.271063,247.86087,1281.250122,120.262733,289.473846,1161.412354,177.664001,266.384552,930.395996,83.472733,229.382446,970.236938,5.278726,255.651169,875.318481,67.558098,-127.779991,1039.166748,-98.314896,-176.49736,1104.842407,81.703903,81.753143,1087.218994,155.017502,130.577362,1023.725891,-40.496155
8.025,10.954096,1670.139526,-22.264524,6.461348,1648.713013,-128.921005,97.619415,1616.379028,-56.065323,8.615682,1437.300659,47.700508,-70.79097,1274.30127,117.774986,30.109602,1267.203003,139.439285,69.736389,1278.592529,-134.782837,-137.774551,1360.01709,71.602013,-133.339157,1409.267822,-92.55912,-236.743561,1293.078979,64.403763,-333.097107,1233.244263,84.81073,-333.243988,1008.427734,-37.188118,-257.717194,1029.805786,-96.657562,-312.576874,950.59021,-31.14341,109.653435,1340.304688,119.038277,186.742249,1394.475708,-30.312157,248.160172,1282.609131,118.391632,290.015198,1163.210571,176.21463,267.277588,931.671814,83.499733,230.083267,970.875,4.988573,256.417511,876.391418,68.03772,-127.139267,1039.320923,-98.640404,-175.950729,1105.571411,81.151222,82.475105,1088.914551,154.228012,131.190079,1024.430908,-40.945972
8.033,11.23957,1670.408203,-21.421402,6.655269,1650.09021,-128.37912,97.890839,1616.958374,-55.927017,8.709134,1438.220459,46.069702,-70.533279,1275.346191,116.650871,30.45513,1268.382446,138.032394,69.630592,1279.020142,-136.263855,-137.75676,1360.888184,70.258377,-133.377701,1409.817139,-94.053383,-236.727554,1294.06665,63.287018,-332.919647,1234.2052,83.917091,-332.70639,1008.715515,-37.022049,-257.323029,1030.077271,-96.834274,-311.806396,950.919983,-30.675879,109.898849,1341.535278,117.218506,186.615784,1395.194946,-32.395073,248.44101,1284.02832,116.606232,290.510406,1164.723267,174.823959,268.021545,932.842285,83.734009,230.790283,971.525818,4.592576,257.21994,877.588501,68.388062,-126.610619,1039.390747,-98.831154,-175.518127,1106.309814,80.679886,83.132759,1090.557983,153.338028,131.828354,1025.166382,-41.392075
8.042,11.523398,1670.666992,-20.729057,6.936189,1651.319946,-127.872467,98.065926,1617.495483,-55.852299,8.571286,1439.189331,44.46077,-70.340981,1276.482788,115.468246,30.691826,1269.552734,136.678452,69.382019,1279.390381,-137.670425,-137.805496,1361.816284,68.944672,-133.570999,1410.328003,-95.468254,-236.810516,1294.932739,62.163979,-332.806244,1234.818359,83.159492,-332.149475,1008.896484,-36.818413,-256.996307,1030.238159,-96.962769,-310.938019,951.193909,-30.131084,110.051407,1342.594116,115.550926,186.475159,1396.073486,-34.49353,248.627853,1285.299072,114.854927,291.106659,1166.547974,173.483459,268.754059,933.931091,83.505203,231.497894,972.194702,4.253529,258.165222,878.651001,68.535515,-126.07859,1039.46228,-99.064148,-174.988739,1106.836426,80.233109,83.913239,1092.115112,152.424454,132.475449,1025.88855,-41.930504
8.05,11.865005,1670.932373,-20.142817,7.24146,1652.626221,-127.342003,98.312454,1617.838013,-55.647297,8.3595,1440.059204,42.927551,-70.256912,1277.441772,114.466599,30.949013,1270.5896,135.488129,69.092903,1279.814819,-139.020477,-137.975983,1362.738525,67.814255,-133.852325,1410.774048,-96.708504,-236.893753,1295.677124,61.288342,-332.692566,1235.422241,82.479614,-331.538971,1008.951416,-36.477753,-257.00058,1030.473999,-97.323471,-310.072571,951.351501,-29.702309,109.987564,1343.6521,114.031555,186.235474,1396.72644,-36.256023,248.772339,1286.618042,113.181976,291.488556,1168.040527,172.100571,269.634003,935.104919,82.803986,232.231644,972.839722,3.865149,259.087189,879.780273,68.545418,-125.558571,1039.438843,-99.225349,-174.247345,1107.250854,80.008766,84.685829,1093.697754,151.56485,133.143234,1026.647095,-42.687035
8.058,12.277052,1671.09436,-19.471636,7.487493,1653.693115,-126.764748,98.524384,1618.091431,-55.508698,8.093522,1440.803833,41.566681,-70.281586,1278.330444,113.501526,31.025423,1271.582153,134.340088,68.835381,1280.224731,-140.256714,-138.201477,1363.432617,66.750473,-134.534698,1411.356812,-97.909813,-237.058731,1296.399658,60.403053,-332.668335,1235.971558,81.815559,-330.870514,1008.903625,-36.083786,-256.412811,1030.377686,-97.152855,-309.017761,951.392151,-29.058519,110.023567,1344.676514,112.408951,185.741333,1397.312134,-38.145088,248.772507,1287.844727,111.555199,291.916962,1169.680298,170.807373,270.588196,936.219421,82.504555,233.165665,973.706421,3.150594,260.108459,880.94574,68.399872,-125.121666,1039.333008,-99.297752,-173.570312,1107.449707,79.599281,85.52243,1095.1521,150.541565,133.782135,1027.326416,-43.344734
8.067,12.631194,1671.222534,-18.881716,7.826571,1654.867554,-126.377541,98.756538,1618.289429,-55.374634,7.827178,1441.483398,40.377918,-70.357605,1279.195557,112.550926,31.006712,1272.421753,133.180923,68.389221,1280.688721,-141.53096,-138.495285,1364.12561,65.816055,-134.931747,1411.730347,-98.883324,-237.357101,1296.991699,59.677162,-332.646027,1236.29895,81.336044,-330.144623,1008.733154,-35.738548,-256.012177,1030.299072,-97.039459,-308.045593,951.355164,-28.522417,109.75808,1345.470215,110.86277,185.327179,1398.036255,-39.662807,248.800598,1289.03479,109.913322,292.378723,1171.18457,169.353821,271.694733,937.491882,82.05307,233.750809,974.502991,2.547956,261.391754,882.130859,68.085907,-124.700417,1039.11438,-99.35466,-172.985977,1107.529663,79.307999,86.432419,1096.532227,149.603577,134.376694,1028.040771,-44.111202
8.075,13.123489,1671.384277,-18.194384,8.218383,1655.863037,-125.949409,98.995857,1618.423706,-55.246727,7.374727,1442.237671,39.262363,-70.51812,1279.951294,111.651566,30.999346,1273.181396,132.204117,67.687263,1281.156494,-142.694885,-138.875122,1364.816406,65.01886,-135.559036,1412.144287,-99.915123,-237.600571,1297.406738,59.118557,-332.642029,1236.48645,80.984184,-329.497162,1008.520935,-35.260429,-255.665482,1030.144897,-96.928413,-306.925018,951.165161,-27.958429,109.553101,1346.260742,109.515671,184.828934,1398.785034,-41.123375,248.690582,1290.172729,108.40181,292.711945,1172.514282,168.004608,272.671967,938.74646,81.430977,234.710037,975.266602,1.660905,262.667358,883.272217,67.485092,-124.325844,1038.871582,-99.371971,-172.439301,1107.553711,79.175842,87.458397,1097.959351,148.654816,134.933121,1028.830322,-44.84507
8.083,13.57735,1671.580811,-17.678955,8.554772,1656.977051,-125.578804,99.249001,1618.485229,-55.137531,6.822578,1442.878662,38.33263,-70.66198,1280.494141,110.873055,31.024811,1273.92627,131.217133,67.000023,1281.65979,-143.764297,-139.411835,1365.343628,64.235725,-136.35907,1412.591675,-100.704918,-237.902023,1297.726929,58.655998,-332.656494,1236.533325,80.767593,-328.812714,1008.177612,-34.706745,-255.327164,1029.933228,-96.731354,-305.720154,950.936401,-27.209383,109.24884,1347.072144,108.218102,184.086594,1399.301636,-42.476406,248.527924,1291.169434,106.841858,293.148987,1173.980835,166.624344,273.68219,939.819763,80.418152,235.494797,976.046021,0.74843,263.836853,884.429626,66.834419,-124.023109,1038.52356,-99.333504,-171.82515,1107.47876,79.053497,88.475716,1099.206787,147.704773,135.494049,1029.674194,-45.74575
8.092,14.061052,1671.701416,-17.234837,8.954995,1657.781006,-125.055374,99.531433,1618.481079,-55.044304,6.037313,1443.382812,37.377895,-70.799683,1281.013672,110.16214,30.908957,1274.490479,130.209244,66.284409,1282.14978,-144.708984,-140.000412,1365.973511,63.880997,-137.384003,1412.987061,-101.370361,-238.351501,1298.02002,58.296104,-332.696899,1236.453857,80.688332,-328.0578,1007.654053,-33.981316,-255.437469,1029.803101,-96.694557,-304.56601,950.59845,-26.483635,108.903305,1347.658936,106.934189,183.208405,1399.854492,-43.931446,248.253845,1292.217529,105.339462,293.478607,1175.152222,165.193878,274.786224,941.035034,79.48851,236.401047,976.898682,-0.340598,265.232788,885.64386,65.925339,-123.751801,1038.048462,-99.226036,-171.066071,1107.251831,78.988472,89.445671,1100.432617,146.818954,135.931824,1030.44519,-46.638176
8.1,14.654511,1671.773926,-16.789688,9.396458,1658.521851,-124.754433,99.906067,1618.398193,-54.983826,5.324793,1443.764771,36.618462,-71.010651,1281.527832,109.597153,30.785328,1275.02124,129.382828,65.414154,1282.619263,-145.661392,-140.6306,1366.321655,63.400166,-138.394318,1413.337402,-101.820236,-238.83168,1298.175415,58.085838,-332.768616,1236.235229,80.782913,-327.212555,1007.011414,-33.159115,-254.916824,1029.382446,-96.223763,-303.201691,950.132446,-25.556112,108.438263,1348.136597,105.741837,182.294632,1400.409302,-45.389526,247.866379,1293.01355,103.904663,293.856812,1176.418823,163.692734,276.073334,941.908386,78.056412,237.270432,977.647461,-1.567804,266.735382,886.731506,64.902115,-123.561264,1037.586548,-99.260178,-170.189484,1106.980103,79.043739,90.463142,1101.538574,146.006256,136.317703,1031.284668,-47.537773
8.108,15.4342,1671.870605,-16.311623,9.814865,1659.246094,-124.360863,100.194771,1618.18335,-54.999046,4.599581,1444.085815,35.969738,-71.299881,1281.900391,109.093971,30.576687,1275.397949,128.684555,64.392982,1283.023438,-146.518768,-141.180328,1366.45105,63.103558,-139.558472,1413.643433,-102.208939,-239.491165,1298.30603,57.939293,-332.894226,1235.847168,81.015739,-326.399902,1006.372681,-32.239902,-254.579926,1028.901367,-95.634888,-301.934631,949.632812,-24.585939,107.865784,1348.732666,104.874832,181.328659,1400.987183,-46.825592,247.492035,1293.789673,102.470703,294.161377,1177.34729,162.168503,277.328766,942.961548,76.513161,238.139053,978.451416,-2.99522,268.16745,887.669128,63.594601,-123.429588,1037.039307,-99.202438,-169.435577,1106.490112,78.979553,91.603653,1102.55542,145.139328,136.651291,1032.143555,-48.5312
8.117,16.114397,1671.903931,-15.950253,10.262905,1659.814453,-124.09066,100.472221,1617.84375,-55.009678,3.630099,1444.39563,35.396595,-71.598831,1282.149048,108.689674,30.302853,1275.687622,127.918022,63.351341,1283.487915,-147.205353,-141.798676,1366.56604,62.949085,-140.873871,1413.80835,-102.438278,-239.975296,1298.306152,58.031223,-332.988403,1235.313477,81.41835,-325.64035,1005.661011,-31.225245,-254.253738,1028.445435,-95.146744,-300.452637,949.014709,-23.444181,107.330429,1349.17688,103.813637,180.095016,1401.451172,-48.106392,247.106552,1294.58252,101.14212,294.477112,1178.293335,160.67775,278.669464,943.782715,74.81086,238.916428,979.184998,-4.481154,269.72229,888.711609,62.005394,-123.328629,1036.404785,-99.032745,-168.634766,1105.883423,79.070938,92.743233,1103.538208,144.374222,136.837967,1032.978638,-49.533489
8.125,16.826492,1671.800537,-15.620763,10.679449,1660.211792,-123.726898,100.795486,1617.351196,-54.997116,2.700371,1444.648193,35.019905,-71.883499,1282.352417,108.364357,30.063988,1275.909058,127.331825,62.176495,1283.876587,-147.940948,-142.596664,1366.561401,62.83102,-142.153244,1413.992798,-102.494194,-240.567841,1298.117065,58.25156,-333.09787,1234.688477,82.037788,-324.698181,1004.695801,-29.949535,-254.267212,1027.95752,-94.641502,-299.139984,948.038269,-22.234835,106.703644,1349.40686,102.910942,178.741394,1401.578857,-49.001762,246.644577,1295.085083,99.768799,294.806732,1179.176636,159.113586,279.92453,944.606018,73.027,239.762772,979.813232,-6.108758,271.296539,889.614563,60.332859,-123.263184,1035.747437,-98.819756,-167.942429,1105.110962,79.397232,93.835121,1104.319946,143.575821,136.904343,1033.814331,-50.453651
8.133,17.540262,1671.627686,-15.338038,11.203367,1660.437256,-123.475395,100.990318,1616.599976,-54.949551,1.762876,1444.725464,34.698196,-72.224358,1282.359863,108.192635,29.77878,1276.011475,126.826126,60.931175,1284.192383,-148.491608,-143.398773,1366.494629,62.878639,-143.633362,1413.993774,-102.38176,-241.10881,1297.853149,58.667751,-333.214081,1234.076294,82.795425,-323.843292,1003.678101,-28.517048,-253.961655,1027.253418,-93.788483,-297.827393,947.240906,-20.820133,106.107101,1349.570312,102.142151,177.49321,1401.788818,-49.925434,246.200714,1295.448975,98.413803,295.060669,1179.650391,157.55896,281.282745,945.372437,71.189087,240.726303,980.493652,-7.976905,272.911713,890.496643,58.379791,-123.739357,1035.408691,-99.528206,-167.104416,1104.371948,80.039185,94.895157,1105.055908,142.813019,136.949692,1034.719238,-51.471939
8.142,18.381964,1671.35144,-15.108836,11.743454,1660.624512,-123.220627,101.215721,1615.847534,-55.064751,0.743285,1444.588379,34.526108,-72.697495,1282.239624,108.106018,29.52846,1275.997803,126.415489,59.698082,1284.470947,-149.024994,-144.128174,1366.353882,63.200584,-145.084732,1413.94519,-102.096352,-241.726273,1297.561523,59.208515,-333.38089,1233.137939,83.770248,-322.986755,1002.56488,-27.021084,-253.27742,1026.354004,-92.487839,-296.120697,946.254639,-19.239855,105.457275,1349.629395,101.32489,176.234253,1401.994507,-50.76712,245.807098,1295.704102,97.095856,295.403137,1180.143555,155.92804,282.787659,946.006653,69.162292,241.227692,981.016907,-9.781137,274.593079,891.269653,56.233006,-123.837585,1034.54187,-99.163544,-166.410507,1103.554688,80.59314,96.100212,1105.681152,142.070251,136.629715,1035.561157,-52.371605
8.15,19.202255,1671.027344,-14.726702,12.153966,1660.614136,-123.019775,101.474426,1615.001953,-55.223118,-0.304884,1444.413086,34.418098,-73.02327,1281.920288,108.117912,29.258453,1275.8125,125.951645,58.150333,1284.69873,-149.465103,-144.903885,1365.984131,63.725845,-146.578552,1413.803467,-101.686508,-242.38588,1296.998779,59.953773,-333.462799,1231.981201,85.038269,-322.007233,1001.232483,-25.136581,-252.832916,1025.30603,-90.837585,-294.701355,944.94281,-17.471891,104.800148,1349.58667,100.79657,174.943176,1402.136597,-51.613388,245.423065,1295.879761,95.789413,295.755402,1180.435669,154.219864,284.169891,946.451721,66.647362,242.050049,981.503418,-11.875697,276.183929,891.856445,53.863419,-123.842857,1033.67627,-98.609833,-165.611343,1102.544922,81.2827,97.164192,1106.131104,141.339676,136.482346,1036.38623,-53.45285
8.158,19.882782,1670.66394,-14.563557,12.518483,1660.418213,-122.876358,101.707642,1614.003906,-55.4319,-1.233522,1444.105591,34.447208,-73.298325,1281.525269,108.294632,29.041441,1275.500854,125.697227,56.696655,1284.854126,-149.769226,-145.65181,1365.492798,64.32058,-148.271667,1413.600708,-101.024055,-243.151413,1296.348877,60.852875,-333.60788,1230.902588,86.407784,-321.091675,999.784241,-23.28723,-252.927307,1024.357788,-89.646889,-293.164307,943.692505,-15.542409,104.224792,1349.334473,100.107033,173.49147,1402.082275,-52.291691,244.963791,1295.844482,94.525597,296.202606,1180.530273,152.414215,285.365784,946.71759,64.097328,242.770706,981.871277,-14.152476,277.958496,892.39447,51.173889,-123.975716,1032.761719,-97.847626,-164.690689,1101.323853,82.214363,98.218719,1106.561646,140.635818,136.337173,1037.134521,-54.53442
8.167,20.517,1670.065308,-14.409181,12.846826,1660.064087,-122.783928,101.805939,1612.697388,-55.577778,-2.119964,1443.665039,34.585846,-73.61438,1280.873047,108.690674,28.855099,1274.967041,125.473022,54.93734,1284.873169,-150.135086,-146.390823,1364.848877,65.111023,-149.976746,1413.201416,-100.184479,-243.90007,1295.538574,62.044071,-333.577057,1229.390015,88.161072,-320.190857,998.135681,-21.007313,-252.439194,1023.064148,-88.045837,-291.73172,942.139648,-13.364528,103.683167,1348.946167,99.642632,172.137741,1402.0177,-52.989597,244.535248,1295.662354,93.222298,296.682343,1180.388672,150.642136,286.80249,946.905823,61.359451,243.623566,982.086487,-16.456713,279.496307,892.691284,48.484417,-124.215446,1031.852051,-97.072998,-163.872543,1100.045532,83.222488,99.318199,1106.775269,139.898285,136.087112,1037.674194,-55.741577
8.175,21.412998,1669.292114,-14.546251,13.133177,1659.435303,-122.637199,101.907898,1611.444824,-55.797714,-3.203869,1443.022583,34.750759,-73.909424,1280.188843,109.097321,28.75672,1274.390137,125.374184,53.322239,1284.793579,-150.366135,-147.090179,1364.124146,66.078728,-151.802078,1412.71106,-99.19381,-244.479279,1294.597046,63.40099,-333.466583,1227.802246,90.064934,-319.148315,996.372009,-18.622997,-252.028137,1021.553772,-86.302628,-290.264221,940.490112,-11.206028,103.057388,1348.381958,99.268005,170.65387,1401.646851,-53.712955,244.262314,1295.25293,91.921806,297.193665,1180.056641,148.75032,288.112518,947.041748,58.27528,244.048676,982.2677,-18.99246,281.086853,892.98999,45.358192,-124.593407,1030.781494,-96.081459,-163.136032,1098.467285,84.378677,100.566429,1106.901367,139.244843,135.818756,1038.199585,-57.036339
8.183,21.997889,1668.445679,-14.44787,13.357522,1658.818237,-122.727135,101.999214,1609.838501,-55.993656,-4.157096,1442.121338,35.133881,-74.021156,1279.371826,109.818825,28.716604,1273.62439,125.358391,51.369755,1284.574219,-150.57428,-147.743805,1363.144531,67.264877,-153.521454,1411.973389,-97.892738,-245.081482,1293.452881,65.012108,-333.278656,1225.933594,92.309326,-318.220886,994.45282,-16.115261,-251.521561,1019.869446,-84.018784,-288.848236,938.459534,-8.819464,102.550865,1347.661499,98.952133,169.500839,1401.498901,-54.0919,243.983109,1294.672729,90.631775,297.827972,1179.487061,146.716339,289.465332,946.962402,55.496544,244.56044,982.295898,-21.489799,282.362823,892.83905,42.027939,-125.036705,1029.636108,-95.049171,-162.071518,1096.9823,85.846458,101.685524,1106.791382,138.54744,135.578217,1038.598511,-58.274971
8.192,22.688044,1667.421021,-14.475478,13.551575,1657.86853,-122.808372,102.056496,1608.280151,-56.346336,-5.065434,1441.154907,35.63932,-74.197395,1278.139771,110.562935,28.770834,1272.522217,125.398636,49.478146,1284.204834,-150.720917,-148.434784,1361.964355,68.637283,-155.275696,1410.987793,-96.419235,-245.645737,1292.137695,66.873482,-332.707855,1223.690796,94.873665,-317.108276,992.148438,-13.333144,-251.416122,1018.010376,-81.626709,-287.617371,936.289856,-6.341866,102.1511,1346.733032,98.646477,167.830566,1400.540649,-54.42627,243.778488,1293.827637,89.245468,298.476074,1178.739136,144.657532,290.850189,946.635498,52.189316,245.13353,982.235474,-24.240005,283.783508,892.624146,38.618797,-125.664604,1028.373901,-93.940491,-161.244278,1095.069946,87.391884,102.852341,1106.427002,137.873581,135.199615,1038.85144,-59.608303
8.2,23.217417,1666.22168,-14.525909,13.655084,1656.362671,-122.627037,102.100014,1606.306152,-56.776062,-5.85978,1439.891479,36.220577,-74.180519,1276.903931,111.434502,28.892994,1271.250488,125.487358,47.447418,1283.683838,-150.795837,-148.949448,1360.604614,70.202911,-157.085678,1409.783936,-94.732903,-246.158493,1290.55481,69.063057,-332.35495,1221.248291,97.775192,-316.264526,989.710938,-10.584773,-251.026932,1015.947083,-79.106514,-286.217346,933.900574,-3.778425,101.78566,1345.710938,98.517227,166.517654,1399.729858,-54.718384,243.712677,1292.869995,87.913956,299.508301,1177.751221,142.449158,292.06073,946.049316,48.65736,245.607803,981.970642,-27.017538,285.235687,892.398804,34.944191,-126.343849,1027.090576,-92.630356,-160.289642,1093.249756,89.200348,104.221931,1105.866577,137.132797,134.796417,1039.024414,-60.946281
8.208,24.067122,1664.932495,-14.668342,13.69985,1654.878906,-122.783417,102.064133,1604.333496,-57.160774,-6.579255,1438.453491,37.079857,-74.067711,1275.239502,112.629982,29.106987,1269.881348,125.64959,45.286346,1282.94043,-150.850418,-149.371658,1359.116699,72.098282,-158.98143,1408.43396,-92.697693,-246.605133,1288.747437,71.569458,-331.609985,1218.489624,101.006081,-315.193024,987.047668,-7.495276,-250.452881,1013.758911,-76.384384,-285.009186,931.387268,-1.229429,101.518372,1344.212769,98.352837,164.951263,1398.444458,-55.15818,243.753189,1291.56604,86.412819,300.53009,1176.484375,140.077728,293.376709,945.352966,44.918655,246.011185,981.595154,-30.058918,286.516388,891.82489,31.110722,-127.166641,1025.61792,-91.231041,-159.278,1091.184082,91.046646,105.513405,1105.055054,136.355438,134.304321,1038.987061,-62.367413
8.217,24.676617,1663.384277,-14.828623,13.656593,1652.901123,-122.793571,101.996666,1602.021484,-57.446442,-7.366443,1436.800171,37.912891,-73.791374,1273.456421,113.865707,29.435705,1268.047852,125.974205,43.048904,1281.946655,-150.799805,-149.693436,1357.241943,74.121254,-160.776581,1406.789429,-90.438286,-246.882507,1286.685181,74.437988,-330.923035,1215.484375,104.65696,-314.247864,984.192139,-4.367394,-249.985657,1011.224243,-73.605904,-283.705994,928.506226,1.508622,101.448189,1342.620605,98.263016,163.019684,1396.775513,-56.050156,243.823898,1289.976318,84.90834,301.768219,1174.994019,137.546921,294.675018,944.45697,41.043995,246.356796,980.97644,-33.291019,287.81189,891.133606,27.096745,-128.066467,1023.943665,-89.771912,-158.405869,1088.781372,93.099632,107.042946,1103.93042,135.696426,133.809464,1038.762329,-63.817814
8.225,25.209944,1661.747803,-14.904493,13.60719,1650.817749,-122.866425,102.005951,1599.491455,-57.836926,-7.997783,1434.914673,38.901169,-73.49752,1271.375488,115.384972,29.916462,1266.018433,126.381111,40.805859,1280.750488,-150.713043,-149.837128,1355.064819,76.660233,-162.705002,1404.975708,-87.920372,-247.098892,1284.278198,77.581528,-330.069397,1212.208374,108.580544,-313.073395,981.009583,-1.091846,-249.482193,1008.66687,-70.619423,-282.568634,925.451904,4.295399,101.443832,1340.598022,98.254211,161.554337,1395.131836,-56.485531,244.658554,1288.458984,83.483795,303.153931,1173.330444,134.747971,295.874329,943.419922,37.313763,246.673462,980.213135,-36.418766,288.896484,890.194275,23.015085,-129.166138,1022.202148,-88.122719,-157.355499,1086.1521,95.357727,108.471794,1102.487183,134.884918,133.301193,1038.347412,-65.361183
8.233,25.845829,1659.630249,-15.404461,13.500258,1648.638306,-123.159668,101.87632,1596.713135,-58.233662,-8.498371,1432.829346,40.102207,-73.096474,1268.890869,117.066505,30.65275,1263.764282,126.996712,38.405655,1279.313843,-150.413193,-149.937164,1352.67627,79.298088,-164.599472,1402.830078,-84.941864,-247.068436,1281.536133,81.174339,-328.885986,1208.483521,112.916168,-312.258942,977.770996,2.297075,-249.028275,1005.868896,-67.659531,-281.324615,922.101929,7.227102,101.651421,1338.507935,98.393234,159.929031,1393.129883,-57.066959,244.955765,1286.345703,81.739265,305.029358,1171.46106,131.944458,297.01474,941.996521,32.982502,246.879379,979.172058,-39.882957,289.889099,888.924622,18.633886,-130.400803,1020.200378,-86.315399,-156.406509,1083.274292,97.580452,109.790894,1100.636719,133.978897,132.532455,1037.720337,-66.932648
8.242,26.420551,1657.467407,-15.66666,13.246764,1645.902588,-123.178146,101.642159,1593.876831,-58.653847,-8.95888,1430.452637,41.543465,-72.306885,1266.199585,118.99247,31.347275,1261.173096,127.523361,36.001205,1277.624878,-150.110794,-149.829727,1349.994263,82.287361,-166.579559,1400.44873,-81.681107,-247.005463,1278.430908,84.982452,-327.599609,1204.565186,117.617599,-311.091858,974.296936,5.897,-248.435974,1002.906799,-64.315956,-280.279785,918.536804,10.324864,102.050079,1335.912354,98.358498,158.398804,1390.917847,-57.317497,245.439255,1283.981079,79.86174,306.748871,1169.174561,128.823334,298.149719,940.254456,28.61969,247.002075,977.902161,-43.419666,290.788177,887.59552,14.25956,-131.581116,1017.94873,-84.303238,-155.28302,1080.161377,100.152672,111.092819,1098.474731,132.962906,131.825989,1036.791016,-68.530258
8.25,27.039751,1655.216431,-15.85933,12.991467,1643.055298,-123.170692,101.390175,1590.724609,-58.989082,-9.244294,1427.889648,43.036716,-71.588318,1263.19397,121.007042,32.290882,1258.228271,128.181229,33.469788,1275.744385,-149.56076,-149.672821,1346.988037,85.482147,-168.631546,1397.956909,-78.091988,-246.788818,1275.098145,89.20726,-326.100739,1200.236694,122.745277,-310.12085,970.578735,9.647449,-247.944199,999.694275,-60.675968,-279.196869,914.888123,13.44441,102.553482,1333.043457,98.447189,156.906967,1388.495605,-57.844456,245.886047,1281.318359,77.861176,308.620453,1166.696167,125.326935,299.115417,938.272766,24.133558,247.045059,976.364441,-47.065376,291.524048,885.871216,9.630144,-132.843781,1015.415771,-81.946228,-154.222015,1076.800659,102.721321,112.488602,1095.916748,131.979599,130.901962,1035.655273,-70.219742
8.258,27.555193,1652.683838,-16.111462,12.606122,1639.920776,-123.20826,101.083702,1587.366089,-59.395058,-9.512712,1425.081299,44.791176,-70.533951,1259.940063,123.072021,33.454926,1255.008911,128.923691,30.735046,1273.714722,-148.915482,-149.214447,1343.746704,89.024651,-170.636459,1395.117676,-74.177986,-246.192032,1271.376465,93.932083,-324.540039,1195.830933,128.108704,-308.987518,966.690979,13.464089,-247.319458,996.383972,-57.266258,-278.200043,910.979431,16.423979,103.167999,1329.936401,98.52343,155.326019,1385.915405,-58.351917,246.493973,1278.353149,75.625053,310.933472,1164.14209,121.728676,299.933167,936.124146,19.517193,246.958862,974.540344,-50.728275,292.183807,883.875732,4.895044,-134.301239,1012.80072,-79.638145,-153.060516,1073.150024,105.596863,113.91465,1093.075806,130.88237,129.960251,1034.190552,-71.922577
8.267,27.830927,1650.030762,-16.099031,12.262057,1636.696777,-123.275208,100.700844,1583.889526,-59.726425,-9.660694,1422.069092,46.688362,-69.384064,1256.430664,125.364128,34.716087,1251.48645,129.626282,27.935431,1271.402832,-148.17366,-148.736908,1340.237793,92.756569,-172.708878,1392.219482,-70.000229,-245.555008,1267.338989,98.907555,-322.665894,1190.927979,133.975357,-308.059509,962.821838,17.417852,-246.680008,992.933228,-53.223732,-277.264282,906.806274,19.657753,103.95121,1326.597412,98.578102,153.882675,1383.111816,-58.97374,247.300598,1275.284302,73.2034,313.151703,1161.165039,117.551559,300.802032,933.774658,14.605536,246.562424,972.506775,-54.792595,292.634949,881.499451,-0.175055,-135.750366,1009.860779,-77.205719,-151.638443,1068.550903,107.721779,115.422142,1089.943726,129.709335,128.866348,1032.426636,-73.797714
8.275,28.18247,1647.291748,-16.45434,11.702315,1633.258423,-123.344582,100.250572,1580.280762,-59.983288,-9.641955,1418.815918,48.601532,-67.877831,1252.637939,127.757591,36.208057,1247.739014,130.391754,25.087326,1268.903442,-147.292297,-147.982101,1336.445679,96.642288,-175.079193,1389.21521,-65.371407,-244.504211,1263.013184,104.199379,-320.484711,1185.833984,140.129288,-307.013672,958.499512,21.639017,-246.241821,989.384094,-49.31366,-276.430756,902.584167,22.918642,105.054512,1322.965698,98.645561,152.303558,1380.073486,-59.395687,248.12265,1271.944458,70.479195,315.672546,1158.145508,113.245445,301.434906,931.084045,9.608287,245.897079,970.13446,-58.503338,292.871307,878.848877,-5.274525,-137.395004,1006.765015,-74.523109,-150.590775,1064.027832,110.461952,116.892563,1086.535034,128.487564,127.574219,1030.317017,-75.550163
8.283,28.527918,1644.452515,-16.659004,11.083639,1629.71814,-123.32254,99.713943,1576.517456,-60.23045,-9.535074,1415.401978,50.69054,-66.390167,1248.618408,130.263611,37.916611,1243.824341,131.198029,22.070852,1266.305298,-146.295364,-147.067352,1332.426636,100.738571,-177.298874,1386.000732,-60.504547,-243.189545,1258.42688,109.802925,-318.015381,1180.552002,146.615372,-305.945374,954.298523,25.923441,-245.899475,985.710754,-45.370338,-275.644592,898.323608,26.333088,106.105629,1319.22583,98.683174,150.729111,1376.913574,-60.033291,249.023804,1268.33667,67.663055,318.08136,1154.734375,108.614929,301.755371,928.106934,4.28872,245.257599,967.512939,-63.125015,293.085083,876.093079,-10.697826,-138.97226,1003.385437,-71.770287,-148.925873,1059.596924,114.180603,118.532494,1082.921509,127.259773,126.206291,1027.772339,-77.360023
8.292,28.788269,1641.380249,-17.059025,10.478328,1626.072021,-123.248062,99.080002,1572.751343,-60.394741,-9.38872,1411.932129,52.819405,-64.71376,1244.452271,132.822937,39.671928,1239.701538,132.01387,18.998802,1263.541382,-145.172089,-145.964417,1328.361572,104.944389,-179.327988,1382.383301,-55.455406,-241.722275,1253.611938,115.689453,-315.451569,1175.097534,153.394302,-305.139221,949.830872,30.32387,-245.89299,982.072144,-41.10928,-274.861847,893.871887,29.889862,107.461861,1315.292847,98.567238,149.279465,1373.665894,-60.643574,250.004745,1264.598022,64.522736,320.871674,1151.547729,104.070015,302.217346,924.909607,-1.424345,244.031982,964.617859,-67.611748,293.129669,873.152283,-16.406019,-140.506516,999.780457,-68.814583,-147.054245,1054.964966,117.734398,120.265785,1079.132935,125.904175,124.575279,1024.942993,-79.250183
8.3,28.911228,1638.319092,-16.919302,9.634345,1622.375732,-123.106186,98.52121,1568.964355,-60.609802,-8.933845,1408.337769,54.991634,-62.65638,1240.262573,135.561249,41.659355,1235.44812,132.85437,15.821915,1260.440918,-143.788742,-144.617188,1324.041504,109.37896,-181.386627,1378.539917,-50.123779,-239.932663,1248.58728,121.750229,-312.665649,1169.521851,160.459488,-304.190247,945.534302,35.063473,-246.036011,978.316772,-36.808563,-274.187897,889.595947,33.523102,108.901772,1311.226074,98.261627,147.770828,1370.289795,-61.466827,250.962372,1260.757446,61.175308,323.176208,1147.958374,99.21907,302.34613,921.573669,-7.350996,242.834869,961.697083,-71.859238,292.946747,870.045959,-22.371334,-142.09726,995.999512,-65.710258,-145.007874,1050.153564,121.332901,122.069542,1075.199097,124.643425,122.787018,1021.768433,-81.037506
8.308,29.004026,1635.069092,-17.136925,8.791436,1618.507324,-122.856186,97.898468,1565.072021,-60.794872,-8.575495,1404.769653,57.083179,-60.378532,1235.991943,138.236725,43.870415,1231.213501,133.771118,12.474117,1257.205566,-142.331772,-143.219467,1319.77478,113.926559,-183.275955,1374.576416,-44.611801,-237.91452,1243.513062,128.130844,-309.306915,1163.851807,167.845062,-303.508148,941.115967,40.006332,-246.297729,974.667786,-32.450634,-273.738953,885.137146,37.40506,110.52356,1307.225464,98.04744,146.360092,1366.900513,-62.25795,252.065216,1256.84021,57.465221,325.509949,1143.895752,92.85527,302.295166,918.206177,-13.523758,241.231934,958.532227,-76.313698,292.55249,866.749023,-28.637688,-143.486328,992.190857,-62.607742,-142.848251,1045.352539,124.908264,124.030457,1071.155884,123.239441,120.919273,1018.445862,-82.850616
8.317,28.865482,1631.769043,-17.264704,7.806829,1614.697754,-122.617241,97.1343,1561.169067,-60.71883,-7.945022,1401.06958,59.276947,-57.897907,1231.716919,140.961624,46.371399,1226.972778,134.474838,9.129583,1253.646729,-140.610168,-141.516083,1315.271851,118.671333,-185.03244,1370.43396,-38.854652,-235.540314,1238.309814,134.605621,-306.018494,1158.19812,175.413879,-302.704559,936.714355,45.2355,-246.736832,971.073608,-27.892149,-273.152985,880.798523,41.274048,112.28775,1303.21936,97.746002,144.77005,1363.406128,-63.310875,253.050385,1252.782227,53.557716,327.585052,1139.87793,86.631035,301.97876,914.634583,-20.082331,239.544312,955.175537,-81.341034,292.015656,863.428955,-35.16737,-145.130859,988.244263,-59.284164,-140.5271,1040.355103,128.500626,126.132248,1066.983765,121.841866,118.995583,1014.842651,-84.637962
8.325,28.705835,1628.467651,-17.189798,6.706851,1610.69873,-122.250938,96.276741,1557.130981,-60.592651,-7.280493,1397.327515,61.484848,-55.295864,1227.318237,143.658783,48.960934,1222.843994,135.191788,5.611217,1249.950073,-138.723145,-139.639267,1310.734619,123.490234,-186.640915,1366.236328,-32.822071,-232.959656,1233.086304,141.332474,-302.257294,1152.535767,183.183624,-301.968994,932.553101,50.67445,-247.360733,967.50592,-23.07469,-272.719604,876.343689,45.413445,114.196556,1299.183716,97.007477,143.202408,1359.953491,-64.565849,253.866516,1248.641602,49.357582,329.554504,1135.841431,79.968819,301.800262,911.045166,-26.58699,237.577484,951.710449,-86.720711,291.13858,859.822815,-41.975658,-146.617157,984.46582,-56.063923,-138.160187,1035.580566,131.99881,128.270798,1062.797241,120.308083,116.846321,1010.994202,-86.427788
8.333,28.504667,1625.083008,-17.001133,5.612936,1606.709106,-121.77829,95.354218,1553.165771,-60.457699,-6.631221,1393.648804,63.756535,-52.447224,1222.869141,146.464981,51.772919,1218.598267,135.726273,2.034049,1246.068848,-136.681641,-137.458755,1306.124268,128.402451,-187.925201,1361.947021,-26.562643,-230.145523,1227.790283,148.166489,-298.446808,1146.788452,191.091843,-301.221619,928.147644,56.313145,-248.146301,964.000122,-18.161985,-272.187134,872.143494,49.769623,116.248016,1295.306641,96.195198,141.484192,1356.539795,-65.759232,254.85083,1244.615723,44.847771,331.17569,1131.576538,73.078445,300.809174,907.218445,-34.041958,235.513687,948.193115,-92.32515,290.387299,856.137207,-49.400227,-148.093735,980.646301,-52.595673,-135.631973,1030.855835,135.767105,130.58078,1058.50769,118.70343,114.835541,1007.213379,-88.204407
8.342,28.17082,1621.685303,-16.76281,4.254232,1602.602905,-121.135139,94.299469,1549.124268,-60.124508,-5.60579,1389.858887,66.302109,-49.318653,1218.445068,149.123169,54.674973,1214.354126,136.162415,-1.455097,1242.179321,-134.489822,-134.96701,1301.404053,133.517273,-189.072403,1357.703979,-20.006285,-226.992477,1222.462158,155.139481,-294.408325,1141.10144,199.128006,-300.359863,923.830017,62.059166,-248.80835,960.558655,-13.037941,-271.671204,867.751282,54.148235,118.316299,1291.500122,95.363396,139.597702,1353.157471,-67.065094,255.644592,1240.564331,40.097767,332.59021,1127.478027,65.603867,299.7677,903.357422,-41.535004,233.100006,944.416626,-97.677414,289.01886,852.519043,-56.700695,-149.517899,976.999023,-49.288227,-133.070755,1026.437622,139.319626,132.858963,1054.173584,116.897438,112.683266,1003.292908,-90.045097
8.35,27.728199,1618.302856,-16.079449,2.850684,1598.489502,-120.325317,93.21064,1545.028931,-59.64341,-4.620156,1385.921021,68.789268,-45.82119,1213.807251,151.808899,57.802315,1210.175903,136.411209,-5.155843,1238.181274,-132.18985,-132.19371,1296.735352,138.605743,-190.101166,1353.462158,-13.273824,-223.730606,1217.172607,162.230118,-290.176544,1135.497681,207.181351,-299.56488,919.768066,68.153145,-249.595642,957.195129,-7.75239,-270.860992,863.656067,58.881668,120.574966,1287.750244,94.312164,137.519287,1349.799927,-68.503845,256.231201,1236.507446,35.116352,333.87149,1123.248047,57.973991,298.448273,899.565674,-49.165184,230.453735,940.826294,-103.867485,287.230011,848.985229,-64.09359,-150.88855,973.419678,-45.832558,-130.313522,1021.91925,142.970749,135.129578,1049.894653,115.054878,110.543716,999.500366,-91.907814
8.358,27.095093,1615.02478,-15.231296,1.326375,1594.540894,-119.235176,91.960869,1541.122314,-58.952339,-3.410636,1381.966431,71.405899,-42.278797,1209.232422,154.353729,61.025856,1205.918823,136.537262,-8.788383,1234.286255,-129.750488,-129.141876,1291.993774,143.860977,-190.867172,1349.435913,-6.27633,-220.206589,1211.805176,169.478485,-285.7229,1129.939697,215.322052,-298.456879,915.461548,74.365334,-250.455978,953.918213,-2.297858,-270.191467,859.548584,63.722446,122.957237,1284.139404,93.073692,135.324753,1346.595215,-69.754829,256.782654,1232.574341,29.849892,334.907349,1119.055786,49.843758,296.682312,895.735474,-57.106159,227.309509,937.138306,-110.210457,285.295929,845.465576,-71.857376,-152.256317,970.104797,-42.43745,-127.520485,1017.656067,146.26886,137.510574,1045.69165,113.033768,108.462662,995.881104,-93.846977
8.367,26.576893,1611.797485,-14.578218,-0.274839,1590.78894,-117.936668,90.613449,1537.356323,-58.0839,-1.99103,1378.258911,73.930496,-38.612747,1204.811035,156.719269,64.290031,1201.855957,136.418076,-12.512888,1230.5979,-127.480911,-125.872459,1287.228394,149.013794,-191.455292,1345.480957,0.864577,-216.647385,1206.725586,176.722687,-281.093781,1124.596802,223.426834,-297.184296,911.611328,80.700165,-251.104416,950.702759,3.505036,-269.192352,855.593689,68.873688,125.238937,1280.552734,91.816811,133.174484,1343.486694,-71.709106,257.2724,1228.851929,24.291555,335.695068,1115.205933,41.35218,294.803833,892.106873,-65.42775,224.020966,933.727966,-116.644409,282.871887,842.10498,-79.718384,-153.505096,966.935242,-39.130699,-124.551888,1013.149719,149.614319,139.655106,1041.448364,110.674652,106.429993,992.407715,-96.149017
8.375,25.805161,1608.834351,-13.440948,-2.062762,1587.381592,-116.342087,89.132965,1533.855225,-56.973969,-0.535239,1374.722534,76.233452,-34.462322,1200.352417,158.93895,67.668617,1197.80896,136.229813,-16.22945,1227.061768,-125.228149,-122.248642,1282.595215,153.931641,-191.661316,1341.569824,8.240333,-212.646957,1201.777588,184.211716,-276.33844,1119.394165,231.548264,-295.898987,907.805786,87.186653,-251.603836,947.64917,9.374921,-268.070099,851.821167,74.165009,127.609505,1277.104126,90.493797,130.522156,1340.375732,-72.690277,257.500183,1225.111206,18.651007,336.486298,1111.419312,32.461464,292.387512,888.618591,-73.972572,220.244431,930.583191,-123.132263,280.220856,839.064697,-87.876686,-154.822601,963.864746,-35.816746,-121.494514,1008.906128,152.717438,141.896927,1037.473022,108.262901,104.243439,989.229187,-98.125908
8.383,24.754934,1606.319702,-11.894397,-4.081224,1584.39856,-114.488419,87.494789,1530.843628,-55.640968,1.340207,1371.486816,79.000008,-30.516237,1196.10791,161.061569,71.15564,1193.983032,135.625351,-19.877966,1223.949829,-123.273262,-118.342155,1278.105835,158.788284,-191.842438,1338.198853,15.524,-208.313309,1196.959229,191.638062,-271.173706,1114.345703,239.572372,-294.39917,904.188049,93.758408,-251.994247,944.793701,15.398329,-267.042389,848.353149,79.426521,130.027496,1273.716675,88.861977,128.144302,1337.60144,-73.623497,257.936951,1221.749634,12.673366,337.196106,1107.940063,23.193756,289.699463,885.587097,-82.491745,215.846878,927.681641,-129.405838,277.084473,836.357727,-96.047699,-156.093307,961.130432,-32.805473,-118.113014,1004.735474,155.652084,144.498856,1033.856812,105.574722,102.226242,986.013306,-100.857262
8.392,23.50622,1604.17981,-10.13609,-6.379451,1581.920044,-112.367035,85.746353,1528.47937,-54.243713,3.286348,1368.448486,81.465385,-26.14674,1192.142212,162.833542,74.706322,1190.465088,134.908203,-23.480198,1221.423462,-121.432304,-114.118286,1273.974121,163.418533,-191.655792,1334.952515,22.935368,-203.749176,1192.477905,198.977722,-265.743469,1109.669189,247.494217,-292.634521,900.799866,100.491531,-252.212997,942.16449,21.436201,-265.623322,845.057129,84.963951,132.257187,1270.5625,87.131126,125.71904,1335.204468,-75.002808,258.016388,1218.635376,6.614894,337.844269,1105.051025,13.563291,286.704102,883.0896,-91.135117,211.09549,925.193359,-135.519745,273.707062,834.050354,-104.227333,-157.284637,958.631836,-29.948488,-114.860588,1000.743958,158.328613,146.637711,1030.373413,102.59816,100.233109,983.310364,-103.10408
8.4,22.047092,1602.497559,-7.993893,-9.010186,1580.026123,-109.883957,83.873238,1526.789062,-52.699024,5.241228,1365.436768,83.187141,-21.915266,1188.549561,164.427551,78.143242,1187.187866,133.965652,-27.094557,1218.581787,-118.189323,-109.705513,1270.169189,167.983978,-191.309052,1332.23584,30.263363,-197.866714,1187.180664,203.879028,-259.859589,1105.525024,255.285049,-290.600281,897.889465,107.272354,-252.268814,940.188049,26.592678,-264.082886,842.309509,90.522873,134.671417,1267.868042,85.184669,123.40377,1333.456665,-76.411163,257.925568,1215.904419,0.234592,338.46347,1102.82019,3.363046,283.291779,881.158203,-99.718506,206.144012,923.269775,-141.307693,270.065765,832.197815,-112.127533,-158.280151,956.742249,-28.074392,-111.38517,997.153015,161.073242,148.777222,1027.256226,99.198822,98.278145,981.007996,-105.521812
8.408,20.375444,1601.37854,-5.577888,-11.917457,1578.69519,-107.053932,81.808128,1525.865723,-50.998806,7.042686,1362.821167,85.151405,-17.47492,1185.316528,165.715607,81.624084,1184.226929,132.621414,-30.837511,1216.90271,-116.311562,-105.09639,1266.932617,172.341537,-190.569794,1330.064453,37.415161,-192.229034,1183.421875,210.516083,-253.32489,1101.639282,262.8909,-288.116119,895.418457,113.832054,-252.007996,938.406006,32.378391,-262.128174,840.062561,96.048355,136.918365,1265.296875,82.985153,120.993652,1332.102905,-77.923935,258.026367,1214.10498,-6.379826,338.779846,1101.382446,-7.2119,279.753021,879.730713,-108.212975,201.047348,921.876526,-147.046967,266.137787,831.105347,-120.165047,-158.773911,954.42926,-23.418257,-107.93821,994.042664,163.275253,150.866058,1024.667358,95.568512,96.130836,979.038818,-108.103745
8.417,18.4252,1600.893799,-2.915646,-15.147538,1578.118286,-103.939781,79.633644,1525.664673,-49.229965,9.484148,1360.724365,85.979126,-13.016717,1182.768188,166.772797,85.121277,1181.896973,131.07106,-34.567181,1215.842407,-114.524918,-100.187088,1264.189941,176.402191,-189.611908,1328.416016,44.614902,-186.100143,1180.223633,216.665649,-246.493668,1098.574463,270.149597,-285.355469,893.644043,120.352127,-251.503937,937.183167,38.546917,-260.196259,838.539978,101.50351,139.307709,1263.495483,80.590073,118.616119,1331.389648,-79.509674,257.159393,1212.744385,-13.171628,338.869904,1100.745605,-17.955961,276.143738,879.268982,-116.537926,195.787903,921.197144,-152.514359,262.28891,830.673462,-127.658684,-159.800995,952.889709,-20.404215,-104.399467,991.645081,165.337555,152.902328,1022.567017,91.596283,93.789154,977.515015,-111.008614
8.425,16.44067,1601.05957,0.143164,-18.633169,1578.228516,-100.456627,77.096565,1526.175537,-47.468113,11.904484,1359.197144,87.21431,-8.504213,1180.738525,167.56604,88.520638,1180.234253,129.193298,-38.153023,1215.471924,-112.671822,-94.996544,1262.216553,180.290817,-188.233139,1327.50769,51.570301,-179.412613,1177.857178,222.668579,-238.866745,1096.179443,277.272125,-282.359863,892.568726,126.745972,-250.823318,936.706604,44.722733,-257.724762,837.610657,106.677017,141.609024,1262.225098,77.914368,116.135475,1331.47876,-81.290436,256.013977,1212.361938,-19.911196,338.963348,1101.345703,-28.938517,272.402008,879.463562,-124.709145,190.571075,921.213379,-157.783371,257.864929,830.768188,-135.034286,-160.430923,951.837036,-17.591267,-100.559006,989.933838,167.446014,154.94516,1021.250732,87.439247,91.347557,976.468018,-113.928223
8.433,14.343196,1601.861328,3.452646,-22.296001,1579.205322,-96.535271,74.738388,1527.671875,-45.530579,14.592227,1358.721924,88.279945,-3.697456,1179.572754,168.157608,91.930672,1179.300415,126.974121,-41.767982,1215.910278,-110.849342,-89.580742,1260.943848,183.888733,-186.631836,1327.341431,58.372643,-172.367676,1176.259521,228.166046,-230.735855,1094.60083,284.034943,-278.817505,892.351013,132.962723,-249.508331,937.265808,50.22966,-255.32901,837.720886,111.707726,143.807266,1261.730469,74.873459,113.645409,1332.498657,-83.30172,254.840607,1212.865845,-26.797729,338.370911,1102.737427,-40.05011,268.543488,880.55603,-132.667313,185.515091,922.180603,-162.878311,253.596725,831.776184,-142.127426,-160.910538,951.426453,-14.705394,-96.740219,989.220398,169.247833,157.028534,1020.592346,82.864967,88.590164,975.880432,-117.147102
8.442,12.193396,1603.339844,7.117039,-26.301634,1581.148071,-92.46331,72.223213,1530.017944,-43.766586,17.276039,1359.120117,89.139008,0.92666,1179.225586,168.48497,95.364204,1179.33252,124.432503,-45.449158,1217.092529,-109.172279,-83.875488,1260.542236,187.201294,-184.838791,1327.954102,65.047844,-165.052612,1175.463257,233.226959,-222.140198,1093.806641,290.651672,-275.220764,893.194519,138.651215,-247.784241,938.828003,55.809544,-252.625916,838.6828,116.634026,145.812561,1262.057251,71.353584,110.960251,1334.385254,-85.52346,253.428375,1214.433594,-33.838619,337.389496,1105.145874,-50.974197,264.549316,882.484131,-140.397461,180.541214,923.932678,-167.704117,249.175522,833.449219,-149.089203,-161.200226,951.739563,-11.934618,-92.86805,989.507629,170.67485,159.047043,1020.93396,78.150879,85.524574,976.026123,-120.354477
8.45,10.130487,1605.754639,10.881388,-30.475758,1584.02417,-87.906876,69.481483,1533.397583,-42.023994,19.840942,1360.517334,89.790176,5.962165,1179.788818,168.449875,98.847618,1180.264038,121.715759,-48.906902,1219.26709,-107.615021,-78.081444,1261.110107,190.150787,-182.944733,1329.416382,71.581886,-157.434387,1175.614868,237.985641,-212.759384,1093.839966,297.191437,-271.483765,895.326721,144.147705,-245.460617,941.456726,61.08773,-249.962524,841.066223,121.197456,147.791245,1263.521118,67.341652,108.162895,1337.153809,-87.876694,252.00975,1217.197998,-41.019806,335.906097,1108.484253,-61.722301,260.534546,885.311584,-147.77153,175.584106,926.612427,-172.417267,244.694931,835.969849,-155.889313,-161.554688,953.205078,-9.154636,-88.643829,990.786316,172.104309,161.008942,1022.044067,73.273697,82.187973,977.000793,-123.49868
8.458,7.980303,1608.85144,14.836482,-35.050751,1587.770752,-83.050087,66.799973,1537.659912,-40.380611,22.470394,1362.699219,90.186531,10.80618,1181.467896,168.182449,102.264389,1182.275391,118.632507,-52.656986,1222.676636,-106.766556,-72.347374,1262.561646,192.80513,-181.011826,1331.743652,77.968307,-149.632736,1176.794067,242.331238,-203.397324,1094.6604,302.607513,-267.291504,898.185059,149.397354,-242.665848,945.090637,66.180832,-247.048645,844.123169,125.56958,149.706543,1265.983032,63.001087,105.101028,1340.864014,-90.405693,250.494034,1221.039429,-48.535355,334.129211,1112.882935,-72.235725,256.435394,889.058105,-154.802628,170.858734,930.121704,-176.844238,240.261627,839.378174,-162.241821,-161.746552,955.779846,-6.38257,-84.562378,992.950317,173.151779,163.045883,1024.106323,68.104378,78.489487,979.167358,-126.671631
8.467,6.030454,1612.775513,18.937794,-39.910622,1592.498901,-77.845047,63.909187,1543.016968,-39.060696,25.141281,1365.968262,90.429878,15.835995,1184.100464,167.63855,105.86055,1185.39563,115.277687,-56.242889,1226.776123,-105.497032,-66.434265,1265.054932,195.114914,-178.710617,1335.008667,84.191429,-141.735275,1178.93103,246.396286,-193.763107,1096.320801,307.869751,-262.859039,902.18457,154.245636,-239.731903,949.724731,70.789253,-243.865051,848.314941,129.674377,151.449509,1269.573975,58.304325,102.074783,1345.384888,-92.907837,249.16153,1226.079346,-55.97266,331.988525,1118.106689,-82.592972,252.279785,893.688843,-161.71077,166.037201,934.752563,-181.417313,235.589767,843.707764,-168.523941,-162.072678,959.55127,-3.652506,-80.111969,996.228943,174.157669,164.817078,1026.944336,62.712498,74.589546,982.356689,-129.289276
8.475,4.307356,1617.610596,23.075054,-44.861317,1598.119873,-72.38002,60.710228,1549.328613,-38.06176,27.946041,1370.031738,90.491631,20.944025,1187.657471,166.677658,109.294586,1189.525024,111.550179,-59.010193,1232.127563,-103.845398,-60.433636,1268.454956,197.06134,-176.190231,1339.139282,90.13945,-133.806915,1182.053101,250.139893,-183.783798,1099.047363,312.852905,-258.446228,907.126648,158.84108,-236.413589,955.404114,75.583763,-240.624359,853.496521,133.702667,153.014038,1274.088989,53.465549,98.831764,1350.943359,-95.633018,247.334976,1231.954102,-63.642368,329.575165,1124.125366,-92.552109,247.978104,899.399841,-168.329193,161.2453,940.187134,-185.635849,230.980621,848.88678,-174.517929,-162.391678,964.642456,-0.804043,-75.302742,1000.388733,175.006958,166.559738,1030.924927,57.198307,70.645683,986.815491,-131.896194
8.483,2.627617,1623.150757,27.181416,-50.081772,1604.619751,-66.616112,57.410568,1556.54541,-37.206135,30.548323,1375.045654,90.283241,25.960493,1192.238892,165.398026,112.617615,1194.572144,107.527443,-61.926041,1238.412109,-102.415421,-54.39975,1272.801147,198.794495,-173.436356,1344.107544,95.914032,-125.816093,1186.317383,253.57196,-173.804108,1102.682739,317.407745,-253.621521,912.92926,163.324783,-232.799423,961.753967,79.918015,-237.396439,859.848022,137.725571,154.584457,1279.679932,48.583961,95.672768,1357.38147,-98.426224,245.468369,1238.727417,-71.203255,326.946747,1131.232666,-102.405266,243.560959,905.979004,-174.695892,156.223389,946.398804,-189.533493,226.210114,854.92334,-180.393173,-162.688309,970.886108,2.070296,-70.545403,1005.304443,175.454865,168.16835,1035.722534,51.392971,66.864113,992.426575,-134.453445
8.492,1.019985,1629.584106,31.232122,-55.432541,1611.83374,-60.530197,53.857071,1564.754761,-36.806393,33.458664,1380.908569,89.711884,31.091787,1197.741821,163.916641,115.945435,1200.489502,103.327057,-64.97184,1245.800659,-100.852898,-48.204594,1277.985596,200.189346,-170.406845,1350.046265,101.613052,-117.817482,1191.327759,256.824768,-163.472824,1107.313354,321.639648,-248.901047,919.657349,167.618637,-228.904114,968.813538,83.691933,-233.944931,866.794922,141.546661,156.152634,1286.28418,43.583752,92.49939,1364.669434,-101.081566,243.568878,1246.430542,-78.798096,324.223663,1138.994385,-112.131226,239.018494,913.262817,-180.839386,151.406967,953.550964,-193.264893,221.550415,861.758423,-185.8125,-163.067352,978.157349,4.814541,-65.493835,1011.309875,175.940002,169.657349,1041.56665,45.504105,62.86797,998.829651,-137.026108
8.5,-0.372881,1636.681519,35.196838,-60.840622,1619.713013,-54.104401,50.103844,1573.70874,-35.968525,36.400558,1387.680298,89.487244,36.247448,1203.889282,162.028137,119.222664,1207.508667,99.015358,-68.126884,1253.971802,-99.362572,-41.976704,1284.006958,201.332657,-167.079666,1356.665039,107.038567,-109.700211,1197.295776,259.660522,-153.510162,1112.468628,324.643127,-244.278229,927.190002,171.871841,-225.844269,976.817017,88.500961,-230.672623,874.65271,145.327896,157.476028,1293.643188,38.536766,89.402733,1372.764648,-103.776558,241.485748,1254.889648,-86.245567,321.299805,1147.537476,-121.335701,234.602509,921.398865,-186.560562,146.432159,961.434265,-196.777405,216.738785,869.486267,-191.10466,-163.490845,986.467651,7.676465,-60.792217,1018.166687,176.152512,171.066956,1048.236084,39.47221,58.871063,1006.031738,-139.684662
8.508,-1.781208,1644.552979,39.200878,-66.167862,1628.078613,-47.354,46.064381,1583.488892,-35.423698,39.246861,1395.209106,88.949379,41.493259,1211.022949,160.043472,122.439743,1215.062988,94.614532,-71.223396,1263.016357,-97.731331,-35.57568,1290.834351,202.26828,-163.488098,1363.988525,112.262718,-101.788193,1203.987305,262.270935,-143.404297,1118.763184,328.04657,-239.585007,935.609558,176.263489,-222.515793,985.587097,92.808502,-227.378494,883.332092,149.207901,158.820786,1301.875732,33.477161,86.3899,1381.563721,-106.354935,239.325958,1264.125488,-93.633751,317.899292,1156.693481,-130.923386,230.12384,930.22229,-192.049271,141.489883,969.970215,-199.872177,211.907379,877.781799,-196.03244,-163.81572,995.562073,10.40216,-55.772095,1026.144287,176.353455,172.277466,1055.738037,33.137886,54.936306,1013.875,-142.143692
8.517,-2.915645,1652.954956,43.201874,-71.517326,1637.05249,-40.309685,41.769566,1593.967896,-34.895283,42.265865,1403.447266,88.34037,46.656349,1218.778564,157.682556,125.856979,1223.428345,90.25621,-74.187439,1272.710815,-96.05397,-28.842747,1298.50354,202.702545,-159.83847,1372.09021,117.825302,-93.620163,1211.529419,264.57135,-133.209457,1125.741211,331.093231,-234.814697,944.714539,180.382996,-219.287888,995.107117,96.964684,-224.033905,892.511169,152.425079,160.00589,1310.745239,28.357519,83.272316,1390.972656,-108.953171,236.954651,1274.028076,-100.927261,314.633118,1166.696533,-140.19809,225.218307,939.629578,-197.191864,136.564728,979.147766,-202.796371,207.018585,886.530762,-200.719238,-163.007217,1005.088318,13.775065,-50.837029,1034.897827,176.298492,172.871704,1063.73877,25.9105,50.872501,1022.696594,-144.828995
8.525,-4.078362,1661.954346,47.115162,-76.874718,1646.362183,-32.924953,37.310211,1605.104858,-34.185104,45.065277,1412.289185,86.620781,51.833332,1227.319458,155.297134,128.82341,1232.380127,85.481438,-77.120018,1283.204712,-94.206329,-22.123966,1306.778076,202.904968,-155.734436,1380.538818,121.790581,-85.428223,1219.635498,266.571533,-123.072227,1133.531006,333.684723,-230.282196,954.487305,184.426651,-215.938522,1005.202271,100.983391,-220.800415,902.93512,156.985657,161.12529,1320.183105,23.288269,80.270668,1401.047729,-111.464172,234.529297,1284.623291,-108.116241,311.059387,1177.185669,-149.131439,220.511063,949.55719,-202.017532,131.710144,988.892273,-205.287628,202.101852,896.013916,-205.12851,-162.767166,1015.375488,16.895046,-46.04821,1044.433716,176.187592,173.580017,1072.5448,19.216183,46.857773,1032.023071,-147.325058
8.533,-5.466038,1671.362305,50.842342,-81.874268,1656.042969,-25.400614,32.689011,1616.808105,-33.588577,48.009209,1421.868652,85.114044,56.769421,1236.401123,152.633194,131.745361,1241.95105,80.775818,-79.890221,1294.124878,-92.289337,-15.40716,1315.751099,202.793503,-151.569305,1389.820923,126.861183,-77.317329,1228.325928,268.184448,-112.937859,1141.872559,336.024536,-225.878586,964.993408,188.492386,-212.519211,1015.890381,104.921791,-217.396332,913.50177,160.76413,162.002914,1330.111206,18.255869,77.336868,1411.549316,-113.928391,232.124649,1295.661987,-115.099953,307.418488,1188.033691,-157.735962,215.953842,960.16687,-206.639587,126.912209,999.074463,-207.440796,197.375183,905.926392,-209.05014,-162.449738,1026.20874,20.091129,-41.005527,1054.862549,176.059067,174.660751,1081.880371,12.417624,42.833305,1041.857544,-149.728058
8.542,-6.504776,1681.083984,54.614826,-86.802841,1665.702271,-17.70159,27.919518,1628.83606,-32.806534,50.691509,1431.800903,83.461266,61.651096,1245.931396,149.841278,134.498276,1252.084839,75.904968,-82.421623,1305.55896,-90.432533,-8.715727,1325.189331,202.62825,-147.450958,1399.459595,131.540512,-69.005882,1237.53125,269.380768,-102.897217,1150.803223,337.867188,-221.37413,975.999207,192.318481,-209.066711,1026.994263,108.804031,-213.959183,924.403809,164.002075,162.735703,1340.530029,13.053391,74.415604,1422.390503,-116.279518,229.579071,1307.15918,-122.068077,303.744141,1199.327271,-166.327179,211.239182,970.938416,-210.703445,122.286636,1009.773376,-209.633438,192.504761,916.254578,-212.863358,-161.915771,1037.370605,23.291586,-36.210705,1065.637573,175.798416,174.880035,1091.548706,5.871078,38.616417,1052.527222,-152.507278
8.55,-7.547869,1690.945923,58.236813,-91.359818,1675.443604,-10.09865,23.034981,1640.948486,-31.775181,53.45499,1442.081055,81.529709,66.538536,1256.009644,146.981186,137.058578,1262.554321,71.296265,-84.757217,1317.242554,-88.526894,-2.210797,1335.045166,202.334412,-143.142792,1409.57373,134.793442,-60.756321,1247.154175,270.214447,-92.865585,1160.202759,339.251129,-216.885162,987.386475,196.192352,-206.200272,1038.613159,112.239182,-210.807495,936.295776,168.973663,163.416946,1351.319092,7.98054,71.54171,1433.488037,-118.569244,227.00592,1319.083618,-128.797806,299.750366,1210.780029,-174.397964,206.421875,982.085205,-214.512085,117.841492,1021.003357,-211.748444,187.761749,926.978821,-216.5923,-161.301376,1048.979614,26.388193,-31.513113,1076.729126,175.438354,175.036682,1101.627441,-0.479058,34.429832,1063.602539,-154.822815
8.558,-8.538542,1700.758301,61.731182,-95.47464,1684.861938,-2.548144,18.07937,1652.939575,-30.654156,55.940819,1452.526733,79.579308,70.926071,1266.376709,144.148544,139.430359,1273.36145,66.494469,-87.000786,1329.223877,-86.555626,3.886496,1345.195557,200.940491,-138.818008,1419.876587,138.271805,-52.76672,1257.291626,270.715363,-82.87529,1169.932983,340.202118,-212.247345,999.08905,200.064545,-202.252319,1050.129028,116.203468,-207.266312,948.1474,172.575729,163.942947,1362.272095,2.973495,68.652847,1444.729492,-120.735947,224.302505,1331.121948,-135.344986,295.833069,1222.405151,-182.325241,201.881332,993.537964,-218.631775,113.080086,1032.264771,-213.24147,182.942902,937.740051,-220.023514,-160.851746,1060.971558,29.625832,-26.621962,1088.217285,175.190475,175.00798,1111.870361,-6.553975,30.276424,1074.907837,-156.895889
8.567,-9.470308,1710.427979,65.045853,-99.370834,1693.948486,5.076651,12.920524,1664.681519,-29.204662,58.143024,1463.026001,77.708084,75.429291,1276.782104,141.173386,141.575912,1284.238159,61.892021,-89.045876,1341.279053,-84.566101,10.004844,1355.54248,199.937729,-134.486801,1430.334839,141.452423,-45.004688,1267.500854,270.74884,-73.108887,1179.925293,340.801971,-207.608017,1010.951172,203.778061,-198.727509,1061.706299,119.583916,-203.827988,960.033508,176.068283,164.208755,1373.349121,-1.956932,65.715599,1455.958374,-122.834648,221.501678,1343.345703,-141.792755,291.67746,1233.876465,-189.722458,197.111801,1004.802795,-222.510971,108.661087,1043.53186,-214.639008,177.94249,948.500671,-223.673843,-159.524002,1072.717773,33.025944,-22.024618,1099.480591,175.043991,174.836761,1122.177734,-12.386969,26.260201,1086.501953,-158.678665
8.575,-10.490162,1719.817749,68.141502,-102.821793,1702.172485,12.671653,7.995494,1676.118042,-27.848152,60.392849,1473.393677,75.470726,79.374733,1287.210938,138.386856,143.387054,1295.112183,57.259991,-90.703873,1353.234253,-82.60025,16.107069,1365.934082,198.945847,-130.014374,1440.721313,144.338928,-37.462402,1278.018677,270.640045,-63.651337,1189.977661,341.078674,-202.987686,1022.625305,207.400955,-195.159332,1073.147217,122.824295,-200.226562,971.74939,179.909576,164.422928,1384.239502,-6.714259,62.778622,1467.000122,-124.749992,218.546967,1355.465698,-148.171906,287.495331,1245.332397,-196.913712,192.43486,1016.062744,-226.163574,104.327766,1054.785034,-216.088669,173.096313,959.203796,-227.148636,-158.320038,1084.745728,36.563881,-17.287979,1110.915649,174.874054,174.513474,1132.450439,-17.94381,22.200146,1098.085327,-160.175949
8.583,-11.203762,1728.766357,71.273788,-106.003746,1710.054565,20.45377,2.924282,1687.059204,-26.501673,62.552818,1483.518188,73.429832,83.675148,1297.58667,135.794403,145.018997,1305.805542,52.94038,-92.345169,1365.08728,-80.750389,21.789639,1376.143311,197.633728,-125.564766,1450.909058,146.870544,-30.336893,1288.432739,270.365967,-54.637829,1200.11792,341.104828,-198.389816,1034.080322,210.739273,-191.400406,1084.169434,125.966248,-196.489136,983.176453,183.629517,164.313965,1394.981567,-11.312857,59.95076,1477.731812,-126.560944,215.32811,1367.043335,-154.06131,283.266449,1256.463623,-203.725677,187.524475,1027.035645,-229.847,100.115349,1065.745972,-217.469055,168.074081,969.649597,-230.49118,-156.937851,1096.546875,40.039864,-12.64984,1121.755615,174.79657,174.348923,1142.584229,-22.920774,18.198364,1109.554321,-161.379959
8.592,-11.913194,1737.37854,74.90731,-108.795624,1717.346069,27.722033,-1.936281,1697.329346,-24.952602,64.484009,1493.43042,71.226723,87.268669,1307.49707,133.102402,146.506454,1316.330322,48.694866,-93.562981,1376.556396,-78.847946,27.241407,1386.076294,196.468567,-120.854713,1460.973267,149.375732,-23.51787,1298.802002,270.01474,-45.882114,1210.036865,341.029938,-193.799179,1045.114746,214.140747,-188.285919,1095.289551,128.822906,-192.670303,994.18042,187.285477,163.946213,1405.147095,-15.78647,57.159481,1488.028687,-128.188538,212.223236,1378.395874,-159.777908,278.852661,1267.102661,-210.156769,182.721252,1037.633789,-233.308563,95.851562,1076.47522,-219.037674,163.029984,979.709412,-233.703827,-155.511444,1108.128052,43.693169,-7.930372,1132.534546,174.839081,173.624496,1152.382202,-27.993679,14.243482,1120.709717,-162.318314
8.6,-12.875366,1744.807251,75.947197,-111.16629,1723.791992,34.768051,-6.758164,1706.758911,-23.450005,66.388573,1502.771851,68.835175,90.638557,1317.160156,131.057388,147.837143,1326.408325,44.704842,-94.908279,1387.830322,-76.911324,32.446152,1395.626343,195.18718,-116.352898,1470.529053,151.476044,-17.24357,1308.836914,269.653717,-37.829502,1219.754761,340.965088,-189.181732,1055.650513,217.262314,-184.440262,1105.514526,131.686356,-188.802948,1004.677063,190.736618,163.519028,1415.057007,-20.04454,54.546535,1497.84082,-129.866241,208.796005,1389.189941,-165.47113,274.359772,1277.312622,-216.26059,177.768021,1047.728516,-236.5327,92.237015,1085.578003,-218.993912,157.966461,989.428711,-236.624283,-154.061646,1119.339111,47.476784,-3.125385,1142.757202,174.921371,172.870605,1161.897217,-32.706715,10.495533,1131.540894,-163.07933
8.608,-13.315817,1751.666626,78.602249,-113.131119,1729.259033,41.677471,-11.474357,1715.176147,-21.951103,68.062294,1511.523071,66.586075,93.686615,1326.212524,127.80954,148.686493,1335.986694,40.636673,-96.083801,1398.497681,-75.102913,37.428036,1404.662598,193.987335,-111.867325,1479.463013,153.37352,-11.102262,1318.479492,269.540344,-30.092855,1228.998047,340.949982,-184.423615,1065.390747,220.397003,-180.277084,1114.830688,134.38269,-184.961395,1014.397522,194.334473,163.203812,1424.411865,-24.208208,51.742271,1506.879395,-131.225861,205.418579,1399.186523,-170.501465,269.870178,1286.824097,-222.261719,172.74678,1057.149414,-239.78685,87.737106,1095.404053,-221.227448,152.852219,998.544006,-239.533127,-152.60936,1129.945435,51.402058,1.710463,1152.35022,175.050034,172.144318,1170.984131,-37.117661,6.812926,1142.020142,-163.792679
8.617,-13.911427,1758.138184,80.91494,-114.73349,1734.010986,47.931877,-15.913451,1722.588379,-20.591988,69.566605,1519.631836,64.415253,96.920975,1334.799927,125.650925,149.873886,1345.017334,37.085136,-97.418404,1408.636475,-73.296478,42.067791,1413.109619,192.791046,-107.591927,1487.763672,155.161942,-5.334587,1327.552856,269.285736,-22.949783,1237.808472,341.014862,-179.712891,1074.570312,223.451889,-176.038284,1123.456299,137.317825,-180.907516,1023.399841,197.420227,162.714859,1433.107422,-28.200052,49.159359,1515.186157,-132.666855,201.654114,1408.281372,-175.581833,265.554779,1295.649292,-227.972305,167.819595,1065.953735,-242.854446,83.38382,1104.392822,-223.306854,147.666779,1007.001526,-242.37854,-151.152557,1139.921143,55.472366,6.664257,1161.369995,175.424957,171.504303,1179.54541,-41.221992,3.253668,1152.200195,-164.516907
8.625,-14.150647,1763.68457,82.773018,-116.101135,1738.271362,53.241047,-20.070133,1729.030762,-19.203064,71.191292,1527.202759,62.149799,99.805519,1342.763428,123.63829,150.849792,1353.098755,33.795971,-98.390083,1418.369141,-71.576599,46.537388,1420.892944,191.452911,-103.334709,1495.38501,156.79422,0.29693,1335.956665,269.621307,-16.077021,1245.922974,341.112274,-175.202713,1082.916138,226.408722,-171.95163,1131.352295,140.1008,-176.813553,1031.559937,200.492798,162.220947,1440.893311,-31.986471,46.509987,1522.580811,-134.066132,197.984268,1416.319336,-180.239304,261.160004,1303.501587,-233.221451,162.799057,1073.992188,-245.878052,79.007027,1112.589233,-225.386475,142.572296,1014.777405,-245.28569,-149.81311,1149.160767,59.729401,11.761501,1169.829102,175.437592,170.763016,1187.478027,-45.18486,-0.617375,1161.41687,-163.450638
8.633,-14.616611,1768.580933,83.742386,-117.151237,1741.788818,59.038933,-24.072533,1734.490601,-17.966724,72.625366,1533.915894,59.863319,102.52523,1349.625488,121.702774,152.029495,1359.859863,30.699402,-99.422119,1427.847046,-70.133804,50.699577,1427.770508,190.299805,-99.184967,1502.118408,158.290955,5.465583,1343.382446,269.747772,-9.569363,1253.454102,341.626312,-170.740616,1090.22937,229.419083,-168.065948,1138.357056,142.78508,-172.81134,1038.865234,203.578339,161.449738,1447.710693,-35.563972,43.856796,1529.03479,-135.490768,194.111816,1423.497803,-184.752609,256.695374,1310.449829,-238.39447,157.868332,1081.067383,-248.853149,74.577293,1119.928223,-227.492783,137.128693,1021.434814,-247.754684,-148.523315,1157.562622,63.854977,16.373327,1177.572266,175.432083,170.057846,1194.750732,-48.868763,-4.253909,1170.336548,-163.712006
8.642,-14.843017,1772.541138,84.280434,-117.914429,1744.736084,64.240372,-27.817799,1739.129395,-16.86071,74.110352,1539.818481,57.64817,105.284691,1355.533447,119.841858,152.877182,1365.723389,27.672598,-100.076149,1436.584229,-68.602669,54.741772,1433.722778,189.270721,-95.149597,1508.049805,159.946289,10.42686,1349.761597,269.806,-3.713126,1259.859863,342.174866,-166.060013,1096.706909,232.446365,-164.310471,1144.555054,145.631912,-168.751297,1045.174194,206.603058,160.632217,1453.356567,-38.944496,41.296963,1534.606689,-136.705994,190.404022,1429.505981,-188.843735,252.45253,1316.383301,-243.147247,152.734711,1087.089844,-251.979919,70.063843,1126.469116,-229.764633,131.907471,1027.510254,-250.306808,-147.404327,1164.901001,67.971703,20.269501,1184.368652,175.08699,169.344391,1201.2052,-52.323334,-7.916363,1178.478394,-163.944641
8.65,-14.947034,1776.276367,85.219658,-118.309181,1747.23291,68.068871,-31.254959,1743.105591,-15.789265,75.309792,1544.732544,55.882469,107.630882,1360.505493,117.964882,153.596329,1370.706543,24.752033,-100.42131,1444.694458,-66.946754,58.553997,1438.702271,188.344315,-91.511909,1513.136841,161.741516,15.11805,1355.295166,270.11972,2.013869,1265.373901,342.739502,-161.774414,1101.96875,235.321365,-160.741898,1149.810181,148.507446,-164.727737,1050.706543,209.750961,159.881241,1458.159912,-42.362473,38.525265,1539.246582,-137.871231,186.683945,1434.359619,-192.629501,248.159546,1321.194946,-247.633652,147.838028,1092.233765,-254.858826,65.581963,1131.973022,-231.989212,126.545219,1032.509521,-252.809677,-146.248428,1171.401367,71.732307,24.533884,1190.460205,174.930817,168.698715,1206.875122,-55.644753,-11.616738,1185.734375,-164.031998
8.658,-15.081497,1779.348755,85.49015,-118.76564,1749.235352,72.35099,-34.626354,1746.437988,-14.878443,76.120804,1548.723022,53.969131,110.300674,1364.844727,116.209587,154.151596,1374.961914,21.768093,-100.547241,1452.265869,-65.640503,62.056187,1443.003784,187.301773,-88.32415,1517.489868,163.886963,19.573536,1359.953491,270.657776,7.600474,1270.042725,343.50415,-157.672501,1106.518188,238.146729,-157.549149,1154.181885,151.392548,-160.861176,1055.262085,212.630951,158.934174,1462.145874,-45.504406,35.79192,1542.94043,-139.091553,183.037064,1438.281982,-196.182999,244.133148,1325.025391,-251.826202,142.930832,1096.290771,-257.624207,61.041054,1136.685425,-234.273972,121.35302,1036.767212,-255.460434,-144.627213,1177.172119,75.970375,28.579784,1195.609131,174.690674,167.761337,1211.538086,-58.735298,-15.14329,1191.911377,-163.930908
8.667,-15.154484,1782.124878,85.897713,-118.915543,1750.941528,75.702919,-37.738701,1749.102295,-14.02694,76.745232,1551.924194,52.163918,112.512718,1368.322021,114.386108,154.556793,1378.269775,18.98,-100.765869,1459.158569,-64.330414,65.317528,1446.509888,186.15683,-85.449394,1520.805786,166.235291,24.043785,1363.583008,271.148468,12.751921,1273.626343,344.271149,-153.858948,1110.33606,241.023697,-154.426971,1157.685913,154.204132,-156.81076,1058.936035,215.752563,157.868988,1465.248047,-48.48317,33.356556,1546.0802,-140.569351,179.676025,1441.027954,-199.436325,239.932587,1327.74231,-255.588715,137.779892,1099.548584,-260.33847,56.260712,1140.302246,-236.506668,116.228928,1040.060425,-257.949219,-143.217239,1181.585205,79.80233,32.353481,1199.831055,174.456772,167.006866,1215.26123,-61.932983,-18.470585,1197.104248,-163.593994
8.675,-15.273193,1784.307007,85.672066,-119.229294,1752.379028,79.057129,-40.738094,1751.201416,-13.382337,77.223206,1554.44165,50.39341,114.556488,1370.91394,112.536087,154.977524,1380.750854,16.2243,-101.194427,1464.975952,-63.203484,68.646858,1449.316406,185.031509,-82.761024,1523.564575,168.45755,28.208305,1366.301514,271.60083,17.786932,1276.456299,345.091705,-149.841797,1113.019165,244.454788,-151.381393,1160.256592,157.047302,-153.168564,1061.475708,219.092468,156.847748,1467.604614,-51.390388,30.999653,1548.309814,-142.03421,176.628281,1443.082397,-203.160614,235.902405,1329.498169,-259.118011,132.709183,1101.794922,-262.966919,51.531528,1143.083374,-238.70195,110.78772,1042.565063,-260.354218,-141.62088,1185.020508,83.284607,36.032349,1203.141846,174.293594,166.185394,1218.060791,-64.85392,-21.871082,1201.19397,-163.095306
8.683,-15.429042,1785.963623,85.712982,-119.239471,1753.144775,81.562515,-43.466103,1752.576904,-12.94893,77.458107,1556.323853,49.060074,117.155785,1372.977051,110.814705,155.201187,1382.438721,13.640215,-101.741234,1469.614014,-62.237808,71.592819,1451.408813,183.827805,-80.150192,1525.292969,170.418762,32.206516,1368.073853,271.951111,22.886581,1278.404785,345.848206,-146.125122,1115.055298,247.157578,-148.618713,1161.911133,159.854538,-149.38063,1063.494995,221.972656,156.080475,1469.236816,-54.147579,28.80393,1549.713013,-143.381622,173.554428,1444.02002,-206.252411,231.890076,1330.138306,-262.259521,127.555412,1103.040771,-265.435638,46.700809,1144.842773,-240.614471,105.480995,1044.13623,-262.527618,-139.955887,1187.694946,86.579819,39.574928,1205.641846,174.041931,164.945251,1219.93457,-67.670166,-25.180317,1204.174927,-162.469833
8.692,-15.684128,1787.248291,84.835915,-119.322556,1753.669678,83.92028,-46.203724,1753.410034,-12.644069,77.422615,1557.544067,47.812397,118.962425,1374.150269,108.96563,155.597366,1383.424927,11.014269,-102.655388,1472.75415,-61.14275,74.528175,1452.720459,182.896576,-77.247055,1526.645264,172.413513,36.176933,1369.138306,272.309875,27.847054,1279.578613,346.509247,-142.383392,1116.098389,250.123535,-145.87735,1162.793457,162.507812,-145.805283,1064.475342,224.996002,155.329041,1470.099854,-56.886414,26.642027,1550.445801,-144.715683,170.719406,1443.980103,-208.935104,227.838745,1329.814575,-265.025269,122.400719,1103.561279,-267.809143,41.783031,1145.848633,-242.469742,100.050331,1044.807373,-264.637207,-137.776276,1189.10083,89.859703,43.147083,1207.290527,173.772522,163.668457,1221.40271,-70.611679,-28.598137,1206.074463,-161.78624
8.7,-16.070711,1788.081909,83.859802,-119.501045,1753.782349,86.103836,-48.826443,1753.577026,-12.55795,77.397636,1558.143555,46.327721,120.916145,1374.800293,107.058006,156.146713,1383.909668,8.436273,-103.740532,1474.587769,-60.105019,77.473763,1453.531982,181.844208,-74.579468,1527.014038,174.217087,39.975548,1369.218018,272.66687,32.599445,1279.914185,346.980408,-138.789536,1116.423096,252.770004,-143.190125,1162.820557,165.119598,-142.102753,1064.785156,227.969421,154.47673,1470.331909,-59.51424,24.706303,1550.562866,-145.935684,167.796387,1443.188599,-211.513,223.811737,1328.629639,-267.509155,117.032806,1103.065918,-270.112823,36.916679,1145.802368,-243.838409,94.499817,1044.680054,-266.795166,-135.758026,1189.770386,92.906837,46.584648,1208.248413,173.476395,162.551254,1222.010132,-73.418777,-31.864155,1206.743774,-160.787491
8.708,-16.477081,1788.353638,82.968735,-119.559128,1753.366333,87.755692,-51.191345,1753.007202,-12.724399,77.605125,1558.197754,45.040234,122.919571,1374.73645,105.266777,156.920715,1383.82251,6.020677,-104.925621,1475.062866,-58.709476,80.222939,1453.566528,180.883194,-71.940468,1526.739868,175.953705,43.905472,1368.644409,272.978302,37.564995,1279.446411,347.156799,-135.051712,1115.984863,255.562607,-140.465637,1162.040283,167.749191,-138.240112,1064.393311,230.988556,154.213089,1470.265991,-62.253063,22.780891,1550.098755,-147.200165,164.740982,1441.697754,-213.865662,219.71257,1326.657227,-269.603668,111.486649,1101.842651,-272.307007,31.659756,1144.940186,-245.12027,88.731018,1043.782227,-268.901489,-133.72847,1189.723511,95.872772,50.047222,1208.53125,173.041977,161.561401,1221.744751,-76.186028,-35.088665,1206.540527,-159.575256
8.717,-16.999998,1788.069336,81.322571,-119.454788,1752.38623,88.470848,-53.57732,1751.837158,-13.088429,78.128838,1557.627197,43.665272,124.86248,1374.234985,103.54229,156.563995,1382.738037,3.543036,-106.279533,1473.978149,-57.210232,82.938988,1453.00708,179.743652,-69.339828,1525.911621,177.599533,47.829334,1367.435913,272.837555,42.353844,1278.386597,347.289459,-131.425446,1114.862183,258.1297,-138.077744,1160.576172,170.213486,-134.516678,1063.156494,233.934067,153.423553,1469.289917,-64.69632,20.712296,1548.710571,-148.047852,161.733521,1439.56543,-215.984085,215.504196,1323.808105,-271.486664,105.901154,1099.855103,-274.392151,26.716505,1143.27478,-245.839844,82.847061,1042.010742,-270.864807,-131.317566,1188.619751,98.843414,53.573673,1208.101929,172.497253,160.146713,1220.881958,-78.80706,-38.09391,1205.265381,-158.145416
8.725,-17.52284,1787.352539,79.73362,-119.626884,1750.790649,89.222252,-56.064621,1750.114746,-13.075557,78.750443,1556.295654,42.12701,126.751793,1372.872803,101.652901,156.523727,1381.049927,1.013881,-107.467957,1471.637085,-55.837292,85.683273,1451.91687,178.707214,-66.786385,1524.303101,179.121704,51.482254,1365.713867,272.704956,47.325699,1276.589966,347.079803,-127.836365,1113.005981,260.81665,-135.769943,1158.234009,172.641968,-130.890289,1061.160278,236.522354,152.428955,1467.579468,-67.192986,18.544355,1546.802246,-148.795731,158.615387,1436.637939,-217.895615,211.199997,1320.265137,-273.00885,100.340157,1097.181396,-276.402588,21.475502,1140.921997,-246.471573,76.684975,1039.502075,-272.785553,-128.890686,1186.60498,101.530273,56.196117,1206.225098,171.249832,158.896515,1219.235718,-81.377281,-40.925968,1203.079346,-156.653992
8.733,-18.509647,1785.873169,77.574715,-119.807716,1748.782593,89.5504,-58.137192,1747.324951,-13.956663,79.32019,1554.390991,41.015091,128.83345,1371.096069,99.822975,156.850327,1378.963989,-1.481853,-108.385353,1468.045044,-54.097054,88.336517,1450.03772,177.646194,-64.183052,1522.200073,180.268463,55.123695,1363.365601,272.574371,52.241978,1274.286133,346.526733,-124.328773,1110.53125,263.407928,-133.63205,1155.292725,174.771851,-126.98716,1058.364014,239.306961,151.424911,1465.163208,-69.574364,16.375433,1544.025146,-149.225677,155.481491,1433.210938,-219.790375,208.195908,1316.721436,-274.00238,94.159317,1093.23877,-277.563843,16.303974,1137.625244,-246.703339,70.538284,1036.208984,-274.361511,-126.386955,1183.731567,104.248779,60.012878,1204.532227,170.65976,157.778046,1216.932251,-83.870735,-43.524818,1199.964966,-155.003174
8.742,-19.238173,1784.056641,75.606483,-120.223495,1746.1073,89.872429,-60.263287,1744.047119,-15.038437,79.896362,1551.765747,39.702332,130.688095,1368.672485,98.006081,156.980347,1376.13147,-4.011383,-108.786385,1463.49353,-52.36853,91.038033,1447.741211,176.464417,-61.625027,1519.402588,181.200562,58.941273,1360.571411,272.206482,57.058739,1271.418945,346.025208,-120.188988,1107.071167,266.068695,-130.254868,1151.526611,177.520813,-123.129951,1054.756714,241.716873,150.650681,1462.110229,-71.920738,13.992411,1540.107056,-149.114944,152.082138,1429.253174,-221.492523,211.16304,1315.950317,-272.976898,88.073364,1088.878296,-278.755737,10.875038,1133.617798,-246.697632,64.284683,1032.097046,-275.704437,-123.656662,1179.938599,106.890739,63.67498,1201.847656,169.841431,156.673309,1213.83728,-86.314995,-45.896233,1196.161377,-153.342209
8.75,-20.106503,1781.386841,73.551514,-120.626442,1742.892578,89.424171,-62.206181,1740.004272,-16.357819,80.292351,1548.538452,38.519409,132.468735,1365.553345,96.028587,157.21434,1372.665283,-6.405108,-109.143723,1457.71521,-49.861771,93.576614,1444.677856,175.246704,-59.188564,1515.908325,181.931595,62.70282,1357.217651,271.718719,61.717335,1267.893433,345.198486,-116.396103,1102.935059,267.97403,-127.195717,1146.732666,179.580994,-119.211327,1050.338379,244.085205,149.672699,1458.28125,-74.05365,11.680688,1535.712524,-149.228912,148.931732,1424.042358,-222.752838,197.852966,1304.82251,-276.961853,82.02076,1083.823975,-279.670837,5.198751,1129.089233,-246.65004,57.786217,1027.320679,-276.844635,-121.039101,1175.515503,109.560715,67.328224,1198.391846,169.057068,155.530487,1210.161255,-88.630669,-48.085358,1191.751709,-151.54631
8.758,-21.283504,1778.112183,70.749489,-121.224564,1739.015625,88.266891,-64.105499,1735.13147,-17.745657,80.8564,1544.500244,37.198357,134.127396,1361.794434,94.252762,157.418182,1368.536865,-8.794532,-109.970711,1451.286621,-48.15556,96.150795,1441.067505,174.044678,-56.906925,1511.741211,182.304596,66.453026,1353.303833,271.147095,66.457085,1263.566162,344.192047,-112.069794,1097.924438,270.106079,-123.979195,1141.137329,181.358231,-115.218857,1045.186768,246.117081,148.704559,1453.818359,-76.558006,9.334615,1530.64856,-149.316757,145.661911,1418.473755,-224.52388,193.332031,1298.112671,-278.032684,75.539146,1077.847412,-280.251984,-0.017792,1123.576416,-245.886307,51.268089,1021.780396,-277.52182,-118.407776,1170.471191,112.247978,70.980309,1194.199097,168.252914,154.399643,1205.761963,-90.918037,-50.213406,1186.902954,-149.65274
8.767,-22.308441,1774.241455,67.657043,-121.873695,1734.563354,87.002457,-65.867775,1729.500366,-19.341503,81.300156,1539.888916,35.797928,135.968521,1357.383423,92.37899,157.628891,1363.596436,-11.07384,-110.972214,1444.159424,-46.294003,98.713875,1436.787231,172.792603,-54.569176,1507.018921,182.699646,70.136513,1348.752197,270.548859,71.167198,1258.893799,343.140594,-107.905655,1092.099487,271.777313,-120.743507,1134.973022,183.069168,-111.231277,1039.081665,247.80925,147.807785,1448.752808,-78.970284,7.044561,1524.870605,-149.54158,142.467529,1412.070068,-226.36499,188.781052,1290.626465,-279.108032,69.38665,1071.370728,-280.61853,-5.404716,1117.456909,-245.041412,44.756454,1015.622986,-277.914642,-115.848885,1164.883911,115.034363,74.743134,1189.304199,167.424057,153.230637,1200.777588,-93.06958,-52.278599,1181.590454,-147.658829
8.775,-23.630646,1769.594727,64.322914,-122.410042,1729.422119,85.328659,-67.647369,1723.297607,-21.407587,81.939491,1534.685547,34.27422,137.59787,1352.280151,90.496811,157.691025,1358.006836,-13.253128,-112.224228,1436.315918,-44.317951,101.184753,1431.889771,171.479691,-52.19585,1501.552246,182.962387,73.823105,1343.612549,269.795685,75.901878,1253.383789,341.954071,-103.435211,1085.715454,273.298065,-117.490631,1128.215332,184.556015,-106.958015,1032.299927,249.568604,146.835754,1442.748901,-81.271835,4.790302,1518.360596,-149.811981,139.135727,1404.939941,-228.140656,184.368835,1282.418213,-280.278168,63.005863,1064.168823,-280.714935,-10.898849,1110.721191,-244.076508,38.136635,1008.871338,-278.085663,-113.318695,1158.520996,117.832069,78.366905,1183.723511,166.669785,152.033966,1195.02478,-95.224144,-54.390854,1175.69812,-145.658081
8.783,-24.829058,1764.268188,61.313725,-123.042183,1723.644043,83.723213,-69.372223,1716.198853,-23.657505,82.550949,1528.621338,32.694534,139.374832,1346.432495,88.750771,157.845383,1351.61377,-15.423165,-113.516777,1427.846069,-42.350655,103.730995,1426.323975,170.09726,-49.823166,1495.460205,183.188339,77.730408,1337.874756,269.048309,80.557014,1247.235596,340.877594,-99.006798,1078.64209,274.611328,-114.04509,1120.731201,185.897812,-102.775665,1025.235596,251.295059,145.880798,1436.130615,-83.570686,2.613917,1511.161865,-150.202606,135.837738,1397.029663,-230.068451,179.860718,1273.494629,-281.401245,56.623528,1056.180908,-280.618652,-16.333529,1103.353638,-242.964584,31.507059,1001.589905,-278.013977,-110.624542,1151.454224,120.706741,82.107269,1177.418457,165.826691,150.706299,1188.617676,-97.19503,-56.169064,1168.712891,-143.82402
8.792,-26.187538,1758.256714,57.758102,-123.756546,1717.154785,81.844307,-70.964386,1708.390503,-25.912819,83.121956,1521.892822,31.139771,140.953171,1339.951172,86.943687,157.927063,1344.614868,-17.560528,-114.887985,1418.751465,-40.25296,106.276047,1419.989746,168.758392,-47.350281,1488.712646,183.3013,81.631783,1331.306641,268.223297,85.327576,1240.465698,339.660736,-94.60228,1071.012695,275.95932,-110.353989,1112.522461,187.047684,-98.348434,1017.518616,252.922089,144.697739,1428.734619,-85.924202,0.486256,1503.2854,-150.74118,132.461212,1388.266235,-231.974014,175.491791,1263.961548,-282.48938,50.240223,1047.871704,-280.372925,-21.839699,1095.602173,-241.448624,24.899881,993.734253,-277.72937,-107.91011,1143.608643,123.629616,85.688972,1170.207764,164.874893,149.417175,1181.463867,-99.102692,-57.925514,1160.705078,-142.146332
8.8,-27.489075,1751.550659,54.098801,-124.523048,1710.06604,79.593849,-72.408768,1699.738403,-28.409393,83.838287,1514.451172,29.442896,142.6138,1332.702515,85.122009,158.015594,1336.937012,-19.632505,-115.972214,1408.751221,-38.10096,108.804794,1413.045898,167.391205,-44.876381,1481.268188,183.437271,85.424156,1323.958374,267.379364,90.089561,1233.009644,338.54361,-90.063187,1062.787476,277.209808,-106.716583,1103.80127,188.176788,-93.623688,1009.227844,254.524139,143.696213,1420.787476,-88.261642,-1.526516,1494.872559,-151.31105,128.846802,1378.88623,-233.98645,171.104797,1253.636841,-283.606171,43.78957,1038.714844,-280.043396,-27.161922,1087.001221,-239.97876,18.318209,985.146362,-277.225433,-105.132095,1134.914185,126.406822,89.232712,1162.36438,163.95314,147.98288,1173.647095,-100.99086,-59.973557,1152.066162,-140.652664
